interaction_id,user_id,campaign_id,interaction_date,interaction_type,converted
INT-0000001,737,CMP-0022,15/10/2025, Email Open , No 
INT-0000002,1196,CMP-0011,14 Dec 2025, Trial Signup , No
INT-0000003,120,CMP-0011,09/29/2025,IMPRESSION, No
INT-0000004,755,CMP-0010,02/07/2025,email open,no
INT-0000005,1252,CMP-0009,"Mar 02, 2025", Trial Signup,No 
INT-0000006,633,CMP-0026,"Oct 13, 2025",EMAIL OPEN,No 
INT-0000007,1039,CMP-0009,07-09-2025,Demo Request ,No 
INT-0000008,129,CMP-0026,"Jan 06, 2025",Click ,no
INT-0000009,946,CMP-0012,2025-07-26,Email Open,no
INT-0000010,807,CMP-0025,"May 06, 2025",impression,no
INT-0000011,256,CMP-0009,05-02-2025, Demo Request , No 
INT-0000012,434,CMP-0023,07-04-2025,website visit, Yes
INT-0000013,1418,CMP-0028,18 Sep 2025, Demo Request,No
INT-0000014,846,CMP-0019,11/09/2025,Demo Request , No 
INT-0000015,155,CMP-0025,07/30/2025,Email Open , No 
INT-0000016,465,CMP-0029,16-05-2025,Impression,no
INT-0000017,1455,CMP-0009,06/08/2025,click,no
INT-0000018,41,CMP-0016,07-01-2025,trial signup, No
INT-0000019,1186,CMP-0002,"Nov 08, 2025", Click ,No 
INT-0000020,68,CMP-0013,"Nov 04, 2025", Impression,YES
INT-0000021,145,CMP-0017,06/02/2025, Website Visit ,yes
INT-0000022,822,CMP-0002,2025-05-28, Click, Yes 
INT-0000023,1346,CMP-0016,24/07/2025, Email Open, No 
INT-0000024,361,CMP-0006,08/30/2025,Impression,yes
INT-0000025,444,CMP-0019,10/19/2025, Website Visit , Yes 
INT-0000026,1122,CMP-0023,09 May 2025, Impression ,no
INT-0000027,301,CMP-0011,08/12/2025,WEBSITE VISIT, Yes
INT-0000028,625,CMP-0020,13 May 2025,IMPRESSION,No 
INT-0000029,72,CMP-0018,13-10-2025,Trial Signup,No 
INT-0000030,454,CMP-0007,"May 13, 2025", Demo Request ,No 
INT-0000031,943,CMP-0023,09/12/2025,Email Open ,No
INT-0000032,144,CMP-0026,18/06/2025,Trial Signup,No
INT-0000033,550,CMP-0022,03/15/2025, Email Open ,No
INT-0000034,289,CMP-0012,09/10/2025, Email Open,NO
INT-0000035,1247,CMP-0008,12/04/2025,Trial Signup , No 
INT-0000036,825,CMP-0014,"Mar 23, 2025", Click , No 
INT-0000037,1323,CMP-0006,22/05/2025,demo request,no
INT-0000038,733,CMP-0008,"Aug 09, 2025", Click ,Yes
INT-0000039,1315,CMP-0030,28 May 2025,Demo Request , No 
INT-0000040,362,CMP-0022,2025-03-03,Impression , Yes
INT-0000041,750,CMP-0017,28 Mar 2025,click,No
INT-0000042,238,CMP-0027,05/29/2025,Website Visit,NO
INT-0000043,667,CMP-0017,04-02-2025,Demo Request , No 
INT-0000044,818,CMP-0020,02-07-2025,Website Visit , No 
INT-0000045,294,CMP-0009,12/06/2025,Email Open ,YES
INT-0000046,326,CMP-0004,01-06-2025,impression,No
INT-0000047,521,CMP-0026,26-10-2025,impression,NO
INT-0000048,282,CMP-0030,03/20/2025,TRIAL SIGNUP, No 
INT-0000049,454,CMP-0024,08 Oct 2025, Demo Request,NO
INT-0000050,770,CMP-0005,27/10/2025, Click ,No
INT-0000051,146,CMP-0010,2025-05-12,EMAIL OPEN,NO
INT-0000052,1371,CMP-0020,2025-09-02,Demo Request ,No
INT-0000053,354,CMP-0018,26/03/2025, Website Visit , No
INT-0000054,1203,CMP-0022,18-02-2025,Website Visit, No 
INT-0000055,868,CMP-0012,04 Apr 2025,website visit,No 
INT-0000056,522,CMP-0014,"Jun 04, 2025", Click , No
INT-0000057,1035,CMP-0016,24/11/2025,Email Open,Yes
INT-0000058,1483,CMP-0006,2025-07-03, Impression, No
INT-0000059,1464,CMP-0020,2025-06-06,Trial Signup ,Yes
INT-0000060,347,CMP-0001,05-05-2025, Impression,No 
INT-0000061,789,CMP-0004,08/03/2025, Website Visit,No 
INT-0000062,1467,CMP-0017,04/04/2025,Email Open, No 
INT-0000063,1000,CMP-0007,04 Feb 2025, Click,No
INT-0000064,1069,CMP-0022,11/08/2025, Trial Signup , No
INT-0000065,1359,CMP-0005,27-06-2025,CLICK,No
INT-0000066,1301,CMP-0006,08/28/2025, Demo Request ,No
INT-0000067,39,CMP-0001,20-12-2025,impression,NO
INT-0000068,894,CMP-0003,"Feb 14, 2025",Click,No
INT-0000069,153,CMP-0014,14 Apr 2025, Email Open ,no
INT-0000070,794,CMP-0011,28 Nov 2025, Demo Request ,No
INT-0000071,1163,CMP-0029,"Feb 06, 2025",click,No
INT-0000072,1460,CMP-0009,"Nov 05, 2025",Email Open ,No
INT-0000073,573,CMP-0019,2025-03-16,demo request,yes
INT-0000074,1100,CMP-0002,2025-06-04, Impression,Yes
INT-0000075,41,CMP-0020,01 Sep 2025, Click ,no
INT-0000076,13,CMP-0017,03-11-2025,Website Visit , No
INT-0000077,347,CMP-0003,"May 02, 2025",IMPRESSION,no
INT-0000078,5,CMP-0018,14-11-2025,Trial Signup ,no
INT-0000079,1447,CMP-0026,21/12/2025, Click ,NO
INT-0000080,677,CMP-0017,"Apr 12, 2025", Website Visit ,NO
INT-0000081,768,CMP-0016,07/16/2025,Impression, No
INT-0000082,1225,CMP-0011,"Jun 06, 2025", Impression ,NO
INT-0000083,271,CMP-0012,2025-04-27, Website Visit ,No 
INT-0000084,993,CMP-0017,27/04/2025,Impression,No 
INT-0000085,1157,CMP-0025,2025-12-30, Trial Signup,no
INT-0000086,152,CMP-0030,2025-09-28,Impression,no
INT-0000087,500,CMP-0006,27/10/2025,Trial Signup,No 
INT-0000088,593,CMP-0029,19 Jul 2025,DEMO REQUEST,No
INT-0000089,388,CMP-0015,09/29/2025,Impression ,No
INT-0000090,1287,CMP-0030,2025-04-30,website visit, No 
INT-0000091,187,CMP-0027,"Dec 09, 2025",Email Open, Yes
INT-0000092,1035,CMP-0012,2025-12-06, Impression,NO
INT-0000093,1073,CMP-0013,05 May 2025, Website Visit,NO
INT-0000094,1399,CMP-0027,06/09/2025, Demo Request,No
INT-0000095,906,CMP-0009,07/09/2025,Email Open ,No 
INT-0000096,1108,CMP-0026,16-10-2025,IMPRESSION,No
INT-0000097,253,CMP-0014,04 Mar 2025,DEMO REQUEST,no
INT-0000098,1338,CMP-0030,24/04/2025, Demo Request,No
INT-0000099,1257,CMP-0015,23/10/2025,Click, No
INT-0000100,123,CMP-0027,"Jul 09, 2025",Demo Request, No 
INT-0000101,616,CMP-0016,01/05/2025, Demo Request ,YES
INT-0000102,1450,CMP-0020,09/11/2025, Impression,No 
INT-0000103,366,CMP-0030,30 Mar 2025,impression, No
INT-0000104,601,CMP-0017,18/06/2025,demo request,no
INT-0000105,1431,CMP-0007,23 Dec 2025, Email Open ,yes
INT-0000106,1088,CMP-0017,03-09-2025, Email Open ,No 
INT-0000107,1224,CMP-0002,09/03/2025,EMAIL OPEN,Yes 
INT-0000108,360,CMP-0027,2025-08-12,DEMO REQUEST, No
INT-0000109,1106,CMP-0015,2025-01-12,Click, No 
INT-0000110,630,CMP-0004,13 Feb 2025,Impression ,No
INT-0000111,150,CMP-0009,06/21/2025, Click,No
INT-0000112,1316,CMP-0016,14 Mar 2025, Website Visit ,NO
INT-0000113,575,CMP-0008,2025-03-12,Impression,No 
INT-0000114,514,CMP-0026,14-10-2025,Website Visit,no
INT-0000115,1218,CMP-0026,07/22/2025,demo request,NO
INT-0000116,944,CMP-0014,"Apr 08, 2025",Click,No 
INT-0000117,280,CMP-0010,02/21/2025,Email Open ,Yes 
INT-0000118,1440,CMP-0029,"Mar 01, 2025", Demo Request, No
INT-0000119,851,CMP-0011,07 Apr 2025, Website Visit ,no
INT-0000120,1201,CMP-0011,07/20/2025,Demo Request, No
INT-0000121,358,CMP-0022,"Feb 20, 2025", Email Open, Yes 
INT-0000122,1374,CMP-0001,"Aug 16, 2025", Website Visit,YES
INT-0000123,595,CMP-0005,2025-10-17,Click ,NO
INT-0000124,789,CMP-0003,17 May 2025, Demo Request, No
INT-0000125,944,CMP-0009,10-02-2025, Demo Request ,Yes 
INT-0000126,1225,CMP-0015,29/04/2025, Impression ,No 
INT-0000127,847,CMP-0025,08/28/2025,trial signup, No 
INT-0000128,1405,CMP-0021,19 Oct 2025,Email Open, No
INT-0000129,644,CMP-0002,24/04/2025, Demo Request,NO
INT-0000130,1043,CMP-0023,2025-08-03,Email Open,No 
INT-0000131,648,CMP-0022,12/18/2025,Website Visit , No 
INT-0000132,1021,CMP-0020,09/25/2025, Click ,No
INT-0000133,1492,CMP-0001,04-06-2025, Click, No 
INT-0000134,165,CMP-0002,"Aug 05, 2025",Website Visit , No 
INT-0000135,1119,CMP-0028,"Nov 15, 2025", Email Open,Yes 
INT-0000136,1126,CMP-0002,2025-05-03, Website Visit ,yes
INT-0000137,66,,"Jul 01, 2025", Impression , No
INT-0000138,357,CMP-0024,20/08/2025, Demo Request,Yes
INT-0000139,678,CMP-0026,"Feb 21, 2025", Click,Yes 
INT-0000140,174,,"Nov 15, 2025",DEMO REQUEST, No 
INT-0000141,1368,CMP-0027,13 Aug 2025,Demo Request,No 
INT-0000142,196,CMP-0029,04/11/2025, Demo Request ,No
INT-0000143,595,CMP-0027,09-11-2025, Click ,No
INT-0000144,912,CMP-0013,09-07-2025, Demo Request ,No 
INT-0000145,1379,CMP-0008,11-01-2025, Demo Request ,NO
INT-0000146,1176,CMP-0011,"Jul 30, 2025",Click, No 
INT-0000147,1459,CMP-0008,01/11/2025,Demo Request, Yes 
INT-0000148,897,CMP-0013,04 May 2025,Impression ,NO
INT-0000149,967,CMP-0023,01 Jan 2025, Email Open,no
INT-0000150,1062,CMP-0003,06/12/2025,Impression,No 
INT-0000151,1213,CMP-0018,27 Apr 2025,trial signup,No
INT-0000152,579,CMP-0003,02/02/2025,Click ,No
INT-0000153,1348,CMP-0016,26-11-2025,demo request,No
INT-0000154,655,CMP-0006,20 May 2025, Website Visit, No 
INT-0000155,858,CMP-0012,06 Jul 2025,website visit,no
INT-0000156,1234,CMP-0005,2025-09-27,Email Open,YES
INT-0000157,122,CMP-0014,06-08-2025,DEMO REQUEST,No 
INT-0000158,701,CMP-0010,06/02/2025,trial signup,No
INT-0000159,133,CMP-0007,27 Jul 2025, Email Open ,yes
INT-0000160,1235,CMP-0003,04 Mar 2025,Demo Request, No 
INT-0000161,1222,CMP-0015,10/03/2025, Demo Request ,NO
INT-0000162,177,CMP-0027,30-05-2025,Email Open , Yes
INT-0000163,1190,CMP-0009,21 Oct 2025, Demo Request, No
INT-0000164,347,CMP-0023,2025-07-17, Click,No
INT-0000165,595,CMP-0002,2025-04-17,IMPRESSION,No 
INT-0000166,419,CMP-0024,08/02/2025,Demo Request ,no
INT-0000167,1109,CMP-0029,09/02/2025,click,Yes
INT-0000168,987,CMP-0007,"Dec 24, 2025",Trial Signup,Yes
INT-0000169,103,CMP-0001,13/05/2025, Email Open ,NO
INT-0000170,1169,CMP-0020,11 Jun 2025,Impression,NO
INT-0000171,1109,CMP-0011,2025-05-22,Website Visit , No 
INT-0000172,1229,CMP-0006,2025-12-20,Demo Request ,NO
INT-0000173,61,CMP-0026,25/06/2025,DEMO REQUEST,No
INT-0000174,560,CMP-0028,14-02-2025, Impression ,no
INT-0000175,960,CMP-0013,20/12/2025,Demo Request , No 
INT-0000176,1260,CMP-0021,22-11-2025,WEBSITE VISIT, No
INT-0000177,81,CMP-0017,09-08-2025,IMPRESSION, No 
INT-0000178,481,CMP-0014,07/21/2025,Click , Yes
INT-0000179,521,CMP-0004,2025-09-01,IMPRESSION,no
INT-0000180,527,CMP-0015,27/06/2025,CLICK,No
INT-0000181,1412,CMP-0017,05-10-2025, Trial Signup , No
INT-0000182,813,CMP-0016,24-05-2025,DEMO REQUEST,No 
INT-0000183,1455,CMP-0021,03-11-2025,Demo Request,NO
INT-0000184,142,CMP-0021,08/13/2025,Email Open,No
INT-0000185,493,CMP-0004,30 Aug 2025, Trial Signup,No
INT-0000186,927,CMP-0016,"Mar 31, 2025", Website Visit ,YES
INT-0000187,1030,CMP-0006,11/10/2025,Website Visit ,Yes
INT-0000188,1450,CMP-0023,15 Jun 2025,IMPRESSION,No 
INT-0000189,1139,CMP-0012,2025-07-09,demo request, No 
INT-0000190,98,CMP-0023,11/27/2025,Trial Signup,NO
INT-0000191,381,CMP-0024,"Mar 09, 2025",Trial Signup,NO
INT-0000192,468,CMP-0004,2025-04-26, Email Open, No 
INT-0000193,1390,CMP-0030,05 Mar 2025, Click , No 
INT-0000194,355,CMP-0021,18 May 2025, Demo Request,No 
INT-0000195,222,CMP-0011,27 Jan 2025, Impression , Yes
INT-0000196,8,CMP-0019,2025-02-01,Trial Signup,NO
INT-0000197,187,CMP-0025,2025-04-02,website visit, No
INT-0000198,570,CMP-0015,"Mar 31, 2025",email open, No 
INT-0000199,85,CMP-0030,12-02-2025,Trial Signup ,No
INT-0000200,526,CMP-0005,"Oct 11, 2025", Website Visit , No 
INT-0000201,642,CMP-0009,"Mar 18, 2025",IMPRESSION,Yes
INT-0000202,378,CMP-0012,"Apr 20, 2025",click,no
INT-0000203,540,CMP-0003,29-01-2025,CLICK,Yes 
INT-0000204,1323,CMP-0017,03/13/2025,Demo Request, Yes
INT-0000205,401,CMP-0007,07/29/2025,Trial Signup ,yes
INT-0000206,1427,CMP-0010,14-09-2025,Website Visit , No
INT-0000207,1170,CMP-0014,07/04/2025,TRIAL SIGNUP,No 
INT-0000208,352,CMP-0017,02 Jul 2025, Demo Request,No
INT-0000209,312,CMP-0027,16-08-2025,demo request, Yes 
INT-0000210,238,CMP-0013,"Jun 09, 2025", Website Visit ,NO
INT-0000211,1297,CMP-0001,27 Sep 2025, Trial Signup ,No
INT-0000212,322,CMP-0011,07 Mar 2025, Click ,NO
INT-0000213,312,CMP-0024,01-03-2025,Demo Request, No 
INT-0000214,1129,CMP-0027,10/07/2025,Demo Request,no
INT-0000215,186,CMP-0023,04/18/2025,click,no
INT-0000216,333,CMP-0010,01 Sep 2025,DEMO REQUEST,no
INT-0000217,504,CMP-0022,2025-03-28,Click ,No
INT-0000218,366,CMP-0007,27 May 2025,Click ,No
INT-0000219,137,CMP-0019,10/22/2025, Email Open ,no
INT-0000220,474,CMP-0012,"Jun 30, 2025", Demo Request ,yes
INT-0000221,508,CMP-0020,2025-12-19, Email Open,no
INT-0000222,1378,CMP-0014,2025-11-12, Trial Signup,NO
INT-0000223,680,CMP-0011,28 Nov 2025,Website Visit , No
INT-0000224,1045,CMP-0006,12/03/2025,Website Visit, No
INT-0000225,1158,CMP-0012,02/11/2025, Email Open ,Yes 
INT-0000226,388,CMP-0024,01/27/2025, Demo Request,No 
INT-0000227,54,CMP-0025,24/06/2025,Click,No 
INT-0000228,1352,CMP-0015,07/25/2025,EMAIL OPEN, No
INT-0000229,76,CMP-0028,29 Oct 2025,Demo Request ,no
INT-0000230,759,CMP-0021,14/05/2025, Email Open ,No 
INT-0000231,683,CMP-0011,08-08-2025,email open,No
INT-0000232,490,CMP-0010,2025-08-04, Impression ,no
INT-0000233,990,CMP-0016,12/06/2025, Trial Signup,no
INT-0000234,1401,CMP-0021,15 Apr 2025, Email Open ,no
INT-0000235,351,CMP-0026,18/06/2025,Impression ,NO
INT-0000236,949,CMP-0011,05/26/2025,WEBSITE VISIT,NO
INT-0000237,164,CMP-0020,"Jan 10, 2025",Impression,no
INT-0000238,456,CMP-0011,18 Mar 2025, Demo Request ,yes
INT-0000239,1413,CMP-0001,"Oct 22, 2025", Demo Request,No
INT-0000240,715,CMP-0027,01/03/2025,click,No
INT-0000241,228,CMP-0025,02/28/2025,Website Visit,No 
INT-0000242,126,CMP-0013,2025-05-10,CLICK,no
INT-0000243,1240,CMP-0021,13/04/2025,website visit,NO
INT-0000244,1312,CMP-0022,"Sep 05, 2025", Click ,NO
INT-0000245,270,CMP-0029,01-03-2025, Impression,NO
INT-0000246,708,CMP-0019,"Aug 20, 2025",Impression , No 
INT-0000247,1134,CMP-0030,2025-10-28,impression,no
INT-0000248,614,CMP-0008,2025-07-21, Website Visit,no
INT-0000249,1252,CMP-0017,01/25/2025,demo request,Yes
INT-0000250,956,CMP-0020,27-02-2025, Impression,No 
INT-0000251,982,CMP-0006,2025-11-04,demo request,yes
INT-0000252,653,CMP-0025,11 Jan 2025,Email Open ,No
INT-0000253,738,CMP-0029,"Nov 08, 2025",DEMO REQUEST,No
INT-0000254,194,CMP-0022,30 Sep 2025, Trial Signup , No 
INT-0000255,742,CMP-0011,17/07/2025,demo request, No 
INT-0000256,913,CMP-0007,22/04/2025,Trial Signup,no
INT-0000257,1105,CMP-0011,12 Aug 2025,IMPRESSION,no
INT-0000258,1447,CMP-0020,2025-03-12, Demo Request ,no
INT-0000259,993,CMP-0029,17 Oct 2025,Email Open , Yes 
INT-0000260,594,CMP-0003,2025-12-22,email open,No 
INT-0000261,1440,CMP-0010,14/11/2025,IMPRESSION,NO
INT-0000262,436,CMP-0029,03/08/2025,Website Visit,No
INT-0000263,740,CMP-0010,30-11-2025, Impression,No 
INT-0000264,785,,2025-02-23,IMPRESSION,NO
INT-0000265,1355,CMP-0024,"Aug 07, 2025", Impression,NO
INT-0000266,221,CMP-0029,"Oct 31, 2025",TRIAL SIGNUP,No
INT-0000267,70,CMP-0003,2025-06-08,Email Open, No
INT-0000268,1362,CMP-0017,17-10-2025,Email Open,No
INT-0000269,751,CMP-0030,17-06-2025, Demo Request, No 
INT-0000270,279,CMP-0019,2025-06-04,trial signup, No
INT-0000271,521,CMP-0021,2025-07-28,Email Open , No 
INT-0000272,547,CMP-0030,07-09-2025, Demo Request , No 
INT-0000273,1472,CMP-0030,"Jan 05, 2025",EMAIL OPEN, No 
INT-0000274,730,CMP-0007,04/19/2025,Website Visit ,No
INT-0000275,470,CMP-0016,05 Jan 2025,Trial Signup, Yes 
INT-0000276,12,CMP-0015,11 Feb 2025,WEBSITE VISIT, No
INT-0000277,1361,CMP-0026,"Sep 27, 2025",email open,No 
INT-0000278,639,CMP-0005,23-04-2025, Click,No
INT-0000279,219,CMP-0009,08 Jun 2025, Demo Request , No 
INT-0000280,956,CMP-0021,23 May 2025, Impression , No 
INT-0000281,735,CMP-0025,"Nov 15, 2025", Email Open ,no
INT-0000282,112,CMP-0004,2025-06-16,DEMO REQUEST, No 
INT-0000283,973,CMP-0007,"Jul 04, 2025",Trial Signup,no
INT-0000284,922,CMP-0007,09/10/2025,Demo Request ,No
INT-0000285,747,CMP-0015,04/17/2025, Impression , No 
INT-0000286,93,CMP-0008,07 Jan 2025,Website Visit,No
INT-0000287,1466,CMP-0001,03 Sep 2025,impression,No 
INT-0000288,741,CMP-0019,06/07/2025,Impression,No
INT-0000289,1394,CMP-0019,"Mar 29, 2025", Trial Signup ,No 
INT-0000290,733,CMP-0006,03/01/2025, Website Visit ,no
INT-0000291,518,CMP-0021,25/07/2025, Impression,Yes 
INT-0000292,802,CMP-0018,01/12/2025, Demo Request ,no
INT-0000293,596,CMP-0028,05-03-2025,impression,NO
INT-0000294,1021,CMP-0007,"Feb 26, 2025",CLICK,Yes
INT-0000295,1444,CMP-0003,2025-03-24,website visit,No
INT-0000296,115,CMP-0018,"Feb 20, 2025", Trial Signup , Yes 
INT-0000297,744,CMP-0025,28-02-2025, Website Visit,No
INT-0000298,1015,CMP-0011,2025-08-17,Impression ,no
INT-0000299,258,CMP-0030,23-07-2025,Click ,Yes
INT-0000300,1002,CMP-0002,11 Jan 2025, Trial Signup ,Yes
INT-0000301,902,CMP-0021,03/08/2025,Email Open ,No 
INT-0000302,600,CMP-0012,19 Jul 2025,website visit,No
INT-0000303,1359,CMP-0020,28/05/2025, Website Visit ,Yes
INT-0000304,216,CMP-0019,2025-06-17,EMAIL OPEN,NO
INT-0000305,332,CMP-0003,08-09-2025,website visit,NO
INT-0000306,727,CMP-0004,30 Dec 2025, Trial Signup ,NO
INT-0000307,5,CMP-0023,"Feb 03, 2025",Impression, No
INT-0000308,179,CMP-0023,17 Oct 2025, Trial Signup,No
INT-0000309,560,CMP-0021,06/23/2025, Website Visit ,yes
INT-0000310,562,CMP-0016,23 Jun 2025, Impression,YES
INT-0000311,377,CMP-0013,13/05/2025,Trial Signup,No
INT-0000312,1435,CMP-0028,"Apr 01, 2025",CLICK, No 
INT-0000313,543,CMP-0011,"Apr 14, 2025", Email Open,NO
INT-0000314,382,CMP-0005,30 Mar 2025,Demo Request , Yes 
INT-0000315,1071,CMP-0001,2025-12-01,email open,Yes 
INT-0000316,295,CMP-0017,08/03/2025,impression,no
INT-0000317,137,CMP-0001,"Aug 24, 2025",Demo Request ,no
INT-0000318,403,CMP-0028,2025-02-02,Impression,NO
INT-0000319,877,CMP-0020,31-12-2025, Click ,no
INT-0000320,346,CMP-0030,16/12/2025,Click , Yes
INT-0000321,207,CMP-0012,09/25/2025,Trial Signup , No
INT-0000322,187,CMP-0023,14/01/2025,demo request,no
INT-0000323,222,CMP-0015,12-11-2025,impression,no
INT-0000324,1440,CMP-0020,06/10/2025,DEMO REQUEST,No 
INT-0000325,377,CMP-0022,09/21/2025, Demo Request, Yes 
INT-0000326,753,CMP-0002,2025-03-31, Trial Signup, No 
INT-0000327,1235,CMP-0024,01-12-2025, Email Open,NO
INT-0000328,690,CMP-0004,05 May 2025,WEBSITE VISIT,YES
INT-0000329,1189,CMP-0021,2025-05-12,Impression, No
INT-0000330,80,CMP-0003,"Mar 29, 2025",IMPRESSION,No 
INT-0000331,1027,CMP-0027,2025-01-02, Website Visit ,NO
INT-0000332,415,CMP-0019,2025-05-14,IMPRESSION,no
INT-0000333,1032,CMP-0021,02/05/2025,Website Visit ,No 
INT-0000334,1027,CMP-0023,2025-09-02,Website Visit ,NO
INT-0000335,1163,CMP-0011,03-10-2025,IMPRESSION, No
INT-0000336,1425,CMP-0004,2025-11-29,impression,no
INT-0000337,947,CMP-0010,11/28/2025,Demo Request ,Yes
INT-0000338,1089,CMP-0006,22/10/2025,Impression, No
INT-0000339,789,CMP-0012,10/10/2025,Impression ,no
INT-0000340,890,CMP-0003,2025-07-28, Email Open , No
INT-0000341,1039,CMP-0017,02 Nov 2025,Trial Signup,No
INT-0000342,1474,CMP-0019,09 Nov 2025,CLICK,No
INT-0000343,48,CMP-0007,01/06/2025,demo request,NO
INT-0000344,1226,CMP-0014,"Mar 07, 2025", Website Visit ,YES
INT-0000345,1407,CMP-0019,2025-12-21, Trial Signup, No
INT-0000346,1301,CMP-0013,09/05/2025,Impression,NO
INT-0000347,925,CMP-0019,24 Feb 2025,demo request,Yes
INT-0000348,364,CMP-0007,03/09/2025,CLICK,yes
INT-0000349,499,CMP-0002,2025-12-17, Trial Signup ,No
INT-0000350,660,CMP-0002,11/14/2025,email open,NO
INT-0000351,311,CMP-0023,08 Mar 2025, Click ,No
INT-0000352,179,CMP-0001,03/01/2025,Impression , No
INT-0000353,876,CMP-0013,2025-01-17,email open, Yes 
INT-0000354,798,CMP-0007,30-12-2025, Click, No 
INT-0000355,192,CMP-0011,08/24/2025, Impression , No 
INT-0000356,389,CMP-0018,2025-09-17,Email Open,NO
INT-0000357,1371,CMP-0016,12-01-2025,click,No
INT-0000358,1355,CMP-0026,24 Jun 2025, Email Open , No 
INT-0000359,167,CMP-0022,"Mar 26, 2025", Trial Signup ,no
INT-0000360,1255,CMP-0011,11/03/2025,Demo Request,No
INT-0000361,1470,CMP-0030,2025-06-02,Website Visit ,No 
INT-0000362,857,CMP-0013,05/23/2025, Website Visit,No 
INT-0000363,429,CMP-0016,18/01/2025,Trial Signup,No
INT-0000364,602,CMP-0025,17-10-2025,Click , Yes 
INT-0000365,1169,CMP-0022,2025-07-06, Website Visit, No
INT-0000366,192,CMP-0014,21/06/2025, Website Visit ,yes
INT-0000367,904,CMP-0028,01/05/2025,Impression ,NO
INT-0000368,810,CMP-0002,"May 25, 2025", Demo Request, No
INT-0000369,1325,CMP-0025,31/07/2025,impression, No 
INT-0000370,700000,CMP-0019,"Dec 23, 2025",Click,No 
INT-0000371,121,CMP-0022,19/04/2025, Trial Signup ,No
INT-0000372,314,CMP-0029,16/11/2025,Website Visit , No 
INT-0000373,400,CMP-0008,2025-04-26,Click,no
INT-0000374,66,CMP-0018,12/31/2025, Click,no
INT-0000375,1177,CMP-0007,02-09-2025, Trial Signup , No
INT-0000376,807,CMP-0030,11/12/2025,CLICK, No 
INT-0000377,693,CMP-0021,31 Jul 2025, Email Open , Yes 
INT-0000378,1345,CMP-0002,2025-03-17,Email Open , No 
INT-0000379,1238,CMP-0001,03/24/2025, Website Visit ,No
INT-0000380,704,CMP-0003,16/07/2025, Email Open ,No 
INT-0000381,335,CMP-0028,"Aug 09, 2025",Trial Signup ,NO
INT-0000382,334,CMP-0021,24/01/2025, Website Visit , Yes
INT-0000383,444,CMP-0004,12/27/2025, Website Visit,No
INT-0000384,938,CMP-0025,20 Jan 2025,Website Visit ,No 
INT-0000385,1050,CMP-0025,02-06-2025,Email Open,NO
INT-0000386,834,CMP-0019,20/03/2025,Demo Request ,yes
INT-0000387,352,CMP-0021,13-09-2025, Demo Request, No
INT-0000388,634,CMP-0021,30-09-2025,email open,No
INT-0000389,1034,CMP-0016,2025-02-05,DEMO REQUEST, Yes
INT-0000390,1104,CMP-0019,14/09/2025,Trial Signup ,No 
INT-0000391,285,CMP-0023,09 Sep 2025, Impression , No 
INT-0000392,927,CMP-0012,12/17/2025,Website Visit ,No 
INT-0000393,864,CMP-0003,07/20/2025,Email Open,YES
INT-0000394,955,CMP-0017,04 Nov 2025,Website Visit,No
INT-0000395,838,CMP-0024,"Dec 04, 2025", Website Visit, No 
INT-0000396,1127,CMP-0002,"Mar 03, 2025", Demo Request, No 
INT-0000397,1326,CMP-0029,17-04-2025,Email Open ,No
INT-0000398,116,CMP-0023,10-10-2025,Trial Signup ,Yes 
INT-0000399,1067,CMP-0001,06/08/2025,DEMO REQUEST,no
INT-0000400,808,CMP-0010,31-01-2025,Website Visit, No
INT-0000401,445,CMP-0003,09 Nov 2025,Click,NO
INT-0000402,1016,CMP-0013,2025-07-18,Trial Signup ,NO
INT-0000403,23,CMP-0022,20/12/2025,website visit, Yes
INT-0000404,481,CMP-0010,19/05/2025,Email Open,no
INT-0000405,1183,CMP-0002,2025-12-05, Trial Signup ,yes
INT-0000406,1101,CMP-0023,2025-03-30,impression,NO
INT-0000407,454,CMP-0001,11/04/2025,Impression, No
INT-0000408,206,CMP-0003,11 Jul 2025,IMPRESSION,NO
INT-0000409,239,CMP-0007,"Nov 20, 2025", Impression,No
INT-0000410,324,CMP-0028,22-09-2025, Website Visit,NO
INT-0000411,1188,CMP-0030,11 Oct 2025, Email Open,No
INT-0000412,811,CMP-0022,"Oct 12, 2025", Click,No
INT-0000413,393,CMP-0021,2025-12-10,EMAIL OPEN, No 
INT-0000414,824,CMP-0022,"Nov 13, 2025",CLICK,Yes
INT-0000415,787,CMP-0010,"Jan 10, 2025", Trial Signup , No
INT-0000416,616,CMP-0021,"Jan 06, 2025",EMAIL OPEN,Yes
INT-0000417,1467,CMP-0011,20-01-2025,Impression,no
INT-0000418,537,CMP-0012,30/09/2025, Impression,no
INT-0000419,1208,CMP-0013,"May 18, 2025",Click,no
INT-0000420,1073,CMP-0009,02-08-2025,Trial Signup ,no
INT-0000421,278,CMP-0022,30-09-2025,demo request, No
INT-0000422,1243,CMP-0030,"Feb 13, 2025", Click,NO
INT-0000423,754,CMP-0019,16/07/2025, Click ,Yes
INT-0000424,1241,CMP-0016,15/04/2025,Impression ,No 
INT-0000425,75,CMP-0019,28 Sep 2025,Trial Signup ,no
INT-0000426,244,CMP-0028,2025-12-29,Demo Request,No
INT-0000427,365,CMP-0001,"Dec 22, 2025",Impression , No 
INT-0000428,168,CMP-0023,2025-03-31,Trial Signup,No
INT-0000429,607,CMP-0006,03/10/2025, Email Open ,NO
INT-0000430,308,CMP-0006,13 Oct 2025,Demo Request ,NO
INT-0000431,360,CMP-0002,03-09-2025,WEBSITE VISIT,NO
INT-0000432,493,CMP-0009,12/03/2025,Trial Signup , No 
INT-0000433,774,CMP-0017,06-02-2025, Trial Signup,No
INT-0000434,969,CMP-0005,24/10/2025,Trial Signup,No
INT-0000435,756,CMP-0015,2025-03-11,Email Open,No 
INT-0000436,466,CMP-0027,2025-12-01,IMPRESSION, No
INT-0000437,1080,CMP-0017,21-04-2025, Click, Yes
INT-0000438,951,CMP-0012,"Nov 05, 2025", Email Open , No 
INT-0000439,475,CMP-0014,2025-04-01,WEBSITE VISIT, No
INT-0000440,914,CMP-0025,09-02-2025, Website Visit ,yes
INT-0000441,1039,CMP-0021,07/22/2025,Impression ,No 
INT-0000442,964,CMP-0009,01-03-2025, Click,YES
INT-0000443,1190,CMP-0019,12/09/2025,demo request,YES
INT-0000444,1343,CMP-0026,2025-04-19, Trial Signup ,NO
INT-0000445,68,CMP-0003,10/17/2025, Click,no
INT-0000446,1276,CMP-0018,"Jul 03, 2025", Demo Request,No 
INT-0000447,577,CMP-0008,"Feb 11, 2025",demo request,No
INT-0000448,721,CMP-0029,02/18/2025, Trial Signup ,no
INT-0000449,912,CMP-0004,"Aug 03, 2025",TRIAL SIGNUP,No 
INT-0000450,15,CMP-0020,07/09/2025,DEMO REQUEST,no
INT-0000451,1280,CMP-0022,01-05-2025,Demo Request ,YES
INT-0000452,325,CMP-0002,2025-09-03,website visit, No
INT-0000453,971,CMP-0022,2025-05-13,EMAIL OPEN, No 
INT-0000454,1229,CMP-0022,19/07/2025,Demo Request ,no
INT-0000455,1281,CMP-0028,09/16/2025,website visit,No
INT-0000456,1007,CMP-0021,2025-11-12, Email Open ,Yes 
INT-0000457,172,CMP-0030,12-12-2025, Website Visit ,NO
INT-0000458,1236,CMP-0026,2025-08-11, Demo Request ,no
INT-0000459,3,CMP-0008,2025-05-13, Email Open ,yes
INT-0000460,407,CMP-0007,06 Sep 2025,IMPRESSION, Yes
INT-0000461,729,CMP-0003,01/30/2025, Impression,No
INT-0000462,713,CMP-0027,12/12/2025, Click ,No
INT-0000463,1438,CMP-0001,"Mar 29, 2025", Impression,No
INT-0000464,1069,CMP-0002,04/10/2025,Click , Yes
INT-0000465,1222,CMP-0010,10 Jun 2025, Impression, No
INT-0000466,1283,CMP-0030,25-01-2025,website visit, No
INT-0000467,1366,CMP-0018,21 Jan 2025,Trial Signup ,No 
INT-0000468,1192,CMP-0024,03/12/2025,Impression ,NO
INT-0000469,359,CMP-0009,22/07/2025,WEBSITE VISIT,no
INT-0000470,1493,CMP-0014,11/06/2025, Click ,no
INT-0000471,177,CMP-0006,"May 05, 2025",Website Visit ,yes
INT-0000472,1188,CMP-0026,2025-01-01, Demo Request , No
INT-0000473,1376,CMP-0020,05 Jan 2025,Demo Request ,no
INT-0000474,1332,CMP-0025,"Oct 07, 2025",Demo Request ,No 
INT-0000475,634,CMP-0002,"Jul 15, 2025", Trial Signup , No 
INT-0000476,1033,CMP-0013,12-04-2025,Trial Signup, No 
INT-0000477,1075,CMP-0003,"Feb 28, 2025",Trial Signup,No 
INT-0000478,133,CMP-0006,"Nov 26, 2025", Website Visit,yes
INT-0000479,752,CMP-0017,30/01/2025,Click,No 
INT-0000480,1457,CMP-0029,10/12/2025,Trial Signup,No
INT-0000481,1202,CMP-0005,10-03-2025,website visit, Yes 
INT-0000482,273,,12/24/2025, Email Open ,yes
INT-0000483,354,CMP-0015,"Dec 03, 2025", Demo Request,no
INT-0000484,395,CMP-0018,11/25/2025, Demo Request ,No
INT-0000485,190,CMP-0017,"Sep 24, 2025", Demo Request ,no
INT-0000486,567,CMP-0021,24 Dec 2025,TRIAL SIGNUP,no
INT-0000487,768,CMP-0025,13-05-2025,click,YES
INT-0000488,202,CMP-0029,14-02-2025,Trial Signup,no
INT-0000489,463,CMP-0030,03-09-2025,impression,no
INT-0000490,44,CMP-0009,20-01-2025,EMAIL OPEN,NO
INT-0000491,964,CMP-0021,2025-11-02,Demo Request ,Yes
INT-0000492,643,CMP-0012,"May 03, 2025",website visit, No 
INT-0000493,360,CMP-0015,"Dec 03, 2025", Click, No
INT-0000494,1420,CMP-0023,03-04-2025, Email Open ,No 
INT-0000495,731,CMP-0008,06/20/2025,Impression,No
INT-0000496,475,CMP-0001,15-03-2025, Trial Signup ,No
INT-0000497,882,CMP-0022,2025-04-29,Trial Signup , Yes
INT-0000498,430,CMP-0006,2025-09-03,Website Visit, No 
INT-0000499,1238,CMP-0003,05/09/2025, Impression ,No 
INT-0000500,1353,CMP-0010,2025-07-23,DEMO REQUEST,no
INT-0000501,1042,CMP-0011,04/09/2025, Website Visit, No
INT-0000502,646,CMP-0010,09/03/2025,Email Open,no
INT-0000503,1188,CMP-0001,18/11/2025,WEBSITE VISIT,yes
INT-0000504,309,CMP-0003,03/27/2025,website visit, No
INT-0000505,53,CMP-0016,19-11-2025,email open,NO
INT-0000506,1178,CMP-0012,2025-10-22, Trial Signup,NO
INT-0000507,463,CMP-0022,2025-09-24, Impression , No 
INT-0000508,1392,CMP-0010,"Mar 16, 2025",Email Open, Yes
INT-0000509,1075,CMP-0027,01/12/2025, Website Visit,Yes
INT-0000510,3,,2025-09-29,Click ,NO
INT-0000511,1385,CMP-0003,13 Jun 2025, Email Open,no
INT-0000512,684,CMP-0020,15/07/2025, Website Visit,No
INT-0000513,1161,CMP-0017,23 Feb 2025, Email Open , No
INT-0000514,466,CMP-0016,28/03/2025,EMAIL OPEN,No 
INT-0000515,635,CMP-0012,07 Jun 2025,Website Visit,no
INT-0000516,975,CMP-0026,21/08/2025,Click, No
INT-0000517,843,CMP-0010,25-12-2025,Demo Request, No
INT-0000518,614,CMP-0014,2025-12-28, Website Visit ,No 
INT-0000519,438,CMP-0024,24-07-2025,CLICK,NO
INT-0000520,997,CMP-0026,16 Nov 2025,WEBSITE VISIT,NO
INT-0000521,1448,CMP-0030,08/01/2025, Click , No 
INT-0000522,772,CMP-0026,12/08/2025,click,YES
INT-0000523,400,CMP-0001,27/12/2025,click,No 
INT-0000524,914,CMP-0024,18-07-2025,EMAIL OPEN, No
INT-0000525,1318,CMP-0026,16 Dec 2025,TRIAL SIGNUP,No 
INT-0000526,432,CMP-0020,2025-12-23,email open,no
INT-0000527,1166,CMP-0029,18 Aug 2025, Click,no
INT-0000528,245,CMP-0027,16 Nov 2025,trial signup, No
INT-0000529,588,CMP-0025,23-09-2025,TRIAL SIGNUP,NO
INT-0000530,1407,CMP-0018,06/21/2025,IMPRESSION,No 
INT-0000531,1498,CMP-0028,22-08-2025,demo request, No 
INT-0000532,706,CMP-0020,25/09/2025, Website Visit ,NO
INT-0000533,1115,CMP-0010,2025-05-15,CLICK, No 
INT-0000534,1210,CMP-0022,22 Mar 2025,impression,YES
INT-0000535,904,CMP-0027,24/09/2025, Impression,No
INT-0000536,1434,CMP-0009,2025-12-18, Website Visit,no
INT-0000537,721,CMP-0027,14 Feb 2025, Email Open ,No 
INT-0000538,827,CMP-0020,22-03-2025, Trial Signup,No 
INT-0000539,766,CMP-0018,"Aug 25, 2025",trial signup,No 
INT-0000540,1198,CMP-0018,22 Dec 2025, Click, No 
INT-0000541,46,CMP-0002,22/06/2025,Email Open,no
INT-0000542,41,,11/02/2025, Website Visit ,no
INT-0000543,1038,CMP-0019,06/03/2025,Click,NO
INT-0000544,1035,CMP-0010,"Jul 12, 2025",Trial Signup , No 
INT-0000545,224,CMP-0014,08/05/2025,Email Open,No 
INT-0000546,1367,CMP-0020,02-09-2025, Click, No 
INT-0000547,731,CMP-0024,03 Dec 2025,Website Visit ,No
INT-0000548,702,CMP-0025,2025-12-24, Demo Request,No
INT-0000549,850,CMP-0007,11/12/2025,EMAIL OPEN,No
INT-0000550,1204,CMP-0002,08-03-2025,Impression ,No 
INT-0000551,740,CMP-0011,25 Apr 2025, Impression,NO
INT-0000552,212,CMP-0010,"Nov 26, 2025", Email Open,yes
INT-0000553,781,CMP-0018,13 Aug 2025,Click ,No
INT-0000554,788,CMP-0002,2025-05-20, Email Open ,NO
INT-0000555,527,CMP-0001,"Nov 30, 2025",trial signup,No 
INT-0000556,198,CMP-0026,2025-03-23,Trial Signup ,Yes
INT-0000557,952,CMP-0001,04/08/2025, Email Open , No
INT-0000558,394,CMP-0015,20-04-2025, Impression,No
INT-0000559,943,CMP-0025,10 Jan 2025, Trial Signup, No 
INT-0000560,242,,18-11-2025,trial signup, No 
INT-0000561,9,CMP-0002,2025-11-21, Demo Request , No
INT-0000562,1129,CMP-0020,2025-10-09,WEBSITE VISIT,No
INT-0000563,1367,CMP-0008,06/04/2025,website visit,No
INT-0000564,841,CMP-0004,26-11-2025,TRIAL SIGNUP, Yes 
INT-0000565,977,CMP-0004,19 May 2025,impression,Yes 
INT-0000566,1402,CMP-0012,24-05-2025,Click ,No 
INT-0000567,1001,CMP-0027,2025-07-25,Click , No 
INT-0000568,288,CMP-0025,2025-01-02,WEBSITE VISIT,No
INT-0000569,555,CMP-0001,11 Jan 2025, Email Open ,NO
INT-0000570,1038,CMP-0007,05/01/2025, Trial Signup,No
INT-0000571,1134,CMP-0005,2025-07-02,EMAIL OPEN,yes
INT-0000572,873,CMP-0025,"Apr 28, 2025",WEBSITE VISIT,NO
INT-0000573,19,CMP-0011,"Dec 28, 2025",CLICK,no
INT-0000574,65,CMP-0029,11/13/2025, Website Visit, No
INT-0000575,1331,CMP-0023,23/05/2025, Website Visit , No
INT-0000576,1228,CMP-0015,12 Dec 2025,website visit,YES
INT-0000577,17,CMP-0003,08/10/2025,IMPRESSION, No
INT-0000578,474,CMP-0020,10/02/2025,trial signup,yes
INT-0000579,682,CMP-0019,05-10-2025,DEMO REQUEST, Yes 
INT-0000580,439,CMP-0024,2025-10-17, Email Open,Yes 
INT-0000581,34,CMP-9001,25-06-2025,email open,No
INT-0000582,1221,CMP-0014,09 Jun 2025,Impression ,no
INT-0000583,1448,CMP-0015,"Jul 17, 2025",Trial Signup ,NO
INT-0000584,15,CMP-0020,2025-10-29,DEMO REQUEST,No
INT-0000585,260,CMP-0001,18 Jun 2025,trial signup, Yes
INT-0000586,134,CMP-0004,"Nov 01, 2025", Email Open,No
INT-0000587,896,CMP-0020,09/03/2025, Trial Signup,NO
INT-0000588,987,CMP-0012,02/25/2025,Impression , No
INT-0000589,585,CMP-0029,18-03-2025,DEMO REQUEST, Yes 
INT-0000590,638,CMP-0020,02-09-2025,Trial Signup ,No 
INT-0000591,810,CMP-0011,"Feb 19, 2025",TRIAL SIGNUP,no
INT-0000592,1345,CMP-0002,21-03-2025,Click ,no
INT-0000593,995,CMP-0009,09-09-2025, Impression, Yes 
INT-0000594,833,CMP-0001,"Feb 06, 2025",trial signup,NO
INT-0000595,732,CMP-0004,31 Jul 2025,email open, Yes
INT-0000596,839,CMP-0030,07/15/2025,Impression ,YES
INT-0000597,1050,CMP-0025,2025-01-01,CLICK, No
INT-0000598,1496,CMP-0008,18 Jan 2025,IMPRESSION, Yes 
INT-0000599,366,CMP-0014,2025-10-28,Website Visit , No
INT-0000600,949,CMP-0003,2025-04-08,DEMO REQUEST,No 
INT-0000601,493,CMP-0026,2025-03-09,impression,Yes 
INT-0000602,552,CMP-0026,02/10/2025,click, No 
INT-0000603,89,CMP-0001,16-11-2025,Trial Signup , No 
INT-0000604,799,CMP-0025,"May 04, 2025",Click, No 
INT-0000605,440,CMP-0020,20-04-2025,EMAIL OPEN,No 
INT-0000606,413,CMP-0016,09/27/2025, Website Visit ,No
INT-0000607,905,CMP-0011,26/06/2025, Demo Request,no
INT-0000608,916,CMP-0009,"Aug 06, 2025",Click,No
INT-0000609,1262,CMP-0006,"Sep 03, 2025", Impression ,no
INT-0000610,751,CMP-0010,05/08/2025,Trial Signup,No 
INT-0000611,1497,CMP-0027,19/08/2025, Email Open, No 
INT-0000612,1143,CMP-0003,17 May 2025,Demo Request , No
INT-0000613,685,CMP-0015,"Jan 16, 2025", Website Visit,NO
INT-0000614,998,CMP-0014,14-11-2025,TRIAL SIGNUP,NO
INT-0000615,67,CMP-0019,03-02-2025,Website Visit,No
INT-0000616,1259,,02-12-2025,WEBSITE VISIT, No
INT-0000617,1177,CMP-0016,03 May 2025,Demo Request, No 
INT-0000618,701,CMP-0027,01/02/2025, Email Open,Yes 
INT-0000619,80,CMP-0018,2025-08-26,trial signup,No 
INT-0000620,976,CMP-0019,09/01/2025, Website Visit ,No 
INT-0000621,435,CMP-0024,18-03-2025,IMPRESSION,no
INT-0000622,1040,CMP-0017,15-05-2025, Impression ,no
INT-0000623,772,CMP-0007,22-11-2025,Impression, No 
INT-0000624,582,CMP-0003,2025-12-08,Email Open , No
INT-0000625,1160,CMP-0020,01/22/2025,Impression ,NO
INT-0000626,67,CMP-0012,20-02-2025,email open,No 
INT-0000627,1435,CMP-0003,2025-10-22, Impression,YES
INT-0000628,798,CMP-0012,12-09-2025,Demo Request , No
INT-0000629,1237,CMP-0005,03 Jan 2025,Impression,NO
INT-0000630,1348,CMP-0002,30/11/2025, Impression , No
INT-0000631,981,CMP-0028,2025-11-14, Email Open, No
INT-0000632,634,CMP-0029,14-07-2025,email open,no
INT-0000633,1413,CMP-0029,11/06/2025, Trial Signup ,Yes
INT-0000634,632,CMP-0003,03/11/2025,click, No
INT-0000635,247,CMP-0011,30 Sep 2025,TRIAL SIGNUP, No 
INT-0000636,1276,CMP-0029,30-05-2025,TRIAL SIGNUP,no
INT-0000637,1178,CMP-0010,08/13/2025, Email Open, No 
INT-0000638,308,CMP-0022,10 Mar 2025,WEBSITE VISIT,No 
INT-0000639,1007,CMP-0019,09/06/2025, Click , No
INT-0000640,1163,CMP-0030,29 Sep 2025, Website Visit, No 
INT-0000641,717,CMP-0018,"Feb 06, 2025",Email Open ,No
INT-0000642,1173,CMP-0010,10-02-2025, Impression,NO
INT-0000643,1017,CMP-0002,2025-04-20, Trial Signup ,No
INT-0000644,1406,CMP-0011,2025-03-12, Trial Signup,Yes 
INT-0000645,329,CMP-0020,2025-06-06, Click , Yes
INT-0000646,442,CMP-0021,09/11/2025,Website Visit,no
INT-0000647,1265,CMP-0028,10/28/2025,Website Visit ,NO
INT-0000648,483,CMP-0015,08/18/2025, Impression , No 
INT-0000649,506,CMP-0012,05/09/2025,Email Open ,Yes 
INT-0000650,1233,CMP-0030,10 Jun 2025,Trial Signup,no
INT-0000651,1273,CMP-0010,"Feb 20, 2025",Trial Signup , No 
INT-0000652,19,CMP-0004,2025-10-18,Trial Signup, No
INT-0000653,224,CMP-0018,04/03/2025,Demo Request ,No
INT-0000654,368,CMP-0012,25/12/2025, Demo Request ,no
INT-0000655,1014,CMP-0001,04 Jan 2025,Click,No 
INT-0000656,105,CMP-0026,"Aug 13, 2025",website visit, No 
INT-0000657,297,CMP-0015,22 Jan 2025, Impression , No
INT-0000658,517,CMP-0005,05/05/2025, Trial Signup , No 
INT-0000659,258,CMP-0024,"Dec 23, 2025", Impression ,no
INT-0000660,1400,CMP-0026,12/09/2025,Impression ,NO
INT-0000661,433,CMP-0021,"Oct 08, 2025", Impression , No 
INT-0000662,890,CMP-0018,"May 20, 2025",Impression,No
INT-0000663,863,CMP-0011,02/11/2025, Impression,YES
INT-0000664,497,CMP-0020,08/12/2025,Impression, No
INT-0000665,1349,CMP-0002,09/18/2025, Impression,YES
INT-0000666,1065,CMP-0010,03/29/2025,CLICK,no
INT-0000667,48,CMP-0023,2025-09-17,click, No 
INT-0000668,1372,CMP-0026,11/22/2025,Demo Request ,yes
INT-0000669,1418,CMP-0022,23-04-2025, Email Open,No 
INT-0000670,242,CMP-0027,19-09-2025,website visit, No
INT-0000671,1354,CMP-0009,12/15/2025,CLICK,NO
INT-0000672,468,CMP-0026,20 Oct 2025, Click ,No
INT-0000673,1216,CMP-0001,14 Mar 2025,DEMO REQUEST,No
INT-0000674,73,CMP-0003,2025-09-16,IMPRESSION,No 
INT-0000675,631,CMP-0026,08/09/2025, Trial Signup , No
INT-0000676,1346,CMP-0006,16/01/2025,Website Visit ,No
INT-0000677,807,CMP-0017,24/08/2025,click, No
INT-0000678,230,CMP-0022,08/24/2025, Trial Signup ,no
INT-0000679,1494,CMP-0003,"Mar 04, 2025", Email Open , No
INT-0000680,641,CMP-0017,2025-05-31, Website Visit,No
INT-0000681,842,CMP-0028,01/17/2025,Email Open,no
INT-0000682,14,CMP-0019,"Nov 02, 2025", Demo Request,no
INT-0000683,187,CMP-0022,2025-06-23,Email Open , No
INT-0000684,430,CMP-0016,04-10-2025,WEBSITE VISIT,No 
INT-0000685,264,CMP-0010,09-08-2025, Email Open ,Yes 
INT-0000686,1098,CMP-0020,06 Jul 2025,Impression ,No 
INT-0000687,758,CMP-0005,2025-03-25, Demo Request, Yes 
INT-0000688,71,CMP-0002,2025-10-12,EMAIL OPEN,yes
INT-0000689,1023,CMP-0020,"May 10, 2025",Demo Request, No
INT-0000690,73,CMP-0014,"Nov 22, 2025", Email Open , No 
INT-0000691,340,CMP-0019,14/07/2025, Impression,NO
INT-0000692,1373,CMP-0009,01/04/2025,trial signup,No 
INT-0000693,363,CMP-0013,03/08/2025,Trial Signup , No
INT-0000694,1297,CMP-0016,03-08-2025, Website Visit ,Yes 
INT-0000695,743,CMP-0021,31 Dec 2025,Impression,NO
INT-0000696,318,CMP-0020,15-06-2025,WEBSITE VISIT,NO
INT-0000697,675,CMP-0022,09-02-2025,IMPRESSION, No
INT-0000698,682,CMP-0015,01-06-2025,click,No
INT-0000699,226,CMP-0004,27/02/2025, Demo Request ,YES
INT-0000700,1315,CMP-0024,19 Mar 2025,WEBSITE VISIT,no
INT-0000701,1389,CMP-0004,"Jan 08, 2025", Website Visit ,No 
INT-0000702,910,CMP-0021,02/28/2025, Impression,YES
INT-0000703,752,CMP-0029,12/15/2025,email open, No 
INT-0000704,902,CMP-0004,09/07/2025,email open,no
INT-0000705,624,CMP-0027,20-12-2025,Trial Signup,NO
INT-0000706,1240,CMP-0002,16 Apr 2025,email open,No
INT-0000707,178,CMP-0007,"Feb 04, 2025",Click, No 
INT-0000708,49,CMP-0012,10 Jul 2025,Trial Signup,No 
INT-0000709,936,CMP-0006,20 Nov 2025,trial signup, No
INT-0000710,1345,CMP-0026,26-09-2025, Website Visit ,No 
INT-0000711,1374,CMP-0020,07 May 2025, Trial Signup ,No
INT-0000712,1013,CMP-0013,07/23/2025,Demo Request ,No 
INT-0000713,626,CMP-0020,27 Mar 2025,website visit,NO
INT-0000714,589,CMP-0012,20-04-2025,TRIAL SIGNUP,NO
INT-0000715,1078,CMP-0010,02/14/2025, Website Visit,NO
INT-0000716,1406,CMP-0017,10-09-2025,Demo Request ,no
INT-0000717,979,CMP-0009,26/04/2025,website visit,No 
INT-0000718,1060,CMP-0019,18-08-2025,EMAIL OPEN,Yes
INT-0000719,271,CMP-0025,2025-10-19,click,no
INT-0000720,316,CMP-0030,2025-05-18, Trial Signup ,NO
INT-0000721,1476,CMP-0025,"Oct 31, 2025",email open, No
INT-0000722,644,CMP-0016,"Jan 30, 2025", Trial Signup ,No 
INT-0000723,341,CMP-0027,24 Aug 2025, Email Open,NO
INT-0000724,1374,CMP-0020,05/30/2025, Impression ,No 
INT-0000725,914,CMP-0016,11/03/2025,website visit,NO
INT-0000726,978,CMP-0006,31/05/2025,email open,NO
INT-0000727,825,CMP-0011,04/26/2025,TRIAL SIGNUP, No
INT-0000728,605,CMP-0027,04/05/2025,Click ,NO
INT-0000729,354,CMP-0013,"Mar 11, 2025", Website Visit,No
INT-0000730,1392,CMP-0027,14-10-2025, Impression, No
INT-0000731,785,CMP-0029,27/08/2025, Click ,no
INT-0000732,19,CMP-0028,27/06/2025,Click,NO
INT-0000733,1118,CMP-0008,08-12-2025, Trial Signup,No 
INT-0000734,1448,CMP-0011,26 Jul 2025,WEBSITE VISIT, No 
INT-0000735,1130,CMP-0017,05-10-2025,WEBSITE VISIT,no
INT-0000736,1189,CMP-0019,13/03/2025,Email Open, No 
INT-0000737,546,CMP-0014,"Jan 24, 2025", Click,NO
INT-0000738,1253,CMP-0025,"Jun 20, 2025",demo request, No
INT-0000739,598,CMP-0014,05/09/2025,Email Open,No
INT-0000740,423,,11-08-2025,demo request,Yes 
INT-0000741,147,CMP-0011,15/04/2025,email open,No 
INT-0000742,331,CMP-0019,14 Nov 2025,Impression , No
INT-0000743,357,CMP-0018,02/08/2025,Website Visit,YES
INT-0000744,612,CMP-0024,27/08/2025,email open, No
INT-0000745,795,CMP-0027,30/01/2025, Email Open , Yes
INT-0000746,921,CMP-0030,25 Feb 2025, Impression ,No 
INT-0000747,1390,CMP-0024,27/10/2025,Trial Signup ,Yes
INT-0000748,731,CMP-0015,12/20/2025,email open,NO
INT-0000749,140,CMP-0003,"Apr 19, 2025",TRIAL SIGNUP,no
INT-0000750,1201,CMP-0005,08 Nov 2025, Demo Request, No
INT-0000751,700011,CMP-0010,08 Jun 2025,IMPRESSION,No
INT-0000752,273,CMP-0020,17 Nov 2025,WEBSITE VISIT,no
INT-0000753,609,CMP-0025,17/08/2025,EMAIL OPEN,No
INT-0000754,499,CMP-0026,18-05-2025,DEMO REQUEST, No 
INT-0000755,1336,CMP-0019,27 Jun 2025,Demo Request ,No
INT-0000756,1251,CMP-0015,04 Mar 2025, Trial Signup ,No
INT-0000757,9,,2025-06-01,Trial Signup ,No 
INT-0000758,424,CMP-0030,18 Feb 2025,Click , No
INT-0000759,214,CMP-0014,02/11/2025,Click,NO
INT-0000760,723,CMP-0001,10/12/2025, Click,no
INT-0000761,1126,CMP-0014,11 Feb 2025,EMAIL OPEN,Yes
INT-0000762,1168,CMP-0029,30 Nov 2025,Demo Request,no
INT-0000763,788,CMP-0029,25-06-2025, Click,No 
INT-0000764,288,CMP-0001,15/07/2025,WEBSITE VISIT, No
INT-0000765,763,CMP-0024,07/02/2025,Trial Signup,NO
INT-0000766,970,CMP-0025,12 Jun 2025,website visit,Yes 
INT-0000767,208,CMP-0019,06 Dec 2025, Website Visit , No
INT-0000768,137,CMP-9010,30-12-2025,Email Open,NO
INT-0000769,1255,CMP-0006,17/04/2025, Email Open, No
INT-0000770,1262,CMP-0005,2025-06-12, Trial Signup,No
INT-0000771,754,CMP-0029,05-02-2025,demo request, No
INT-0000772,82,CMP-0009,15/09/2025,TRIAL SIGNUP,No 
INT-0000773,975,CMP-0001,05-02-2025,Demo Request ,No
INT-0000774,1451,CMP-0026,2025-07-21,Email Open ,No 
INT-0000775,675,CMP-0012,2025-08-15, Email Open,no
INT-0000776,867,CMP-0010,02 Aug 2025, Click,No
INT-0000777,1496,CMP-0014,20-06-2025,Demo Request , No 
INT-0000778,876,CMP-0009,21/06/2025,IMPRESSION,No 
INT-0000779,1011,CMP-0007,05/09/2025,IMPRESSION,Yes
INT-0000780,62,CMP-0014,06-07-2025,email open,YES
INT-0000781,1247,CMP-0017,02/09/2025, Trial Signup ,no
INT-0000782,291,CMP-0011,"Nov 09, 2025",Click ,No
INT-0000783,159,CMP-0018,14-08-2025,Email Open,NO
INT-0000784,1404,CMP-0009,05/28/2025, Impression ,NO
INT-0000785,1171,CMP-0017,07/13/2025, Website Visit , No
INT-0000786,1412,CMP-0008,15-05-2025,Impression, No 
INT-0000787,349,CMP-0028,"Sep 03, 2025",Website Visit,no
INT-0000788,449,CMP-0001,09/06/2025,Demo Request , No 
INT-0000789,148,CMP-0013,"Jul 28, 2025", Email Open , No
INT-0000790,966,CMP-0029,27-10-2025,impression,NO
INT-0000791,396,CMP-0001,"Dec 27, 2025", Impression,NO
INT-0000792,1085,CMP-0021,"Jun 14, 2025", Email Open, Yes 
INT-0000793,255,CMP-0024,"Mar 20, 2025",Demo Request , No 
INT-0000794,832,CMP-0019,24/10/2025, Trial Signup ,No
INT-0000795,133,CMP-0024,28 Nov 2025,impression, Yes
INT-0000796,656,CMP-0018,16 Sep 2025, Email Open ,No 
INT-0000797,922,CMP-0019,25-05-2025,email open,No
INT-0000798,233,CMP-0013,01-03-2025,Website Visit ,no
INT-0000799,411,CMP-0020,"Feb 06, 2025",Website Visit , No 
INT-0000800,855,CMP-0001,"Jun 11, 2025",Website Visit, Yes 
INT-0000801,211,CMP-0010,04 Jun 2025,WEBSITE VISIT,No
INT-0000802,144,CMP-0018,15 Mar 2025,Trial Signup, No
INT-0000803,604,CMP-0022,31-12-2025,Website Visit ,YES
INT-0000804,710,CMP-0006,11/03/2025, Website Visit ,no
INT-0000805,802,CMP-0019,"Jun 21, 2025",Click , Yes 
INT-0000806,738,CMP-0006,2025-08-18, Email Open, No
INT-0000807,322,CMP-0023,03-03-2025,Click, No 
INT-0000808,574,CMP-0030,29-07-2025,Trial Signup ,No
INT-0000809,1450,CMP-0018,2025-05-02, Email Open,no
INT-0000810,1023,CMP-0017,"Dec 14, 2025",Website Visit,NO
INT-0000811,85,CMP-0013,2025-07-27, Website Visit, No 
INT-0000812,84,CMP-0018,20/11/2025,demo request,No
INT-0000813,351,CMP-0007,2025-12-19, Impression , No 
INT-0000814,1006,CMP-0009,11/11/2025,Trial Signup ,NO
INT-0000815,982,CMP-0017,31/10/2025,WEBSITE VISIT,No 
INT-0000816,1404,CMP-0026,04/21/2025,IMPRESSION, No 
INT-0000817,194,CMP-0002,"Aug 16, 2025", Impression,No 
INT-0000818,888,CMP-0019,02/12/2025, Website Visit ,Yes 
INT-0000819,1480,CMP-0004,01/05/2025,Email Open,No
INT-0000820,366,CMP-0017,08 Jul 2025, Website Visit, No
INT-0000821,559,CMP-0009,18 Jan 2025,demo request, Yes
INT-0000822,21,CMP-0012,2025-03-27,click,NO
INT-0000823,1,CMP-0018,04-07-2025,Demo Request , No 
INT-0000824,1492,CMP-0007,2025-09-12,Website Visit ,Yes
INT-0000825,689,CMP-0012,"Jan 10, 2025", Impression ,NO
INT-0000826,1350,CMP-0013,2025-07-06,Click ,No
INT-0000827,96,CMP-0030,12/03/2025,impression,No 
INT-0000828,1146,CMP-0007,06 Oct 2025,Demo Request ,No 
INT-0000829,279,CMP-0021,04/08/2025, Trial Signup,No
INT-0000830,518,CMP-0004,"Jun 28, 2025",TRIAL SIGNUP,no
INT-0000831,951,CMP-0002,2025-05-30,Demo Request, No
INT-0000832,1437,,24-07-2025,website visit,No
INT-0000833,553,CMP-0005,05/10/2025,Click,Yes 
INT-0000834,543,CMP-0017,"Jan 15, 2025", Trial Signup, No
INT-0000835,1248,CMP-0011,"Jun 10, 2025",Email Open , No 
INT-0000836,866,CMP-0016,10/01/2025,impression, No
INT-0000837,550,CMP-0018,06-06-2025,Demo Request ,No 
INT-0000838,129,CMP-0021,2025-02-13, Email Open,NO
INT-0000839,468,CMP-0014,10 Mar 2025,Click ,Yes
INT-0000840,1498,CMP-0016,15/04/2025,DEMO REQUEST, No
INT-0000841,1061,CMP-0021,2025-04-09, Website Visit,No 
INT-0000842,1431,CMP-0017,08/18/2025,CLICK,No
INT-0000843,1188,CMP-0026,29 Dec 2025,demo request, No 
INT-0000844,1142,CMP-0004,"Feb 26, 2025", Demo Request ,No 
INT-0000845,138,CMP-0026,11 May 2025,Demo Request ,No
INT-0000846,374,,29 Mar 2025,Click ,no
INT-0000847,1014,CMP-0017,03 Apr 2025, Trial Signup,no
INT-0000848,1379,CMP-0002,04/26/2025,Impression,No 
INT-0000849,999,CMP-0022,2025-06-15,EMAIL OPEN, No 
INT-0000850,425,CMP-0024,16-01-2025, Demo Request , No 
INT-0000851,1366,CMP-0021,16 May 2025,Demo Request,No
INT-0000852,1171,CMP-0026,08/07/2025, Trial Signup, No 
INT-0000853,1460,CMP-0018,18/10/2025, Email Open,NO
INT-0000854,745,CMP-0026,14-07-2025,trial signup,no
INT-0000855,719,CMP-0026,04-03-2025,email open,No
INT-0000856,1312,CMP-0025,"Mar 04, 2025", Website Visit,No
INT-0000857,1424,CMP-0026,05 Aug 2025, Click,yes
INT-0000858,822,CMP-0021,2025-02-23,WEBSITE VISIT, No
INT-0000859,210,CMP-0023,26/01/2025, Impression ,no
INT-0000860,1078,CMP-0010,10 Jul 2025,email open,no
INT-0000861,489,CMP-0029,23 Nov 2025,Website Visit , No 
INT-0000862,892,CMP-0004,08-02-2025,Demo Request,NO
INT-0000863,789,CMP-0014,08 Apr 2025,Impression , Yes 
INT-0000864,1484,CMP-0013,2025-09-11, Website Visit,No 
INT-0000865,1189,CMP-0016,2025-10-24,Website Visit , No
INT-0000866,1373,CMP-0026,2025-05-11, Email Open ,No
INT-0000867,1232,CMP-0005,03/01/2025,WEBSITE VISIT, No
INT-0000868,148,CMP-0007,"Nov 27, 2025",CLICK,no
INT-0000869,596,CMP-0010,2025-10-06,email open, No 
INT-0000870,672,CMP-0016,"Mar 15, 2025",Impression ,No
INT-0000871,419,CMP-0023,09 Mar 2025,DEMO REQUEST,NO
INT-0000872,1193,CMP-0007,23 Apr 2025, Website Visit,no
INT-0000873,205,CMP-0011,"Apr 30, 2025",trial signup,no
INT-0000874,1145,CMP-0020,27-03-2025, Impression,no
INT-0000875,1316,CMP-0007,2025-01-05,Trial Signup ,No 
INT-0000876,826,CMP-0023,20/07/2025, Demo Request ,No
INT-0000877,1157,CMP-0007,08 Aug 2025,TRIAL SIGNUP,No 
INT-0000878,1375,CMP-0028,17 Dec 2025,IMPRESSION, No
INT-0000879,1129,CMP-0018,2025-07-16,trial signup,no
INT-0000880,1099,CMP-0005,11/27/2025, Email Open , No
INT-0000881,1374,CMP-0015,05/19/2025,Demo Request, Yes 
INT-0000882,516,CMP-0030,2025-05-20, Trial Signup, No
INT-0000883,833,CMP-0020,2025-09-25,Website Visit, Yes 
INT-0000884,468,CMP-0018,14-12-2025,EMAIL OPEN,NO
INT-0000885,1321,CMP-0016,02-04-2025,IMPRESSION,No
INT-0000886,875,CMP-0005,"Nov 23, 2025",Demo Request,YES
INT-0000887,1315,CMP-0023,27 Mar 2025, Impression , No
INT-0000888,57,CMP-0019,"May 05, 2025", Website Visit ,No 
INT-0000889,628,CMP-0016,06 Oct 2025, Email Open,No
INT-0000890,1227,CMP-0008,24/06/2025,Click,No
INT-0000891,825,CMP-0026,23 Aug 2025,demo request, No 
INT-0000892,213,CMP-0005,03/29/2025,Email Open,No 
INT-0000893,620,CMP-0024,2025-09-07, Website Visit,No
INT-0000894,1130,CMP-0008,17-02-2025,WEBSITE VISIT,no
INT-0000895,402,CMP-0014,20/07/2025, Demo Request, No
INT-0000896,1283,CMP-0004,10 Apr 2025, Website Visit ,no
INT-0000897,706,CMP-0030,08/31/2025,CLICK,NO
INT-0000898,792,CMP-0011,09/12/2025, Trial Signup, No
INT-0000899,1062,CMP-0012,03/31/2025, Impression, Yes 
INT-0000900,649,CMP-0030,2025-07-03, Impression , No
INT-0000901,692,CMP-0021,15-01-2025,Trial Signup,NO
INT-0000902,581,CMP-0019,13/11/2025, Demo Request ,no
INT-0000903,1293,CMP-0018,"May 18, 2025",Email Open,No
INT-0000904,1361,CMP-0019,10/08/2025,IMPRESSION,YES
INT-0000905,527,CMP-0024,07/17/2025,Impression ,YES
INT-0000906,553,CMP-0002,02/26/2025,Email Open , No
INT-0000907,90,CMP-0013,08/11/2025,DEMO REQUEST, No 
INT-0000908,1379,CMP-0011,30-03-2025,click, No
INT-0000909,312,CMP-0025,20-06-2025,Demo Request,NO
INT-0000910,10,CMP-0020,15 May 2025, Click ,Yes 
INT-0000911,1192,CMP-0007,15/02/2025,Impression,No
INT-0000912,413,CMP-0001,11 May 2025, Demo Request ,Yes 
INT-0000913,1310,CMP-0001,13-10-2025,Email Open, Yes 
INT-0000914,917,CMP-0017,08-06-2025,EMAIL OPEN,Yes
INT-0000915,8,CMP-0012,29-03-2025, Impression,No 
INT-0000916,430,CMP-0026,22/08/2025, Demo Request,Yes
INT-0000917,66,CMP-0020,29 Mar 2025, Email Open, No
INT-0000918,400,CMP-0026,19 Jun 2025,Click ,Yes
INT-0000919,1126,CMP-0011,06/04/2025,WEBSITE VISIT,NO
INT-0000920,1107,CMP-0022,"Nov 25, 2025",Trial Signup,No 
INT-0000921,282,CMP-0009,25/12/2025,trial signup, No
INT-0000922,299,CMP-0014,15/01/2025, Website Visit,No 
INT-0000923,188,CMP-0015,2025-05-04, Trial Signup ,Yes 
INT-0000924,1400,CMP-0023,02/13/2025,click,Yes 
INT-0000925,1411,CMP-0026,07/06/2025,Click,Yes 
INT-0000926,136,CMP-0001,24/06/2025, Impression ,No 
INT-0000927,1486,CMP-0027,2025-12-06,impression,NO
INT-0000928,650,CMP-0009,31-12-2025,Impression,NO
INT-0000929,292,CMP-0010,05/12/2025,impression,no
INT-0000930,70,CMP-0015,26-01-2025,Website Visit,No 
INT-0000931,298,CMP-0021,11/12/2025,website visit, No
INT-0000932,419,CMP-0005,"Oct 01, 2025", Impression ,no
INT-0000933,700017,CMP-0009,2025-01-22, Website Visit ,NO
INT-0000934,108,CMP-0005,04/06/2025,Demo Request, No
INT-0000935,795,CMP-0005,12/15/2025,Demo Request , No 
INT-0000936,644,CMP-0006,2025-07-26, Impression ,YES
INT-0000937,1133,CMP-0009,04/19/2025, Click,No 
INT-0000938,140,CMP-0013,2025-12-06,Demo Request ,NO
INT-0000939,173,CMP-0023,30-03-2025,Click,No 
INT-0000940,359,CMP-0022,31 Mar 2025, Impression, No
INT-0000941,541,CMP-0005,04/12/2025,TRIAL SIGNUP, No 
INT-0000942,1337,CMP-0016,25 Feb 2025, Email Open ,NO
INT-0000943,792,CMP-0003,10-02-2025,DEMO REQUEST, No
INT-0000944,717,CMP-0022,2025-08-20,EMAIL OPEN,No 
INT-0000945,947,CMP-0008,04-05-2025, Website Visit , No 
INT-0000946,684,CMP-0021,"Dec 14, 2025", Click,No
INT-0000947,76,CMP-0016,"Oct 02, 2025", Click ,No 
INT-0000948,59,CMP-0018,07-01-2025, Trial Signup,Yes
INT-0000949,879,CMP-0012,24-02-2025, Demo Request , No 
INT-0000950,609,CMP-0029,03/24/2025, Impression ,no
INT-0000951,790,CMP-0014,23-04-2025, Demo Request , No
INT-0000952,1382,CMP-0014,03 Dec 2025, Demo Request, No 
INT-0000953,1029,CMP-0010,"Feb 10, 2025",TRIAL SIGNUP,no
INT-0000954,85,CMP-0007,04 Jul 2025, Impression ,NO
INT-0000955,159,CMP-0015,2025-04-18,Trial Signup ,No
INT-0000956,168,CMP-0016,08 Jul 2025,Trial Signup, No 
INT-0000957,536,CMP-0019,26-07-2025,EMAIL OPEN,no
INT-0000958,223,CMP-0022,01-06-2025,website visit, No
INT-0000959,905,CMP-0002,12/02/2025, Click ,NO
INT-0000960,777,CMP-0011,"Jan 10, 2025",TRIAL SIGNUP, Yes
INT-0000961,1141,CMP-0005,"Feb 08, 2025",Demo Request ,no
INT-0000962,585,CMP-0017,"Oct 06, 2025",Click,NO
INT-0000963,1233,CMP-0008,11-12-2025,Website Visit,yes
INT-0000964,733,CMP-0012,2025-01-17,Trial Signup ,Yes
INT-0000965,59,CMP-0019,17-05-2025,Click , No 
INT-0000966,1136,CMP-0020,"Jun 09, 2025", Website Visit ,NO
INT-0000967,515,CMP-0002,06/13/2025,Email Open, No 
INT-0000968,1245,CMP-0005,21 May 2025,TRIAL SIGNUP,No
INT-0000969,1487,CMP-0022,07/09/2025, Website Visit, Yes
INT-0000970,494,CMP-0015,08/21/2025, Trial Signup ,NO
INT-0000971,931,CMP-0011,2025-05-11,TRIAL SIGNUP,No 
INT-0000972,239,CMP-0006,17-01-2025, Click, No 
INT-0000973,1169,CMP-0012,02/02/2025, Impression,No 
INT-0000974,1142,CMP-0010,12/12/2025,Email Open ,NO
INT-0000975,695,CMP-0003,26-06-2025, Email Open,NO
INT-0000976,279,CMP-0005,"Apr 18, 2025", Demo Request ,No 
INT-0000977,119,CMP-0013,11/18/2025,Demo Request,No
INT-0000978,1268,CMP-0001,12 Apr 2025,Impression ,No
INT-0000979,1158,CMP-0011,09/16/2025,Demo Request ,no
INT-0000980,11,CMP-0021,05/05/2025,WEBSITE VISIT,No 
INT-0000981,174,CMP-0007,30-12-2025, Website Visit, No 
INT-0000982,389,CMP-0009,"Dec 12, 2025", Trial Signup, No
INT-0000983,818,CMP-0027,27-07-2025,website visit,No 
INT-0000984,266,CMP-0021,"Jun 07, 2025",Email Open ,NO
INT-0000985,1010,CMP-0018,29-08-2025,Impression,NO
INT-0000986,1329,CMP-0003,08/16/2025,Demo Request,no
INT-0000987,1258,CMP-0006,03/21/2025,Trial Signup, Yes 
INT-0000988,103,CMP-0016,06/29/2025,Email Open, No 
INT-0000989,610,CMP-0018,12/02/2025,website visit,yes
INT-0000990,559,CMP-0008,08/25/2025,Demo Request,NO
INT-0000991,60,CMP-0011,2025-06-05,Website Visit ,no
INT-0000992,1083,CMP-0011,"Dec 05, 2025",DEMO REQUEST, No 
INT-0000993,595,CMP-0029,18 Sep 2025,website visit, No 
INT-0000994,398,CMP-0018,08-12-2025,TRIAL SIGNUP, Yes 
INT-0000995,1369,CMP-0019,06 Jan 2025, Demo Request ,no
INT-0000996,588,CMP-0006,2025-04-26,Website Visit ,No 
INT-0000997,6,CMP-0009,2025-08-10, Click,No
INT-0000998,1148,CMP-0012,"Dec 03, 2025", Demo Request , No
INT-0000999,849,CMP-0027,"Mar 24, 2025",trial signup,no
INT-0001000,1301,CMP-0004,"Jul 11, 2025",Email Open , No
INT-0001001,50,CMP-0013,2025-01-17,Click, No 
INT-0001002,511,CMP-0022,31/10/2025,Demo Request ,no
INT-0001003,1156,CMP-0023,"Feb 25, 2025",website visit,No
INT-0001004,1479,CMP-0010,11 Nov 2025,Website Visit , Yes 
INT-0001005,1100,CMP-0011,22/10/2025,Website Visit,no
INT-0001006,1425,CMP-0021,2025-09-29,Demo Request,no
INT-0001007,1263,CMP-0026,31-01-2025, Website Visit , No 
INT-0001008,822,CMP-0022,2025-06-10,IMPRESSION,NO
INT-0001009,1050,CMP-0019,17-06-2025,CLICK, No 
INT-0001010,336,CMP-0011,21-07-2025,IMPRESSION,No 
INT-0001011,1051,CMP-0028,07/08/2025,TRIAL SIGNUP,YES
INT-0001012,799,CMP-0007,01/22/2025,Email Open,No 
INT-0001013,1068,CMP-0022,10 Sep 2025, Impression ,YES
INT-0001014,109,CMP-0027,"Oct 17, 2025",CLICK,no
INT-0001015,493,CMP-0028,07 Jul 2025,TRIAL SIGNUP,yes
INT-0001016,162,CMP-0018,"Aug 09, 2025", Impression, Yes 
INT-0001017,213,CMP-0021,07/07/2025, Website Visit,Yes 
INT-0001018,325,CMP-0011,02 Oct 2025, Demo Request, No 
INT-0001019,421,CMP-0024,"Oct 05, 2025",Demo Request ,No
INT-0001020,937,CMP-0004,12-03-2025,Impression,No
INT-0001021,397,CMP-0002,2025-02-12,website visit,No 
INT-0001022,521,CMP-0003,18 Jul 2025,EMAIL OPEN,No 
INT-0001023,150,CMP-0017,2025-08-23, Email Open ,No 
INT-0001024,1477,CMP-0019,29/10/2025,Demo Request , Yes
INT-0001025,220,CMP-0002,12/02/2025, Website Visit,no
INT-0001026,1500,CMP-0024,22-12-2025, Website Visit,NO
INT-0001027,289,CMP-0018,10/12/2025,Demo Request ,No 
INT-0001028,681,CMP-0024,24-10-2025,Trial Signup, No
INT-0001029,175,CMP-0008,19/09/2025,TRIAL SIGNUP,No 
INT-0001030,833,CMP-0016,12/03/2025,Demo Request ,No 
INT-0001031,1428,CMP-0007,01/29/2025, Website Visit ,NO
INT-0001032,58,CMP-0002,07/09/2025, Email Open ,no
INT-0001033,1389,CMP-0002,"May 07, 2025", Impression ,No 
INT-0001034,830,CMP-0008,04-09-2025,demo request,NO
INT-0001035,677,CMP-0010,12-01-2025,TRIAL SIGNUP,no
INT-0001036,1440,CMP-0026,2025-12-19,click, No 
INT-0001037,82,CMP-0004,"Feb 07, 2025",Email Open ,No
INT-0001038,1059,CMP-0026,06 Aug 2025, Trial Signup, No 
INT-0001039,1266,CMP-0002,19/07/2025,Website Visit ,YES
INT-0001040,1378,CMP-0004,29 Sep 2025,Click,No 
INT-0001041,149,,2025-01-12,EMAIL OPEN, No 
INT-0001042,693,CMP-0021,14 Apr 2025,Click , No 
INT-0001043,1366,CMP-0010,12/27/2025, Trial Signup , Yes
INT-0001044,607,CMP-0017,"May 12, 2025",CLICK,no
INT-0001045,402,CMP-0011,30 Mar 2025,demo request, Yes
INT-0001046,1185,CMP-0024,"Oct 20, 2025",Email Open,Yes 
INT-0001047,201,CMP-0025,20-02-2025, Email Open, No 
INT-0001048,681,CMP-0017,"Aug 30, 2025",CLICK, No 
INT-0001049,1407,CMP-0010,2025-05-30,CLICK, No 
INT-0001050,1500,CMP-0006,11/03/2025, Click,No 
INT-0001051,570,CMP-0021,24 Mar 2025,Website Visit,Yes
INT-0001052,41,CMP-0020,"Aug 13, 2025",Email Open , No 
INT-0001053,250,CMP-0014,03 May 2025,Impression,no
INT-0001054,1129,CMP-0015,26/06/2025,Impression,no
INT-0001055,1186,,24-04-2025, Click ,no
INT-0001056,798,CMP-0009,12-10-2025, Trial Signup, No
INT-0001057,887,CMP-0007,2025-08-16,email open,No 
INT-0001058,1392,CMP-0014,2025-08-30,impression,No 
INT-0001059,1317,CMP-0007,"Jan 16, 2025",Click,No
INT-0001060,883,CMP-0028,08/26/2025, Trial Signup ,No
INT-0001061,1265,CMP-0024,26/04/2025,Impression,no
INT-0001062,722,CMP-0027,29 Apr 2025, Impression , Yes
INT-0001063,651,CMP-0018,08/01/2025, Click , No 
INT-0001064,984,CMP-0009,2025-06-12, Impression,No
INT-0001065,797,CMP-0018,2025-02-09,demo request,No
INT-0001066,562,CMP-0003,24-06-2025,email open,No 
INT-0001067,864,CMP-0006,"Feb 05, 2025", Demo Request ,No 
INT-0001068,267,CMP-0006,30-06-2025,Email Open ,yes
INT-0001069,900,CMP-0006,30/10/2025, Email Open ,yes
INT-0001070,600,CMP-0005,09-11-2025,Trial Signup ,No 
INT-0001071,495,CMP-0014,2025-04-10,Demo Request, No
INT-0001072,1073,CMP-0018,10-12-2025, Website Visit , Yes
INT-0001073,312,CMP-0010,15 Jan 2025,demo request, No
INT-0001074,496,CMP-0007,2025-03-01,DEMO REQUEST, No
INT-0001075,1491,CMP-0009,19 Jan 2025,Click,No 
INT-0001076,812,CMP-0021,09/15/2025,Click ,No
INT-0001077,817,CMP-0012,18 Jun 2025,email open,NO
INT-0001078,186,CMP-0015,27/09/2025, Impression ,No 
INT-0001079,758,CMP-0025,"Feb 20, 2025",Website Visit, No
INT-0001080,502,CMP-0028,22-06-2025,Demo Request, Yes
INT-0001081,1396,CMP-0030,11 Dec 2025, Click , Yes
INT-0001082,216,CMP-0001,2025-08-24,Impression ,no
INT-0001083,532,CMP-0014,"Jul 20, 2025",Impression,No 
INT-0001084,785,CMP-0016,21/06/2025,Click,No
INT-0001085,772,CMP-0029,08 Jun 2025,Demo Request,no
INT-0001086,93,CMP-0010,19/05/2025,DEMO REQUEST,YES
INT-0001087,444,CMP-0016,01/28/2025,DEMO REQUEST,Yes 
INT-0001088,1122,CMP-0005,05/10/2025,website visit, No
INT-0001089,690,CMP-0023,20-06-2025,email open,Yes 
INT-0001090,136,CMP-0010,2025-05-23, Website Visit ,Yes 
INT-0001091,968,CMP-0024,29 Jul 2025, Website Visit,no
INT-0001092,533,CMP-0002,02/05/2025,WEBSITE VISIT, No
INT-0001093,409,CMP-0006,2025-04-20, Demo Request, Yes 
INT-0001094,1207,CMP-0023,22-09-2025, Impression , No
INT-0001095,1081,CMP-0023,16-07-2025, Click ,No 
INT-0001096,1325,CMP-0005,"Feb 16, 2025",Email Open,NO
INT-0001097,1493,CMP-0030,2025-12-14,trial signup,NO
INT-0001098,160,,18 Apr 2025,Impression ,no
INT-0001099,1240,CMP-0022,2025-01-07,Click,NO
INT-0001100,208,CMP-0011,19-03-2025,CLICK,Yes
INT-0001101,591,CMP-0009,15 Mar 2025,Demo Request,no
INT-0001102,1077,CMP-0022,2025-08-03, Trial Signup ,NO
INT-0001103,370,CMP-0024,07 Jul 2025,Trial Signup,No 
INT-0001104,1130,CMP-0017,15 May 2025,DEMO REQUEST,YES
INT-0001105,14,CMP-0018,09-01-2025,Website Visit,no
INT-0001106,510,CMP-0018,10/10/2025,impression, No
INT-0001107,611,CMP-0021,28 Nov 2025,Demo Request,No
INT-0001108,201,CMP-0016,"Nov 04, 2025",demo request,no
INT-0001109,474,CMP-0008,30 Aug 2025,Demo Request, Yes
INT-0001110,82,CMP-0020,29 Jul 2025,Website Visit,No
INT-0001111,1113,CMP-0012,09 Dec 2025,impression,NO
INT-0001112,547,CMP-0013,13-08-2025, Click, Yes 
INT-0001113,1488,CMP-0016,"Oct 22, 2025", Demo Request,yes
INT-0001114,71,CMP-0028,2025-04-03,CLICK,No 
INT-0001115,479,CMP-0016,20-07-2025,Email Open , No
INT-0001116,914,CMP-0022,20 Nov 2025, Click ,NO
INT-0001117,1064,CMP-0022,2025-03-01,TRIAL SIGNUP, Yes
INT-0001118,1113,CMP-0002,27 Aug 2025,Demo Request ,no
INT-0001119,1084,CMP-0011,16 Dec 2025, Demo Request ,NO
INT-0001120,1369,CMP-0028,"Apr 21, 2025",trial signup,NO
INT-0001121,1396,CMP-0016,2025-06-19,trial signup,Yes 
INT-0001122,1018,CMP-0022,16-10-2025, Trial Signup, Yes 
INT-0001123,1009,CMP-0006,08-10-2025,Click,NO
INT-0001124,523,CMP-0013,2025-09-11,Trial Signup , Yes 
INT-0001125,21,CMP-0006,"Nov 07, 2025",Demo Request,No
INT-0001126,565,CMP-0017,2025-07-04,Trial Signup , No 
INT-0001127,778,CMP-0021,24 Apr 2025,DEMO REQUEST,NO
INT-0001128,352,CMP-0026,09/17/2025, Demo Request,No
INT-0001129,639,CMP-0014,07/09/2025,Impression, No
INT-0001130,30,CMP-0025,03/09/2025, Impression ,No
INT-0001131,129,CMP-0001,2025-11-02, Demo Request ,No
INT-0001132,26,CMP-0025,"Apr 13, 2025",website visit, No 
INT-0001133,221,,"Mar 26, 2025",Email Open ,yes
INT-0001134,1090,CMP-0021,"May 19, 2025",click,Yes
INT-0001135,282,CMP-0011,2025-03-11,Click ,NO
INT-0001136,1037,CMP-0025,19/10/2025, Impression ,No
INT-0001137,415,CMP-0012,03/19/2025,demo request, Yes
INT-0001138,1022,CMP-0016,30 Apr 2025, Email Open ,no
INT-0001139,771,CMP-0009,10-09-2025,demo request,NO
INT-0001140,1275,CMP-0018,04/30/2025,Click ,NO
INT-0001141,1282,CMP-0020,05 May 2025, Trial Signup,No
INT-0001142,571,CMP-0013,"Dec 28, 2025",email open,yes
INT-0001143,1350,CMP-0023,"Jul 01, 2025", Email Open,no
INT-0001144,1062,CMP-0002,19/01/2025,impression, Yes
INT-0001145,370,CMP-0010,07/03/2025, Website Visit,No
INT-0001146,1299,CMP-0029,24/12/2025,click, No 
INT-0001147,874,CMP-0020,27-06-2025, Website Visit, No 
INT-0001148,174,CMP-0019,11/24/2025,DEMO REQUEST,no
INT-0001149,488,CMP-0020,25/09/2025,WEBSITE VISIT,NO
INT-0001150,1030,CMP-0022,2025-02-12, Email Open,No 
INT-0001151,277,CMP-0027,03/26/2025,Trial Signup,no
INT-0001152,500,CMP-0026,26-08-2025,TRIAL SIGNUP, No
INT-0001153,487,CMP-0021,21/04/2025, Trial Signup , No 
INT-0001154,1034,CMP-0022,03/26/2025,Email Open,No
INT-0001155,383,CMP-0016,17 Mar 2025,TRIAL SIGNUP, No 
INT-0001156,610,CMP-0012,29 May 2025,demo request,NO
INT-0001157,235,CMP-0006,09/08/2025,Demo Request,no
INT-0001158,1392,CMP-0030,02/11/2025,Email Open ,No
INT-0001159,850,CMP-0007,06/12/2025,Demo Request,no
INT-0001160,1073,CMP-0013,2025-05-20,Email Open , No
INT-0001161,186,CMP-0018,07/15/2025,Email Open, No
INT-0001162,1017,CMP-0022,09-12-2025,Website Visit,No 
INT-0001163,214,CMP-0009,05/20/2025,demo request,Yes 
INT-0001164,73,CMP-0015,04-05-2025, Email Open ,No 
INT-0001165,1089,CMP-0015,"Aug 04, 2025",Website Visit ,NO
INT-0001166,42,CMP-0028,"Jul 16, 2025",Demo Request ,No 
INT-0001167,487,,20-01-2025,Email Open,yes
INT-0001168,1391,CMP-0010,05-05-2025,Click ,No
INT-0001169,1245,CMP-0012,18-08-2025,email open, No 
INT-0001170,139,CMP-0011,03-08-2025,TRIAL SIGNUP,no
INT-0001171,995,CMP-0027,2025-12-20,EMAIL OPEN, No
INT-0001172,1218,CMP-0017,02/04/2025,TRIAL SIGNUP,no
INT-0001173,1437,CMP-0028,"Aug 22, 2025", Impression,No
INT-0001174,1199,CMP-0011,15 Feb 2025,CLICK,No 
INT-0001175,1415,CMP-0024,18/01/2025, Website Visit , Yes 
INT-0001176,1171,CMP-0011,06-07-2025,Website Visit ,YES
INT-0001177,446,CMP-0013,2025-09-16,Email Open,No
INT-0001178,1404,CMP-0028,10/01/2025, Website Visit,Yes
INT-0001179,562,CMP-0020,2025-07-19, Trial Signup, No 
INT-0001180,1284,CMP-0005,04/01/2025, Demo Request , No 
INT-0001181,158,CMP-0016,2025-10-20,Trial Signup,no
INT-0001182,72,CMP-0004,12/31/2025,Click ,NO
INT-0001183,217,CMP-0001,29 Jun 2025, Impression, No 
INT-0001184,1086,CMP-0029,2025-01-04, Click , No 
INT-0001185,153,CMP-0002,2025-06-07,email open,No 
INT-0001186,1007,CMP-0001,26-03-2025, Email Open,NO
INT-0001187,1005,CMP-0018,04-10-2025,Demo Request, No 
INT-0001188,1182,CMP-0009,21/04/2025, Email Open , No
INT-0001189,420,CMP-0009,02 Sep 2025, Email Open,NO
INT-0001190,1307,CMP-0010,26/09/2025,DEMO REQUEST,no
INT-0001191,1095,CMP-0026,21/04/2025, Impression, No 
INT-0001192,623,CMP-0009,2025-03-28,click,No
INT-0001193,530,CMP-0007,2025-06-02,Demo Request , No
INT-0001194,735,CMP-0010,20/02/2025,IMPRESSION, No
INT-0001195,694,CMP-0004,06 Sep 2025,Click , Yes 
INT-0001196,734,CMP-0023,14/01/2025,Trial Signup ,Yes 
INT-0001197,1264,CMP-0003,18 Feb 2025,Trial Signup ,No
INT-0001198,191,CMP-0006,24 Jan 2025, Website Visit ,No 
INT-0001199,921,CMP-0025,12/05/2025,website visit,No
INT-0001200,356,CMP-0018,12/18/2025,TRIAL SIGNUP, No 
INT-0001201,532,CMP-0006,"Sep 02, 2025", Demo Request,No
INT-0001202,1260,CMP-0023,17-07-2025,Impression,NO
INT-0001203,844,CMP-0020,15-04-2025,TRIAL SIGNUP, No 
INT-0001204,736,CMP-0016,"Oct 03, 2025",CLICK,No
INT-0001205,1239,CMP-0018,2025-01-09,Email Open ,NO
INT-0001206,234,CMP-0018,"Jun 01, 2025",email open,Yes 
INT-0001207,22,CMP-0001,"Jun 05, 2025",Click,No 
INT-0001208,58,CMP-0003,12/03/2025,TRIAL SIGNUP,YES
INT-0001209,441,CMP-0018,02-10-2025,WEBSITE VISIT,Yes
INT-0001210,1196,CMP-0005,"Jul 10, 2025",Email Open,No
INT-0001211,75,CMP-0007,16/02/2025, Trial Signup ,no
INT-0001212,1476,CMP-0010,2025-11-30,email open,NO
INT-0001213,124,CMP-0019,2025-11-12, Click, No
INT-0001214,862,CMP-0016,2025-06-25,Email Open ,No 
INT-0001215,766,CMP-0018,13-10-2025,website visit,No 
INT-0001216,1015,CMP-0029,02/09/2025,Trial Signup ,no
INT-0001217,1190,CMP-0003,20/09/2025,IMPRESSION,No
INT-0001218,639,CMP-0007,06-09-2025,Website Visit ,No
INT-0001219,608,CMP-0012,10/31/2025, Website Visit, Yes
INT-0001220,919,CMP-0011,2025-12-18, Trial Signup , No
INT-0001221,1274,CMP-0018,"Apr 23, 2025",CLICK,No 
INT-0001222,162,CMP-0004,18 Sep 2025,impression,Yes
INT-0001223,1257,CMP-0006,2025-02-17,Click ,No
INT-0001224,241,CMP-0011,17/08/2025,click,no
INT-0001225,1378,CMP-0021,20/05/2025,IMPRESSION, No
INT-0001226,1350,CMP-0003,07 Dec 2025,Demo Request , No 
INT-0001227,234,CMP-0011,15 Aug 2025, Click,YES
INT-0001228,452,CMP-0027,05 Mar 2025,TRIAL SIGNUP, No 
INT-0001229,630,CMP-0018,"Jul 06, 2025",IMPRESSION,No 
INT-0001230,253,CMP-0016,15/01/2025,demo request,NO
INT-0001231,1289,CMP-0005,26/12/2025,Website Visit , No
INT-0001232,905,CMP-0002,2025-04-19,Impression ,No
INT-0001233,848,CMP-0027,"Feb 26, 2025", Impression , No 
INT-0001234,147,CMP-0028,2025-02-06,Website Visit , No
INT-0001235,295,CMP-0028,09/23/2025,Website Visit,NO
INT-0001236,539,CMP-0019,"Feb 13, 2025",Impression , No
INT-0001237,289,CMP-0002,2025-01-30, Website Visit, Yes 
INT-0001238,1049,CMP-0027,04/11/2025,DEMO REQUEST, No
INT-0001239,775,CMP-0025,08-02-2025,Website Visit ,no
INT-0001240,1201,CMP-0013,06-07-2025,impression,no
INT-0001241,1183,CMP-0013,2025-08-21, Email Open , No
INT-0001242,1198,CMP-0029,18-07-2025,CLICK,No
INT-0001243,964,CMP-0006,2025-05-04,IMPRESSION, No 
INT-0001244,910,CMP-0028,31/05/2025, Trial Signup ,Yes 
INT-0001245,1279,CMP-0016,19-11-2025,Click,Yes 
INT-0001246,1462,CMP-0017,"Sep 12, 2025",Trial Signup, No
INT-0001247,1137,CMP-0029,02/10/2025, Demo Request ,No
INT-0001248,1005,CMP-0004,2025-05-31,Email Open,No
INT-0001249,488,CMP-0009,2025-01-18,website visit,Yes
INT-0001250,1424,CMP-0029,03/18/2025,demo request,YES
INT-0001251,696,CMP-0017,28 Sep 2025,Impression,YES
INT-0001252,1230,CMP-0005,2025-04-28, Website Visit , No 
INT-0001253,216,CMP-0018,2025-06-09,WEBSITE VISIT,no
INT-0001254,237,CMP-0014,01/14/2025, Click,No
INT-0001255,612,CMP-0014,08 Apr 2025,impression,No
INT-0001256,707,CMP-0020,11/15/2025,WEBSITE VISIT,No
INT-0001257,907,CMP-0001,14-07-2025,IMPRESSION,NO
INT-0001258,1218,CMP-0007,14-02-2025,Click ,no
INT-0001259,1270,CMP-0027,"Jun 15, 2025", Website Visit,No 
INT-0001260,614,CMP-0017,"Jun 30, 2025", Trial Signup,no
INT-0001261,582,CMP-0008,16-09-2025,trial signup,no
INT-0001262,1499,CMP-0029,03/25/2025,Trial Signup, Yes 
INT-0001263,826,CMP-0028,22/07/2025,Website Visit ,Yes 
INT-0001264,1105,CMP-0027,11/03/2025, Email Open ,NO
INT-0001265,369,CMP-0010,06/26/2025, Click, Yes 
INT-0001266,311,CMP-0026,"Jan 26, 2025", Trial Signup,no
INT-0001267,92,CMP-0028,"May 26, 2025",EMAIL OPEN,No
INT-0001268,146,CMP-0010,10/08/2025, Demo Request ,No 
INT-0001269,55,CMP-0001,29-03-2025,Demo Request,yes
INT-0001270,52,CMP-0025,18 Sep 2025, Website Visit ,No
INT-0001271,1364,CMP-0012,2025-09-15,Click, No
INT-0001272,613,CMP-0018,2025-02-13, Trial Signup ,YES
INT-0001273,1266,CMP-0025,03/05/2025, Click , No
INT-0001274,1402,CMP-0018,12/11/2025,Demo Request, Yes
INT-0001275,1246,CMP-0027,"May 11, 2025",Click ,No
INT-0001276,257,CMP-0007,03/04/2025,Impression ,No 
INT-0001277,1279,CMP-0030,26-04-2025,Click, No
INT-0001278,362,CMP-0019,28 Jul 2025, Email Open, No
INT-0001279,1202,CMP-0002,"Aug 20, 2025",CLICK,No
INT-0001280,654,CMP-0012,"Sep 02, 2025",Demo Request ,yes
INT-0001281,976,CMP-0020,"Oct 28, 2025",Trial Signup ,no
INT-0001282,869,CMP-0016,"Dec 01, 2025",Click , No
INT-0001283,272,CMP-0014,14 Mar 2025,Email Open ,no
INT-0001284,1222,CMP-0010,06 May 2025,DEMO REQUEST,No 
INT-0001285,575,CMP-0022,"Oct 16, 2025",Impression,yes
INT-0001286,147,CMP-0002,26/06/2025, Email Open,No 
INT-0001287,428,CMP-0012,"Jan 16, 2025",CLICK, No 
INT-0001288,909,CMP-0009,2025-08-02, Trial Signup,no
INT-0001289,1482,CMP-0007,"Oct 08, 2025",IMPRESSION,NO
INT-0001290,668,CMP-0027,05/20/2025, Trial Signup, No
INT-0001291,462,CMP-0003,"Jul 22, 2025",website visit,yes
INT-0001292,384,CMP-0014,14-03-2025, Click,NO
INT-0001293,1222,CMP-0024,2025-12-11, Email Open,No 
INT-0001294,871,CMP-0007,14-06-2025, Trial Signup ,NO
INT-0001295,875,CMP-0030,"Apr 24, 2025", Email Open ,yes
INT-0001296,1286,CMP-0018,02 Jul 2025, Website Visit , Yes 
INT-0001297,989,CMP-0021,2025-06-04, Demo Request,NO
INT-0001298,1406,CMP-0027,"Jul 20, 2025",Website Visit ,NO
INT-0001299,590,CMP-0009,01-04-2025,impression,no
INT-0001300,1237,CMP-0016,03/09/2025,Demo Request,No
INT-0001301,11,CMP-0009,02/23/2025,trial signup, No
INT-0001302,642,CMP-0008,2025-01-03,Trial Signup,YES
INT-0001303,349,CMP-0019,26-11-2025, Demo Request ,Yes
INT-0001304,363,CMP-0014,07/10/2025,click,NO
INT-0001305,858,CMP-0027,01/27/2025,Click,no
INT-0001306,764,CMP-0027,08/08/2025, Email Open, Yes
INT-0001307,853,CMP-0024,2025-08-09,Trial Signup, No 
INT-0001308,770,CMP-0014,20-08-2025, Demo Request ,Yes 
INT-0001309,897,CMP-0008,08/01/2025,Trial Signup ,YES
INT-0001310,455,CMP-0019,05 Mar 2025, Trial Signup, No 
INT-0001311,973,CMP-0027,"Nov 18, 2025", Demo Request,No 
INT-0001312,1487,CMP-0020,01/24/2025, Demo Request ,NO
INT-0001313,914,CMP-0005,29-04-2025,trial signup,yes
INT-0001314,714,CMP-0010,12/03/2025,Demo Request ,NO
INT-0001315,1227,CMP-0023,"Aug 11, 2025",Trial Signup,NO
INT-0001316,924,CMP-0013,17/10/2025,IMPRESSION, No 
INT-0001317,1493,CMP-0015,08 Dec 2025,demo request,yes
INT-0001318,1193,CMP-0019,30/10/2025,CLICK, No 
INT-0001319,1004,CMP-0026,15 Apr 2025,demo request,NO
INT-0001320,1387,CMP-0009,2025-03-26,Email Open , No
INT-0001321,88,CMP-0021,"Sep 21, 2025",DEMO REQUEST,No 
INT-0001322,795,CMP-0003,22 Mar 2025,email open,NO
INT-0001323,632,CMP-0024,"Apr 10, 2025", Email Open ,NO
INT-0001324,235,CMP-0002,10/28/2025,demo request, No 
INT-0001325,1180,CMP-0026,03/26/2025, Trial Signup ,No
INT-0001326,359,CMP-0009,"Jul 05, 2025",email open, Yes
INT-0001327,1388,CMP-0001,11/27/2025, Click,Yes 
INT-0001328,153,CMP-0026,12/22/2025,CLICK,No
INT-0001329,1104,CMP-0010,03/02/2025,Website Visit , No
INT-0001330,789,CMP-0021,2025-01-17,click,No
INT-0001331,1243,CMP-0012,05-08-2025,Click , Yes 
INT-0001332,1140,CMP-0027,2025-09-24,trial signup,no
INT-0001333,323,CMP-0015,27/02/2025, Impression, Yes 
INT-0001334,1110,CMP-0003,27 Jan 2025,demo request,YES
INT-0001335,821,CMP-0028,24 Aug 2025,click, No
INT-0001336,1471,CMP-0016,09-09-2025,Website Visit , No 
INT-0001337,274,CMP-0017,2025-01-23,Click ,NO
INT-0001338,227,CMP-0026,18-05-2025,demo request,no
INT-0001339,134,CMP-0011,01/04/2025,impression,NO
INT-0001340,856,CMP-0024,02/04/2025,Trial Signup , No 
INT-0001341,1014,CMP-0026,11/10/2025,Email Open,no
INT-0001342,176,CMP-0012,"Jun 05, 2025",DEMO REQUEST, No 
INT-0001343,100,CMP-0010,2025-05-09,click,No 
INT-0001344,246,CMP-0026,08/10/2025,TRIAL SIGNUP,no
INT-0001345,5,CMP-0011,17-09-2025,CLICK,NO
INT-0001346,1095,CMP-0027,2025-07-13,Impression,YES
INT-0001347,1310,CMP-0020,11/21/2025,Email Open,No 
INT-0001348,1371,CMP-0017,08/11/2025, Impression ,no
INT-0001349,299,CMP-0029,13/08/2025,Click,No 
INT-0001350,571,CMP-0004,"May 04, 2025", Demo Request ,no
INT-0001351,991,CMP-0015,29 Jan 2025,click,No 
INT-0001352,597,CMP-0029,26 Feb 2025,Website Visit,NO
INT-0001353,806,CMP-0028,18/06/2025,Email Open , Yes 
INT-0001354,534,CMP-0008,"Sep 01, 2025", Website Visit ,NO
INT-0001355,64,CMP-0019,2025-06-12, Website Visit,NO
INT-0001356,1004,CMP-0010,10/25/2025,Demo Request ,no
INT-0001357,1018,CMP-0002,04/18/2025, Impression,no
INT-0001358,714,CMP-0014,05-02-2025, Impression, No 
INT-0001359,663,CMP-0014,05/06/2025,Impression,no
INT-0001360,1099,CMP-0007,05-11-2025,Trial Signup ,No 
INT-0001361,996,CMP-0019,2025-10-10, Demo Request, No 
INT-0001362,147,CMP-0009,27 Jul 2025, Website Visit ,Yes
INT-0001363,64,CMP-0013,2025-04-01,Website Visit ,Yes 
INT-0001364,1274,CMP-0029,2025-09-12,Click , Yes
INT-0001365,1328,CMP-0029,12-09-2025,Impression , No 
INT-0001366,751,CMP-0008,28 Dec 2025,IMPRESSION, Yes
INT-0001367,77,CMP-0013,23 Jun 2025,Trial Signup ,no
INT-0001368,937,CMP-0024,2025-08-03, Trial Signup , No
INT-0001369,309,CMP-0010,16/04/2025,IMPRESSION, Yes
INT-0001370,1400,CMP-0018,2025-07-17,Demo Request,yes
INT-0001371,300,CMP-0014,06-06-2025, Demo Request,NO
INT-0001372,1189,CMP-0001,17 Nov 2025, Impression, No
INT-0001373,425,CMP-0011,12/21/2025,EMAIL OPEN,No
INT-0001374,1056,CMP-0001,"Oct 31, 2025",Demo Request, Yes 
INT-0001375,1036,CMP-0011,22 Oct 2025,CLICK,no
INT-0001376,975,CMP-0022,18 Sep 2025, Impression ,NO
INT-0001377,46,CMP-0005,16/11/2025,Demo Request, Yes 
INT-0001378,1027,CMP-0023,16-07-2025, Demo Request,no
INT-0001379,700,CMP-0008,09/16/2025,EMAIL OPEN,NO
INT-0001380,209,CMP-0020,2025-03-24, Demo Request,NO
INT-0001381,894,CMP-0007,13 Jul 2025,Trial Signup,No 
INT-0001382,1450,CMP-0027,22 Oct 2025,Email Open, Yes
INT-0001383,849,CMP-0004,2025-01-31,Website Visit,no
INT-0001384,1304,CMP-0020,12/06/2025,DEMO REQUEST,No
INT-0001385,251,CMP-0009,19/05/2025,trial signup, No
INT-0001386,743,CMP-0027,10/18/2025, Website Visit ,no
INT-0001387,824,CMP-0029,2025-03-27,Email Open ,Yes 
INT-0001388,559,CMP-0024,25/08/2025,WEBSITE VISIT, No 
INT-0001389,12,CMP-0023,2025-04-23,IMPRESSION, No
INT-0001390,1241,CMP-0013,05/12/2025,Demo Request,No 
INT-0001391,55,CMP-0007,11-08-2025,Email Open ,no
INT-0001392,1119,CMP-0013,2025-10-03,Trial Signup ,No 
INT-0001393,443,CMP-0021,2025-11-29,WEBSITE VISIT, No 
INT-0001394,147,CMP-0003,03/22/2025,website visit, Yes 
INT-0001395,1366,CMP-0018,16-10-2025,trial signup,NO
INT-0001396,438,CMP-0017,11/09/2025, Website Visit,No 
INT-0001397,921,CMP-0006,05/18/2025,Impression ,no
INT-0001398,349,CMP-0012,"Feb 21, 2025", Click ,No 
INT-0001399,173,CMP-0025,2025-10-19, Trial Signup,NO
INT-0001400,412,CMP-0005,18 Oct 2025,EMAIL OPEN,No
INT-0001401,1426,CMP-0012,08/26/2025, Trial Signup,NO
INT-0001402,564,CMP-0020,28/03/2025, Email Open ,No 
INT-0001403,504,CMP-0010,20 Sep 2025,WEBSITE VISIT,NO
INT-0001404,21,CMP-0024,09/08/2025, Demo Request,No 
INT-0001405,510,CMP-0023,06-08-2025,email open, No 
INT-0001406,425,CMP-0013,26/10/2025,Trial Signup , No 
INT-0001407,723,CMP-0019,03/13/2025,Click , No
INT-0001408,700012,CMP-0001,09/12/2025,Click,No 
INT-0001409,797,CMP-0010,25 Aug 2025,EMAIL OPEN, Yes
INT-0001410,1399,CMP-0006,06/09/2025,click,No 
INT-0001411,1077,CMP-0011,09/04/2025, Click,No
INT-0001412,197,CMP-0002,25-06-2025,click,no
INT-0001413,811,CMP-0022,03/31/2025,impression,No 
INT-0001414,1237,CMP-0004,"Jun 15, 2025",impression, No
INT-0001415,1072,CMP-0006,30/08/2025,Email Open ,no
INT-0001416,1031,CMP-0010,2025-04-10,Email Open , Yes 
INT-0001417,1098,CMP-0029,09-07-2025,Click, No 
INT-0001418,1118,CMP-0012,"Jan 29, 2025",demo request,yes
INT-0001419,106,CMP-0002,08-12-2025,EMAIL OPEN,No 
INT-0001420,938,CMP-0017,05/11/2025, Impression,yes
INT-0001421,625,CMP-0019,"May 30, 2025", Email Open,no
INT-0001422,1330,CMP-0017,2025-03-14, Demo Request , Yes 
INT-0001423,1447,CMP-0029,20-07-2025,DEMO REQUEST,No
INT-0001424,1095,CMP-0029,14 Apr 2025,trial signup, No
INT-0001425,714,CMP-0026,07-11-2025,Website Visit, No 
INT-0001426,470,CMP-0010,"Dec 25, 2025",click,No
INT-0001427,1370,CMP-0028,2025-03-15,email open,no
INT-0001428,818,CMP-0018,19 Mar 2025, Demo Request ,No 
INT-0001429,28,CMP-0006,2025-11-23,Impression,NO
INT-0001430,86,CMP-0013,09/05/2025,click,No 
INT-0001431,1251,CMP-0024,31/07/2025, Impression ,No
INT-0001432,1333,CMP-0002,2025-01-02, Impression ,No 
INT-0001433,283,CMP-0019,26 Nov 2025, Website Visit,No
INT-0001434,659,CMP-0002,12/16/2025, Email Open ,No
INT-0001435,201,CMP-0021,"Jan 08, 2025", Click , No
INT-0001436,416,CMP-0003,12/05/2025,Website Visit ,YES
INT-0001437,253,CMP-0019,24/05/2025, Demo Request ,no
INT-0001438,689,CMP-0021,"Nov 13, 2025", Click, No 
INT-0001439,865,CMP-0024,24-04-2025,Click , No 
INT-0001440,891,CMP-0023,10-07-2025,CLICK,NO
INT-0001441,89,CMP-0015,2025-11-30,WEBSITE VISIT,No 
INT-0001442,958,CMP-0005,10 Dec 2025, Click , No 
INT-0001443,109,CMP-0027,"Jan 06, 2025", Trial Signup,no
INT-0001444,136,CMP-0008,17-10-2025,Website Visit, No
INT-0001445,1150,CMP-0006,06/10/2025,Impression,no
INT-0001446,620,CMP-0010,11 Oct 2025,Demo Request ,Yes
INT-0001447,129,CMP-0010,"Oct 11, 2025", Trial Signup , No 
INT-0001448,1137,CMP-0013,"May 21, 2025", Website Visit,No
INT-0001449,711,CMP-0023,2025-05-18, Trial Signup,No
INT-0001450,277,CMP-0007,18-03-2025, Demo Request , No
INT-0001451,540,CMP-0029,27-04-2025,WEBSITE VISIT,no
INT-0001452,595,CMP-0025,2025-12-18,DEMO REQUEST, Yes 
INT-0001453,1293,CMP-0008,08-07-2025, Trial Signup,NO
INT-0001454,935,CMP-0004,13/11/2025,Impression , No 
INT-0001455,758,CMP-0019,26 Feb 2025,WEBSITE VISIT,YES
INT-0001456,1095,CMP-0003,2025-10-03,Impression,Yes 
INT-0001457,1234,CMP-0018,09/08/2025,impression,NO
INT-0001458,1047,CMP-0001,10-08-2025,CLICK, No
INT-0001459,575,CMP-0006,2025-11-22,Trial Signup ,no
INT-0001460,267,CMP-0004,"Feb 28, 2025",WEBSITE VISIT,NO
INT-0001461,858,CMP-0016,2025-04-17,demo request,NO
INT-0001462,569,CMP-0024,"Jun 02, 2025",trial signup,No 
INT-0001463,25,CMP-0014,2025-11-08,website visit, No
INT-0001464,1227,CMP-0004,"Jul 03, 2025", Email Open , No
INT-0001465,1169,CMP-0002,2025-11-08, Trial Signup,NO
INT-0001466,1000,CMP-0023,13/04/2025,click,No 
INT-0001467,1159,CMP-0012,20/06/2025, Trial Signup , Yes
INT-0001468,370,CMP-0028,07/05/2025,Impression,NO
INT-0001469,1470,CMP-0001,13 Nov 2025,email open,yes
INT-0001470,204,CMP-0019,"Sep 04, 2025",impression,No 
INT-0001471,1477,CMP-0022,"Jun 28, 2025",Trial Signup ,no
INT-0001472,27,CMP-0002,"Dec 30, 2025",Trial Signup ,No
INT-0001473,688,CMP-0011,08 Jun 2025,Email Open , No
INT-0001474,985,CMP-0002,2025-04-05,demo request,No
INT-0001475,640,CMP-0021,25/09/2025, Website Visit ,No
INT-0001476,522,CMP-0026,08/20/2025,click, No
INT-0001477,196,CMP-0018,"Jan 25, 2025",WEBSITE VISIT,no
INT-0001478,509,CMP-0002,2025-02-23,CLICK,YES
INT-0001479,874,CMP-0022,01/05/2025,TRIAL SIGNUP, No
INT-0001480,373,CMP-0024,2025-08-31,Trial Signup ,NO
INT-0001481,774,CMP-0011,"Jun 10, 2025",website visit, No
INT-0001482,772,CMP-0013,2025-08-28,Demo Request, Yes
INT-0001483,9,CMP-0024,23/09/2025, Website Visit ,no
INT-0001484,789,CMP-0004,30 Oct 2025,Demo Request , Yes
INT-0001485,1146,CMP-0012,28-07-2025,trial signup,No
INT-0001486,1415,CMP-0026,11/07/2025,click,No 
INT-0001487,10,CMP-0011,05 Sep 2025,Demo Request ,yes
INT-0001488,54,CMP-0014,"Nov 10, 2025", Email Open,No 
INT-0001489,128,CMP-0024,25-06-2025, Click ,No
INT-0001490,289,CMP-0011,06/22/2025,Impression,no
INT-0001491,820,CMP-0017,28-04-2025,WEBSITE VISIT,no
INT-0001492,698,CMP-0030,08-08-2025, Demo Request, Yes 
INT-0001493,1077,CMP-0020,2025-12-08,Trial Signup,yes
INT-0001494,718,CMP-0019,02-11-2025, Email Open ,no
INT-0001495,1125,CMP-0007,12/12/2025,EMAIL OPEN, No 
INT-0001496,1162,CMP-0003,04 Dec 2025,Impression ,No
INT-0001497,279,CMP-0004,21-09-2025, Click , No 
INT-0001498,1060,CMP-0004,2025-07-21,Impression, No 
INT-0001499,203,CMP-0021,02/22/2025,email open,No
INT-0001500,1385,CMP-0006,10/05/2025, Trial Signup , Yes 
INT-0001501,1233,CMP-0022,04 Sep 2025,Website Visit,YES
INT-0001502,1446,CMP-0002,19/08/2025,click, Yes 
INT-0001503,225,CMP-0013,31-10-2025, Demo Request , No 
INT-0001504,311,CMP-0016,09/10/2025,Impression ,NO
INT-0001505,821,CMP-0020,26 Oct 2025, Impression ,Yes
INT-0001506,48,CMP-0023,01/22/2025,Website Visit ,No
INT-0001507,347,CMP-0012,06/08/2025, Click , No 
INT-0001508,231,CMP-0008,24/08/2025,click, No
INT-0001509,263,CMP-0008,2025-12-25, Impression,No 
INT-0001510,608,CMP-0004,22-06-2025, Demo Request,No
INT-0001511,853,CMP-0006,12 Aug 2025, Demo Request , No 
INT-0001512,973,CMP-0027,"Jun 26, 2025",EMAIL OPEN,no
INT-0001513,763,CMP-0001,30/08/2025,Impression,no
INT-0001514,399,CMP-0013,12/09/2025,IMPRESSION,YES
INT-0001515,1115,CMP-0011,29/07/2025, Impression ,No
INT-0001516,1152,CMP-0008,"Jul 30, 2025",impression,Yes
INT-0001517,166,CMP-0015,2025-09-11, Website Visit ,NO
INT-0001518,393,CMP-0006,2025-08-11, Click ,NO
INT-0001519,460,CMP-0011,2025-10-04, Website Visit ,No 
INT-0001520,596,CMP-0020,08/08/2025,trial signup,Yes
INT-0001521,457,CMP-0006,26 Oct 2025,CLICK,YES
INT-0001522,806,,28/11/2025, Impression, No 
INT-0001523,1230,CMP-0024,2025-04-30, Trial Signup ,no
INT-0001524,742,CMP-0029,10-12-2025, Click,NO
INT-0001525,1014,CMP-0025,03/31/2025,Website Visit, No
INT-0001526,1278,CMP-0005,09-08-2025,impression, No 
INT-0001527,85,CMP-0023,"Mar 30, 2025",Impression, No 
INT-0001528,430,CMP-0021,06 Jun 2025,Website Visit,no
INT-0001529,363,CMP-0016,23-07-2025,EMAIL OPEN,No 
INT-0001530,1237,CMP-0021,"Oct 25, 2025",Website Visit ,No 
INT-0001531,228,CMP-0017,01-05-2025, Impression,no
INT-0001532,984,CMP-0008,14/09/2025, Trial Signup , No 
INT-0001533,1336,CMP-0009,08 Jan 2025,website visit,Yes
INT-0001534,936,CMP-0016,24-09-2025,Website Visit ,NO
INT-0001535,604,CMP-0014,02 Nov 2025, Click , No
INT-0001536,733,CMP-0024,"Jan 03, 2025", Demo Request , No
INT-0001537,1177,CMP-0009,06/06/2025,TRIAL SIGNUP,yes
INT-0001538,389,CMP-0004,"Jan 07, 2025",Click ,No 
INT-0001539,760,CMP-0023,2025-01-18,email open, No
INT-0001540,1126,CMP-0001,25/05/2025, Trial Signup,No
INT-0001541,837,CMP-0007,01 Jun 2025,Click , No 
INT-0001542,584,CMP-0015,"Dec 10, 2025", Demo Request, Yes
INT-0001543,795,CMP-0001,04/05/2025, Impression , No 
INT-0001544,785,CMP-0002,2025-08-04,Trial Signup,No
INT-0001545,785,CMP-0017,"Jan 09, 2025",Click,no
INT-0001546,1354,CMP-0023,"Feb 19, 2025",Email Open,No 
INT-0001547,853,CMP-0017,06/02/2025, Email Open ,No 
INT-0001548,36,CMP-0018,03/10/2025,Click,no
INT-0001549,1158,CMP-0004,26 Sep 2025,Demo Request,No 
INT-0001550,891,CMP-0010,2025-12-16,CLICK,No 
INT-0001551,375,CMP-0020,24 May 2025, Click ,NO
INT-0001552,733,CMP-0007,18 Mar 2025, Impression ,NO
INT-0001553,403,CMP-0029,2025-01-06,Click,no
INT-0001554,802,CMP-0026,01/26/2025,Website Visit,NO
INT-0001555,1409,CMP-0002,28 May 2025, Impression ,No
INT-0001556,1088,CMP-0007,"Aug 09, 2025",demo request,No
INT-0001557,765,CMP-0018,05/10/2025,TRIAL SIGNUP,No
INT-0001558,473,CMP-0027,2025-07-05,demo request,no
INT-0001559,1368,CMP-0020,2025-03-24, Email Open, No
INT-0001560,631,CMP-0003,"Nov 06, 2025",impression,No 
INT-0001561,1064,CMP-0019,27 Apr 2025,TRIAL SIGNUP, Yes 
INT-0001562,459,CMP-0006,30/04/2025,IMPRESSION,No 
INT-0001563,964,CMP-0012,20-03-2025, Demo Request ,NO
INT-0001564,1319,CMP-0022,05/07/2025,Click ,Yes 
INT-0001565,776,CMP-0015,16/05/2025, Website Visit , No
INT-0001566,918,CMP-0008,20 May 2025, Trial Signup, No
INT-0001567,1131,CMP-0006,20 Jul 2025, Website Visit,No
INT-0001568,710,CMP-0013,22/04/2025, Demo Request ,No 
INT-0001569,1428,CMP-0021,18 May 2025,Click , No 
INT-0001570,182,CMP-0028,17 Nov 2025,IMPRESSION,No 
INT-0001571,1490,CMP-0001,10/01/2025,TRIAL SIGNUP,No 
INT-0001572,548,CMP-0010,23 Nov 2025,website visit,no
INT-0001573,451,CMP-0006,05/14/2025,Click,No
INT-0001574,561,CMP-0027,03/20/2025,trial signup,NO
INT-0001575,434,CMP-0028,24 Mar 2025,trial signup, Yes 
INT-0001576,1029,CMP-0028,09/23/2025,Trial Signup, Yes 
INT-0001577,862,CMP-0017,2025-01-12,email open,No
INT-0001578,1120,CMP-0030,"Sep 05, 2025",Click, No
INT-0001579,1313,CMP-0018,16 Feb 2025,EMAIL OPEN, No 
INT-0001580,248,CMP-0024,07/09/2025, Website Visit ,NO
INT-0001581,989,CMP-0017,2025-11-16,website visit,No 
INT-0001582,841,CMP-0024,08/08/2025, Impression , No
INT-0001583,941,CMP-0027,10-09-2025,TRIAL SIGNUP,no
INT-0001584,1236,CMP-0030,07/07/2025,Demo Request, No
INT-0001585,30,CMP-0029,19/07/2025, Impression, Yes 
INT-0001586,1388,CMP-0022,2025-01-09, Trial Signup,no
INT-0001587,35,CMP-0028,26/11/2025,email open, No
INT-0001588,1435,CMP-0004,2025-08-05,Website Visit, No
INT-0001589,500,CMP-0009,20/12/2025,EMAIL OPEN,No
INT-0001590,458,CMP-0024,07/14/2025, Click,NO
INT-0001591,747,CMP-0027,14/06/2025,Trial Signup, No
INT-0001592,1436,CMP-0007,11 Sep 2025, Click,Yes 
INT-0001593,653,CMP-0003,10 Feb 2025,EMAIL OPEN,Yes 
INT-0001594,1489,CMP-0012,"Jul 01, 2025",demo request,no
INT-0001595,1261,CMP-0014,"Nov 26, 2025",Trial Signup,No 
INT-0001596,568,CMP-0006,02/05/2025,website visit,no
INT-0001597,1188,CMP-0008,06 Dec 2025,Impression , No 
INT-0001598,1480,CMP-0024,25-10-2025,Click ,NO
INT-0001599,778,CMP-0010,"Dec 09, 2025",WEBSITE VISIT,NO
INT-0001600,646,CMP-0012,"May 19, 2025", Impression,No 
INT-0001601,335,CMP-0009,05/09/2025,impression, No 
INT-0001602,309,CMP-0015,22/10/2025, Trial Signup,No
INT-0001603,837,CMP-0009,08/18/2025, Trial Signup , No 
INT-0001604,280,CMP-0010,14 Dec 2025,TRIAL SIGNUP,NO
INT-0001605,790,CMP-0023,2025-06-12,CLICK, No 
INT-0001606,1380,CMP-0018,"Sep 17, 2025",Impression ,no
INT-0001607,843,CMP-0008,01/04/2025, Demo Request,No 
INT-0001608,912,CMP-0001,08/23/2025,Click , No 
INT-0001609,444,CMP-0001,2025-08-17, Demo Request ,Yes
INT-0001610,391,CMP-0002,"Sep 01, 2025", Trial Signup,NO
INT-0001611,1117,CMP-0003,2025-06-10, Email Open,NO
INT-0001612,225,CMP-0008,"Jun 14, 2025",website visit,No 
INT-0001613,350,CMP-0024,17-05-2025,WEBSITE VISIT,NO
INT-0001614,858,CMP-0003,09 Aug 2025,IMPRESSION,NO
INT-0001615,879,CMP-0027,"Mar 06, 2025", Email Open,NO
INT-0001616,1012,CMP-0029,27/08/2025,Impression,Yes
INT-0001617,885,CMP-0017,02/09/2025,Email Open, No
INT-0001618,268,CMP-0018,"Jun 22, 2025", Demo Request ,No 
INT-0001619,561,CMP-0014,10/06/2025,Trial Signup, No 
INT-0001620,363,CMP-0028,"May 27, 2025",website visit,no
INT-0001621,45,CMP-0020,23 Mar 2025, Demo Request ,No 
INT-0001622,197,CMP-9006,06-01-2025,Email Open,no
INT-0001623,1029,CMP-0027,01 Nov 2025, Email Open ,NO
INT-0001624,309,CMP-0009,03/04/2025,impression, No 
INT-0001625,1466,CMP-0026,"Jul 10, 2025", Demo Request, No
INT-0001626,240,CMP-0006,02/01/2025, Website Visit,Yes 
INT-0001627,428,CMP-0001,14-12-2025,email open,No 
INT-0001628,864,CMP-0026,"May 07, 2025",EMAIL OPEN,No
INT-0001629,964,CMP-0007,30/03/2025,Website Visit, Yes
INT-0001630,551,CMP-0016,16/05/2025,Impression ,NO
INT-0001631,631,CMP-9020,23/06/2025, Click,No
INT-0001632,136,CMP-0022,"Jul 09, 2025",Click ,No 
INT-0001633,1102,CMP-0028,02-11-2025,WEBSITE VISIT,No
INT-0001634,1313,CMP-0016,01/20/2025,Trial Signup,No 
INT-0001635,1415,CMP-0002,21 Jan 2025,Impression, Yes
INT-0001636,1294,CMP-0022,12 Dec 2025,DEMO REQUEST,NO
INT-0001637,749,CMP-0013,22/12/2025,website visit,no
INT-0001638,418,CMP-0016,"Oct 31, 2025",Email Open,No 
INT-0001639,1115,CMP-0019,2025-06-01,Trial Signup, No
INT-0001640,328,CMP-0008,08/19/2025, Website Visit, No
INT-0001641,462,CMP-0004,23 Feb 2025,trial signup,Yes
INT-0001642,114,CMP-0008,31 Mar 2025, Click,No
INT-0001643,1233,CMP-0003,21 Aug 2025,Trial Signup , No
INT-0001644,216,CMP-0007,"Jun 21, 2025",EMAIL OPEN,No
INT-0001645,1363,CMP-0017,29 Aug 2025,Demo Request , Yes
INT-0001646,1152,CMP-0030,28/12/2025,demo request, No 
INT-0001647,969,CMP-0001,12-08-2025,CLICK, No
INT-0001648,186,CMP-0007,"May 17, 2025",email open, No 
INT-0001649,1042,CMP-0008,03-12-2025,trial signup,Yes
INT-0001650,784,CMP-0018,"Jan 05, 2025",impression,no
INT-0001651,355,CMP-0005,"Mar 02, 2025", Demo Request,No 
INT-0001652,1492,CMP-0003,"Mar 25, 2025",Email Open ,Yes 
INT-0001653,61,CMP-0022,05-03-2025, Click,NO
INT-0001654,1199,CMP-0027,25/07/2025, Impression,YES
INT-0001655,117,CMP-0003,"Jul 09, 2025",Impression, No 
INT-0001656,131,CMP-0006,18/09/2025, Email Open ,No
INT-0001657,722,CMP-0001,17 Oct 2025,impression, No 
INT-0001658,1267,CMP-0029,21-05-2025,Trial Signup ,No
INT-0001659,584,CMP-0025,07/10/2025,Trial Signup,no
INT-0001660,700003,CMP-0007,2025-05-16, Website Visit ,no
INT-0001661,918,CMP-0008,2025-07-06, Email Open , No
INT-0001662,783,CMP-0028,14-07-2025, Email Open , No
INT-0001663,1087,CMP-0010,26/06/2025,website visit,no
INT-0001664,204,CMP-0007,14/11/2025,Click , No 
INT-0001665,1342,CMP-0022,22-11-2025,Email Open, Yes
INT-0001666,37,CMP-0013,"Aug 09, 2025", Impression , Yes 
INT-0001667,118,CMP-0002,01 Oct 2025,Click , No 
INT-0001668,1328,CMP-0013,27 May 2025,EMAIL OPEN,Yes
INT-0001669,1217,CMP-0029,13-04-2025, Impression ,No
INT-0001670,373,CMP-0001,18 Feb 2025,Demo Request,Yes 
INT-0001671,1411,CMP-0025,2025-03-14,Impression, No 
INT-0001672,1345,CMP-0027,05-04-2025, Click ,No 
INT-0001673,551,CMP-0002,07/05/2025,Click ,Yes 
INT-0001674,423,CMP-0022,"Jul 11, 2025",DEMO REQUEST, Yes 
INT-0001675,264,CMP-0007,2025-02-21,Email Open,no
INT-0001676,430,CMP-0017,14-08-2025, Demo Request , Yes
INT-0001677,724,CMP-0013,24/08/2025,Click, No 
INT-0001678,1479,CMP-0021,24 Nov 2025, Demo Request,No 
INT-0001679,1046,CMP-0015,2025-01-18,CLICK, No
INT-0001680,737,CMP-0004,23/11/2025,trial signup,yes
INT-0001681,478,CMP-0030,04/24/2025, Click,No 
INT-0001682,659,CMP-0026,25 Nov 2025,EMAIL OPEN,No 
INT-0001683,1496,CMP-0027,22-07-2025,CLICK,NO
INT-0001684,30,CMP-0007,2025-10-21, Click,No 
INT-0001685,540,CMP-0018,2025-10-06, Website Visit,No 
INT-0001686,1409,CMP-0021,22 Nov 2025, Impression ,No 
INT-0001687,1239,,30/07/2025, Trial Signup ,No 
INT-0001688,69,CMP-0014,"Feb 03, 2025",Impression ,Yes
INT-0001689,143,CMP-0018,"May 14, 2025", Trial Signup , Yes
INT-0001690,1114,CMP-0018,09/07/2025,trial signup, No 
INT-0001691,757,CMP-0001,04 May 2025,demo request,Yes
INT-0001692,332,CMP-0004,23-10-2025,EMAIL OPEN, No
INT-0001693,261,CMP-0010,11/13/2025,demo request, No
INT-0001694,455,CMP-0025,25/10/2025, Website Visit, No 
INT-0001695,652,CMP-0001,13 May 2025,Website Visit, No 
INT-0001696,84,CMP-0018,29/05/2025,DEMO REQUEST,No
INT-0001697,1307,CMP-0004,"Jun 25, 2025",trial signup,yes
INT-0001698,465,CMP-0026,11/26/2025,DEMO REQUEST, No
INT-0001699,972,CMP-0024,02-10-2025,website visit,No
INT-0001700,661,CMP-0005,2025-08-26,Email Open,No 
INT-0001701,299,CMP-0013,2025-03-10, Impression ,no
INT-0001702,326,CMP-0013,05/06/2025,EMAIL OPEN,No
INT-0001703,350,CMP-0007,20 Oct 2025,Impression,Yes 
INT-0001704,1085,CMP-0015,11 Oct 2025,Website Visit ,no
INT-0001705,766,CMP-0030,2025-06-01,Website Visit,NO
INT-0001706,449,CMP-0020,08/04/2025, Trial Signup ,no
INT-0001707,1487,CMP-0010,05/10/2025, Impression , No
INT-0001708,638,CMP-0025,"May 27, 2025",Click,Yes 
INT-0001709,684,CMP-0007,08/23/2025,trial signup,YES
INT-0001710,522,CMP-0002,23/01/2025, Click,No 
INT-0001711,736,CMP-0015,30 Aug 2025,Demo Request,NO
INT-0001712,491,CMP-0026,01/20/2025, Click ,NO
INT-0001713,46,CMP-0026,"Jul 06, 2025",Impression ,NO
INT-0001714,1351,CMP-0017,2025-10-03,email open,Yes
INT-0001715,991,CMP-0004,08 Jul 2025,click,NO
INT-0001716,1411,CMP-0003,23 Nov 2025,demo request, No 
INT-0001717,807,CMP-0013,2025-12-12, Click, No
INT-0001718,1317,CMP-0010,30 May 2025,website visit,NO
INT-0001719,827,CMP-0023,2025-08-25,EMAIL OPEN,No 
INT-0001720,724,CMP-0005,03/04/2025, Website Visit, No 
INT-0001721,58,CMP-0030,10 Mar 2025,Click ,No 
INT-0001722,67,CMP-0010,2025-07-25,Demo Request ,No 
INT-0001723,1082,CMP-0003,20 Sep 2025,email open, Yes
INT-0001724,1459,CMP-0018,"Jun 11, 2025",Impression, No
INT-0001725,326,CMP-0008,09-10-2025,impression,No
INT-0001726,494,CMP-0016,23 Sep 2025, Email Open,No
INT-0001727,631,,13 Mar 2025,Email Open ,No
INT-0001728,842,CMP-0004,07/01/2025,Email Open ,No
INT-0001729,672,CMP-0003,"Aug 09, 2025",DEMO REQUEST, No 
INT-0001730,40,CMP-0005,06/19/2025,website visit,no
INT-0001731,1498,CMP-0005,11-07-2025,trial signup,NO
INT-0001732,757,CMP-0006,02/15/2025,Click , No 
INT-0001733,9,CMP-0011,20/09/2025,demo request, No 
INT-0001734,31,CMP-0004,08 Jul 2025,click, No
INT-0001735,196,CMP-0020,01/24/2025,EMAIL OPEN,No
INT-0001736,632,CMP-0004,"Apr 15, 2025",click, No 
INT-0001737,1409,CMP-0003,30 May 2025,Trial Signup, No 
INT-0001738,878,CMP-0026,08/16/2025,email open, Yes
INT-0001739,323,CMP-0030,14 Mar 2025,Trial Signup,No 
INT-0001740,493,CMP-0026,18/07/2025, Website Visit,No
INT-0001741,704,CMP-0005,"May 06, 2025",Click ,No 
INT-0001742,177,CMP-0027,"Apr 14, 2025",website visit, No
INT-0001743,913,CMP-0026,09-09-2025,website visit,No 
INT-0001744,536,CMP-0011,"Mar 15, 2025",Trial Signup,NO
INT-0001745,513,CMP-0008,24-01-2025,Demo Request , Yes
INT-0001746,473,CMP-0020,2025-08-01, Click,Yes 
INT-0001747,754,CMP-0008,23-02-2025,DEMO REQUEST, No
INT-0001748,453,CMP-0014,06-01-2025, Click ,No
INT-0001749,1111,CMP-0030,12-05-2025,DEMO REQUEST,No 
INT-0001750,1199,CMP-0012,"Dec 14, 2025", Trial Signup,YES
INT-0001751,286,CMP-0015,24-01-2025, Website Visit , No 
INT-0001752,1484,CMP-0021,"Mar 03, 2025", Website Visit,No
INT-0001753,827,CMP-0018,"Mar 22, 2025",trial signup,no
INT-0001754,1398,CMP-0027,30 Apr 2025, Impression, No
INT-0001755,524,CMP-0001,2025-07-04, Click , No 
INT-0001756,737,CMP-0010,2025-03-16, Trial Signup, No
INT-0001757,572,CMP-0004,18/09/2025, Trial Signup ,YES
INT-0001758,602,CMP-0014,07/04/2025, Impression ,No
INT-0001759,1160,CMP-0021,18/12/2025, Impression ,No
INT-0001760,565,CMP-0007,09/06/2025, Email Open,NO
INT-0001761,784,CMP-0027,19-08-2025,Click, No 
INT-0001762,93,CMP-0006,"Aug 16, 2025",EMAIL OPEN, No
INT-0001763,775,CMP-0024,10-10-2025,trial signup,yes
INT-0001764,963,CMP-0001,"Sep 15, 2025",Impression , No 
INT-0001765,546,CMP-0010,18 Jan 2025,Impression , No 
INT-0001766,1178,CMP-0010,05 Sep 2025, Demo Request , No
INT-0001767,1161,CMP-0017,2025-01-14,impression, No 
INT-0001768,1081,CMP-0013,03 Feb 2025,TRIAL SIGNUP,yes
INT-0001769,544,CMP-0007,04 Dec 2025,email open, No 
INT-0001770,177,CMP-0011,"Feb 28, 2025", Website Visit,NO
INT-0001771,686,CMP-0013,14/01/2025,email open,no
INT-0001772,518,CMP-0006,"Jan 03, 2025",Website Visit , No 
INT-0001773,514,CMP-0009,2025-06-29,impression,NO
INT-0001774,34,CMP-0013,20-09-2025,email open,NO
INT-0001775,500,CMP-0010,09-03-2025,email open,no
INT-0001776,803,CMP-0023,13-11-2025,impression,No
INT-0001777,138,CMP-0020,17/12/2025,impression, Yes 
INT-0001778,895,CMP-0012,04/09/2025, Email Open ,NO
INT-0001779,1165,CMP-0020,18 Jan 2025,EMAIL OPEN,no
INT-0001780,18,CMP-0007,27-02-2025,Impression ,NO
INT-0001781,574,CMP-0019,30-11-2025,CLICK,no
INT-0001782,111,CMP-0012,27/02/2025,impression,No
INT-0001783,237,CMP-0014,06/08/2025, Email Open ,No
INT-0001784,832,CMP-0010,2025-08-09,impression, No 
INT-0001785,83,CMP-0021,26/04/2025,Click ,No 
INT-0001786,1195,CMP-0022,26/11/2025,DEMO REQUEST, No
INT-0001787,15,CMP-0009,2025-09-09, Click , No 
INT-0001788,764,CMP-0004,2025-03-06,WEBSITE VISIT, Yes
INT-0001789,601,CMP-0030,14/03/2025, Impression,Yes 
INT-0001790,296,CMP-0022,18/04/2025, Email Open,No
INT-0001791,517,CMP-0012,05/10/2025, Website Visit,no
INT-0001792,804,CMP-0003,"Sep 29, 2025", Click ,Yes
INT-0001793,1311,CMP-0009,2025-07-09,click, Yes 
INT-0001794,624,CMP-0007,"Apr 03, 2025",Demo Request ,no
INT-0001795,704,CMP-0027,16 Aug 2025, Demo Request , No 
INT-0001796,714,CMP-0022,"Apr 06, 2025",TRIAL SIGNUP, No
INT-0001797,158,CMP-0012,18/12/2025,Impression , No
INT-0001798,1033,CMP-0005,2025-10-03,Impression,No
INT-0001799,1143,CMP-0004,31-08-2025,click, No 
INT-0001800,166,CMP-0012,2025-07-01,Trial Signup, No 
INT-0001801,35,CMP-0023,"Feb 22, 2025", Trial Signup,NO
INT-0001802,810,CMP-0009,"Mar 21, 2025", Website Visit,No
INT-0001803,558,CMP-0002,"Jan 15, 2025", Demo Request ,No
INT-0001804,220,CMP-0005,02/22/2025,Website Visit ,No
INT-0001805,189,CMP-0009,30/08/2025,CLICK,NO
INT-0001806,1471,CMP-0007,"Aug 08, 2025",EMAIL OPEN, Yes
INT-0001807,1259,CMP-0014,2025-07-17,Demo Request,NO
INT-0001808,544,CMP-0003,01/16/2025,impression, No 
INT-0001809,1335,CMP-0006,2025-10-12,EMAIL OPEN,No 
INT-0001810,255,CMP-0009,"Mar 23, 2025",website visit,no
INT-0001811,1064,CMP-0028,16-12-2025,IMPRESSION,no
INT-0001812,1099,CMP-0004,2025-04-23, Click, Yes 
INT-0001813,608,CMP-0014,10 Jul 2025,Click ,No
INT-0001814,932,CMP-0014,03/20/2025, Demo Request , No 
INT-0001815,158,CMP-0006,2025-07-28,DEMO REQUEST, No 
INT-0001816,141,CMP-0023,2025-03-25,Website Visit,NO
INT-0001817,745,CMP-0021,24/09/2025,email open,No 
INT-0001818,124,CMP-0029,02-03-2025,click,No 
INT-0001819,1344,CMP-0018,04/25/2025,Website Visit ,No 
INT-0001820,1101,CMP-0006,03/28/2025,trial signup, No 
INT-0001821,523,CMP-0013,2025-01-23, Impression,no
INT-0001822,1411,CMP-0027,12-07-2025, Click,NO
INT-0001823,1360,CMP-0020,17-02-2025,Impression ,no
INT-0001824,103,CMP-0008,28-04-2025,Demo Request,No 
INT-0001825,413,CMP-0017,22/07/2025, Click,No
INT-0001826,1172,CMP-0005,10/09/2025,Website Visit,NO
INT-0001827,1399,CMP-0018,06/02/2025,Email Open ,NO
INT-0001828,25,CMP-0001,26 Aug 2025,TRIAL SIGNUP, Yes
INT-0001829,1457,CMP-0030,10/12/2025,Email Open ,NO
INT-0001830,580,CMP-0003,11 Apr 2025,Email Open , No
INT-0001831,68,CMP-0005,12/11/2025,WEBSITE VISIT, No 
INT-0001832,116,CMP-0030,05/02/2025,TRIAL SIGNUP,No
INT-0001833,1284,CMP-0006,2025-11-15, Demo Request, Yes
INT-0001834,1161,,"Nov 15, 2025",WEBSITE VISIT,Yes
INT-0001835,128,CMP-0026,07-11-2025,Email Open, No 
INT-0001836,1427,CMP-0010,02/22/2025,demo request,Yes
INT-0001837,198,CMP-0001,07-02-2025, Email Open ,No 
INT-0001838,345,CMP-0006,2025-08-22,demo request, Yes
INT-0001839,988,CMP-0013,02 Dec 2025,demo request,No
INT-0001840,545,CMP-0028,"Jan 17, 2025",TRIAL SIGNUP,No 
INT-0001841,624,CMP-0028,02 Oct 2025,Demo Request ,NO
INT-0001842,78,CMP-0008,05/01/2025, Demo Request,No
INT-0001843,1288,CMP-0023,14/01/2025,Trial Signup, No
INT-0001844,204,CMP-0010,11-08-2025, Impression,No
INT-0001845,35,CMP-0019,2025-07-02,Click,NO
INT-0001846,739,CMP-0011,01-04-2025,Click , No 
INT-0001847,477,CMP-0003,20 Aug 2025, Website Visit , No 
INT-0001848,478,CMP-0008,2025-06-16,trial signup,No
INT-0001849,1404,CMP-0021,14/02/2025,Trial Signup ,No 
INT-0001850,796,CMP-0011,11/01/2025,Impression ,No 
INT-0001851,287,CMP-0029,26-07-2025,WEBSITE VISIT, No
INT-0001852,357,CMP-0019,20 Mar 2025,demo request, No 
INT-0001853,532,CMP-0013,"Nov 27, 2025",Trial Signup ,No 
INT-0001854,1328,CMP-0018,15/01/2025, Email Open,no
INT-0001855,1039,CMP-0030,2025-01-11,Email Open, No 
INT-0001856,319,CMP-0013,12 Dec 2025,Trial Signup,NO
INT-0001857,1033,CMP-0016,18/08/2025, Demo Request , No 
INT-0001858,379,CMP-0004,20-06-2025,Website Visit ,No 
INT-0001859,922,CMP-0024,07/09/2025,Email Open,No 
INT-0001860,840,CMP-0027,15/08/2025,Email Open,no
INT-0001861,1473,CMP-0005,06/09/2025, Email Open, No 
INT-0001862,95,CMP-0009,11/01/2025,Trial Signup ,NO
INT-0001863,220,CMP-0021,26-07-2025,Impression,YES
INT-0001864,321,CMP-0013,06 Dec 2025,trial signup,No 
INT-0001865,1134,CMP-0012,"Apr 30, 2025",email open,No
INT-0001866,1200,CMP-0004,27-12-2025,Demo Request ,No
INT-0001867,648,CMP-0017,10/13/2025,trial signup,no
INT-0001868,1396,CMP-0023,30/06/2025, Trial Signup, No
INT-0001869,103,CMP-0027,16-08-2025,demo request,no
INT-0001870,308,CMP-0029,01 Jun 2025,Demo Request ,No 
INT-0001871,275,CMP-0030,2025-07-04, Email Open ,Yes 
INT-0001872,1307,CMP-0021,2025-12-29,demo request,No
INT-0001873,365,CMP-0023,09/05/2025,IMPRESSION,no
INT-0001874,1383,CMP-0029,"Aug 04, 2025",DEMO REQUEST,No 
INT-0001875,777,CMP-0013,12/16/2025, Trial Signup,no
INT-0001876,634,CMP-0010,10/26/2025,Demo Request, Yes 
INT-0001877,80,CMP-0028,21 Apr 2025, Email Open ,no
INT-0001878,574,CMP-0018,"Nov 09, 2025",DEMO REQUEST, Yes 
INT-0001879,1068,CMP-0030,02/27/2025,Impression,no
INT-0001880,1481,CMP-0024,2025-03-31, Demo Request ,NO
INT-0001881,115,CMP-0024,13 Jan 2025, Demo Request,No 
INT-0001882,487,CMP-0010,26/05/2025,TRIAL SIGNUP,No 
INT-0001883,277,CMP-0003,"Jul 25, 2025",Website Visit ,no
INT-0001884,310,CMP-0008,12/08/2025,Website Visit ,no
INT-0001885,152,CMP-0014,02/06/2025, Demo Request ,No 
INT-0001886,189,CMP-0026,27/02/2025, Demo Request , No 
INT-0001887,57,CMP-0003,19 Aug 2025, Demo Request, Yes 
INT-0001888,535,CMP-0001,10/19/2025,Click, Yes
INT-0001889,1040,CMP-0010,21-05-2025,IMPRESSION,NO
INT-0001890,7,CMP-0015,06/15/2025,WEBSITE VISIT,No
INT-0001891,384,CMP-0005,2025-06-27,Impression,no
INT-0001892,301,CMP-0016,2025-10-12, Trial Signup,NO
INT-0001893,386,CMP-0017,05 Nov 2025,Impression ,yes
INT-0001894,973,CMP-0017,05/06/2025,Website Visit,No 
INT-0001895,380,CMP-0024,02-01-2025,CLICK, No 
INT-0001896,385,CMP-0002,25-10-2025,demo request,NO
INT-0001897,979,CMP-0010,19-01-2025,DEMO REQUEST,No 
INT-0001898,900,CMP-0028,2025-02-04,Impression ,no
INT-0001899,1163,CMP-0008,11/11/2025,Impression , No
INT-0001900,19,CMP-0022,"Aug 03, 2025",Click ,No 
INT-0001901,1078,CMP-0010,01/05/2025,website visit,yes
INT-0001902,329,CMP-0009,05/29/2025,TRIAL SIGNUP, No
INT-0001903,335,CMP-0021,2025-07-09,EMAIL OPEN, No 
INT-0001904,207,CMP-0007,"Oct 19, 2025", Demo Request,no
INT-0001905,1334,CMP-0002,23-08-2025,WEBSITE VISIT,YES
INT-0001906,1343,,"Jul 10, 2025",Trial Signup ,NO
INT-0001907,461,CMP-0023,2025-06-13,demo request,no
INT-0001908,1352,CMP-0024,2025-12-31,impression,no
INT-0001909,1267,CMP-0009,15 Oct 2025,click,no
INT-0001910,126,CMP-0020,"May 24, 2025", Impression ,no
INT-0001911,457,CMP-0018,"Dec 21, 2025",CLICK, No 
INT-0001912,1202,CMP-0019,21/12/2025, Click ,NO
INT-0001913,899,CMP-0016,02/11/2025,email open,No
INT-0001914,1177,CMP-0002,29-10-2025, Click ,Yes
INT-0001915,338,CMP-0028,2025-12-05,Click,no
INT-0001916,733,,"Sep 24, 2025",Email Open, No
INT-0001917,842,CMP-0012,2025-11-23, Impression ,No 
INT-0001918,1430,CMP-0023,08 May 2025, Click ,no
INT-0001919,523,CMP-0016,07/29/2025, Click ,no
INT-0001920,128,CMP-0007,05 Apr 2025, Email Open, No 
INT-0001921,967,CMP-0014,2025-04-03,WEBSITE VISIT,Yes
INT-0001922,592,CMP-0009,"Aug 18, 2025",Click , No 
INT-0001923,744,CMP-0007,05/25/2025,Impression ,YES
INT-0001924,986,CMP-0026,2025-11-05, Click ,NO
INT-0001925,1328,CMP-0007,05/27/2025,DEMO REQUEST,no
INT-0001926,321,CMP-0022,04 Feb 2025,Trial Signup, No
INT-0001927,922,CMP-0018,2025-06-19, Website Visit, Yes 
INT-0001928,1240,CMP-0030,17-03-2025, Demo Request , No
INT-0001929,348,CMP-0022,06/02/2025, Website Visit, No 
INT-0001930,121,CMP-0029,25 Mar 2025, Click ,Yes 
INT-0001931,844,CMP-0009,07/12/2025,CLICK, No 
INT-0001932,987,CMP-0015,"Aug 05, 2025",CLICK, No
INT-0001933,427,CMP-0026,"May 28, 2025",Demo Request , Yes 
INT-0001934,938,CMP-0001,08/09/2025,trial signup,No 
INT-0001935,729,CMP-0001,01 Oct 2025, Trial Signup ,yes
INT-0001936,470,CMP-0013,06 Jun 2025,Website Visit ,no
INT-0001937,1375,CMP-0017,"Jan 29, 2025", Demo Request,Yes
INT-0001938,808,CMP-0014,02 Sep 2025, Click,yes
INT-0001939,78,CMP-0005,"Jun 25, 2025",EMAIL OPEN, No 
INT-0001940,923,CMP-0026,24 Oct 2025,Demo Request,No 
INT-0001941,997,CMP-0011,2025-04-14,Email Open,Yes
INT-0001942,685,CMP-0010,02 Aug 2025, Demo Request,NO
INT-0001943,397,CMP-0021,09/23/2025,Website Visit ,no
INT-0001944,46,CMP-0023,09-02-2025, Impression, No
INT-0001945,1085,CMP-0024,2025-06-22, Demo Request,No 
INT-0001946,842,CMP-0006,"May 20, 2025",Trial Signup, Yes
INT-0001947,12,CMP-0018,"Dec 30, 2025",Email Open,no
INT-0001948,887,CMP-0024,2025-06-10,Website Visit,No 
INT-0001949,1250,CMP-0017,26 Jul 2025, Impression ,Yes
INT-0001950,1192,CMP-0007,"Jul 13, 2025", Click ,no
INT-0001951,144,CMP-0018,18/08/2025,trial signup, Yes
INT-0001952,286,CMP-0014,2025-01-08,Email Open,No
INT-0001953,1267,CMP-0029,05/20/2025, Website Visit, No
INT-0001954,103,CMP-0002,"Jul 24, 2025",website visit,yes
INT-0001955,751,CMP-0020,21-09-2025,Demo Request ,No
INT-0001956,1193,CMP-0002,02/17/2025,CLICK, No 
INT-0001957,416,CMP-0015,19/12/2025, Trial Signup,No
INT-0001958,1455,CMP-0026,2025-12-16,Click , Yes 
INT-0001959,1099,CMP-0007,04/14/2025, Website Visit, Yes
INT-0001960,433,CMP-0025,2025-06-28, Impression,No 
INT-0001961,192,CMP-0017,2025-01-15,Trial Signup,NO
INT-0001962,204,CMP-0004,2025-10-11, Demo Request ,yes
INT-0001963,121,CMP-0011,01/28/2025,WEBSITE VISIT,No 
INT-0001964,40,CMP-0011,23 Jan 2025,Email Open,NO
INT-0001965,1345,CMP-0006,2025-09-20,demo request, Yes
INT-0001966,488,CMP-0024,12-05-2025, Trial Signup,Yes
INT-0001967,959,CMP-0025,16 Feb 2025,Trial Signup,no
INT-0001968,1150,CMP-0010,03 Jul 2025,EMAIL OPEN,No
INT-0001969,488,CMP-0003,2025-12-24,EMAIL OPEN,YES
INT-0001970,540,CMP-0023,01/24/2025, Trial Signup, No
INT-0001971,589,CMP-0015,2025-06-12, Website Visit , No 
INT-0001972,650,CMP-0004,2025-09-23,trial signup,No 
INT-0001973,1481,CMP-0022,"Jul 09, 2025",CLICK,NO
INT-0001974,1085,CMP-0003,2025-06-02,website visit,No
INT-0001975,943,CMP-0023,"Jan 11, 2025",TRIAL SIGNUP, Yes
INT-0001976,439,CMP-0001,05 Sep 2025,Demo Request ,Yes
INT-0001977,911,CMP-0007,01/31/2025,Trial Signup,No
INT-0001978,1109,CMP-0010,2025-06-01, Click ,NO
INT-0001979,1019,CMP-0001,17/07/2025,email open,no
INT-0001980,609,CMP-0014,26/05/2025,Email Open, No 
INT-0001981,369,CMP-0012,09/10/2025,Email Open,NO
INT-0001982,868,CMP-0015,2025-03-13,Click,YES
INT-0001983,319,CMP-0022,2025-04-21,Trial Signup ,yes
INT-0001984,838,CMP-0020,2025-04-12,impression,no
INT-0001985,728,CMP-0021,26/08/2025,Click ,No 
INT-0001986,27,CMP-0007,26 Aug 2025,IMPRESSION,Yes 
INT-0001987,405,CMP-0002,02/03/2025, Email Open,yes
INT-0001988,1295,CMP-0015,"Jan 31, 2025", Trial Signup , Yes 
INT-0001989,908,CMP-0021,12-06-2025,EMAIL OPEN,NO
INT-0001990,583,CMP-0007,20 Jul 2025, Website Visit, No
INT-0001991,38,CMP-0004,11/19/2025,EMAIL OPEN,yes
INT-0001992,827,CMP-0022,16-04-2025,Impression,NO
INT-0001993,503,CMP-0013,"Jun 08, 2025",click,No
INT-0001994,241,CMP-0030,04 Sep 2025, Demo Request, No 
INT-0001995,1015,CMP-0010,"Jul 15, 2025",click, No 
INT-0001996,251,CMP-0023,24-08-2025,Email Open , No
INT-0001997,435,CMP-0006,"Apr 07, 2025",Click, No 
INT-0001998,1378,CMP-0017,"Jun 22, 2025", Click,No 
INT-0001999,946,CMP-0023,14/08/2025,Trial Signup ,no
INT-0002000,614,CMP-0016,08 Sep 2025, Click , Yes
INT-0002001,645,CMP-0020,02-11-2025,demo request,No
INT-0002002,1025,CMP-0007,12/10/2025,Website Visit ,no
INT-0002003,43,CMP-0029,"Feb 14, 2025", Demo Request,No
INT-0002004,1152,CMP-0007,20/07/2025, Click, No 
INT-0002005,542,CMP-0005,27 Oct 2025, Demo Request, No
INT-0002006,297,CMP-0009,2025-03-02, Email Open, Yes
INT-0002007,189,CMP-0016,18 Nov 2025,trial signup, No
INT-0002008,440,CMP-0027,2025-08-22,Impression ,NO
INT-0002009,424,CMP-0013,06 Apr 2025,Email Open , No
INT-0002010,201,CMP-0020,20-05-2025, Website Visit ,No
INT-0002011,571,CMP-0005,10/16/2025, Website Visit , No
INT-0002012,1066,CMP-0029,11/13/2025,DEMO REQUEST,YES
INT-0002013,1095,CMP-0001,03/23/2025,Website Visit ,Yes
INT-0002014,526,CMP-0027,26/08/2025,Email Open,No 
INT-0002015,301,CMP-0027,"Nov 27, 2025",demo request,NO
INT-0002016,1259,CMP-0026,2025-06-05,website visit,no
INT-0002017,1268,CMP-0001,20 Sep 2025,email open, No 
INT-0002018,583,CMP-0016,24-11-2025, Click ,No
INT-0002019,644,CMP-0010,"Feb 10, 2025",IMPRESSION,Yes 
INT-0002020,1227,CMP-0005,09/11/2025,Website Visit ,NO
INT-0002021,1052,CMP-0028,25/03/2025, Demo Request, No
INT-0002022,884,CMP-0022,04/21/2025,WEBSITE VISIT, Yes 
INT-0002023,1133,CMP-0014,"Aug 21, 2025", Email Open,no
INT-0002024,607,CMP-0017,06 Jul 2025,DEMO REQUEST,yes
INT-0002025,39,CMP-0004,08/06/2025,demo request, No
INT-0002026,375,CMP-0026,2025-08-14,Email Open,Yes
INT-0002027,448,CMP-0013,04/04/2025, Impression ,no
INT-0002028,306,CMP-0010,2025-05-12,CLICK,No 
INT-0002029,670,CMP-0029,20-03-2025, Demo Request,no
INT-0002030,879,CMP-0001,20-07-2025,EMAIL OPEN,Yes 
INT-0002031,1119,CMP-0010,08/12/2025,Demo Request,No 
INT-0002032,14,CMP-0013,26 Apr 2025, Click ,yes
INT-0002033,657,CMP-0001,09/08/2025,DEMO REQUEST,no
INT-0002034,253,CMP-0023,2025-09-15, Email Open,no
INT-0002035,444,CMP-0012,2025-05-24,Trial Signup, No 
INT-0002036,1248,CMP-0010,"Feb 04, 2025", Website Visit, Yes
INT-0002037,785,CMP-0009,16 Jan 2025, Demo Request,no
INT-0002038,1207,CMP-0021,02-04-2025,Impression, No
INT-0002039,1302,CMP-0025,01/21/2025, Trial Signup, Yes
INT-0002040,517,CMP-0017,2025-07-16,Trial Signup ,No 
INT-0002041,325,CMP-0002,03-10-2025, Email Open, No
INT-0002042,969,CMP-0004,25 Apr 2025,impression, No
INT-0002043,168,CMP-0016,28-11-2025,click,No
INT-0002044,368,CMP-0020,2025-06-21,Impression, No
INT-0002045,839,CMP-0026,04 May 2025,demo request,Yes 
INT-0002046,1408,CMP-0023,27-01-2025, Click,No
INT-0002047,485,CMP-0013,10 Jun 2025,Email Open ,NO
INT-0002048,1357,CMP-0012,05-10-2025,DEMO REQUEST, Yes 
INT-0002049,1488,CMP-0027,29-05-2025,TRIAL SIGNUP, No 
INT-0002050,1082,CMP-0017,"Mar 07, 2025",TRIAL SIGNUP,No
INT-0002051,13,CMP-0009,2025-02-07,CLICK,no
INT-0002052,244,CMP-0012,02/11/2025,Impression ,no
INT-0002053,869,CMP-0015,09 May 2025, Impression, No 
INT-0002054,614,CMP-0002,2025-06-10,CLICK,no
INT-0002055,537,CMP-0022,08/28/2025,Impression, No 
INT-0002056,1140,CMP-0015,09-03-2025, Trial Signup ,no
INT-0002057,327,,14 Mar 2025,Trial Signup ,No
INT-0002058,70,CMP-0025,01/15/2025, Website Visit , No 
INT-0002059,554,CMP-0027,09 May 2025, Click,YES
INT-0002060,630,CMP-0015,2025-10-27, Demo Request,No 
INT-0002061,381,CMP-0020,12/02/2025,WEBSITE VISIT, No 
INT-0002062,707,CMP-0020,17/10/2025, Trial Signup , No 
INT-0002063,937,CMP-0011,"Sep 01, 2025",Email Open ,NO
INT-0002064,140,CMP-0026,08 Oct 2025,Trial Signup, Yes
INT-0002065,134,CMP-0002,02/20/2025,WEBSITE VISIT,NO
INT-0002066,343,CMP-0006,"Dec 07, 2025",Email Open , No
INT-0002067,996,CMP-0010,01 Nov 2025, Click,Yes
INT-0002068,558,CMP-0029,01/08/2025, Impression , No
INT-0002069,821,CMP-0012,07/04/2025,website visit,no
INT-0002070,1346,CMP-0026,16/12/2025,Email Open ,No 
INT-0002071,1066,CMP-0023,05/03/2025,EMAIL OPEN,no
INT-0002072,989,,2025-12-08,WEBSITE VISIT, No 
INT-0002073,665,CMP-0022,25 Aug 2025,Impression , No 
INT-0002074,375,CMP-0001,03/31/2025, Demo Request, No 
INT-0002075,267,CMP-0004,"Apr 01, 2025",Email Open,No 
INT-0002076,1024,CMP-0030,2025-12-18,IMPRESSION, No
INT-0002077,1363,CMP-0028,2025-03-24,Email Open , Yes
INT-0002078,1440,CMP-0015,01-06-2025,EMAIL OPEN, No
INT-0002079,1467,CMP-0017,2025-03-25,Impression ,no
INT-0002080,1003,CMP-0026,11-09-2025, Demo Request,No 
INT-0002081,1268,CMP-0008,22 Oct 2025,Demo Request , No 
INT-0002082,1029,CMP-0012,2025-11-04,email open,no
INT-0002083,1361,CMP-0012,26 May 2025, Demo Request, No
INT-0002084,853,CMP-0026,"Dec 01, 2025", Demo Request, Yes
INT-0002085,16,CMP-0013,19 Sep 2025,impression,Yes
INT-0002086,280,,20/07/2025,Click ,YES
INT-0002087,323,CMP-0001,"Dec 30, 2025", Click,No
INT-0002088,361,CMP-0008,2025-06-28, Demo Request ,no
INT-0002089,546,CMP-0006,"Aug 29, 2025",EMAIL OPEN,no
INT-0002090,1234,CMP-0029,03/10/2025,impression,NO
INT-0002091,386,CMP-0002,2025-10-31,CLICK, No 
INT-0002092,574,CMP-0003,"Aug 12, 2025",TRIAL SIGNUP,NO
INT-0002093,1463,CMP-0012,10-06-2025,trial signup,No
INT-0002094,710,CMP-0011,02 Oct 2025,Click,No 
INT-0002095,562,CMP-0017,2025-03-23,CLICK,no
INT-0002096,175,CMP-0005,2025-02-21,Trial Signup, No 
INT-0002097,376,CMP-0005,2025-05-23,Website Visit ,NO
INT-0002098,49,CMP-0011,"Sep 22, 2025",Impression ,No
INT-0002099,891,CMP-0006,16/05/2025, Impression ,No 
INT-0002100,853,CMP-0013,20-03-2025,impression,No 
INT-0002101,1488,CMP-0003,2025-04-23,CLICK,YES
INT-0002102,652,CMP-0015,20/09/2025,Website Visit , No
INT-0002103,349,CMP-0028,22/09/2025,Click ,No
INT-0002104,513,CMP-0002,"Apr 21, 2025",email open, No
INT-0002105,1283,CMP-0010,"Jan 16, 2025", Demo Request, No 
INT-0002106,1412,CMP-0022,"Sep 07, 2025",Click ,No 
INT-0002107,1212,CMP-0011,"Dec 24, 2025",Demo Request, No
INT-0002108,1033,CMP-0024,04/04/2025,Website Visit ,No 
INT-0002109,1215,CMP-0026,28/03/2025, Email Open ,no
INT-0002110,1129,CMP-0024,12-10-2025,CLICK,no
INT-0002111,171,CMP-0028,09/03/2025,IMPRESSION,No 
INT-0002112,759,CMP-0014,11/20/2025, Demo Request,no
INT-0002113,631,CMP-0010,06/09/2025,TRIAL SIGNUP,NO
INT-0002114,292,CMP-0025,11/29/2025, Website Visit, No
INT-0002115,258,CMP-0007,2025-01-13, Impression ,no
INT-0002116,415,CMP-0010,2025-11-05,Website Visit,No 
INT-0002117,886,CMP-0019,"May 23, 2025", Website Visit ,Yes 
INT-0002118,462,CMP-0010,2025-10-28,Demo Request,No 
INT-0002119,1085,CMP-0025,2025-02-04,Demo Request , No 
INT-0002120,658,CMP-0009,06/26/2025,Impression,No 
INT-0002121,189,CMP-0025,2025-07-10, Click , No 
INT-0002122,1222,CMP-0010,2025-01-18, Email Open, No
INT-0002123,1083,CMP-0011,17 Jan 2025, Impression ,No
INT-0002124,913,CMP-0029,15 Aug 2025,demo request, Yes
INT-0002125,841,CMP-0012,19-07-2025,impression,NO
INT-0002126,978,CMP-0022,12/15/2025,Email Open,NO
INT-0002127,202,CMP-0023,11-01-2025, Demo Request,No
INT-0002128,1446,CMP-0012,"Jul 31, 2025",CLICK,No 
INT-0002129,820,CMP-0026,"May 25, 2025",impression, No
INT-0002130,1402,CMP-0002,29-10-2025,Demo Request, No
INT-0002131,1125,CMP-0007,08 Jun 2025,Demo Request ,no
INT-0002132,335,CMP-0021,26-01-2025,IMPRESSION,no
INT-0002133,528,CMP-0013,02/07/2025, Website Visit, No
INT-0002134,1164,CMP-0021,2025-04-05,Impression ,No
INT-0002135,893,CMP-0020,"Dec 29, 2025",Email Open,Yes 
INT-0002136,1032,CMP-0014,07/28/2025,Click,NO
INT-0002137,514,CMP-0005,2025-09-16,CLICK,NO
INT-0002138,75,CMP-0023,05-06-2025, Impression , Yes
INT-0002139,80,CMP-0017,05 Dec 2025,Email Open,No
INT-0002140,1093,CMP-0014,12/12/2025, Click , No 
INT-0002141,929,CMP-0016,29-08-2025,TRIAL SIGNUP,no
INT-0002142,582,CMP-0005,10/13/2025, Trial Signup, No 
INT-0002143,1329,CMP-0013,21/12/2025,Click, No
INT-0002144,944,CMP-0004,11/05/2025, Email Open , Yes 
INT-0002145,545,CMP-0027,07 Mar 2025,Email Open ,NO
INT-0002146,60,CMP-0018,20 Sep 2025,Website Visit,Yes 
INT-0002147,945,CMP-0024,08/27/2025, Email Open , No 
INT-0002148,167,CMP-0008,"Jan 05, 2025",email open,No 
INT-0002149,1043,CMP-0022,2025-03-13, Demo Request,no
INT-0002150,620,CMP-0022,25/07/2025,Website Visit ,No 
INT-0002151,299,CMP-0014,2025-01-18,IMPRESSION, Yes 
INT-0002152,14,CMP-0002,29-07-2025,impression,Yes
INT-0002153,784,CMP-0005,27/09/2025,WEBSITE VISIT,no
INT-0002154,889,CMP-0010,12/03/2025,DEMO REQUEST,yes
INT-0002155,526,CMP-0016,07/02/2025,trial signup, No 
INT-0002156,690,CMP-0028,17 Dec 2025, Demo Request ,No
INT-0002157,1358,CMP-0008,27 Dec 2025,Website Visit, No
INT-0002158,677,CMP-0010,"Feb 10, 2025",trial signup, Yes 
INT-0002159,853,CMP-0023,06-01-2025, Click ,no
INT-0002160,1417,CMP-0013,05-07-2025,Demo Request ,No 
INT-0002161,62,CMP-0020,21 Dec 2025,email open, No
INT-0002162,160,CMP-0012,04-08-2025,trial signup,NO
INT-0002163,1361,CMP-0014,26/04/2025,Trial Signup , No
INT-0002164,64,CMP-0001,28/03/2025, Website Visit,Yes
INT-0002165,1427,CMP-0003,"May 18, 2025",Trial Signup ,NO
INT-0002166,550,CMP-0016,10/10/2025, Email Open , Yes
INT-0002167,1034,CMP-0021,01/15/2025,CLICK, No
INT-0002168,815,CMP-0015,"Jul 24, 2025",click, No
INT-0002169,43,CMP-0006,"Jul 08, 2025",Demo Request ,Yes
INT-0002170,47,CMP-0024,"Jun 27, 2025",DEMO REQUEST, No
INT-0002171,1295,CMP-0010,08/21/2025,TRIAL SIGNUP,NO
INT-0002172,79,CMP-0029,"Jul 21, 2025",Trial Signup,NO
INT-0002173,1424,CMP-0001,12/15/2025,impression, Yes
INT-0002174,1167,CMP-0014,12 May 2025,EMAIL OPEN,no
INT-0002175,1163,CMP-0009,02/07/2025,website visit,No
INT-0002176,1383,CMP-0021,08-01-2025, Website Visit , No
INT-0002177,32,CMP-0003,"May 04, 2025", Email Open,No 
INT-0002178,140,CMP-0019,09/24/2025,Impression , No 
INT-0002179,655,CMP-0018,02/28/2025,website visit,No 
INT-0002180,1467,CMP-0017,05/17/2025,impression,Yes
INT-0002181,327,CMP-0007,22 Jan 2025, Demo Request , Yes
INT-0002182,748,CMP-0025,17 Aug 2025, Website Visit,NO
INT-0002183,131,CMP-0021,"Aug 28, 2025",demo request, Yes
INT-0002184,1313,CMP-0003,2025-06-24,Demo Request, No
INT-0002185,804,CMP-0011,10 Mar 2025,trial signup, No 
INT-0002186,121,CMP-0027,2025-10-23,Click,No
INT-0002187,757,CMP-0029,27/08/2025, Email Open ,yes
INT-0002188,1208,CMP-0002,22 Dec 2025,click,Yes
INT-0002189,322,CMP-0007,12/21/2025,click,NO
INT-0002190,192,CMP-0023,10 Apr 2025, Demo Request,Yes
INT-0002191,1037,CMP-0002,2025-04-09,Click, No
INT-0002192,650,CMP-0006,08/03/2025,impression, No
INT-0002193,1411,CMP-0028,18/02/2025, Click,yes
INT-0002194,406,CMP-0016,09/24/2025, Trial Signup,No
INT-0002195,117,CMP-0009,27 Jul 2025,Impression ,NO
INT-0002196,1344,CMP-0020,28-08-2025,click,No
INT-0002197,567,CMP-0025,2025-08-07,trial signup, No 
INT-0002198,371,CMP-0004,12-12-2025,Click , No
INT-0002199,1400,CMP-0011,"May 04, 2025", Demo Request , Yes
INT-0002200,818,CMP-0025,11-10-2025, Email Open,NO
INT-0002201,641,CMP-0018,11/13/2025,CLICK,no
INT-0002202,881,CMP-0002,2025-06-28,TRIAL SIGNUP,No
INT-0002203,1084,CMP-0014,25-12-2025, Email Open , No 
INT-0002204,934,CMP-0005,19/05/2025,Trial Signup , No
INT-0002205,1324,CMP-0011,2025-05-10, Demo Request,NO
INT-0002206,880,CMP-0024,03/09/2025,Website Visit ,Yes
INT-0002207,893,CMP-0022,01/28/2025,Website Visit , No
INT-0002208,183,CMP-0027,24 Jul 2025,Click , No
INT-0002209,426,CMP-0008,12/20/2025, Website Visit , No
INT-0002210,375,CMP-0020,01-11-2025,Website Visit , Yes 
INT-0002211,967,CMP-0027,06/18/2025,Email Open ,No
INT-0002212,185,CMP-0026,"Jun 30, 2025",CLICK,No 
INT-0002213,1054,CMP-0006,"Mar 21, 2025", Email Open,yes
INT-0002214,1413,CMP-0015,22-05-2025,Website Visit,Yes 
INT-0002215,120,CMP-0011,09/22/2025,Impression, No 
INT-0002216,175,CMP-0029,30/07/2025,Demo Request ,No
INT-0002217,1075,CMP-0022,05/29/2025,CLICK,No
INT-0002218,1468,CMP-0028,08/07/2025,Demo Request,No
INT-0002219,397,CMP-0023,06/04/2025, Demo Request , Yes
INT-0002220,1049,CMP-0023,02/13/2025,impression,No 
INT-0002221,1073,CMP-0003,07/12/2025,DEMO REQUEST,No 
INT-0002222,922,CMP-0005,16 Feb 2025,DEMO REQUEST, No
INT-0002223,322,CMP-0024,"May 06, 2025",email open, Yes
INT-0002224,614,CMP-0013,"Feb 03, 2025",email open, No
INT-0002225,1218,CMP-0030,11/01/2025,Impression ,No 
INT-0002226,476,CMP-0002,26 Apr 2025, Impression ,no
INT-0002227,913,CMP-0012,2025-07-03,Impression ,NO
INT-0002228,1087,CMP-0014,2025-07-15, Demo Request,NO
INT-0002229,38,CMP-0004,28 Mar 2025,Website Visit ,No 
INT-0002230,836,CMP-0030,13-02-2025,Email Open, No
INT-0002231,74,CMP-0020,12/04/2025,Click , No
INT-0002232,874,CMP-0003,26 Apr 2025,Email Open,No 
INT-0002233,37,CMP-0030,07/08/2025,EMAIL OPEN,no
INT-0002234,1009,CMP-0016,02/22/2025,demo request,NO
INT-0002235,752,CMP-0005,19/02/2025,Impression ,no
INT-0002236,95,CMP-0013,05/04/2025,Email Open ,yes
INT-0002237,1460,CMP-0027,08/11/2025,trial signup, No 
INT-0002238,105,CMP-0003,29 Oct 2025,website visit,No
INT-0002239,731,CMP-0008,21-05-2025, Impression , No
INT-0002240,459,CMP-0013,"Feb 25, 2025", Email Open,yes
INT-0002241,1015,CMP-0013,21/11/2025, Impression , No
INT-0002242,1397,CMP-0023,03/04/2025, Demo Request,YES
INT-0002243,28,CMP-0016,"Mar 18, 2025",email open,YES
INT-0002244,464,CMP-0001,"Sep 23, 2025", Click ,Yes 
INT-0002245,595,CMP-0023,22/05/2025,Website Visit , Yes 
INT-0002246,117,CMP-0008,25 Mar 2025,Demo Request , No
INT-0002247,452,CMP-0016,11/22/2025,CLICK,NO
INT-0002248,339,CMP-0028,"Jun 07, 2025",Trial Signup , Yes
INT-0002249,1417,CMP-0021,25/11/2025, Click,NO
INT-0002250,693,CMP-0030,2025-12-14,Trial Signup ,No 
INT-0002251,587,CMP-0008,16/05/2025,Demo Request , No
INT-0002252,660,CMP-0012,28 Aug 2025,Click,YES
INT-0002253,590,CMP-0021,23 Mar 2025,Email Open,NO
INT-0002254,1016,CMP-0006,13 Apr 2025, Click, No
INT-0002255,1488,CMP-0010,09/06/2025,Trial Signup ,no
INT-0002256,425,CMP-0023,04 Apr 2025,Email Open , Yes
INT-0002257,1045,CMP-0014,2025-03-17,Website Visit ,No 
INT-0002258,1449,CMP-0013,2025-03-09,email open, No
INT-0002259,84,CMP-0012,10/11/2025,trial signup,no
INT-0002260,1136,CMP-0024,"Sep 24, 2025",trial signup, No
INT-0002261,1123,CMP-0007,08/08/2025,Trial Signup,No 
INT-0002262,1218,CMP-0008,2025-05-27,Click ,No 
INT-0002263,162,CMP-0029,08/09/2025,Impression , No 
INT-0002264,1342,CMP-0015,08 Jun 2025,CLICK,YES
INT-0002265,111,CMP-0006,09/17/2025, Website Visit,No 
INT-0002266,1016,CMP-0009,17-06-2025, Click,no
INT-0002267,188,CMP-0005,2025-07-03,Trial Signup, No 
INT-0002268,540,CMP-0012,"Apr 19, 2025", Email Open,NO
INT-0002269,1492,CMP-0023,10/04/2025,email open,NO
INT-0002270,782,CMP-0014,07 Aug 2025, Email Open, Yes
INT-0002271,1420,CMP-0006,02/16/2025,EMAIL OPEN, Yes 
INT-0002272,379,CMP-0026,18-02-2025,DEMO REQUEST,No
INT-0002273,977,CMP-0028,23 Apr 2025,Click ,No
INT-0002274,995,CMP-0008,2025-02-03, Demo Request,NO
INT-0002275,305,CMP-0016,2025-07-28,Impression, Yes
INT-0002276,10,CMP-0012,04/01/2025,website visit, No 
INT-0002277,975,CMP-0012,14 Feb 2025, Website Visit,no
INT-0002278,589,CMP-0014,20/12/2025, Click ,Yes 
INT-0002279,22,CMP-0028,2025-02-03,click,No
INT-0002280,1226,CMP-0019,2025-10-08,click, No
INT-0002281,968,CMP-0004,"Sep 28, 2025",DEMO REQUEST,NO
INT-0002282,482,CMP-0013,2025-10-25,Trial Signup ,NO
INT-0002283,1238,CMP-0012,23-11-2025,website visit,No 
INT-0002284,93,CMP-0024,04/12/2025,WEBSITE VISIT, Yes 
INT-0002285,550,CMP-0004,2025-04-16, Impression ,NO
INT-0002286,1134,CMP-0013,2025-11-24,Impression ,YES
INT-0002287,457,CMP-0015,06/30/2025, Click,No
INT-0002288,274,CMP-0010,22 Feb 2025,Impression ,NO
INT-0002289,16,CMP-0018,06/29/2025,Demo Request,NO
INT-0002290,366,CMP-0010,"Sep 06, 2025", Trial Signup,No
INT-0002291,627,CMP-0022,"Sep 15, 2025", Demo Request,no
INT-0002292,386,CMP-0030,16-05-2025,EMAIL OPEN, No
INT-0002293,1231,CMP-0026,"Oct 23, 2025", Click, No
INT-0002294,21,CMP-0007,18 Jan 2025, Website Visit , No
INT-0002295,1373,CMP-0020,2025-10-21, Click,No 
INT-0002296,1348,CMP-0020,"Mar 21, 2025",Click ,no
INT-0002297,179,CMP-0023,07/04/2025,trial signup, No
INT-0002298,144,CMP-0011,"Nov 05, 2025",Demo Request, No 
INT-0002299,1360,CMP-0028,07/01/2025, Demo Request,NO
INT-0002300,411,CMP-0016,23-10-2025,WEBSITE VISIT,No
INT-0002301,393,CMP-0014,"Sep 04, 2025", Demo Request , No
INT-0002302,45,CMP-0030,07/03/2025,email open, No 
INT-0002303,1139,CMP-0017,12/06/2025,Demo Request ,no
INT-0002304,573,CMP-0029,13-03-2025, Click ,NO
INT-0002305,996,CMP-0024,17/10/2025, Click,NO
INT-0002306,1500,CMP-0008,07/18/2025,Trial Signup ,No 
INT-0002307,351,,2025-03-29,Website Visit ,Yes 
INT-0002308,1108,CMP-0020,17/06/2025, Website Visit ,no
INT-0002309,937,CMP-0002,14/08/2025,trial signup, No 
INT-0002310,1195,CMP-0006,03/31/2025,Demo Request,Yes
INT-0002311,858,CMP-0020,2025-04-06, Website Visit,no
INT-0002312,242,CMP-0020,23/10/2025, Click,no
INT-0002313,84,CMP-0016,22/06/2025,WEBSITE VISIT, No 
INT-0002314,113,CMP-0029,03 Feb 2025,Website Visit , No
INT-0002315,33,CMP-0023,18-08-2025, Trial Signup,No 
INT-0002316,1062,CMP-0009,"Oct 10, 2025", Trial Signup,NO
INT-0002317,590,CMP-0017,"Oct 12, 2025", Trial Signup ,YES
INT-0002318,735,CMP-0004,04/10/2025,Website Visit , No 
INT-0002319,1065,CMP-0016,24/05/2025,IMPRESSION, No 
INT-0002320,234,CMP-0030,2025-12-26,website visit, No 
INT-0002321,1014,CMP-0012,11/04/2025,Click , No 
INT-0002322,273,CMP-0001,2025-01-01,Demo Request ,No 
INT-0002323,1339,CMP-0007,2025-08-01,email open, No
INT-0002324,718,CMP-0011,23/03/2025, Demo Request , No
INT-0002325,1077,CMP-0004,11/30/2025,DEMO REQUEST, Yes 
INT-0002326,703,CMP-0004,29-01-2025,Click ,No 
INT-0002327,308,CMP-0008,2025-09-18,email open, Yes 
INT-0002328,472,CMP-0014,"May 27, 2025",DEMO REQUEST,No
INT-0002329,818,,04 Oct 2025, Demo Request, No 
INT-0002330,1446,CMP-0012,03 Sep 2025, Demo Request ,no
INT-0002331,1225,CMP-0021,04/26/2025, Trial Signup, No 
INT-0002332,1109,,22/01/2025, Impression,no
INT-0002333,158,CMP-0025,08 Aug 2025, Demo Request ,No
INT-0002334,649,CMP-0004,23/07/2025, Email Open ,no
INT-0002335,658,CMP-0017,30-07-2025, Email Open,No
INT-0002336,645,CMP-0002,"Sep 01, 2025",EMAIL OPEN, No
INT-0002337,939,CMP-0008,06 May 2025,Impression, Yes
INT-0002338,1194,CMP-0009,21-10-2025,Impression ,Yes 
INT-0002339,285,CMP-0022,"Nov 17, 2025", Click ,No 
INT-0002340,50,CMP-0017,14 May 2025,trial signup, Yes
INT-0002341,225,CMP-0010,24-08-2025,website visit, No 
INT-0002342,950,CMP-0013,03-08-2025,Email Open,No 
INT-0002343,70,CMP-0020,01/06/2025,email open,No
INT-0002344,192,CMP-0026,"Dec 15, 2025",Email Open,no
INT-0002345,846,CMP-0020,19/03/2025,Trial Signup,No 
INT-0002346,833,CMP-0020,09/26/2025,TRIAL SIGNUP,No 
INT-0002347,36,CMP-0026,10/06/2025,click, No 
INT-0002348,1413,CMP-0023,03/28/2025,CLICK,No
INT-0002349,69,CMP-0018,05/25/2025,Email Open ,No
INT-0002350,183,CMP-0006,10 Feb 2025, Email Open , No 
INT-0002351,384,CMP-0023,05/21/2025,Trial Signup, No 
INT-0002352,781,CMP-0003,10/10/2025,Impression,no
INT-0002353,613,CMP-0008,06/29/2025,trial signup,no
INT-0002354,1089,CMP-0006,"Aug 06, 2025",Website Visit,No
INT-0002355,827,CMP-0002,"Oct 20, 2025",click, No
INT-0002356,136,CMP-0013,2025-10-08, Demo Request ,NO
INT-0002357,779,CMP-0003,18-12-2025,Email Open , Yes 
INT-0002358,812,CMP-0014,"May 22, 2025",DEMO REQUEST, Yes
INT-0002359,193,CMP-0029,17 Jul 2025, Trial Signup ,No 
INT-0002360,26,CMP-0029,10 Aug 2025, Email Open ,No 
INT-0002361,573,CMP-0016,"Dec 03, 2025",Website Visit,No
INT-0002362,401,CMP-0024,2025-02-25,Impression,NO
INT-0002363,1457,CMP-0013,"Jun 16, 2025",Demo Request ,No 
INT-0002364,648,CMP-0013,"Oct 13, 2025",EMAIL OPEN,no
INT-0002365,419,CMP-0022,03/20/2025, Email Open ,No 
INT-0002366,355,CMP-0026,2025-11-28,WEBSITE VISIT, Yes 
INT-0002367,1343,CMP-0004,27/04/2025, Trial Signup ,yes
INT-0002368,38,CMP-0002,2025-11-25, Impression ,No
INT-0002369,899,CMP-0014,10/03/2025,WEBSITE VISIT, No
INT-0002370,73,CMP-0012,2025-08-13, Email Open ,no
INT-0002371,688,CMP-0013,17-05-2025, Click,No
INT-0002372,243,CMP-0018,2025-06-30,WEBSITE VISIT, No 
INT-0002373,220,CMP-0026,18-08-2025,Trial Signup,NO
INT-0002374,81,CMP-0021,22/01/2025,Trial Signup ,No 
INT-0002375,173,CMP-0013,14/01/2025,DEMO REQUEST, No
INT-0002376,1140,CMP-0011,15 Jul 2025,Click ,No 
INT-0002377,887,CMP-0024,03/02/2025, Website Visit,No 
INT-0002378,673,CMP-0001,15 Jan 2025,Email Open,no
INT-0002379,1474,CMP-0024,"Oct 27, 2025",DEMO REQUEST,NO
INT-0002380,1299,CMP-0022,04/20/2025,Trial Signup, No 
INT-0002381,425,CMP-0029,07/28/2025,Website Visit ,No 
INT-0002382,537,CMP-0023,14-12-2025, Website Visit , Yes
INT-0002383,705,CMP-0010,2025-09-30,Impression,NO
INT-0002384,272,CMP-0004,08/01/2025,Impression,No
INT-0002385,1358,CMP-0024,"Nov 08, 2025", Website Visit,NO
INT-0002386,901,CMP-0001,05/23/2025,Email Open ,YES
INT-0002387,733,CMP-0011,12/15/2025,Email Open ,no
INT-0002388,183,CMP-0013,2025-04-01,Impression ,no
INT-0002389,1395,CMP-0006,13 Apr 2025,trial signup,no
INT-0002390,729,CMP-0007,04 Oct 2025, Click ,No
INT-0002391,1462,CMP-0024,25 Jul 2025,WEBSITE VISIT,YES
INT-0002392,1248,CMP-0022,2025-01-25,IMPRESSION,No
INT-0002393,16,CMP-0004,15-06-2025,Demo Request , No 
INT-0002394,843,CMP-0003,15/09/2025,click,NO
INT-0002395,1171,CMP-0025,"Feb 05, 2025", Email Open,No 
INT-0002396,1440,CMP-0023,28/08/2025, Click , No
INT-0002397,462,CMP-0005,11/01/2025,EMAIL OPEN,No 
INT-0002398,309,CMP-0020,03/03/2025,DEMO REQUEST,No 
INT-0002399,1220,CMP-0028,03-03-2025,Trial Signup ,No 
INT-0002400,516,CMP-0006,2025-03-26,Demo Request,No 
INT-0002401,938,CMP-0023,02/04/2025,impression, No 
INT-0002402,903,CMP-0016,28-12-2025,email open,no
INT-0002403,1167,CMP-0021,"Oct 13, 2025",Trial Signup, No
INT-0002404,1159,CMP-0026,10-10-2025,website visit,Yes
INT-0002405,1094,CMP-0014,"Jan 26, 2025",Click,No
INT-0002406,968,CMP-0011,"Dec 19, 2025",CLICK,yes
INT-0002407,1078,CMP-0009,14-11-2025,WEBSITE VISIT, No 
INT-0002408,107,CMP-0015,11/06/2025, Website Visit ,NO
INT-0002409,690,CMP-0019,04/10/2025, Trial Signup,No
INT-0002410,897,CMP-0020,"Dec 17, 2025",Email Open , No
INT-0002411,986,CMP-0006,11/13/2025,Impression ,yes
INT-0002412,524,CMP-0001,23 Jul 2025,Demo Request, No
INT-0002413,1207,CMP-0020,"Sep 09, 2025", Website Visit ,Yes
INT-0002414,1284,CMP-0008,2025-12-29,Email Open,No
INT-0002415,365,CMP-0008,01/07/2025,Email Open,No 
INT-0002416,750,CMP-0023,11 Jan 2025,IMPRESSION,No
INT-0002417,1152,CMP-0002,"Oct 27, 2025",Website Visit ,NO
INT-0002418,1391,CMP-0021,2025-07-15,Click , No 
INT-0002419,835,CMP-0007,"Mar 28, 2025",Impression,NO
INT-0002420,824,CMP-0025,04/01/2025, Demo Request,NO
INT-0002421,1253,CMP-0013,2025-12-17,website visit, Yes 
INT-0002422,255,CMP-0027,05 Aug 2025, Click ,No 
INT-0002423,725,CMP-0019,"Sep 22, 2025", Click ,no
INT-0002424,487,CMP-0002,23/09/2025,impression,NO
INT-0002425,590,CMP-0026,18 Mar 2025,EMAIL OPEN,No
INT-0002426,208,CMP-0017,12/26/2025, Demo Request ,no
INT-0002427,190,CMP-0009,09/19/2025, Demo Request, Yes 
INT-0002428,69,CMP-0007,21-03-2025,Trial Signup,No
INT-0002429,1196,CMP-0019,13/02/2025, Email Open,No
INT-0002430,1380,CMP-0028,26-04-2025, Click ,No
INT-0002431,789,CMP-0020,02/05/2025,website visit, Yes
INT-0002432,958,CMP-0004,"Oct 18, 2025",Impression ,NO
INT-0002433,10,CMP-0019,07/27/2025, Demo Request,No 
INT-0002434,322,CMP-0026,01-08-2025,Impression, No
INT-0002435,180,CMP-0027,21 Jun 2025,Website Visit ,no
INT-0002436,1355,CMP-0001,26 Feb 2025, Website Visit ,NO
INT-0002437,764,CMP-0017,12 Jul 2025,click, No
INT-0002438,719,CMP-0012,02/13/2025,IMPRESSION,Yes 
INT-0002439,671,CMP-0018,2025-02-04, Trial Signup ,No
INT-0002440,96,CMP-0009,11/18/2025,EMAIL OPEN,Yes
INT-0002441,1015,CMP-0013,22 Aug 2025,TRIAL SIGNUP,no
INT-0002442,43,CMP-0009,"Oct 10, 2025",Click ,No
INT-0002443,149,CMP-0014,"Jul 16, 2025", Demo Request , No 
INT-0002444,343,CMP-0016,09-12-2025, Website Visit ,no
INT-0002445,136,CMP-0004,"Oct 30, 2025",Email Open,No
INT-0002446,1201,,30/12/2025, Email Open ,No
INT-0002447,696,CMP-0001,"Feb 02, 2025", Trial Signup,No
INT-0002448,1374,CMP-0001,2025-12-28,demo request,no
INT-0002449,598,CMP-0012,02/10/2025,Website Visit ,Yes 
INT-0002450,275,CMP-0002,11-07-2025,WEBSITE VISIT,No
INT-0002451,273,CMP-0002,14 Jun 2025,Email Open,No 
INT-0002452,556,CMP-0002,17-05-2025,Click,No 
INT-0002453,40,CMP-0018,"Jan 27, 2025", Click ,No
INT-0002454,1461,CMP-0001,03-12-2025, Demo Request ,no
INT-0002455,632,CMP-0004,08-09-2025,IMPRESSION, No
INT-0002456,1450,CMP-0007,07/03/2025,Demo Request ,NO
INT-0002457,869,CMP-0004,"Apr 25, 2025", Email Open ,NO
INT-0002458,262,CMP-0019,09/06/2025,DEMO REQUEST,NO
INT-0002459,770,CMP-0028,26-07-2025, Click ,No
INT-0002460,983,CMP-0017,17 Nov 2025,impression, Yes 
INT-0002461,247,CMP-0008,12/01/2025,EMAIL OPEN,no
INT-0002462,1263,CMP-0021,03 Jul 2025,CLICK,No
INT-0002463,264,CMP-0024,"Dec 31, 2025", Email Open ,YES
INT-0002464,1318,CMP-0014,30 Jun 2025,email open, No 
INT-0002465,279,CMP-0016,2025-11-16,Click ,No
INT-0002466,46,CMP-0017,2025-03-05,Click, Yes 
INT-0002467,153,CMP-0030,2025-09-19, Website Visit ,No 
INT-0002468,873,CMP-0025,2025-02-09, Click ,NO
INT-0002469,810,CMP-0007,06/11/2025,Impression,No
INT-0002470,681,CMP-0009,19 Dec 2025,Demo Request ,no
INT-0002471,1070,CMP-0012,2025-03-07, Demo Request ,No 
INT-0002472,1152,CMP-0021,25-02-2025, Trial Signup , No
INT-0002473,1224,CMP-0019,"Dec 26, 2025",impression,no
INT-0002474,592,CMP-0025,2025-07-18,Trial Signup, No 
INT-0002475,1259,CMP-0014,"Sep 17, 2025", Email Open , No 
INT-0002476,1072,CMP-0029,"Dec 04, 2025",Email Open ,no
INT-0002477,1314,CMP-0021,2025-05-19,Impression ,no
INT-0002478,291,CMP-0026,2025-07-29,Impression,NO
INT-0002479,124,CMP-0001,2025-10-17,Impression , No
INT-0002480,464,CMP-0011,2025-05-29,click, No
INT-0002481,947,CMP-0022,17-10-2025,CLICK,No
INT-0002482,399,CMP-0017,08/30/2025, Email Open , No 
INT-0002483,277,CMP-0026,2025-12-02,Demo Request ,NO
INT-0002484,340,CMP-0025,17/06/2025, Trial Signup,Yes 
INT-0002485,1240,CMP-0026,"Oct 27, 2025", Email Open,Yes 
INT-0002486,990,CMP-0006,2025-06-17, Website Visit ,Yes 
INT-0002487,515,CMP-0024,07-07-2025,Website Visit, No 
INT-0002488,478,CMP-0007,"Mar 03, 2025", Impression ,YES
INT-0002489,223,CMP-0030,11 Oct 2025, Email Open,No
INT-0002490,78,CMP-0025,27-03-2025,Demo Request, No 
INT-0002491,1375,CMP-0007,2025-12-26,Email Open ,YES
INT-0002492,236,CMP-0027,"Jan 10, 2025",Website Visit,no
INT-0002493,414,CMP-0022,2025-04-16,demo request,No
INT-0002494,330,CMP-0004,26 Nov 2025,DEMO REQUEST, Yes
INT-0002495,616,CMP-0006,2025-07-16, Email Open ,yes
INT-0002496,807,CMP-0001,29-03-2025,Website Visit ,No 
INT-0002497,1155,CMP-0024,"Jul 13, 2025",Email Open , Yes 
INT-0002498,1063,CMP-0023,28/05/2025,Demo Request,No 
INT-0002499,301,CMP-0009,14 Aug 2025, Demo Request , No
INT-0002500,175,CMP-0005,23/09/2025,Website Visit ,NO
INT-0002501,545,CMP-0014,"Oct 28, 2025", Demo Request , No
INT-0002502,192,CMP-0011,"Sep 16, 2025",EMAIL OPEN,Yes
INT-0002503,997,CMP-0003,21-06-2025, Website Visit,no
INT-0002504,1301,CMP-0023,08-09-2025, Demo Request ,NO
INT-0002505,1479,CMP-0017,2025-02-24,Email Open ,Yes 
INT-0002506,113,CMP-0027,24 Jul 2025,Impression,no
INT-0002507,1146,CMP-0020,25/01/2025, Impression ,NO
INT-0002508,1352,CMP-0024,07/12/2025, Impression,no
INT-0002509,572,CMP-0030,"Oct 28, 2025",Trial Signup, No
INT-0002510,1476,CMP-0014,14-11-2025,WEBSITE VISIT, No 
INT-0002511,4,CMP-0008,"Feb 08, 2025",Trial Signup ,No
INT-0002512,1359,CMP-0014,"Jul 19, 2025",WEBSITE VISIT,no
INT-0002513,154,CMP-0011,"Mar 12, 2025",TRIAL SIGNUP, No 
INT-0002514,658,CMP-0011,01/17/2025,Demo Request ,no
INT-0002515,1130,CMP-0008,20 Mar 2025,impression,Yes
INT-0002516,957,CMP-0030,09 Dec 2025, Impression , No 
INT-0002517,1468,CMP-0017,08 Dec 2025,TRIAL SIGNUP,No 
INT-0002518,516,CMP-0024,10-10-2025, Trial Signup , No 
INT-0002519,17,CMP-0020,05/11/2025,Click ,No 
INT-0002520,850,CMP-0021,"Mar 17, 2025",click,no
INT-0002521,1197,CMP-0018,02 May 2025,Impression,No 
INT-0002522,1366,CMP-0028,05/05/2025, Impression,no
INT-0002523,1498,CMP-0015,29-06-2025,Impression , Yes 
INT-0002524,981,CMP-0020,02/10/2025,WEBSITE VISIT, No 
INT-0002525,1351,CMP-0022,28 Sep 2025, Email Open,no
INT-0002526,142,CMP-0030,06/20/2025,Email Open ,No
INT-0002527,210,CMP-0001,06 Apr 2025,EMAIL OPEN,No
INT-0002528,217,CMP-0015,"Dec 14, 2025",Click ,No 
INT-0002529,708,CMP-0020,09-10-2025, Trial Signup, No
INT-0002530,288,CMP-0002,2025-04-02,trial signup,No 
INT-0002531,128,CMP-0015,2025-10-19, Website Visit ,No
INT-0002532,1145,CMP-0014,02/01/2025,DEMO REQUEST,no
INT-0002533,920,CMP-0010,04-06-2025,WEBSITE VISIT,NO
INT-0002534,891,CMP-0006,03/21/2025,Website Visit , No 
INT-0002535,1257,CMP-0017,17/10/2025,email open,no
INT-0002536,236,CMP-0013,01/12/2025,demo request,YES
INT-0002537,20,CMP-0029,2025-02-20,Email Open , Yes 
INT-0002538,851,CMP-0019,03 Mar 2025,Website Visit ,NO
INT-0002539,1479,CMP-0022,28-03-2025,Email Open , No
INT-0002540,720,CMP-0023,25/01/2025, Trial Signup , No 
INT-0002541,1332,CMP-0021,2025-04-08,Trial Signup,no
INT-0002542,15,CMP-0008,04-08-2025,WEBSITE VISIT, No 
INT-0002543,920,CMP-0011,28 Nov 2025,Click, Yes 
INT-0002544,632,CMP-0001,11 Aug 2025,click, Yes
INT-0002545,890,CMP-0027,13-07-2025, Website Visit,NO
INT-0002546,1139,CMP-0003,"Jun 22, 2025",Website Visit , No
INT-0002547,1159,CMP-0026,24 Sep 2025,Website Visit ,NO
INT-0002548,1101,CMP-0027,07/13/2025, Impression,No
INT-0002549,345,CMP-0003,26-01-2025,demo request,No 
INT-0002550,1459,CMP-0015,31/07/2025,email open, No
INT-0002551,1110,CMP-0015,04/09/2025,Impression , Yes
INT-0002552,1412,CMP-0012,31 Aug 2025,Demo Request,No
INT-0002553,174,CMP-0009,06/29/2025,demo request,No 
INT-0002554,77,CMP-0023,12/19/2025, Email Open ,No
INT-0002555,112,CMP-0001,09/06/2025,Trial Signup , Yes 
INT-0002556,1,CMP-0010,17 May 2025,WEBSITE VISIT,NO
INT-0002557,86,CMP-0012,"May 16, 2025",Website Visit,NO
INT-0002558,1289,CMP-0012,14-11-2025,Trial Signup , No
INT-0002559,846,CMP-0002,28-02-2025,website visit,NO
INT-0002560,346,CMP-0027,14/08/2025,click,NO
INT-0002561,564,CMP-0013,26 Aug 2025,Impression ,No
INT-0002562,1204,CMP-0012,22-01-2025, Click , Yes 
INT-0002563,986,CMP-0015,17-01-2025,Email Open,no
INT-0002564,1388,CMP-0030,07/30/2025,WEBSITE VISIT,No 
INT-0002565,1494,CMP-0021,2025-02-03,TRIAL SIGNUP, No 
INT-0002566,824,CMP-0003,11 Nov 2025,Demo Request ,No
INT-0002567,830,CMP-0023,01/08/2025, Trial Signup , No
INT-0002568,380,CMP-0017,2025-09-09,IMPRESSION,No
INT-0002569,425,CMP-0014,19 Jul 2025, Demo Request,no
INT-0002570,941,CMP-0016,21-01-2025,EMAIL OPEN,Yes 
INT-0002571,604,CMP-0003,2025-07-09,Website Visit ,No
INT-0002572,1195,CMP-0009,2025-02-15, Email Open , No
INT-0002573,149,CMP-0019,05-01-2025,click, No 
INT-0002574,1084,CMP-0025,22 Jul 2025,Trial Signup,NO
INT-0002575,949,CMP-0002,19-12-2025,Website Visit , Yes
INT-0002576,122,CMP-0024,20 May 2025,Email Open , No
INT-0002577,111,CMP-0009,14 May 2025,Website Visit, Yes
INT-0002578,947,CMP-0028,12-08-2025,Impression,Yes 
INT-0002579,211,CMP-0021,23/05/2025, Website Visit,NO
INT-0002580,134,CMP-0008,06 Nov 2025,TRIAL SIGNUP, No 
INT-0002581,148,CMP-0003,"Jul 21, 2025", Impression , No
INT-0002582,1451,CMP-0025,14-03-2025,Trial Signup,NO
INT-0002583,230,CMP-0021,19-07-2025, Email Open , No 
INT-0002584,1312,CMP-0019,04/21/2025,email open,Yes 
INT-0002585,834,CMP-0002,25/12/2025,Email Open ,NO
INT-0002586,1447,CMP-0014,11/26/2025,click, Yes 
INT-0002587,1290,CMP-0003,2025-10-01, Impression ,YES
INT-0002588,994,CMP-0028,04/15/2025,Trial Signup ,No
INT-0002589,786,CMP-0025,27/10/2025,Email Open , Yes 
INT-0002590,1276,CMP-0022,28/03/2025, Demo Request, No 
INT-0002591,1235,CMP-0017,08/08/2025,DEMO REQUEST,No
INT-0002592,224,CMP-0007,04-11-2025,Demo Request ,NO
INT-0002593,998,CMP-0011,"Feb 16, 2025",Impression, No 
INT-0002594,851,,02/04/2025,Click , No 
INT-0002595,1380,CMP-0010,09/03/2025, Website Visit,NO
INT-0002596,61,CMP-0004,17-08-2025,Trial Signup, No 
INT-0002597,1132,CMP-0008,09-03-2025,Trial Signup,No 
INT-0002598,559,CMP-0024,06/22/2025,Website Visit,no
INT-0002599,1267,CMP-0019,2025-06-29,IMPRESSION, No 
INT-0002600,1039,CMP-0017,2025-07-24,Email Open ,No 
INT-0002601,119,CMP-0021,11/28/2025, Click,No
INT-0002602,799,CMP-0023,14 May 2025, Website Visit,no
INT-0002603,1180,CMP-0013,05/09/2025,click, No
INT-0002604,1023,CMP-0026,"Apr 18, 2025",Trial Signup ,Yes 
INT-0002605,286,CMP-0030,"Aug 08, 2025",impression, No
INT-0002606,1037,CMP-0025,"Feb 02, 2025", Trial Signup,No 
INT-0002607,1088,CMP-0017,"Jul 28, 2025", Click,No 
INT-0002608,1357,CMP-0014,2025-12-22,DEMO REQUEST, Yes 
INT-0002609,510,CMP-0019,2025-01-21, Email Open ,no
INT-0002610,1069,CMP-0005,18/08/2025,email open,No 
INT-0002611,537,CMP-0006,24/06/2025,TRIAL SIGNUP,no
INT-0002612,652,CMP-0004,"Mar 03, 2025", Trial Signup, Yes
INT-0002613,1165,CMP-0015,"Sep 06, 2025",demo request,no
INT-0002614,969,CMP-0013,20 Mar 2025,Click , No 
INT-0002615,746,CMP-0002,"Nov 29, 2025", Demo Request ,No 
INT-0002616,733,CMP-0011,2025-02-03,Click,No 
INT-0002617,166,CMP-0020,03 May 2025,TRIAL SIGNUP,no
INT-0002618,1380,CMP-0023,03 Sep 2025, Demo Request ,NO
INT-0002619,637,CMP-0012,19 Sep 2025, Trial Signup,No 
INT-0002620,1008,CMP-0015,29/07/2025,Website Visit, No
INT-0002621,569,CMP-0018,30 Dec 2025,Impression , No
INT-0002622,775,CMP-0003,02/25/2025,WEBSITE VISIT, No 
INT-0002623,1123,CMP-0016,31 Aug 2025, Trial Signup , No
INT-0002624,509,CMP-0026,08/13/2025,Demo Request ,no
INT-0002625,190,CMP-0014,"Aug 09, 2025",Website Visit ,No 
INT-0002626,428,CMP-0016,2025-06-02,Trial Signup ,yes
INT-0002627,1413,CMP-0020,2025-11-22, Click, No
INT-0002628,335,CMP-0001,10/04/2025,demo request,NO
INT-0002629,112,CMP-0023,"Mar 13, 2025",EMAIL OPEN,no
INT-0002630,462,CMP-0006,"May 24, 2025",Click ,No 
INT-0002631,98,CMP-0021,14 Aug 2025, Website Visit ,YES
INT-0002632,260,CMP-0006,"Sep 13, 2025",demo request,No
INT-0002633,669,CMP-0024,24/05/2025, Website Visit ,NO
INT-0002634,557,CMP-0004,22/01/2025, Impression,yes
INT-0002635,214,CMP-0018,21-07-2025,Click,Yes
INT-0002636,755,CMP-0010,17/05/2025,Website Visit, No
INT-0002637,585,CMP-0016,"Jul 02, 2025",click,No
INT-0002638,53,CMP-0006,21 Aug 2025, Email Open , No 
INT-0002639,416,CMP-0017,26 Jul 2025, Click,NO
INT-0002640,1195,CMP-0024,08 Dec 2025, Demo Request, No
INT-0002641,1483,CMP-0003,16-09-2025,Website Visit ,No
INT-0002642,1,CMP-0026,05/27/2025,Demo Request,Yes
INT-0002643,104,CMP-0004,23 May 2025,IMPRESSION, No 
INT-0002644,229,CMP-0001,07/09/2025,Click,no
INT-0002645,262,CMP-0001,09/09/2025,EMAIL OPEN,No
INT-0002646,1067,CMP-0008,"Oct 07, 2025", Click, No
INT-0002647,1463,CMP-0005,13 Feb 2025,Website Visit ,NO
INT-0002648,658,CMP-0024,23 Apr 2025, Website Visit ,yes
INT-0002649,1361,CMP-0005,22/03/2025,Trial Signup, No
INT-0002650,1024,CMP-0004,27/06/2025,Impression , No
INT-0002651,1183,CMP-0019,23/04/2025,Click,no
INT-0002652,1090,CMP-0017,11/14/2025, Trial Signup,NO
INT-0002653,848,CMP-0019,"Feb 04, 2025",Demo Request,YES
INT-0002654,1217,CMP-0005,22 Jan 2025, Demo Request,NO
INT-0002655,331,CMP-0020,12/07/2025,Demo Request, No 
INT-0002656,730,CMP-0009,"Jul 23, 2025", Demo Request ,no
INT-0002657,160,CMP-0029,05/02/2025, Trial Signup,No
INT-0002658,367,CMP-0025,11/01/2025,Click , No
INT-0002659,228,CMP-0030,11/06/2025, Click,No
INT-0002660,1215,CMP-0008,"Oct 12, 2025", Click,no
INT-0002661,222,CMP-0006,2025-08-18,Email Open ,No
INT-0002662,315,CMP-0006,30/11/2025, Demo Request , No
INT-0002663,562,CMP-0004,06/04/2025,Impression,No
INT-0002664,518,CMP-0006,09/29/2025,Email Open ,no
INT-0002665,985,CMP-0026,12/16/2025,TRIAL SIGNUP, No
INT-0002666,1047,CMP-0028,04/12/2025, Trial Signup,No 
INT-0002667,649,CMP-0014,06/25/2025, Email Open, No
INT-0002668,1441,CMP-0013,02/08/2025,CLICK, No
INT-0002669,1144,CMP-0020,30-08-2025,website visit,yes
INT-0002670,1354,CMP-0010,2025-07-06,Email Open,No
INT-0002671,1318,CMP-0005,"Apr 26, 2025", Impression ,No
INT-0002672,495,CMP-0022,16 Apr 2025,Demo Request ,no
INT-0002673,204,CMP-0024,09/04/2025, Trial Signup ,yes
INT-0002674,183,CMP-0007,09/07/2025, Demo Request,No
INT-0002675,1080,CMP-0027,14 Sep 2025,email open, No
INT-0002676,602,CMP-0027,22 Aug 2025, Impression,Yes
INT-0002677,996,CMP-0017,21/01/2025, Website Visit, No 
INT-0002678,620,CMP-0008,"Jun 30, 2025", Email Open , No
INT-0002679,1195,CMP-0011,11/19/2025, Impression ,no
INT-0002680,1151,CMP-0004,2025-04-01,Click,no
INT-0002681,934,CMP-0010,15/05/2025, Demo Request ,NO
INT-0002682,902,CMP-0026,10/03/2025,IMPRESSION,no
INT-0002683,1050,CMP-0018,03/28/2025, Trial Signup ,yes
INT-0002684,416,CMP-0025,07/12/2025,DEMO REQUEST, Yes
INT-0002685,872,CMP-0014,01/17/2025,TRIAL SIGNUP,no
INT-0002686,744,CMP-0024,22 Apr 2025, Trial Signup ,no
INT-0002687,694,CMP-0030,"Jan 16, 2025",Email Open,no
INT-0002688,1419,CMP-0023,"Jun 07, 2025",DEMO REQUEST,No 
INT-0002689,120,CMP-0024,02 Sep 2025, Trial Signup , No 
INT-0002690,529,CMP-0004,2025-03-19,IMPRESSION,YES
INT-0002691,849,CMP-0029,"Sep 14, 2025",DEMO REQUEST,no
INT-0002692,519,CMP-0008,23/07/2025, Trial Signup ,Yes 
INT-0002693,237,CMP-0029,05/03/2025, Website Visit , No 
INT-0002694,555,CMP-0022,17 Apr 2025, Demo Request ,No
INT-0002695,1497,CMP-0001,2025-09-02,Impression, No
INT-0002696,131,CMP-0023,04/12/2025, Demo Request , No 
INT-0002697,202,CMP-0012,08/11/2025,Website Visit,No
INT-0002698,916,CMP-0013,27-06-2025,Website Visit, No
INT-0002699,423,CMP-0023,03 Dec 2025,Click , No 
INT-0002700,198,CMP-0026,28/06/2025,Demo Request,no
INT-0002701,450,CMP-0005,09-12-2025,Demo Request, No 
INT-0002702,836,CMP-0009,09-12-2025, Click ,No
INT-0002703,195,CMP-0028,08-03-2025,Impression , No
INT-0002704,42,CMP-0026,10/07/2025,trial signup, No
INT-0002705,1013,CMP-0004,11/10/2025,CLICK,no
INT-0002706,1192,CMP-0019,2025-04-12,Website Visit , No 
INT-0002707,590,CMP-0009,01/05/2025, Click , Yes 
INT-0002708,1175,CMP-0013,23 Nov 2025,click,YES
INT-0002709,1153,CMP-0012,28-03-2025,Click,NO
INT-0002710,246,CMP-0015,"Jan 12, 2025", Demo Request, No 
INT-0002711,1337,CMP-0007,01/20/2025,demo request, No
INT-0002712,1210,CMP-0006,16-05-2025,IMPRESSION, Yes
INT-0002713,1343,CMP-0003,11 Sep 2025,DEMO REQUEST,no
INT-0002714,1352,,2025-05-14,Email Open,no
INT-0002715,381,CMP-0001,29/08/2025, Email Open,NO
INT-0002716,1155,CMP-0007,2025-01-22, Website Visit,No 
INT-0002717,686,CMP-0009,01/09/2025, Email Open , No
INT-0002718,1426,CMP-0012,2025-09-06,impression, No
INT-0002719,1370,CMP-0023,27-08-2025,impression,YES
INT-0002720,85,CMP-0010,2025-10-10,Email Open,NO
INT-0002721,632,CMP-0024,11-09-2025,WEBSITE VISIT,NO
INT-0002722,892,CMP-0016,"Dec 10, 2025",demo request,NO
INT-0002723,1343,CMP-0026,"Nov 20, 2025", Click , Yes
INT-0002724,1419,CMP-0021,07 Oct 2025,Website Visit, No 
INT-0002725,919,CMP-0014,2025-08-24,demo request, Yes 
INT-0002726,897,CMP-0006,17 Dec 2025,Click ,Yes 
INT-0002727,847,CMP-0001,09/18/2025,Impression,no
INT-0002728,545,CMP-0019,2025-11-11,CLICK,yes
INT-0002729,1391,CMP-0030,12-09-2025,Click,no
INT-0002730,1230,CMP-0028,2025-06-06, Demo Request ,No 
INT-0002731,958,CMP-0023,13 Mar 2025,Impression ,No 
INT-0002732,676,CMP-0028,13-04-2025, Email Open ,Yes
INT-0002733,625,CMP-0011,14/12/2025,WEBSITE VISIT,No
INT-0002734,492,CMP-0004,25/02/2025,IMPRESSION, No 
INT-0002735,306,CMP-0028,14 Jan 2025, Impression, No 
INT-0002736,1362,CMP-0029,2025-02-09, Impression,yes
INT-0002737,1392,CMP-0024,11/05/2025, Trial Signup, No
INT-0002738,282,CMP-0013,"Mar 29, 2025", Click, No
INT-0002739,258,CMP-0029,08/15/2025, Demo Request ,no
INT-0002740,623,CMP-0006,01/02/2025, Website Visit , Yes
INT-0002741,1378,CMP-0026,"Dec 28, 2025",Click , No
INT-0002742,546,CMP-0017,"Feb 06, 2025",Demo Request,no
INT-0002743,1269,,"Sep 12, 2025",click, No 
INT-0002744,754,CMP-0003,04/16/2025,Website Visit , No
INT-0002745,760,CMP-0005,15-09-2025,WEBSITE VISIT,No 
INT-0002746,35,CMP-0026,02 Aug 2025, Click , No 
INT-0002747,167,CMP-0030,23 Mar 2025,DEMO REQUEST, No
INT-0002748,84,CMP-0023,05 Feb 2025,Demo Request,yes
INT-0002749,293,CMP-0028,04/23/2025,DEMO REQUEST,NO
INT-0002750,816,CMP-0002,28 Aug 2025,Website Visit , No
INT-0002751,947,CMP-0017,2025-07-09, Demo Request ,NO
INT-0002752,1499,CMP-0022,10/21/2025, Demo Request,No
INT-0002753,1438,CMP-0002,2025-05-08,Website Visit ,yes
INT-0002754,1120,CMP-0018,29 Oct 2025,Email Open , No 
INT-0002755,1038,CMP-0022,02/08/2025,Website Visit,No
INT-0002756,19,CMP-0007,2025-09-15,Trial Signup ,NO
INT-0002757,483,CMP-0023,07/18/2025,website visit, Yes 
INT-0002758,1303,CMP-0021,04/06/2025,Trial Signup,No 
INT-0002759,918,CMP-0013,"Jun 16, 2025", Website Visit ,Yes 
INT-0002760,445,CMP-0013,02-05-2025, Click , No 
INT-0002761,630,CMP-0028,"Feb 11, 2025",EMAIL OPEN,No 
INT-0002762,1438,CMP-0027,"Jun 30, 2025", Impression , No
INT-0002763,720,CMP-0001,2025-03-23,website visit,YES
INT-0002764,1466,CMP-0005,06 Jul 2025, Impression ,yes
INT-0002765,1207,CMP-0010,04/01/2025,TRIAL SIGNUP, Yes 
INT-0002766,435,CMP-0020,2025-03-19,website visit,yes
INT-0002767,261,CMP-0018,"Sep 19, 2025",Click, Yes
INT-0002768,140,CMP-0010,08/08/2025, Email Open ,NO
INT-0002769,364,CMP-0010,20 Aug 2025,Demo Request,no
INT-0002770,1029,CMP-0004,2025-11-23,trial signup, No
INT-0002771,946,CMP-0003,"Aug 21, 2025", Trial Signup, Yes
INT-0002772,178,CMP-0005,2025-06-27,Impression , No 
INT-0002773,303,CMP-0021,29/06/2025,Website Visit,No 
INT-0002774,447,CMP-0008,2025-04-05,Click,Yes 
INT-0002775,1059,CMP-0029,2025-03-22,DEMO REQUEST, No 
INT-0002776,1023,CMP-0012,27/11/2025,Click,no
INT-0002777,773,CMP-0016,19/07/2025,Impression, No 
INT-0002778,412,CMP-0005,11/09/2025,Website Visit,No
INT-0002779,291,CMP-0010,2025-05-14,Website Visit ,No
INT-0002780,1374,CMP-0030,11/03/2025,website visit,no
INT-0002781,815,CMP-0029,2025-03-19,demo request, No 
INT-0002782,771,CMP-0015,2025-11-20,CLICK,no
INT-0002783,803,CMP-0030,22/02/2025, Email Open ,no
INT-0002784,593,CMP-0004,19 Oct 2025,click, No 
INT-0002785,327,CMP-0020,"Feb 24, 2025", Trial Signup ,No
INT-0002786,35,CMP-0019,04 Nov 2025,trial signup,no
INT-0002787,277,CMP-0010,16/10/2025,Click, Yes
INT-0002788,1432,CMP-0024,2025-11-20,Website Visit ,No 
INT-0002789,1321,CMP-0002,19/10/2025, Email Open , No
INT-0002790,192,CMP-0030,"Jul 15, 2025",DEMO REQUEST,No 
INT-0002791,1176,CMP-0006,12 Apr 2025,EMAIL OPEN,no
INT-0002792,700,CMP-0006,"Jan 22, 2025", Impression,no
INT-0002793,183,CMP-0027,11 Feb 2025,Website Visit, No 
INT-0002794,81,CMP-0025,22-02-2025,Email Open ,Yes 
INT-0002795,147,CMP-0014,2025-05-06,Trial Signup ,No
INT-0002796,621,CMP-0013,02 Jun 2025,trial signup,NO
INT-0002797,55,CMP-0006,2025-09-20, Impression , No 
INT-0002798,556,CMP-0028,27 Dec 2025,impression,No
INT-0002799,701,CMP-0027,01 Nov 2025,demo request, No 
INT-0002800,1495,CMP-0028,"Nov 26, 2025",Click,Yes 
INT-0002801,769,CMP-0015,02-09-2025,Website Visit,no
INT-0002802,371,CMP-0025,2025-02-27, Impression ,No 
INT-0002803,1243,CMP-0007,31/10/2025, Trial Signup, No
INT-0002804,168,CMP-0005,23 Dec 2025, Click ,No
INT-0002805,176,CMP-0014,"Mar 02, 2025",Website Visit,no
INT-0002806,628,CMP-0009,03 Apr 2025,DEMO REQUEST,NO
INT-0002807,195,CMP-0014,05 Feb 2025,Impression,no
INT-0002808,304,CMP-0007,03 Sep 2025, Trial Signup , No 
INT-0002809,323,CMP-0019,08/03/2025,click, Yes
INT-0002810,1136,CMP-0004,13 Apr 2025,demo request,NO
INT-0002811,609,CMP-0020,21 Feb 2025,trial signup, No 
INT-0002812,1138,CMP-0010,30 Aug 2025,click, No
INT-0002813,57,CMP-0022,"Oct 02, 2025",WEBSITE VISIT, No
INT-0002814,618,CMP-0028,"Apr 05, 2025", Demo Request ,No
INT-0002815,164,CMP-0014,03-10-2025,EMAIL OPEN,no
INT-0002816,822,CMP-0013,2025-09-18,click,No 
INT-0002817,264,CMP-0003,18 Jul 2025, Impression, No 
INT-0002818,94,CMP-0025,04-02-2025,Click, No 
INT-0002819,96,CMP-0009,06 Nov 2025,website visit,NO
INT-0002820,418,CMP-0021,30/01/2025,demo request, No 
INT-0002821,1054,CMP-0002,19 Feb 2025,website visit,No 
INT-0002822,475,CMP-0010,12/07/2025, Website Visit, No 
INT-0002823,46,CMP-0026,05-01-2025, Demo Request ,No 
INT-0002824,1349,CMP-0013,26/04/2025, Demo Request,no
INT-0002825,1399,CMP-0007,08/01/2025, Website Visit ,No 
INT-0002826,1147,CMP-0018,25 Oct 2025, Demo Request , Yes
INT-0002827,1114,CMP-0014,"Jan 10, 2025", Impression,NO
INT-0002828,454,CMP-0024,18 Dec 2025, Demo Request , No
INT-0002829,1417,CMP-0007,13-04-2025,EMAIL OPEN,No
INT-0002830,238,CMP-0023,03-09-2025,Demo Request ,No
INT-0002831,899,CMP-0026,27 Feb 2025,EMAIL OPEN,Yes
INT-0002832,539,CMP-0009,30/01/2025,Trial Signup,yes
INT-0002833,966,CMP-0013,12/02/2025,Impression ,No
INT-0002834,191,CMP-0023,28-12-2025,EMAIL OPEN, No 
INT-0002835,116,CMP-0002,28/09/2025, Website Visit,YES
INT-0002836,230,CMP-0008,"Apr 05, 2025",trial signup, No
INT-0002837,1182,CMP-0021,"Mar 10, 2025",EMAIL OPEN, Yes 
INT-0002838,288,CMP-0020,24-05-2025,Demo Request ,NO
INT-0002839,57,CMP-0017,23/12/2025, Impression ,No 
INT-0002840,871,CMP-0025,24 Dec 2025, Demo Request,NO
INT-0002841,1122,CMP-0008,2025-06-04,trial signup,no
INT-0002842,1422,CMP-0017,18/01/2025,WEBSITE VISIT,No
INT-0002843,709,CMP-0025,06/06/2025,Email Open,Yes
INT-0002844,191,CMP-0005,24 Jun 2025,click,NO
INT-0002845,979,CMP-0015,12/04/2025,TRIAL SIGNUP,NO
INT-0002846,826,CMP-0010,05/21/2025, Email Open, No 
INT-0002847,1149,CMP-0001,16/04/2025,TRIAL SIGNUP,no
INT-0002848,448,CMP-0026,08/07/2025, Impression, Yes
INT-0002849,1219,CMP-0006,07 Oct 2025,impression,yes
INT-0002850,1364,CMP-0030,10 Jan 2025, Trial Signup, Yes 
INT-0002851,155,CMP-0013,08/23/2025, Email Open ,no
INT-0002852,1288,CMP-0002,2025-01-28,Trial Signup,No 
INT-0002853,1220,CMP-0010,05/15/2025, Impression ,No
INT-0002854,865,CMP-0023,02/20/2025,Trial Signup,NO
INT-0002855,1455,CMP-0014,13 Apr 2025,Demo Request,NO
INT-0002856,919,CMP-0028,11-05-2025,TRIAL SIGNUP, No 
INT-0002857,372,CMP-0004,04-04-2025, Click,NO
INT-0002858,484,CMP-0021,31-07-2025, Click,NO
INT-0002859,1319,CMP-0027,02-04-2025, Email Open,Yes
INT-0002860,585,CMP-0025,"Feb 09, 2025",Impression,no
INT-0002861,455,CMP-0001,09/13/2025,CLICK,no
INT-0002862,118,CMP-0009,04-07-2025,Trial Signup, No
INT-0002863,662,CMP-0007,13 Nov 2025,impression, Yes 
INT-0002864,1392,CMP-0030,20-06-2025,IMPRESSION,yes
INT-0002865,478,CMP-0010,29-12-2025,Trial Signup,No 
INT-0002866,1448,CMP-0017,"Mar 10, 2025",Impression,No 
INT-0002867,495,CMP-0028,11/27/2025,Trial Signup , No 
INT-0002868,1135,CMP-0024,"Jan 05, 2025", Demo Request ,Yes
INT-0002869,1261,CMP-0008,07/02/2025, Website Visit,no
INT-0002870,676,CMP-0005,26 Feb 2025,CLICK,No 
INT-0002871,259,CMP-0028,01/08/2025, Email Open ,No 
INT-0002872,1337,CMP-0026,"Dec 17, 2025",WEBSITE VISIT,no
INT-0002873,1233,,2025-08-08,CLICK,No
INT-0002874,953,CMP-0020,2025-03-25,Demo Request,no
INT-0002875,1432,CMP-0001,03/11/2025,Demo Request ,No 
INT-0002876,1030,CMP-0010,2025-07-31,CLICK,yes
INT-0002877,117,CMP-0004,2025-08-06, Click , No
INT-0002878,1350,,27 Sep 2025,Click,no
INT-0002879,1028,CMP-0028,24 Jan 2025,Email Open,NO
INT-0002880,606,CMP-0005,10/04/2025, Demo Request,Yes
INT-0002881,404,CMP-0019,18 Oct 2025,DEMO REQUEST,no
INT-0002882,652,CMP-0029,"Apr 02, 2025",email open,no
INT-0002883,617,CMP-0024,01 Jun 2025, Trial Signup,no
INT-0002884,348,CMP-0020,04/11/2025, Trial Signup,Yes 
INT-0002885,710,CMP-0028,26-02-2025, Email Open,NO
INT-0002886,1428,CMP-0013,"Mar 24, 2025",demo request, No 
INT-0002887,1251,CMP-0008,03 Apr 2025,Demo Request , Yes 
INT-0002888,937,CMP-0019,"Sep 10, 2025",Click,No
INT-0002889,487,CMP-0012,2025-09-30,impression,No 
INT-0002890,153,CMP-0025,26 Sep 2025,IMPRESSION, No 
INT-0002891,1099,CMP-0025,21 Feb 2025,WEBSITE VISIT,no
INT-0002892,1364,CMP-0012,2025-11-28, Trial Signup ,No
INT-0002893,1130,CMP-0027,08-03-2025, Impression,no
INT-0002894,211,CMP-0030,20 Jan 2025, Website Visit,NO
INT-0002895,829,CMP-0013,"Feb 26, 2025",IMPRESSION,yes
INT-0002896,1482,CMP-0028,04/17/2025,Click ,No
INT-0002897,1121,CMP-0007,04/06/2025,email open,Yes 
INT-0002898,619,CMP-0011,"Jun 26, 2025",Email Open,No
INT-0002899,1000,CMP-0028,02/19/2025,Click ,Yes
INT-0002900,309,CMP-0016,23-09-2025,TRIAL SIGNUP,No
INT-0002901,934,CMP-0007,10/01/2025, Impression ,no
INT-0002902,618,CMP-0014,05/08/2025, Website Visit,No 
INT-0002903,727,CMP-0021,29/01/2025,trial signup, No
INT-0002904,508,CMP-0030,12/21/2025, Impression ,NO
INT-0002905,1219,CMP-0011,13-06-2025,Impression,yes
INT-0002906,368,CMP-0015,05 Feb 2025,Trial Signup, No
INT-0002907,1147,CMP-0024,2025-08-12, Trial Signup ,NO
INT-0002908,321,CMP-0018,05/23/2025, Demo Request ,No 
INT-0002909,1439,CMP-0007,"May 13, 2025",Demo Request ,NO
INT-0002910,1244,CMP-0018,15-04-2025,Demo Request , No 
INT-0002911,1282,CMP-0013,02/12/2025,demo request,no
INT-0002912,1171,CMP-0008,"Jan 21, 2025", Click ,no
INT-0002913,1049,CMP-0008,"Jul 25, 2025",trial signup,No
INT-0002914,790,CMP-0026,18 Dec 2025,demo request,No
INT-0002915,381,CMP-0006,06/03/2025,IMPRESSION,No 
INT-0002916,203,CMP-0012,28-02-2025, Click ,No
INT-0002917,1353,CMP-0001,17/07/2025,CLICK,no
INT-0002918,531,CMP-0012,2025-04-25,impression,No
INT-0002919,1415,CMP-0015,07-03-2025,trial signup, No
INT-0002920,1161,CMP-0028,2025-09-02, Website Visit , No
INT-0002921,238,CMP-0023,22-12-2025,TRIAL SIGNUP,No
INT-0002922,321,CMP-0022,"May 27, 2025",TRIAL SIGNUP,No 
INT-0002923,1459,CMP-0002,19/06/2025, Impression, No 
INT-0002924,1078,CMP-0030,2025-07-06,WEBSITE VISIT,No
INT-0002925,212,CMP-0029,19-06-2025,Trial Signup , No 
INT-0002926,1002,CMP-0004,06/17/2025,Trial Signup,No 
INT-0002927,617,CMP-0008,21 Oct 2025,Email Open,No
INT-0002928,1299,CMP-0030,2025-09-04,Impression,yes
INT-0002929,1289,CMP-0015,"Dec 07, 2025", Demo Request,No 
INT-0002930,1220,CMP-0003,30 Oct 2025,Website Visit ,NO
INT-0002931,702,CMP-0008,"Aug 12, 2025",Click, No 
INT-0002932,813,CMP-0017,21/11/2025, Demo Request ,No 
INT-0002933,43,CMP-0004,18 Aug 2025, Click, No
INT-0002934,36,CMP-0012,12 Jul 2025,Impression,No
INT-0002935,147,CMP-0020,21/03/2025, Demo Request,no
INT-0002936,1104,CMP-0019,2025-03-02, Website Visit ,no
INT-0002937,561,CMP-0012,23-09-2025,EMAIL OPEN,NO
INT-0002938,791,CMP-0006,01-10-2025,Demo Request ,Yes 
INT-0002939,1054,CMP-0016,"Feb 25, 2025", Website Visit,No 
INT-0002940,1485,CMP-0029,06/29/2025, Click ,Yes 
INT-0002941,1311,CMP-0016,02/14/2025, Click,NO
INT-0002942,1343,CMP-0002,02/10/2025, Click , No 
INT-0002943,820,CMP-0025,06 Aug 2025,website visit,no
INT-0002944,864,CMP-0010,18 Jan 2025,trial signup, Yes
INT-0002945,681,CMP-0008,22-04-2025,demo request, No
INT-0002946,64,CMP-0013,12-06-2025,EMAIL OPEN, No 
INT-0002947,1186,CMP-0012,12 Sep 2025,Trial Signup , No
INT-0002948,1291,CMP-0020,2025-02-21, Impression,Yes
INT-0002949,1170,CMP-0012,31 Dec 2025,DEMO REQUEST,no
INT-0002950,510,CMP-0010,04 Feb 2025,email open,No 
INT-0002951,977,CMP-0006,2025-06-09, Website Visit,No
INT-0002952,877,CMP-0008,04/06/2025,Website Visit,no
INT-0002953,279,CMP-0020,05/24/2025,website visit, Yes 
INT-0002954,574,CMP-0006,21 Jun 2025, Impression,yes
INT-0002955,1217,CMP-0009,"May 05, 2025",DEMO REQUEST,No 
INT-0002956,1296,CMP-0016,25-03-2025, Impression , No
INT-0002957,544,CMP-0030,08-10-2025,IMPRESSION, No
INT-0002958,1355,CMP-0002,06-09-2025, Email Open, No 
INT-0002959,713,CMP-0013,26 Jan 2025, Trial Signup, Yes 
INT-0002960,458,CMP-0017,01/03/2025,trial signup,NO
INT-0002961,134,CMP-0016,14-08-2025,website visit,No 
INT-0002962,199,CMP-0014,25 Jun 2025,Demo Request, No
INT-0002963,700005,CMP-0008,17-10-2025, Impression ,YES
INT-0002964,608,CMP-0012,09 Jul 2025, Demo Request , Yes 
INT-0002965,1499,CMP-0027,"Oct 30, 2025",impression,Yes 
INT-0002966,286,CMP-0015,"Sep 26, 2025",email open,Yes 
INT-0002967,700006,CMP-0006,06/07/2025, Impression,No 
INT-0002968,247,CMP-0028,11/06/2025, Impression , No
INT-0002969,1210,CMP-0016,26-03-2025, Trial Signup , No 
INT-0002970,799,CMP-0024,11-11-2025, Click, No
INT-0002971,376,CMP-0007,"Jan 15, 2025",EMAIL OPEN,no
INT-0002972,954,CMP-0015,08/30/2025, Click , Yes 
INT-0002973,419,CMP-0012,07/29/2025, Demo Request ,NO
INT-0002974,172,CMP-0013,12/13/2025,demo request,No
INT-0002975,930,CMP-0018,25/01/2025, Website Visit , No 
INT-0002976,1014,CMP-0028,"Mar 27, 2025",TRIAL SIGNUP,No
INT-0002977,356,CMP-0016,10-03-2025, Click, No 
INT-0002978,1255,CMP-0004,10/26/2025,Impression ,No
INT-0002979,734,CMP-0019,05/26/2025,DEMO REQUEST, No 
INT-0002980,759,CMP-0015,02/14/2025,IMPRESSION, Yes 
INT-0002981,134,CMP-0028,02/02/2025,CLICK,Yes
INT-0002982,749,CMP-0007,01 Jun 2025, Trial Signup, Yes 
INT-0002983,851,CMP-0010,05/30/2025,click, No
INT-0002984,485,CMP-0029,30 Jan 2025, Email Open,no
INT-0002985,234,CMP-0005,09 Sep 2025,DEMO REQUEST,No 
INT-0002986,440,CMP-0003,05/01/2025,Click ,No 
INT-0002987,786,CMP-0006,21/10/2025,trial signup,No
INT-0002988,148,CMP-0029,2025-01-11,Trial Signup ,NO
INT-0002989,220,CMP-0029,25-04-2025,WEBSITE VISIT, No 
INT-0002990,481,CMP-0018,22 Nov 2025,Trial Signup,No
INT-0002991,1343,CMP-0028,"Feb 07, 2025", Website Visit , No
INT-0002992,621,CMP-0029,27/12/2025,CLICK,No 
INT-0002993,1371,CMP-0005,11/25/2025,Trial Signup,No 
INT-0002994,589,CMP-0023,07/02/2025,email open,No 
INT-0002995,1352,CMP-0016,05 Aug 2025,TRIAL SIGNUP, No
INT-0002996,800,CMP-0013,02 Feb 2025,Impression , No
INT-0002997,1070,CMP-0010,2025-06-09, Website Visit, Yes
INT-0002998,351,CMP-0003,26-07-2025,Trial Signup , No
INT-0002999,679,CMP-0026,15 Feb 2025,website visit, No
INT-0003000,1414,CMP-0020,21 Jan 2025,Website Visit , Yes
INT-0003001,1253,CMP-0005,26/03/2025, Email Open , No 
INT-0003002,476,CMP-0013,2025-06-11,WEBSITE VISIT,No 
INT-0003003,545,CMP-0006,05-10-2025,Email Open , No 
INT-0003004,632,CMP-0023,2025-09-19,impression,No
INT-0003005,1385,CMP-0008,31-07-2025,Impression , Yes
INT-0003006,1231,CMP-0003,2025-09-10,IMPRESSION,No
INT-0003007,1092,CMP-0001,2025-02-20, Email Open ,Yes 
INT-0003008,1009,CMP-0024,21-07-2025, Demo Request ,No
INT-0003009,187,CMP-0017,"Sep 30, 2025", Trial Signup , No
INT-0003010,580,CMP-0006,16 Jul 2025,email open,No
INT-0003011,1193,CMP-0016,"May 02, 2025",Trial Signup,No
INT-0003012,568,CMP-0010,09/03/2025,Email Open , No
INT-0003013,806,CMP-0027,2025-02-13,Trial Signup , No 
INT-0003014,708,CMP-0018,06 Dec 2025,CLICK,YES
INT-0003015,751,CMP-0011,2025-04-10,click, Yes 
INT-0003016,905,CMP-0005,15 Oct 2025,Impression,no
INT-0003017,1444,,2025-01-20, Impression,No
INT-0003018,224,CMP-0029,22-01-2025,EMAIL OPEN,No
INT-0003019,1335,CMP-0019,11/09/2025,impression, Yes 
INT-0003020,406,CMP-0021,17-01-2025,click,No
INT-0003021,1098,CMP-0016,"Jun 11, 2025",Click ,NO
INT-0003022,155,CMP-0024,30/01/2025,Trial Signup , No
INT-0003023,412,CMP-0004,"Dec 29, 2025",website visit,no
INT-0003024,560,CMP-0021,17 May 2025,Impression , Yes
INT-0003025,1172,CMP-0014,01/18/2025, Trial Signup ,No
INT-0003026,1361,CMP-0015,14 Mar 2025, Click,Yes
INT-0003027,851,CMP-0012,10 Aug 2025,Email Open,No 
INT-0003028,829,CMP-0029,"Feb 22, 2025",Impression ,No 
INT-0003029,1252,CMP-0026,03/18/2025,email open,yes
INT-0003030,524,CMP-0029,2025-07-01, Click ,Yes
INT-0003031,833,CMP-0030,"Mar 11, 2025", Click, No
INT-0003032,1126,CMP-0020,12/05/2025,Email Open ,No
INT-0003033,1281,CMP-0019,05/03/2025,website visit,No 
INT-0003034,282,CMP-0002,05/01/2025,Click,no
INT-0003035,805,CMP-0022,27-08-2025,Click ,YES
INT-0003036,583,CMP-0003,22-06-2025,impression,no
INT-0003037,79,CMP-0019,"Sep 04, 2025", Demo Request , Yes 
INT-0003038,850,CMP-0015,07/28/2025, Impression ,No
INT-0003039,554,CMP-0001,22-08-2025, Website Visit ,NO
INT-0003040,1286,CMP-0002,03/04/2025, Click,no
INT-0003041,607,CMP-0029,24-09-2025,email open,No
INT-0003042,189,CMP-0019,05/29/2025, Impression,NO
INT-0003043,747,CMP-0017,2025-04-02, Demo Request ,NO
INT-0003044,1,CMP-0011,2025-09-11,EMAIL OPEN,Yes 
INT-0003045,333,CMP-0029,05-07-2025,CLICK,no
INT-0003046,1089,CMP-0019,05/27/2025,IMPRESSION, Yes
INT-0003047,370,CMP-0004,08/06/2025,Click,Yes 
INT-0003048,304,CMP-0023,2025-10-31,Email Open, No 
INT-0003049,904,CMP-0013,09/03/2025, Impression,No
INT-0003050,357,CMP-0022,"Oct 20, 2025",Website Visit ,Yes
INT-0003051,426,CMP-0005,08/03/2025, Click , Yes
INT-0003052,1338,CMP-0027,06/02/2025,EMAIL OPEN,NO
INT-0003053,342,CMP-0022,05/26/2025,Click ,no
INT-0003054,463,CMP-0011,29-11-2025,Click , No
INT-0003055,259,CMP-0007,14-01-2025,demo request,no
INT-0003056,1479,CMP-0018,28-02-2025,CLICK,No 
INT-0003057,1332,CMP-0008,2025-04-14,trial signup,No 
INT-0003058,1087,CMP-0001,2025-03-16, Email Open,No
INT-0003059,86,CMP-0011,23 Sep 2025, Trial Signup,NO
INT-0003060,764,CMP-0019,04-04-2025,impression, No
INT-0003061,1028,CMP-0029,25/05/2025, Impression ,No 
INT-0003062,1126,CMP-0001,08-11-2025,Email Open, Yes 
INT-0003063,1184,CMP-0015,30 Aug 2025,IMPRESSION, Yes 
INT-0003064,767,CMP-0014,19/04/2025,Click , No 
INT-0003065,1291,CMP-0018,2025-02-20, Click ,No 
INT-0003066,1296,CMP-0010,02/01/2025,Click,NO
INT-0003067,1296,CMP-0014,"Jun 27, 2025",Click,Yes 
INT-0003068,1343,CMP-0013,"Nov 26, 2025",Website Visit, No
INT-0003069,21,CMP-0028,03/11/2025, Click,No 
INT-0003070,1455,CMP-0013,2025-09-04,demo request,No 
INT-0003071,839,CMP-0021,20 May 2025, Click,yes
INT-0003072,1447,CMP-0001,03/17/2025,CLICK, No 
INT-0003073,506,CMP-0014,06/04/2025,DEMO REQUEST, No
INT-0003074,1301,CMP-0029,2025-07-30, Demo Request ,yes
INT-0003075,1453,CMP-0011,07-01-2025,impression,No 
INT-0003076,602,CMP-0009,26/09/2025,email open, No 
INT-0003077,1454,CMP-0007,"Aug 27, 2025",Demo Request,No 
INT-0003078,436,CMP-0025,23/08/2025, Trial Signup ,No
INT-0003079,1359,CMP-0028,2025-12-06,CLICK, No 
INT-0003080,826,CMP-0012,19 May 2025,trial signup,no
INT-0003081,1076,CMP-0021,08-03-2025,TRIAL SIGNUP, Yes 
INT-0003082,269,CMP-0009,29-03-2025,DEMO REQUEST,No
INT-0003083,1270,CMP-0023,06-04-2025,DEMO REQUEST,No
INT-0003084,308,CMP-0006,23/11/2025,WEBSITE VISIT,No
INT-0003085,482,CMP-0010,03-03-2025,Impression ,NO
INT-0003086,941,CMP-0011,18-08-2025,Website Visit,No
INT-0003087,944,CMP-0012,"Jun 26, 2025",TRIAL SIGNUP, Yes 
INT-0003088,578,CMP-0028,"Mar 06, 2025",Impression,No
INT-0003089,73,CMP-0007,"Jun 19, 2025", Impression,YES
INT-0003090,1486,CMP-0005,06 May 2025, Trial Signup ,yes
INT-0003091,841,CMP-0018,02/09/2025,demo request,No
INT-0003092,238,CMP-0018,2025-09-11,EMAIL OPEN,No 
INT-0003093,931,CMP-0029,10/01/2025, Click ,Yes 
INT-0003094,1389,CMP-0015,02/17/2025,TRIAL SIGNUP,YES
INT-0003095,1330,CMP-0027,"Dec 15, 2025", Click ,No 
INT-0003096,206,CMP-0003,"Apr 08, 2025",impression,NO
INT-0003097,992,CMP-0013,29/06/2025,Demo Request,YES
INT-0003098,506,CMP-0021,"Mar 22, 2025",Click,No
INT-0003099,106,CMP-0006,12 Oct 2025, Impression,No 
INT-0003100,709,CMP-0027,03 Mar 2025,WEBSITE VISIT, Yes 
INT-0003101,1040,CMP-0002,2025-12-05, Email Open, No 
INT-0003102,1014,,20/12/2025,Click , Yes 
INT-0003103,102,CMP-0011,12/23/2025,demo request,No
INT-0003104,986,CMP-0002,2025-01-22,TRIAL SIGNUP,Yes
INT-0003105,1010,CMP-0009,"Jun 27, 2025",IMPRESSION,No 
INT-0003106,1349,CMP-0021,"Feb 14, 2025",Demo Request ,No 
INT-0003107,955,CMP-0028,16 Jun 2025,Impression ,no
INT-0003108,291,CMP-0017,"May 01, 2025",Email Open,no
INT-0003109,1056,CMP-0024,03/15/2025,Website Visit, No
INT-0003110,1374,CMP-0014,24-12-2025,trial signup,YES
INT-0003111,1230,CMP-0030,"Mar 30, 2025",Email Open,Yes
INT-0003112,85,CMP-0017,16-05-2025,click, No 
INT-0003113,597,CMP-0001,08-04-2025,CLICK, No
INT-0003114,185,CMP-0018,"Dec 25, 2025", Impression,No 
INT-0003115,1449,CMP-0006,20 Jun 2025,Click ,No
INT-0003116,1064,CMP-0020,11-11-2025, Click , Yes
INT-0003117,1223,CMP-0023,09/01/2025, Trial Signup, No 
INT-0003118,849,CMP-0025,17/09/2025,Email Open,no
INT-0003119,956,CMP-0012,2025-03-06,Trial Signup,No
INT-0003120,357,CMP-0017,07/03/2025,Website Visit ,no
INT-0003121,1152,CMP-0022,"Jul 24, 2025",Trial Signup ,Yes
INT-0003122,953,CMP-0005,"Nov 21, 2025",Email Open ,No 
INT-0003123,838,CMP-0023,02-03-2025, Trial Signup, No 
INT-0003124,1265,CMP-0027,11/09/2025,Trial Signup ,no
INT-0003125,915,CMP-0027,08/06/2025, Website Visit , No
INT-0003126,1152,CMP-0008,2025-12-19,Demo Request,No
INT-0003127,583,CMP-0013,2025-02-06,Click ,No
INT-0003128,996,CMP-0029,21-12-2025,Impression ,NO
INT-0003129,8,CMP-0002,11/07/2025,Demo Request,No 
INT-0003130,1032,,11/13/2025, Trial Signup ,NO
INT-0003131,12,CMP-0020,01/21/2025, Trial Signup , No
INT-0003132,602,CMP-0024,2025-07-25,Demo Request ,NO
INT-0003133,57,CMP-0019,24 Jul 2025, Demo Request ,NO
INT-0003134,787,CMP-0008,2025-01-15,Trial Signup ,no
INT-0003135,780,CMP-0023,13-08-2025,Demo Request, No
INT-0003136,1455,CMP-0011,12/15/2025,demo request,YES
INT-0003137,920,CMP-0017,"Dec 07, 2025",Impression,YES
INT-0003138,309,CMP-0007,22-11-2025,trial signup, No 
INT-0003139,853,CMP-0002,04/30/2025,IMPRESSION,NO
INT-0003140,905,CMP-0014,2025-03-23,website visit,No 
INT-0003141,499,CMP-0026,"Feb 10, 2025", Click ,Yes 
INT-0003142,234,CMP-0004,07-02-2025,Trial Signup ,No 
INT-0003143,1023,CMP-0030,2025-06-10,Impression ,Yes 
INT-0003144,737,CMP-0015,09-04-2025,Website Visit ,NO
INT-0003145,1423,CMP-0028,09/11/2025,Email Open ,no
INT-0003146,568,CMP-0030,"Mar 30, 2025",IMPRESSION,No 
INT-0003147,728,CMP-0028,21 Apr 2025,Website Visit,YES
INT-0003148,744,CMP-0006,"Oct 05, 2025",CLICK,yes
INT-0003149,871,CMP-0026,02/18/2025, Impression ,NO
INT-0003150,1291,CMP-0024,"Jan 17, 2025",email open, No
INT-0003151,270,CMP-0028,"Jan 08, 2025", Website Visit ,YES
INT-0003152,1257,CMP-0020,"Jan 05, 2025",Demo Request ,Yes 
INT-0003153,1377,CMP-0018,2025-08-18, Impression, No
INT-0003154,149,CMP-0016,02/02/2025, Website Visit ,no
INT-0003155,223,CMP-0012,"Dec 31, 2025",CLICK, No 
INT-0003156,102,CMP-0028,"Mar 31, 2025",Click,No 
INT-0003157,274,CMP-0009,2025-03-09,click,YES
INT-0003158,140,CMP-0016,2025-06-30,Website Visit, No
INT-0003159,1349,CMP-0010,12-05-2025, Website Visit,Yes 
INT-0003160,758,CMP-0008,"Aug 04, 2025", Website Visit ,Yes
INT-0003161,489,CMP-0023,"Oct 21, 2025", Demo Request,no
INT-0003162,519,CMP-0030,2025-01-30,Trial Signup,NO
INT-0003163,305,CMP-0016,23/02/2025,trial signup, Yes
INT-0003164,990,CMP-0030,09/04/2025,TRIAL SIGNUP, No
INT-0003165,1438,CMP-0001,02/01/2025, Website Visit ,NO
INT-0003166,1265,CMP-0020,2025-11-09,impression,No 
INT-0003167,247,CMP-0003,09 Aug 2025,click,No 
INT-0003168,1400,CMP-0006,08-09-2025,Click , No 
INT-0003169,951,CMP-0030,31/12/2025,click,no
INT-0003170,54,CMP-0021,02/25/2025,Email Open,No 
INT-0003171,1439,CMP-0003,11/23/2025, Click, Yes 
INT-0003172,636,CMP-0009,02/12/2025, Website Visit , No 
INT-0003173,161,CMP-0005,"Jun 18, 2025", Trial Signup , No 
INT-0003174,1160,CMP-0011,08-09-2025, Demo Request , No 
INT-0003175,962,CMP-0016,15/02/2025, Trial Signup ,NO
INT-0003176,230,CMP-0010,03/16/2025,click,No
INT-0003177,657,CMP-0017,05/06/2025, Trial Signup ,NO
INT-0003178,886,CMP-0016,15-11-2025, Trial Signup , No 
INT-0003179,66,CMP-0019,2025-05-28, Website Visit , No 
INT-0003180,1087,CMP-0008,10/28/2025,demo request, No
INT-0003181,1151,CMP-0018,02-03-2025, Trial Signup ,No 
INT-0003182,529,CMP-0030,22/04/2025,Impression ,No
INT-0003183,84,CMP-0004,30/12/2025, Email Open , Yes 
INT-0003184,673,CMP-0029,2025-08-28, Trial Signup ,No
INT-0003185,129,CMP-0024,11/19/2025,Impression ,No
INT-0003186,894,CMP-0006,30/01/2025,trial signup,no
INT-0003187,1175,CMP-0027,31/03/2025, Email Open , No
INT-0003188,242,CMP-0010,03 Jul 2025,Trial Signup,no
INT-0003189,989,CMP-0010,01/24/2025, Demo Request , No
INT-0003190,1423,CMP-0018,28 Sep 2025,CLICK, Yes
INT-0003191,1151,CMP-0028,2025-05-27, Click ,yes
INT-0003192,350,CMP-0020,16 Mar 2025, Demo Request, Yes
INT-0003193,1397,CMP-0026,31/08/2025, Email Open, No
INT-0003194,799,CMP-0028,11/06/2025, Click ,NO
INT-0003195,872,CMP-0006,"Nov 29, 2025",demo request,no
INT-0003196,812,CMP-0021,20 Feb 2025,Email Open,Yes
INT-0003197,920,CMP-0020,04/19/2025, Website Visit ,Yes
INT-0003198,403,CMP-0010,2025-11-04, Impression ,No 
INT-0003199,187,CMP-0012,05 Mar 2025, Website Visit ,no
INT-0003200,1285,CMP-0007,"Dec 28, 2025",Email Open,Yes 
INT-0003201,1320,CMP-0005,14 Oct 2025, Impression , Yes
INT-0003202,1171,CMP-0006,2025-10-06,DEMO REQUEST,No
INT-0003203,513,CMP-0009,"Mar 23, 2025", Trial Signup,No 
INT-0003204,31,CMP-0021,05/16/2025,Email Open, No 
INT-0003205,575,CMP-0021,06 May 2025,Website Visit ,no
INT-0003206,807,CMP-0022,25 Oct 2025,email open,NO
INT-0003207,11,CMP-0013,"Jun 13, 2025",Click , No 
INT-0003208,379,CMP-0013,2025-01-29,impression, No
INT-0003209,1469,CMP-0009,14 Aug 2025,CLICK, No
INT-0003210,1066,CMP-0001,"Sep 03, 2025", Impression,NO
INT-0003211,1320,CMP-0002,2025-02-20,Trial Signup,NO
INT-0003212,26,CMP-0008,27-05-2025,Email Open, No
INT-0003213,147,CMP-0023,11-07-2025,Website Visit,No 
INT-0003214,533,CMP-0008,29/08/2025,impression,no
INT-0003215,622,CMP-0019,06/17/2025,trial signup,No 
INT-0003216,613,CMP-0025,08 Aug 2025,IMPRESSION,NO
INT-0003217,60,CMP-0012,"May 21, 2025",WEBSITE VISIT,No
INT-0003218,1185,CMP-0022,"Sep 15, 2025", Demo Request ,Yes 
INT-0003219,1369,CMP-0023,21 Sep 2025,Impression, No
INT-0003220,1457,CMP-0023,24 Jul 2025, Website Visit,NO
INT-0003221,1328,CMP-0009,"May 02, 2025",EMAIL OPEN,No 
INT-0003222,1348,CMP-0001,2025-09-10,Impression ,No 
INT-0003223,531,CMP-0021,10/11/2025, Click ,no
INT-0003224,918,CMP-0016,18 Oct 2025,impression,NO
INT-0003225,992,CMP-0012,2025-08-04,click,No
INT-0003226,1363,CMP-0020,08/25/2025, Impression,YES
INT-0003227,83,CMP-0002,2025-09-14, Website Visit, No 
INT-0003228,1044,CMP-0012,07/04/2025,WEBSITE VISIT,No 
INT-0003229,482,CMP-0012,31 May 2025,Impression , No
INT-0003230,560,CMP-0005,24-09-2025,IMPRESSION, No 
INT-0003231,318,CMP-0022,17 Apr 2025, Trial Signup,NO
INT-0003232,659,CMP-0011,23/09/2025, Website Visit,No 
INT-0003233,389,CMP-0018,22/12/2025, Impression,no
INT-0003234,301,CMP-0015,16-02-2025,WEBSITE VISIT, No 
INT-0003235,36,CMP-0028,07/01/2025,click, No 
INT-0003236,441,CMP-0017,"Aug 02, 2025",Demo Request,No 
INT-0003237,528,CMP-0016,28/08/2025, Trial Signup,No 
INT-0003238,1438,CMP-0015,2025-02-22,Website Visit ,Yes
INT-0003239,1371,CMP-0021,02 Nov 2025,EMAIL OPEN, No
INT-0003240,612,CMP-0030,23 May 2025, Website Visit , No 
INT-0003241,458,CMP-0018,20 Jan 2025,CLICK,No
INT-0003242,913,CMP-0025,30 Jun 2025,Impression,No 
INT-0003243,1170,CMP-0023,11 Oct 2025,Impression, Yes 
INT-0003244,936,CMP-0010,10 Oct 2025,website visit, No 
INT-0003245,127,CMP-0003,08/01/2025,EMAIL OPEN, No
INT-0003246,608,CMP-0008,02 Aug 2025,Trial Signup, Yes 
INT-0003247,952,CMP-0009,13 Oct 2025,Trial Signup ,No 
INT-0003248,1226,CMP-0024,06-06-2025,IMPRESSION,No 
INT-0003249,991,CMP-0021,"Sep 01, 2025", Click,Yes 
INT-0003250,49,CMP-0012,17-04-2025, Click ,No 
INT-0003251,1057,CMP-0012,10/27/2025,Website Visit, No
INT-0003252,460,CMP-0027,09 Sep 2025,Email Open ,NO
INT-0003253,210,CMP-0018,08/02/2025,Click,No
INT-0003254,600,CMP-0029,"Aug 15, 2025", Trial Signup ,No 
INT-0003255,1359,CMP-0012,2025-01-20, Website Visit,YES
INT-0003256,320,CMP-0029,04-12-2025,TRIAL SIGNUP,NO
INT-0003257,694,CMP-0003,2025-12-18,click,no
INT-0003258,436,CMP-0001,2025-07-28, Click ,no
INT-0003259,779,CMP-0019,10 May 2025, Email Open, Yes 
INT-0003260,360,CMP-0009,06 Jul 2025,DEMO REQUEST, No
INT-0003261,387,CMP-0022,31/12/2025,website visit, No 
INT-0003262,32,CMP-0029,04 May 2025,Email Open ,no
INT-0003263,501,CMP-0008,19 Jun 2025,Website Visit ,No
INT-0003264,540,CMP-0029,"Apr 27, 2025",Email Open,No 
INT-0003265,527,CMP-0008,09-08-2025,demo request,Yes
INT-0003266,1449,CMP-0009,2025-11-01, Click,NO
INT-0003267,1397,CMP-0014,"Sep 08, 2025", Email Open , Yes
INT-0003268,566,CMP-0019,2025-04-27,Demo Request , No 
INT-0003269,376,CMP-0010,2025-11-08,impression,NO
INT-0003270,649,,09 May 2025, Trial Signup,No
INT-0003271,82,CMP-0011,11/05/2025,impression,yes
INT-0003272,822,CMP-0014,"Jan 29, 2025",Impression , No 
INT-0003273,1460,CMP-0010,06-02-2025,Impression, No 
INT-0003274,810,CMP-0013,04/09/2025,TRIAL SIGNUP, Yes
INT-0003275,475,CMP-0025,19 Mar 2025,Website Visit ,no
INT-0003276,84,CMP-0025,"Apr 26, 2025", Demo Request ,no
INT-0003277,1280,CMP-0028,05-09-2025,website visit,No 
INT-0003278,1433,CMP-0010,"Jul 15, 2025", Demo Request ,NO
INT-0003279,13,CMP-0028,12/14/2025,TRIAL SIGNUP,YES
INT-0003280,969,CMP-0008,"Apr 12, 2025",website visit, No
INT-0003281,56,CMP-0011,07/30/2025,click, No 
INT-0003282,7,CMP-0006,24 Dec 2025, Website Visit,NO
INT-0003283,918,CMP-0024,02 Apr 2025,CLICK,No
INT-0003284,1131,CMP-0024,"Aug 04, 2025", Email Open ,NO
INT-0003285,1433,CMP-0002,"Feb 07, 2025",IMPRESSION,no
INT-0003286,948,CMP-0022,"Oct 21, 2025", Trial Signup,No 
INT-0003287,209,CMP-0005,02/23/2025, Trial Signup,NO
INT-0003288,77,CMP-0001,"Jan 23, 2025",demo request,NO
INT-0003289,617,CMP-0030,11/29/2025,Website Visit,no
INT-0003290,171,CMP-0019,02 Jan 2025,Click , Yes
INT-0003291,1346,CMP-0018,16-02-2025,Click, No
INT-0003292,1021,CMP-0010,08/18/2025, Demo Request, Yes 
INT-0003293,205,CMP-0007,06/18/2025, Click,No 
INT-0003294,267,CMP-0020,03/07/2025,website visit,No 
INT-0003295,1256,CMP-0009,25 Jan 2025, Impression,No 
INT-0003296,578,CMP-0011,12 Mar 2025,Website Visit ,No
INT-0003297,67,CMP-0013,"May 22, 2025",impression,No 
INT-0003298,951,CMP-0017,2025-09-19,TRIAL SIGNUP, No 
INT-0003299,1072,CMP-0014,"Mar 27, 2025", Click, No
INT-0003300,594,CMP-0005,09/08/2025,TRIAL SIGNUP, Yes 
INT-0003301,1489,CMP-0006,10/14/2025,IMPRESSION,No 
INT-0003302,1015,CMP-0014,"Jan 06, 2025", Impression ,No 
INT-0003303,1243,CMP-0028,26 Feb 2025,click,No 
INT-0003304,872,CMP-0022,2025-02-10, Email Open, No 
INT-0003305,249,CMP-0021,09 May 2025,impression, No 
INT-0003306,442,CMP-0001,13-03-2025,Click,No
INT-0003307,719,CMP-0002,18-10-2025,email open, No
INT-0003308,1100,CMP-0010,07/04/2025, Email Open,no
INT-0003309,262,CMP-0029,08/04/2025, Demo Request ,NO
INT-0003310,1406,CMP-0029,11/06/2025,website visit,NO
INT-0003311,184,CMP-0025,24-10-2025, Impression,NO
INT-0003312,783,CMP-0017,05/31/2025,Website Visit, No
INT-0003313,748,CMP-0025,23 Oct 2025,email open, No
INT-0003314,956,CMP-0021,"Dec 04, 2025",Email Open ,No
INT-0003315,1319,CMP-0018,12/02/2025, Click ,No 
INT-0003316,1061,CMP-0005,10/04/2025,Demo Request ,no
INT-0003317,613,CMP-0004,28-12-2025,Trial Signup ,No 
INT-0003318,911,CMP-0010,13 Jun 2025,email open, No
INT-0003319,1245,CMP-0023,22-01-2025, Email Open ,NO
INT-0003320,475,CMP-0028,27-03-2025,Demo Request, Yes 
INT-0003321,49,CMP-0002,2025-09-26,Email Open,NO
INT-0003322,1150,CMP-0011,04/12/2025, Trial Signup , No
INT-0003323,3,CMP-0009,12-07-2025, Demo Request,No 
INT-0003324,1259,CMP-0015,02/16/2025,trial signup,No
INT-0003325,709,CMP-0023,25 Dec 2025,impression,no
INT-0003326,531,CMP-0029,2025-03-30,website visit,No
INT-0003327,1210,CMP-0003,12-06-2025,trial signup, No
INT-0003328,891,CMP-0006,2025-05-31,demo request, No 
INT-0003329,617,CMP-0007,27-10-2025,EMAIL OPEN,NO
INT-0003330,1021,CMP-0004,05/29/2025,EMAIL OPEN, Yes 
INT-0003331,1424,CMP-0023,2025-03-29,Demo Request , No
INT-0003332,466,CMP-0017,"May 03, 2025", Trial Signup,YES
INT-0003333,905,CMP-0017,04 Mar 2025,Trial Signup ,No 
INT-0003334,1308,CMP-0018,01/02/2025,WEBSITE VISIT, No
INT-0003335,1426,CMP-0022,02 Feb 2025, Demo Request, No
INT-0003336,1013,CMP-0017,17/12/2025,demo request, Yes
INT-0003337,1441,CMP-0005,07-09-2025, Email Open , No
INT-0003338,1481,CMP-0002,27 Feb 2025, Impression ,No 
INT-0003339,1423,CMP-0026,2025-07-08,WEBSITE VISIT,No 
INT-0003340,500,CMP-0030,10 Sep 2025,IMPRESSION,YES
INT-0003341,423,CMP-0026,2025-09-20,Email Open ,yes
INT-0003342,644,CMP-0003,17 Mar 2025,Trial Signup , No 
INT-0003343,67,CMP-0009,12/14/2025,EMAIL OPEN,NO
INT-0003344,913,CMP-0009,04/05/2025, Website Visit , No
INT-0003345,364,CMP-0008,"Jul 29, 2025",Website Visit ,NO
INT-0003346,340,CMP-0011,13/01/2025,IMPRESSION,No
INT-0003347,1232,CMP-0011,07/03/2025,DEMO REQUEST, No
INT-0003348,1424,CMP-0004,26-09-2025,CLICK,NO
INT-0003349,1138,CMP-0019,01/19/2025, Demo Request , No 
INT-0003350,518,CMP-0014,08/30/2025,WEBSITE VISIT,yes
INT-0003351,299,CMP-0024,02 Dec 2025,Click,No 
INT-0003352,478,CMP-0004,01/09/2025,Website Visit,No 
INT-0003353,461,CMP-0019,08 May 2025,impression,no
INT-0003354,360,CMP-0016,07 Feb 2025,Email Open,No
INT-0003355,910,CMP-0027,13 Jun 2025,trial signup,NO
INT-0003356,104,CMP-0009,2025-01-14,trial signup, No 
INT-0003357,645,CMP-0014,2025-11-19,demo request,yes
INT-0003358,917,CMP-0008,05-01-2025,CLICK, No
INT-0003359,1212,CMP-0023,2025-09-26,impression,NO
INT-0003360,1330,CMP-0006,27 Aug 2025, Impression ,YES
INT-0003361,621,CMP-0028,22/09/2025,CLICK, Yes
INT-0003362,1045,CMP-0024,2025-05-23,trial signup, Yes 
INT-0003363,1249,CMP-0017,08/27/2025, Demo Request ,No 
INT-0003364,809,CMP-0002,13 Nov 2025, Trial Signup, No
INT-0003365,1332,CMP-0025,"Dec 16, 2025",website visit,No
INT-0003366,1480,CMP-0006,2025-05-29,DEMO REQUEST, No 
INT-0003367,865,CMP-0017,03/14/2025,Impression ,No 
INT-0003368,608,CMP-0024,27/05/2025,Impression, No
INT-0003369,14,CMP-0010,14-10-2025,trial signup, No 
INT-0003370,556,CMP-0013,06/06/2025, Trial Signup , No
INT-0003371,1204,CMP-0006,21 Dec 2025,IMPRESSION,YES
INT-0003372,1498,,31-10-2025,website visit,no
INT-0003373,1367,CMP-0010,2025-04-21,email open,no
INT-0003374,610,CMP-0002,01/01/2025, Impression, No
INT-0003375,939,CMP-0017,"Jul 12, 2025", Website Visit , No 
INT-0003376,1477,CMP-0007,11/25/2025, Email Open, No
INT-0003377,978,CMP-0002,24/06/2025,demo request, No
INT-0003378,684,CMP-0028,2025-07-27,IMPRESSION,No
INT-0003379,284,CMP-0002,"Nov 25, 2025", Click, No 
INT-0003380,591,CMP-0029,2025-04-13, Impression ,No
INT-0003381,1235,CMP-0004,2025-09-18,Click ,No
INT-0003382,501,CMP-0011,2025-06-07,Impression, No 
INT-0003383,179,CMP-0022,07/07/2025,Demo Request,NO
INT-0003384,110,CMP-0003,11/21/2025,demo request, No 
INT-0003385,1390,CMP-0026,2025-06-10,WEBSITE VISIT, No 
INT-0003386,877,CMP-0015,10/11/2025,Website Visit ,Yes
INT-0003387,1208,CMP-0028,09-11-2025,CLICK,NO
INT-0003388,918,CMP-0025,"Apr 24, 2025",Click,No 
INT-0003389,1339,CMP-0029,02-10-2025,impression,NO
INT-0003390,18,CMP-0028,2025-06-13,Website Visit,no
INT-0003391,1280,CMP-0006,26-05-2025,EMAIL OPEN, Yes 
INT-0003392,574,CMP-0011,05/10/2025,TRIAL SIGNUP,No 
INT-0003393,513,CMP-0027,04-12-2025, Email Open, No 
INT-0003394,350,CMP-0026,28/02/2025,Click,No
INT-0003395,226,CMP-0025,09-04-2025,impression, No
INT-0003396,528,CMP-0016,02 Mar 2025,Impression,Yes 
INT-0003397,1080,CMP-0015,07-03-2025,demo request,No
INT-0003398,1123,CMP-0004,05 Aug 2025, Trial Signup,NO
INT-0003399,1303,CMP-0011,02-12-2025,WEBSITE VISIT, No
INT-0003400,1396,CMP-0006,07/04/2025,Trial Signup , Yes 
INT-0003401,496,CMP-0010,10 Aug 2025, Impression, No
INT-0003402,558,CMP-0016,2025-10-13,impression,no
INT-0003403,461,CMP-0024,16 Aug 2025, Click,No 
INT-0003404,1006,CMP-0009,16 Jan 2025, Email Open,NO
INT-0003405,197,CMP-0009,15/05/2025,Demo Request, No
INT-0003406,706,CMP-0011,02 Jul 2025, Click , No
INT-0003407,1383,CMP-0012,"Jul 25, 2025",WEBSITE VISIT, No 
INT-0003408,904,CMP-0025,23-12-2025, Trial Signup,YES
INT-0003409,1027,,"Sep 21, 2025",demo request,no
INT-0003410,392,CMP-0026,09/24/2025, Impression,No 
INT-0003411,795,CMP-0021,2025-05-23,Demo Request ,No
INT-0003412,85,CMP-0027,03/01/2025,trial signup,no
INT-0003413,421,CMP-0028,2025-09-11,Trial Signup, No 
INT-0003414,536,CMP-0027,2025-11-16, Impression,no
INT-0003415,1273,CMP-0019,16/07/2025,Impression ,No 
INT-0003416,1346,CMP-0016,12/17/2025,Website Visit , No 
INT-0003417,583,CMP-0023,"Jul 12, 2025",IMPRESSION,NO
INT-0003418,800,CMP-0026,14 Oct 2025,impression, No 
INT-0003419,589,CMP-0010,11/01/2025,Trial Signup,YES
INT-0003420,477,CMP-0015,12/18/2025,EMAIL OPEN,NO
INT-0003421,40,CMP-0012,17/05/2025,Trial Signup,No
INT-0003422,1257,CMP-0013,04/03/2025,Click, No
INT-0003423,592,CMP-0020,2025-11-21,TRIAL SIGNUP, No 
INT-0003424,1213,CMP-0011,21-06-2025,IMPRESSION, Yes
INT-0003425,471,CMP-0006,27/05/2025,DEMO REQUEST,No 
INT-0003426,357,CMP-0021,17 Feb 2025, Click ,Yes 
INT-0003427,101,CMP-0013,06/14/2025, Email Open , No 
INT-0003428,1293,CMP-0013,04 Mar 2025, Website Visit ,no
INT-0003429,1104,CMP-0028,24 May 2025,Website Visit,NO
INT-0003430,240,CMP-0013,31/07/2025, Click ,No
INT-0003431,462,CMP-0022,09-10-2025, Impression , Yes
INT-0003432,248,CMP-0029,08-03-2025,Website Visit, No 
INT-0003433,1224,CMP-0012,30/04/2025,Website Visit,no
INT-0003434,475,CMP-0008,2025-09-14,Click,No 
INT-0003435,436,CMP-0004,19 Aug 2025,TRIAL SIGNUP,no
INT-0003436,875,CMP-0025,2025-06-04,trial signup,No 
INT-0003437,175,CMP-0030,28/12/2025,Trial Signup ,No 
INT-0003438,201,CMP-0015,23/10/2025,Trial Signup,No
INT-0003439,390,CMP-0026,2025-04-24,WEBSITE VISIT,No 
INT-0003440,97,CMP-0004,"Nov 10, 2025",Email Open,NO
INT-0003441,490,CMP-0021,2025-04-23, Impression , No 
INT-0003442,210,CMP-0005,17 Nov 2025,Email Open ,No
INT-0003443,191,,2025-02-11,Website Visit,No
INT-0003444,592,CMP-0012,09/10/2025, Email Open, Yes 
INT-0003445,473,CMP-0023,"Feb 22, 2025",Impression,NO
INT-0003446,1132,CMP-0009,30 Jul 2025,Website Visit , No 
INT-0003447,1369,CMP-0011,24-02-2025, Click,No
INT-0003448,350,CMP-0011,07/08/2025, Trial Signup , No 
INT-0003449,415,CMP-0001,03/03/2025,Email Open, Yes
INT-0003450,57,CMP-0013,28/08/2025, Email Open ,NO
INT-0003451,853,CMP-0025,28/05/2025, Demo Request ,yes
INT-0003452,858,CMP-0023,2025-08-16,demo request, No
INT-0003453,635,CMP-0018,2025-05-13,Click, No 
INT-0003454,748,CMP-0002,2025-10-05, Trial Signup ,NO
INT-0003455,1221,CMP-0029,10 Jun 2025,demo request,NO
INT-0003456,1469,CMP-0013,11/07/2025,Trial Signup ,no
INT-0003457,1109,CMP-0030,25/05/2025,Trial Signup, Yes
INT-0003458,1475,CMP-0003,12 Feb 2025,Click ,no
INT-0003459,392,CMP-0027,26-03-2025,Impression , No 
INT-0003460,1233,CMP-0005,23 Jun 2025,WEBSITE VISIT,No 
INT-0003461,199,CMP-0016,"Jan 20, 2025", Click, No 
INT-0003462,492,CMP-0014,01 Jun 2025, Impression,No 
INT-0003463,1280,CMP-0007,10/01/2025, Click, No 
INT-0003464,397,CMP-0011,11/20/2025, Website Visit,NO
INT-0003465,1040,CMP-0011,06 Dec 2025,Demo Request ,no
INT-0003466,450,CMP-0005,"Feb 01, 2025",email open,yes
INT-0003467,510,CMP-0026,"Jul 16, 2025",website visit, Yes 
INT-0003468,983,CMP-0009,2025-12-04,website visit,no
INT-0003469,1134,CMP-0016,2025-03-12,IMPRESSION,No
INT-0003470,776,CMP-0024,17 Jun 2025,DEMO REQUEST,Yes
INT-0003471,181,CMP-0008,06/07/2025, Click ,No
INT-0003472,72,CMP-0014,"May 12, 2025",Trial Signup,Yes
INT-0003473,281,CMP-0013,"Mar 07, 2025", Email Open ,no
INT-0003474,1308,CMP-0020,10/06/2025,Demo Request, No 
INT-0003475,178,CMP-0017,"Jul 08, 2025",email open,NO
INT-0003476,848,CMP-0028,2025-06-17, Demo Request, No 
INT-0003477,803,CMP-0017,2025-06-09,Demo Request ,NO
INT-0003478,280,CMP-0022,"Feb 14, 2025",Website Visit,No
INT-0003479,293,CMP-0010,09/10/2025, Demo Request,no
INT-0003480,904,CMP-0024,"Jan 21, 2025",email open,No 
INT-0003481,1460,CMP-0026,"Mar 22, 2025",Impression,yes
INT-0003482,1173,CMP-0015,26-11-2025, Click, No 
INT-0003483,1178,CMP-0001,04/10/2025, Impression ,no
INT-0003484,313,CMP-0011,10-07-2025, Email Open, No
INT-0003485,1024,CMP-0027,17-01-2025,Email Open,No
INT-0003486,626,CMP-0028,24 Nov 2025, Click , Yes
INT-0003487,256,CMP-0016,2025-08-26,TRIAL SIGNUP, No
INT-0003488,758,CMP-0015,2025-04-20, Website Visit, No
INT-0003489,282,CMP-0026,05/14/2025, Demo Request , No
INT-0003490,1220,CMP-0013,06/04/2025, Email Open , Yes
INT-0003491,1286,CMP-9005,"Apr 12, 2025", Click, Yes 
INT-0003492,1233,CMP-0006,27/07/2025, Click, No 
INT-0003493,293,CMP-0006,"May 20, 2025", Click,No
INT-0003494,280,CMP-0023,24/05/2025,website visit, Yes 
INT-0003495,267,CMP-0026,"Mar 19, 2025",EMAIL OPEN,no
INT-0003496,333,CMP-0015,18-06-2025, Trial Signup, No
INT-0003497,125,CMP-0004,"Aug 08, 2025",Trial Signup , No
INT-0003498,149,CMP-0017,23 May 2025, Impression,No
INT-0003499,1291,CMP-0024,12/03/2025,Click,YES
INT-0003500,556,CMP-0015,12/05/2025, Click,No
INT-0003501,58,CMP-0007,03-05-2025,click,No 
INT-0003502,464,CMP-0005,22/11/2025,click,No
INT-0003503,1309,CMP-0010,2025-12-24, Email Open, No
INT-0003504,403,CMP-0012,20 Jul 2025,Impression ,No 
INT-0003505,134,CMP-0024,02/26/2025,TRIAL SIGNUP, No
INT-0003506,48,CMP-0028,14 Dec 2025,click, No 
INT-0003507,159,CMP-0008,09/14/2025,TRIAL SIGNUP, No 
INT-0003508,1183,CMP-0014,2025-02-06,Trial Signup, No
INT-0003509,1058,CMP-0004,05/26/2025,website visit,YES
INT-0003510,957,CMP-0023,"Sep 07, 2025", Trial Signup,NO
INT-0003511,1058,CMP-0001,10/29/2025,website visit, No 
INT-0003512,20,CMP-0007,07 Nov 2025,CLICK,No
INT-0003513,661,CMP-0008,21/08/2025,email open,no
INT-0003514,232,CMP-0027,11/08/2025, Impression,NO
INT-0003515,232,CMP-0010,"Feb 25, 2025",Click , No
INT-0003516,1009,CMP-0014,22 Mar 2025,CLICK, No 
INT-0003517,306,CMP-0030,12/16/2025,CLICK,Yes 
INT-0003518,1228,CMP-0012,12/08/2025,Click ,No 
INT-0003519,2,CMP-0011,23-10-2025,Email Open ,No 
INT-0003520,552,CMP-0022,27/08/2025,Email Open, No 
INT-0003521,1280,CMP-0005,31-05-2025,Impression ,No 
INT-0003522,426,CMP-0001,26 Dec 2025, Email Open ,yes
INT-0003523,1327,CMP-0018,23 Jan 2025,Website Visit ,YES
INT-0003524,110,CMP-0008,25/10/2025,Click ,Yes 
INT-0003525,1127,CMP-0003,24/12/2025,Demo Request, No 
INT-0003526,709,CMP-0009,05/28/2025, Impression ,NO
INT-0003527,843,CMP-0019,"Aug 10, 2025",WEBSITE VISIT,No 
INT-0003528,1137,,"Jan 27, 2025", Trial Signup,Yes 
INT-0003529,1164,CMP-0024,18 Dec 2025,website visit,NO
INT-0003530,1404,CMP-0002,31/08/2025,Impression,NO
INT-0003531,902,CMP-0001,11/20/2025,EMAIL OPEN,No 
INT-0003532,322,CMP-0007,"Apr 16, 2025",Website Visit ,No 
INT-0003533,63,CMP-0001,05/23/2025,Impression,NO
INT-0003534,1117,CMP-0001,16-01-2025,Impression,No 
INT-0003535,491,CMP-0027,04/04/2025,Demo Request , No 
INT-0003536,710,CMP-0025,25 Apr 2025,demo request,no
INT-0003537,428,CMP-0009,10/01/2025, Trial Signup, No 
INT-0003538,310,CMP-0016,19 Mar 2025,impression,YES
INT-0003539,771,CMP-0003,15 May 2025,Click, No 
INT-0003540,536,CMP-0006,07/26/2025, Click,no
INT-0003541,1495,CMP-0028,08/01/2025, Click,No
INT-0003542,670,CMP-0028,11-11-2025,Trial Signup,No 
INT-0003543,988,CMP-0018,07/16/2025,CLICK,Yes
INT-0003544,663,CMP-0023,2025-11-12, Click, No 
INT-0003545,283,CMP-0013,"Dec 17, 2025",click,no
INT-0003546,1006,CMP-0022,"Jul 08, 2025",DEMO REQUEST, No 
INT-0003547,169,CMP-0002,2025-03-16, Trial Signup,NO
INT-0003548,48,CMP-0021,2025-08-24,Email Open,NO
INT-0003549,765,CMP-0005,17-09-2025,WEBSITE VISIT, No 
INT-0003550,1343,CMP-0024,20/11/2025,TRIAL SIGNUP, No 
INT-0003551,1168,CMP-0001,2025-01-19, Trial Signup , No
INT-0003552,825,CMP-0007,2025-09-21, Trial Signup, Yes 
INT-0003553,982,CMP-0001,2025-09-24,Website Visit,no
INT-0003554,516,CMP-0011,2025-11-29,Impression,No 
INT-0003555,1171,CMP-0018,2025-09-04,Click ,No
INT-0003556,1446,CMP-0023,21/06/2025,DEMO REQUEST, No 
INT-0003557,27,CMP-0013,2025-09-27,website visit, No 
INT-0003558,795,CMP-0022,"Apr 23, 2025", Demo Request ,no
INT-0003559,619,CMP-0014,"Apr 16, 2025",DEMO REQUEST,yes
INT-0003560,928,CMP-0002,04/07/2025,website visit, No
INT-0003561,1240,CMP-0025,06/09/2025,website visit,No
INT-0003562,1159,CMP-0024,28 Jun 2025,DEMO REQUEST, No
INT-0003563,1271,CMP-0014,11-07-2025, Website Visit , No 
INT-0003564,1364,CMP-0018,"Nov 21, 2025",WEBSITE VISIT,NO
INT-0003565,476,CMP-0005,"Feb 05, 2025", Website Visit, Yes 
INT-0003566,650,CMP-0011,31-12-2025, Impression,No
INT-0003567,345,CMP-0003,"Dec 31, 2025", Demo Request, No 
INT-0003568,1359,CMP-0001,"Feb 27, 2025",Impression,No 
INT-0003569,543,CMP-0019,2025-10-18,demo request, No
INT-0003570,1301,CMP-0020,2025-10-14, Website Visit,No 
INT-0003571,823,CMP-0030,01/04/2025,Website Visit , No 
INT-0003572,335,CMP-0009,13/04/2025,Trial Signup,No 
INT-0003573,46,CMP-0010,24/02/2025,Impression,Yes
INT-0003574,701,CMP-0023,06/30/2025, Demo Request,no
INT-0003575,736,CMP-0002,31 Mar 2025, Website Visit ,No 
INT-0003576,1044,CMP-0024,04/06/2025,CLICK,YES
INT-0003577,392,CMP-0014,"Jan 27, 2025",Click ,YES
INT-0003578,51,CMP-0003,02/01/2025,demo request,Yes 
INT-0003579,1387,CMP-0014,23 Oct 2025,Click ,no
INT-0003580,819,CMP-0025,21-06-2025,TRIAL SIGNUP,No
INT-0003581,605,CMP-0020,14/06/2025, Website Visit, No
INT-0003582,472,CMP-0012,02/03/2025,CLICK,NO
INT-0003583,117,CMP-0012,06-09-2025, Website Visit, No 
INT-0003584,573,CMP-0025,07 Feb 2025,Website Visit, Yes 
INT-0003585,551,CMP-0013,2025-04-13, Trial Signup, No 
INT-0003586,1279,CMP-0013,05/06/2025,trial signup,No 
INT-0003587,510,CMP-0014,2025-02-06,demo request, Yes
INT-0003588,1421,CMP-0016,10-08-2025,Email Open ,Yes 
INT-0003589,547,CMP-0028,"Dec 02, 2025", Email Open ,No
INT-0003590,1015,CMP-0010,17/10/2025,website visit, No
INT-0003591,498,CMP-0011,04/03/2025,Click ,Yes
INT-0003592,137,CMP-0015,2025-09-13,Impression,no
INT-0003593,1295,CMP-0011,03/14/2025, Impression,NO
INT-0003594,329,CMP-0020,11/07/2025,EMAIL OPEN, No 
INT-0003595,869,CMP-0020,2025-05-13, Email Open ,No 
INT-0003596,362,CMP-0030,12/19/2025,CLICK, No
INT-0003597,283,CMP-0025,04 Dec 2025,IMPRESSION,Yes 
INT-0003598,1436,CMP-0027,20-01-2025,trial signup, No 
INT-0003599,645,CMP-0008,07/13/2025,Impression , No 
INT-0003600,321,CMP-0020,2025-10-01,IMPRESSION, Yes 
INT-0003601,992,CMP-0030,08/09/2025,trial signup, No 
INT-0003602,1184,CMP-0001,2025-08-27, Trial Signup , No 
INT-0003603,816,CMP-0022,19-08-2025,CLICK, No 
INT-0003604,531,CMP-0014,07 Mar 2025,Email Open, No
INT-0003605,959,CMP-0020,01-04-2025,Demo Request ,yes
INT-0003606,1003,CMP-0010,23/01/2025, Email Open,no
INT-0003607,1173,CMP-0026,"Nov 23, 2025",email open, No 
INT-0003608,688,CMP-0029,"Jun 09, 2025", Trial Signup, No 
INT-0003609,51,CMP-0010,19 Sep 2025,click,no
INT-0003610,608,CMP-0009,30-05-2025, Website Visit ,No 
INT-0003611,661,CMP-0011,27-03-2025,Demo Request ,no
INT-0003612,348,CMP-0012,"Oct 12, 2025",IMPRESSION,YES
INT-0003613,390,CMP-0020,"Jul 02, 2025",Trial Signup ,YES
INT-0003614,817,CMP-0023,2025-11-23,demo request,No 
INT-0003615,505,CMP-0011,2025-09-24,Email Open, No 
INT-0003616,1324,CMP-0024,"Oct 06, 2025", Website Visit ,No 
INT-0003617,32,CMP-0009,15/05/2025, Website Visit, No 
INT-0003618,134,CMP-0010,12/03/2025,Trial Signup ,NO
INT-0003619,1455,CMP-0013,06 Oct 2025, Email Open,No 
INT-0003620,1292,CMP-0030,2025-10-20,Email Open ,No 
INT-0003621,794,CMP-0023,16/07/2025,email open, No 
INT-0003622,347,CMP-0010,05/02/2025,EMAIL OPEN,No 
INT-0003623,1288,CMP-0018,11/06/2025, Website Visit,No 
INT-0003624,198,CMP-0005,"May 03, 2025",Website Visit,No 
INT-0003625,828,CMP-0030,2025-07-25,TRIAL SIGNUP,Yes 
INT-0003626,702,CMP-0012,"Dec 28, 2025", Trial Signup ,no
INT-0003627,117,CMP-0004,02/16/2025, Click,YES
INT-0003628,652,CMP-0012,2025-04-15,Trial Signup ,No
INT-0003629,412,CMP-0017,04/27/2025, Demo Request ,Yes
INT-0003630,1054,CMP-0021,04-01-2025,CLICK,No 
INT-0003631,109,CMP-0017,08-01-2025,TRIAL SIGNUP,YES
INT-0003632,1500,CMP-0024,"Oct 20, 2025",Website Visit ,no
INT-0003633,135,CMP-0016,11-12-2025,Demo Request, No 
INT-0003634,1124,CMP-0029,08-09-2025, Trial Signup,Yes 
INT-0003635,274,CMP-0010,14 Nov 2025,Demo Request , Yes 
INT-0003636,806,CMP-0021,01-01-2025, Impression, No 
INT-0003637,417,CMP-0027,04/04/2025,Demo Request , Yes
INT-0003638,485,CMP-0014,"Apr 22, 2025", Demo Request ,NO
INT-0003639,425,CMP-0026,12-04-2025,impression, No 
INT-0003640,1479,CMP-0001,"Dec 04, 2025",Impression ,No
INT-0003641,795,CMP-0010,01/11/2025,CLICK, No 
INT-0003642,916,CMP-0008,03/22/2025,WEBSITE VISIT,Yes 
INT-0003643,375,CMP-0025,10 Aug 2025,Impression ,No 
INT-0003644,22,CMP-0026,07/25/2025,DEMO REQUEST,Yes 
INT-0003645,991,CMP-0013,30 Mar 2025,impression,No 
INT-0003646,330,CMP-0016,22/02/2025,Trial Signup, No
INT-0003647,841,CMP-0018,2025-03-19,demo request,No 
INT-0003648,8,CMP-0016,16 Aug 2025,Demo Request ,NO
INT-0003649,407,CMP-0009,14/01/2025,Click ,No 
INT-0003650,1472,CMP-0027,23-03-2025, Impression , Yes 
INT-0003651,1251,CMP-0026,19-06-2025, Trial Signup,No
INT-0003652,847,CMP-0029,08-06-2025,IMPRESSION,yes
INT-0003653,232,CMP-0018,02 Jun 2025, Email Open ,NO
INT-0003654,1106,CMP-0014,2025-11-27,Click , No 
INT-0003655,965,CMP-0023,18-08-2025, Trial Signup ,YES
INT-0003656,705,CMP-0029,2025-06-05, Website Visit,no
INT-0003657,1021,CMP-0028,14-05-2025, Impression, No 
INT-0003658,1045,CMP-0012,"Jan 01, 2025", Click, No
INT-0003659,282,CMP-0029,18 Sep 2025,TRIAL SIGNUP, No
INT-0003660,1136,CMP-0007,"Sep 22, 2025",EMAIL OPEN,yes
INT-0003661,1081,CMP-0029,2025-11-03,demo request, No
INT-0003662,245,CMP-0027,05/19/2025,CLICK, No 
INT-0003663,830,CMP-0009,"Dec 10, 2025", Impression,NO
INT-0003664,767,CMP-0026,05/15/2025,Website Visit,no
INT-0003665,1496,CMP-0022,2025-10-27, Demo Request ,NO
INT-0003666,874,CMP-0016,24-05-2025, Email Open,no
INT-0003667,1351,CMP-0027,10/28/2025, Click , Yes
INT-0003668,457,CMP-0005,2025-09-07,EMAIL OPEN,NO
INT-0003669,735,CMP-0008,08/15/2025, Impression, No
INT-0003670,865,CMP-0018,"Apr 08, 2025", Impression, No 
INT-0003671,61,CMP-0027,"May 19, 2025",Email Open,NO
INT-0003672,1314,CMP-0001,09/20/2025, Website Visit , No
INT-0003673,585,CMP-0030,06/11/2025,Website Visit ,no
INT-0003674,538,CMP-0009,2025-01-26,Click ,no
INT-0003675,261,CMP-0024,09-06-2025, Email Open , Yes 
INT-0003676,880,CMP-0001,27-12-2025, Email Open,Yes
INT-0003677,335,CMP-0011,2025-06-30,Trial Signup ,no
INT-0003678,388,CMP-0002,15 May 2025, Click ,NO
INT-0003679,1089,CMP-0025,2025-02-02, Demo Request ,NO
INT-0003680,883,CMP-0010,2025-01-26,EMAIL OPEN,NO
INT-0003681,51,CMP-0023,16 Nov 2025,click,No 
INT-0003682,199,CMP-0012,08/05/2025,click, Yes 
INT-0003683,100,CMP-9017,07-08-2025, Demo Request,No
INT-0003684,470,CMP-0004,04/17/2025,Demo Request ,NO
INT-0003685,965,CMP-0021,04/12/2025, Click ,No 
INT-0003686,604,CMP-0023,04/18/2025, Email Open, No
INT-0003687,1402,CMP-0002,10/09/2025, Demo Request,yes
INT-0003688,507,CMP-0020,07-10-2025,website visit,No 
INT-0003689,250,CMP-0020,06 Aug 2025, Trial Signup ,No
INT-0003690,1232,CMP-0003,29 Apr 2025,click,No
INT-0003691,857,CMP-0028,03 Oct 2025,Impression , No
INT-0003692,1459,CMP-0013,12/08/2025, Click , Yes
INT-0003693,1338,CMP-0029,2025-06-12,Demo Request , No 
INT-0003694,188,CMP-0026,28/04/2025,Website Visit,no
INT-0003695,346,CMP-0026,03/10/2025, Email Open,yes
INT-0003696,906,CMP-0003,25/07/2025,Website Visit , No 
INT-0003697,1340,CMP-0012,24-07-2025,Trial Signup ,NO
INT-0003698,351,CMP-0012,21/03/2025,DEMO REQUEST,No
INT-0003699,172,CMP-0018,27 Dec 2025,Website Visit,NO
INT-0003700,421,CMP-0018,2025-08-19,impression, Yes
INT-0003701,828,CMP-0013,27-07-2025,Impression,No
INT-0003702,52,CMP-0023,"Dec 06, 2025", Trial Signup,No
INT-0003703,1317,CMP-0012,12/15/2025, Trial Signup,No 
INT-0003704,502,CMP-0010,25-04-2025,Website Visit, No 
INT-0003705,628,CMP-0003,21/12/2025,trial signup, No 
INT-0003706,856,CMP-0017,05/07/2025, Trial Signup,No 
INT-0003707,16,CMP-0018,29-08-2025,impression, No
INT-0003708,1244,CMP-0004,29-07-2025, Email Open , No
INT-0003709,619,CMP-0025,06 Oct 2025,Demo Request,No
INT-0003710,483,CMP-0014,22/03/2025,Email Open ,YES
INT-0003711,1109,CMP-0009,13/04/2025,EMAIL OPEN,No
INT-0003712,131,CMP-0004,25 Jan 2025,demo request,NO
INT-0003713,671,CMP-0004,03/22/2025,EMAIL OPEN,No
INT-0003714,1071,CMP-0025,02/01/2025, Demo Request, No 
INT-0003715,798,CMP-0025,01/18/2025,TRIAL SIGNUP,no
INT-0003716,539,CMP-0002,2025-09-09,Impression, No
INT-0003717,697,CMP-0021,13/03/2025,Click , No
INT-0003718,376,CMP-0009,15-03-2025,WEBSITE VISIT,no
INT-0003719,752,CMP-0027,01 Oct 2025,Website Visit, No 
INT-0003720,855,CMP-0013,13/12/2025,Demo Request , No 
INT-0003721,438,CMP-0006,2025-02-05, Demo Request, No
INT-0003722,1128,CMP-0030,30/04/2025,Email Open,NO
INT-0003723,1294,CMP-0005,"Jun 27, 2025",IMPRESSION,no
INT-0003724,98,CMP-0025,05/12/2025, Impression, No 
INT-0003725,1035,CMP-0003,25 Apr 2025,Impression ,No
INT-0003726,515,CMP-0030,2025-01-07,Click ,No 
INT-0003727,508,CMP-0015,09/07/2025,demo request, Yes 
INT-0003728,912,CMP-0001,"Jan 16, 2025",TRIAL SIGNUP, No
INT-0003729,479,CMP-0019,03 Nov 2025,email open,no
INT-0003730,388,CMP-0022,03/13/2025, Email Open ,NO
INT-0003731,588,CMP-0020,26/12/2025,Impression ,NO
INT-0003732,730,CMP-0014,12/29/2025, Demo Request , No
INT-0003733,257,CMP-0004,07 Jun 2025,Website Visit,Yes
INT-0003734,1349,CMP-0011,2025-06-04,CLICK, Yes
INT-0003735,622,CMP-0020,19-10-2025,Trial Signup,No
INT-0003736,1448,CMP-0011,23-05-2025,Demo Request,no
INT-0003737,276,CMP-0018,24 Oct 2025, Impression ,no
INT-0003738,613,CMP-0005,19/02/2025,email open,No
INT-0003739,622,CMP-0019,"Aug 08, 2025",trial signup,No
INT-0003740,798,CMP-0009,24 Apr 2025,TRIAL SIGNUP,No
INT-0003741,833,CMP-0006,18/06/2025,Website Visit , Yes
INT-0003742,580,CMP-0007,2025-03-31, Website Visit, No 
INT-0003743,1359,,2025-10-14,Demo Request ,NO
INT-0003744,980,CMP-0014,08/08/2025, Trial Signup, No 
INT-0003745,1003,CMP-0028,04-08-2025,TRIAL SIGNUP,Yes
INT-0003746,249,CMP-0013,31/12/2025, Impression,YES
INT-0003747,1428,CMP-0012,20/12/2025,Email Open,No 
INT-0003748,1365,CMP-0005,19/09/2025,Website Visit,Yes 
INT-0003749,1401,CMP-0029,04/12/2025, Click,NO
INT-0003750,740,CMP-0003,"Oct 19, 2025",Website Visit ,No 
INT-0003751,71,CMP-0010,"Jan 02, 2025",Trial Signup,no
INT-0003752,20,CMP-0013,17 Mar 2025,TRIAL SIGNUP,No 
INT-0003753,469,CMP-0005,27 Oct 2025,Impression,yes
INT-0003754,211,CMP-0030,03/17/2025,EMAIL OPEN, No
INT-0003755,1486,CMP-0009,28/07/2025, Website Visit,No
INT-0003756,193,CMP-0027,"Apr 02, 2025", Website Visit , No 
INT-0003757,533,CMP-0027,03/03/2025, Trial Signup,YES
INT-0003758,93,CMP-0004,22-02-2025, Trial Signup, No
INT-0003759,414,CMP-0007,2025-12-11,Impression , No 
INT-0003760,698,CMP-0029,02/05/2025, Website Visit , No 
INT-0003761,947,CMP-0001,14-05-2025, Click,No 
INT-0003762,1493,CMP-0026,26/01/2025,Trial Signup,NO
INT-0003763,1100,CMP-0024,2025-03-09, Email Open, No
INT-0003764,1404,CMP-0027,"Apr 16, 2025", Website Visit,no
INT-0003765,814,CMP-0023,2025-04-08,Email Open , Yes
INT-0003766,1155,CMP-0003,23-07-2025, Trial Signup ,No
INT-0003767,460,CMP-0026,2025-09-07,Email Open ,No 
INT-0003768,812,CMP-0014,"Aug 18, 2025", Click ,yes
INT-0003769,654,CMP-0003,"Jan 02, 2025",CLICK, No
INT-0003770,769,CMP-0008,2025-03-06,trial signup,Yes 
INT-0003771,1485,CMP-0010,"Nov 07, 2025",Trial Signup,NO
INT-0003772,1136,CMP-0017,29 Jun 2025,TRIAL SIGNUP, Yes 
INT-0003773,1209,CMP-0022,29 Oct 2025,Click,yes
INT-0003774,1264,CMP-0022,17/07/2025,website visit,NO
INT-0003775,1055,CMP-0023,2025-08-09,website visit,NO
INT-0003776,1284,CMP-0006,27/09/2025, Impression,No 
INT-0003777,1069,CMP-0002,01/01/2025,Trial Signup,No
INT-0003778,990,CMP-0028,"Sep 01, 2025",Click ,no
INT-0003779,742,CMP-0010,"Nov 01, 2025", Email Open ,No
INT-0003780,1086,CMP-0017,"Nov 17, 2025",Email Open,YES
INT-0003781,947,CMP-0008,02 May 2025, Trial Signup,No
INT-0003782,734,CMP-0030,04/24/2025,Trial Signup ,NO
INT-0003783,1162,CMP-0005,17/09/2025,impression,no
INT-0003784,267,CMP-0027,08/10/2025,Demo Request,NO
INT-0003785,1111,CMP-0007,17/02/2025, Click ,no
INT-0003786,1086,CMP-0012,09 Dec 2025, Trial Signup ,NO
INT-0003787,1037,CMP-0025,30-06-2025,Click, No 
INT-0003788,789,CMP-0011,21 Sep 2025, Trial Signup,No 
INT-0003789,694,CMP-0007,"Mar 07, 2025",Demo Request ,YES
INT-0003790,337,CMP-0025,05 Dec 2025, Click,NO
INT-0003791,341,CMP-0006,2025-03-13, Website Visit ,NO
INT-0003792,977,CMP-0028,2025-08-24, Website Visit, No 
INT-0003793,1143,CMP-0021,"Jul 11, 2025",Email Open, No 
INT-0003794,867,CMP-0016,"Feb 15, 2025",Click, Yes
INT-0003795,1273,CMP-0004,2025-09-13, Click ,No
INT-0003796,743,CMP-0027,2025-06-16,Impression,No
INT-0003797,1162,CMP-0012,11 Mar 2025,DEMO REQUEST,NO
INT-0003798,1059,CMP-0019,"Jul 01, 2025",Email Open , No
INT-0003799,606,CMP-0028,12-05-2025,email open,NO
INT-0003800,833,CMP-0018,07/07/2025, Demo Request , No
INT-0003801,171,CMP-0021,17-10-2025, Impression , Yes 
INT-0003802,47,CMP-0018,2025-11-06, Email Open,No
INT-0003803,738,CMP-0016,"Feb 11, 2025",Trial Signup,No
INT-0003804,231,CMP-0028,07/07/2025,TRIAL SIGNUP,No
INT-0003805,510,CMP-0020,18/01/2025,Impression ,No 
INT-0003806,568,CMP-0007,03/29/2025,demo request,Yes
INT-0003807,748,CMP-0005,03/02/2025,Demo Request ,NO
INT-0003808,216,CMP-0015,12 Aug 2025,Email Open ,No
INT-0003809,305,CMP-0009,04 Mar 2025,WEBSITE VISIT,YES
INT-0003810,1481,CMP-0010,17-02-2025,demo request,No 
INT-0003811,601,CMP-0013,01/28/2025,Email Open,No
INT-0003812,1090,CMP-0008,07/07/2025,impression,no
INT-0003813,355,CMP-0028,"Nov 16, 2025",Email Open,No 
INT-0003814,808,CMP-0027,18-09-2025,Email Open,No
INT-0003815,90,CMP-0029,"Nov 10, 2025",Website Visit ,No 
INT-0003816,1383,CMP-0012,12 Jan 2025,website visit,No 
INT-0003817,1006,CMP-0020,2025-05-04,Demo Request,Yes 
INT-0003818,106,CMP-0004,06/11/2025, Website Visit, No
INT-0003819,74,CMP-0008,07 Jun 2025, Website Visit,Yes
INT-0003820,553,CMP-0001,27/02/2025, Click, No 
INT-0003821,842,CMP-0003,2025-05-04,Click, No 
INT-0003822,545,CMP-0009,28 Jan 2025,Trial Signup, No 
INT-0003823,1021,CMP-0002,2025-05-24,Click,No 
INT-0003824,1019,CMP-0004,21 Aug 2025,Impression,no
INT-0003825,505,CMP-0027,2025-08-14,impression, No 
INT-0003826,828,CMP-0007,10 May 2025,Click,Yes
INT-0003827,1137,CMP-0030,11-01-2025, Impression,Yes
INT-0003828,1213,CMP-0002,03/08/2025,Website Visit ,No
INT-0003829,525,CMP-0020,27 Feb 2025,trial signup,YES
INT-0003830,82,CMP-0027,"Dec 01, 2025",Website Visit , No
INT-0003831,1277,CMP-0007,30 Mar 2025,Impression ,no
INT-0003832,682,CMP-0021,26-01-2025, Website Visit,No 
INT-0003833,102,CMP-0030,13 Aug 2025,DEMO REQUEST,no
INT-0003834,1033,CMP-0015,02/20/2025, Demo Request , Yes
INT-0003835,618,CMP-0028,2025-05-20,IMPRESSION,No 
INT-0003836,760,CMP-0007,2025-05-01,Email Open , No 
INT-0003837,243,CMP-0026,10/04/2025,DEMO REQUEST,No
INT-0003838,167,CMP-0024,11/20/2025,click,No
INT-0003839,762,CMP-0012,15 Sep 2025,impression, No 
INT-0003840,848,CMP-0002,2025-12-22,website visit, Yes 
INT-0003841,963,CMP-0014,05/02/2025,DEMO REQUEST, No
INT-0003842,311,CMP-0004,"Jun 25, 2025", Trial Signup, No
INT-0003843,815,CMP-0014,20/01/2025,Trial Signup,NO
INT-0003844,772,CMP-0027,2025-06-10, Website Visit,No 
INT-0003845,1279,CMP-0004,"Feb 25, 2025",Email Open,Yes
INT-0003846,366,CMP-0019,31-07-2025, Click,No
INT-0003847,199,CMP-0027,12/29/2025,trial signup,NO
INT-0003848,66,CMP-0027,"Jun 17, 2025",Trial Signup,No
INT-0003849,90,CMP-0019,"Jun 19, 2025", Website Visit,YES
INT-0003850,1267,CMP-0022,12/12/2025,Impression ,NO
INT-0003851,645,CMP-0015,2025-04-30, Impression , No 
INT-0003852,41,CMP-0029,08/08/2025,Trial Signup ,No 
INT-0003853,456,CMP-0009,"Sep 16, 2025",TRIAL SIGNUP, No 
INT-0003854,680,CMP-0007,11/07/2025,Email Open,NO
INT-0003855,1082,CMP-0001,20 Oct 2025,email open, Yes
INT-0003856,370,CMP-0029,30 Jan 2025,Trial Signup,No 
INT-0003857,445,CMP-0025,"Jul 21, 2025", Click ,No 
INT-0003858,817,CMP-0023,2025-12-12,IMPRESSION,no
INT-0003859,490,CMP-0027,22 Oct 2025, Impression ,YES
INT-0003860,1216,CMP-0016,20-03-2025, Demo Request,No
INT-0003861,568,CMP-0026,07 Mar 2025,TRIAL SIGNUP,No
INT-0003862,601,CMP-0024,08/27/2025, Impression,no
INT-0003863,368,CMP-0018,14 Jul 2025, Email Open,No
INT-0003864,1326,CMP-0010,02/14/2025, Demo Request , No 
INT-0003865,1484,CMP-0009,07/17/2025,Email Open ,No 
INT-0003866,976,CMP-0011,31/08/2025,trial signup,No 
INT-0003867,546,CMP-0019,03 Mar 2025,DEMO REQUEST,No 
INT-0003868,1027,CMP-0001,2025-08-01,demo request, Yes 
INT-0003869,1409,CMP-0022,03/22/2025,IMPRESSION,No 
INT-0003870,1482,CMP-0008,08-01-2025,WEBSITE VISIT,Yes 
INT-0003871,413,CMP-0005,11-12-2025,impression, No 
INT-0003872,851,CMP-0020,2025-02-05,Website Visit ,no
INT-0003873,1239,CMP-0004,2025-10-11,impression, Yes 
INT-0003874,1297,CMP-0027,05/05/2025,Click, No
INT-0003875,433,CMP-0022,2025-08-17,Demo Request,no
INT-0003876,39,CMP-0005,2025-04-11, Email Open , Yes 
INT-0003877,820,CMP-0023,09/07/2025,Trial Signup ,no
INT-0003878,967,CMP-0015,12/29/2025,WEBSITE VISIT,no
INT-0003879,335,CMP-0018,03/21/2025, Email Open, Yes
INT-0003880,1344,CMP-0007,2025-04-11,Click,NO
INT-0003881,1477,CMP-0001,06-10-2025,impression,no
INT-0003882,724,CMP-0007,"Aug 21, 2025", Email Open,No 
INT-0003883,435,CMP-0016,08/16/2025,email open,NO
INT-0003884,708,CMP-0005,07/12/2025,click,No 
INT-0003885,1423,CMP-0020,12 Feb 2025,DEMO REQUEST,No 
INT-0003886,720,CMP-0020,01/02/2025,Website Visit,No
INT-0003887,1232,CMP-0027,05/21/2025, Website Visit,yes
INT-0003888,870,CMP-0005,30 Jul 2025, Email Open,No
INT-0003889,1439,CMP-0028,07/05/2025,Demo Request ,no
INT-0003890,1169,CMP-0013,08/21/2025,Demo Request, No
INT-0003891,1427,CMP-0025,2025-11-11,demo request, No
INT-0003892,1220,CMP-0010,27/11/2025,Click,no
INT-0003893,1198,CMP-0007,03-05-2025, Trial Signup,no
INT-0003894,441,CMP-0002,"Dec 28, 2025", Email Open , No 
INT-0003895,473,CMP-0005,2025-03-09,Website Visit, Yes
INT-0003896,880,CMP-0019,07/23/2025,click,no
INT-0003897,1023,CMP-0021,12/26/2025, Trial Signup ,No
INT-0003898,1478,CMP-0028,24 Dec 2025, Demo Request , Yes
INT-0003899,334,CMP-0003,09/12/2025, Demo Request, No 
INT-0003900,1410,CMP-0022,"Dec 05, 2025",Click,NO
INT-0003901,1105,CMP-0023,"May 11, 2025",trial signup,NO
INT-0003902,611,CMP-0026,04 Mar 2025,Demo Request,Yes
INT-0003903,831,CMP-0008,01/08/2025,Trial Signup, No 
INT-0003904,1118,CMP-0005,15 Nov 2025, Demo Request,yes
INT-0003905,127,CMP-0002,10/07/2025,demo request, Yes
INT-0003906,250,,24 Dec 2025,Email Open, No
INT-0003907,31,CMP-0013,"Jan 05, 2025",Trial Signup , No 
INT-0003908,1101,CMP-0002,"Jun 03, 2025",Demo Request ,YES
INT-0003909,741,CMP-0023,14-09-2025,WEBSITE VISIT,NO
INT-0003910,915,CMP-0028,2025-09-14,Click ,No
INT-0003911,567,CMP-0020,2025-08-27,WEBSITE VISIT,No 
INT-0003912,701,CMP-0017,17 Mar 2025, Website Visit,NO
INT-0003913,1254,CMP-0023,"Mar 10, 2025",Click ,NO
INT-0003914,935,CMP-0014,26-02-2025, Email Open,no
INT-0003915,231,CMP-0030,01/25/2025,Demo Request, Yes 
INT-0003916,1378,CMP-0005,19/09/2025, Demo Request ,Yes
INT-0003917,1121,CMP-0013,04 Jan 2025, Click , No 
INT-0003918,700,CMP-0023,25 Jul 2025,Demo Request ,NO
INT-0003919,640,CMP-0027,10/09/2025, Website Visit , Yes
INT-0003920,24,CMP-0006,2025-01-02, Click ,No
INT-0003921,1402,CMP-0013,2025-04-27,Trial Signup,no
INT-0003922,1134,CMP-0028,15 Mar 2025,impression,No 
INT-0003923,405,CMP-0028,05 Aug 2025,IMPRESSION,yes
INT-0003924,453,CMP-0019,31-05-2025,EMAIL OPEN,No
INT-0003925,1463,CMP-0010,09/14/2025,Click,YES
INT-0003926,885,CMP-0021,03/08/2025,Demo Request , No 
INT-0003927,1363,CMP-0014,18 Jun 2025,trial signup,NO
INT-0003928,1415,CMP-0025,"Aug 03, 2025",Impression,No
INT-0003929,396,CMP-0016,"Sep 11, 2025", Click , No 
INT-0003930,860,CMP-0008,"May 24, 2025",trial signup, No 
INT-0003931,1494,CMP-0005,"Aug 25, 2025",Click ,No 
INT-0003932,628,CMP-0011,22-03-2025,Website Visit, No
INT-0003933,117,CMP-0013,"Apr 14, 2025",Website Visit, No 
INT-0003934,932,CMP-0029,05 Mar 2025, Click,NO
INT-0003935,1149,CMP-0010,"Feb 04, 2025", Trial Signup ,No 
INT-0003936,1231,CMP-0006,23 Oct 2025,Demo Request ,no
INT-0003937,1076,CMP-0010,2025-08-23,trial signup,yes
INT-0003938,920,CMP-0012,2025-02-24,IMPRESSION,no
INT-0003939,815,CMP-0022,2025-10-04, Impression ,YES
INT-0003940,472,CMP-0029,10/01/2025,Email Open ,No
INT-0003941,270,CMP-0001,19/09/2025,trial signup, No
INT-0003942,1497,CMP-0029,01/30/2025,Trial Signup , No
INT-0003943,1152,CMP-0010,03-03-2025,TRIAL SIGNUP, No 
INT-0003944,4,CMP-0011,12 Apr 2025, Trial Signup, No
INT-0003945,517,CMP-0005,03/12/2025,Click,NO
INT-0003946,1016,CMP-0018,"Jun 01, 2025",DEMO REQUEST,No
INT-0003947,1364,CMP-0024,"Nov 28, 2025", Click ,No
INT-0003948,804,CMP-0007,"Mar 04, 2025", Trial Signup , Yes
INT-0003949,170,CMP-0009,09/08/2025,Click ,YES
INT-0003950,542,CMP-0011,23-12-2025, Trial Signup ,Yes
INT-0003951,349,CMP-0007,22-09-2025,Trial Signup, No
INT-0003952,1271,CMP-0025,08/09/2025, Demo Request,No
INT-0003953,447,CMP-0021,11/16/2025, Email Open ,YES
INT-0003954,185,CMP-0008,01/25/2025,EMAIL OPEN, No
INT-0003955,879,CMP-0016,12/09/2025, Click ,no
INT-0003956,865,CMP-0017,"Feb 02, 2025",Demo Request,Yes 
INT-0003957,378,CMP-0005,12/13/2025,Website Visit ,NO
INT-0003958,80,CMP-0003,"May 23, 2025",website visit,No
INT-0003959,1478,CMP-0015,07/16/2025, Impression,No
INT-0003960,615,CMP-0001,24 Oct 2025,impression,No 
INT-0003961,1397,CMP-0021,2025-12-11,website visit,No
INT-0003962,146,CMP-0026,01/18/2025, Email Open , No
INT-0003963,214,,"Dec 19, 2025",Click,no
INT-0003964,1,CMP-0022,26/08/2025,IMPRESSION,No 
INT-0003965,867,CMP-0026,22 Sep 2025,website visit,No 
INT-0003966,1294,CMP-0015,02/10/2025, Website Visit ,no
INT-0003967,136,CMP-0021,08/01/2025,CLICK,NO
INT-0003968,238,CMP-0008,21-03-2025, Click,Yes
INT-0003969,1071,CMP-0009,01/22/2025,DEMO REQUEST,No 
INT-0003970,843,CMP-0029,02-05-2025,Trial Signup ,No 
INT-0003971,368,CMP-0005,"Sep 07, 2025", Email Open,yes
INT-0003972,1239,CMP-0003,"Sep 17, 2025",CLICK, No 
INT-0003973,321,CMP-0028,"Mar 09, 2025", Trial Signup,NO
INT-0003974,53,CMP-0004,2025-08-16,Trial Signup ,no
INT-0003975,845,CMP-0027,08/28/2025,TRIAL SIGNUP,No 
INT-0003976,8,CMP-0012,06 Dec 2025, Impression,no
INT-0003977,274,CMP-0011,03 Sep 2025,Impression, No
INT-0003978,1328,CMP-0003,25 Jan 2025, Demo Request,No
INT-0003979,906,CMP-0013,2025-06-29,Trial Signup ,No
INT-0003980,56,CMP-0010,2025-09-25,Demo Request,no
INT-0003981,700018,CMP-0026,08/07/2025,website visit,no
INT-0003982,783,CMP-0027,2025-05-25,demo request,Yes 
INT-0003983,986,CMP-0014,2025-12-12, Website Visit , No 
INT-0003984,1027,CMP-0005,2025-05-23,EMAIL OPEN, No 
INT-0003985,461,CMP-0012,"May 16, 2025",demo request,No 
INT-0003986,116,CMP-0020,12/08/2025,Website Visit ,NO
INT-0003987,1480,CMP-0029,27 Aug 2025, Click,No 
INT-0003988,1472,CMP-0029,16-09-2025, Impression ,No 
INT-0003989,1127,CMP-0012,"Nov 05, 2025",Trial Signup , No
INT-0003990,293,CMP-0006,25 Nov 2025,DEMO REQUEST,NO
INT-0003991,680,CMP-0012,02/01/2025,DEMO REQUEST,Yes
INT-0003992,1227,CMP-0004,17 Feb 2025,WEBSITE VISIT,no
INT-0003993,684,CMP-0022,16 Apr 2025,EMAIL OPEN,No
INT-0003994,756,CMP-0007,"Jan 12, 2025",click,NO
INT-0003995,724,CMP-0019,"May 26, 2025", Email Open ,No 
INT-0003996,235,CMP-0002,31 Oct 2025,Website Visit,No 
INT-0003997,229,CMP-0014,2025-03-23,Click, No 
INT-0003998,777,CMP-0005,2025-08-01, Click,no
INT-0003999,905,CMP-0005,06/01/2025, Demo Request, No 
INT-0004000,182,CMP-0026,11/09/2025, Email Open , No 
INT-0004001,710,CMP-0006,2025-11-22, Email Open,yes
INT-0004002,525,CMP-0018,09/10/2025,website visit,no
INT-0004003,41,CMP-0006,30-04-2025,IMPRESSION, No 
INT-0004004,1418,CMP-0023,30 Apr 2025, Impression, No 
INT-0004005,830,CMP-0015,04/11/2025,Website Visit,NO
INT-0004006,1116,CMP-0013,26/04/2025,Trial Signup ,NO
INT-0004007,7,CMP-0002,02 Nov 2025,Demo Request ,yes
INT-0004008,1227,CMP-0020,12/20/2025, Trial Signup ,yes
INT-0004009,772,CMP-0028,19 Jan 2025, Impression,yes
INT-0004010,673,CMP-0005,02/05/2025,DEMO REQUEST,Yes 
INT-0004011,219,CMP-0017,01/19/2025,EMAIL OPEN, No
INT-0004012,1247,CMP-0013,02-01-2025, Impression,NO
INT-0004013,1250,CMP-0007,21-03-2025, Impression ,No 
INT-0004014,917,CMP-0008,07/22/2025, Trial Signup ,No
INT-0004015,1071,CMP-0015,18 May 2025,Click,no
INT-0004016,1173,,04/01/2025,Website Visit , No
INT-0004017,891,CMP-0015,15-07-2025,Email Open,No
INT-0004018,100,CMP-0013,2025-03-29,EMAIL OPEN,Yes 
INT-0004019,160,CMP-0018,05/08/2025,TRIAL SIGNUP, No
INT-0004020,1263,CMP-0003,08/13/2025,demo request,no
INT-0004021,1016,CMP-0017,"Jul 07, 2025", Impression ,NO
INT-0004022,455,CMP-0009,12/22/2025, Click ,No 
INT-0004023,1099,CMP-0007,09/23/2025, Click,NO
INT-0004024,592,CMP-0027,07/04/2025,Click,no
INT-0004025,986,CMP-0028,23/09/2025, Trial Signup , No
INT-0004026,1284,CMP-0024,27-02-2025, Impression ,NO
INT-0004027,581,CMP-0029,09/17/2025,Demo Request ,YES
INT-0004028,1177,CMP-0021,14-06-2025, Email Open, No 
INT-0004029,736,CMP-0029,"Jun 13, 2025", Website Visit ,NO
INT-0004030,891,CMP-0014,2025-05-16,Demo Request,Yes
INT-0004031,1422,CMP-0006,13-05-2025,DEMO REQUEST,YES
INT-0004032,1253,CMP-0018,08/09/2025,demo request,yes
INT-0004033,1151,CMP-0010,2025-08-11, Trial Signup,no
INT-0004034,1420,CMP-0017,2025-05-07, Demo Request ,no
INT-0004035,275,CMP-0011,"Jun 01, 2025",trial signup,No 
INT-0004036,603,CMP-0011,2025-11-01, Email Open ,NO
INT-0004037,1319,CMP-0004,"Sep 23, 2025",Website Visit ,No 
INT-0004038,195,CMP-0012,12/27/2025,click,Yes 
INT-0004039,1162,CMP-0026,22-07-2025, Click ,no
INT-0004040,43,CMP-0014,08/05/2025,Impression , Yes 
INT-0004041,183,CMP-0014,"Feb 12, 2025",impression, Yes
INT-0004042,1440,CMP-0002,01/23/2025, Demo Request, Yes 
INT-0004043,201,CMP-0024,"Dec 22, 2025", Trial Signup,No
INT-0004044,50,CMP-0014,15-09-2025,Click, No 
INT-0004045,1420,CMP-0017,2025-12-11,Trial Signup ,no
INT-0004046,62,CMP-0017,"Apr 16, 2025", Website Visit,No 
INT-0004047,1452,CMP-0018,24 Apr 2025,Click,no
INT-0004048,736,CMP-0002,10/29/2025,impression, No
INT-0004049,880,CMP-0004,2025-08-21, Click , No
INT-0004050,859,CMP-0001,2025-01-20,Trial Signup ,No
INT-0004051,1357,CMP-0015,12/20/2025,Demo Request, No
INT-0004052,1240,CMP-0018,11 Mar 2025,WEBSITE VISIT,no
INT-0004053,306,CMP-0005,22 Dec 2025,CLICK,no
INT-0004054,345,CMP-0010,"Dec 07, 2025",Click ,No 
INT-0004055,1301,CMP-0006,23 Oct 2025, Trial Signup ,No
INT-0004056,1307,CMP-0007,19-04-2025,demo request,No
INT-0004057,559,CMP-0007,29-06-2025,click, Yes 
INT-0004058,1006,CMP-0011,02/09/2025, Email Open ,NO
INT-0004059,1319,CMP-0016,11/08/2025,website visit,no
INT-0004060,649,CMP-0004,2025-08-06, Trial Signup, No 
INT-0004061,885,CMP-0029,04/03/2025,Trial Signup,No
INT-0004062,1379,CMP-0014,15-12-2025,CLICK,NO
INT-0004063,923,CMP-0001,2025-04-27,website visit,NO
INT-0004064,965,CMP-0029,"Oct 20, 2025",DEMO REQUEST, No 
INT-0004065,231,CMP-0024,2025-04-25, Click ,No
INT-0004066,1209,CMP-0006,"Oct 17, 2025",Website Visit ,NO
INT-0004067,932,CMP-0001,06 Mar 2025,Email Open , No 
INT-0004068,737,CMP-0019,2025-05-20, Impression, No 
INT-0004069,422,CMP-0030,02/20/2025,Website Visit,yes
INT-0004070,1264,CMP-0028,21-12-2025,Impression, Yes
INT-0004071,248,CMP-0008,18 Jun 2025, Impression, No 
INT-0004072,615,CMP-0020,"May 21, 2025", Website Visit,YES
INT-0004073,274,CMP-0030,24 Apr 2025, Website Visit,YES
INT-0004074,726,CMP-0017,2025-12-16,Email Open,YES
INT-0004075,307,CMP-0028,05/04/2025,CLICK, No 
INT-0004076,605,CMP-0018,23 Oct 2025, Impression ,no
INT-0004077,470,CMP-0027,16 Aug 2025, Demo Request,No
INT-0004078,872,CMP-0006,2025-11-13,Impression ,NO
INT-0004079,1349,CMP-0024,15-10-2025, Demo Request,no
INT-0004080,885,CMP-0029,28 May 2025,website visit, No 
INT-0004081,346,,10/21/2025, Impression , No 
INT-0004082,834,CMP-0018,15/09/2025,click,No
INT-0004083,598,CMP-0009,2025-02-22,Trial Signup, Yes 
INT-0004084,172,CMP-0023,20-02-2025, Email Open, No
INT-0004085,1022,CMP-0004,06-02-2025, Demo Request,No
INT-0004086,75,CMP-0021,2025-03-28,Website Visit,yes
INT-0004087,1052,CMP-0004,07/02/2025,Click ,no
INT-0004088,660,CMP-0002,25 Oct 2025, Trial Signup ,NO
INT-0004089,903,CMP-0023,17/04/2025,Click,No 
INT-0004090,591,CMP-0021,07/23/2025,impression, Yes
INT-0004091,719,CMP-0007,06/06/2025,DEMO REQUEST,No 
INT-0004092,1223,CMP-0021,03/09/2025, Trial Signup , No 
INT-0004093,382,CMP-0017,31/01/2025, Click , No 
INT-0004094,1077,CMP-0016,23-07-2025, Click, Yes
INT-0004095,1234,CMP-0014,"Aug 19, 2025", Impression ,yes
INT-0004096,1307,CMP-0019,09-12-2025,Impression ,yes
INT-0004097,843,CMP-0010,04/12/2025,email open, No 
INT-0004098,758,CMP-0011,"Jun 16, 2025", Trial Signup,no
INT-0004099,1058,CMP-0008,17/12/2025, Demo Request ,NO
INT-0004100,29,CMP-0012,"Sep 18, 2025",Impression,No
INT-0004101,935,CMP-0002,07/08/2025,Trial Signup, No
INT-0004102,336,CMP-0012,01/13/2025,Website Visit ,Yes 
INT-0004103,210,CMP-0024,07/08/2025,CLICK,yes
INT-0004104,611,CMP-0022,06/15/2025,CLICK,no
INT-0004105,360,CMP-0014,"Apr 03, 2025",Email Open,No
INT-0004106,512,CMP-0006,12/15/2025, Email Open ,no
INT-0004107,318,CMP-0017,01/06/2025, Demo Request ,No 
INT-0004108,146,CMP-0014,2025-01-28,Website Visit,no
INT-0004109,1070,CMP-0018,14/10/2025,IMPRESSION,Yes 
INT-0004110,1115,CMP-0023,04/27/2025, Website Visit, No 
INT-0004111,1092,CMP-0016,2025-02-04,Trial Signup ,No
INT-0004112,1035,CMP-0006,09/11/2025,IMPRESSION,no
INT-0004113,838,CMP-0001,04/03/2025,DEMO REQUEST,No 
INT-0004114,682,CMP-0021,03-03-2025, Email Open, No
INT-0004115,955,CMP-0016,2025-03-17,Impression ,No 
INT-0004116,19,,"Apr 23, 2025", Impression ,Yes
INT-0004117,327,CMP-0021,07/05/2025,EMAIL OPEN,No
INT-0004118,1158,CMP-0027,20/07/2025,Click ,yes
INT-0004119,3,CMP-0029,02/22/2025,Demo Request ,No
INT-0004120,824,CMP-0010,12/28/2025,EMAIL OPEN,No
INT-0004121,1127,CMP-0003,11/16/2025,Email Open , No 
INT-0004122,100,CMP-0014,13 Sep 2025, Trial Signup , Yes 
INT-0004123,1208,CMP-0014,17/05/2025,Email Open,No 
INT-0004124,880,CMP-0008,26-10-2025, Website Visit ,NO
INT-0004125,1085,CMP-0028,2025-05-14,Click ,NO
INT-0004126,1181,CMP-0010,15 Jul 2025, Demo Request ,No
INT-0004127,1137,CMP-0023,2025-03-01,impression, No 
INT-0004128,1380,CMP-0024,"Jun 15, 2025", Trial Signup ,NO
INT-0004129,612,CMP-0001,"Mar 25, 2025",Trial Signup,No 
INT-0004130,943,CMP-0007,2025-07-28, Email Open,No
INT-0004131,150,CMP-0028,04 Jun 2025, Demo Request,NO
INT-0004132,1201,CMP-0014,02 Jul 2025, Impression,No 
INT-0004133,286,CMP-0005,09/12/2025,website visit, Yes 
INT-0004134,1235,CMP-0012,02 Mar 2025,Impression , No 
INT-0004135,325,CMP-0012,01-04-2025, Trial Signup, No 
INT-0004136,497,CMP-0017,02-12-2025,click,NO
INT-0004137,920,CMP-0006,11-03-2025,Email Open, No 
INT-0004138,856,CMP-0001,"Jul 07, 2025",Click ,no
INT-0004139,218,CMP-0030,07/19/2025, Trial Signup ,NO
INT-0004140,24,CMP-0005,11/10/2025,TRIAL SIGNUP, No 
INT-0004141,1073,CMP-0026,10/11/2025, Demo Request,Yes 
INT-0004142,933,CMP-0009,21-02-2025,Impression,NO
INT-0004143,50,CMP-0029,2025-07-12, Impression ,NO
INT-0004144,1332,CMP-0006,09/04/2025,Click ,no
INT-0004145,547,CMP-0022,2025-01-14,Website Visit,no
INT-0004146,834,CMP-0007,09 Mar 2025, Trial Signup, No
INT-0004147,712,CMP-0015,2025-06-19,WEBSITE VISIT,No
INT-0004148,556,CMP-0022,31/03/2025,Demo Request , No
INT-0004149,22,CMP-0030,2025-01-09,Click,Yes 
INT-0004150,814,CMP-0030,30/03/2025,WEBSITE VISIT, No
INT-0004151,518,CMP-0005,18-04-2025,Email Open, Yes
INT-0004152,570,CMP-0008,13/01/2025,click, No
INT-0004153,1004,CMP-0016,24/05/2025,WEBSITE VISIT, No 
INT-0004154,4,CMP-0023,2025-09-19,Email Open,No 
INT-0004155,14,CMP-0026,"Jun 09, 2025", Click ,Yes 
INT-0004156,1244,CMP-0018,17/09/2025, Trial Signup,Yes
INT-0004157,1067,CMP-0014,29/04/2025, Click ,NO
INT-0004158,863,CMP-0025,09 Jul 2025,EMAIL OPEN,No
INT-0004159,1192,CMP-0022,28 Feb 2025,Demo Request, No 
INT-0004160,847,CMP-0017,29-09-2025,impression,No
INT-0004161,8,CMP-0022,2025-04-08,email open, No
INT-0004162,1259,CMP-0014,"Sep 09, 2025",Click ,No 
INT-0004163,492,CMP-0025,30/09/2025,TRIAL SIGNUP, No
INT-0004164,12,CMP-0025,17-09-2025, Demo Request, No
INT-0004165,338,CMP-0006,10/13/2025,Website Visit,NO
INT-0004166,1304,CMP-0029,16-11-2025,Impression ,no
INT-0004167,906,CMP-0022,"Aug 22, 2025",click, No
INT-0004168,271,CMP-0005,2025-10-13,Impression,no
INT-0004169,1244,CMP-0022,17 Jul 2025,Email Open,No
INT-0004170,692,CMP-0009,25-12-2025,EMAIL OPEN,NO
INT-0004171,407,CMP-0028,03 May 2025, Demo Request,No 
INT-0004172,936,CMP-0008,10/17/2025,website visit,no
INT-0004173,1099,CMP-0013,02/22/2025, Email Open , No 
INT-0004174,789,CMP-0008,16-04-2025, Email Open,No 
INT-0004175,1432,CMP-0004,2025-07-26, Email Open ,no
INT-0004176,1422,CMP-0018,01-08-2025,click,no
INT-0004177,33,CMP-0027,12/26/2025, Impression, No
INT-0004178,1262,CMP-0003,22/02/2025,Click ,yes
INT-0004179,722,CMP-0013,01/04/2025, Email Open ,No
INT-0004180,928,CMP-0018,21-02-2025, Impression,Yes 
INT-0004181,1287,CMP-0018,06 Nov 2025, Trial Signup,No
INT-0004182,1464,CMP-0019,"Dec 13, 2025", Click ,no
INT-0004183,1304,CMP-0001,08-09-2025,Impression ,NO
INT-0004184,145,CMP-0013,22-12-2025,WEBSITE VISIT,No 
INT-0004185,202,CMP-0022,15 Jun 2025, Click ,NO
INT-0004186,1283,CMP-0020,09/14/2025, Website Visit ,NO
INT-0004187,447,CMP-0024,06/06/2025, Email Open ,no
INT-0004188,677,CMP-0005,30-03-2025, Demo Request ,No 
INT-0004189,1122,CMP-0013,16 Oct 2025,IMPRESSION, Yes
INT-0004190,1144,CMP-0028,31 Aug 2025,impression, No
INT-0004191,1365,CMP-0014,"Sep 19, 2025", Website Visit ,NO
INT-0004192,746,CMP-0021,04-03-2025, Demo Request ,No 
INT-0004193,530,CMP-0007,03-10-2025,Demo Request,NO
INT-0004194,155,CMP-0019,2025-01-23, Demo Request,Yes 
INT-0004195,836,CMP-0002,01 Apr 2025,Website Visit,NO
INT-0004196,1203,,20-02-2025, Click ,No
INT-0004197,79,CMP-0013,17/05/2025, Trial Signup ,No
INT-0004198,720,CMP-0012,01 Mar 2025, Website Visit ,No
INT-0004199,285,CMP-0004,2025-10-12, Demo Request, No 
INT-0004200,16,CMP-0014,29-10-2025, Demo Request ,No
INT-0004201,1014,CMP-0006,"Feb 13, 2025", Click, No
INT-0004202,141,CMP-0012,22-08-2025,Website Visit,no
INT-0004203,1334,CMP-0005,"Aug 26, 2025",Trial Signup ,No
INT-0004204,1049,CMP-0010,15 Jan 2025, Email Open, No
INT-0004205,943,CMP-0015,26/11/2025,trial signup,No
INT-0004206,489,CMP-0029,2025-04-22,Demo Request,no
INT-0004207,464,CMP-0025,15/09/2025, Email Open ,NO
INT-0004208,1175,CMP-0005,05/29/2025,Click , No 
INT-0004209,1086,CMP-0004,03/10/2025, Website Visit,no
INT-0004210,1257,CMP-0021,"Aug 03, 2025",DEMO REQUEST,No 
INT-0004211,1040,CMP-0015,2025-06-19,click, No
INT-0004212,804,CMP-0007,21/09/2025,Impression,Yes
INT-0004213,681,CMP-0013,05/14/2025,DEMO REQUEST,No
INT-0004214,179,CMP-0005,05 Feb 2025,CLICK,NO
INT-0004215,905,CMP-0022,"Sep 04, 2025",Click, No 
INT-0004216,1027,CMP-0020,06/27/2025, Email Open,No
INT-0004217,491,CMP-0014,13 Jan 2025,CLICK,NO
INT-0004218,581,CMP-0020,13/01/2025, Click , No
INT-0004219,1274,CMP-0011,2025-09-19,trial signup,NO
INT-0004220,421,CMP-0028,05/24/2025,CLICK, No
INT-0004221,73,CMP-0022,08/02/2025, Trial Signup ,No
INT-0004222,175,CMP-0001,"May 28, 2025",TRIAL SIGNUP,No
INT-0004223,25,CMP-0011,07 Oct 2025,Demo Request , No 
INT-0004224,1397,CMP-0013,01-11-2025,Impression ,No
INT-0004225,1232,CMP-0006,2025-10-07,trial signup,no
INT-0004226,352,CMP-0025,22-02-2025,Website Visit,No
INT-0004227,1481,CMP-0012,11/12/2025,Website Visit ,No
INT-0004228,678,CMP-0008,2025-05-31, Email Open,NO
INT-0004229,1336,CMP-0022,01/28/2025, Trial Signup,no
INT-0004230,619,CMP-0020,2025-11-18, Click , No
INT-0004231,1338,CMP-0004,05/29/2025, Demo Request ,YES
INT-0004232,1055,CMP-0021,"Oct 20, 2025",Email Open,NO
INT-0004233,473,CMP-0030,"Jan 18, 2025", Impression,yes
INT-0004234,447,CMP-0024,30 Mar 2025,website visit,no
INT-0004235,732,CMP-0020,2025-05-04,Demo Request,No
INT-0004236,384,CMP-0009,"Feb 17, 2025", Click , No 
INT-0004237,255,CMP-0011,2025-05-01, Click,No 
INT-0004238,1142,CMP-0026,"Feb 04, 2025",trial signup,YES
INT-0004239,757,CMP-0012,2025-09-18, Demo Request, No 
INT-0004240,568,CMP-0012,01-06-2025,impression, No 
INT-0004241,125,CMP-0012,02 Oct 2025, Click,yes
INT-0004242,1081,CMP-0011,04/17/2025,Trial Signup,Yes 
INT-0004243,7,CMP-0015,05/30/2025, Click ,no
INT-0004244,679,CMP-0026,06/12/2025, Trial Signup,NO
INT-0004245,144,CMP-0008,2025-05-21,Trial Signup ,No
INT-0004246,1236,CMP-0008,17-09-2025, Impression,NO
INT-0004247,614,CMP-0003,"Sep 03, 2025",TRIAL SIGNUP, No 
INT-0004248,1123,CMP-0026,"Apr 12, 2025",impression, Yes
INT-0004249,168,CMP-0006,2025-04-07,trial signup, No
INT-0004250,736,CMP-0007,01-06-2025, Email Open , No
INT-0004251,483,CMP-0020,2025-05-20, Website Visit ,YES
INT-0004252,280,CMP-0007,17-04-2025, Email Open , No 
INT-0004253,1372,CMP-0011,15-05-2025, Email Open,No
INT-0004254,1214,CMP-0005,2025-11-04,impression,no
INT-0004255,49,CMP-0030,29/10/2025, Click, No 
INT-0004256,487,CMP-0017,10-06-2025,website visit,no
INT-0004257,1430,CMP-0009,"Jul 08, 2025",Demo Request,no
INT-0004258,627,,19/01/2025,WEBSITE VISIT,No
INT-0004259,428,CMP-0002,05 Feb 2025,Email Open ,No
INT-0004260,779,CMP-0019,2025-08-14,Email Open ,no
INT-0004261,941,CMP-0007,2025-09-19, Click, No 
INT-0004262,1284,CMP-0023,"Sep 06, 2025", Website Visit, No
INT-0004263,670,CMP-0023,2025-06-17,Demo Request , No 
INT-0004264,353,CMP-0022,01/02/2025,CLICK, No 
INT-0004265,473,CMP-0003,16-08-2025,Impression,no
INT-0004266,118,CMP-0007,25-03-2025, Impression ,no
INT-0004267,165,CMP-0015,03/16/2025,Demo Request , No
INT-0004268,961,CMP-0004,12/08/2025, Website Visit, No 
INT-0004269,249,CMP-0024,29/04/2025,Impression ,YES
INT-0004270,954,CMP-0024,2025-02-13, Website Visit, No
INT-0004271,1039,CMP-0003,04/24/2025, Website Visit,No
INT-0004272,412,CMP-0005,2025-05-01,click, No
INT-0004273,628,CMP-0002,"Dec 24, 2025", Demo Request ,No 
INT-0004274,1020,CMP-0028,09/18/2025,email open, Yes
INT-0004275,878,CMP-0001,"Feb 22, 2025", Demo Request,no
INT-0004276,427,CMP-0026,"Mar 19, 2025",Click, No 
INT-0004277,561,,01/05/2025, Click, No 
INT-0004278,823,CMP-0017,01/21/2025,Impression,no
INT-0004279,281,CMP-0001,05/01/2025,click,No 
INT-0004280,1449,,06/04/2025,EMAIL OPEN,yes
INT-0004281,1320,CMP-0014,2025-04-22,Trial Signup,no
INT-0004282,597,CMP-0016,"Jul 12, 2025",Trial Signup ,NO
INT-0004283,362,CMP-0004,22/12/2025,click,No 
INT-0004284,1397,CMP-0014,18/12/2025,Impression , No 
INT-0004285,1439,CMP-0017,"Jul 16, 2025",impression,No 
INT-0004286,1435,CMP-0025,29 Sep 2025,WEBSITE VISIT,No 
INT-0004287,1472,CMP-0026,"Mar 25, 2025", Click ,No 
INT-0004288,240,CMP-0021,19-12-2025,Website Visit ,No 
INT-0004289,70,CMP-0007,02/01/2025,Impression , No
INT-0004290,910,CMP-0001,25-12-2025, Demo Request, No 
INT-0004291,504,CMP-0005,16-01-2025, Impression,No
INT-0004292,784,CMP-0002,02/04/2025,DEMO REQUEST,no
INT-0004293,751,CMP-0002,01/03/2025, Demo Request ,NO
INT-0004294,771,CMP-0010,06 Nov 2025,Demo Request,No 
INT-0004295,969,CMP-0007,11/21/2025,impression,YES
INT-0004296,761,CMP-0002,27 Dec 2025,Trial Signup, No
INT-0004297,686,CMP-0023,01/05/2025,WEBSITE VISIT,NO
INT-0004298,991,CMP-0001,2025-11-05,impression, No 
INT-0004299,562,CMP-0026,12/09/2025,impression,Yes 
INT-0004300,467,CMP-0020,"Mar 07, 2025",WEBSITE VISIT,No 
INT-0004301,1441,CMP-0013,07/27/2025,DEMO REQUEST,NO
INT-0004302,89,CMP-0007,18 Nov 2025, Click,No 
INT-0004303,130,CMP-0028,27/06/2025,Email Open , No 
INT-0004304,351,CMP-0016,27 Apr 2025,TRIAL SIGNUP, Yes
INT-0004305,567,CMP-0026,2025-11-05,Website Visit,no
INT-0004306,433,CMP-0023,06 Aug 2025,Demo Request , No
INT-0004307,289,CMP-0028,13 Nov 2025, Website Visit , No 
INT-0004308,1469,CMP-0017,27-08-2025,Website Visit , No 
INT-0004309,1340,CMP-0007,12 Sep 2025,Click , Yes
INT-0004310,511,CMP-0004,02/01/2025,trial signup,No
INT-0004311,564,CMP-0015,08-10-2025,Trial Signup , No 
INT-0004312,181,CMP-0026,15-12-2025, Email Open ,No
INT-0004313,373,CMP-0006,2025-12-27,Trial Signup, No
INT-0004314,1343,CMP-0017,27-10-2025,DEMO REQUEST,NO
INT-0004315,464,CMP-0009,03/15/2025,IMPRESSION,Yes
INT-0004316,931,CMP-0018,07/21/2025, Trial Signup , No
INT-0004317,548,CMP-0003,15-06-2025,Demo Request,No
INT-0004318,464,CMP-0011,05/04/2025,impression, No
INT-0004319,167,CMP-0007,21 Sep 2025,Demo Request ,no
INT-0004320,654,CMP-0015,10 Oct 2025,IMPRESSION, No 
INT-0004321,392,CMP-0010,2025-07-25,trial signup, No 
INT-0004322,310,CMP-0002,"Jun 11, 2025", Impression,no
INT-0004323,703,CMP-0019,01-01-2025, Website Visit, No
INT-0004324,877,CMP-0017,22/01/2025, Trial Signup ,No 
INT-0004325,292,CMP-0011,"Feb 28, 2025",DEMO REQUEST,No
INT-0004326,532,CMP-0030,08-04-2025,Demo Request, No 
INT-0004327,874,CMP-0012,13 Mar 2025,Website Visit,no
INT-0004328,705,CMP-0003,05/31/2025, Trial Signup ,No 
INT-0004329,1231,CMP-0016,2025-05-02,Impression,Yes
INT-0004330,847,CMP-0028,"Feb 21, 2025",Trial Signup,NO
INT-0004331,809,CMP-0026,03 Oct 2025, Impression , Yes
INT-0004332,127,CMP-0006,2025-07-08,trial signup, No
INT-0004333,88,CMP-0015,11/16/2025, Impression ,no
INT-0004334,693,CMP-0025,12/20/2025,Click ,NO
INT-0004335,235,CMP-0009,2025-12-21,click,NO
INT-0004336,938,CMP-0022,2025-06-10,EMAIL OPEN, Yes 
INT-0004337,190,CMP-0020,21/09/2025, Email Open,No
INT-0004338,1076,CMP-0022,25-08-2025,Trial Signup, No
INT-0004339,38,CMP-0016,2025-09-01,Email Open,No
INT-0004340,1449,CMP-0021,13/09/2025, Email Open, No
INT-0004341,1313,CMP-0026,03 Nov 2025,Website Visit , No
INT-0004342,1437,CMP-0030,11-05-2025,Impression , No 
INT-0004343,1135,CMP-0001,18-04-2025,Impression , No
INT-0004344,1168,CMP-0023,04-09-2025,impression, No
INT-0004345,781,CMP-0007,06/03/2025, Website Visit ,no
INT-0004346,479,CMP-0010,2025-11-29,email open,No 
INT-0004347,1202,CMP-0013,18 Jul 2025, Impression ,no
INT-0004348,369,CMP-0016,13/04/2025,demo request, No 
INT-0004349,525,CMP-0029,04 Jul 2025, Website Visit ,YES
INT-0004350,304,CMP-0008,17/09/2025,Website Visit ,No
INT-0004351,242,CMP-0020,12-01-2025,Demo Request ,No 
INT-0004352,1267,CMP-0017,04/22/2025, Trial Signup , No 
INT-0004353,688,CMP-0023,2025-03-28,EMAIL OPEN,YES
INT-0004354,1297,CMP-0024,2025-05-15, Impression,NO
INT-0004355,912,CMP-0014,2025-05-07, Impression ,NO
INT-0004356,528,CMP-0004,03 Mar 2025, Email Open ,NO
INT-0004357,289,CMP-0030,2025-12-06, Demo Request,Yes 
INT-0004358,838,CMP-0029,22/04/2025, Click,No
INT-0004359,1017,CMP-0007,01 Feb 2025,TRIAL SIGNUP,Yes 
INT-0004360,729,CMP-0019,2025-07-05, Trial Signup,No
INT-0004361,1498,CMP-0028,"Dec 27, 2025",Email Open, Yes 
INT-0004362,335,CMP-0002,07/02/2025,click,Yes
INT-0004363,613,CMP-0012,09-01-2025,demo request,NO
INT-0004364,926,CMP-0008,14-12-2025, Trial Signup, Yes
INT-0004365,699,CMP-0001,04-07-2025,Demo Request, No 
INT-0004366,129,CMP-0005,03-08-2025, Website Visit,yes
INT-0004367,451,CMP-0016,2025-10-18,trial signup,NO
INT-0004368,750,CMP-0003,30 Nov 2025,Trial Signup ,No 
INT-0004369,1419,CMP-0005,07 Apr 2025,Email Open,no
INT-0004370,491,CMP-0028,06/06/2025, Impression , No 
INT-0004371,1146,CMP-0026,"Apr 10, 2025",trial signup, No
INT-0004372,303,CMP-0007,14/09/2025,impression,No
INT-0004373,249,CMP-0006,"Oct 29, 2025", Trial Signup ,no
INT-0004374,1156,CMP-0018,06-05-2025,IMPRESSION, No 
INT-0004375,1219,CMP-0022,21/05/2025,IMPRESSION,no
INT-0004376,1228,CMP-0013,16 May 2025,demo request, No
INT-0004377,276,CMP-0017,07/07/2025,TRIAL SIGNUP, No 
INT-0004378,1345,CMP-0017,2025-03-28, Website Visit ,NO
INT-0004379,1386,CMP-0001,15-05-2025,website visit,no
INT-0004380,69,CMP-0013,"Jan 13, 2025",click,NO
INT-0004381,620,CMP-0003,30 Sep 2025, Click,No 
INT-0004382,476,CMP-0017,"Jul 23, 2025",Website Visit,No 
INT-0004383,1026,,2025-07-23, Demo Request ,Yes
INT-0004384,52,CMP-0008,2025-02-08,WEBSITE VISIT,No 
INT-0004385,151,CMP-0029,01/21/2025, Impression, Yes 
INT-0004386,1198,CMP-0003,25-12-2025,WEBSITE VISIT, No 
INT-0004387,1471,CMP-0003,01-04-2025,Impression,No
INT-0004388,1276,CMP-0027,"Dec 26, 2025", Email Open, No
INT-0004389,1201,CMP-0001,2025-11-17, Email Open ,No
INT-0004390,490,CMP-0021,22/12/2025,Demo Request,No 
INT-0004391,145,CMP-0016,14 Sep 2025,DEMO REQUEST,no
INT-0004392,703,CMP-0009,"Apr 08, 2025", Impression ,No
INT-0004393,1116,CMP-0005,2025-08-22,impression,Yes 
INT-0004394,598,CMP-0004,12/04/2025,trial signup,no
INT-0004395,968,CMP-0029,2025-11-12,email open,NO
INT-0004396,56,CMP-0023,09/11/2025,trial signup,no
INT-0004397,907,CMP-0011,24-11-2025, Demo Request, No
INT-0004398,1133,CMP-0005,"May 01, 2025",TRIAL SIGNUP,no
INT-0004399,1099,CMP-0016,11-01-2025,Trial Signup ,NO
INT-0004400,1411,CMP-0022,"Mar 23, 2025",CLICK,No
INT-0004401,1436,CMP-0020,09/10/2025, Website Visit,No 
INT-0004402,344,CMP-0004,"Dec 10, 2025",Demo Request, No 
INT-0004403,951,CMP-0030,12/03/2025,TRIAL SIGNUP, No 
INT-0004404,566,CMP-0022,"Jun 01, 2025",Trial Signup,no
INT-0004405,57,CMP-0025,09/12/2025,Impression, Yes 
INT-0004406,356,CMP-0017,09/06/2025,website visit, Yes 
INT-0004407,886,CMP-0023,13/03/2025,Email Open ,No 
INT-0004408,1076,CMP-0006,2025-01-21,click,No
INT-0004409,791,CMP-0003,01/02/2025,Impression , Yes
INT-0004410,922,,29-03-2025,TRIAL SIGNUP,No
INT-0004411,1086,CMP-0012,06/02/2025,email open, No 
INT-0004412,55,CMP-0001,04-08-2025,WEBSITE VISIT, No
INT-0004413,796,,"Jul 08, 2025", Trial Signup,No 
INT-0004414,630,CMP-0027,30 Jun 2025,DEMO REQUEST,NO
INT-0004415,146,CMP-0009,17/08/2025, Impression ,Yes
INT-0004416,428,CMP-0026,10/07/2025, Website Visit,no
INT-0004417,941,CMP-0004,02/09/2025,Website Visit,no
INT-0004418,382,CMP-0002,28/02/2025,Trial Signup ,Yes 
INT-0004419,246,CMP-0002,07-12-2025,DEMO REQUEST,No 
INT-0004420,1456,CMP-0021,09-04-2025,Email Open,No
INT-0004421,1183,CMP-0022,2025-08-10,Trial Signup ,no
INT-0004422,288,CMP-0024,07 Jun 2025, Impression, No 
INT-0004423,1098,CMP-0030,16/02/2025,IMPRESSION, No 
INT-0004424,1453,CMP-0028,"Sep 19, 2025",WEBSITE VISIT, No 
INT-0004425,483,CMP-0023,11/12/2025, Impression , No
INT-0004426,838,CMP-0006,"Oct 05, 2025", Click,No 
INT-0004427,1083,CMP-0028,12/19/2025, Click,no
INT-0004428,506,CMP-0017,11/09/2025, Demo Request, No 
INT-0004429,419,CMP-0020,2025-01-12,IMPRESSION,No
INT-0004430,294,CMP-0016,06/29/2025,Demo Request ,NO
INT-0004431,536,CMP-0016,04/05/2025,Website Visit,No 
INT-0004432,397,CMP-0012,"Mar 18, 2025", Trial Signup ,no
INT-0004433,106,CMP-0022,05/24/2025,IMPRESSION, No 
INT-0004434,781,CMP-0016,2025-11-14,EMAIL OPEN,No 
INT-0004435,297,CMP-0029,2025-01-08, Impression ,no
INT-0004436,35,CMP-0025,30/03/2025,Website Visit , No
INT-0004437,1102,CMP-0010,06/03/2025, Email Open,No
INT-0004438,267,CMP-0001,2025-06-17,impression,No 
INT-0004439,1064,CMP-0005,10/19/2025,TRIAL SIGNUP,no
INT-0004440,189,CMP-0030,"Jan 29, 2025", Trial Signup ,yes
INT-0004441,821,CMP-0002,2025-09-18,EMAIL OPEN,No 
INT-0004442,610,CMP-0002,05/16/2025,TRIAL SIGNUP,No
INT-0004443,246,CMP-0008,06/05/2025, Click,no
INT-0004444,792,CMP-0029,05 Nov 2025,CLICK,Yes
INT-0004445,188,CMP-0028,12-11-2025,WEBSITE VISIT,Yes 
INT-0004446,1425,CMP-0028,04-02-2025, Demo Request ,No
INT-0004447,598,CMP-0011,16 Oct 2025,Impression,no
INT-0004448,418,CMP-0001,"Oct 10, 2025",WEBSITE VISIT,No
INT-0004449,718,CMP-0023,07 Sep 2025,click,No 
INT-0004450,1253,,"Apr 09, 2025", Click, No
INT-0004451,734,CMP-0001,04/06/2025, Email Open,No
INT-0004452,1366,CMP-0010,28-09-2025, Website Visit ,Yes 
INT-0004453,955,CMP-0014,28/09/2025,Website Visit, No 
INT-0004454,1107,CMP-0012,06 Apr 2025, Demo Request, Yes
INT-0004455,1007,CMP-0010,2025-09-19,click, Yes 
INT-0004456,528,CMP-0021,09/01/2025,Click , No
INT-0004457,1161,CMP-0026,2025-09-24,TRIAL SIGNUP, No
INT-0004458,710,CMP-0001,2025-09-04,Click,No 
INT-0004459,166,CMP-0011,24 Nov 2025, Click, No
INT-0004460,1410,CMP-0018,11 Nov 2025,DEMO REQUEST, No 
INT-0004461,926,CMP-0008,11/05/2025, Website Visit ,no
INT-0004462,1278,CMP-0006,"Nov 11, 2025",Impression,NO
INT-0004463,1375,CMP-0018,04-03-2025,Impression, No 
INT-0004464,909,CMP-0004,01 Jul 2025,Trial Signup,NO
INT-0004465,1119,CMP-0024,"Aug 02, 2025", Email Open, No 
INT-0004466,1356,CMP-0005,2025-03-13, Demo Request , No
INT-0004467,786,CMP-0001,30-09-2025, Website Visit,NO
INT-0004468,208,CMP-0026,06/17/2025,trial signup,no
INT-0004469,816,CMP-9013,04/09/2025,Impression , Yes
INT-0004470,91,CMP-0015,2025-05-22, Demo Request , No
INT-0004471,1086,CMP-0013,2025-12-20,WEBSITE VISIT,Yes 
INT-0004472,541,CMP-0025,30-07-2025,Trial Signup,No
INT-0004473,674,CMP-0024,2025-02-08,IMPRESSION,No
INT-0004474,940,CMP-0023,31/07/2025, Email Open ,No
INT-0004475,686,CMP-0018,08 Oct 2025,Email Open, No
INT-0004476,894,CMP-0026,04/08/2025,click,No 
INT-0004477,1338,CMP-0013,06/10/2025,Impression,NO
INT-0004478,1133,CMP-0030,"Jul 16, 2025",WEBSITE VISIT,yes
INT-0004479,1498,CMP-0016,"Jan 23, 2025",trial signup,NO
INT-0004480,1048,CMP-0013,08/06/2025,click,No
INT-0004481,156,CMP-0022,21-12-2025,Website Visit , No 
INT-0004482,968,CMP-0017,02/06/2025, Click,Yes 
INT-0004483,1174,CMP-0014,"Jan 24, 2025",WEBSITE VISIT,YES
INT-0004484,1042,CMP-0003,24/03/2025,click, No
INT-0004485,37,CMP-0028,03/06/2025,TRIAL SIGNUP,No 
INT-0004486,798,CMP-0029,08-04-2025,Website Visit ,no
INT-0004487,358,CMP-0001,26/02/2025, Impression,yes
INT-0004488,653,CMP-0009,14 May 2025, Demo Request , No
INT-0004489,38,CMP-0003,"Sep 16, 2025",IMPRESSION, No 
INT-0004490,1273,CMP-0012,2025-04-19,Impression, No 
INT-0004491,1355,CMP-0018,2025-11-16,Email Open , Yes
INT-0004492,124,,10/12/2025,IMPRESSION, Yes
INT-0004493,715,CMP-0024,25/05/2025,email open,Yes 
INT-0004494,538,CMP-0006,2025-06-14, Impression , No 
INT-0004495,1215,CMP-0005,"Mar 25, 2025",IMPRESSION,No 
INT-0004496,470,CMP-0030,2025-10-07, Website Visit,NO
INT-0004497,979,CMP-0005,2025-11-26, Demo Request,NO
INT-0004498,1392,CMP-0023,02/12/2025, Impression , No
INT-0004499,782,CMP-0001,18 Dec 2025,CLICK,No
INT-0004500,132,CMP-0003,"Feb 06, 2025", Trial Signup , No 
INT-0004501,486,CMP-0010,"Feb 16, 2025", Trial Signup ,No
INT-0004502,1239,CMP-0021,2025-02-26,Click , No
INT-0004503,1211,CMP-0007,05/02/2025,WEBSITE VISIT,no
INT-0004504,493,CMP-0018,09 Sep 2025,Email Open ,no
INT-0004505,269,CMP-0016,"Dec 04, 2025", Impression, Yes
INT-0004506,688,CMP-0009,24-11-2025,Website Visit ,yes
INT-0004507,404,CMP-0001,28/09/2025,Website Visit , No
INT-0004508,1449,CMP-0006,2025-07-03,TRIAL SIGNUP, No
INT-0004509,1169,CMP-0021,20 Sep 2025,Website Visit,no
INT-0004510,1410,CMP-0024,"Sep 26, 2025",Email Open, No 
INT-0004511,447,CMP-0026,11/17/2025,click,No 
INT-0004512,893,CMP-0007,"Feb 24, 2025", Email Open ,Yes 
INT-0004513,284,CMP-0020,19-01-2025,Demo Request,No 
INT-0004514,575,CMP-0022,04 Apr 2025,IMPRESSION,yes
INT-0004515,728,CMP-0014,13/08/2025,EMAIL OPEN,No
INT-0004516,1065,CMP-0012,13/01/2025,Click,No 
INT-0004517,1024,CMP-0005,02/06/2025,Click ,Yes 
INT-0004518,982,CMP-0018,04-04-2025,IMPRESSION,No
INT-0004519,1179,CMP-0017,2025-07-15,impression, No 
INT-0004520,797,CMP-0020,22 Jul 2025, Trial Signup,No
INT-0004521,984,CMP-0010,"Nov 15, 2025",Impression ,no
INT-0004522,1090,CMP-0019,2025-06-18,IMPRESSION,no
INT-0004523,1325,CMP-0028,04 Mar 2025,Trial Signup,No 
INT-0004524,705,CMP-0013,01 May 2025, Website Visit,yes
INT-0004525,708,CMP-0005,17 Aug 2025,Trial Signup , No
INT-0004526,854,,10-01-2025,demo request,no
INT-0004527,412,CMP-0021,08 Apr 2025,demo request, Yes 
INT-0004528,917,CMP-0018,18/09/2025,Email Open , No 
INT-0004529,1127,CMP-0030,13-12-2025, Trial Signup,Yes
INT-0004530,1024,CMP-0021,"Mar 08, 2025", Click , No 
INT-0004531,928,CMP-0003,03 May 2025,Website Visit ,No 
INT-0004532,871,CMP-0014,2025-12-08, Click, Yes 
INT-0004533,995,CMP-0010,25/05/2025,Email Open ,no
INT-0004534,850,CMP-0026,08/06/2025, Click ,No
INT-0004535,628,CMP-0011,30 Oct 2025,Trial Signup ,YES
INT-0004536,782,CMP-0008,05/19/2025,IMPRESSION,No
INT-0004537,931,CMP-0022,22 Oct 2025, Impression,YES
INT-0004538,191,CMP-0014,11/15/2025, Email Open,no
INT-0004539,429,CMP-0021,"Oct 13, 2025",Demo Request , Yes 
INT-0004540,1491,CMP-0013,10/05/2025,Impression, No
INT-0004541,57,CMP-0019,25-09-2025, Trial Signup ,no
INT-0004542,1312,CMP-0017,11 Oct 2025, Impression,YES
INT-0004543,621,CMP-0011,"Feb 10, 2025", Website Visit ,No
INT-0004544,528,CMP-0030,27 Mar 2025,demo request,no
INT-0004545,1255,CMP-0013,30-04-2025, Demo Request ,No 
INT-0004546,958,CMP-0028,03/21/2025,CLICK,Yes
INT-0004547,931,CMP-0020,03 Dec 2025,EMAIL OPEN,No
INT-0004548,253,CMP-0029,07/07/2025,Demo Request , No
INT-0004549,303,CMP-0006,28/05/2025,Click ,No
INT-0004550,336,CMP-0021,28 Sep 2025,Impression ,Yes 
INT-0004551,577,CMP-0013,10 May 2025,CLICK,Yes 
INT-0004552,68,CMP-0004,17/03/2025,Website Visit , Yes 
INT-0004553,1287,CMP-0020,09/13/2025,Trial Signup ,No 
INT-0004554,255,CMP-0027,19-08-2025,email open,NO
INT-0004555,1178,CMP-0030,"Jan 19, 2025", Trial Signup , No
INT-0004556,635,CMP-0022,2025-10-21,Email Open,No 
INT-0004557,865,CMP-0015,06-04-2025,Click, Yes
INT-0004558,93,CMP-0006,07/13/2025,impression,no
INT-0004559,1162,CMP-0012,03-12-2025,demo request,Yes 
INT-0004560,751,CMP-0009,2025-03-11, Click ,YES
INT-0004561,447,CMP-0013,18-11-2025,Click ,NO
INT-0004562,553,CMP-0013,08 Sep 2025,Trial Signup, Yes
INT-0004563,953,CMP-0011,11/30/2025,Trial Signup ,NO
INT-0004564,1384,CMP-0023,"Sep 04, 2025",Website Visit ,Yes 
INT-0004565,598,CMP-0012,20/07/2025,CLICK,Yes 
INT-0004566,90,CMP-0017,08/08/2025,IMPRESSION,NO
INT-0004567,245,CMP-0007,29-03-2025,click,No 
INT-0004568,739,CMP-0030,"Aug 08, 2025",demo request, No 
INT-0004569,1220,CMP-0020,16-03-2025,trial signup, Yes 
INT-0004570,1158,CMP-0030,11/18/2025,Demo Request,No 
INT-0004571,1030,CMP-0029,05/04/2025, Impression ,No 
INT-0004572,983,CMP-0019,21/11/2025,Click , No
INT-0004573,1327,CMP-0001,27 Jul 2025,Email Open ,Yes
INT-0004574,935,CMP-0022,07/05/2025, Click,NO
INT-0004575,1052,CMP-0004,18/04/2025, Trial Signup , No 
INT-0004576,224,CMP-0006,11/14/2025, Demo Request ,yes
INT-0004577,13,CMP-0014,2025-12-19, Website Visit ,NO
INT-0004578,1134,CMP-0010,15 Feb 2025, Demo Request , Yes 
INT-0004579,415,CMP-0014,16 May 2025,Email Open,no
INT-0004580,700004,CMP-0005,12/14/2025,Trial Signup,yes
INT-0004581,1241,CMP-0005,"Jul 24, 2025", Impression,Yes
INT-0004582,157,CMP-0016,2025-11-02, Demo Request , No 
INT-0004583,1391,CMP-0021,"May 08, 2025", Website Visit , No 
INT-0004584,694,CMP-0001,2025-11-14,Impression,no
INT-0004585,1266,CMP-0026,09/01/2025,WEBSITE VISIT,NO
INT-0004586,859,CMP-0006,2025-04-15, Trial Signup ,Yes
INT-0004587,1032,CMP-0010,08/16/2025,Click,No
INT-0004588,80,CMP-0029,10/07/2025,website visit,NO
INT-0004589,584,CMP-0009,2025-07-12,Website Visit , No 
INT-0004590,330,CMP-0029,06/21/2025,WEBSITE VISIT,No 
INT-0004591,1114,CMP-0026,2025-09-13,email open,NO
INT-0004592,957,CMP-0004,04 Sep 2025, Trial Signup,No
INT-0004593,392,CMP-0011,2025-06-07,trial signup,NO
INT-0004594,529,CMP-0027,10 Dec 2025,DEMO REQUEST,NO
INT-0004595,1088,CMP-0008,02/22/2025, Demo Request ,No 
INT-0004596,189,CMP-0009,06/02/2025,Demo Request,No
INT-0004597,1442,CMP-0003,28/11/2025,Demo Request,NO
INT-0004598,3,CMP-0011,"May 27, 2025",Demo Request,no
INT-0004599,1253,CMP-0007,11/03/2025,demo request, No
INT-0004600,272,CMP-0008,28/04/2025,Demo Request, No 
INT-0004601,740,CMP-0012,22 Aug 2025, Impression ,NO
INT-0004602,792,CMP-0007,29 Jun 2025,Impression ,No 
INT-0004603,1318,CMP-0003,07/05/2025, Email Open , No 
INT-0004604,10,CMP-0002,12-05-2025,email open,YES
INT-0004605,758,CMP-0025,17/11/2025,TRIAL SIGNUP,YES
INT-0004606,1253,CMP-0022,03-05-2025, Impression ,yes
INT-0004607,491,CMP-0007,30-09-2025,Website Visit,no
INT-0004608,103,CMP-0012,28 Apr 2025, Email Open,No
INT-0004609,834,CMP-0016,15/09/2025,Email Open ,no
INT-0004610,414,CMP-0004,24 Mar 2025,WEBSITE VISIT, No
INT-0004611,1311,CMP-0011,09 Feb 2025, Website Visit,no
INT-0004612,1261,CMP-0011,2025-09-14,EMAIL OPEN,no
INT-0004613,1399,CMP-0015,03-04-2025,CLICK, Yes 
INT-0004614,64,CMP-0020,2025-01-24,CLICK,No
INT-0004615,395,CMP-0023,2025-02-02,Trial Signup ,Yes
INT-0004616,629,CMP-0017,15-12-2025,DEMO REQUEST,NO
INT-0004617,1190,CMP-0012,2025-12-28,trial signup,No 
INT-0004618,798,CMP-0011,2025-03-23,IMPRESSION, No
INT-0004619,299,CMP-0030,2025-09-04,DEMO REQUEST,No
INT-0004620,1251,CMP-0016,2025-09-25,impression, No 
INT-0004621,500,,"Mar 03, 2025", Email Open ,NO
INT-0004622,420,CMP-0007,23 Sep 2025,Click, No 
INT-0004623,1387,CMP-0010,17/12/2025,click,No 
INT-0004624,861,CMP-0020,31/03/2025,CLICK,No
INT-0004625,889,CMP-0011,10/01/2025,CLICK,yes
INT-0004626,1323,CMP-0010,09/12/2025,demo request,No
INT-0004627,1368,CMP-0018,03-05-2025,Impression , No
INT-0004628,144,CMP-0004,22 Aug 2025,Trial Signup ,No
INT-0004629,27,CMP-0020,"Sep 09, 2025",EMAIL OPEN,NO
INT-0004630,624,CMP-0010,25/02/2025,WEBSITE VISIT, No
INT-0004631,402,CMP-0001,12-04-2025,Click, No
INT-0004632,729,CMP-0002,2025-01-28, Website Visit , No 
INT-0004633,278,CMP-0025,06/02/2025, Impression,No
INT-0004634,357,CMP-0008,25 Jun 2025, Impression ,no
INT-0004635,550,CMP-0029,23-02-2025,WEBSITE VISIT, No
INT-0004636,114,CMP-0008,11-01-2025,Demo Request , No
INT-0004637,85,CMP-0021,22 Oct 2025,Trial Signup, No
INT-0004638,573,CMP-0021,18/06/2025, Impression, No
INT-0004639,744,CMP-0016,15 Dec 2025,Click , No
INT-0004640,199,CMP-0014,26-01-2025,Email Open,No 
INT-0004641,1302,CMP-0001,"Apr 13, 2025",Demo Request ,no
INT-0004642,1387,CMP-0002,2025-10-22, Impression,No
INT-0004643,1219,CMP-0008,10 Feb 2025,Impression , No 
INT-0004644,1,CMP-0010,19 Sep 2025, Click , Yes 
INT-0004645,151,CMP-0004,05/12/2025, Trial Signup, No
INT-0004646,713,CMP-0005,2025-10-21, Demo Request ,NO
INT-0004647,1045,CMP-0029,16/03/2025, Demo Request , No 
INT-0004648,702,CMP-0022,11/01/2025,DEMO REQUEST,No
INT-0004649,539,CMP-0012,2025-03-15,email open,No
INT-0004650,27,CMP-0013,14 Sep 2025,click, No 
INT-0004651,742,CMP-0020,"Apr 21, 2025",click, No
INT-0004652,1426,CMP-0003,05/20/2025,Demo Request,YES
INT-0004653,1025,CMP-0019,12/22/2025,Website Visit, Yes 
INT-0004654,1228,CMP-0008,16-02-2025,trial signup, No 
INT-0004655,1006,CMP-0025,"Mar 21, 2025", Trial Signup , No
INT-0004656,1296,CMP-0025,"Jul 18, 2025",Demo Request ,NO
INT-0004657,1365,CMP-0008,19/09/2025, Trial Signup,No
INT-0004658,1086,CMP-0004,2025-07-12,Click, No 
INT-0004659,910,CMP-0010,06-05-2025,impression,Yes 
INT-0004660,1128,CMP-0004,2025-10-02, Email Open, No 
INT-0004661,1153,CMP-0024,02/07/2025,Email Open,NO
INT-0004662,1493,CMP-0006,"Mar 08, 2025",website visit,No
INT-0004663,51,CMP-0016,06-07-2025,Email Open ,Yes 
INT-0004664,1129,CMP-0017,29-04-2025,demo request,No
INT-0004665,854,CMP-0016,22-07-2025,EMAIL OPEN, No 
INT-0004666,946,CMP-0003,"Jun 17, 2025", Click, Yes
INT-0004667,303,CMP-0030,2025-07-28, Email Open,No
INT-0004668,1322,CMP-0021,25 Jun 2025,Impression , No 
INT-0004669,592,CMP-0017,22-01-2025,IMPRESSION,Yes
INT-0004670,680,CMP-0016,23/09/2025,Demo Request ,No 
INT-0004671,1368,CMP-0024,"Apr 15, 2025",Trial Signup,No 
INT-0004672,481,CMP-0012,25-08-2025,Email Open,no
INT-0004673,252,CMP-0022,"Sep 09, 2025", Demo Request,Yes 
INT-0004674,604,CMP-0007,08/08/2025,demo request,No
INT-0004675,230,CMP-0028,04 Apr 2025, Demo Request ,Yes 
INT-0004676,235,CMP-0003,2025-02-10,Trial Signup , No 
INT-0004677,1307,CMP-0023,18-09-2025,website visit,Yes 
INT-0004678,1347,CMP-0015,2025-10-28,Email Open,no
INT-0004679,79,CMP-0019,2025-12-24, Click , No
INT-0004680,1316,CMP-0010,12-04-2025, Click ,no
INT-0004681,325,CMP-0003,08/05/2025,Impression,NO
INT-0004682,79,CMP-0024,27-09-2025,email open, No
INT-0004683,137,CMP-0018,06-07-2025,Trial Signup , No 
INT-0004684,698,CMP-0012,02-02-2025, Click ,No
INT-0004685,1088,CMP-0018,2025-02-21,Trial Signup , No
INT-0004686,423,CMP-0003,06 Nov 2025,Email Open,No 
INT-0004687,368,CMP-0001,2025-01-03,IMPRESSION, No 
INT-0004688,1452,CMP-0016,19 Oct 2025,Website Visit ,no
INT-0004689,1014,CMP-0025,12/09/2025,website visit,No
INT-0004690,835,CMP-0017,17/03/2025, Website Visit , No
INT-0004691,97,CMP-0024,03/01/2025,DEMO REQUEST, No 
INT-0004692,1204,CMP-0015,03 Jul 2025,WEBSITE VISIT, Yes
INT-0004693,1253,CMP-0026,12/17/2025,Demo Request ,no
INT-0004694,1041,CMP-0013,2025-09-04,Impression, No 
INT-0004695,203,CMP-0018,10-03-2025,Website Visit,Yes
INT-0004696,136,CMP-0025,"Jul 28, 2025", Impression, No 
INT-0004697,253,CMP-0004,26-12-2025,impression,NO
INT-0004698,298,CMP-0006,07/21/2025,Email Open , No
INT-0004699,1027,CMP-0013,2025-11-20,website visit,Yes
INT-0004700,463,CMP-0011,28 Aug 2025,click, Yes
INT-0004701,113,,"Aug 03, 2025",Click , No
INT-0004702,241,CMP-0009,04-04-2025,Trial Signup ,no
INT-0004703,1320,CMP-0009,27 Aug 2025,Demo Request ,No 
INT-0004704,905,CMP-0010,14-12-2025,Website Visit ,NO
INT-0004705,1239,CMP-0015,08-02-2025,website visit,No 
INT-0004706,633,CMP-0012,2025-09-02, Impression ,yes
INT-0004707,1500,CMP-0004,"Jul 08, 2025", Demo Request , Yes 
INT-0004708,1007,CMP-0013,"Feb 20, 2025",email open, Yes
INT-0004709,88,CMP-0006,16/06/2025, Click ,no
INT-0004710,1427,CMP-0001,08/14/2025,Demo Request , No 
INT-0004711,716,CMP-0028,13-03-2025,Impression,YES
INT-0004712,835,CMP-0030,03 Oct 2025, Impression, No 
INT-0004713,884,CMP-0010,02 Feb 2025, Demo Request ,No 
INT-0004714,1297,CMP-0014,06-03-2025,impression, No
INT-0004715,487,CMP-0010,10-07-2025,Impression,Yes 
INT-0004716,1225,CMP-0019,06/03/2025, Impression ,no
INT-0004717,1345,CMP-0005,"Aug 23, 2025",CLICK, Yes 
INT-0004718,710,CMP-0004,07/22/2025,email open,NO
INT-0004719,204,CMP-0017,06-05-2025,Email Open , Yes 
INT-0004720,1377,CMP-0003,02/15/2025,IMPRESSION,No 
INT-0004721,576,CMP-0018,2025-02-22, Email Open ,NO
INT-0004722,1163,CMP-0030,18/10/2025,demo request,no
INT-0004723,626,CMP-0004,"Mar 30, 2025",CLICK,No 
INT-0004724,1006,CMP-0025,10 Dec 2025, Demo Request , Yes
INT-0004725,1117,CMP-0005,"Feb 09, 2025", Trial Signup, Yes 
INT-0004726,1163,CMP-0017,"Sep 10, 2025",demo request,No
INT-0004727,727,CMP-0029,2025-02-27, Trial Signup ,no
INT-0004728,551,CMP-0020,2025-05-15,Click ,No 
INT-0004729,215,CMP-0027,04/03/2025,Website Visit ,No
INT-0004730,247,CMP-0022,26-10-2025,Email Open ,no
INT-0004731,889,CMP-0012,2025-09-25, Impression , Yes 
INT-0004732,118,CMP-0006,2025-11-16, Demo Request , No 
INT-0004733,232,CMP-0016,04/10/2025, Impression,Yes 
INT-0004734,133,CMP-0028,"Aug 18, 2025", Trial Signup,No 
INT-0004735,470,CMP-0025,08/09/2025,WEBSITE VISIT,No
INT-0004736,791,CMP-0007,2025-04-14,trial signup,no
INT-0004737,719,CMP-0019,"Jan 27, 2025", Click, Yes
INT-0004738,1254,CMP-0024,25-03-2025,DEMO REQUEST,no
INT-0004739,562,CMP-0005,01/28/2025, Click,No 
INT-0004740,363,CMP-0022,12-08-2025, Demo Request ,No
INT-0004741,255,CMP-0023,07/08/2025,EMAIL OPEN,No 
INT-0004742,1056,CMP-0003,12/14/2025,click,yes
INT-0004743,1291,CMP-0030,07-03-2025,Email Open,No 
INT-0004744,763,CMP-0014,09/24/2025, Demo Request, No 
INT-0004745,18,CMP-0012,"Nov 08, 2025", Website Visit,No
INT-0004746,1043,CMP-0005,"Nov 24, 2025",Trial Signup, No
INT-0004747,113,,06/09/2025, Website Visit ,no
INT-0004748,189,CMP-0014,20/03/2025,Website Visit , Yes
INT-0004749,962,CMP-0023,10/08/2025,click,No 
INT-0004750,1342,CMP-0027,08/24/2025, Website Visit , No 
INT-0004751,499,CMP-0028,2025-03-16, Impression , No
INT-0004752,49,CMP-0008,07 Sep 2025,Email Open,No
INT-0004753,15,CMP-0002,29 Mar 2025, Click,no
INT-0004754,99,CMP-0017,2025-02-27,Click,no
INT-0004755,520,CMP-0002,"Jan 27, 2025", Demo Request, No 
INT-0004756,471,CMP-0018,2025-04-25,Website Visit , No 
INT-0004757,1279,CMP-0001,28-06-2025, Website Visit,yes
INT-0004758,81,CMP-0028,05-05-2025, Impression ,No 
INT-0004759,756,CMP-0011,"May 21, 2025",EMAIL OPEN, Yes
INT-0004760,1021,CMP-0024,26-04-2025, Trial Signup,No
INT-0004761,1452,CMP-0028,2025-01-13, Impression,No
INT-0004762,542,CMP-0020,08-01-2025,Email Open , No
INT-0004763,1192,CMP-0019,14 Mar 2025,Trial Signup, No 
INT-0004764,1113,CMP-0023,2025-02-15,Email Open,No
INT-0004765,323,CMP-0003,31-10-2025, Click , No 
INT-0004766,834,CMP-0004,2025-03-25,TRIAL SIGNUP, No
INT-0004767,1186,CMP-0020,06-11-2025,TRIAL SIGNUP,No
INT-0004768,553,CMP-0015,08-03-2025, Email Open ,Yes 
INT-0004769,354,CMP-0022,12/07/2025,Email Open ,NO
INT-0004770,157,CMP-0009,24/03/2025,Email Open,No
INT-0004771,16,CMP-0017,2025-09-13,Impression,no
INT-0004772,147,CMP-0017,"Jul 29, 2025",Demo Request ,Yes 
INT-0004773,128,CMP-0013,10-12-2025,website visit, No
INT-0004774,1401,CMP-0023,01/04/2025,Website Visit ,no
INT-0004775,68,CMP-0015,04-05-2025, Click ,No 
INT-0004776,1486,CMP-0001,2025-09-14,Demo Request,Yes
INT-0004777,275,CMP-0022,20-07-2025,Click,No 
INT-0004778,171,CMP-0004,06 Jul 2025,Trial Signup,NO
INT-0004779,449,CMP-0024,27-04-2025,CLICK,no
INT-0004780,1465,CMP-0013,2025-11-01, Trial Signup ,No 
INT-0004781,1483,CMP-0016,18-10-2025, Trial Signup ,Yes
INT-0004782,1451,CMP-0002,01 Sep 2025, Impression,No 
INT-0004783,1182,CMP-0018,07/29/2025, Email Open,NO
INT-0004784,756,CMP-0001,"May 09, 2025",CLICK,Yes
INT-0004785,1270,CMP-0023,01-03-2025,click,No
INT-0004786,1308,CMP-0029,2025-07-03,Demo Request,No
INT-0004787,1150,CMP-0017,11/15/2025,CLICK,No 
INT-0004788,1234,CMP-0010,04 Jun 2025,Click ,No
INT-0004789,1064,CMP-0026,"Oct 12, 2025", Demo Request ,No
INT-0004790,1167,CMP-0012,2025-11-14, Demo Request ,YES
INT-0004791,464,CMP-0015,13 Apr 2025, Trial Signup, No
INT-0004792,424,CMP-0003,"Mar 27, 2025",Website Visit, No
INT-0004793,11,CMP-0028,22 Jan 2025, Click , Yes 
INT-0004794,1337,CMP-0025,11/24/2025,Impression,no
INT-0004795,1210,CMP-0004,24/05/2025,IMPRESSION, No
INT-0004796,965,CMP-0012,2025-09-25, Impression ,no
INT-0004797,1005,CMP-0005,11/06/2025, Click,NO
INT-0004798,569,CMP-0016,20/11/2025,Email Open,NO
INT-0004799,187,CMP-0015,"Apr 14, 2025", Email Open, No 
INT-0004800,301,CMP-0029,"Jan 26, 2025",Email Open ,NO
INT-0004801,1343,CMP-0015,2025-04-26, Click,No
INT-0004802,306,CMP-0015,17-01-2025,website visit,no
INT-0004803,1352,CMP-0016,05 Sep 2025, Email Open , No
INT-0004804,1034,CMP-0021,2025-12-15,DEMO REQUEST,No
INT-0004805,214,CMP-0026,24/09/2025,trial signup,no
INT-0004806,799,CMP-0022,2025-06-19, Email Open , Yes 
INT-0004807,722,CMP-0023,06/10/2025,Website Visit ,no
INT-0004808,344,CMP-0004,07/21/2025, Trial Signup,NO
INT-0004809,1199,CMP-0006,05 Jul 2025,Impression ,No
INT-0004810,830,CMP-0023,06/02/2025, Trial Signup ,No
INT-0004811,884,CMP-0014,23 Nov 2025,trial signup, Yes
INT-0004812,276,CMP-0021,"Feb 14, 2025", Email Open,Yes 
INT-0004813,1266,CMP-0013,09 Jun 2025,email open,No 
INT-0004814,781,CMP-0023,03/24/2025,Impression,no
INT-0004815,1005,CMP-0008,19 Mar 2025, Demo Request ,No 
INT-0004816,888,CMP-0018,27/11/2025,email open, No 
INT-0004817,1338,CMP-0008,22-09-2025,Impression , No 
INT-0004818,811,CMP-0029,29/10/2025,Email Open , No
INT-0004819,1479,CMP-0018,12/23/2025,Email Open, No 
INT-0004820,1489,CMP-0011,"Apr 05, 2025", Website Visit,No
INT-0004821,1102,CMP-0013,25/03/2025, Demo Request, No
INT-0004822,310,CMP-0025,07/27/2025, Demo Request , No 
INT-0004823,1135,CMP-0027,20 Nov 2025, Website Visit , Yes 
INT-0004824,1200,CMP-0003,"Sep 15, 2025",website visit, No
INT-0004825,530,CMP-0006,17/01/2025,Trial Signup , No 
INT-0004826,1475,CMP-0023,2025-05-15,Demo Request,No
INT-0004827,1354,CMP-0008,20-02-2025,IMPRESSION, No 
INT-0004828,170,CMP-0007,11/25/2025,IMPRESSION,NO
INT-0004829,309,CMP-0020,11/02/2025,Impression, No
INT-0004830,1468,CMP-0004,08/10/2025,Website Visit,no
INT-0004831,323,CMP-0005,11/24/2025, Click,Yes 
INT-0004832,1492,CMP-0025,12/29/2025,TRIAL SIGNUP,No
INT-0004833,1241,CMP-0002,04/02/2025,DEMO REQUEST, Yes 
INT-0004834,2,CMP-0026,2025-06-09,Website Visit ,No 
INT-0004835,721,CMP-0021,"Jul 07, 2025",click,YES
INT-0004836,1396,CMP-0008,2025-01-13, Demo Request ,NO
INT-0004837,857,CMP-0011,"May 09, 2025",Demo Request ,YES
INT-0004838,999,CMP-0005,14-03-2025,Trial Signup ,No
INT-0004839,1333,CMP-0030,2025-10-26, Demo Request ,NO
INT-0004840,311,CMP-0028,"Jan 19, 2025", Impression , No
INT-0004841,85,CMP-0009,"Mar 09, 2025",Click ,No
INT-0004842,176,CMP-0018,07 Nov 2025, Click,No 
INT-0004843,1235,CMP-0006,18-03-2025,Demo Request, No
INT-0004844,120,CMP-0026,"Nov 28, 2025", Website Visit ,NO
INT-0004845,1394,CMP-0018,22/07/2025, Website Visit, No 
INT-0004846,1412,CMP-0004,07-08-2025,trial signup,Yes
INT-0004847,299,CMP-0018,05-08-2025,Email Open,No 
INT-0004848,8,CMP-0007,04-05-2025, Click , No 
INT-0004849,642,CMP-0009,05 Nov 2025,click, No
INT-0004850,709,CMP-0003,06/04/2025,CLICK,no
INT-0004851,974,,10/08/2025,CLICK, No 
INT-0004852,1255,CMP-0018,2025-12-23,DEMO REQUEST, No
INT-0004853,1145,CMP-0022,27/04/2025,DEMO REQUEST,no
INT-0004854,1077,CMP-0018,2025-01-17, Demo Request ,yes
INT-0004855,1323,CMP-0028,07/25/2025,Trial Signup , Yes
INT-0004856,1191,CMP-0028,13/11/2025,Website Visit ,NO
INT-0004857,957,CMP-0012,08/12/2025,Demo Request, No
INT-0004858,248,CMP-0003,26-04-2025,EMAIL OPEN, No
INT-0004859,271,CMP-0002,"Mar 24, 2025", Demo Request,NO
INT-0004860,1401,CMP-0015,30-06-2025,DEMO REQUEST,NO
INT-0004861,49,CMP-0030,23-11-2025, Demo Request,no
INT-0004862,891,,17 Aug 2025,Website Visit,yes
INT-0004863,557,CMP-0003,"Feb 06, 2025",Trial Signup ,no
INT-0004864,1462,CMP-0011,2025-01-21,Impression ,No 
INT-0004865,980,CMP-0022,24/05/2025, Click , No
INT-0004866,381,CMP-0020,03-08-2025,Email Open,NO
INT-0004867,849,CMP-0013,23 Apr 2025,Click,No
INT-0004868,467,CMP-0021,2025-11-07,Impression,no
INT-0004869,1448,CMP-0021,2025-07-09, Website Visit, No 
INT-0004870,829,CMP-0012,02/09/2025, Demo Request, No 
INT-0004871,1061,CMP-0002,"Dec 16, 2025", Email Open, No 
INT-0004872,1487,CMP-0012,"Aug 13, 2025", Email Open,no
INT-0004873,1180,CMP-0027,"May 02, 2025",Trial Signup ,no
INT-0004874,78,CMP-0007,"Jul 13, 2025",WEBSITE VISIT,NO
INT-0004875,1112,CMP-0014,23-11-2025,click,No 
INT-0004876,448,CMP-0004,09-09-2025, Website Visit , No 
INT-0004877,1048,CMP-0025,01/08/2025,Email Open , No
INT-0004878,496,CMP-0009,16 Sep 2025,Click,Yes
INT-0004879,234,CMP-0008,21/02/2025, Click,No 
INT-0004880,56,CMP-0003,30/07/2025,Trial Signup,No 
INT-0004881,1252,CMP-0028,"Aug 30, 2025",Demo Request , No 
INT-0004882,784,CMP-0019,30/05/2025,demo request,No
INT-0004883,111,CMP-0012,17 Feb 2025,CLICK, No 
INT-0004884,1217,CMP-0011,27 Oct 2025, Click ,No
INT-0004885,1496,CMP-0001,"Mar 19, 2025",Email Open,NO
INT-0004886,504,CMP-0008,05/17/2025,Click ,Yes
INT-0004887,1441,CMP-0006,22-08-2025,Trial Signup,No 
INT-0004888,1248,CMP-0019,25 Jul 2025, Website Visit, Yes 
INT-0004889,1021,CMP-0013,25 Jan 2025,email open, No
INT-0004890,1489,CMP-0027,01/28/2025, Click,No
INT-0004891,939,CMP-0028,2025-01-18, Impression ,no
INT-0004892,325,CMP-0018,20/08/2025,TRIAL SIGNUP,NO
INT-0004893,1095,CMP-0029,2025-12-30,Click ,NO
INT-0004894,213,CMP-0008,"Jun 04, 2025", Website Visit ,YES
INT-0004895,709,CMP-0019,2025-03-24,WEBSITE VISIT, No 
INT-0004896,986,CMP-0011,03/11/2025, Email Open,NO
INT-0004897,1080,CMP-0014,2025-07-25,impression, No
INT-0004898,920,CMP-0004,11/08/2025,impression,No
INT-0004899,1328,CMP-0013,2025-05-15, Impression,yes
INT-0004900,574,CMP-0008,"Mar 02, 2025", Trial Signup, No
INT-0004901,808,CMP-0013,2025-11-16,Website Visit ,no
INT-0004902,1467,CMP-0027,06/08/2025, Email Open ,No
INT-0004903,1370,CMP-0013,2025-01-03,Impression, No 
INT-0004904,576,CMP-0004,2025-09-24,Click ,No
INT-0004905,436,CMP-0029,25-07-2025, Demo Request,yes
INT-0004906,1200,CMP-0025,"Jun 04, 2025",website visit, No
INT-0004907,496,CMP-0004,08/04/2025, Demo Request , No 
INT-0004908,1264,CMP-0030,18-05-2025,Click , No
INT-0004909,1185,CMP-0016,"May 22, 2025",Impression ,no
INT-0004910,1280,CMP-0022,2025-04-17, Website Visit , No
INT-0004911,666,CMP-0016,2025-05-19,Trial Signup ,NO
INT-0004912,596,CMP-0004,2025-10-01,email open,No 
INT-0004913,180,CMP-0015,"Jan 21, 2025",Website Visit,No 
INT-0004914,746,CMP-0018,12/10/2025,WEBSITE VISIT, No 
INT-0004915,1474,CMP-0026,"Dec 04, 2025",Website Visit , No
INT-0004916,1021,CMP-0007,17-06-2025, Trial Signup,No
INT-0004917,1081,CMP-0021,06/09/2025,EMAIL OPEN,Yes
INT-0004918,340,CMP-0019,29-03-2025,EMAIL OPEN,No 
INT-0004919,800,CMP-0010,18-07-2025,Website Visit, No
INT-0004920,441,CMP-0016,2025-08-28,CLICK, No
INT-0004921,416,CMP-0020,03-03-2025, Website Visit ,Yes 
INT-0004922,812,CMP-0002,"May 14, 2025",CLICK,No 
INT-0004923,1431,CMP-0017,11/07/2025, Trial Signup ,NO
INT-0004924,1177,CMP-0023,2025-12-02, Trial Signup,No 
INT-0004925,615,CMP-0017,19 Jul 2025,Website Visit , No
INT-0004926,492,CMP-0018,25-11-2025, Website Visit, Yes 
INT-0004927,373,CMP-0005,"Nov 07, 2025",Website Visit,yes
INT-0004928,746,CMP-0008,"Oct 08, 2025",Demo Request, No 
INT-0004929,1500,CMP-0014,2025-11-19,Email Open,Yes
INT-0004930,379,CMP-0020,07/11/2025,Email Open ,No 
INT-0004931,698,CMP-0015,11/02/2025, Email Open,No
INT-0004932,113,CMP-0024,10-12-2025, Click ,NO
INT-0004933,337,CMP-0024,12 Mar 2025,demo request,No
INT-0004934,815,CMP-0027,12 Aug 2025,demo request,NO
INT-0004935,1315,CMP-0010,01/03/2025, Email Open ,NO
INT-0004936,145,CMP-0009,2025-02-25,CLICK,yes
INT-0004937,636,CMP-0025,02/21/2025, Email Open ,NO
INT-0004938,980,CMP-0012,07/26/2025, Click,no
INT-0004939,746,CMP-0023,"Jul 15, 2025", Click, No
INT-0004940,359,CMP-0017,"Jan 13, 2025",Website Visit , No
INT-0004941,195,CMP-0005,2025-01-08,impression, Yes 
INT-0004942,1374,CMP-0019,20-05-2025, Website Visit,No 
INT-0004943,1086,CMP-0006,20/03/2025, Demo Request ,no
INT-0004944,1268,CMP-0009,08-07-2025,Website Visit,No 
INT-0004945,1189,CMP-0007,"Oct 13, 2025", Trial Signup ,No 
INT-0004946,618,CMP-0018,04/07/2025, Trial Signup ,YES
INT-0004947,531,CMP-0015,07/05/2025,Email Open ,no
INT-0004948,209,CMP-0017,03/12/2025, Click,Yes 
INT-0004949,319,CMP-0025,2025-10-22,Trial Signup, No
INT-0004950,199,CMP-0018,06/01/2025,Trial Signup ,No
INT-0004951,218,CMP-0009,30-05-2025,Website Visit, No
INT-0004952,1368,CMP-0002,2025-09-08,Impression, No 
INT-0004953,907,CMP-0010,16 Mar 2025,Trial Signup , Yes 
INT-0004954,1196,CMP-0007,14-04-2025,CLICK,yes
INT-0004955,893,CMP-0002,2025-08-18,Website Visit ,NO
INT-0004956,1391,CMP-0011,15 Mar 2025,demo request,No 
INT-0004957,1003,CMP-0014,22 Dec 2025,CLICK,Yes 
INT-0004958,358,CMP-0004,26-03-2025, Email Open , Yes 
INT-0004959,363,CMP-0027,03 Nov 2025,website visit,No 
INT-0004960,1155,CMP-0027,"Dec 20, 2025",CLICK, No
INT-0004961,1141,CMP-0016,05/28/2025,Trial Signup,No
INT-0004962,74,CMP-0030,12/07/2025,Email Open,No 
INT-0004963,1420,CMP-0008,2025-03-13,Trial Signup ,NO
INT-0004964,678,CMP-0030,"Oct 26, 2025", Email Open , No
INT-0004965,750,CMP-0017,13 Oct 2025,Impression,No
INT-0004966,439,CMP-0017,2025-06-09, Trial Signup ,NO
INT-0004967,659,CMP-0002,2025-05-15,Demo Request,NO
INT-0004968,919,CMP-0021,2025-08-05,TRIAL SIGNUP,NO
INT-0004969,763,CMP-0019,11-12-2025,Click ,No
INT-0004970,1115,CMP-0025,03-12-2025, Email Open, Yes 
INT-0004971,317,CMP-0022,02 Nov 2025,Demo Request, No 
INT-0004972,871,CMP-0025,19/03/2025,Demo Request ,No
INT-0004973,644,,2025-02-12,Trial Signup ,NO
INT-0004974,288,CMP-0011,2025-06-11, Impression,YES
INT-0004975,422,CMP-0029,2025-11-20,CLICK, No 
INT-0004976,1090,CMP-0023,12/23/2025, Demo Request,Yes
INT-0004977,626,CMP-0004,29 Sep 2025,Impression, No
INT-0004978,750,CMP-0001,"Jul 30, 2025",Impression ,YES
INT-0004979,1496,CMP-0013,02 Jul 2025,DEMO REQUEST, No
INT-0004980,709,CMP-0001,2025-06-02,Click ,NO
INT-0004981,486,CMP-0002,02 Mar 2025,CLICK,no
INT-0004982,227,CMP-0015,06/19/2025,Website Visit , No
INT-0004983,126,CMP-0015,"Sep 27, 2025", Email Open,No 
INT-0004984,1481,CMP-0022,2025-10-05,Click ,NO
INT-0004985,728,CMP-0008,2025-09-15, Demo Request,no
INT-0004986,103,CMP-0029,08/30/2025,EMAIL OPEN,YES
INT-0004987,748,CMP-0020,29 Nov 2025,Website Visit,No
INT-0004988,182,CMP-0017,"Aug 26, 2025", Demo Request ,No 
INT-0004989,71,CMP-0013,03/27/2025,Trial Signup, No
INT-0004990,578,CMP-0010,19 Sep 2025,Email Open ,YES
INT-0004991,1048,CMP-0020,2025-07-25,Click,No 
INT-0004992,1092,CMP-0029,"Feb 09, 2025",Email Open ,No 
INT-0004993,1433,CMP-0026,14/06/2025,TRIAL SIGNUP,no
INT-0004994,259,CMP-0009,2025-02-21,DEMO REQUEST,no
INT-0004995,1384,CMP-0018,04-06-2025, Demo Request, No
INT-0004996,1055,CMP-0026,2025-04-07, Trial Signup ,No 
INT-0004997,179,CMP-0007,23/10/2025, Demo Request,No 
INT-0004998,129,CMP-0007,16 Feb 2025, Click,No 
INT-0004999,759,CMP-0022,01/05/2025,CLICK, Yes 
INT-0005000,310,CMP-0023,11/10/2025,impression,yes
INT-0005001,683,CMP-0002,08/29/2025, Trial Signup,No
INT-0005002,571,CMP-0021,20 May 2025, Click ,NO
INT-0005003,1352,CMP-0015,11-05-2025,Click ,No 
INT-0005004,1449,CMP-0009,"Feb 28, 2025",click,no
INT-0005005,580,CMP-0022,29 Nov 2025,Website Visit,No
INT-0005006,1408,CMP-0030,15-01-2025,email open,Yes
INT-0005007,449,CMP-0015,19/02/2025, Click ,YES
INT-0005008,487,CMP-0024,30 May 2025,Trial Signup ,NO
INT-0005009,1463,CMP-0006,08/27/2025,Trial Signup , No 
INT-0005010,349,CMP-0008,"Jul 13, 2025", Demo Request, No
INT-0005011,1358,CMP-0027,2025-07-02,impression,No
INT-0005012,926,CMP-0010,13 May 2025,Email Open,NO
INT-0005013,152,CMP-0016,13-10-2025, Website Visit ,No
INT-0005014,888,CMP-0007,21/11/2025, Website Visit , No 
INT-0005015,753,CMP-0026,"Jan 26, 2025", Trial Signup,no
INT-0005016,972,CMP-0007,12/24/2025,DEMO REQUEST, No
INT-0005017,451,CMP-0027,"Sep 05, 2025", Email Open,No
INT-0005018,1121,CMP-0025,10/23/2025, Demo Request, No 
INT-0005019,324,CMP-0030,2025-01-02,Demo Request , No
INT-0005020,554,CMP-0012,18/11/2025, Impression,NO
INT-0005021,762,CMP-0015,01/06/2025,click, No
INT-0005022,897,CMP-0029,23 May 2025,EMAIL OPEN, No 
INT-0005023,573,CMP-0017,07-05-2025, Impression,yes
INT-0005024,10,CMP-0026,"Sep 30, 2025", Impression,No
INT-0005025,1361,CMP-0030,25 Apr 2025,TRIAL SIGNUP,No
INT-0005026,606,CMP-0022,09 Sep 2025,DEMO REQUEST,no
INT-0005027,1318,CMP-0005,06/08/2025,Trial Signup, No
INT-0005028,1008,CMP-0026,"Oct 26, 2025",trial signup, No
INT-0005029,29,CMP-0011,"May 30, 2025",click,NO
INT-0005030,1031,CMP-0030,06 Jan 2025, Impression ,No 
INT-0005031,1499,CMP-0003,09/28/2025, Email Open ,No 
INT-0005032,222,CMP-0017,26 Jul 2025, Trial Signup, No 
INT-0005033,907,CMP-0021,"Aug 24, 2025",Trial Signup , No
INT-0005034,821,CMP-0014,2025-09-06,IMPRESSION,No 
INT-0005035,277,CMP-0022,11/05/2025,IMPRESSION,Yes
INT-0005036,487,CMP-0009,27 Oct 2025, Demo Request ,No
INT-0005037,912,CMP-0019,2025-03-09,TRIAL SIGNUP,NO
INT-0005038,1048,CMP-0019,25-03-2025,website visit,No
INT-0005039,232,CMP-0014,25/02/2025,EMAIL OPEN,NO
INT-0005040,633,CMP-0012,04/09/2025,Website Visit,Yes 
INT-0005041,980,CMP-0018,27/08/2025,Click, No
INT-0005042,505,CMP-0002,23/01/2025, Click ,Yes 
INT-0005043,1264,CMP-0022,2025-10-23,DEMO REQUEST, Yes
INT-0005044,1276,CMP-0004,26/09/2025, Trial Signup , Yes
INT-0005045,265,CMP-0020,08/22/2025,Trial Signup , Yes 
INT-0005046,745,CMP-0025,28 May 2025,trial signup,no
INT-0005047,217,CMP-0023,"Aug 20, 2025",Impression , No
INT-0005048,997,CMP-0026,12 Aug 2025, Website Visit,Yes 
INT-0005049,969,CMP-0006,29-11-2025, Website Visit ,No 
INT-0005050,638,CMP-0005,22-06-2025, Trial Signup,NO
INT-0005051,622,CMP-0025,05/06/2025, Trial Signup ,yes
INT-0005052,30,CMP-0015,04-07-2025, Email Open ,No 
INT-0005053,1025,CMP-0015,29-06-2025,Demo Request, Yes 
INT-0005054,771,CMP-0015,15/10/2025,click,YES
INT-0005055,909,CMP-0021,12/18/2025,click,No
INT-0005056,1498,,06-07-2025,Email Open ,YES
INT-0005057,988,CMP-0021,"Jan 16, 2025",Impression ,NO
INT-0005058,262,CMP-0015,07-06-2025,Demo Request,NO
INT-0005059,127,CMP-0011,11-03-2025,Website Visit ,No
INT-0005060,1005,CMP-0025,09/06/2025, Trial Signup ,No 
INT-0005061,612,CMP-0012,04 Jun 2025, Demo Request,Yes
INT-0005062,1116,CMP-0027,07 May 2025,Trial Signup,No 
INT-0005063,1383,CMP-0019,24-12-2025,demo request,NO
INT-0005064,730,CMP-0030,17/02/2025, Email Open , No
INT-0005065,577,CMP-0007,31-10-2025,Demo Request ,No
INT-0005066,102,CMP-0007,"Oct 06, 2025", Impression, No 
INT-0005067,579,CMP-0021,2025-05-06,Demo Request,YES
INT-0005068,1405,CMP-0019,15/05/2025, Email Open, No
INT-0005069,549,CMP-0021,"Dec 28, 2025",IMPRESSION,yes
INT-0005070,347,CMP-0017,05/05/2025, Website Visit,Yes
INT-0005071,787,CMP-0015,2025-02-19, Demo Request, Yes 
INT-0005072,629,CMP-0023,"Dec 25, 2025", Trial Signup , No
INT-0005073,1096,CMP-0013,"Sep 16, 2025",IMPRESSION, No 
INT-0005074,625,CMP-0029,19/11/2025,EMAIL OPEN, Yes
INT-0005075,701,CMP-0017,2025-07-14,impression, No
INT-0005076,1061,CMP-0013,01/30/2025,Email Open ,No
INT-0005077,1174,CMP-0025,13 Apr 2025,DEMO REQUEST, No 
INT-0005078,728,CMP-0002,05-06-2025,impression,NO
INT-0005079,37,CMP-0014,16 Apr 2025,Trial Signup,No
INT-0005080,569,CMP-0006,26/03/2025,Demo Request,No
INT-0005081,635,CMP-0011,2025-12-25,email open, No
INT-0005082,804,CMP-0009,12/22/2025, Website Visit, No 
INT-0005083,550,CMP-0030,"Feb 18, 2025",TRIAL SIGNUP,No 
INT-0005084,1263,CMP-0020,24 Sep 2025,Trial Signup ,no
INT-0005085,1455,CMP-0009,29 Jul 2025,Impression ,NO
INT-0005086,1006,CMP-0016,"Dec 17, 2025",website visit, No
INT-0005087,598,CMP-0016,05/30/2025,demo request,Yes 
INT-0005088,1048,CMP-0026,2025-04-06, Click ,No
INT-0005089,363,CMP-0021,"Sep 08, 2025", Impression, No
INT-0005090,858,CMP-0024,2025-08-26,Website Visit ,YES
INT-0005091,710,CMP-0024,"Apr 06, 2025",website visit,No 
INT-0005092,241,CMP-0005,"Dec 11, 2025",trial signup,Yes 
INT-0005093,1378,CMP-0026,09/17/2025,TRIAL SIGNUP, No
INT-0005094,99,CMP-0008,05-06-2025, Email Open,NO
INT-0005095,662,CMP-0015,09/25/2025,Impression ,No 
INT-0005096,1241,CMP-0028,"Sep 12, 2025",IMPRESSION,No 
INT-0005097,146,CMP-0023,"Aug 17, 2025",CLICK,YES
INT-0005098,138,CMP-0017,2025-02-04,TRIAL SIGNUP,NO
INT-0005099,1329,CMP-0015,06/04/2025,Impression ,no
INT-0005100,135,CMP-0008,"Jul 21, 2025", Trial Signup ,No 
INT-0005101,762,CMP-0026,"Aug 25, 2025",Email Open , Yes
INT-0005102,203,CMP-0014,27-08-2025, Impression , No 
INT-0005103,420,CMP-0001,03/01/2025,demo request,No 
INT-0005104,553,CMP-0019,2025-09-23,Click , No 
INT-0005105,722,CMP-0010,02-01-2025,TRIAL SIGNUP,YES
INT-0005106,342,CMP-0027,05/09/2025,Website Visit,Yes 
INT-0005107,223,CMP-0022,04 Jul 2025, Trial Signup, No 
INT-0005108,200,CMP-0020,"Aug 24, 2025", Email Open ,NO
INT-0005109,1300,CMP-0001,04/28/2025,WEBSITE VISIT,No
INT-0005110,968,CMP-0004,15/05/2025,Trial Signup ,No 
INT-0005111,568,CMP-0009,07 Apr 2025,Website Visit,NO
INT-0005112,1266,CMP-0005,21/12/2025,TRIAL SIGNUP, No 
INT-0005113,1332,CMP-0011,06 Apr 2025,click,Yes
INT-0005114,121,CMP-0021,19-05-2025,EMAIL OPEN,no
INT-0005115,998,CMP-0003,2025-03-01,Impression, No
INT-0005116,381,CMP-0010,2025-04-29,Website Visit,No 
INT-0005117,853,CMP-0020,"Jul 19, 2025", Demo Request , Yes
INT-0005118,754,CMP-0003,03-08-2025,demo request,NO
INT-0005119,799,CMP-0002,19/02/2025,Impression,no
INT-0005120,1438,CMP-0016,05/02/2025, Trial Signup,NO
INT-0005121,171,CMP-0022,"Apr 21, 2025",Email Open ,no
INT-0005122,1349,CMP-0001,"Feb 24, 2025",Trial Signup,no
INT-0005123,1350,CMP-0012,2025-04-23,Demo Request, No 
INT-0005124,156,CMP-0020,17-04-2025,Trial Signup,Yes
INT-0005125,1297,CMP-0017,"Dec 10, 2025", Demo Request, No 
INT-0005126,674,CMP-0014,12/24/2025, Website Visit , No
INT-0005127,1030,CMP-0027,"Mar 16, 2025", Email Open ,NO
INT-0005128,931,CMP-0021,"Nov 14, 2025", Click, No 
INT-0005129,775,CMP-0002,22-02-2025,Demo Request ,No
INT-0005130,179,CMP-0009,"Aug 19, 2025", Email Open, No
INT-0005131,1299,CMP-0023,13 Jun 2025,TRIAL SIGNUP,No 
INT-0005132,230,CMP-0023,"Jan 13, 2025",email open, No 
INT-0005133,1270,CMP-0012,15/06/2025,Demo Request ,no
INT-0005134,1325,CMP-0025,24 May 2025,demo request,NO
INT-0005135,855,CMP-0013,12/20/2025,click, No
INT-0005136,1350,CMP-0023,11/12/2025, Demo Request, Yes 
INT-0005137,61,CMP-0025,09/17/2025, Email Open ,No 
INT-0005138,11,CMP-0005,08-05-2025,WEBSITE VISIT,Yes
INT-0005139,1175,CMP-0008,"Sep 10, 2025",Trial Signup,No
INT-0005140,376,CMP-0015,31/08/2025,impression,No
INT-0005141,125,CMP-0004,27-03-2025,Trial Signup ,NO
INT-0005142,564,CMP-0009,24/01/2025, Demo Request,NO
INT-0005143,490,CMP-0005,12-08-2025,TRIAL SIGNUP,NO
INT-0005144,977,CMP-0025,"Mar 09, 2025",Impression,Yes 
INT-0005145,99,CMP-0028,18/10/2025,Demo Request ,no
INT-0005146,1058,CMP-0021,02/16/2025,demo request,no
INT-0005147,330,CMP-0027,21/07/2025, Website Visit,No
INT-0005148,1271,CMP-0008,13/10/2025, Email Open,yes
INT-0005149,754,CMP-0002,05/15/2025,impression,No
INT-0005150,1427,CMP-0009,23/08/2025,Email Open, No
INT-0005151,2,CMP-0013,13/01/2025,Demo Request, No
INT-0005152,817,CMP-0029,"Jan 25, 2025",demo request,No 
INT-0005153,857,CMP-0025,17/06/2025, Click ,no
INT-0005154,1261,CMP-0029,05/04/2025,IMPRESSION, No 
INT-0005155,49,CMP-0028,2025-11-01, Click,NO
INT-0005156,1397,CMP-0019,2025-11-16, Demo Request , No 
INT-0005157,99,CMP-0022,10/13/2025,Email Open ,NO
INT-0005158,1047,CMP-0014,2025-02-05,Demo Request ,NO
INT-0005159,368,CMP-0012,"Oct 03, 2025",DEMO REQUEST,No
INT-0005160,260,CMP-0026,"Apr 07, 2025",Impression ,Yes
INT-0005161,191,CMP-0017,03 Sep 2025,click, Yes 
INT-0005162,523,CMP-0006,19 Nov 2025,WEBSITE VISIT,Yes 
INT-0005163,549,CMP-0014,2025-12-06,Trial Signup,no
INT-0005164,11,CMP-0007,11/13/2025,DEMO REQUEST,NO
INT-0005165,82,CMP-0027,2025-11-13,Trial Signup,NO
INT-0005166,299,CMP-0014,"Aug 12, 2025",Trial Signup, No 
INT-0005167,727,CMP-0029,14/06/2025,email open,NO
INT-0005168,607,CMP-0017,21-08-2025, Impression,no
INT-0005169,1202,CMP-0022,10/04/2025,impression,No 
INT-0005170,336,,04/01/2025,Email Open ,NO
INT-0005171,601,CMP-0008,30 Jan 2025,IMPRESSION, No 
INT-0005172,778,CMP-0006,06/21/2025,WEBSITE VISIT,No
INT-0005173,16,CMP-0023,"Sep 11, 2025", Click ,No
INT-0005174,1013,CMP-0005,2025-11-12,Email Open ,no
INT-0005175,296,CMP-0007,02 Nov 2025,Demo Request ,No
INT-0005176,1069,CMP-0010,12/22/2025, Demo Request ,yes
INT-0005177,949,CMP-0030,12/07/2025,Click ,NO
INT-0005178,1119,CMP-0016,01 Nov 2025,demo request, Yes
INT-0005179,497,CMP-0008,16-07-2025, Website Visit , No
INT-0005180,1293,CMP-0010,"Jan 26, 2025",Email Open ,Yes
INT-0005181,279,CMP-0004,"Jun 26, 2025",Click,NO
INT-0005182,998,CMP-0018,07/09/2025,Impression,No
INT-0005183,806,CMP-0004,10/30/2025, Website Visit ,NO
INT-0005184,584,CMP-0014,26 Feb 2025,impression, No 
INT-0005185,1159,CMP-0028,23-11-2025,Email Open ,NO
INT-0005186,466,CMP-0030,"May 11, 2025", Impression, Yes 
INT-0005187,629,CMP-0023,2025-11-26,Email Open ,YES
INT-0005188,1500,CMP-0004,11/04/2025,DEMO REQUEST, No 
INT-0005189,791,CMP-0026,"Oct 24, 2025",impression,no
INT-0005190,696,CMP-0007,"Mar 20, 2025",Email Open, No 
INT-0005191,1046,CMP-0001,"Oct 09, 2025",Click, No 
INT-0005192,1368,CMP-0021,2025-08-17,Impression ,Yes
INT-0005193,593,CMP-0005,2025-04-07, Impression , No
INT-0005194,793,CMP-0006,2025-03-16, Impression,NO
INT-0005195,635,CMP-0030,06/16/2025,Trial Signup,No
INT-0005196,273,CMP-0030,18 Jul 2025,CLICK, No 
INT-0005197,104,CMP-0004,08/05/2025, Email Open, No
INT-0005198,885,CMP-0014,23-12-2025, Impression ,no
INT-0005199,1020,CMP-0025,19 Sep 2025,click, No
INT-0005200,1153,CMP-0009,2025-10-22,click,No
INT-0005201,1413,CMP-0025,13 Aug 2025,demo request,YES
INT-0005202,1127,CMP-0009,2025-09-16,DEMO REQUEST, No
INT-0005203,1275,CMP-0017,04/23/2025,Demo Request,no
INT-0005204,746,CMP-0022,13 Sep 2025,EMAIL OPEN,No 
INT-0005205,1253,CMP-0024,"Jun 18, 2025",impression, No
INT-0005206,7,CMP-0002,17 Feb 2025,click,Yes
INT-0005207,904,CMP-0004,2025-07-16, Website Visit,No 
INT-0005208,1426,CMP-0027,2025-09-21,WEBSITE VISIT,YES
INT-0005209,937,CMP-0004,29-07-2025,Email Open ,no
INT-0005210,155,CMP-0003,04/08/2025, Trial Signup ,Yes 
INT-0005211,1019,CMP-0014,2025-04-28,email open, No
INT-0005212,864,CMP-0018,2025-08-14,IMPRESSION, No
INT-0005213,1141,CMP-0007,17-12-2025, Website Visit , No
INT-0005214,770,CMP-0014,10/03/2025, Impression , No 
INT-0005215,675,CMP-0003,15/04/2025,Website Visit,No
INT-0005216,115,CMP-0007,12 Aug 2025,demo request,no
INT-0005217,1224,CMP-0024,03 Oct 2025, Impression , No 
INT-0005218,1299,CMP-0026,16 Dec 2025,website visit, No
INT-0005219,26,CMP-0021,12/12/2025, Click,no
INT-0005220,747,CMP-0009,29-08-2025, Demo Request , No 
INT-0005221,1482,CMP-0002,30/01/2025,IMPRESSION,No
INT-0005222,1420,CMP-0021,2025-12-15,Email Open, No
INT-0005223,800,CMP-0011,07/11/2025,CLICK, No
INT-0005224,69,CMP-0024,"May 05, 2025",IMPRESSION, No 
INT-0005225,834,CMP-0010,"Jul 20, 2025", Click,no
INT-0005226,787,CMP-0022,2025-09-11,Impression, No
INT-0005227,375,CMP-0028,10-05-2025, Impression , No 
INT-0005228,1107,CMP-0001,30-08-2025,Trial Signup , No
INT-0005229,785,CMP-0015,17-02-2025, Impression,No
INT-0005230,570,CMP-0003,18 Jun 2025,Impression ,no
INT-0005231,278,CMP-0008,13 Aug 2025, Click , No 
INT-0005232,604,CMP-0023,29/06/2025,DEMO REQUEST,yes
INT-0005233,1200,CMP-0009,2025-02-11, Trial Signup,Yes 
INT-0005234,991,CMP-0012,20-06-2025,website visit,yes
INT-0005235,724,CMP-9021,01/27/2025, Trial Signup, No
INT-0005236,701,CMP-0015,02 Mar 2025,demo request,NO
INT-0005237,952,CMP-0019,23/06/2025,Website Visit,No 
INT-0005238,791,CMP-0010,08/09/2025,click,NO
INT-0005239,692,CMP-0030,2025-03-12, Demo Request ,no
INT-0005240,859,CMP-0011,13-06-2025, Click ,no
INT-0005241,752,CMP-0021,"Oct 08, 2025",email open, No 
INT-0005242,1331,CMP-0025,"Feb 27, 2025",Demo Request,Yes
INT-0005243,187,CMP-0026,"Sep 01, 2025",IMPRESSION,No
INT-0005244,1228,CMP-0026,22 Jan 2025, Email Open ,Yes
INT-0005245,734,CMP-0020,26/06/2025, Demo Request, No 
INT-0005246,1380,CMP-0005,01 Dec 2025, Click, No
INT-0005247,930,CMP-0003,2025-04-14, Website Visit,No 
INT-0005248,95,CMP-0030,12 Mar 2025,Impression,No
INT-0005249,1088,CMP-0015,2025-09-11, Trial Signup,NO
INT-0005250,375,CMP-0021,01/03/2025, Demo Request,No 
INT-0005251,747,CMP-0012,17/06/2025,Click, Yes
INT-0005252,1233,CMP-0018,28-08-2025,IMPRESSION,Yes
INT-0005253,510,CMP-0007,12-04-2025,Email Open,No 
INT-0005254,537,CMP-0021,2025-11-12,EMAIL OPEN,No
INT-0005255,1465,CMP-0005,10/11/2025, Impression,No
INT-0005256,86,CMP-0021,23-10-2025,DEMO REQUEST, No 
INT-0005257,1054,CMP-0001,09/02/2025,email open, No
INT-0005258,431,CMP-0019,"Jul 01, 2025", Email Open,No
INT-0005259,630,CMP-0004,10/21/2025,DEMO REQUEST,yes
INT-0005260,1123,CMP-0008,"Jun 22, 2025",Website Visit, Yes
INT-0005261,351,CMP-0027,18/11/2025, Demo Request,No
INT-0005262,1214,CMP-0009,06/11/2025, Trial Signup,No 
INT-0005263,1188,CMP-0025,2025-08-12,email open, No 
INT-0005264,484,CMP-0019,2025-04-14,Click, No 
INT-0005265,1180,CMP-0028,2025-03-06, Click,no
INT-0005266,368,CMP-0012,08-10-2025,CLICK, No
INT-0005267,429,CMP-0015,06 Jun 2025,Demo Request ,no
INT-0005268,856,CMP-0018,11/12/2025,Email Open ,Yes
INT-0005269,1491,CMP-0017,03/05/2025,Demo Request, Yes 
INT-0005270,211,CMP-0018,24/12/2025, Trial Signup,No 
INT-0005271,885,CMP-0022,02-03-2025,Website Visit ,no
INT-0005272,411,CMP-0007,06/05/2025,Demo Request ,Yes 
INT-0005273,205,CMP-0017,08-05-2025, Impression ,No 
INT-0005274,392,CMP-0016,11/26/2025,DEMO REQUEST,NO
INT-0005275,1380,CMP-0019,20-01-2025, Impression ,No 
INT-0005276,554,CMP-0019,28-11-2025,Demo Request ,no
INT-0005277,312,CMP-0008,2025-05-09, Demo Request,Yes 
INT-0005278,681,CMP-0016,02 Aug 2025,Trial Signup,NO
INT-0005279,753,CMP-0020,09/16/2025,trial signup,NO
INT-0005280,1097,CMP-0006,2025-11-04,website visit,no
INT-0005281,696,CMP-0029,03/07/2025, Impression ,NO
INT-0005282,291,CMP-0012,22 Aug 2025,Click, No 
INT-0005283,548,CMP-0009,09-09-2025, Demo Request , No
INT-0005284,863,CMP-0001,22 Apr 2025, Website Visit , No
INT-0005285,762,CMP-0009,16 Mar 2025,EMAIL OPEN,NO
INT-0005286,1224,CMP-0016,"Jan 20, 2025",Demo Request ,No
INT-0005287,462,CMP-0023,22/01/2025,Click, No 
INT-0005288,389,CMP-0022,"Feb 06, 2025", Impression ,No
INT-0005289,1051,CMP-0019,03/07/2025, Impression ,no
INT-0005290,134,CMP-0004,14-06-2025,Demo Request ,yes
INT-0005291,784,CMP-0002,08/02/2025,Demo Request,NO
INT-0005292,857,CMP-0024,18/09/2025,Trial Signup,Yes 
INT-0005293,763,CMP-0003,09 Dec 2025, Trial Signup,No
INT-0005294,616,CMP-0010,10/10/2025,CLICK,yes
INT-0005295,940,CMP-0007,06 Jul 2025,Demo Request,No 
INT-0005296,1029,CMP-0012,12/19/2025, Demo Request ,No 
INT-0005297,1403,CMP-0029,04/09/2025,website visit, No 
INT-0005298,700010,CMP-0002,29-04-2025, Trial Signup,No 
INT-0005299,348,CMP-0011,"Jul 21, 2025",website visit, Yes 
INT-0005300,1308,CMP-0004,02/27/2025,Trial Signup,no
INT-0005301,472,CMP-0015,04-08-2025,Website Visit , No
INT-0005302,1254,CMP-0005,16-03-2025,CLICK, Yes 
INT-0005303,763,CMP-0005,"Apr 06, 2025",email open,no
INT-0005304,585,CMP-0008,13/06/2025,click,No
INT-0005305,1479,CMP-0012,2025-11-18, Impression,no
INT-0005306,1200,CMP-0030,09/20/2025, Website Visit ,NO
INT-0005307,1093,CMP-0001,"Aug 25, 2025",Website Visit ,No
INT-0005308,517,CMP-0003,2025-03-12, Impression , No 
INT-0005309,1266,CMP-0018,06/04/2025,Demo Request,yes
INT-0005310,130,CMP-0015,"Jun 08, 2025", Trial Signup, No
INT-0005311,797,CMP-0013,06/18/2025, Impression, No
INT-0005312,1211,CMP-0008,20 Oct 2025,EMAIL OPEN, No 
INT-0005313,997,CMP-0026,"Jun 14, 2025",Demo Request,NO
INT-0005314,1312,CMP-0005,12/01/2025,Website Visit,No 
INT-0005315,1213,CMP-0003,"May 22, 2025",Website Visit,No 
INT-0005316,106,CMP-0030,07/03/2025,Impression ,NO
INT-0005317,264,CMP-0022,27 Sep 2025,Website Visit,yes
INT-0005318,1263,CMP-0012,03/17/2025, Trial Signup, No
INT-0005319,1248,CMP-0006,"Jul 01, 2025", Trial Signup ,No
INT-0005320,1053,CMP-0019,12 Dec 2025,TRIAL SIGNUP, No 
INT-0005321,354,CMP-0008,04-08-2025, Email Open, No
INT-0005322,1123,CMP-0023,2025-03-08, Website Visit, Yes 
INT-0005323,237,CMP-0002,"Jan 23, 2025",Impression ,No 
INT-0005324,1484,CMP-0005,28-01-2025,demo request, No 
INT-0005325,900,CMP-0022,26-10-2025, Click ,no
INT-0005326,1023,CMP-0008,25-12-2025,Email Open,no
INT-0005327,292,CMP-0012,19/06/2025, Website Visit , No 
INT-0005328,836,CMP-0029,"Jan 05, 2025", Impression , Yes 
INT-0005329,1044,CMP-0030,12/17/2025, Email Open, Yes 
INT-0005330,156,CMP-0025,12/17/2025, Impression,No
INT-0005331,20,CMP-0019,2025-01-09,impression,No 
INT-0005332,284,CMP-0023,03 Jul 2025,Click ,No 
INT-0005333,231,CMP-0001,08 Jan 2025,Email Open, No 
INT-0005334,1249,CMP-0002,"Jun 08, 2025",Email Open, No 
INT-0005335,1084,CMP-0003,04/03/2025, Trial Signup , No 
INT-0005336,763,CMP-0026,20 Apr 2025,Impression ,NO
INT-0005337,1480,CMP-0017,"Aug 03, 2025", Click , No 
INT-0005338,1308,CMP-0019,12-12-2025,CLICK,Yes 
INT-0005339,66,CMP-0015,07/11/2025, Impression ,Yes 
INT-0005340,1435,CMP-0011,2025-04-05, Click, No
INT-0005341,1197,CMP-0025,16-07-2025,IMPRESSION, No 
INT-0005342,997,CMP-0020,2025-11-21, Demo Request,No
INT-0005343,790,CMP-0002,01/18/2025, Website Visit, No 
INT-0005344,1167,CMP-0004,03 Jan 2025,IMPRESSION,Yes
INT-0005345,1121,CMP-0016,06/29/2025,WEBSITE VISIT, No 
INT-0005346,518,CMP-0024,25/11/2025, Trial Signup,YES
INT-0005347,290,CMP-0019,09/18/2025,demo request, No
INT-0005348,1390,CMP-0007,15-11-2025,click, Yes 
INT-0005349,250,CMP-0011,02/07/2025,Website Visit, No 
INT-0005350,441,CMP-0001,2025-12-17,Click , No
INT-0005351,1189,CMP-0029,11-12-2025,demo request,No
INT-0005352,807,CMP-0016,"Jan 22, 2025", Demo Request,NO
INT-0005353,859,CMP-0013,2025-11-26,IMPRESSION, No 
INT-0005354,686,CMP-0028,25/03/2025,Impression,NO
INT-0005355,780,CMP-0016,12-11-2025, Trial Signup , Yes
INT-0005356,1300,CMP-0004,09/18/2025,WEBSITE VISIT,NO
INT-0005357,895,CMP-0026,"Feb 16, 2025", Website Visit ,No 
INT-0005358,1415,CMP-0024,"Jun 01, 2025",Email Open, No 
INT-0005359,841,CMP-0029,05/05/2025,Click , No 
INT-0005360,205,CMP-0008,"Aug 05, 2025",Website Visit, No
INT-0005361,705,CMP-0019,2025-08-10,Demo Request ,yes
INT-0005362,1256,CMP-0014,08/10/2025,Trial Signup ,No
INT-0005363,1194,CMP-0030,29-01-2025,email open,No 
INT-0005364,738,CMP-0014,02/27/2025,Trial Signup ,Yes
INT-0005365,1466,CMP-0017,2025-03-26,Impression, No
INT-0005366,1320,CMP-0006,05 Oct 2025,Impression , Yes
INT-0005367,955,CMP-0013,22-04-2025,IMPRESSION, No
INT-0005368,1365,CMP-0011,2025-01-10, Demo Request ,YES
INT-0005369,1340,CMP-0007,05/24/2025,TRIAL SIGNUP,no
INT-0005370,1037,CMP-0003,17-09-2025, Trial Signup,no
INT-0005371,421,CMP-0006,2025-08-10, Click ,NO
INT-0005372,382,CMP-0003,21 Apr 2025, Demo Request,yes
INT-0005373,18,CMP-0022,12 Oct 2025,Impression ,NO
INT-0005374,407,CMP-0011,"Apr 13, 2025", Demo Request , No
INT-0005375,982,CMP-0014,"Apr 09, 2025", Trial Signup, No 
INT-0005376,1124,CMP-0021,03/03/2025, Website Visit , No
INT-0005377,219,CMP-0017,15 Sep 2025,demo request,Yes
INT-0005378,865,CMP-0020,02-07-2025,Website Visit , No
INT-0005379,844,CMP-0001,12/06/2025,Demo Request , No 
INT-0005380,94,CMP-0011,16-11-2025,Click ,no
INT-0005381,100,CMP-0021,12/19/2025, Website Visit , Yes
INT-0005382,1013,CMP-0010,17-07-2025, Website Visit ,Yes 
INT-0005383,1171,CMP-0020,08/21/2025,Website Visit, No 
INT-0005384,386,CMP-0016,03/10/2025,Trial Signup ,No
INT-0005385,483,CMP-0028,04/19/2025, Click,NO
INT-0005386,1098,CMP-0003,2025-02-02,Impression,no
INT-0005387,1351,CMP-0008,01-02-2025, Impression ,No 
INT-0005388,1161,CMP-0013,26-01-2025,click,no
INT-0005389,989,CMP-0019,2025-01-30,website visit, No 
INT-0005390,368,CMP-0002,08-01-2025,website visit,YES
INT-0005391,1271,CMP-0011,2025-06-17,Impression,NO
INT-0005392,242,CMP-0023,"May 22, 2025", Click, No 
INT-0005393,1377,CMP-0021,23 Jan 2025, Click ,No 
INT-0005394,451,CMP-0011,"May 13, 2025", Impression ,No 
INT-0005395,1384,CMP-0005,19/04/2025,demo request,no
INT-0005396,1304,CMP-0007,2025-07-06,Demo Request ,NO
INT-0005397,636,CMP-0029,2025-10-27,click,no
INT-0005398,158,CMP-0013,04/25/2025, Click ,No
INT-0005399,425,CMP-0024,06/14/2025,CLICK, No 
INT-0005400,1030,CMP-0013,2025-11-10,Demo Request ,No
INT-0005401,554,CMP-0009,10/05/2025,Trial Signup , No 
INT-0005402,1295,CMP-0020,"Dec 23, 2025",website visit,No
INT-0005403,420,CMP-0020,2025-02-04,Click , Yes
INT-0005404,766,CMP-0019,16/05/2025, Email Open ,No 
INT-0005405,767,CMP-0010,"Jul 07, 2025",Demo Request,No 
INT-0005406,967,CMP-0002,02/04/2025,Click,no
INT-0005407,1022,CMP-0026,03/03/2025, Trial Signup ,No
INT-0005408,1266,CMP-0001,01/25/2025,Click , No 
INT-0005409,909,CMP-0025,10/05/2025,Email Open ,NO
INT-0005410,561,CMP-0024,2025-06-16,WEBSITE VISIT,NO
INT-0005411,1093,CMP-0003,19/12/2025, Click ,no
INT-0005412,799,CMP-0016,2025-04-13,Trial Signup,NO
INT-0005413,858,CMP-0007,11/19/2025, Impression, No
INT-0005414,189,CMP-0022,2025-07-01, Trial Signup,no
INT-0005415,977,CMP-0024,03/18/2025,Click,no
INT-0005416,1224,CMP-0027,09 Sep 2025,Click,No 
INT-0005417,466,CMP-0016,21 Jul 2025, Website Visit, Yes 
INT-0005418,281,CMP-0011,2025-04-15, Trial Signup, No
INT-0005419,539,CMP-0026,2025-10-20,Impression ,NO
INT-0005420,312,CMP-0004,2025-11-16,Website Visit, No
INT-0005421,110,CMP-0024,10/24/2025,TRIAL SIGNUP, No
INT-0005422,1091,CMP-0020,18-12-2025, Click,No
INT-0005423,893,CMP-0024,04-10-2025, Email Open,YES
INT-0005424,1265,CMP-0018,2025-08-19, Email Open ,no
INT-0005425,734,CMP-0019,08 Jul 2025, Trial Signup ,no
INT-0005426,346,CMP-0023,2025-03-22,Demo Request, No 
INT-0005427,321,CMP-0019,2025-09-26,trial signup,no
INT-0005428,36,CMP-0026,26-01-2025, Click,NO
INT-0005429,199,CMP-0029,2025-04-20,Trial Signup ,NO
INT-0005430,770,CMP-0020,24-07-2025,website visit,no
INT-0005431,136,CMP-0020,29-01-2025,IMPRESSION,No
INT-0005432,1310,,14-09-2025,Demo Request, Yes 
INT-0005433,1465,CMP-0019,09/23/2025,Demo Request, No
INT-0005434,1223,CMP-0008,"Feb 13, 2025",Demo Request , No 
INT-0005435,732,CMP-0017,06-05-2025, Trial Signup , Yes
INT-0005436,453,CMP-0020,07/12/2025,Demo Request,Yes 
INT-0005437,35,CMP-9004,01/06/2025,Click,No 
INT-0005438,701,CMP-0030,16/07/2025,Impression,No
INT-0005439,1169,CMP-0030,2025-06-12,impression,No 
INT-0005440,854,CMP-0014,2025-10-17,Website Visit,No
INT-0005441,452,CMP-0003,"Jan 28, 2025",Email Open ,No
INT-0005442,482,,"Mar 26, 2025",EMAIL OPEN,No
INT-0005443,1109,CMP-0028,"May 07, 2025", Email Open,no
INT-0005444,259,CMP-0016,19/07/2025,Impression,No
INT-0005445,167,CMP-0003,17 May 2025,Impression,No 
INT-0005446,851,CMP-0024,09 Mar 2025,trial signup,no
INT-0005447,765,CMP-0007,2025-10-21, Demo Request ,No
INT-0005448,1147,CMP-0027,12 Jun 2025,Demo Request , No 
INT-0005449,172,CMP-0030,2025-08-15,CLICK,Yes
INT-0005450,262,CMP-0010,26/05/2025,Trial Signup , No
INT-0005451,881,CMP-0006,01/26/2025, Trial Signup , No
INT-0005452,975,CMP-0005,2025-11-09,Demo Request,Yes 
INT-0005453,968,CMP-0011,22/08/2025,demo request,No 
INT-0005454,822,CMP-0017,2025-03-27,Email Open, Yes
INT-0005455,1393,CMP-0011,"Jul 14, 2025", Email Open , No
INT-0005456,519,CMP-0016,2025-10-25, Click, No 
INT-0005457,33,CMP-0015,"May 29, 2025", Trial Signup,NO
INT-0005458,1080,CMP-0018,18 Dec 2025, Website Visit,No
INT-0005459,131,CMP-0002,22-09-2025,CLICK,no
INT-0005460,446,CMP-0008,12-02-2025,DEMO REQUEST,No
INT-0005461,330,CMP-0020,24/05/2025,Trial Signup,no
INT-0005462,551,CMP-0015,2025-01-21,email open, No
INT-0005463,852,CMP-0013,19 Sep 2025,Click , No 
INT-0005464,782,CMP-0015,20 Apr 2025, Trial Signup , No
INT-0005465,1320,CMP-0021,05-12-2025,CLICK, No
INT-0005466,328,CMP-0003,14/02/2025, Website Visit,NO
INT-0005467,1364,CMP-0021,23 Dec 2025, Website Visit,Yes
INT-0005468,1476,CMP-0020,22-05-2025,website visit,no
INT-0005469,1423,CMP-0006,10 May 2025, Website Visit, No 
INT-0005470,308,CMP-0015,07-01-2025,WEBSITE VISIT, No
INT-0005471,1143,CMP-0018,2025-05-25, Click,Yes 
INT-0005472,1102,CMP-0009,2025-08-13,Email Open ,No 
INT-0005473,129,CMP-0005,2025-06-13,Demo Request , No 
INT-0005474,1397,CMP-0020,28 May 2025,Website Visit ,No
INT-0005475,1127,CMP-0004,11/20/2025,CLICK, No 
INT-0005476,1225,CMP-0009,07/06/2025,website visit,Yes 
INT-0005477,469,CMP-0012,12-06-2025,CLICK,YES
INT-0005478,831,CMP-0007,2025-02-08,EMAIL OPEN,NO
INT-0005479,974,CMP-0009,23 Mar 2025,Impression, No 
INT-0005480,293,CMP-0023,02/05/2025,CLICK, No
INT-0005481,438,CMP-0003,16-03-2025,Click ,YES
INT-0005482,997,CMP-0015,20/10/2025,Click ,no
INT-0005483,345,CMP-0026,"Sep 28, 2025",IMPRESSION, No
INT-0005484,89,CMP-0027,11/19/2025,Demo Request ,NO
INT-0005485,441,CMP-0007,20/07/2025, Click,No
INT-0005486,367,CMP-0026,21/05/2025,trial signup,NO
INT-0005487,1302,CMP-0017,11/19/2025,Website Visit , No 
INT-0005488,269,CMP-0014,11-02-2025,Demo Request ,No 
INT-0005489,21,CMP-0012,12 Aug 2025, Website Visit,no
INT-0005490,1271,CMP-0020,"Jul 22, 2025",Impression, No
INT-0005491,485,CMP-0003,09/02/2025,website visit,No 
INT-0005492,1158,CMP-0009,2025-09-15,EMAIL OPEN,No 
INT-0005493,1459,CMP-0002,2025-05-11,Demo Request ,No
INT-0005494,275,CMP-0027,29/07/2025,Website Visit,No
INT-0005495,1100,CMP-0002,2025-07-30,Website Visit, No 
INT-0005496,1330,CMP-0007,2025-11-26,Click ,no
INT-0005497,717,CMP-0026,23 Nov 2025,demo request,NO
INT-0005498,1301,CMP-0016,27 Nov 2025,Click ,no
INT-0005499,1365,CMP-0010,"Aug 16, 2025", Email Open , No 
INT-0005500,689,CMP-0023,27-06-2025,CLICK,no
INT-0005501,1132,CMP-0012,05/24/2025, Click ,No 
INT-0005502,716,CMP-0027,19/06/2025,WEBSITE VISIT, No
INT-0005503,884,CMP-0008,25/01/2025, Click , No 
INT-0005504,275,CMP-0005,2025-06-10,Trial Signup,no
INT-0005505,47,CMP-0005,11/09/2025,Trial Signup,No
INT-0005506,495,CMP-0025,22/04/2025, Impression,NO
INT-0005507,201,CMP-0027,01/02/2025, Demo Request ,NO
INT-0005508,1101,CMP-0018,2025-04-22, Website Visit ,NO
INT-0005509,235,CMP-0015,19/02/2025,Email Open , No
INT-0005510,1463,CMP-0002,2025-01-08,Demo Request,NO
INT-0005511,1340,CMP-0001,16-08-2025, Click,No 
INT-0005512,269,CMP-0028,07/02/2025, Email Open , No
INT-0005513,405,CMP-0006,28/12/2025,CLICK, No
INT-0005514,949,CMP-0009,18 Jun 2025, Trial Signup , No 
INT-0005515,126,CMP-0023,17/06/2025,Click,NO
INT-0005516,105,CMP-0001,24 Jun 2025, Impression, No
INT-0005517,1176,CMP-0019,"Sep 13, 2025",IMPRESSION,No
INT-0005518,1223,CMP-0023,05/01/2025, Impression,No 
INT-0005519,1263,CMP-0029,"Dec 17, 2025",Demo Request ,No 
INT-0005520,544,CMP-0023,07-11-2025, Click, No
INT-0005521,191,CMP-0002,23-07-2025,CLICK,YES
INT-0005522,1107,CMP-0024,29-06-2025,Website Visit, No 
INT-0005523,1004,CMP-0017,05/22/2025,TRIAL SIGNUP,Yes
INT-0005524,1311,CMP-0019,04/11/2025, Trial Signup , No 
INT-0005525,998,CMP-0029,09/05/2025, Demo Request,no
INT-0005526,833,CMP-0008,"Oct 04, 2025",click,no
INT-0005527,697,CMP-0004,18/08/2025, Demo Request, No
INT-0005528,675,CMP-0021,"Sep 30, 2025",Click,No 
INT-0005529,51,CMP-0022,"Feb 02, 2025",IMPRESSION,no
INT-0005530,1419,CMP-0014,25-03-2025,Impression, No 
INT-0005531,773,CMP-0002,"Jul 29, 2025",trial signup,Yes 
INT-0005532,1318,CMP-0004,10-11-2025,trial signup,no
INT-0005533,1396,CMP-0020,2025-12-25,Trial Signup ,No
INT-0005534,160,CMP-0022,26-05-2025,EMAIL OPEN,no
INT-0005535,1406,CMP-0006,06/19/2025,click, No
INT-0005536,1113,CMP-0003,07/17/2025,Trial Signup ,NO
INT-0005537,304,CMP-0003,01/28/2025, Trial Signup , Yes 
INT-0005538,346,CMP-0004,2025-08-29, Impression , No
INT-0005539,476,CMP-0012,"Aug 05, 2025", Demo Request ,NO
INT-0005540,1068,CMP-0026,12/07/2025,impression,NO
INT-0005541,1225,CMP-0002,"Oct 28, 2025",Website Visit ,No
INT-0005542,354,CMP-0028,01-02-2025, Click,YES
INT-0005543,1073,CMP-0014,"Nov 11, 2025", Email Open, No
INT-0005544,555,CMP-0012,12/01/2025,Trial Signup, No 
INT-0005545,778,CMP-0001,10/24/2025,Demo Request ,NO
INT-0005546,223,CMP-0014,"Mar 26, 2025",Demo Request,No 
INT-0005547,1105,CMP-0013,07/11/2025,TRIAL SIGNUP,Yes
INT-0005548,1155,CMP-0005,01/26/2025,IMPRESSION, No
INT-0005549,230,CMP-0006,"Apr 14, 2025",click, No 
INT-0005550,816,CMP-0008,31/03/2025,email open,Yes
INT-0005551,982,CMP-0008,23-03-2025, Impression ,no
INT-0005552,1384,CMP-0028,"Nov 29, 2025",email open,No 
INT-0005553,139,CMP-0007,2025-05-12, Website Visit ,No
INT-0005554,285,CMP-0005,08/26/2025,trial signup,NO
INT-0005555,1137,CMP-0029,"Aug 12, 2025", Email Open ,No 
INT-0005556,289,CMP-0001,2025-04-19,website visit,No 
INT-0005557,165,CMP-0003,11/22/2025,impression,No
INT-0005558,1385,CMP-0028,26/03/2025,WEBSITE VISIT,No 
INT-0005559,487,CMP-0008,"Apr 25, 2025",Click , No 
INT-0005560,542,CMP-0028,09/01/2025, Website Visit ,Yes
INT-0005561,803,CMP-0006,02/26/2025,trial signup,yes
INT-0005562,391,CMP-0027,23/11/2025,IMPRESSION,No 
INT-0005563,1398,CMP-0019,05/14/2025, Website Visit,No 
INT-0005564,1008,CMP-0012,2025-03-04,website visit,No
INT-0005565,1250,CMP-0010,"Jan 30, 2025",EMAIL OPEN,No
INT-0005566,578,CMP-0029,20/09/2025,Website Visit,Yes 
INT-0005567,1330,CMP-0002,22-06-2025, Trial Signup ,YES
INT-0005568,375,CMP-0025,06/06/2025,DEMO REQUEST, No
INT-0005569,921,CMP-0023,2025-06-27, Trial Signup,Yes
INT-0005570,609,CMP-0005,10/14/2025,email open,NO
INT-0005571,739,CMP-0016,03 Jul 2025,IMPRESSION,NO
INT-0005572,702,CMP-0020,25/07/2025,website visit,no
INT-0005573,542,CMP-0009,22 Dec 2025,Click ,no
INT-0005574,902,CMP-0005,11 Oct 2025,Email Open, No 
INT-0005575,896,CMP-0003,2025-01-14, Impression,No
INT-0005576,260,CMP-0026,2025-04-05, Impression , No
INT-0005577,288,CMP-0006,31 Oct 2025,WEBSITE VISIT,No
INT-0005578,313,CMP-0004,11 Jul 2025,trial signup,NO
INT-0005579,38,CMP-0025,2025-03-16,trial signup, Yes
INT-0005580,771,CMP-0007,"Aug 06, 2025",Trial Signup ,NO
INT-0005581,1290,CMP-0030,2025-03-15,impression,No
INT-0005582,91,CMP-0024,05 Sep 2025,Website Visit ,Yes 
INT-0005583,1263,CMP-0020,"Jul 07, 2025",CLICK,No
INT-0005584,750,CMP-0023,19/12/2025,Impression ,no
INT-0005585,477,CMP-0026,2025-06-19,Email Open, No
INT-0005586,380,CMP-0029,"Jun 02, 2025", Trial Signup ,No
INT-0005587,1354,CMP-0023,"Jan 24, 2025", Trial Signup , Yes 
INT-0005588,254,CMP-0021,14-02-2025, Website Visit , No
INT-0005589,1296,CMP-0015,03/25/2025, Website Visit ,NO
INT-0005590,466,CMP-0029,03-03-2025,IMPRESSION,NO
INT-0005591,319,CMP-0019,"Oct 16, 2025",trial signup,Yes
INT-0005592,155,CMP-0005,21-02-2025,Demo Request,No
INT-0005593,712,CMP-0004,"May 06, 2025", Email Open, No
INT-0005594,1433,CMP-0030,31 Aug 2025,click,No 
INT-0005595,1264,CMP-0023,06/02/2025, Demo Request ,Yes 
INT-0005596,1438,CMP-0002,02/21/2025,Email Open,NO
INT-0005597,28,CMP-0001,2025-11-10,Impression ,no
INT-0005598,622,CMP-0023,09/03/2025,demo request,No
INT-0005599,79,CMP-0021,10/19/2025,Click,No
INT-0005600,1119,CMP-0023,23/07/2025, Click , No 
INT-0005601,1359,CMP-0004,"Nov 09, 2025",IMPRESSION, No
INT-0005602,1022,CMP-0017,20/09/2025, Demo Request,NO
INT-0005603,460,CMP-0020,"Jan 08, 2025",trial signup, No 
INT-0005604,1403,CMP-0002,2025-08-27,Trial Signup ,No 
INT-0005605,983,CMP-0011,22 Dec 2025,Demo Request , No
INT-0005606,1181,CMP-0020,04/02/2025,TRIAL SIGNUP,NO
INT-0005607,497,CMP-0010,2025-08-17,Website Visit ,Yes 
INT-0005608,317,CMP-0022,28/11/2025,Demo Request ,no
INT-0005609,754,CMP-0004,2025-07-13, Email Open,Yes
INT-0005610,1088,CMP-0013,26 Nov 2025,IMPRESSION,NO
INT-0005611,520,CMP-0007,2025-02-16, Click ,no
INT-0005612,908,CMP-0011,03/05/2025,Website Visit,no
INT-0005613,1238,CMP-0025,18 Jul 2025,DEMO REQUEST, No 
INT-0005614,918,CMP-0003,07/08/2025,IMPRESSION, No 
INT-0005615,1254,CMP-0004,"Feb 05, 2025", Demo Request,no
INT-0005616,1169,CMP-0003,06/09/2025,IMPRESSION,No 
INT-0005617,924,CMP-0021,01 Sep 2025,TRIAL SIGNUP, No
INT-0005618,1050,CMP-0029,01/24/2025, Impression, Yes
INT-0005619,776,CMP-0007,20/02/2025,website visit,Yes 
INT-0005620,353,CMP-0012,12/17/2025,Demo Request ,No 
INT-0005621,456,CMP-0024,06/08/2025,impression, No 
INT-0005622,313,CMP-0017,03/06/2025,Website Visit ,No 
INT-0005623,397,CMP-0016,08-03-2025,WEBSITE VISIT,No 
INT-0005624,1477,CMP-0026,"Aug 20, 2025",website visit,NO
INT-0005625,1093,CMP-0013,"Dec 13, 2025",WEBSITE VISIT,Yes
INT-0005626,1017,CMP-0007,05/20/2025, Trial Signup,no
INT-0005627,137,CMP-0005,03/02/2025, Click, No
INT-0005628,1484,CMP-0010,17 Dec 2025,Click ,No 
INT-0005629,150,CMP-0007,2025-04-14, Impression ,no
INT-0005630,432,CMP-0023,09/04/2025, Website Visit,No
INT-0005631,108,CMP-0026,03 Nov 2025,EMAIL OPEN,NO
INT-0005632,1450,CMP-0014,2025-09-06,DEMO REQUEST,No 
INT-0005633,204,CMP-0016,06 Jun 2025, Click , No
INT-0005634,539,CMP-0004,01/19/2025, Impression ,No 
INT-0005635,1335,CMP-0013,21 May 2025,Email Open ,No 
INT-0005636,986,CMP-0020,"Aug 07, 2025",impression, No
INT-0005637,480,CMP-0021,08/05/2025, Click,No
INT-0005638,5,CMP-0022,10/10/2025,Impression ,no
INT-0005639,455,CMP-0024,28/09/2025, Demo Request,NO
INT-0005640,568,CMP-0020,03/10/2025, Website Visit ,No 
INT-0005641,1067,CMP-0001,25-01-2025, Trial Signup,no
INT-0005642,301,CMP-0029,05/29/2025,click, No 
INT-0005643,1015,CMP-0006,27 Aug 2025, Trial Signup,NO
INT-0005644,1136,CMP-0008,03-03-2025, Demo Request,No
INT-0005645,847,CMP-0002,27 Jun 2025,CLICK,No 
INT-0005646,694,CMP-0005,07/04/2025,Email Open , No 
INT-0005647,58,CMP-0010,21 Aug 2025,Click , No
INT-0005648,898,CMP-0019,31-03-2025, Website Visit,NO
INT-0005649,903,CMP-0019,20 Mar 2025,IMPRESSION,Yes
INT-0005650,1487,CMP-0007,09-06-2025,TRIAL SIGNUP,no
INT-0005651,197,CMP-0007,"Apr 23, 2025",Demo Request,No 
INT-0005652,975,CMP-0013,"Sep 14, 2025",EMAIL OPEN,NO
INT-0005653,1416,CMP-0009,18 Jun 2025,website visit,No 
INT-0005654,963,CMP-0010,12-05-2025,Email Open ,No 
INT-0005655,163,CMP-0026,2025-05-27, Email Open, No 
INT-0005656,206,CMP-0005,"Mar 09, 2025", Email Open,No
INT-0005657,611,CMP-0005,13/07/2025,Impression, Yes 
INT-0005658,575,CMP-0008,2025-02-04,demo request, No
INT-0005659,1263,CMP-0018,19/12/2025,IMPRESSION,No
INT-0005660,563,CMP-0012,21/09/2025,WEBSITE VISIT,YES
INT-0005661,2,CMP-0005,"Jul 10, 2025",Click,No 
INT-0005662,833,CMP-0029,02/05/2025,email open,no
INT-0005663,384,CMP-0011,12 Oct 2025, Click,No
INT-0005664,861,CMP-0007,06/18/2025,Website Visit ,No
INT-0005665,917,CMP-0004,30-03-2025,WEBSITE VISIT,NO
INT-0005666,672,CMP-0015,01/09/2025,impression, No
INT-0005667,548,CMP-0024,28-04-2025,website visit,No 
INT-0005668,1108,CMP-0008,"Jul 09, 2025",CLICK, Yes 
INT-0005669,1179,CMP-0015,28/02/2025, Demo Request,NO
INT-0005670,107,CMP-0006,01/30/2025,Click ,no
INT-0005671,58,CMP-0014,2025-04-07, Website Visit, No
INT-0005672,1310,CMP-0014,04/18/2025,email open,NO
INT-0005673,618,CMP-0004,02/02/2025, Website Visit,NO
INT-0005674,36,CMP-0019,2025-11-16, Trial Signup , No
INT-0005675,374,CMP-0011,"Dec 27, 2025",demo request,NO
INT-0005676,216,CMP-0030,11/14/2025,impression, Yes 
INT-0005677,1144,CMP-0025,01/03/2025,DEMO REQUEST,no
INT-0005678,1495,CMP-0008,03-07-2025,demo request,NO
INT-0005679,981,CMP-0010,02/03/2025, Email Open ,Yes 
INT-0005680,350,CMP-0003,09 Sep 2025,CLICK,NO
INT-0005681,95,CMP-0028,"May 06, 2025", Website Visit ,YES
INT-0005682,959,CMP-0008,20/08/2025,Trial Signup ,No
INT-0005683,786,CMP-0018,2025-01-21,trial signup,Yes
INT-0005684,564,CMP-0020,2025-07-29,IMPRESSION,No 
INT-0005685,459,CMP-0019,14/11/2025, Trial Signup,NO
INT-0005686,1229,CMP-0009,2025-07-23, Impression ,No 
INT-0005687,1312,CMP-0025,12-09-2025,WEBSITE VISIT,NO
INT-0005688,1123,CMP-0015,03/21/2025,WEBSITE VISIT,No
INT-0005689,1126,CMP-0025,08/08/2025, Impression,No 
INT-0005690,924,CMP-0023,2025-06-18,Email Open ,no
INT-0005691,300,CMP-0026,19 Oct 2025,Trial Signup ,No 
INT-0005692,256,CMP-0013,02-12-2025,EMAIL OPEN, Yes
INT-0005693,77,CMP-0015,03-04-2025,IMPRESSION,no
INT-0005694,824,CMP-0023,03/09/2025,Email Open , No
INT-0005695,376,CMP-0022,"Jul 23, 2025",email open,YES
INT-0005696,1220,CMP-0016,"Sep 19, 2025",Click , Yes 
INT-0005697,852,CMP-0001,2025-11-14,click,No
INT-0005698,552,CMP-0005,29 Aug 2025,Website Visit,No
INT-0005699,187,CMP-0018,18 Dec 2025,Click ,NO
INT-0005700,730,CMP-0007,"Jan 19, 2025",Demo Request ,No 
INT-0005701,436,CMP-0019,26 Aug 2025, Impression , No
INT-0005702,1269,CMP-0003,06/12/2025,Email Open, Yes
INT-0005703,1235,CMP-0027,04-03-2025,Trial Signup,No 
INT-0005704,1153,CMP-0026,03 Aug 2025, Demo Request ,NO
INT-0005705,710,CMP-0013,07/26/2025,WEBSITE VISIT,No 
INT-0005706,206,CMP-0016,"Jun 30, 2025", Email Open,yes
INT-0005707,1159,CMP-0024,15 Mar 2025,Impression, No 
INT-0005708,1400,CMP-0028,25 Jun 2025, Demo Request, No
INT-0005709,628,CMP-0009,"Mar 07, 2025",Website Visit, No
INT-0005710,319,CMP-0001,2025-12-02,trial signup,No
INT-0005711,1305,CMP-0002,04/08/2025,Email Open ,yes
INT-0005712,374,CMP-0001,2025-10-13, Impression ,No 
INT-0005713,845,CMP-0006,19 Jun 2025,IMPRESSION,No
INT-0005714,456,CMP-0012,03/31/2025,impression, Yes
INT-0005715,1199,CMP-0014,20/06/2025, Trial Signup, Yes 
INT-0005716,1077,CMP-0008,30 Sep 2025,Website Visit ,YES
INT-0005717,379,CMP-0029,2025-06-03,CLICK,NO
INT-0005718,234,CMP-0002,18 May 2025,impression, Yes 
INT-0005719,1376,CMP-0005,2025-10-30, Trial Signup , No 
INT-0005720,700007,CMP-0007,2025-05-02,click, No
INT-0005721,601,CMP-0011,2025-07-09,TRIAL SIGNUP, Yes
INT-0005722,396,CMP-0030,10/27/2025, Trial Signup, No
INT-0005723,460,CMP-0011,2025-10-10,Click, No
INT-0005724,102,CMP-0027,"May 30, 2025",demo request,no
INT-0005725,958,CMP-0004,2025-12-12,Click,No 
INT-0005726,457,CMP-0029,01 Oct 2025, Website Visit ,No
INT-0005727,1397,CMP-0024,09/09/2025,Website Visit,NO
INT-0005728,495,CMP-0007,09 Sep 2025,CLICK, No
INT-0005729,935,CMP-0022,21/11/2025,Website Visit ,yes
INT-0005730,1254,CMP-0018,10-07-2025,Website Visit, No
INT-0005731,607,CMP-0016,07/01/2025, Click , No 
INT-0005732,937,CMP-0009,2025-02-07, Website Visit ,no
INT-0005733,1128,CMP-0011,02/07/2025,Email Open, No 
INT-0005734,579,CMP-0026,2025-10-03,Impression,NO
INT-0005735,1335,CMP-0003,2025-07-29,Demo Request , No
INT-0005736,351,CMP-0026,12/04/2025, Click ,NO
INT-0005737,482,CMP-0017,"Jun 28, 2025",DEMO REQUEST,No
INT-0005738,484,CMP-0007,23-09-2025,Email Open ,No
INT-0005739,397,CMP-0023,16/06/2025,Impression,No
INT-0005740,163,CMP-0009,02-02-2025,EMAIL OPEN,Yes 
INT-0005741,489,CMP-0024,01/02/2025, Demo Request,no
INT-0005742,26,CMP-0014,28 Jun 2025,Impression,NO
INT-0005743,252,CMP-0030,14-04-2025, Impression, Yes 
INT-0005744,1293,CMP-0016,18-11-2025,IMPRESSION,YES
INT-0005745,1386,CMP-0028,07/10/2025,click,No
INT-0005746,70,CMP-0001,"Nov 23, 2025", Demo Request, No 
INT-0005747,177,CMP-0004,10/02/2025,Trial Signup ,No 
INT-0005748,1429,CMP-0011,2025-11-04,Impression,No 
INT-0005749,1280,CMP-0019,28 Feb 2025,Demo Request ,no
INT-0005750,228,CMP-0023,22-03-2025, Click ,no
INT-0005751,935,CMP-0027,12/01/2025,Trial Signup , No
INT-0005752,979,CMP-0008,"May 05, 2025",website visit,No 
INT-0005753,917,CMP-0005,14/10/2025, Trial Signup,No 
INT-0005754,1445,,29 Mar 2025,Trial Signup ,Yes
INT-0005755,872,CMP-0014,04 Jul 2025, Trial Signup ,no
INT-0005756,617,CMP-0023,21/07/2025,Impression,Yes
INT-0005757,1409,CMP-0026,09/06/2025,Demo Request,yes
INT-0005758,692,CMP-0013,04 Jul 2025,Demo Request, Yes 
INT-0005759,403,CMP-0008,11/19/2025,Impression ,No
INT-0005760,490,CMP-0011,2025-05-26, Demo Request, No
INT-0005761,1414,CMP-0025,"May 30, 2025", Trial Signup ,no
INT-0005762,89,CMP-0023,04/22/2025,Demo Request,NO
INT-0005763,473,CMP-0018,18-01-2025, Impression, No
INT-0005764,162,CMP-0024,09/18/2025, Website Visit ,no
INT-0005765,541,CMP-0012,11-04-2025,Trial Signup ,Yes 
INT-0005766,1318,CMP-0029,"Nov 19, 2025",demo request, Yes 
INT-0005767,511,CMP-0009,12/22/2025,Demo Request ,no
INT-0005768,840,CMP-0022,21-10-2025,CLICK, No
INT-0005769,598,CMP-0024,18 Apr 2025,Demo Request ,Yes
INT-0005770,107,CMP-0002,24/03/2025,impression,no
INT-0005771,604,CMP-0028,04/12/2025, Demo Request , No
INT-0005772,776,CMP-0024,2025-02-15,Demo Request ,no
INT-0005773,71,CMP-0003,"Sep 17, 2025",Email Open ,No
INT-0005774,1293,CMP-0012,11/13/2025,EMAIL OPEN,no
INT-0005775,1283,CMP-0005,2025-03-01,Email Open,no
INT-0005776,1276,CMP-0016,08/05/2025, Email Open , No
INT-0005777,379,CMP-0009,2025-05-04, Email Open,no
INT-0005778,1014,CMP-0001,06/07/2025, Email Open ,NO
INT-0005779,1171,CMP-0012,08 Nov 2025,email open,NO
INT-0005780,826,CMP-0015,"Feb 13, 2025", Email Open ,no
INT-0005781,149,CMP-0026,"Jan 01, 2025",EMAIL OPEN,no
INT-0005782,338,CMP-0006,"Dec 31, 2025", Website Visit, Yes 
INT-0005783,368,CMP-0013,2025-03-21,Website Visit,No 
INT-0005784,1241,CMP-0025,23 Jun 2025,Trial Signup , No 
INT-0005785,1438,CMP-0021,11 Oct 2025,Demo Request ,NO
INT-0005786,1462,CMP-0002,2025-03-24,DEMO REQUEST,NO
INT-0005787,697,CMP-0015,08 May 2025,CLICK,No 
INT-0005788,1045,CMP-0005,01/13/2025,Demo Request,No 
INT-0005789,1194,,05/10/2025, Demo Request,Yes 
INT-0005790,92,CMP-0013,08/05/2025,Email Open , Yes
INT-0005791,809,CMP-0014,12 Dec 2025,email open,NO
INT-0005792,953,CMP-0023,17 Oct 2025, Impression , No
INT-0005793,62,CMP-0029,12/23/2025,Trial Signup ,Yes
INT-0005794,364,CMP-0029,10/03/2025, Click,No 
INT-0005795,64,CMP-0006,10-09-2025,TRIAL SIGNUP,NO
INT-0005796,246,CMP-0012,11/11/2025,email open,Yes
INT-0005797,1345,CMP-0022,30-07-2025,Demo Request,No 
INT-0005798,630,CMP-0012,10 Nov 2025,CLICK,no
INT-0005799,360,CMP-0024,2025-05-11,Trial Signup , No 
INT-0005800,1243,CMP-0007,01 Aug 2025, Trial Signup , No
INT-0005801,1007,CMP-0026,11/22/2025, Impression ,NO
INT-0005802,636,CMP-0018,19-08-2025,TRIAL SIGNUP,No 
INT-0005803,39,CMP-0005,2025-07-02,Impression, No 
INT-0005804,1347,CMP-0009,2025-08-24, Demo Request , No
INT-0005805,618,CMP-0022,29-07-2025,Website Visit ,no
INT-0005806,1085,CMP-0029,27-03-2025,email open,no
INT-0005807,732,CMP-0028,10/06/2025,Website Visit ,No
INT-0005808,26,CMP-0026,2025-05-12,CLICK,No 
INT-0005809,1459,CMP-0015,"Jan 06, 2025",Website Visit ,Yes
INT-0005810,1447,CMP-0006,11/20/2025,DEMO REQUEST,No 
INT-0005811,452,CMP-0011,18/11/2025, Email Open,no
INT-0005812,617,CMP-0003,03-04-2025, Trial Signup ,NO
INT-0005813,787,CMP-0010,03/18/2025,impression,no
INT-0005814,795,CMP-0002,29/06/2025,DEMO REQUEST, No 
INT-0005815,498,CMP-0018,26/12/2025,demo request, No 
INT-0005816,1365,CMP-0017,31 May 2025,IMPRESSION, No
INT-0005817,1480,CMP-0018,2025-05-27,Email Open,NO
INT-0005818,637,CMP-0018,20-06-2025, Website Visit ,no
INT-0005819,286,CMP-0008,31-05-2025,CLICK,no
INT-0005820,885,CMP-0002,2025-06-02,IMPRESSION, No
INT-0005821,685,CMP-0028,15-07-2025,Demo Request ,No 
INT-0005822,1434,CMP-0022,12/15/2025,TRIAL SIGNUP,No
INT-0005823,1119,CMP-0019,02/02/2025,CLICK, No 
INT-0005824,630,CMP-0012,08-12-2025,TRIAL SIGNUP,Yes
INT-0005825,861,CMP-0010,02-04-2025,Trial Signup , No
INT-0005826,87,CMP-0004,"Jan 28, 2025",Email Open ,no
INT-0005827,868,CMP-0004,29 Jan 2025,Demo Request,No
INT-0005828,720,CMP-0020,02/25/2025,demo request,NO
INT-0005829,892,CMP-0028,05/23/2025,Trial Signup,no
INT-0005830,1152,CMP-0024,2025-08-29,Trial Signup ,No 
INT-0005831,383,CMP-0018,27/11/2025,EMAIL OPEN,No 
INT-0005832,372,CMP-0012,03-03-2025,Demo Request ,YES
INT-0005833,1445,CMP-0024,05/12/2025,Click,no
INT-0005834,636,CMP-0028,"Jun 08, 2025", Impression,NO
INT-0005835,842,CMP-0022,16/02/2025,Demo Request,no
INT-0005836,278,CMP-0013,2025-10-02, Impression,no
INT-0005837,343,CMP-0012,2025-05-06,Demo Request, No
INT-0005838,379,CMP-0004,2025-03-17,Website Visit, No
INT-0005839,1083,CMP-0016,"Feb 05, 2025",Email Open , No 
INT-0005840,994,CMP-0026,06/10/2025,Website Visit, No
INT-0005841,465,CMP-0006,2025-12-31,Trial Signup ,No
INT-0005842,211,CMP-0002,07 Dec 2025,DEMO REQUEST,no
INT-0005843,975,CMP-0021,"Dec 24, 2025", Click , No 
INT-0005844,288,CMP-0002,06/07/2025,DEMO REQUEST, No
INT-0005845,1207,CMP-0010,06-09-2025,DEMO REQUEST,Yes
INT-0005846,893,CMP-0001,2025-11-16,IMPRESSION, No 
INT-0005847,40,CMP-0004,09/08/2025,trial signup,NO
INT-0005848,167,CMP-0027,04/29/2025,Email Open, No 
INT-0005849,297,CMP-0024,09-08-2025,WEBSITE VISIT,No
INT-0005850,1096,CMP-0022,12/02/2025,demo request, No 
INT-0005851,547,CMP-0022,05/15/2025,Email Open , No
INT-0005852,1037,CMP-0012,13/05/2025,Trial Signup,NO
INT-0005853,1413,CMP-0008,"Nov 27, 2025",email open,NO
INT-0005854,411,CMP-0025,"May 11, 2025",TRIAL SIGNUP,YES
INT-0005855,1392,CMP-0001,06-09-2025, Email Open,yes
INT-0005856,1227,CMP-0008,05-03-2025,Demo Request ,yes
INT-0005857,952,CMP-0027,"Jul 05, 2025",click, No
INT-0005858,663,CMP-0013,"Feb 22, 2025", Email Open ,No
INT-0005859,1080,CMP-0017,2025-12-16,Impression , No
INT-0005860,178,,09/23/2025,impression,No
INT-0005861,1267,CMP-0014,12/08/2025, Email Open,NO
INT-0005862,1228,CMP-0002,2025-12-26,Click ,no
INT-0005863,1278,CMP-0024,07/13/2025,TRIAL SIGNUP,No
INT-0005864,791,CMP-0022,01-11-2025,Email Open,NO
INT-0005865,1391,CMP-0001,"Nov 28, 2025", Demo Request , No
INT-0005866,837,CMP-0016,17/12/2025, Demo Request,no
INT-0005867,951,CMP-0014,23-11-2025, Website Visit,No 
INT-0005868,542,CMP-0002,01/26/2025,IMPRESSION,NO
INT-0005869,1324,CMP-0022,31/01/2025,WEBSITE VISIT,No 
INT-0005870,1418,CMP-0001,19/01/2025,WEBSITE VISIT, Yes 
INT-0005871,1214,CMP-0014,10/10/2025,Website Visit ,No
INT-0005872,1147,CMP-0019,2025-11-18, Trial Signup ,No 
INT-0005873,186,CMP-0010,17/07/2025,website visit,NO
INT-0005874,187,,"May 24, 2025",Website Visit, No 
INT-0005875,801,CMP-0028,05-10-2025,website visit,YES
INT-0005876,1416,CMP-0023,29/04/2025,Trial Signup ,No 
INT-0005877,776,CMP-0013,02 Jul 2025, Email Open,Yes
INT-0005878,334,CMP-0004,06-12-2025,Impression,No 
INT-0005879,295,CMP-0019,06 Sep 2025,Demo Request ,No 
INT-0005880,404,CMP-0009,2025-03-07,Website Visit ,No
INT-0005881,948,CMP-0013,05 Apr 2025,Website Visit,No 
INT-0005882,914,CMP-0005,2025-09-20,Demo Request, No
INT-0005883,20,CMP-0003,12/06/2025, Website Visit , No
INT-0005884,711,CMP-0011,17/04/2025,WEBSITE VISIT, No 
INT-0005885,956,CMP-0020,02/13/2025,DEMO REQUEST,No 
INT-0005886,90,CMP-0006,09/05/2025,demo request, No
INT-0005887,211,CMP-0020,2025-09-25,website visit, No 
INT-0005888,903,CMP-0017,"Sep 27, 2025", Demo Request ,no
INT-0005889,796,CMP-0024,12/01/2025,Demo Request ,NO
INT-0005890,610,CMP-0025,06/04/2025,Click,No 
INT-0005891,1,CMP-0015,"Feb 28, 2025",Email Open , No 
INT-0005892,155,CMP-0005,08/09/2025, Email Open ,NO
INT-0005893,472,CMP-0015,23/04/2025,IMPRESSION, No 
INT-0005894,1275,CMP-0017,2025-09-21,email open, Yes
INT-0005895,810,CMP-0013,08 May 2025, Click , No
INT-0005896,1214,CMP-0008,19/12/2025, Click ,no
INT-0005897,1173,CMP-0019,20/04/2025,Impression, Yes
INT-0005898,1246,CMP-0013,10/04/2025,trial signup, No
INT-0005899,235,CMP-0020,31-12-2025,IMPRESSION,no
INT-0005900,518,CMP-0014,11-06-2025,WEBSITE VISIT, Yes 
INT-0005901,235,CMP-0009,01/12/2025,Impression , No 
INT-0005902,1429,CMP-0021,"Nov 12, 2025", Demo Request , No
INT-0005903,1434,CMP-0012,03 Apr 2025, Demo Request,no
INT-0005904,167,CMP-0010,23/12/2025,Demo Request ,yes
INT-0005905,1291,CMP-0001,23-12-2025,Demo Request,no
INT-0005906,780,CMP-0024,2025-10-01,TRIAL SIGNUP,No 
INT-0005907,999,CMP-0030,21-04-2025, Website Visit , No
INT-0005908,500,CMP-0020,"Dec 30, 2025",CLICK,No 
INT-0005909,1030,CMP-0010,24-01-2025, Click,No 
INT-0005910,356,CMP-0016,21 Sep 2025,WEBSITE VISIT, Yes 
INT-0005911,588,CMP-0017,05/03/2025, Demo Request, Yes 
INT-0005912,93,CMP-0012,2025-06-26,Website Visit , Yes
INT-0005913,173,CMP-0027,19/02/2025,trial signup,No 
INT-0005914,1277,CMP-0005,09 Apr 2025, Click,NO
INT-0005915,983,CMP-0019,"Aug 29, 2025",Email Open ,Yes
INT-0005916,202,CMP-0012,29 Jul 2025, Email Open,yes
INT-0005917,943,CMP-0028,09/05/2025,email open,No 
INT-0005918,684,CMP-0022,05/03/2025,Website Visit,no
INT-0005919,687,CMP-0002,03 Jul 2025,click,No 
INT-0005920,862,CMP-0030,"Aug 07, 2025",Demo Request , No 
INT-0005921,835,CMP-0013,14/09/2025,Impression, Yes 
INT-0005922,169,CMP-0014,06-05-2025,IMPRESSION,no
INT-0005923,1099,CMP-0004,30/06/2025,Trial Signup, No
INT-0005924,517,CMP-0007,13-09-2025,click,no
INT-0005925,40,CMP-0011,06/23/2025,Email Open ,NO
INT-0005926,218,CMP-0018,2025-02-24,email open,NO
INT-0005927,2,CMP-0004,07/12/2025, Email Open ,no
INT-0005928,81,CMP-0015,11-10-2025, Website Visit,NO
INT-0005929,1143,CMP-0005,13/05/2025,Email Open ,NO
INT-0005930,420,CMP-0028,25/05/2025, Demo Request,No 
INT-0005931,940,CMP-0011,11/10/2025,DEMO REQUEST, No 
INT-0005932,141,CMP-0011,2025-02-07, Website Visit , No
INT-0005933,706,CMP-0018,04 May 2025,Website Visit , Yes
INT-0005934,421,CMP-0024,2025-09-02, Trial Signup ,no
INT-0005935,10,CMP-0014,"Jun 04, 2025",website visit, No
INT-0005936,1010,CMP-0019,2025-05-18, Email Open , No 
INT-0005937,465,CMP-0006,"Jan 20, 2025",email open,NO
INT-0005938,397,CMP-0007,"Mar 09, 2025", Trial Signup , No 
INT-0005939,1198,CMP-0001,2025-10-29,Trial Signup ,No
INT-0005940,1475,CMP-0004,23/11/2025,IMPRESSION,NO
INT-0005941,1368,CMP-0026,05-05-2025,Email Open ,no
INT-0005942,646,CMP-0008,"Mar 11, 2025", Email Open, No 
INT-0005943,1230,CMP-0002,13 Feb 2025,TRIAL SIGNUP, No
INT-0005944,337,CMP-0012,2025-10-17,demo request, No
INT-0005945,1229,CMP-0008,08 Apr 2025, Demo Request,NO
INT-0005946,820,CMP-0026,17-02-2025,Trial Signup,no
INT-0005947,571,CMP-0013,04 Jul 2025, Impression, No 
INT-0005948,339,CMP-0002,"Nov 11, 2025",TRIAL SIGNUP,NO
INT-0005949,598,CMP-0028,10/29/2025,Email Open,Yes
INT-0005950,908,CMP-0026,"Aug 07, 2025", Click,Yes
INT-0005951,1000,CMP-0030,2025-07-29,click,no
INT-0005952,100,CMP-0005,06/01/2025,CLICK, No
INT-0005953,4,CMP-0024,03/04/2025,IMPRESSION,YES
INT-0005954,922,CMP-0008,08-04-2025,EMAIL OPEN, Yes 
INT-0005955,698,CMP-0009,2025-11-21,Demo Request , No
INT-0005956,1286,CMP-0004,2025-05-16,click, No 
INT-0005957,257,CMP-0028,"Apr 11, 2025",Trial Signup , No
INT-0005958,282,CMP-0030,"Jan 20, 2025",EMAIL OPEN,no
INT-0005959,1320,CMP-0019,14/02/2025,IMPRESSION,NO
INT-0005960,96,CMP-0020,2025-05-29, Email Open ,no
INT-0005961,1118,CMP-0023,07-07-2025,Email Open , Yes
INT-0005962,369,CMP-0029,08/08/2025,click,Yes 
INT-0005963,1011,CMP-0019,08 Sep 2025,CLICK,No
INT-0005964,288,CMP-0023,01/07/2025, Click , No 
INT-0005965,1325,CMP-0005,19/03/2025,TRIAL SIGNUP,No 
INT-0005966,955,CMP-0009,17/03/2025, Impression , No 
INT-0005967,7,CMP-0009,26/07/2025,EMAIL OPEN, No
INT-0005968,734,CMP-0017,2025-06-09, Trial Signup,NO
INT-0005969,1031,CMP-0001,"Jan 26, 2025",trial signup,No
INT-0005970,785,CMP-0028,"Dec 13, 2025",Demo Request ,NO
INT-0005971,1391,CMP-0027,03/28/2025,Website Visit,No 
INT-0005972,758,CMP-0010,06/12/2025,EMAIL OPEN, No 
INT-0005973,1370,CMP-0003,30-10-2025,Website Visit,No
INT-0005974,126,CMP-0004,26-01-2025,CLICK,NO
INT-0005975,953,CMP-0002,11/24/2025,Website Visit, No
INT-0005976,158,CMP-0007,"May 07, 2025",Impression, Yes 
INT-0005977,1110,CMP-0010,26 Nov 2025,impression,No
INT-0005978,161,CMP-0007,04/11/2025, Trial Signup ,No
INT-0005979,934,CMP-0013,29 May 2025, Impression ,No 
INT-0005980,213,CMP-0005,01-12-2025,click,No
INT-0005981,613,CMP-0014,"Jun 18, 2025",Trial Signup,no
INT-0005982,1278,CMP-0018,"Jun 22, 2025", Demo Request, No 
INT-0005983,973,CMP-0012,01-09-2025,Impression,Yes 
INT-0005984,359,CMP-0028,"Nov 09, 2025",Demo Request,no
INT-0005985,76,CMP-0011,07/07/2025,Demo Request, No
INT-0005986,1173,CMP-0026,01 Oct 2025,trial signup,NO
INT-0005987,1196,CMP-0002,2025-06-04,Trial Signup , No
INT-0005988,402,CMP-0028,24/04/2025,Website Visit, No
INT-0005989,243,CMP-0022,11-09-2025, Demo Request,yes
INT-0005990,385,CMP-0023,01/15/2025, Trial Signup,no
INT-0005991,986,CMP-0018,02 Sep 2025,email open,No
INT-0005992,392,CMP-0013,08-02-2025,Website Visit,NO
INT-0005993,1174,CMP-0017,07/05/2025,DEMO REQUEST,Yes
INT-0005994,911,CMP-0025,2025-06-04, Impression , No 
INT-0005995,28,CMP-0016,30/11/2025, Impression ,no
INT-0005996,424,CMP-0004,"Sep 28, 2025", Email Open, No 
INT-0005997,1105,CMP-0015,13/06/2025,Demo Request ,NO
INT-0005998,1079,CMP-0012,02/25/2025, Demo Request , Yes 
INT-0005999,1366,CMP-0007,"Aug 27, 2025",TRIAL SIGNUP,NO
INT-0006000,543,CMP-0011,08/25/2025,Trial Signup,NO
INT-0006001,1032,CMP-0025,22-10-2025, Website Visit ,no
INT-0006002,1232,CMP-0021,11 Mar 2025, Impression, No
INT-0006003,1215,CMP-0010,26 Nov 2025, Impression,No 
INT-0006004,1373,CMP-0013,24 Jun 2025, Trial Signup ,No
INT-0006005,913,CMP-0012,2025-07-06,EMAIL OPEN, No 
INT-0006006,781,CMP-0005,19-12-2025, Trial Signup ,NO
INT-0006007,112,CMP-0027,19 Apr 2025,Demo Request ,YES
INT-0006008,14,CMP-0007,08/06/2025,impression, Yes 
INT-0006009,269,CMP-0012,06/10/2025,Demo Request ,No
INT-0006010,1151,CMP-0027,2025-06-19,Website Visit,No 
INT-0006011,932,CMP-0015,02-07-2025,EMAIL OPEN,YES
INT-0006012,781,CMP-0015,12/19/2025, Click ,No
INT-0006013,1451,CMP-0014,2025-08-19, Demo Request,NO
INT-0006014,279,CMP-0026,2025-02-15,click, No 
INT-0006015,112,CMP-0020,03/27/2025,CLICK, No 
INT-0006016,1267,CMP-0008,11/05/2025,DEMO REQUEST, No 
INT-0006017,876,CMP-0017,10/19/2025, Impression,NO
INT-0006018,571,CMP-0025,17 Dec 2025,trial signup,yes
INT-0006019,683,CMP-0024,07/05/2025,trial signup,No
INT-0006020,1043,CMP-0002,31 Dec 2025, Demo Request ,no
INT-0006021,272,CMP-0015,03 Jun 2025,Website Visit ,No
INT-0006022,1311,CMP-0020,02/21/2025, Click ,YES
INT-0006023,1328,CMP-0019,"May 30, 2025",demo request,No
INT-0006024,1151,CMP-0018,26-02-2025,click,No 
INT-0006025,651,CMP-0023,20 Jan 2025,IMPRESSION,No
INT-0006026,64,CMP-0004,21-10-2025, Impression,No
INT-0006027,186,CMP-0001,17 May 2025, Click,No
INT-0006028,1091,CMP-0023,"May 11, 2025", Demo Request , No 
INT-0006029,286,CMP-0022,"Jul 11, 2025", Email Open ,No
INT-0006030,1129,CMP-0004,11/15/2025, Click, No
INT-0006031,1063,CMP-0003,11/03/2025, Email Open, No 
INT-0006032,1491,CMP-0009,29-08-2025, Website Visit ,No
INT-0006033,941,CMP-0020,19-07-2025,Website Visit ,No
INT-0006034,1286,CMP-0012,03/03/2025, Trial Signup, No
INT-0006035,308,CMP-0019,"Oct 15, 2025", Demo Request,No
INT-0006036,764,CMP-0028,08/11/2025, Demo Request ,No 
INT-0006037,894,CMP-0005,2025-02-12,Demo Request ,No
INT-0006038,118,CMP-0027,"Mar 15, 2025",EMAIL OPEN, No
INT-0006039,153,CMP-0030,01 Jan 2025,Impression , No 
INT-0006040,498,CMP-0009,05/11/2025,website visit,Yes
INT-0006041,733,CMP-0015,11/25/2025,Website Visit ,No
INT-0006042,163,CMP-0017,28/09/2025,impression, No
INT-0006043,284,CMP-0010,10 May 2025, Website Visit ,NO
INT-0006044,206,CMP-0027,31/12/2025,IMPRESSION,NO
INT-0006045,1059,CMP-0002,2025-12-24,trial signup,YES
INT-0006046,460,CMP-0023,20-05-2025,Trial Signup ,No
INT-0006047,300,CMP-0022,"Nov 04, 2025",website visit,yes
INT-0006048,1307,CMP-0017,2025-03-01,Click , No 
INT-0006049,844,CMP-0030,2025-04-28,EMAIL OPEN, No
INT-0006050,716,CMP-0017,11/14/2025,Trial Signup,YES
INT-0006051,1166,CMP-0002,31-03-2025,demo request, No
INT-0006052,600,CMP-0011,22-04-2025,trial signup,yes
INT-0006053,224,CMP-0013,2025-11-08,Email Open,No
INT-0006054,435,CMP-0010,11 Jul 2025, Email Open,no
INT-0006055,80,CMP-0003,08/02/2025, Demo Request ,No
INT-0006056,179,CMP-0004,2025-01-12,website visit,No 
INT-0006057,117,CMP-0010,07-02-2025,Impression , No
INT-0006058,1227,CMP-0004,31 Oct 2025, Impression ,NO
INT-0006059,628,CMP-0010,13 Mar 2025,impression, No 
INT-0006060,136,CMP-0027,2025-12-17,trial signup,Yes
INT-0006061,682,CMP-0015,04 Feb 2025,Impression,No 
INT-0006062,186,CMP-0019,09/14/2025,email open,no
INT-0006063,808,CMP-0026,08-05-2025, Email Open ,YES
INT-0006064,965,CMP-0022,2025-05-29,website visit,No
INT-0006065,1018,CMP-0004,"Jul 08, 2025",DEMO REQUEST,No 
INT-0006066,403,CMP-0028,06/19/2025,Email Open, No
INT-0006067,1395,CMP-0029,28-05-2025, Email Open,No 
INT-0006068,1083,CMP-0028,10-08-2025,demo request,No 
INT-0006069,196,CMP-0018,26 Feb 2025,WEBSITE VISIT,NO
INT-0006070,418,CMP-0007,21/04/2025,email open,no
INT-0006071,720,CMP-0025,23-08-2025, Website Visit,no
INT-0006072,926,CMP-0002,04/09/2025, Click,Yes 
INT-0006073,462,CMP-0029,22 Dec 2025, Impression,no
INT-0006074,1389,CMP-0028,03/06/2025,Demo Request,No
INT-0006075,506,CMP-0020,02-08-2025, Click,no
INT-0006076,855,CMP-0008,08-04-2025,Demo Request ,No
INT-0006077,1334,CMP-0019,"Nov 30, 2025",Email Open, No
INT-0006078,1475,CMP-0027,2025-06-05,DEMO REQUEST, No 
INT-0006079,1486,CMP-0023,02/02/2025,Email Open , No
INT-0006080,912,CMP-0011,01/15/2025,email open,NO
INT-0006081,1463,CMP-0010,19 Apr 2025,Email Open,YES
INT-0006082,223,CMP-0019,11 Oct 2025,Click ,yes
INT-0006083,1314,CMP-0026,26 Sep 2025,Impression ,Yes 
INT-0006084,140,CMP-0006,01/30/2025,Impression, No
INT-0006085,649,CMP-0007,25/11/2025,email open, Yes 
INT-0006086,816,CMP-0021,"Jun 30, 2025",demo request,No 
INT-0006087,847,CMP-0017,2025-06-17,demo request,No
INT-0006088,108,CMP-0029,2025-08-07,Click,No
INT-0006089,839,CMP-0024,04-12-2025, Website Visit, No
INT-0006090,1421,CMP-0015,"Feb 23, 2025",website visit,Yes
INT-0006091,394,CMP-0005,25-06-2025,WEBSITE VISIT,No
INT-0006092,894,CMP-0017,2025-07-01, Impression ,Yes
INT-0006093,445,CMP-0010,06 May 2025, Demo Request,No
INT-0006094,752,CMP-0027,27-11-2025,Demo Request,no
INT-0006095,22,CMP-0005,07 May 2025, Demo Request , No 
INT-0006096,684,CMP-0015,06 Apr 2025,trial signup, No 
INT-0006097,1317,CMP-0010,"Apr 18, 2025", Email Open, Yes
INT-0006098,1160,CMP-0020,10/04/2025, Trial Signup ,YES
INT-0006099,819,CMP-0018,02/21/2025,Click , No 
INT-0006100,759,CMP-0026,28-03-2025,EMAIL OPEN,No
INT-0006101,1470,CMP-0001,03/11/2025, Trial Signup ,no
INT-0006102,1286,CMP-0008,30 Mar 2025, Email Open ,Yes
INT-0006103,336,CMP-0010,10/18/2025,Impression ,No 
INT-0006104,805,CMP-0017,"Sep 08, 2025",Website Visit, Yes 
INT-0006105,1271,CMP-0025,11/15/2025,CLICK, No
INT-0006106,675,CMP-0001,08 Dec 2025,click, No
INT-0006107,272,CMP-0008,14/06/2025,Click,Yes
INT-0006108,740,CMP-0011,02/06/2025, Demo Request, No 
INT-0006109,1040,CMP-0014,01/22/2025,Demo Request,No
INT-0006110,176,CMP-0022,16/06/2025,Click , No 
INT-0006111,542,CMP-0015,26/12/2025, Click ,NO
INT-0006112,52,CMP-0002,07 Jan 2025, Demo Request,NO
INT-0006113,68,CMP-0021,08 Apr 2025, Impression,No 
INT-0006114,1034,CMP-0001,26 Apr 2025,DEMO REQUEST,Yes
INT-0006115,35,CMP-0002,09/27/2025,Click, No 
INT-0006116,184,CMP-0015,29/08/2025,TRIAL SIGNUP,NO
INT-0006117,1357,CMP-0013,07/12/2025, Trial Signup,NO
INT-0006118,466,CMP-0005,"Apr 11, 2025",Click ,No
INT-0006119,440,CMP-0022,19-07-2025,Email Open ,no
INT-0006120,153,CMP-0016,03 Nov 2025, Website Visit, No 
INT-0006121,1384,CMP-0024,14/01/2025,Website Visit,No
INT-0006122,853,CMP-0008,01-06-2025,Click ,No 
INT-0006123,300,CMP-0005,"Aug 21, 2025",Impression, No 
INT-0006124,933,CMP-0030,30-06-2025,Demo Request ,Yes 
INT-0006125,251,CMP-0004,"Sep 18, 2025",Impression ,Yes
INT-0006126,1138,CMP-0012,"Dec 12, 2025",click,No 
INT-0006127,909,CMP-0024,13-03-2025,TRIAL SIGNUP, No
INT-0006128,235,CMP-0018,17-04-2025,Click,No 
INT-0006129,429,CMP-0012,2025-03-20,CLICK,No 
INT-0006130,1121,CMP-0007,09/01/2025,EMAIL OPEN,no
INT-0006131,828,CMP-0006,15-01-2025,EMAIL OPEN, No 
INT-0006132,363,CMP-0017,"Sep 26, 2025",website visit, No 
INT-0006133,108,CMP-0013,06/05/2025,email open, No
INT-0006134,1013,CMP-0029,06 May 2025,Demo Request,No 
INT-0006135,1310,CMP-0030,"Apr 12, 2025", Email Open , No 
INT-0006136,1248,CMP-0026,25 Dec 2025,Click ,NO
INT-0006137,131,CMP-0017,12/31/2025, Click ,NO
INT-0006138,693,CMP-0014,31 Dec 2025, Impression , No
INT-0006139,1163,CMP-0022,03/11/2025, Trial Signup, No
INT-0006140,1166,CMP-0029,"Apr 07, 2025", Click ,yes
INT-0006141,259,CMP-0029,22-09-2025,DEMO REQUEST,yes
INT-0006142,826,CMP-0028,24/05/2025,website visit, No
INT-0006143,271,CMP-0027,23 Sep 2025, Website Visit , No 
INT-0006144,1178,CMP-0011,22 Jan 2025,Website Visit , No
INT-0006145,1197,CMP-0020,12/27/2025,Website Visit, No
INT-0006146,1315,CMP-0024,03-12-2025, Click,yes
INT-0006147,156,CMP-0026,18 May 2025,EMAIL OPEN,NO
INT-0006148,1143,CMP-0011,09/12/2025, Impression,NO
INT-0006149,471,CMP-0029,05/09/2025,demo request,YES
INT-0006150,504,CMP-0007,"Jul 11, 2025",Trial Signup , No
INT-0006151,1480,CMP-0011,12/29/2025,EMAIL OPEN,No 
INT-0006152,295,CMP-0003,2025-10-25,trial signup,no
INT-0006153,320,CMP-0025,06/25/2025,Click ,Yes
INT-0006154,1437,CMP-0021,2025-05-09, Click ,Yes 
INT-0006155,530,CMP-0005,21 Nov 2025,CLICK,no
INT-0006156,546,CMP-0003,05/06/2025,Trial Signup,NO
INT-0006157,1053,CMP-0026,24 Feb 2025,Impression ,No 
INT-0006158,58,CMP-0025,"May 24, 2025",IMPRESSION,no
INT-0006159,464,CMP-0021,27 May 2025, Demo Request, No 
INT-0006160,1413,CMP-0005,"Apr 08, 2025", Website Visit ,no
INT-0006161,916,CMP-0011,23 Nov 2025,DEMO REQUEST,Yes 
INT-0006162,1453,CMP-0003,25-03-2025,Email Open, Yes
INT-0006163,1313,CMP-0008,05/07/2025,trial signup,no
INT-0006164,289,CMP-0012,08/08/2025,Website Visit , No 
INT-0006165,741,CMP-0023,28 Jun 2025,Click, No
INT-0006166,406,CMP-0019,"May 06, 2025", Demo Request ,no
INT-0006167,1459,CMP-0013,"Aug 06, 2025", Website Visit ,NO
INT-0006168,962,CMP-0013,03/05/2025,demo request,NO
INT-0006169,731,CMP-0025,16/12/2025,Impression,Yes 
INT-0006170,1468,CMP-0018,27/12/2025,Demo Request,Yes
INT-0006171,533,CMP-0015,24-11-2025,EMAIL OPEN,No
INT-0006172,675,CMP-0011,10/25/2025,Trial Signup ,no
INT-0006173,1246,CMP-0003,24/04/2025, Demo Request,no
INT-0006174,449,CMP-0002,14 May 2025,Click, No
INT-0006175,697,CMP-0002,2025-03-08,Trial Signup ,no
INT-0006176,1387,CMP-0024,20/06/2025,CLICK, Yes 
INT-0006177,960,CMP-0029,10/20/2025,website visit,No
INT-0006178,622,CMP-0023,07/01/2025,Impression , No
INT-0006179,1458,CMP-0007,19-10-2025,trial signup, No
INT-0006180,1380,CMP-0011,2025-09-27,DEMO REQUEST, No
INT-0006181,1235,CMP-0029,03-09-2025, Click ,NO
INT-0006182,935,CMP-0006,29 Aug 2025,email open,Yes 
INT-0006183,1459,CMP-0028,2025-01-17,Impression ,No
INT-0006184,820,CMP-0003,21-07-2025,Email Open , No 
INT-0006185,902,CMP-0002,02/09/2025, Demo Request, No
INT-0006186,1288,,2025-07-31,Demo Request ,NO
INT-0006187,859,CMP-0004,"Feb 09, 2025",IMPRESSION, No 
INT-0006188,879,CMP-0013,19 Apr 2025,Impression ,No
INT-0006189,1377,CMP-0028,04-12-2025, Trial Signup, Yes 
INT-0006190,1267,CMP-0004,"Sep 26, 2025",IMPRESSION,NO
INT-0006191,804,CMP-0014,02/09/2025, Click ,No 
INT-0006192,296,CMP-0002,20 Feb 2025, Trial Signup,No
INT-0006193,275,CMP-0010,28 May 2025,Impression ,No 
INT-0006194,1245,CMP-0009,07/26/2025,CLICK,No 
INT-0006195,1068,CMP-0030,01/05/2025, Demo Request,No
INT-0006196,1459,CMP-0006,2025-05-15,email open, No 
INT-0006197,184,CMP-0001,24/11/2025,EMAIL OPEN, No 
INT-0006198,687,CMP-0025,21 Feb 2025, Click,No 
INT-0006199,835,CMP-0023,15-06-2025, Email Open ,No 
INT-0006200,844,CMP-0007,09/19/2025,Email Open ,yes
INT-0006201,21,CMP-0003,"May 28, 2025",Website Visit ,NO
INT-0006202,486,CMP-0030,03/06/2025,trial signup,No
INT-0006203,10,CMP-9012,26/08/2025, Trial Signup , No
INT-0006204,898,CMP-0019,02/02/2025, Website Visit ,No
INT-0006205,235,CMP-0030,05/28/2025,Demo Request ,Yes 
INT-0006206,246,CMP-0003,20/04/2025,Demo Request ,NO
INT-0006207,120,CMP-0016,31/05/2025, Impression ,Yes
INT-0006208,123,CMP-0013,05/03/2025,WEBSITE VISIT, Yes
INT-0006209,1439,CMP-0028,"Jun 07, 2025",Click ,No 
INT-0006210,741,CMP-0021,07/24/2025,DEMO REQUEST, No
INT-0006211,1384,CMP-0012,2025-01-29, Website Visit,No 
INT-0006212,986,CMP-0025,04-09-2025,click, No
INT-0006213,1272,CMP-0023,2025-09-23,WEBSITE VISIT,No 
INT-0006214,879,CMP-0012,16 Jan 2025,Email Open ,No
INT-0006215,1461,CMP-0025,02/11/2025, Email Open ,yes
INT-0006216,1181,CMP-0024,2025-02-09, Website Visit, Yes 
INT-0006217,883,CMP-0003,09/02/2025,TRIAL SIGNUP,No
INT-0006218,1465,CMP-0028,"Jun 05, 2025",impression,NO
INT-0006219,729,CMP-0024,07/06/2025, Website Visit , No 
INT-0006220,1431,CMP-0015,2025-11-21,Demo Request , No 
INT-0006221,515,CMP-0019,03/26/2025, Click , No 
INT-0006222,836,CMP-0006,01/02/2025,Website Visit ,no
INT-0006223,1346,CMP-0027,05/05/2025, Click ,no
INT-0006224,87,CMP-0001,"Aug 28, 2025",Demo Request ,No
INT-0006225,231,CMP-0003,12/23/2025,Click,YES
INT-0006226,326,,20/01/2025,Trial Signup ,No
INT-0006227,362,CMP-0029,2025-11-06,EMAIL OPEN,yes
INT-0006228,1276,CMP-0010,2025-10-09,CLICK,No
INT-0006229,543,CMP-0016,2025-08-20,click,no
INT-0006230,535,CMP-0005,11/02/2025,IMPRESSION,no
INT-0006231,756,CMP-0021,11/23/2025,Trial Signup, No 
INT-0006232,334,CMP-0006,17 Jul 2025, Website Visit,no
INT-0006233,771,CMP-0003,23/05/2025, Trial Signup,yes
INT-0006234,96,CMP-0027,09/30/2025,Email Open ,No 
INT-0006235,933,CMP-0007,"Aug 15, 2025",Trial Signup,No
INT-0006236,216,CMP-0006,17/11/2025,Impression,No
INT-0006237,766,,09/09/2025,Website Visit,No 
INT-0006238,1241,CMP-0021,28-01-2025,demo request,No
INT-0006239,1079,CMP-0004,"Jan 08, 2025",Demo Request, No
INT-0006240,1020,CMP-0027,04-01-2025, Click,No 
INT-0006241,545,CMP-0029,2025-12-04, Trial Signup , No
INT-0006242,612,CMP-0020,03 Nov 2025,Email Open,No
INT-0006243,1236,CMP-0023,10 Sep 2025,Demo Request ,NO
INT-0006244,428,CMP-0020,30 Oct 2025,trial signup,No 
INT-0006245,1063,CMP-0018,02/05/2025,Website Visit, No 
INT-0006246,372,CMP-0029,"Dec 01, 2025",Impression,YES
INT-0006247,610,CMP-0019,26 Nov 2025,website visit,no
INT-0006248,307,CMP-0004,19-06-2025, Email Open, No
INT-0006249,35,CMP-0004,21/10/2025,impression,no
INT-0006250,1486,CMP-0012,"Mar 01, 2025",Click ,No 
INT-0006251,549,CMP-0003,2025-07-04,trial signup,no
INT-0006252,189,CMP-0003,03-06-2025,WEBSITE VISIT, No 
INT-0006253,1026,CMP-0009,06 Jun 2025,Trial Signup,YES
INT-0006254,800,CMP-0009,17 Jul 2025, Website Visit ,NO
INT-0006255,625,CMP-0005,05/13/2025, Email Open , Yes 
INT-0006256,753,CMP-0025,17/04/2025, Impression ,NO
INT-0006257,787,CMP-0006,24 Aug 2025,Click ,No 
INT-0006258,230,CMP-0009,17-05-2025,Impression, No 
INT-0006259,1104,CMP-0001,12 May 2025,Demo Request ,no
INT-0006260,1154,CMP-0014,2025-10-31,CLICK, Yes
INT-0006261,1336,CMP-0029,02/25/2025,demo request,no
INT-0006262,212,CMP-0016,"Nov 10, 2025",trial signup, No
INT-0006263,281,CMP-0030,08/04/2025, Click , No 
INT-0006264,97,CMP-0030,02/27/2025,Trial Signup ,No 
INT-0006265,1203,CMP-0011,06 Oct 2025, Trial Signup ,No 
INT-0006266,906,CMP-0017,2025-02-01, Email Open,No
INT-0006267,613,CMP-0022,26 Jan 2025,Email Open,No 
INT-0006268,702,CMP-0030,17-09-2025,CLICK,no
INT-0006269,1050,CMP-0028,2025-08-08,Email Open ,NO
INT-0006270,428,CMP-0020,"Aug 18, 2025",Demo Request, Yes
INT-0006271,82,CMP-0014,"Jun 06, 2025", Trial Signup ,NO
INT-0006272,875,CMP-0015,11/17/2025,Trial Signup ,no
INT-0006273,1361,CMP-0023,2025-08-29, Click ,yes
INT-0006274,978,CMP-0019,2025-12-14,Email Open ,NO
INT-0006275,672,CMP-0020,18/09/2025,Demo Request,No
INT-0006276,608,CMP-0008,15/02/2025, Click, No
INT-0006277,934,CMP-0011,23/03/2025,Trial Signup ,No 
INT-0006278,888,CMP-0020,10/07/2025,Demo Request ,NO
INT-0006279,287,CMP-0003,2025-06-13,website visit, Yes
INT-0006280,78,CMP-0026,2025-08-16,WEBSITE VISIT,Yes
INT-0006281,783,CMP-0011,11/25/2025,Impression ,No 
INT-0006282,942,CMP-0016,03/02/2025, Impression,NO
INT-0006283,918,CMP-0007,05/09/2025,impression,no
INT-0006284,451,CMP-0004,08/30/2025, Click,NO
INT-0006285,1145,CMP-0007,06-08-2025,TRIAL SIGNUP, Yes 
INT-0006286,111,CMP-0028,2025-03-12, Trial Signup, No 
INT-0006287,865,CMP-0019,26 Aug 2025,Website Visit , Yes
INT-0006288,1049,CMP-0020,21-09-2025,Impression, Yes 
INT-0006289,1290,CMP-0025,20 Sep 2025,trial signup,YES
INT-0006290,411,CMP-0026,10/09/2025,Demo Request,no
INT-0006291,1181,CMP-0005,03/03/2025,IMPRESSION, No
INT-0006292,1003,CMP-0019,"Feb 01, 2025", Website Visit ,no
INT-0006293,406,CMP-0018,29-08-2025,Email Open ,Yes
INT-0006294,311,CMP-0024,2025-11-13, Trial Signup ,YES
INT-0006295,90,CMP-0025,14/08/2025, Email Open ,No
INT-0006296,178,CMP-0021,05 Jun 2025,demo request, Yes 
INT-0006297,893,CMP-0018,"Sep 16, 2025",Click,no
INT-0006298,1329,CMP-0006,04-11-2025,Website Visit , No 
INT-0006299,1142,CMP-0013,05/18/2025,EMAIL OPEN, No 
INT-0006300,1363,CMP-0008,31-01-2025, Email Open,no
INT-0006301,1276,CMP-0023,28/10/2025,Demo Request , No
INT-0006302,125,CMP-0005,"Jul 02, 2025",Email Open, Yes 
INT-0006303,150,CMP-0002,01/15/2025,email open,No
INT-0006304,828,CMP-0004,13 Dec 2025, Demo Request, Yes
INT-0006305,1483,CMP-0009,16/03/2025,click,YES
INT-0006306,1500,CMP-0009,30-10-2025,IMPRESSION,No 
INT-0006307,275,CMP-0002,05 Jul 2025,DEMO REQUEST, Yes 
INT-0006308,1223,CMP-0023,11 Sep 2025,website visit,No 
INT-0006309,415,CMP-0014,06-05-2025,Email Open,No 
INT-0006310,1162,CMP-0030,06-12-2025, Click ,no
INT-0006311,1050,CMP-0015,02-03-2025, Website Visit,no
INT-0006312,1471,CMP-0008,2025-08-23,Demo Request , No
INT-0006313,506,CMP-0030,09-11-2025,Website Visit,NO
INT-0006314,1013,CMP-0013,2025-07-25, Trial Signup,yes
INT-0006315,1101,CMP-0025,14 Oct 2025, Impression ,YES
INT-0006316,1135,CMP-0025,27 Jan 2025,Trial Signup ,Yes
INT-0006317,285,CMP-0004,2025-08-29, Click,no
INT-0006318,113,CMP-0030,06/12/2025,Email Open ,NO
INT-0006319,1347,CMP-0019,16/08/2025,Impression, No 
INT-0006320,90,CMP-0008,03/09/2025, Demo Request, No
INT-0006321,896,CMP-0026,01/11/2025,TRIAL SIGNUP,No
INT-0006322,282,CMP-0021,03/07/2025, Click, Yes
INT-0006323,42,CMP-0013,26-03-2025, Demo Request , No
INT-0006324,1176,CMP-0016,07/13/2025,Impression ,No
INT-0006325,166,CMP-0019,15/01/2025,Demo Request ,yes
INT-0006326,1427,CMP-0029,18-05-2025,Click,NO
INT-0006327,286,CMP-0004,2025-12-24,Impression ,No
INT-0006328,1299,CMP-0018,26-09-2025,Click ,NO
INT-0006329,261,CMP-0004,10/01/2025,Trial Signup,yes
INT-0006330,249,CMP-0029,16/07/2025, Trial Signup ,YES
INT-0006331,522,CMP-0019,"Mar 31, 2025",WEBSITE VISIT,no
INT-0006332,239,CMP-0029,2025-03-09,Demo Request, No 
INT-0006333,337,CMP-0001,02/10/2025, Click,No
INT-0006334,1425,CMP-0022,24 Sep 2025,Demo Request,NO
INT-0006335,1439,CMP-0001,23/06/2025,Website Visit, No 
INT-0006336,13,CMP-0018,06/07/2025,Click,no
INT-0006337,304,CMP-0003,08-12-2025,Impression , No 
INT-0006338,261,CMP-0003,2025-10-18,Click, Yes
INT-0006339,384,CMP-0007,24-02-2025,Demo Request ,Yes 
INT-0006340,1273,CMP-0028,2025-10-28, Impression, No 
INT-0006341,1070,CMP-0007,19-02-2025,Demo Request , Yes
INT-0006342,838,CMP-0025,21 Dec 2025,demo request, No
INT-0006343,1436,CMP-0027,27-02-2025,EMAIL OPEN,No 
INT-0006344,729,CMP-0026,08-10-2025,trial signup,NO
INT-0006345,1421,CMP-0016,07/29/2025,email open,NO
INT-0006346,515,CMP-0023,03-06-2025,demo request,Yes 
INT-0006347,1294,CMP-0008,29 Sep 2025,TRIAL SIGNUP, No
INT-0006348,762,CMP-0021,"Jan 30, 2025",DEMO REQUEST,No 
INT-0006349,967,CMP-0019,22 Jun 2025,Website Visit,Yes 
INT-0006350,522,CMP-0022,2025-08-03,Website Visit ,No 
INT-0006351,1392,CMP-0030,14 Dec 2025,email open,No
INT-0006352,560,CMP-0009,2025-05-14,Impression,no
INT-0006353,1142,CMP-0014,14/02/2025,Email Open,no
INT-0006354,247,,27-06-2025,trial signup,No
INT-0006355,155,CMP-0010,2025-11-02,demo request,no
INT-0006356,870,CMP-0024,20-10-2025,Click ,No 
INT-0006357,96,CMP-0011,"Aug 23, 2025",Trial Signup,No
INT-0006358,369,CMP-0012,01 Feb 2025, Website Visit ,No 
INT-0006359,243,CMP-0001,29/07/2025, Demo Request,no
INT-0006360,54,CMP-0025,23-08-2025, Website Visit ,no
INT-0006361,67,CMP-0004,2025-10-07,Demo Request , No 
INT-0006362,1495,CMP-0001,"Jul 16, 2025",Email Open, No
INT-0006363,44,CMP-0001,09-06-2025,Trial Signup,No 
INT-0006364,1134,CMP-0020,10/05/2025,email open,YES
INT-0006365,412,CMP-0018,2025-08-10, Demo Request ,YES
INT-0006366,627,CMP-0021,29 Jan 2025,Email Open, No 
INT-0006367,277,CMP-0012,2025-07-24, Email Open, Yes
INT-0006368,308,CMP-0014,23/05/2025, Website Visit ,Yes 
INT-0006369,146,CMP-0020,"May 14, 2025",Website Visit, No
INT-0006370,32,CMP-0013,09/14/2025,website visit, No
INT-0006371,1299,CMP-0029,"Aug 17, 2025",Demo Request , No 
INT-0006372,652,CMP-0009,06-01-2025,CLICK,No 
INT-0006373,90,,13-05-2025,email open,No 
INT-0006374,1202,CMP-0008,2025-01-02, Website Visit ,no
INT-0006375,1485,CMP-0024,"Oct 09, 2025",EMAIL OPEN, No 
INT-0006376,450,CMP-0024,09-09-2025, Email Open, No
INT-0006377,555,CMP-0008,09-09-2025, Demo Request, Yes 
INT-0006378,144,CMP-0006,05/30/2025, Website Visit ,YES
INT-0006379,179,CMP-0016,2025-04-25, Website Visit,No 
INT-0006380,1280,CMP-0014,09 Sep 2025,IMPRESSION,No
INT-0006381,500,CMP-0020,2025-11-06,trial signup, No
INT-0006382,208,CMP-0013,01 May 2025,Website Visit,No 
INT-0006383,1236,CMP-0003,19-04-2025,trial signup, Yes
INT-0006384,1499,CMP-0015,2025-07-10,WEBSITE VISIT,no
INT-0006385,380,CMP-0024,2025-07-21,TRIAL SIGNUP, No 
INT-0006386,198,CMP-0021,06-06-2025, Email Open, No
INT-0006387,230,CMP-0001,2025-08-17,Email Open , Yes 
INT-0006388,68,CMP-0022,"Aug 11, 2025", Trial Signup,yes
INT-0006389,896,CMP-0021,27 Sep 2025, Impression ,YES
INT-0006390,1203,CMP-0012,"Dec 14, 2025",EMAIL OPEN,NO
INT-0006391,8,CMP-0018,14 Apr 2025,Click , No
INT-0006392,1143,CMP-0003,03-05-2025, Click,no
INT-0006393,258,CMP-0013,14 Jan 2025, Email Open , No
INT-0006394,628,CMP-0010,"Feb 04, 2025",DEMO REQUEST, No
INT-0006395,409,CMP-0012,11 Feb 2025,trial signup,no
INT-0006396,1193,CMP-0027,2025-07-23, Click , No 
INT-0006397,18,CMP-0024,17-04-2025,trial signup, No 
INT-0006398,641,CMP-0014,2025-12-19, Trial Signup ,No 
INT-0006399,406,CMP-0009,12-07-2025,Email Open, No 
INT-0006400,100,CMP-0005,10/12/2025,Click,No 
INT-0006401,372,CMP-0030,2025-06-09,Click , No 
INT-0006402,1165,CMP-0002,28 Apr 2025,Click, No 
INT-0006403,369,CMP-0006,04/26/2025, Trial Signup,No
INT-0006404,891,CMP-0001,09/11/2025, Demo Request,no
INT-0006405,46,CMP-0019,04 Aug 2025,Email Open ,Yes 
INT-0006406,1448,CMP-0029,"May 22, 2025",Trial Signup , No 
INT-0006407,905,CMP-0012,03/07/2025,IMPRESSION,No 
INT-0006408,1086,CMP-0002,07/11/2025,Trial Signup ,No 
INT-0006409,465,CMP-0002,"Apr 01, 2025",Click , No
INT-0006410,1103,CMP-0014,"Jun 15, 2025",email open,No
INT-0006411,352,CMP-0014,11/02/2025, Email Open,No 
INT-0006412,1042,CMP-0004,"Jul 14, 2025",Click, No 
INT-0006413,402,CMP-0003,06-01-2025,demo request,No
INT-0006414,1346,CMP-0009,04/06/2025,Trial Signup, No 
INT-0006415,615,CMP-0017,2025-03-25, Trial Signup ,YES
INT-0006416,1252,CMP-0003,04/05/2025,IMPRESSION, No 
INT-0006417,210,CMP-0021,23/06/2025,Impression , No
INT-0006418,801,CMP-0025,07/19/2025,Click, No 
INT-0006419,228,CMP-0009,24-02-2025,DEMO REQUEST,Yes
INT-0006420,1035,CMP-0021,29-09-2025,click,NO
INT-0006421,1279,CMP-0022,22 Sep 2025,email open,no
INT-0006422,212,CMP-0022,2025-02-04, Demo Request ,No 
INT-0006423,276,CMP-0003,06/01/2025,trial signup,NO
INT-0006424,674,CMP-0017,"Oct 11, 2025",Impression , Yes
INT-0006425,541,CMP-0009,"Feb 17, 2025", Website Visit, No
INT-0006426,1479,CMP-0021,10 Nov 2025,DEMO REQUEST, No
INT-0006427,1149,CMP-0012,14-03-2025,Email Open ,YES
INT-0006428,1310,CMP-0019,05 Sep 2025, Website Visit,no
INT-0006429,663,CMP-0014,30-12-2025,Demo Request ,Yes 
INT-0006430,1243,CMP-0005,10-03-2025,Impression ,NO
INT-0006431,157,CMP-0001,05 Sep 2025,TRIAL SIGNUP,No
INT-0006432,224,CMP-0013,30-01-2025, Email Open, No
INT-0006433,216,CMP-0029,17-12-2025, Website Visit,NO
INT-0006434,755,CMP-0018,02/14/2025, Demo Request, Yes 
INT-0006435,262,CMP-0029,12/11/2025,Click, No 
INT-0006436,1062,CMP-0024,12/21/2025, Website Visit ,Yes 
INT-0006437,1312,CMP-0022,08 Jun 2025,Impression ,No 
INT-0006438,1143,CMP-0002,2025-08-26,website visit, No 
INT-0006439,179,CMP-0021,20-02-2025,DEMO REQUEST, No 
INT-0006440,68,CMP-0026,12 Jul 2025, Email Open,No
INT-0006441,1173,CMP-0008,14 May 2025,website visit,NO
INT-0006442,764,CMP-0016,2025-02-25, Email Open,No 
INT-0006443,630,CMP-0002,03 Feb 2025, Click,NO
INT-0006444,23,CMP-0030,04/02/2025,Website Visit ,no
INT-0006445,1030,CMP-0028,20/02/2025,email open, Yes
INT-0006446,957,CMP-0003,08 Jun 2025,click, No 
INT-0006447,1183,CMP-0028,01/17/2025,IMPRESSION,no
INT-0006448,1125,CMP-0027,11 Aug 2025,Impression , No 
INT-0006449,1253,CMP-0003,18-05-2025,trial signup,No
INT-0006450,637,CMP-0011,18 Aug 2025,click,No 
INT-0006451,813,CMP-0018,2025-08-14,demo request, No
INT-0006452,608,CMP-0025,08/26/2025, Demo Request , No 
INT-0006453,1035,CMP-0019,09/30/2025,Click, No
INT-0006454,1065,CMP-0025,30/08/2025, Email Open,No 
INT-0006455,1147,CMP-0026,21 Sep 2025, Website Visit,no
INT-0006456,384,CMP-0029,"Feb 03, 2025", Click,no
INT-0006457,1091,CMP-0012,12/02/2025, Demo Request ,no
INT-0006458,586,CMP-0018,08 Apr 2025, Trial Signup,No 
INT-0006459,422,CMP-0013,21-06-2025,WEBSITE VISIT, No
INT-0006460,634,CMP-0025,2025-08-15, Demo Request , No 
INT-0006461,694,CMP-0009,27/08/2025,Click,no
INT-0006462,862,CMP-0007,2025-10-07, Trial Signup ,No
INT-0006463,1029,CMP-0019,2025-01-13, Click,NO
INT-0006464,1331,CMP-0007,2025-08-18,click,No
INT-0006465,1198,CMP-0019,08 Jan 2025, Impression ,No
INT-0006466,1471,CMP-0019,26/07/2025,click, No
INT-0006467,1121,CMP-0018,"Apr 01, 2025",impression, No
INT-0006468,1162,CMP-0005,28 Sep 2025,trial signup,Yes 
INT-0006469,1175,CMP-0019,16/10/2025,click, Yes 
INT-0006470,238,CMP-0001,"Jul 23, 2025",Demo Request , No 
INT-0006471,151,CMP-0019,11/30/2025,click,No
INT-0006472,1407,CMP-0027,2025-12-11,Email Open ,NO
INT-0006473,1105,CMP-0012,11/01/2025,WEBSITE VISIT, No 
INT-0006474,1076,CMP-0017,11/10/2025,Website Visit , No
INT-0006475,542,CMP-0019,12 Dec 2025,Email Open,yes
INT-0006476,722,CMP-0021,09/13/2025, Demo Request ,No
INT-0006477,247,CMP-0029,"Feb 12, 2025", Email Open ,No 
INT-0006478,237,CMP-0021,02/10/2025, Website Visit,No
INT-0006479,646,CMP-0012,2025-06-05,click, No 
INT-0006480,653,CMP-0004,03 Jul 2025, Impression ,NO
INT-0006481,1347,CMP-0013,10-05-2025,demo request,Yes
INT-0006482,268,CMP-0026,28-08-2025,Email Open,no
INT-0006483,997,CMP-0007,21 Mar 2025, Impression,NO
INT-0006484,1283,CMP-0022,14-11-2025,DEMO REQUEST,no
INT-0006485,59,CMP-0001,"Jun 08, 2025", Demo Request ,No 
INT-0006486,649,CMP-0024,03/20/2025, Impression , No
INT-0006487,13,CMP-0018,"Jul 05, 2025",DEMO REQUEST, No 
INT-0006488,416,CMP-0002,28/10/2025,IMPRESSION,no
INT-0006489,2,CMP-0021,05-11-2025,Trial Signup ,No
INT-0006490,1225,CMP-0024,04/15/2025,Demo Request, No 
INT-0006491,26,CMP-0025,2025-12-03,impression, No 
INT-0006492,540,CMP-0021,2025-05-30, Impression , No 
INT-0006493,927,CMP-0011,13-07-2025, Demo Request, No
INT-0006494,112,CMP-0027,"Mar 30, 2025",trial signup,NO
INT-0006495,625,CMP-0023,22 Aug 2025,TRIAL SIGNUP,No 
INT-0006496,1481,CMP-0022,28/01/2025, Demo Request, No 
INT-0006497,47,CMP-0008,07-10-2025,Website Visit ,yes
INT-0006498,1045,,21/07/2025, Website Visit, No
INT-0006499,447,CMP-0012,03/06/2025,TRIAL SIGNUP,No 
INT-0006500,703,CMP-0015,"Nov 07, 2025", Demo Request, No 
INT-0006501,968,CMP-9003,06/19/2025,Website Visit,NO
INT-0006502,18,CMP-0008,18-06-2025, Email Open ,No 
INT-0006503,1079,CMP-0012,05/21/2025, Email Open, No
INT-0006504,1452,CMP-0026,09/15/2025,DEMO REQUEST,no
INT-0006505,949,CMP-0023,14-01-2025,Email Open,NO
INT-0006506,1500,CMP-0004,"Jul 10, 2025", Website Visit,NO
INT-0006507,319,CMP-0015,03/09/2025,CLICK,no
INT-0006508,1363,CMP-0021,20-05-2025,Impression ,NO
INT-0006509,806,CMP-0010,03/01/2025, Email Open,no
INT-0006510,635,CMP-0028,23-03-2025,Click,No 
INT-0006511,1200,,"Jun 09, 2025",WEBSITE VISIT,no
INT-0006512,679,CMP-0022,"Jan 20, 2025", Demo Request , No 
INT-0006513,403,CMP-0011,2025-08-24,Impression,No
INT-0006514,1490,,03-04-2025,demo request,NO
INT-0006515,675,CMP-0004,04-12-2025,Demo Request,NO
INT-0006516,1242,CMP-0024,12/27/2025, Trial Signup,NO
INT-0006517,1253,CMP-0018,2025-09-03,click,no
INT-0006518,668,CMP-0025,2025-06-30,Email Open ,no
INT-0006519,854,CMP-0030,"Sep 29, 2025", Demo Request ,No 
INT-0006520,489,CMP-0003,2025-03-24,Website Visit ,no
INT-0006521,768,CMP-0027,2025-09-06,trial signup,No 
INT-0006522,1005,CMP-0015,06/11/2025, Trial Signup,yes
INT-0006523,1324,CMP-0027,02/24/2025,Trial Signup,No 
INT-0006524,609,CMP-0003,2025-05-12,EMAIL OPEN,no
INT-0006525,479,CMP-0016,27-11-2025, Click, No 
INT-0006526,129,CMP-0004,"Jul 06, 2025",DEMO REQUEST,no
INT-0006527,357,CMP-0013,05/05/2025, Trial Signup, Yes 
INT-0006528,1041,CMP-0020,15 Feb 2025, Click,No 
INT-0006529,345,CMP-0003,2025-07-16,website visit,No 
INT-0006530,82,CMP-0006,24-04-2025,Click, No
INT-0006531,81,CMP-0006,15 Oct 2025,impression, No 
INT-0006532,692,CMP-0029,25 Feb 2025,Demo Request ,NO
INT-0006533,274,CMP-0020,01/12/2025,impression, No
INT-0006534,1296,CMP-0018,31 Dec 2025,CLICK, Yes 
INT-0006535,28,CMP-0016,19/02/2025,IMPRESSION,No 
INT-0006536,710,CMP-0020,07 Nov 2025,Impression, No
INT-0006537,1026,CMP-0018,26-12-2025, Website Visit ,NO
INT-0006538,1139,CMP-0029,02/12/2025, Email Open, Yes
INT-0006539,35,CMP-0014,03-03-2025,Trial Signup, No
INT-0006540,1036,CMP-0001,10/30/2025, Trial Signup, No
INT-0006541,1173,CMP-0021,03/02/2025, Website Visit ,No 
INT-0006542,525,CMP-0026,2025-04-23,trial signup,No
INT-0006543,906,CMP-0007,04/07/2025, Trial Signup,No
INT-0006544,232,CMP-0005,21-10-2025, Click ,Yes
INT-0006545,684,CMP-0002,16 Apr 2025,Demo Request , No 
INT-0006546,28,CMP-0028,06/04/2025,DEMO REQUEST, Yes
INT-0006547,739,CMP-0029,04/07/2025,Website Visit ,NO
INT-0006548,398,CMP-0016,"May 09, 2025", Trial Signup ,No 
INT-0006549,834,CMP-0018,"Jan 29, 2025", Email Open , No 
INT-0006550,1144,CMP-0001,2025-08-18, Website Visit ,NO
INT-0006551,423,CMP-0030,26 Sep 2025, Impression , No 
INT-0006552,1018,CMP-0008,22/08/2025, Website Visit, No 
INT-0006553,149,CMP-0024,08 Apr 2025, Impression , No 
INT-0006554,494,CMP-0005,20-06-2025,TRIAL SIGNUP,no
INT-0006555,9,CMP-0014,2025-09-20,Impression, Yes 
INT-0006556,1162,CMP-0006,11/05/2025,Impression,no
INT-0006557,482,CMP-0026,2025-07-12, Email Open,No
INT-0006558,1218,CMP-0023,05 Jan 2025, Demo Request ,no
INT-0006559,1148,CMP-0022,07/02/2025,EMAIL OPEN, No 
INT-0006560,946,CMP-0018,12 Nov 2025,demo request,No 
INT-0006561,395,CMP-0030,2025-10-23,demo request,Yes 
INT-0006562,855,CMP-0027,10/03/2025,Click ,no
INT-0006563,841,CMP-0006,11/01/2025, Website Visit, Yes 
INT-0006564,286,CMP-0013,25-02-2025, Website Visit ,No 
INT-0006565,753,CMP-0023,10/04/2025, Demo Request ,NO
INT-0006566,323,CMP-0014,"Mar 08, 2025",Demo Request , No 
INT-0006567,1417,CMP-0007,22/05/2025,Demo Request,No 
INT-0006568,326,CMP-0005,01/03/2025,demo request, No 
INT-0006569,816,CMP-0015,2025-02-28, Email Open,NO
INT-0006570,1289,CMP-0011,12 Jan 2025,click, No 
INT-0006571,562,CMP-0008,21 Feb 2025,Click ,no
INT-0006572,810,CMP-0025,2025-04-26, Demo Request ,YES
INT-0006573,64,CMP-0023,04/24/2025, Impression ,NO
INT-0006574,1333,CMP-0025,04/03/2025,email open,no
INT-0006575,741,CMP-0012,2025-12-15, Website Visit , No 
INT-0006576,62,CMP-0026,20 Aug 2025,Click ,no
INT-0006577,713,CMP-0010,30 Jun 2025, Impression ,no
INT-0006578,529,CMP-0017,02/21/2025, Email Open ,No
INT-0006579,96,CMP-0007,24/11/2025, Trial Signup, No 
INT-0006580,498,CMP-0014,11 Feb 2025, Email Open ,no
INT-0006581,78,CMP-0008,2025-09-08,impression, No 
INT-0006582,383,CMP-0013,2025-04-04, Website Visit, No
INT-0006583,114,CMP-0011,2025-11-10,Trial Signup,Yes
INT-0006584,559,CMP-0022,"May 28, 2025",impression,NO
INT-0006585,116,CMP-0026,30/04/2025,EMAIL OPEN, No 
INT-0006586,325,CMP-0001,04 Jun 2025, Trial Signup , No
INT-0006587,842,CMP-0029,06 Mar 2025, Impression , No 
INT-0006588,1473,CMP-0019,12-05-2025,CLICK,Yes 
INT-0006589,633,CMP-0020,28-06-2025,Email Open,No 
INT-0006590,732,CMP-0004,30 Oct 2025, Email Open,No 
INT-0006591,444,CMP-0014,"May 10, 2025",Demo Request ,No 
INT-0006592,962,CMP-0006,21 May 2025,click,NO
INT-0006593,1040,CMP-0028,2025-11-03,Trial Signup,no
INT-0006594,1436,CMP-0021,10-12-2025,DEMO REQUEST,No 
INT-0006595,1313,CMP-0001,01/09/2025, Email Open ,No
INT-0006596,509,CMP-0012,"Aug 26, 2025",Website Visit , No
INT-0006597,1063,CMP-0013,14/02/2025, Demo Request,No
INT-0006598,614,CMP-0026,2025-03-14, Impression,yes
INT-0006599,464,CMP-0009,06 Dec 2025, Email Open,NO
INT-0006600,644,CMP-0004,2025-11-12,Click,No
INT-0006601,729,CMP-0017,2025-01-08,Website Visit ,NO
INT-0006602,533,CMP-0005,2025-07-09,Demo Request ,NO
INT-0006603,1484,CMP-0003,2025-06-11,WEBSITE VISIT,NO
INT-0006604,596,CMP-0010,"Jun 02, 2025",EMAIL OPEN,No
INT-0006605,755,CMP-0028,2025-06-08, Trial Signup ,NO
INT-0006606,1246,CMP-0021,2025-04-07,demo request, Yes 
INT-0006607,514,CMP-0026,07 Apr 2025,Impression , No 
INT-0006608,224,CMP-0020,"Sep 08, 2025",email open, No 
INT-0006609,811,CMP-0009,20 Dec 2025, Website Visit, Yes 
INT-0006610,122,CMP-0006,11/13/2025,TRIAL SIGNUP,no
INT-0006611,1044,CMP-0028,01 Jul 2025, Website Visit , No
INT-0006612,450,CMP-0003,"Sep 24, 2025", Demo Request , Yes 
INT-0006613,363,CMP-0012,"Jan 29, 2025", Trial Signup, No 
INT-0006614,1190,CMP-0007,02/14/2025, Email Open,No
INT-0006615,1236,CMP-0020,"Dec 13, 2025",click,no
INT-0006616,1303,CMP-0015,24/07/2025,Demo Request, Yes
INT-0006617,596,CMP-0017,06/05/2025,Click , Yes
INT-0006618,940,CMP-0011,15-01-2025,Impression , Yes 
INT-0006619,509,CMP-0027,2025-07-11, Trial Signup ,no
INT-0006620,1306,CMP-0001,"Nov 11, 2025",EMAIL OPEN,NO
INT-0006621,769,CMP-0025,03 Jun 2025, Impression, No
INT-0006622,1236,CMP-0015,16-02-2025, Click, No 
INT-0006623,82,CMP-0022,03-03-2025,DEMO REQUEST,No
INT-0006624,1159,CMP-0001,"Mar 10, 2025", Website Visit,no
INT-0006625,1431,CMP-0001,25/11/2025, Impression , No 
INT-0006626,516,CMP-0001,03/13/2025, Click ,No
INT-0006627,1487,CMP-0017,18 Nov 2025, Impression,NO
INT-0006628,230,CMP-0022,11-01-2025, Trial Signup ,YES
INT-0006629,76,,20/12/2025, Impression,NO
INT-0006630,891,CMP-0021,05 Sep 2025,Website Visit,No 
INT-0006631,464,CMP-0003,26 Feb 2025,CLICK,No 
INT-0006632,1445,CMP-0019,"Feb 15, 2025",WEBSITE VISIT,Yes
INT-0006633,1121,CMP-0019,15/02/2025,demo request, No
INT-0006634,1500,CMP-0026,"Mar 12, 2025",TRIAL SIGNUP, No
INT-0006635,1230,CMP-0025,14/10/2025, Website Visit,No
INT-0006636,655,,04/10/2025,CLICK,Yes 
INT-0006637,768,CMP-0030,29-09-2025,email open,yes
INT-0006638,283,CMP-0004,08/19/2025,impression,NO
INT-0006639,950,CMP-0030,16-08-2025,TRIAL SIGNUP, No
INT-0006640,986,CMP-0011,"Oct 11, 2025",Trial Signup, No
INT-0006641,866,CMP-0018,"Dec 19, 2025", Impression ,No 
INT-0006642,535,CMP-0010,02/16/2025,IMPRESSION,YES
INT-0006643,1108,CMP-0030,25 Feb 2025, Click ,YES
INT-0006644,825,CMP-0003,"Jan 14, 2025",Impression ,no
INT-0006645,546,CMP-0027,03-09-2025, Click,Yes 
INT-0006646,997,CMP-0008,27 Nov 2025,Demo Request, No
INT-0006647,778,CMP-0021,23 Jul 2025,trial signup,YES
INT-0006648,1089,CMP-0027,02-02-2025, Trial Signup ,NO
INT-0006649,1200,CMP-0012,04 May 2025,click,No 
INT-0006650,709,CMP-0002,2025-12-11, Trial Signup ,NO
INT-0006651,1106,CMP-0013,01/26/2025,Email Open, No 
INT-0006652,700,CMP-0028,10/01/2025,email open,NO
INT-0006653,172,CMP-0008,2025-04-20, Click, No
INT-0006654,953,CMP-0010,02/19/2025,Email Open,no
INT-0006655,655,CMP-0006,18-01-2025,website visit,Yes
INT-0006656,1000,CMP-0019,06 Nov 2025, Impression ,No
INT-0006657,1309,CMP-0025,27 Dec 2025,demo request,No
INT-0006658,1318,CMP-0004,05 Jun 2025,EMAIL OPEN,No 
INT-0006659,1042,CMP-0029,16/11/2025, Email Open , No 
INT-0006660,926,CMP-9022,11-11-2025, Trial Signup ,no
INT-0006661,389,CMP-0019,11/12/2025,email open, No
INT-0006662,146,CMP-0009,12/02/2025,Impression,yes
INT-0006663,1088,CMP-0010,03/31/2025,Email Open ,NO
INT-0006664,184,CMP-0016,18/11/2025,DEMO REQUEST, No 
INT-0006665,850,CMP-0026,26-04-2025,Click,Yes
INT-0006666,400,CMP-0027,28 Feb 2025,Impression,No
INT-0006667,732,CMP-0005,"Jan 30, 2025",WEBSITE VISIT,No 
INT-0006668,1492,CMP-0016,30 Nov 2025,Demo Request ,No 
INT-0006669,192,CMP-0018,2025-06-09, Website Visit,no
INT-0006670,582,CMP-0027,14 Feb 2025, Trial Signup ,NO
INT-0006671,369,CMP-0029,08/01/2025,trial signup,NO
INT-0006672,782,CMP-0001,2025-11-29,Demo Request ,No 
INT-0006673,245,CMP-0009,08-11-2025,TRIAL SIGNUP, No 
INT-0006674,313,CMP-0021,"Apr 08, 2025",Website Visit, No 
INT-0006675,708,CMP-0004,"Feb 23, 2025",Website Visit , No 
INT-0006676,1393,CMP-0027,08-10-2025,Trial Signup , No
INT-0006677,601,CMP-0013,07/06/2025,Trial Signup,Yes 
INT-0006678,563,CMP-0004,08/03/2025,click,YES
INT-0006679,840,CMP-0010,27/09/2025, Website Visit ,YES
INT-0006680,1021,CMP-0007,29 Apr 2025,Impression ,Yes 
INT-0006681,560,CMP-0018,07 Mar 2025,IMPRESSION,No 
INT-0006682,236,CMP-0002,"Mar 27, 2025",email open, No 
INT-0006683,1264,CMP-0023,03 Oct 2025, Website Visit ,No
INT-0006684,65,CMP-0026,29 Jul 2025,Impression ,NO
INT-0006685,532,CMP-0008,06/25/2025,Demo Request,No 
INT-0006686,1071,CMP-0002,2025-04-03, Website Visit,NO
INT-0006687,1267,CMP-0023,23/11/2025, Demo Request , No
INT-0006688,902,CMP-0016,06/15/2025,website visit, No 
INT-0006689,1435,CMP-0016,05/29/2025,Click, No
INT-0006690,1233,CMP-0008,03/08/2025, Click,NO
INT-0006691,742,CMP-0019,10 Jan 2025, Trial Signup, No 
INT-0006692,459,CMP-0017,08 Jan 2025,CLICK,No
INT-0006693,195,CMP-0003,06/07/2025, Email Open ,NO
INT-0006694,1339,CMP-0013,11-06-2025,CLICK, No 
INT-0006695,16,CMP-0022,03/03/2025,Website Visit ,no
INT-0006696,952,CMP-0024,"Dec 13, 2025",Email Open, No 
INT-0006697,1280,CMP-0022,2025-08-08, Website Visit,NO
INT-0006698,959,CMP-0022,08/28/2025, Website Visit , No 
INT-0006699,963,CMP-0005,05/12/2025, Trial Signup,yes
INT-0006700,1493,CMP-0005,2025-11-27,Website Visit ,YES
INT-0006701,1148,CMP-0019,03/12/2025,Click ,YES
INT-0006702,732,CMP-0015,14-05-2025,trial signup, Yes 
INT-0006703,880,CMP-0023,"Jan 10, 2025", Email Open ,No
INT-0006704,247,CMP-0007,2025-03-30, Demo Request, No 
INT-0006705,986,CMP-0004,25 Dec 2025,demo request,no
INT-0006706,1439,CMP-0004,15 Oct 2025,CLICK, No 
INT-0006707,1330,CMP-0010,14-11-2025,Impression ,no
INT-0006708,1253,CMP-0024,"Sep 14, 2025", Email Open ,No 
INT-0006709,1324,CMP-0002,10/29/2025,CLICK, No 
INT-0006710,351,CMP-0021,2025-10-21,Trial Signup,NO
INT-0006711,180,CMP-0006,07/10/2025,Demo Request,No 
INT-0006712,793,CMP-0011,2025-08-09,Trial Signup,No 
INT-0006713,1054,CMP-0021,17 Jun 2025, Trial Signup, No
INT-0006714,1389,CMP-0021,07/17/2025, Trial Signup ,No
INT-0006715,933,CMP-0002,21 Aug 2025,Demo Request, No 
INT-0006716,1424,CMP-0021,"Sep 21, 2025",Email Open ,no
INT-0006717,599,CMP-0026,06/04/2025, Demo Request,No
INT-0006718,480,CMP-0022,07-04-2025, Impression,no
INT-0006719,51,CMP-0005,2025-07-31,Website Visit ,No
INT-0006720,982,CMP-0018,13 Nov 2025,CLICK, No
INT-0006721,1157,CMP-0002,2025-09-09, Email Open ,yes
INT-0006722,478,CMP-0021,22-11-2025,WEBSITE VISIT, No
INT-0006723,911,CMP-0012,29-04-2025,DEMO REQUEST,NO
INT-0006724,1167,CMP-0010,10/29/2025,Trial Signup , No
INT-0006725,606,CMP-0005,10/01/2025,Click,no
INT-0006726,255,CMP-0011,"Dec 19, 2025",Click, No 
INT-0006727,317,CMP-0015,10 Mar 2025,email open,No
INT-0006728,709,CMP-0018,04/11/2025, Email Open , No 
INT-0006729,53,CMP-0024,27/04/2025, Trial Signup, No
INT-0006730,1186,CMP-0013,31-12-2025,demo request, Yes
INT-0006731,52,CMP-0001,23-02-2025, Trial Signup ,No
INT-0006732,888,CMP-0005,14-12-2025,Demo Request ,no
INT-0006733,1308,CMP-0004,23-06-2025,Click,No
INT-0006734,201,CMP-0020,19 Mar 2025,DEMO REQUEST,no
INT-0006735,379,CMP-0008,06 Dec 2025, Click ,no
INT-0006736,234,CMP-0022,2025-12-13, Click , No 
INT-0006737,1085,CMP-0026,02 Mar 2025,IMPRESSION,NO
INT-0006738,34,CMP-0023,14 Jan 2025,Impression,No 
INT-0006739,1489,CMP-0027,"Oct 10, 2025", Trial Signup,No
INT-0006740,460,CMP-0018,"Jul 23, 2025",DEMO REQUEST, No 
INT-0006741,130,CMP-0009,12/02/2025,WEBSITE VISIT,no
INT-0006742,1270,CMP-0021,05/04/2025,Impression , No 
INT-0006743,1012,CMP-0018,2025-11-03,impression, No 
INT-0006744,221,CMP-0019,2025-11-24,Email Open, Yes 
INT-0006745,80,CMP-0012,"Jun 24, 2025",TRIAL SIGNUP,NO
INT-0006746,934,CMP-0022,2025-11-01,Demo Request,No 
INT-0006747,712,CMP-0025,06-10-2025, Trial Signup,no
INT-0006748,1241,CMP-0016,04 Mar 2025, Trial Signup ,Yes
INT-0006749,1181,CMP-0001,2025-07-10,Impression,NO
INT-0006750,638,CMP-0019,05 Apr 2025,CLICK,No 
INT-0006751,1279,CMP-0017,22-05-2025,email open, No 
INT-0006752,864,CMP-0001,08/11/2025,Website Visit, Yes
INT-0006753,1467,CMP-0004,31 Jan 2025,Demo Request,no
INT-0006754,508,CMP-0011,03-12-2025,CLICK, No 
INT-0006755,251,CMP-0024,12/05/2025,Email Open , No
INT-0006756,1022,CMP-0018,2025-07-05, Demo Request,No
INT-0006757,344,CMP-0006,"Dec 14, 2025",Click,NO
INT-0006758,367,CMP-0019,"Oct 28, 2025",Impression, No
INT-0006759,63,CMP-0017,2025-07-19,website visit,No
INT-0006760,487,CMP-0003,"May 05, 2025",demo request, No 
INT-0006761,365,CMP-0024,01/31/2025,Trial Signup ,No
INT-0006762,174,CMP-0008,13 Oct 2025,Trial Signup ,no
INT-0006763,887,CMP-0027,01 Oct 2025,WEBSITE VISIT, No 
INT-0006764,89,CMP-0003,2025-10-27,impression,No
INT-0006765,1464,CMP-0003,05 Jan 2025, Click,no
INT-0006766,708,CMP-0018,28/04/2025,click, No 
INT-0006767,700,CMP-0005,20 Jul 2025, Website Visit,no
INT-0006768,485,CMP-0012,11/01/2025,Email Open , No 
INT-0006769,350,CMP-0002,2025-11-30, Impression,no
INT-0006770,231,CMP-0030,2025-12-08,WEBSITE VISIT,no
INT-0006771,1101,,02/07/2025, Impression, No 
INT-0006772,60,CMP-0005,27 Jan 2025, Website Visit,no
INT-0006773,815,CMP-0001,01/02/2025,Demo Request, No 
INT-0006774,1108,CMP-0016,"Jul 24, 2025", Trial Signup,yes
INT-0006775,480,CMP-0021,03/28/2025,website visit,no
INT-0006776,1131,CMP-0002,"Jan 23, 2025",Impression ,No
INT-0006777,1043,CMP-0026,10/04/2025,WEBSITE VISIT, No
INT-0006778,45,,14/09/2025,Demo Request ,no
INT-0006779,283,CMP-0024,10/27/2025,Impression , No 
INT-0006780,698,CMP-0003,"Jun 14, 2025", Demo Request,yes
INT-0006781,1302,CMP-0020,10 Feb 2025, Email Open ,No 
INT-0006782,1492,CMP-0021,03/08/2025,Email Open ,Yes
INT-0006783,416,CMP-0004,"Jun 10, 2025",email open,NO
INT-0006784,357,CMP-0012,22-11-2025,demo request,NO
INT-0006785,1190,CMP-0030,04-11-2025,Trial Signup ,No
INT-0006786,454,CMP-0014,14-09-2025,Click, No 
INT-0006787,1317,CMP-0022,01/22/2025,website visit,No 
INT-0006788,80,CMP-0018,2025-03-08,Trial Signup,No
INT-0006789,229,CMP-0028,2025-08-27,Trial Signup ,no
INT-0006790,328,CMP-0006,2025-05-29,Email Open ,NO
INT-0006791,502,CMP-0011,01/30/2025,IMPRESSION,no
INT-0006792,597,CMP-0030,04/14/2025,Website Visit , No
INT-0006793,1296,CMP-0029,2025-02-13, Demo Request,No
INT-0006794,945,CMP-0014,12/01/2025,Click, No 
INT-0006795,560,CMP-0021,04-10-2025,website visit, No
INT-0006796,714,CMP-0020,05 Jan 2025, Impression , No 
INT-0006797,1467,CMP-0012,2025-10-08,Click, Yes 
INT-0006798,73,CMP-0023,"Jun 25, 2025",Impression,No
INT-0006799,1376,CMP-0018,02/03/2025, Email Open ,no
INT-0006800,524,CMP-0002,06 Feb 2025, Impression ,No 
INT-0006801,1125,CMP-0026,13 Apr 2025, Trial Signup, No 
INT-0006802,862,CMP-0013,06/09/2025, Click ,No
INT-0006803,1467,CMP-0015,2025-08-24,Demo Request,YES
INT-0006804,929,CMP-0030,21 May 2025,WEBSITE VISIT, No 
INT-0006805,98,CMP-0004,21/02/2025, Demo Request ,No 
INT-0006806,671,CMP-0013,"Oct 09, 2025",email open, No 
INT-0006807,491,CMP-0004,03/13/2025, Website Visit ,NO
INT-0006808,205,CMP-0023,23 Dec 2025,Email Open,Yes
INT-0006809,828,CMP-0029,2025-01-05, Impression,yes
INT-0006810,1422,CMP-0021,"Mar 11, 2025",Trial Signup ,Yes
INT-0006811,537,CMP-0014,11-10-2025,Website Visit,No 
INT-0006812,1412,CMP-0011,03/03/2025, Website Visit ,NO
INT-0006813,438,CMP-0027,2025-06-29,CLICK,No 
INT-0006814,1162,CMP-0003,30-03-2025,IMPRESSION,NO
INT-0006815,169,CMP-0015,09 Oct 2025, Click ,no
INT-0006816,418,CMP-0004,"Apr 13, 2025",EMAIL OPEN, No 
INT-0006817,204,CMP-0028,"Mar 06, 2025",TRIAL SIGNUP, No
INT-0006818,1269,CMP-0002,23 Jul 2025, Website Visit,NO
INT-0006819,851,CMP-0027,20-08-2025, Demo Request,yes
INT-0006820,439,CMP-0030,12/12/2025,trial signup, No 
INT-0006821,89,CMP-0022,10/12/2025,EMAIL OPEN,yes
INT-0006822,1298,CMP-0005,2025-10-07,Impression , No
INT-0006823,66,CMP-0017,11 Nov 2025,Impression ,Yes 
INT-0006824,606,CMP-0025,03/04/2025, Website Visit, No 
INT-0006825,97,CMP-0018,2025-10-18,Trial Signup, No
INT-0006826,945,CMP-0008,03 Jan 2025, Impression,NO
INT-0006827,192,CMP-0029,2025-09-08,Click,Yes 
INT-0006828,328,CMP-0024,10/18/2025,Trial Signup, Yes 
INT-0006829,180,CMP-0003,18/01/2025,IMPRESSION, Yes 
INT-0006830,355,CMP-0024,05/17/2025,Website Visit, Yes
INT-0006831,945,CMP-0025,16/12/2025,Email Open ,no
INT-0006832,825,CMP-0002,27/01/2025,Email Open ,Yes
INT-0006833,36,CMP-0016,15 Jan 2025, Email Open,no
INT-0006834,127,CMP-0002,13-06-2025, Click ,Yes 
INT-0006835,812,CMP-0027,2025-03-10,IMPRESSION,yes
INT-0006836,605,CMP-0008,2025-04-14, Demo Request ,Yes 
INT-0006837,292,CMP-0003,2025-09-21,TRIAL SIGNUP,No 
INT-0006838,906,CMP-0028,2025-12-08,Demo Request , No 
INT-0006839,929,CMP-0022,2025-04-03, Trial Signup,Yes
INT-0006840,492,CMP-0011,10/03/2025, Email Open,No
INT-0006841,90,CMP-0028,04-05-2025,Email Open,No
INT-0006842,520,CMP-0005,29/06/2025,Impression, No 
INT-0006843,880,CMP-0009,05/03/2025, Trial Signup , No 
INT-0006844,611,CMP-0030,04/11/2025, Trial Signup ,No
INT-0006845,1095,CMP-0019,06/29/2025, Click,No 
INT-0006846,485,CMP-0014,09/07/2025,IMPRESSION,no
INT-0006847,1405,CMP-0010,"Jan 11, 2025", Demo Request ,no
INT-0006848,1050,CMP-0015,09/11/2025, Website Visit,NO
INT-0006849,636,CMP-0009,"May 14, 2025",Demo Request ,Yes
INT-0006850,1373,CMP-0012,29-07-2025,website visit,Yes 
INT-0006851,527,CMP-0024,"Sep 11, 2025", Email Open, No 
INT-0006852,541,CMP-0002,10/03/2025,DEMO REQUEST, No 
INT-0006853,5,CMP-0018,01/19/2025, Demo Request, No
INT-0006854,145,CMP-0029,08/03/2025,Website Visit,No
INT-0006855,642,CMP-0023,06 Apr 2025, Website Visit, No 
INT-0006856,434,CMP-0022,19 Jun 2025, Impression,No 
INT-0006857,1490,CMP-0003,27/02/2025, Impression , No
INT-0006858,1203,CMP-0030,"Dec 08, 2025", Trial Signup ,no
INT-0006859,627,CMP-0008,"Jun 20, 2025", Email Open,Yes
INT-0006860,352,CMP-0030,07/11/2025, Website Visit, Yes
INT-0006861,1101,CMP-0014,"Jun 24, 2025",Website Visit, No 
INT-0006862,432,CMP-0002,2025-11-15,Email Open , Yes
INT-0006863,1004,CMP-0029,21/06/2025,Website Visit, No 
INT-0006864,24,CMP-0007,2025-08-16,Trial Signup ,No
INT-0006865,173,CMP-0012,23 Dec 2025,trial signup,NO
INT-0006866,808,CMP-0013,17 Dec 2025, Impression ,no
INT-0006867,271,CMP-0001,09/03/2025,DEMO REQUEST,Yes
INT-0006868,1191,CMP-0001,08-04-2025,website visit, No
INT-0006869,74,CMP-0015,05/30/2025, Demo Request , Yes 
INT-0006870,1049,CMP-0006,22/06/2025, Demo Request,No
INT-0006871,960,CMP-0028,30 Jan 2025,Click ,NO
INT-0006872,916,CMP-0005,2025-07-16,Click ,No
INT-0006873,1216,CMP-0028,10 Oct 2025,demo request, No
INT-0006874,709,CMP-0018,12-05-2025,EMAIL OPEN,No
INT-0006875,1062,CMP-0028,28 Jul 2025,WEBSITE VISIT, No 
INT-0006876,1324,CMP-0006,07/09/2025,click,No 
INT-0006877,702,CMP-0018,04/05/2025,Click ,No
INT-0006878,1216,CMP-0017,07/06/2025,Impression ,No 
INT-0006879,531,CMP-0001,2025-03-13, Demo Request , No
INT-0006880,1140,CMP-0024,16 May 2025,Click ,No
INT-0006881,778,CMP-0020,09 Feb 2025,CLICK,Yes
INT-0006882,1381,CMP-0001,20-06-2025,DEMO REQUEST,No 
INT-0006883,540,CMP-0027,01 Apr 2025,Impression ,NO
INT-0006884,498,CMP-0023,"May 11, 2025", Click , No 
INT-0006885,541,CMP-0010,21/03/2025, Email Open, Yes 
INT-0006886,1256,CMP-0014,30/09/2025,Demo Request ,No 
INT-0006887,288,CMP-0002,14-01-2025,demo request,No 
INT-0006888,549,CMP-0008,"Sep 20, 2025",Impression, No 
INT-0006889,186,CMP-0022,22-08-2025,WEBSITE VISIT, No 
INT-0006890,1142,CMP-0010,10 Jul 2025,Email Open, No
INT-0006891,853,CMP-0015,10/01/2025, Impression , Yes
INT-0006892,1094,CMP-0009,26 Sep 2025,Demo Request , Yes 
INT-0006893,593,CMP-0006,"May 30, 2025",Impression ,No
INT-0006894,478,CMP-0005,10 Feb 2025,email open,yes
INT-0006895,425,CMP-0027,10/13/2025,CLICK, No 
INT-0006896,595,CMP-0013,07/04/2025, Email Open,No 
INT-0006897,842,CMP-0018,27/07/2025,Website Visit ,NO
INT-0006898,736,CMP-0028,07-07-2025,Trial Signup ,NO
INT-0006899,912,CMP-0002,20-05-2025, Website Visit ,no
INT-0006900,477,CMP-0015,"Aug 15, 2025",EMAIL OPEN,YES
INT-0006901,1222,CMP-0029,27-10-2025,CLICK,No 
INT-0006902,896,CMP-0010,2025-01-04,Trial Signup, No 
INT-0006903,1241,CMP-0025,2025-07-20,EMAIL OPEN,No 
INT-0006904,1086,CMP-0022,25-06-2025, Website Visit, No
INT-0006905,1124,CMP-0009,16-08-2025,EMAIL OPEN, No
INT-0006906,1475,CMP-0015,"Oct 30, 2025",IMPRESSION,no
INT-0006907,303,CMP-0026,06/12/2025,Impression,NO
INT-0006908,969,CMP-0004,31/10/2025, Click , No
INT-0006909,1166,CMP-0026,27-06-2025,impression, No
INT-0006910,562,CMP-0023,14 Feb 2025,trial signup, Yes 
INT-0006911,549,CMP-0020,"Sep 14, 2025",Click , No
INT-0006912,322,CMP-0009,"Aug 05, 2025",Website Visit,No
INT-0006913,219,CMP-0013,2025-01-23, Trial Signup,No
INT-0006914,684,CMP-0024,2025-10-19,Website Visit ,NO
INT-0006915,1064,CMP-0006,27-05-2025,Demo Request, No 
INT-0006916,102,CMP-0014,04-11-2025,Demo Request,NO
INT-0006917,674,CMP-0028,12/07/2025, Click, No
INT-0006918,1497,CMP-0008,27/08/2025,Demo Request, Yes
INT-0006919,1042,CMP-0011,16-07-2025,WEBSITE VISIT, No
INT-0006920,350,CMP-0029,01/08/2025,Trial Signup, No
INT-0006921,1479,CMP-0022,"May 10, 2025",trial signup, Yes
INT-0006922,836,CMP-0018,21-04-2025, Click,Yes 
INT-0006923,1451,CMP-0002,15 Jul 2025, Click,No 
INT-0006924,463,CMP-0011,17 Nov 2025,Impression , No 
INT-0006925,295,CMP-0017,23/10/2025,Impression,no
INT-0006926,192,CMP-0010,03 Jul 2025, Impression, No 
INT-0006927,1281,CMP-0011,20/01/2025, Website Visit, No
INT-0006928,508,CMP-0029,"Oct 07, 2025", Email Open , Yes 
INT-0006929,623,CMP-0023,06-12-2025, Email Open ,No 
INT-0006930,1285,CMP-0004,03/05/2025,TRIAL SIGNUP,No
INT-0006931,552,CMP-0023,09/19/2025,WEBSITE VISIT,Yes 
INT-0006932,1330,CMP-0007,13 Oct 2025, Impression,No 
INT-0006933,1143,CMP-0028,05/23/2025,TRIAL SIGNUP,NO
INT-0006934,1493,CMP-0029,12-05-2025,Demo Request ,No 
INT-0006935,1164,CMP-0023,2025-09-29,Trial Signup , No 
INT-0006936,876,CMP-0027,01/16/2025,Website Visit,no
INT-0006937,542,CMP-0016,12-01-2025,Click, No 
INT-0006938,1015,CMP-0005,14-01-2025, Website Visit ,Yes 
INT-0006939,222,CMP-0025,2025-04-28,Demo Request ,No 
INT-0006940,128,CMP-0026,12/02/2025,trial signup,NO
INT-0006941,78,CMP-0017,09 Feb 2025, Click,no
INT-0006942,1093,CMP-0010,"Oct 25, 2025",Click, No
INT-0006943,1155,CMP-0012,"Apr 11, 2025",IMPRESSION,No 
INT-0006944,1047,CMP-0009,"Nov 27, 2025",website visit, No 
INT-0006945,605,CMP-0030,2025-07-17,EMAIL OPEN, No
INT-0006946,358,CMP-0027,28/11/2025, Click,No 
INT-0006947,1177,CMP-0005,14/06/2025,CLICK,No 
INT-0006948,1382,CMP-0015,09/12/2025,Impression,No 
INT-0006949,981,CMP-0005,17 Jun 2025, Website Visit , No 
INT-0006950,598,CMP-0003,04/27/2025,email open,yes
INT-0006951,426,CMP-0021,"Mar 30, 2025",Trial Signup,yes
INT-0006952,711,CMP-0022,2025-09-29, Website Visit ,NO
INT-0006953,978,CMP-0010,20-09-2025,Trial Signup , No 
INT-0006954,1048,CMP-0004,10/08/2025,Website Visit ,NO
INT-0006955,102,CMP-0001,21 May 2025,impression,no
INT-0006956,542,CMP-0025,13/08/2025,CLICK, No 
INT-0006957,1278,,25 May 2025,Click, Yes
INT-0006958,1449,CMP-0005,02 Aug 2025,Demo Request ,NO
INT-0006959,354,CMP-0004,05 May 2025, Trial Signup,No 
INT-0006960,850,CMP-0029,04 Jul 2025,click, No 
INT-0006961,898,CMP-0017,11/18/2025,demo request, No
INT-0006962,92,CMP-0024,18-07-2025,Email Open ,NO
INT-0006963,1306,CMP-0018,31-12-2025,impression, No 
INT-0006964,111,CMP-0027,25 Nov 2025,Website Visit,No 
INT-0006965,769,CMP-0016,"Sep 28, 2025",website visit,NO
INT-0006966,115,CMP-0012,"Mar 13, 2025", Email Open,No
INT-0006967,743,CMP-0025,"Apr 09, 2025", Click,No 
INT-0006968,1050,CMP-0015,15 Sep 2025,Website Visit , No 
INT-0006969,232,CMP-0005,04 Sep 2025,Website Visit ,no
INT-0006970,231,CMP-0018,"Sep 15, 2025",TRIAL SIGNUP, No 
INT-0006971,13,CMP-0025,"Dec 23, 2025",Demo Request , No 
INT-0006972,385,CMP-0012,15/09/2025,Email Open ,yes
INT-0006973,627,CMP-0018,09/04/2025, Click , No 
INT-0006974,175,CMP-0009,11 Jul 2025,IMPRESSION,No
INT-0006975,730,CMP-0021,2025-03-27, Email Open,no
INT-0006976,1094,CMP-0020,08-03-2025,website visit,No 
INT-0006977,1162,CMP-0025,30 Jul 2025, Trial Signup ,no
INT-0006978,1456,CMP-0027,30 Jul 2025, Website Visit ,No
INT-0006979,387,CMP-0026,03/11/2025, Click ,No
INT-0006980,1419,CMP-0008,"Oct 21, 2025", Click ,YES
INT-0006981,576,CMP-0003,2025-06-06, Email Open,No 
INT-0006982,814,CMP-0018,04/08/2025,impression, No 
INT-0006983,153,CMP-0002,2025-11-13, Click, No 
INT-0006984,695,CMP-0022,05/19/2025,IMPRESSION,no
INT-0006985,525,CMP-0004,"Sep 06, 2025",WEBSITE VISIT,no
INT-0006986,1094,CMP-0002,"Apr 05, 2025",Impression,No
INT-0006987,749,CMP-0020,24-09-2025, Demo Request, No
INT-0006988,1429,CMP-0030,"Sep 25, 2025",Website Visit,NO
INT-0006989,398,CMP-0027,14-03-2025, Impression, No 
INT-0006990,229,CMP-0020,30 Oct 2025,Click ,no
INT-0006991,15,CMP-0009,"Jun 03, 2025",website visit, Yes 
INT-0006992,887,CMP-0023,26/10/2025,click,no
INT-0006993,983,CMP-0021,01-02-2025, Click,no
INT-0006994,527,CMP-0023,21 Jan 2025,DEMO REQUEST,No
INT-0006995,9,CMP-0004,"Nov 21, 2025",impression,no
INT-0006996,418,CMP-0009,20-07-2025, Trial Signup ,No 
INT-0006997,526,CMP-0005,02/22/2025, Website Visit,No
INT-0006998,672,CMP-0002,11/18/2025,demo request, No
INT-0006999,553,CMP-0008,2025-07-04, Demo Request ,YES
INT-0007000,681,CMP-0030,"Jul 14, 2025",EMAIL OPEN, No 
INT-0007001,443,CMP-0014,31 Jul 2025,Impression,No 
INT-0007002,775,CMP-0007,"Jul 06, 2025",Demo Request,YES
INT-0007003,555,CMP-0008,"Nov 29, 2025",Demo Request , No
INT-0007004,193,CMP-0016,2025-12-07,Website Visit ,yes
INT-0007005,1309,CMP-0008,2025-10-20,website visit, No 
INT-0007006,358,CMP-0021,07 Oct 2025,click,No
INT-0007007,750,CMP-0017,2025-08-18, Trial Signup, Yes
INT-0007008,1327,CMP-0017,08/28/2025, Demo Request ,No 
INT-0007009,76,CMP-0019,06 Mar 2025,IMPRESSION,No 
INT-0007010,473,CMP-0026,"Jun 18, 2025",Demo Request,No
INT-0007011,485,CMP-0029,01/08/2025,Demo Request , No
INT-0007012,788,CMP-0015,02 Jun 2025, Website Visit ,NO
INT-0007013,201,CMP-0008,2025-03-19, Click ,no
INT-0007014,1435,CMP-0006,04/26/2025,trial signup, No
INT-0007015,974,CMP-0020,02 Aug 2025,Click,yes
INT-0007016,76,CMP-0030,2025-07-25, Impression ,no
INT-0007017,945,CMP-0002,04/13/2025,Email Open,no
INT-0007018,504,CMP-0017,24/10/2025,CLICK,No 
INT-0007019,375,CMP-0003,03-01-2025, Email Open ,no
INT-0007020,234,CMP-0006,"Jan 29, 2025",website visit, No 
INT-0007021,898,CMP-0020,02-11-2025,EMAIL OPEN,YES
INT-0007022,1448,CMP-0013,03-10-2025,Email Open,Yes 
INT-0007023,926,CMP-0002,24 Feb 2025, Email Open,No 
INT-0007024,836,CMP-0029,02-10-2025,click, No
INT-0007025,987,CMP-0029,04/12/2025,CLICK, Yes 
INT-0007026,543,CMP-0020,"Jan 15, 2025", Click ,Yes
INT-0007027,429,CMP-0005,12/21/2025,TRIAL SIGNUP,no
INT-0007028,771,CMP-0002,21 Apr 2025,DEMO REQUEST,No
INT-0007029,915,CMP-0028,"Apr 03, 2025",Email Open,Yes
INT-0007030,248,CMP-0022,19-01-2025,trial signup, Yes 
INT-0007031,554,CMP-0007,16-09-2025,Impression,no
INT-0007032,536,CMP-0013,2025-04-29, Demo Request ,Yes 
INT-0007033,320,CMP-0030,2025-11-12, Impression,NO
INT-0007034,571,CMP-0015,20-09-2025, Click,No 
INT-0007035,913,CMP-0003,01-02-2025,DEMO REQUEST,YES
INT-0007036,1431,,2025-11-23,Click, No 
INT-0007037,372,CMP-0030,2025-06-17,Demo Request,NO
INT-0007038,1201,CMP-0030,09-06-2025,Trial Signup,no
INT-0007039,1192,CMP-0025,16 Jan 2025,Website Visit, No
INT-0007040,943,CMP-0022,24 Oct 2025,demo request,No
INT-0007041,1249,CMP-0019,05-08-2025,Demo Request,yes
INT-0007042,436,CMP-0023,13/12/2025,Trial Signup ,no
INT-0007043,885,CMP-0009,10-07-2025, Trial Signup , Yes
INT-0007044,80,CMP-0004,"Feb 12, 2025",Demo Request ,Yes 
INT-0007045,961,CMP-0004,26-01-2025,Website Visit,No
INT-0007046,1218,CMP-0007,"Sep 18, 2025", Website Visit,No 
INT-0007047,328,CMP-0023,20/07/2025, Trial Signup,NO
INT-0007048,1187,CMP-0010,13/09/2025,Trial Signup ,No 
INT-0007049,844,CMP-0014,04-07-2025,Impression,Yes 
INT-0007050,118,CMP-0027,2025-08-25, Impression, No
INT-0007051,400,CMP-0029,10/07/2025,email open,no
INT-0007052,1221,CMP-0030,"Dec 29, 2025", Impression, No
INT-0007053,610,CMP-0002,2025-02-12,Click ,NO
INT-0007054,183,CMP-0029,20/12/2025,EMAIL OPEN,No
INT-0007055,115,CMP-0027,16/08/2025, Trial Signup, No 
INT-0007056,420,CMP-0008,"May 27, 2025",Click,YES
INT-0007057,367,CMP-0021,02/02/2025,CLICK,YES
INT-0007058,16,CMP-0010,2025-03-26,Email Open,No 
INT-0007059,156,CMP-0020,2025-08-04,Click,NO
INT-0007060,1403,CMP-0004,08/23/2025, Email Open ,No 
INT-0007061,1302,CMP-0020,28/10/2025,impression,NO
INT-0007062,1184,CMP-0024,17-07-2025,Impression , No 
INT-0007063,1047,CMP-0020,31/03/2025,Impression ,No
INT-0007064,988,CMP-0004,28 Jul 2025,Demo Request,no
INT-0007065,839,CMP-0025,2025-04-14,Website Visit ,no
INT-0007066,1255,CMP-0024,2025-12-11, Trial Signup , No 
INT-0007067,1493,CMP-0005,27-09-2025,website visit,NO
INT-0007068,1223,CMP-9008,"Jul 07, 2025",IMPRESSION,no
INT-0007069,162,CMP-0021,22 Dec 2025,website visit,No
INT-0007070,227,CMP-0021,04/14/2025, Demo Request, No 
INT-0007071,720,CMP-0024,26 Sep 2025,Website Visit, No 
INT-0007072,7,CMP-0023,2025-06-16, Click,Yes 
INT-0007073,1353,CMP-0014,09/19/2025,Demo Request ,No
INT-0007074,919,CMP-0028,08-02-2025, Trial Signup ,No 
INT-0007075,1103,CMP-0024,2025-11-16,Demo Request,no
INT-0007076,360,CMP-0027,2025-10-17,CLICK, No 
INT-0007077,653,CMP-0011,21-09-2025, Website Visit,no
INT-0007078,416,CMP-0006,20-01-2025,TRIAL SIGNUP, No
INT-0007079,689,CMP-0003,09/07/2025, Website Visit , No 
INT-0007080,987,CMP-0028,24 Nov 2025,Impression , No 
INT-0007081,274,CMP-0030,"Oct 20, 2025",TRIAL SIGNUP,no
INT-0007082,469,CMP-0004,23-04-2025,CLICK,yes
INT-0007083,1381,CMP-0001,05/28/2025, Impression ,No
INT-0007084,885,CMP-0029,12/11/2025,WEBSITE VISIT,No
INT-0007085,1414,CMP-0024,2025-01-30, Website Visit ,No 
INT-0007086,783,CMP-0029,16/04/2025, Email Open, No 
INT-0007087,1016,CMP-0010,"Dec 17, 2025",Click,YES
INT-0007088,934,CMP-0015,28-09-2025,Click ,Yes
INT-0007089,574,CMP-0026,12/14/2025, Email Open ,no
INT-0007090,1018,CMP-0009,2025-12-01,Impression ,no
INT-0007091,161,CMP-0023,03/22/2025,TRIAL SIGNUP,YES
INT-0007092,434,CMP-0014,10-07-2025,Click,no
INT-0007093,426,CMP-0014,28-10-2025, Website Visit ,No 
INT-0007094,1222,CMP-0029,2025-04-20,IMPRESSION, No
INT-0007095,141,CMP-0010,2025-07-16, Click ,no
INT-0007096,875,CMP-0012,"Dec 25, 2025",click,NO
INT-0007097,64,CMP-0020,09 Sep 2025,impression,Yes 
INT-0007098,1039,CMP-0011,11/28/2025,Trial Signup ,no
INT-0007099,440,CMP-0017,11/02/2025,Email Open , Yes
INT-0007100,525,CMP-0021,17/02/2025, Email Open,NO
INT-0007101,1340,CMP-0006,29/04/2025,WEBSITE VISIT,No 
INT-0007102,74,CMP-0030,12/27/2025, Trial Signup,No 
INT-0007103,521,CMP-0023,"Feb 28, 2025",WEBSITE VISIT,no
INT-0007104,837,CMP-0022,28-03-2025, Trial Signup, No 
INT-0007105,428,CMP-0030,19 May 2025,website visit,NO
INT-0007106,576,CMP-0022,"Jun 09, 2025",Demo Request, No
INT-0007107,114,CMP-0002,02 Dec 2025,Trial Signup, No 
INT-0007108,548,CMP-0020,14 Jul 2025,Email Open, No
INT-0007109,1228,CMP-0005,07 Apr 2025,Email Open ,No 
INT-0007110,1041,CMP-0020,24 Sep 2025,trial signup,No 
INT-0007111,1255,CMP-0027,2025-05-13,Demo Request,no
INT-0007112,1451,CMP-0003,"Aug 26, 2025",Impression , No
INT-0007113,528,CMP-0017,16-03-2025, Demo Request, Yes
INT-0007114,1033,CMP-0019,2025-01-22,TRIAL SIGNUP,yes
INT-0007115,441,CMP-0023,05-12-2025, Click, No 
INT-0007116,1404,CMP-0019,11/15/2025, Impression ,no
INT-0007117,223,CMP-0006,2025-05-08,TRIAL SIGNUP, No 
INT-0007118,44,,22-09-2025, Email Open ,No
INT-0007119,768,CMP-0014,26 Nov 2025,Trial Signup, Yes
INT-0007120,639,CMP-0015,2025-06-26, Trial Signup , No 
INT-0007121,417,CMP-0011,04-10-2025, Website Visit,No
INT-0007122,209,CMP-0018,06/16/2025,impression,NO
INT-0007123,708,CMP-0015,08/06/2025,Email Open,Yes
INT-0007124,149,CMP-0020,10/07/2025, Impression ,No 
INT-0007125,224,CMP-0014,28/04/2025,Trial Signup ,YES
INT-0007126,740,CMP-0013,06/22/2025,WEBSITE VISIT,no
INT-0007127,1087,CMP-0026,22-08-2025,website visit,No
INT-0007128,1226,CMP-0030,2025-06-10,Demo Request ,Yes
INT-0007129,779,CMP-0014,2025-02-13,Email Open ,no
INT-0007130,184,CMP-0003,"May 19, 2025",Email Open, No 
INT-0007131,925,CMP-0003,11/02/2025, Website Visit , No 
INT-0007132,42,CMP-0017,26/06/2025,Website Visit ,NO
INT-0007133,386,CMP-0027,2025-05-21, Trial Signup, Yes
INT-0007134,813,CMP-0024,2025-09-15, Demo Request,No
INT-0007135,904,CMP-0023,04/07/2025,TRIAL SIGNUP,yes
INT-0007136,471,CMP-0002,06/15/2025, Email Open,no
INT-0007137,10,CMP-0006,03/17/2025,Email Open ,NO
INT-0007138,33,CMP-0005,08/03/2025,Trial Signup, No
INT-0007139,1226,CMP-0013,2025-02-01, Email Open ,NO
INT-0007140,861,CMP-0002,2025-09-02,website visit,No
INT-0007141,1148,CMP-0021,2025-06-23, Demo Request ,NO
INT-0007142,344,CMP-0017,29 Jun 2025, Trial Signup, No
INT-0007143,48,CMP-0018,29-04-2025,impression, No 
INT-0007144,578,CMP-0028,2025-12-22,TRIAL SIGNUP,yes
INT-0007145,1078,CMP-0004,"Feb 14, 2025",CLICK,Yes
INT-0007146,864,CMP-0027,09-05-2025, Click, No 
INT-0007147,1348,CMP-0004,18-06-2025,Trial Signup, No
INT-0007148,643,CMP-0015,"Nov 22, 2025",Email Open, No 
INT-0007149,884,CMP-0029,09-07-2025,Click ,NO
INT-0007150,1293,CMP-0007,18 May 2025, Website Visit , No
INT-0007151,139,CMP-0007,06-11-2025,impression, No 
INT-0007152,361,CMP-0025,05/15/2025,trial signup, No 
INT-0007153,728,CMP-0008,"Jun 26, 2025", Demo Request ,Yes
INT-0007154,179,CMP-0024,18 Jun 2025,Trial Signup , No 
INT-0007155,710,CMP-0004,"Dec 06, 2025",Website Visit , No
INT-0007156,1227,CMP-0011,"Feb 21, 2025", Trial Signup,Yes
INT-0007157,1128,CMP-0003,21-11-2025,Email Open,No 
INT-0007158,78,CMP-0008,05/27/2025,EMAIL OPEN, No 
INT-0007159,602,CMP-0016,09/12/2025,CLICK,No 
INT-0007160,351,CMP-0024,"Nov 04, 2025", Email Open,no
INT-0007161,479,CMP-0025,15/02/2025,trial signup,No
INT-0007162,1223,CMP-0020,08/25/2025,IMPRESSION, Yes 
INT-0007163,1350,CMP-0012,13/12/2025,WEBSITE VISIT,No
INT-0007164,492,CMP-0005,2025-05-20, Email Open , No
INT-0007165,138,CMP-0018,22-10-2025,Email Open ,No 
INT-0007166,53,CMP-0028,2025-05-25,EMAIL OPEN,No
INT-0007167,774,CMP-0030,"Sep 03, 2025", Impression ,No
INT-0007168,491,CMP-0028,27-10-2025,Impression,yes
INT-0007169,1316,CMP-0010,2025-06-21,Website Visit, Yes
INT-0007170,1476,CMP-0027,"Mar 03, 2025",Impression,YES
INT-0007171,525,CMP-0015,08-03-2025,trial signup,Yes 
INT-0007172,575,CMP-0028,2025-02-10,TRIAL SIGNUP, No
INT-0007173,751,CMP-0030,25-05-2025,Website Visit ,Yes 
INT-0007174,1397,CMP-0001,30/04/2025, Email Open,no
INT-0007175,242,CMP-0005,25 Apr 2025,TRIAL SIGNUP,no
INT-0007176,406,CMP-0009,20-07-2025,Impression ,no
INT-0007177,1286,CMP-0029,"Sep 22, 2025", Impression ,no
INT-0007178,891,CMP-0012,2025-02-25,Website Visit ,no
INT-0007179,1293,CMP-0024,03/11/2025, Website Visit ,No
INT-0007180,234,CMP-0016,12/15/2025,click,Yes
INT-0007181,140,CMP-0017,2025-01-26, Trial Signup ,no
INT-0007182,1491,CMP-0009,09-08-2025,impression,no
INT-0007183,158,CMP-0007,2025-04-26,click, No
INT-0007184,1250,CMP-0030,04/03/2025,Demo Request , No
INT-0007185,410,CMP-0010,"May 12, 2025", Click ,YES
INT-0007186,30,CMP-0015,2025-04-12, Website Visit , Yes 
INT-0007187,152,CMP-0023,11/14/2025,Impression,No
INT-0007188,998,CMP-0005,12-04-2025,TRIAL SIGNUP,NO
INT-0007189,593,CMP-0018,"Aug 07, 2025",WEBSITE VISIT,YES
INT-0007190,915,CMP-0017,28/04/2025,Impression, Yes 
INT-0007191,414,CMP-0021,16/02/2025,Impression,no
INT-0007192,1212,CMP-0014,10-02-2025,Website Visit , Yes
INT-0007193,1286,CMP-0027,"Feb 28, 2025",TRIAL SIGNUP,No 
INT-0007194,448,CMP-0009,02/05/2025,Trial Signup , No
INT-0007195,236,CMP-0014,2025-09-02, Demo Request,No
INT-0007196,688,CMP-0023,2025-09-13, Impression , No
INT-0007197,968,CMP-0011,"May 02, 2025",Demo Request , No 
INT-0007198,1261,CMP-0027,17-07-2025,Website Visit , No
INT-0007199,425,CMP-0024,15-09-2025,impression,no
INT-0007200,1440,CMP-0003,16 Sep 2025,Impression ,No 
INT-0007201,1411,CMP-0030,25/02/2025, Email Open, No 
INT-0007202,1421,CMP-0025,28/01/2025, Trial Signup,No 
INT-0007203,562,CMP-0003,2025-07-01, Impression,no
INT-0007204,1305,CMP-0009,28-05-2025,trial signup, No
INT-0007205,645,CMP-0028,08/08/2025,Impression, No 
INT-0007206,452,CMP-0027,2025-12-14,Trial Signup ,no
INT-0007207,1480,CMP-0008,18/06/2025, Trial Signup , No
INT-0007208,1262,CMP-0021,19/05/2025,Trial Signup ,no
INT-0007209,1366,CMP-0017,06/18/2025,CLICK,yes
INT-0007210,1373,CMP-0023,"Mar 17, 2025", Demo Request ,No
INT-0007211,139,CMP-0014,28 Jan 2025,Website Visit ,No
INT-0007212,208,CMP-0005,02-04-2025, Impression ,yes
INT-0007213,1127,CMP-0014,2025-02-06, Email Open, No
INT-0007214,970,CMP-0030,2025-08-21, Trial Signup ,No
INT-0007215,257,CMP-0019,"Nov 19, 2025",Email Open,no
INT-0007216,1323,CMP-0005,02/11/2025,Trial Signup,no
INT-0007217,1438,CMP-0006,12/25/2025, Click,NO
INT-0007218,190,CMP-0001,13 Oct 2025,Impression,No 
INT-0007219,1188,CMP-0020,02/18/2025,Email Open , No
INT-0007220,1488,CMP-0001,2025-07-09,email open, No 
INT-0007221,1491,CMP-0008,05 Sep 2025,EMAIL OPEN,No
INT-0007222,1364,CMP-0009,05/18/2025,Demo Request ,NO
INT-0007223,239,CMP-0004,2025-05-19,Website Visit , No
INT-0007224,44,CMP-0023,20-08-2025, Impression,No 
INT-0007225,596,CMP-0026,07/30/2025, Click , No 
INT-0007226,615,CMP-0002,23-02-2025, Website Visit , No
INT-0007227,1029,CMP-0018,"Jan 03, 2025",Email Open ,no
INT-0007228,1312,CMP-0010,04/30/2025,Website Visit,NO
INT-0007229,1008,CMP-0016,2025-05-12, Trial Signup, No 
INT-0007230,454,CMP-0010,11/12/2025,impression,no
INT-0007231,1069,CMP-0014,2025-01-27, Trial Signup , No
INT-0007232,1132,CMP-0029,2025-07-24,Demo Request ,no
INT-0007233,580,CMP-0019,02/07/2025, Impression,No 
INT-0007234,211,CMP-0014,"Feb 16, 2025",Demo Request ,NO
INT-0007235,866,CMP-0024,01/12/2025,Click ,NO
INT-0007236,443,CMP-0011,24/01/2025,trial signup,no
INT-0007237,441,CMP-0015,"Apr 17, 2025",WEBSITE VISIT,NO
INT-0007238,1131,CMP-0028,25-09-2025, Click,No
INT-0007239,604,CMP-0002,22-05-2025, Click ,No 
INT-0007240,860,CMP-0006,09/05/2025, Email Open,NO
INT-0007241,857,CMP-0006,03/11/2025, Demo Request,Yes 
INT-0007242,350,CMP-0012,21/11/2025,IMPRESSION,NO
INT-0007243,16,CMP-0015,05/09/2025, Email Open ,NO
INT-0007244,457,CMP-0006,30-08-2025,EMAIL OPEN,Yes 
INT-0007245,44,CMP-0001,2025-07-15,Email Open , No
INT-0007246,1434,CMP-0005,2025-05-20,CLICK,NO
INT-0007247,953,CMP-0023,"Jul 23, 2025",IMPRESSION, No
INT-0007248,1181,CMP-0007,2025-11-22, Click , Yes
INT-0007249,1211,CMP-0018,20 Aug 2025,Click ,NO
INT-0007250,602,CMP-0004,01-07-2025,DEMO REQUEST,no
INT-0007251,962,CMP-0022,13/12/2025, Email Open ,No
INT-0007252,26,CMP-0024,24 Nov 2025,impression,No
INT-0007253,1009,CMP-0028,11/12/2025,Impression,NO
INT-0007254,1186,CMP-0015,2025-02-09, Click ,no
INT-0007255,705,CMP-0023,2025-03-26,Demo Request ,no
INT-0007256,270,CMP-0010,04 Feb 2025, Impression, No 
INT-0007257,790,CMP-0017,12/18/2025,Trial Signup,NO
INT-0007258,526,CMP-0023,2025-10-07,demo request,no
INT-0007259,1408,CMP-0001,10/30/2025, Email Open,no
INT-0007260,1100,CMP-0006,24 Mar 2025,DEMO REQUEST,No 
INT-0007261,487,CMP-0007,2025-08-14,Trial Signup ,No
INT-0007262,407,CMP-0021,24 Apr 2025,DEMO REQUEST,Yes 
INT-0007263,633,CMP-0002,"Sep 05, 2025", Click ,No
INT-0007264,777,CMP-0020,13-01-2025,Click ,No 
INT-0007265,707,CMP-0017,04/23/2025,Demo Request , No
INT-0007266,1350,CMP-0014,"Jan 20, 2025",Demo Request , No 
INT-0007267,1250,CMP-0005,09/09/2025,click,Yes
INT-0007268,116,CMP-0024,12 Jun 2025,Website Visit, No
INT-0007269,242,CMP-0002,02 Dec 2025, Click,Yes 
INT-0007270,1406,CMP-0024,05 Feb 2025,Click, Yes
INT-0007271,424,CMP-0011,06/22/2025, Email Open ,No 
INT-0007272,1165,CMP-0025,"Jan 09, 2025",website visit,YES
INT-0007273,834,CMP-0024,2025-07-26,TRIAL SIGNUP,Yes
INT-0007274,1042,CMP-0012,27-01-2025,Trial Signup, No 
INT-0007275,254,CMP-0017,10/16/2025, Trial Signup,no
INT-0007276,1130,CMP-0028,2025-07-13, Email Open, Yes
INT-0007277,257,CMP-0004,13-05-2025,Email Open, No
INT-0007278,1255,CMP-0006,09 Feb 2025,Click ,no
INT-0007279,270,CMP-0003,2025-02-06,IMPRESSION, Yes
INT-0007280,12,CMP-0013,28/02/2025,trial signup,yes
INT-0007281,1224,CMP-0008,2025-07-13, Email Open, No 
INT-0007282,1443,CMP-0011,19-05-2025,Email Open, No 
INT-0007283,1342,CMP-0005,05/12/2025,TRIAL SIGNUP, No 
INT-0007284,920,CMP-0021,08-02-2025,Email Open , No 
INT-0007285,9,CMP-0024,06 Jan 2025,CLICK,no
INT-0007286,164,CMP-0029,10/01/2025, Trial Signup , No 
INT-0007287,807,CMP-0004,03/14/2025,EMAIL OPEN,no
INT-0007288,898,CMP-0026,"Oct 14, 2025", Click , No 
INT-0007289,1472,CMP-0016,24-05-2025, Website Visit,No 
INT-0007290,1166,CMP-0020,2025-07-06,TRIAL SIGNUP, No 
INT-0007291,1319,CMP-0025,"Aug 02, 2025",Email Open,NO
INT-0007292,586,CMP-0024,"Jun 18, 2025",email open,NO
INT-0007293,1439,CMP-0014,21/05/2025,website visit,NO
INT-0007294,138,CMP-0004,01/18/2025, Website Visit,No 
INT-0007295,836,CMP-0014,06 Mar 2025,Trial Signup ,no
INT-0007296,302,CMP-0029,04/12/2025, Demo Request ,No
INT-0007297,497,CMP-0001,05/23/2025,Demo Request, No
INT-0007298,1168,CMP-0005,14-01-2025,Trial Signup ,no
INT-0007299,124,CMP-0027,11 Feb 2025,Email Open, No
INT-0007300,927,CMP-0011,07/11/2025,Trial Signup ,no
INT-0007301,1466,CMP-0017,18/07/2025,trial signup, No
INT-0007302,957,CMP-0024,12/14/2025,Website Visit, Yes
INT-0007303,1319,CMP-0021,28/04/2025,DEMO REQUEST,Yes 
INT-0007304,585,CMP-0027,05/06/2025, Website Visit ,NO
INT-0007305,713,CMP-0030,2025-03-11, Website Visit, No
INT-0007306,519,CMP-0020,30-09-2025,TRIAL SIGNUP,No
INT-0007307,426,CMP-0003,05-04-2025, Email Open ,No 
INT-0007308,451,CMP-0017,25-11-2025,impression,YES
INT-0007309,1450,CMP-0016,"Nov 10, 2025",Click,NO
INT-0007310,764,CMP-0004,09/05/2025, Click, No 
INT-0007311,947,CMP-0020,03-01-2025, Impression,no
INT-0007312,1220,CMP-0015,2025-07-27,Demo Request, No 
INT-0007313,1333,CMP-0025,2025-10-28,Impression,No 
INT-0007314,1287,CMP-0030,07/03/2025, Click ,no
INT-0007315,1257,CMP-0020,13/04/2025,Demo Request , No
INT-0007316,711,CMP-0021,30 Jun 2025,Click, No 
INT-0007317,260,CMP-0004,22 May 2025,click, No 
INT-0007318,763,CMP-0027,11/24/2025,Demo Request,Yes
INT-0007319,266,CMP-0003,06/26/2025, Trial Signup , No
INT-0007320,553,CMP-0023,01-09-2025, Trial Signup,NO
INT-0007321,485,CMP-0026,06/20/2025, Email Open,NO
INT-0007322,1025,CMP-0008,"Jun 13, 2025",Impression,No 
INT-0007323,51,CMP-0026,"Feb 27, 2025", Impression,no
INT-0007324,578,CMP-0018,19 Apr 2025,Email Open,no
INT-0007325,188,CMP-0004,22 Jul 2025, Trial Signup,no
INT-0007326,140,CMP-0017,09/07/2025, Trial Signup ,No
INT-0007327,1466,CMP-0005,20-10-2025, Website Visit, No
INT-0007328,1137,CMP-0008,06/03/2025,Click ,no
INT-0007329,1478,CMP-0027,12 Jan 2025, Email Open, No
INT-0007330,269,CMP-0011,16-06-2025,Email Open ,YES
INT-0007331,308,CMP-0019,2025-05-02, Impression ,No 
INT-0007332,959,CMP-0010,27/03/2025,IMPRESSION,No
INT-0007333,895,CMP-0008,12 Sep 2025,Email Open ,No
INT-0007334,837,CMP-0027,"Aug 07, 2025",impression,NO
INT-0007335,981,CMP-0001,"Jul 01, 2025",Demo Request,Yes 
INT-0007336,973,CMP-0029,29-09-2025,Website Visit ,No 
INT-0007337,796,CMP-0020,2025-06-03,click,no
INT-0007338,416,CMP-0027,"Mar 14, 2025",Trial Signup,no
INT-0007339,1205,CMP-0010,30/04/2025,TRIAL SIGNUP,No 
INT-0007340,1467,CMP-0016,2025-11-30, Trial Signup,NO
INT-0007341,134,CMP-0004,21-06-2025,click, No
INT-0007342,70,CMP-0029,12/26/2025,Demo Request,no
INT-0007343,438,CMP-0004,09/28/2025, Email Open,No 
INT-0007344,1248,CMP-0003,12 Jul 2025,click,NO
INT-0007345,887,CMP-0007,25 Aug 2025,IMPRESSION, No
INT-0007346,236,CMP-0016,2025-04-26,Click,No
INT-0007347,384,CMP-0003,01/09/2025,Email Open,No 
INT-0007348,405,CMP-0019,10/19/2025,Email Open,No
INT-0007349,123,CMP-0020,2025-02-02,Click ,No 
INT-0007350,1481,CMP-0021,05/05/2025,Trial Signup,No
INT-0007351,683,CMP-0009,17/07/2025,trial signup, Yes 
INT-0007352,740,CMP-0016,"May 18, 2025",Demo Request, No
INT-0007353,671,CMP-0017,01-10-2025, Click ,NO
INT-0007354,838,CMP-0019,19/03/2025, Email Open ,NO
INT-0007355,329,CMP-0019,06-08-2025, Impression,No 
INT-0007356,421,CMP-0022,2025-09-14,EMAIL OPEN,No 
INT-0007357,1424,CMP-0005,2025-06-10,Impression , No 
INT-0007358,909,CMP-0011,03/11/2025,Impression, No 
INT-0007359,1379,CMP-0002,"May 06, 2025",Trial Signup,No
INT-0007360,575,,19 Sep 2025, Impression,no
INT-0007361,363,CMP-0001,14 Jan 2025,Website Visit, No
INT-0007362,549,CMP-0016,"Oct 05, 2025",Click, Yes
INT-0007363,204,CMP-0005,2025-02-12,click,No 
INT-0007364,1081,CMP-0005,"Jul 03, 2025",Website Visit, No 
INT-0007365,1120,CMP-0026,2025-03-31, Demo Request, No 
INT-0007366,420,CMP-0005,09-04-2025, Email Open , Yes 
INT-0007367,508,CMP-0026,01/12/2025,Impression ,YES
INT-0007368,1211,CMP-0016,16-02-2025, Website Visit, No
INT-0007369,1164,CMP-0026,11/04/2025, Website Visit, No
INT-0007370,1028,CMP-0020,11/06/2025, Impression,No 
INT-0007371,995,CMP-0008,08/14/2025, Trial Signup ,Yes 
INT-0007372,1096,CMP-0014,"Nov 18, 2025", Demo Request, Yes 
INT-0007373,49,CMP-0015,18/10/2025, Impression,NO
INT-0007374,1405,CMP-0030,13/04/2025,impression,yes
INT-0007375,1475,CMP-0025,2025-02-22,DEMO REQUEST,NO
INT-0007376,329,CMP-0023,02-02-2025,Email Open,NO
INT-0007377,648,CMP-0015,23-11-2025, Trial Signup ,no
INT-0007378,1028,CMP-0020,2025-04-19,demo request,No
INT-0007379,839,CMP-0003,2025-11-22,Click,No 
INT-0007380,109,CMP-0022,06/02/2025,Email Open, Yes
INT-0007381,804,CMP-0021,2025-06-23,impression,No
INT-0007382,1217,CMP-0028,31/01/2025,WEBSITE VISIT, No 
INT-0007383,232,CMP-0027,09 May 2025,DEMO REQUEST,no
INT-0007384,1467,CMP-0010,31 Jul 2025,Demo Request,NO
INT-0007385,113,CMP-0008,2025-03-24,website visit,NO
INT-0007386,180,CMP-0012,"May 27, 2025", Click , No 
INT-0007387,39,CMP-0003,15-02-2025, Impression , No 
INT-0007388,460,CMP-0003,07 Jul 2025, Click ,no
INT-0007389,941,CMP-0010,"Jan 06, 2025",click,Yes
INT-0007390,1259,CMP-0002,2025-07-01,demo request, No 
INT-0007391,318,CMP-0003,02/05/2025,DEMO REQUEST,NO
INT-0007392,1434,CMP-0026,2025-04-26,IMPRESSION, No 
INT-0007393,1150,CMP-0022,2025-11-11,CLICK,No 
INT-0007394,45,CMP-0022,2025-02-07,EMAIL OPEN,NO
INT-0007395,119,CMP-0011,01/02/2025, Impression ,Yes
INT-0007396,1255,CMP-0005,10-07-2025,Email Open ,No 
INT-0007397,1199,CMP-0027,11/18/2025,Website Visit,No
INT-0007398,121,CMP-0018,04/20/2025,click, Yes
INT-0007399,957,CMP-0014,23 May 2025, Impression ,No 
INT-0007400,48,CMP-0010,25-01-2025, Impression,NO
INT-0007401,651,CMP-0012,24-11-2025,Impression ,Yes 
INT-0007402,158,CMP-0002,"Aug 13, 2025",TRIAL SIGNUP,no
INT-0007403,175,CMP-0010,09/08/2025, Email Open,no
INT-0007404,781,CMP-0022,05/03/2025,Email Open,no
INT-0007405,743,CMP-0014,"Nov 21, 2025",impression,No
INT-0007406,451,CMP-0015,2025-06-07, Website Visit, Yes
INT-0007407,158,CMP-0006,"Feb 12, 2025", Demo Request, Yes
INT-0007408,1459,CMP-0029,04/11/2025,Demo Request,NO
INT-0007409,837,CMP-0026,"May 02, 2025",click,No 
INT-0007410,1102,CMP-0007,"Sep 28, 2025",Demo Request ,no
INT-0007411,1017,CMP-0012,"Sep 15, 2025", Demo Request,No
INT-0007412,388,CMP-0029,2025-07-19, Impression, No 
INT-0007413,320,CMP-0018,29/09/2025, Impression,no
INT-0007414,68,CMP-0018,06 Jul 2025,Impression , No 
INT-0007415,976,CMP-0012,"Jul 29, 2025",Demo Request,no
INT-0007416,1230,CMP-0010,"Nov 11, 2025",Trial Signup ,NO
INT-0007417,8,CMP-0025,01/09/2025,Email Open,no
INT-0007418,344,CMP-0020,2025-03-28,trial signup,no
INT-0007419,1179,CMP-0012,"Apr 16, 2025",Demo Request,No
INT-0007420,1351,CMP-0025,"Dec 13, 2025",TRIAL SIGNUP, No 
INT-0007421,267,CMP-0011,30/05/2025, Website Visit,No
INT-0007422,1366,CMP-0012,2025-05-05,Email Open,No 
INT-0007423,1365,CMP-0014,"Oct 30, 2025", Trial Signup ,Yes 
INT-0007424,361,CMP-0011,"Jun 27, 2025", Email Open ,No 
INT-0007425,942,CMP-0025,28-09-2025,Trial Signup , Yes 
INT-0007426,838,CMP-0004,21/09/2025,email open,Yes
INT-0007427,68,,12-01-2025, Demo Request , No
INT-0007428,1300,CMP-0025,15-04-2025,trial signup, No 
INT-0007429,1433,CMP-0018,10-07-2025, Email Open ,no
INT-0007430,1304,CMP-0010,12/07/2025,Trial Signup ,YES
INT-0007431,410,CMP-0017,10 Nov 2025, Impression, No
INT-0007432,90,CMP-0001,11/05/2025,Impression ,No
INT-0007433,183,CMP-0023,23/05/2025, Email Open ,No
INT-0007434,1306,CMP-0008,09/05/2025,trial signup,No 
INT-0007435,1041,CMP-0027,13 Apr 2025,email open, No
INT-0007436,1392,CMP-0025,08 Apr 2025, Impression, No
INT-0007437,638,CMP-0008,"Jul 22, 2025", Impression , No 
INT-0007438,939,CMP-0011,07 Nov 2025,Demo Request, Yes 
INT-0007439,1429,CMP-0017,30/07/2025, Demo Request ,No 
INT-0007440,228,CMP-0008,"Apr 09, 2025",impression,No 
INT-0007441,998,CMP-0011,18 Feb 2025, Demo Request , Yes 
INT-0007442,990,CMP-0010,09 Jul 2025,EMAIL OPEN,NO
INT-0007443,615,CMP-0020,04/12/2025,Website Visit,YES
INT-0007444,850,CMP-0004,29 Aug 2025,WEBSITE VISIT,No 
INT-0007445,795,CMP-0019,2025-12-23,Demo Request , No 
INT-0007446,1203,CMP-0015,01 Jun 2025,Demo Request ,No 
INT-0007447,812,CMP-0016,"Jul 25, 2025",Demo Request ,No 
INT-0007448,241,CMP-0023,31 Mar 2025,WEBSITE VISIT, No 
INT-0007449,700001,CMP-0004,"Dec 18, 2025",WEBSITE VISIT, Yes
INT-0007450,395,CMP-0026,20/09/2025,click, Yes 
INT-0007451,1403,CMP-0008,14-08-2025,Impression ,No 
INT-0007452,608,CMP-0012,19-01-2025,Demo Request , Yes
INT-0007453,1376,CMP-0020,"Aug 01, 2025",Email Open,YES
INT-0007454,1037,CMP-0002,01/26/2025, Email Open ,YES
INT-0007455,509,CMP-0004,08/02/2025, Trial Signup,No 
INT-0007456,45,CMP-0026,"Nov 19, 2025",Website Visit,No
INT-0007457,349,CMP-0027,2025-02-07, Website Visit ,no
INT-0007458,1194,CMP-0015,08/08/2025, Demo Request,Yes
INT-0007459,1249,CMP-0003,25 May 2025,Demo Request ,no
INT-0007460,776,CMP-0025,24/06/2025,click,yes
INT-0007461,673,CMP-0014,14 Feb 2025,Website Visit , No
INT-0007462,1391,CMP-0008,18-09-2025,Trial Signup , No
INT-0007463,941,CMP-0008,25 Nov 2025,Website Visit,Yes 
INT-0007464,104,CMP-0007,"Mar 19, 2025",website visit,yes
INT-0007465,1418,CMP-0015,06-10-2025, Website Visit,NO
INT-0007466,709,CMP-0027,06/28/2025, Impression,No
INT-0007467,220,CMP-0012,28 Sep 2025,website visit, No
INT-0007468,521,CMP-0009,28 Jul 2025,impression,No
INT-0007469,1428,CMP-0013,2025-12-15, Email Open , No
INT-0007470,688,CMP-0022,10/04/2025, Trial Signup ,no
INT-0007471,923,CMP-0004,2025-07-23,Trial Signup ,NO
INT-0007472,240,CMP-0018,04/04/2025,Impression ,No
INT-0007473,918,CMP-0017,08/12/2025,TRIAL SIGNUP,No 
INT-0007474,1405,CMP-0007,02/08/2025, Website Visit, No
INT-0007475,1071,CMP-0026,2025-11-08,Email Open,yes
INT-0007476,741,CMP-0030,17/09/2025,Trial Signup, No 
INT-0007477,1414,CMP-0014,09-03-2025, Trial Signup, No
INT-0007478,100,CMP-0027,18-08-2025, Email Open,No
INT-0007479,563,CMP-0009,14-12-2025,IMPRESSION, Yes 
INT-0007480,1167,CMP-0012,10/25/2025,Click,no
INT-0007481,487,CMP-0010,03/08/2025,Click ,No
INT-0007482,1099,CMP-0015,2025-02-16, Demo Request, Yes 
INT-0007483,395,CMP-0029,18-08-2025,Impression , No 
INT-0007484,26,CMP-0019,27/09/2025,TRIAL SIGNUP,no
INT-0007485,18,CMP-0025,20-01-2025,Email Open,No 
INT-0007486,1206,CMP-0021,2025-08-08,WEBSITE VISIT,no
INT-0007487,1469,CMP-0010,"Sep 14, 2025",Website Visit,NO
INT-0007488,606,CMP-0024,15/10/2025, Email Open , No 
INT-0007489,1335,CMP-0007,"Aug 25, 2025", Email Open,Yes
INT-0007490,1353,CMP-0016,15/05/2025, Demo Request, No 
INT-0007491,782,CMP-0004,2025-12-25, Trial Signup, No
INT-0007492,1061,CMP-0015,"Apr 03, 2025", Trial Signup ,No
INT-0007493,1145,CMP-0023,14 Apr 2025, Trial Signup ,YES
INT-0007494,225,CMP-0029,2025-02-27,Trial Signup ,Yes
INT-0007495,1112,CMP-0021,2025-02-01,Website Visit ,Yes 
INT-0007496,101,CMP-0010,2025-11-23,Email Open,No 
INT-0007497,1316,CMP-0002,11-05-2025,click, No 
INT-0007498,526,CMP-0028,04 Oct 2025, Demo Request,No 
INT-0007499,65,CMP-0028,"Apr 10, 2025",Impression,no
INT-0007500,144,CMP-0007,30-06-2025, Impression, No 
INT-0007501,1279,CMP-0004,"Oct 04, 2025",impression,NO
INT-0007502,403,,23-10-2025, Click ,No
INT-0007503,443,CMP-0012,24 Mar 2025, Trial Signup,yes
INT-0007504,308,CMP-0011,05-05-2025, Website Visit,no
INT-0007505,576,CMP-0019,30/07/2025,Demo Request, No 
INT-0007506,1267,CMP-0010,"Mar 20, 2025",demo request,No
INT-0007507,1029,CMP-0002,28-01-2025,Impression ,no
INT-0007508,69,CMP-0015,"Jul 24, 2025",Demo Request ,No
INT-0007509,609,CMP-0030,06-09-2025,Website Visit , Yes 
INT-0007510,164,,"Jan 01, 2025",demo request, No
INT-0007511,1070,CMP-0003,21/01/2025,impression,No 
INT-0007512,37,CMP-0005,08-06-2025, Click,No 
INT-0007513,954,CMP-0015,29-09-2025, Click,No 
INT-0007514,1352,CMP-0022,08 Feb 2025,Trial Signup ,YES
INT-0007515,1012,CMP-0010,28/08/2025, Website Visit ,YES
INT-0007516,110,CMP-0018,02-01-2025, Website Visit , No 
INT-0007517,445,CMP-0019,2025-06-26, Email Open, Yes 
INT-0007518,745,CMP-0026,"Apr 29, 2025",Website Visit, No 
INT-0007519,600,CMP-0002,25-06-2025,Email Open, Yes 
INT-0007520,655,CMP-0030,06 Jun 2025,TRIAL SIGNUP,No 
INT-0007521,1006,CMP-0026,27/10/2025,TRIAL SIGNUP,No 
INT-0007522,649,CMP-0016,"Dec 23, 2025",Website Visit, No 
INT-0007523,927,CMP-0008,2025-08-19,Demo Request, No 
INT-0007524,1399,CMP-0009,2025-04-07,trial signup,NO
INT-0007525,97,CMP-0003,20/01/2025,Website Visit,NO
INT-0007526,862,CMP-0019,"Nov 23, 2025",Website Visit ,Yes
INT-0007527,36,CMP-0008,06/28/2025,Demo Request , No
INT-0007528,182,CMP-0030,2025-07-19,DEMO REQUEST,Yes 
INT-0007529,1481,CMP-0017,18 Dec 2025,CLICK, No
INT-0007530,554,CMP-0005,"Dec 21, 2025",email open,No
INT-0007531,1422,CMP-0025,21 Sep 2025,WEBSITE VISIT,Yes
INT-0007532,717,CMP-0014,01/10/2025,Demo Request ,no
INT-0007533,550,CMP-0005,2025-11-28,Click ,No
INT-0007534,359,CMP-0027,01/04/2025,trial signup,Yes 
INT-0007535,807,CMP-0013,09/29/2025,EMAIL OPEN,NO
INT-0007536,1156,CMP-0020,"Jul 18, 2025",email open,No 
INT-0007537,700002,CMP-0003,03/08/2025,IMPRESSION,No
INT-0007538,781,CMP-0012,23-04-2025,Demo Request ,No 
INT-0007539,1441,CMP-0004,11-06-2025, Click , Yes 
INT-0007540,821,CMP-0022,17-05-2025,Demo Request,NO
INT-0007541,285,,2025-03-25,demo request, No
INT-0007542,67,CMP-0021,05/28/2025,EMAIL OPEN, No
INT-0007543,1447,CMP-0015,08/22/2025,Click,NO
INT-0007544,1429,CMP-0015,25 Jun 2025, Impression ,No
INT-0007545,674,CMP-0007,08/18/2025,impression, No
INT-0007546,168,CMP-0013,13-11-2025,Demo Request ,No
INT-0007547,673,CMP-0021,"Oct 24, 2025", Impression ,NO
INT-0007548,1337,CMP-0014,30/06/2025,website visit,no
INT-0007549,1453,CMP-0008,02/03/2025,trial signup,NO
INT-0007550,1438,CMP-0024,24/06/2025,Website Visit,No 
INT-0007551,1147,CMP-0006,06/30/2025, Click,no
INT-0007552,177,CMP-0007,"Dec 16, 2025", Trial Signup , No
INT-0007553,439,CMP-0020,30 Aug 2025, Demo Request,no
INT-0007554,86,CMP-0012,2025-04-23,click,no
INT-0007555,581,CMP-0005,09/19/2025,Website Visit , No 
INT-0007556,843,CMP-0026,20 Oct 2025,trial signup, Yes 
INT-0007557,1234,CMP-0018,2025-01-31,Trial Signup , No 
INT-0007558,759,CMP-0012,"Dec 26, 2025",Trial Signup,No
INT-0007559,25,CMP-0024,11/28/2025,Click,Yes
INT-0007560,371,CMP-9023,"Mar 29, 2025",IMPRESSION,No
INT-0007561,419,CMP-0017,15/11/2025, Demo Request ,Yes 
INT-0007562,429,CMP-0019,"Aug 09, 2025",Website Visit ,Yes
INT-0007563,1100,CMP-0016,06-07-2025, Click , No 
INT-0007564,531,CMP-0016,"Nov 19, 2025", Click,No 
INT-0007565,1385,CMP-0021,"Mar 12, 2025",trial signup,NO
INT-0007566,871,CMP-0024,28-12-2025, Trial Signup,NO
INT-0007567,1036,CMP-0017,04/06/2025,DEMO REQUEST, Yes
INT-0007568,35,CMP-0006,04 May 2025,website visit,NO
INT-0007569,337,CMP-0025,04/06/2025,impression,NO
INT-0007570,808,CMP-0024,"Oct 14, 2025",Trial Signup , Yes
INT-0007571,545,CMP-0003,14 Jun 2025,email open,no
INT-0007572,1161,CMP-0018,12/10/2025,EMAIL OPEN,No
INT-0007573,263,CMP-0011,"Sep 23, 2025",DEMO REQUEST,NO
INT-0007574,880,CMP-0029,24 Sep 2025,Impression ,Yes 
INT-0007575,1026,CMP-0019,12/04/2025,EMAIL OPEN,No 
INT-0007576,1270,CMP-0011,19/02/2025,WEBSITE VISIT, No
INT-0007577,399,CMP-0025,25-10-2025,WEBSITE VISIT, No
INT-0007578,315,CMP-0005,2025-09-11, Trial Signup , No 
INT-0007579,1419,CMP-0001,"Dec 14, 2025", Click, No 
INT-0007580,73,CMP-0002,12-02-2025,Click,no
INT-0007581,1456,CMP-0030,"Nov 13, 2025",Website Visit ,No
INT-0007582,1492,CMP-0002,13 May 2025,Email Open,No
INT-0007583,398,CMP-0009,27 Feb 2025, Email Open,No 
INT-0007584,941,CMP-0014,06/23/2025,click, No 
INT-0007585,475,CMP-0025,04/10/2025, Demo Request ,no
INT-0007586,426,CMP-0012,05/18/2025,IMPRESSION,No 
INT-0007587,81,CMP-0020,20 Oct 2025,impression,No 
INT-0007588,25,CMP-0002,2025-06-21,Email Open , No
INT-0007589,72,CMP-0004,31 Jan 2025,Trial Signup,NO
INT-0007590,166,CMP-0014,08/22/2025, Demo Request,No 
INT-0007591,704,CMP-0024,2025-04-19,Email Open , No 
INT-0007592,642,CMP-0001,22 Dec 2025, Impression ,No 
INT-0007593,589,CMP-0020,27 Feb 2025, Click,No
INT-0007594,693,CMP-0005,2025-09-21,Impression,No
INT-0007595,148,CMP-0012,27-01-2025,email open,no
INT-0007596,97,CMP-0016,02/09/2025,Click, Yes
INT-0007597,160,CMP-0006,2025-06-22,Impression , No
INT-0007598,578,CMP-0012,"Oct 09, 2025", Website Visit ,No 
INT-0007599,168,CMP-0019,29/11/2025,email open,no
INT-0007600,1209,CMP-0010,2025-09-29, Email Open, No 
INT-0007601,1125,CMP-0029,25 May 2025,website visit,NO
INT-0007602,536,CMP-0010,2025-08-06, Website Visit, No 
INT-0007603,790,CMP-0007,24 Dec 2025,Trial Signup ,No 
INT-0007604,1273,CMP-0005,22 May 2025, Trial Signup,Yes 
INT-0007605,772,CMP-0005,04/03/2025, Click ,no
INT-0007606,429,CMP-0022,2025-09-23,website visit,no
INT-0007607,418,CMP-0003,12/10/2025,demo request,no
INT-0007608,1463,CMP-0004,16 Jan 2025,trial signup, No 
INT-0007609,268,CMP-0013,28/11/2025,Impression ,Yes
INT-0007610,230,CMP-0021,2025-05-26, Impression, Yes
INT-0007611,1008,CMP-0019,04-02-2025,Impression,Yes 
INT-0007612,269,CMP-0008,2025-01-28,TRIAL SIGNUP, No
INT-0007613,1041,CMP-0010,14 Aug 2025,EMAIL OPEN, No
INT-0007614,61,CMP-0010,23 Nov 2025,demo request,no
INT-0007615,389,CMP-0030,2025-07-03,click,no
INT-0007616,937,CMP-0003,13/11/2025, Email Open,yes
INT-0007617,94,CMP-0007,04/04/2025,Demo Request,yes
INT-0007618,1272,CMP-0024,08/03/2025,Trial Signup ,No 
INT-0007619,1054,CMP-0027,"Jan 11, 2025", Email Open,no
INT-0007620,265,CMP-0029,10-05-2025,Impression, No
INT-0007621,1335,CMP-0023,12/23/2025, Trial Signup,No 
INT-0007622,106,CMP-0028,2025-06-24, Impression ,NO
INT-0007623,1021,CMP-0018,23/05/2025,CLICK,No
INT-0007624,263,CMP-0004,10-12-2025,Impression, No 
INT-0007625,600,CMP-0019,2025-08-02,WEBSITE VISIT, No
INT-0007626,790,CMP-0018,11-09-2025, Website Visit, No
INT-0007627,277,CMP-0012,22/06/2025,Email Open,No
INT-0007628,101,CMP-0025,27/07/2025,Email Open,no
INT-0007629,1126,CMP-0016,06-01-2025, Click,no
INT-0007630,1040,CMP-0020,"May 18, 2025", Website Visit , Yes 
INT-0007631,254,CMP-0016,"Oct 28, 2025",WEBSITE VISIT, No
INT-0007632,1465,CMP-0016,09 Jun 2025,TRIAL SIGNUP,No
INT-0007633,373,CMP-0010,03 Nov 2025, Demo Request ,NO
INT-0007634,158,CMP-0009,05 May 2025,Trial Signup,No 
INT-0007635,695,CMP-0009,2025-06-14,click,No 
INT-0007636,962,CMP-0016,2025-05-06,Click,no
INT-0007637,1412,CMP-0019,22 May 2025, Click,no
INT-0007638,11,CMP-0023,09 Feb 2025,DEMO REQUEST,No
INT-0007639,157,CMP-0023,2025-11-30,Demo Request ,NO
INT-0007640,560,CMP-0008,01/07/2025, Impression,No 
INT-0007641,1142,CMP-0030,04 Jul 2025,website visit,No
INT-0007642,890,CMP-0009,25 Jun 2025,Website Visit,no
INT-0007643,769,CMP-0001,2025-06-24,Click, No
INT-0007644,30,CMP-0007,06/04/2025,Demo Request,YES
INT-0007645,1302,CMP-0004,"Feb 02, 2025", Email Open , No
INT-0007646,662,CMP-0021,30/05/2025,Click , No
INT-0007647,472,CMP-0015,03/19/2025, Impression , No
INT-0007648,101,CMP-0017,06/03/2025, Trial Signup ,No
INT-0007649,466,CMP-0006,"Feb 18, 2025", Trial Signup, Yes
INT-0007650,535,CMP-0028,10/06/2025,Email Open, No
INT-0007651,688,CMP-0026,2025-07-05,TRIAL SIGNUP,NO
INT-0007652,621,CMP-0018,"Jan 05, 2025",Impression , No
INT-0007653,51,CMP-0030,11-09-2025,Demo Request , No
INT-0007654,838,CMP-0003,28-09-2025,Demo Request,No 
INT-0007655,575,CMP-0024,2025-07-16,trial signup, No 
INT-0007656,564,CMP-0015,01/12/2025,CLICK, No
INT-0007657,120,CMP-0007,12/08/2025,Trial Signup,No 
INT-0007658,858,CMP-0011,01 Apr 2025,EMAIL OPEN,No
INT-0007659,501,CMP-0005,03 Apr 2025, Website Visit,No
INT-0007660,148,CMP-0008,2025-08-17,Click, No 
INT-0007661,601,CMP-0020,14 Sep 2025, Impression,YES
INT-0007662,507,CMP-0017,"Apr 22, 2025", Email Open , No
INT-0007663,347,CMP-0021,04-12-2025, Impression,Yes 
INT-0007664,131,CMP-0009,19-02-2025, Impression , No
INT-0007665,508,CMP-0007,22/03/2025,CLICK, No 
INT-0007666,342,CMP-0008,"Feb 09, 2025",Click,No 
INT-0007667,1461,CMP-0025,13-11-2025,Demo Request , No 
INT-0007668,723,CMP-0009,05-12-2025,DEMO REQUEST,No 
INT-0007669,256,CMP-0022,"Dec 06, 2025",Email Open,no
INT-0007670,995,CMP-0007,"Dec 09, 2025",WEBSITE VISIT, No
INT-0007671,1143,CMP-0027,11/06/2025,Impression ,NO
INT-0007672,682,CMP-0017,2025-01-28,WEBSITE VISIT,No 
INT-0007673,1358,CMP-0025,2025-05-06, Website Visit ,no
INT-0007674,1302,CMP-0020,07/11/2025,Trial Signup , No
INT-0007675,465,CMP-0003,"Nov 28, 2025",EMAIL OPEN,No
INT-0007676,591,CMP-0024,2025-07-18,CLICK,no
INT-0007677,658,CMP-0009,03/29/2025,CLICK,No 
INT-0007678,1287,CMP-0019,15-09-2025, Email Open,NO
INT-0007679,175,CMP-0009,"Sep 24, 2025",Demo Request ,no
INT-0007680,1487,CMP-0027,29-01-2025,WEBSITE VISIT, No
INT-0007681,929,CMP-0018,2025-01-28,email open,no
INT-0007682,1191,CMP-0003,02/06/2025,Email Open ,NO
INT-0007683,391,CMP-0028,20 Apr 2025,website visit, Yes
INT-0007684,783,CMP-0011,29-06-2025,Website Visit,NO
INT-0007685,1360,CMP-0027,"Jul 04, 2025", Trial Signup, No
INT-0007686,836,CMP-0030,24/04/2025, Website Visit ,No 
INT-0007687,300,CMP-0004,11-07-2025, Website Visit,Yes 
INT-0007688,1400,CMP-0006,14/04/2025,CLICK,YES
INT-0007689,663,CMP-0015,27-05-2025, Impression , Yes
INT-0007690,164,CMP-0025,"Sep 13, 2025",Impression,NO
INT-0007691,448,CMP-0014,2025-01-23, Email Open ,No 
INT-0007692,974,CMP-0012,"Apr 06, 2025",Impression ,Yes
INT-0007693,1367,CMP-0003,02/10/2025, Demo Request,Yes 
INT-0007694,510,CMP-0027,14-06-2025,demo request,No
INT-0007695,362,CMP-0029,2025-08-29,WEBSITE VISIT,No 
INT-0007696,81,CMP-0030,06/30/2025,IMPRESSION,No 
INT-0007697,1285,CMP-0005,"Aug 12, 2025",Click , Yes
INT-0007698,563,CMP-0007,27 Jan 2025,Click, No 
INT-0007699,1191,CMP-0022,13/03/2025, Trial Signup,No 
INT-0007700,74,CMP-0015,17-10-2025, Click,No
INT-0007701,1128,CMP-0022,2025-04-15,website visit,no
INT-0007702,1366,CMP-0029,26 Jan 2025,impression,no
INT-0007703,1167,CMP-0014,26-07-2025,impression,no
INT-0007704,171,CMP-0029,"Jan 07, 2025",WEBSITE VISIT, No 
INT-0007705,5,CMP-0013,27 Jul 2025,Trial Signup, No 
INT-0007706,1006,CMP-0014,22/02/2025,click,Yes 
INT-0007707,263,CMP-0003,17-08-2025, Trial Signup , No 
INT-0007708,81,CMP-0029,04-03-2025,WEBSITE VISIT,No 
INT-0007709,1354,CMP-0019,09/14/2025,TRIAL SIGNUP,No
INT-0007710,722,CMP-0024,"Jun 21, 2025", Email Open , No
INT-0007711,57,CMP-0005,2025-04-10,Email Open,no
INT-0007712,149,CMP-0027,"Jun 10, 2025", Impression,YES
INT-0007713,1087,CMP-0014,2025-12-08, Click, No 
INT-0007714,55,CMP-0005,02/14/2025,Website Visit ,No 
INT-0007715,1077,CMP-0010,2025-06-30,Trial Signup , No
INT-0007716,309,CMP-0009,18-12-2025, Trial Signup ,NO
INT-0007717,72,CMP-0018,30/10/2025, Impression,no
INT-0007718,772,CMP-0023,03/24/2025,impression, No 
INT-0007719,983,CMP-0013,"Aug 07, 2025", Trial Signup , No
INT-0007720,975,CMP-0027,05-04-2025,Email Open,No
INT-0007721,199,CMP-0022,2025-03-13,Impression ,Yes
INT-0007722,924,CMP-0004,24/10/2025,trial signup,No 
INT-0007723,679,CMP-0021,02-10-2025,email open,Yes 
INT-0007724,1,CMP-0016,04 Oct 2025,Click , No
INT-0007725,1415,CMP-0013,22-01-2025, Click ,No 
INT-0007726,1424,CMP-0015,01-01-2025,Website Visit,No
INT-0007727,566,CMP-0028,27/12/2025,Impression ,no
INT-0007728,292,CMP-0015,21/12/2025, Impression,No
INT-0007729,367,CMP-0010,05/06/2025,trial signup,No
INT-0007730,1175,CMP-0013,2025-05-06, Trial Signup ,no
INT-0007731,475,CMP-0016,09 Apr 2025, Click,no
INT-0007732,991,CMP-0009,2025-10-11,Demo Request,No 
INT-0007733,497,CMP-0019,26/01/2025,Click ,Yes 
INT-0007734,1312,CMP-0014,2025-12-05,demo request, No 
INT-0007735,536,CMP-0020,02/25/2025, Impression,No
INT-0007736,822,CMP-0029,2025-04-25,EMAIL OPEN,no
INT-0007737,1220,CMP-0019,07/24/2025,DEMO REQUEST,no
INT-0007738,1115,CMP-0025,06-06-2025,Email Open ,No
INT-0007739,1323,CMP-0005,05/12/2025,demo request,No
INT-0007740,716,CMP-0030,16/12/2025,Trial Signup ,No 
INT-0007741,1447,CMP-0018,05/03/2025, Impression , No
INT-0007742,661,CMP-0016,29 Nov 2025,click,YES
INT-0007743,449,CMP-0016,24 Jan 2025,Click ,no
INT-0007744,406,CMP-0016,12 Dec 2025,DEMO REQUEST,YES
INT-0007745,410,CMP-0007,28-06-2025,Click,NO
INT-0007746,187,,11 Jan 2025, Click,NO
INT-0007747,730,CMP-0002,29/12/2025,impression,No
INT-0007748,644,CMP-0004,"Sep 04, 2025",website visit,NO
INT-0007749,803,CMP-0015,"Dec 18, 2025",trial signup,YES
INT-0007750,1088,CMP-0029,"May 08, 2025",Email Open, No 
INT-0007751,1405,CMP-0010,04/09/2025, Email Open ,No 
INT-0007752,273,CMP-0022,02 Nov 2025, Impression,No 
INT-0007753,54,CMP-0013,26-05-2025,email open, No
INT-0007754,1456,CMP-0002,2025-06-08,Email Open,No 
INT-0007755,270,CMP-0010,"Jul 11, 2025",Trial Signup ,Yes
INT-0007756,1469,CMP-0015,2025-07-26,IMPRESSION,Yes
INT-0007757,1444,CMP-0020,16/10/2025, Click,no
INT-0007758,28,CMP-0015,"Jul 29, 2025", Impression,Yes 
INT-0007759,936,CMP-0017,2025-06-23, Trial Signup , No
INT-0007760,160,CMP-0016,"Sep 27, 2025",WEBSITE VISIT,Yes
INT-0007761,1109,CMP-0008,16/12/2025, Demo Request,No 
INT-0007762,1390,CMP-0029,2025-01-23,Demo Request, No 
INT-0007763,1055,CMP-0023,"Jul 07, 2025", Website Visit, No 
INT-0007764,1443,CMP-0030,03-09-2025,Click , No
INT-0007765,458,CMP-0011,03/24/2025, Impression, No
INT-0007766,158,CMP-0006,"Sep 04, 2025",Trial Signup ,Yes 
INT-0007767,3,CMP-0029,2025-04-15,trial signup,No
INT-0007768,1358,CMP-0010,21 May 2025,Demo Request, No
INT-0007769,486,CMP-0009,"Jan 21, 2025",Demo Request,NO
INT-0007770,91,CMP-0023,16 Jun 2025,Impression ,NO
INT-0007771,1080,CMP-0008,09/01/2025,IMPRESSION, Yes 
INT-0007772,339,CMP-0030,11/10/2025,DEMO REQUEST, No
INT-0007773,88,CMP-0010,2025-01-10, Trial Signup,no
INT-0007774,482,CMP-0030,29 Jan 2025,CLICK, No 
INT-0007775,944,CMP-0010,"Jan 07, 2025", Trial Signup, No 
INT-0007776,877,CMP-0002,12/09/2025,Email Open,NO
INT-0007777,897,CMP-0003,13 Feb 2025,Impression , No
INT-0007778,701,CMP-0015,20-03-2025, Impression ,no
INT-0007779,647,CMP-0028,29-04-2025, Website Visit,no
INT-0007780,597,CMP-0004,03/23/2025, Click,NO
INT-0007781,649,CMP-0006,06/18/2025,TRIAL SIGNUP,no
INT-0007782,20,CMP-0010,05 Jul 2025,email open, Yes
INT-0007783,970,CMP-0017,"Mar 06, 2025",impression,yes
INT-0007784,1493,CMP-0002,12-07-2025,website visit, No 
INT-0007785,863,CMP-0013,13-04-2025,Trial Signup , No 
INT-0007786,733,CMP-0010,"Mar 15, 2025",website visit,NO
INT-0007787,603,CMP-0008,2025-01-31,Click, No 
INT-0007788,49,CMP-0023,05 Apr 2025,EMAIL OPEN, No 
INT-0007789,101,CMP-0027,19 Feb 2025,click, No
INT-0007790,1161,CMP-0004,27-05-2025,WEBSITE VISIT,No
INT-0007791,535,CMP-0010,11/12/2025,website visit,no
INT-0007792,848,CMP-0012,23/11/2025,demo request,No
INT-0007793,1203,CMP-0005,08/09/2025, Website Visit ,No
INT-0007794,988,CMP-0007,"Nov 17, 2025", Demo Request ,no
INT-0007795,1261,CMP-0023,18 Sep 2025,Impression ,No
INT-0007796,444,CMP-0011,2025-09-22,Email Open,No 
INT-0007797,869,CMP-0002,"Mar 26, 2025",TRIAL SIGNUP, No 
INT-0007798,147,CMP-0011,"Feb 12, 2025",WEBSITE VISIT, No
INT-0007799,667,CMP-0008,16 Sep 2025,Impression,No 
INT-0007800,1040,CMP-0003,14-03-2025, Email Open,No
INT-0007801,651,CMP-0009,04 Feb 2025,DEMO REQUEST, No
INT-0007802,796,CMP-0011,06 Mar 2025, Click,No
INT-0007803,912,CMP-0008,03/31/2025,website visit,no
INT-0007804,1103,CMP-0030,09/15/2025,email open, Yes 
INT-0007805,1318,CMP-0024,14 Nov 2025,Click,No 
INT-0007806,876,CMP-0018,08-05-2025, Impression , Yes
INT-0007807,24,CMP-0021,07/24/2025,email open,no
INT-0007808,609,CMP-0014,2025-02-25, Email Open,no
INT-0007809,304,CMP-0025,21 Sep 2025,Demo Request , Yes 
INT-0007810,561,CMP-0004,"Apr 21, 2025",Click , No 
INT-0007811,32,CMP-0022,15-03-2025, Click,yes
INT-0007812,1439,CMP-0026,18/08/2025,WEBSITE VISIT,No
INT-0007813,1066,CMP-0027,22-07-2025,demo request, No 
INT-0007814,295,CMP-0005,07/25/2025,Email Open , No
INT-0007815,395,CMP-0004,07/08/2025, Trial Signup, No 
INT-0007816,306,CMP-0019,03/08/2025, Email Open,No
INT-0007817,1059,CMP-0011,04/12/2025,EMAIL OPEN,NO
INT-0007818,630,CMP-0023,08/18/2025, Website Visit ,Yes
INT-0007819,703,CMP-0026,"Apr 29, 2025",trial signup, No
INT-0007820,58,CMP-0013,30/04/2025, Demo Request,No
INT-0007821,775,CMP-0015,04-08-2025,EMAIL OPEN,No
INT-0007822,809,CMP-0030,23-12-2025,Trial Signup,No
INT-0007823,765,CMP-0014,"Apr 18, 2025",Demo Request,No
INT-0007824,1281,CMP-0029,04/09/2025, Website Visit ,no
INT-0007825,961,CMP-0020,01 Nov 2025,impression, No 
INT-0007826,1343,CMP-0024,"Jun 21, 2025",DEMO REQUEST,No 
INT-0007827,1452,CMP-0019,01/01/2025,trial signup,no
INT-0007828,1032,CMP-0018,2025-12-23,TRIAL SIGNUP,No 
INT-0007829,1292,CMP-0025,23/05/2025, Demo Request ,No 
INT-0007830,1232,CMP-0024,10/16/2025, Email Open ,NO
INT-0007831,916,CMP-0017,06/07/2025, Email Open , No
INT-0007832,503,,2025-10-22, Click,No 
INT-0007833,755,CMP-0021,2025-10-17,Trial Signup, Yes
INT-0007834,322,CMP-0027,30 Jul 2025,Impression,yes
INT-0007835,647,CMP-0016,04-01-2025,Website Visit,yes
INT-0007836,793,CMP-0024,"Oct 18, 2025",Click,No 
INT-0007837,1081,CMP-0011,2025-03-31,Click ,no
INT-0007838,1178,CMP-0005,31 May 2025, Trial Signup , No
INT-0007839,1056,CMP-0012,08/22/2025,email open,Yes
INT-0007840,393,CMP-0022,08 Jan 2025, Impression, No 
INT-0007841,1037,CMP-0019,03/01/2025, Click ,NO
INT-0007842,1467,CMP-0001,11-11-2025,Trial Signup , Yes
INT-0007843,670,CMP-0008,25/12/2025, Impression, No 
INT-0007844,1363,CMP-0013,2025-02-24, Website Visit,yes
INT-0007845,1441,CMP-0020,2025-11-27, Trial Signup,Yes 
INT-0007846,315,CMP-0025,26 May 2025,TRIAL SIGNUP,Yes
INT-0007847,587,CMP-0024,10/26/2025,trial signup,NO
INT-0007848,749,CMP-0010,24/10/2025, Website Visit,yes
INT-0007849,1406,CMP-0002,09/15/2025,Email Open,NO
INT-0007850,266,CMP-0006,02/15/2025,Trial Signup ,Yes
INT-0007851,520,CMP-0007,"Jul 25, 2025",Trial Signup,No
INT-0007852,365,CMP-0010,02-04-2025, Email Open , No 
INT-0007853,1370,CMP-0001,"May 06, 2025",website visit,Yes
INT-0007854,579,CMP-0023,20 Mar 2025,Website Visit ,No 
INT-0007855,1498,CMP-0014,03/09/2025,Click,No
INT-0007856,1045,CMP-0015,"Apr 20, 2025",click, No
INT-0007857,955,CMP-0005,2025-11-30,WEBSITE VISIT,NO
INT-0007858,439,,01-04-2025,Impression ,No 
INT-0007859,290,CMP-0025,03-08-2025,DEMO REQUEST, Yes 
INT-0007860,1114,CMP-0021,2025-08-09,email open, No 
INT-0007861,1079,CMP-0005,20/04/2025, Impression ,No
INT-0007862,219,CMP-0029,05/04/2025,DEMO REQUEST, No 
INT-0007863,1483,CMP-0026,08/20/2025,Trial Signup , No 
INT-0007864,524,CMP-0015,03 Feb 2025,Click, Yes
INT-0007865,485,CMP-0005,06/17/2025, Impression , Yes 
INT-0007866,354,CMP-0007,03 Nov 2025,TRIAL SIGNUP, No 
INT-0007867,419,CMP-0018,06/06/2025,WEBSITE VISIT,No 
INT-0007868,1017,CMP-0009,31 May 2025,DEMO REQUEST,No
INT-0007869,1029,CMP-0003,16/07/2025,email open,No
INT-0007870,162,CMP-0012,28 Sep 2025,TRIAL SIGNUP,Yes
INT-0007871,1039,CMP-0025,17 Jul 2025,Email Open, No 
INT-0007872,418,CMP-0001,09/04/2025, Click , No 
INT-0007873,613,CMP-0022,08/27/2025,Email Open , No 
INT-0007874,1143,CMP-0030,28/04/2025, Demo Request ,No 
INT-0007875,797,CMP-0023,30-01-2025,IMPRESSION,No
INT-0007876,199,CMP-0003,05/30/2025, Demo Request ,No 
INT-0007877,1005,CMP-0009,01/27/2025,Demo Request, No 
INT-0007878,480,CMP-0027,30/04/2025,Trial Signup, No
INT-0007879,1017,CMP-0024,05/08/2025, Impression, No 
INT-0007880,482,CMP-0004,18-07-2025, Click , No
INT-0007881,493,CMP-0007,2025-07-15,Website Visit, Yes 
INT-0007882,33,CMP-0020,14 Nov 2025,Impression, No 
INT-0007883,396,CMP-0026,"Mar 17, 2025", Demo Request ,NO
INT-0007884,153,CMP-0019,2025-12-30, Demo Request ,No
INT-0007885,677,CMP-0001,18/03/2025, Website Visit,no
INT-0007886,577,CMP-0016,"Dec 17, 2025", Website Visit,NO
INT-0007887,12,CMP-0003,22-09-2025,Click ,No 
INT-0007888,412,CMP-0024,2025-12-13,email open,no
INT-0007889,341,CMP-0025,11/09/2025, Demo Request ,No 
INT-0007890,1029,CMP-0016,2025-07-26,Email Open ,No 
INT-0007891,744,CMP-0020,07-01-2025,TRIAL SIGNUP,No
INT-0007892,71,CMP-0029,19/07/2025, Email Open,No
INT-0007893,342,CMP-0019,2025-01-13, Email Open , Yes 
INT-0007894,37,CMP-0025,24/06/2025,email open,Yes
INT-0007895,865,CMP-0020,10-04-2025,WEBSITE VISIT,Yes
INT-0007896,1450,CMP-0029,01/04/2025,Trial Signup ,No 
INT-0007897,564,CMP-0001,"Jun 26, 2025",Impression ,YES
INT-0007898,11,CMP-0023,15-10-2025, Impression,No
INT-0007899,113,CMP-0016,04 Nov 2025,Website Visit, No 
INT-0007900,1338,CMP-0030,22 Oct 2025,Email Open ,no
INT-0007901,36,CMP-0012,06/27/2025, Demo Request,No
INT-0007902,204,CMP-0003,2025-05-31,Impression,No
INT-0007903,733,CMP-0017,03/30/2025,Email Open ,Yes 
INT-0007904,1016,CMP-0027,29 May 2025,TRIAL SIGNUP,yes
INT-0007905,1494,CMP-0015,03 Aug 2025,EMAIL OPEN,No
INT-0007906,843,CMP-0024,09/09/2025,demo request,No
INT-0007907,1042,CMP-0019,19/01/2025,click,NO
INT-0007908,736,CMP-0008,"Feb 09, 2025", Website Visit,YES
INT-0007909,660,CMP-0011,18 Feb 2025, Trial Signup ,NO
INT-0007910,1082,CMP-0006,"Feb 06, 2025",demo request,yes
INT-0007911,1062,CMP-0030,07 Jun 2025,click, No 
INT-0007912,306,CMP-0004,2025-10-14,Demo Request,no
INT-0007913,709,CMP-0009,23 Jul 2025,website visit,no
INT-0007914,402,CMP-0004,2025-10-16,Impression,Yes 
INT-0007915,798,CMP-0004,"Apr 07, 2025",email open,no
INT-0007916,1116,CMP-0014,2025-11-10, Demo Request ,no
INT-0007917,1426,CMP-0025,30-07-2025,Demo Request,No 
INT-0007918,852,CMP-0007,02/07/2025,CLICK,NO
INT-0007919,738,CMP-0030,09/02/2025, Website Visit, No 
INT-0007920,1498,CMP-0022,"Jul 29, 2025",DEMO REQUEST,NO
INT-0007921,27,CMP-0015,11-03-2025,EMAIL OPEN,no
INT-0007922,1393,CMP-0022,27-12-2025, Email Open , Yes 
INT-0007923,481,CMP-0003,22/07/2025,click, No 
INT-0007924,838,CMP-0002,11 Nov 2025,Website Visit ,No 
INT-0007925,265,CMP-0024,"Aug 24, 2025",Trial Signup,No 
INT-0007926,647,CMP-0026,07/12/2025, Demo Request ,No
INT-0007927,451,CMP-0010,16 May 2025,email open,No
INT-0007928,546,CMP-0022,09 Jul 2025,Impression,No 
INT-0007929,581,CMP-0018,2025-08-16,CLICK,NO
INT-0007930,87,CMP-0005,"Aug 17, 2025",Click , No
INT-0007931,700,CMP-0001,03 May 2025,Demo Request, Yes
INT-0007932,536,,05/03/2025,Website Visit ,No 
INT-0007933,441,CMP-0027,"May 11, 2025",TRIAL SIGNUP,NO
INT-0007934,892,CMP-0012,"Nov 05, 2025",Trial Signup , No 
INT-0007935,498,CMP-0022,05/11/2025,Trial Signup ,No
INT-0007936,805,CMP-0020,2025-04-18,website visit,NO
INT-0007937,446,CMP-0023,21 Aug 2025,Impression,NO
INT-0007938,1132,CMP-0001,"Sep 05, 2025",DEMO REQUEST,No
INT-0007939,306,CMP-0010,24-10-2025,Demo Request, Yes 
INT-0007940,381,CMP-0014,30/01/2025, Website Visit, No 
INT-0007941,539,CMP-0024,"Nov 11, 2025", Email Open ,No 
INT-0007942,797,CMP-0020,05-09-2025,Impression,yes
INT-0007943,1130,CMP-0020,"Feb 11, 2025",IMPRESSION, No 
INT-0007944,88,CMP-0022,02/28/2025,Trial Signup, No
INT-0007945,1153,CMP-0005,14/06/2025, Website Visit,yes
INT-0007946,333,CMP-0020,2025-04-18,website visit,NO
INT-0007947,1108,CMP-0021,2025-04-24,email open,NO
INT-0007948,985,CMP-0004,02/11/2025,IMPRESSION,No 
INT-0007949,870,CMP-0001,"Jan 19, 2025",impression,yes
INT-0007950,697,,"Apr 30, 2025", Click, No 
INT-0007951,1300,CMP-0019,15/01/2025, Email Open,No
INT-0007952,432,CMP-0020,2025-01-23,EMAIL OPEN,NO
INT-0007953,96,CMP-0021,06 Nov 2025,Email Open ,Yes
INT-0007954,1305,CMP-0022,2025-08-09,Email Open ,YES
INT-0007955,669,CMP-0027,"Jul 21, 2025", Trial Signup,NO
INT-0007956,934,CMP-0019,09/08/2025,Trial Signup , No
INT-0007957,1034,CMP-0014,13/03/2025,email open,No
INT-0007958,50,CMP-0007,15-03-2025, Impression ,NO
INT-0007959,126,CMP-0015,18-06-2025,Click, No 
INT-0007960,483,CMP-0007,30 Sep 2025, Click, No
INT-0007961,936,CMP-0004,07/07/2025, Trial Signup ,no
INT-0007962,494,CMP-0001,27-09-2025,Impression ,Yes 
INT-0007963,1355,CMP-0016,2025-09-04, Demo Request , No
INT-0007964,248,CMP-0025,"May 07, 2025", Demo Request, No 
INT-0007965,365,CMP-0029,08/20/2025,Email Open ,no
INT-0007966,390,CMP-0022,"Aug 07, 2025", Email Open ,No
INT-0007967,537,CMP-0019,"Aug 02, 2025", Email Open, No 
INT-0007968,1265,CMP-0004,"Jan 27, 2025",IMPRESSION,Yes
INT-0007969,1145,CMP-0018,02/10/2025, Email Open ,No
INT-0007970,654,CMP-0002,14/04/2025, Trial Signup,No
INT-0007971,621,CMP-0001,06/16/2025,Email Open,Yes
INT-0007972,389,CMP-0014,11 May 2025,Impression , No 
INT-0007973,559,CMP-0023,09/15/2025, Impression, Yes 
INT-0007974,1303,CMP-0005,2025-12-16, Email Open, Yes
INT-0007975,967,CMP-0027,29/08/2025,Impression ,no
INT-0007976,1321,CMP-0011,26 Jan 2025,website visit, Yes 
INT-0007977,984,CMP-0003,15-10-2025, Website Visit ,yes
INT-0007978,806,CMP-0005,07 Feb 2025,Demo Request , No
INT-0007979,55,CMP-0017,2025-05-04,website visit,YES
INT-0007980,986,CMP-0003,03/02/2025, Click ,yes
INT-0007981,953,CMP-0018,04/10/2025, Click,NO
INT-0007982,1364,CMP-0023,2025-11-09,CLICK,no
INT-0007983,247,CMP-0029,16/07/2025, Trial Signup, No
INT-0007984,691,CMP-0003,03/17/2025,click, No
INT-0007985,221,CMP-0014,12 Jun 2025,Website Visit , No 
INT-0007986,589,CMP-0025,04/04/2025,email open, No 
INT-0007987,845,CMP-0029,"Sep 19, 2025", Impression,no
INT-0007988,1253,CMP-0002,"Aug 02, 2025", Trial Signup ,no
INT-0007989,1301,CMP-0029,2025-01-22,Demo Request ,Yes 
INT-0007990,997,CMP-0015,"Apr 04, 2025",Demo Request,No 
INT-0007991,1193,CMP-0006,06 Jul 2025, Trial Signup ,Yes 
INT-0007992,544,CMP-0004,"Jan 30, 2025", Email Open, No 
INT-0007993,365,CMP-0013,19-02-2025,Trial Signup, No
INT-0007994,635,CMP-0013,"Nov 07, 2025",demo request,yes
INT-0007995,1134,CMP-0017,06-01-2025, Click,No
INT-0007996,917,CMP-0003,2025-05-06,Click , No 
INT-0007997,967,CMP-0008,2025-04-19, Demo Request, No
INT-0007998,138,CMP-0017,28 Mar 2025, Click,no
INT-0007999,737,CMP-0020,20/01/2025,Impression , No
INT-0008000,295,CMP-0018,26-06-2025,WEBSITE VISIT,No 
INT-0008001,537,CMP-0004,2025-12-16,click, Yes 
INT-0008002,871,CMP-0014,"Oct 12, 2025", Email Open,no
INT-0008003,690,CMP-0009,07-12-2025, Click,no
INT-0008004,879,CMP-0025,27/06/2025,Click, Yes
INT-0008005,435,CMP-0029,"Aug 28, 2025", Website Visit , Yes
INT-0008006,1081,CMP-0028,14 Jun 2025, Click , No
INT-0008007,864,CMP-0027,04/21/2025,TRIAL SIGNUP, No
INT-0008008,199,CMP-0028,06/05/2025,Impression,YES
INT-0008009,1347,CMP-0018,11/11/2025,Email Open ,NO
INT-0008010,605,CMP-0021,24-11-2025,Trial Signup,no
INT-0008011,432,CMP-0009,08/20/2025,Impression ,yes
INT-0008012,1088,CMP-0021,17 May 2025,WEBSITE VISIT,No 
INT-0008013,1142,CMP-0021,08/27/2025, Demo Request,No 
INT-0008014,300,CMP-0010,2025-08-11, Email Open, No 
INT-0008015,201,CMP-0009,29-01-2025, Click ,yes
INT-0008016,1461,CMP-0011,"May 05, 2025",Website Visit ,No
INT-0008017,262,CMP-0025,"Jul 19, 2025",TRIAL SIGNUP,Yes 
INT-0008018,1339,CMP-0008,06/03/2025,website visit, No
INT-0008019,995,CMP-0007,22/11/2025,Email Open , Yes 
INT-0008020,1071,CMP-0005,27/10/2025, Demo Request,no
INT-0008021,171,CMP-0001,28-10-2025,Click ,no
INT-0008022,1164,CMP-0024,2025-06-08,Trial Signup ,No
INT-0008023,374,CMP-0001,16-12-2025,CLICK, No 
INT-0008024,400,CMP-0007,21 May 2025,Website Visit , No 
INT-0008025,823,CMP-0009,12-04-2025, Website Visit ,No 
INT-0008026,83,CMP-0028,28/10/2025, Click ,No
INT-0008027,968,CMP-0009,11/04/2025, Trial Signup , No
INT-0008028,667,CMP-0026,2025-09-03,demo request,No 
INT-0008029,774,CMP-0002,31-03-2025,Email Open ,NO
INT-0008030,1248,CMP-0001,10/21/2025,Email Open, No 
INT-0008031,994,CMP-0002,21 Jan 2025,Trial Signup,No
INT-0008032,732,,17 Aug 2025,impression, No
INT-0008033,747,,20 Dec 2025,TRIAL SIGNUP, No 
INT-0008034,473,CMP-0008,03 Jun 2025,Website Visit,Yes 
INT-0008035,965,CMP-0030,27/01/2025,click,no
INT-0008036,651,CMP-0006,"Nov 01, 2025",email open, No
INT-0008037,193,CMP-0004,2025-12-01, Trial Signup , Yes 
INT-0008038,1133,CMP-0013,03/01/2025, Email Open ,no
INT-0008039,754,CMP-0004,07-01-2025,demo request, No 
INT-0008040,1079,CMP-0028,"Oct 14, 2025",Impression ,NO
INT-0008041,1388,CMP-0023,2025-04-16,CLICK,YES
INT-0008042,108,CMP-0004,18 Jan 2025, Email Open ,No 
INT-0008043,927,CMP-0029,04/05/2025,Impression,yes
INT-0008044,491,CMP-0005,31-07-2025,CLICK, No 
INT-0008045,1171,CMP-0003,07/01/2025,IMPRESSION,No
INT-0008046,283,CMP-0027,"Sep 02, 2025", Demo Request,No 
INT-0008047,696,CMP-0028,2025-09-10,Click ,No 
INT-0008048,587,CMP-0024,"Nov 05, 2025",Demo Request,no
INT-0008049,1461,CMP-0005,11-06-2025,Click ,No 
INT-0008050,1075,CMP-0024,21 Apr 2025,Email Open ,NO
INT-0008051,852,CMP-0025,2025-04-27,Demo Request,yes
INT-0008052,1081,CMP-0009,13-10-2025,EMAIL OPEN,NO
INT-0008053,1300,CMP-0023,"Jul 29, 2025",Impression,no
INT-0008054,611,CMP-0029,08/30/2025,demo request, Yes
INT-0008055,1045,CMP-0012,"Jul 22, 2025", Trial Signup,no
INT-0008056,1163,CMP-0012,"May 02, 2025",IMPRESSION,No 
INT-0008057,484,CMP-0026,31-05-2025, Impression,NO
INT-0008058,774,,16 Nov 2025,EMAIL OPEN, Yes
INT-0008059,1279,CMP-0022,11/03/2025, Trial Signup ,No 
INT-0008060,686,,"Sep 06, 2025",trial signup,No
INT-0008061,157,CMP-0018,02/27/2025, Email Open , No
INT-0008062,1382,CMP-0007,2025-09-30, Impression ,NO
INT-0008063,802,CMP-0016,"Jun 11, 2025",email open,No
INT-0008064,1243,CMP-0019,"Mar 22, 2025",DEMO REQUEST,No 
INT-0008065,1262,CMP-0030,"Mar 07, 2025",click,No 
INT-0008066,765,CMP-0004,2025-07-24,website visit,No 
INT-0008067,1203,CMP-0005,02 Sep 2025, Click,NO
INT-0008068,514,CMP-0009,"Oct 04, 2025",Website Visit ,yes
INT-0008069,1431,CMP-0011,30/07/2025, Demo Request,No 
INT-0008070,858,CMP-0022,31/07/2025,Email Open,NO
INT-0008071,1309,CMP-0006,2025-11-05,Click, No 
INT-0008072,169,CMP-0028,2025-02-18, Demo Request ,No 
INT-0008073,579,CMP-0004,02-11-2025,impression, No 
INT-0008074,240,CMP-0009,17/08/2025,EMAIL OPEN,No
INT-0008075,424,CMP-0026,08/15/2025, Email Open ,No 
INT-0008076,1481,CMP-0014,13/12/2025, Email Open,no
INT-0008077,1346,CMP-0006,26 Aug 2025, Demo Request,No
INT-0008078,1200,CMP-0012,2025-01-04,EMAIL OPEN,No
INT-0008079,1178,CMP-0027,27/05/2025, Email Open , No 
INT-0008080,570,CMP-0025,09/05/2025,Email Open , No
INT-0008081,102,CMP-0028,"Mar 23, 2025",Website Visit ,No 
INT-0008082,1468,CMP-0028,"Nov 04, 2025", Click , Yes 
INT-0008083,1049,,11/11/2025, Email Open ,no
INT-0008084,624,CMP-0026,2025-02-04, Demo Request ,Yes
INT-0008085,121,CMP-0014,"Mar 01, 2025",Website Visit, No 
INT-0008086,1275,CMP-0020,27-08-2025, Demo Request ,no
INT-0008087,1279,CMP-0019,06 Oct 2025,trial signup,YES
INT-0008088,980,CMP-0012,07/22/2025,IMPRESSION, No
INT-0008089,746,CMP-0011,18/12/2025,Impression , No 
INT-0008090,601,,2025-05-03,Impression,NO
INT-0008091,858,CMP-0009,27 Oct 2025,EMAIL OPEN,No
INT-0008092,327,CMP-0014,2025-06-27,CLICK,YES
INT-0008093,180,CMP-0001,2025-09-09,Email Open ,No
INT-0008094,659,CMP-0019,21/08/2025,Website Visit ,no
INT-0008095,153,CMP-0029,03/05/2025, Demo Request ,NO
INT-0008096,427,CMP-0013,04 Jan 2025, Trial Signup,yes
INT-0008097,1338,CMP-0013,06/29/2025, Click ,Yes 
INT-0008098,1435,CMP-0014,26-09-2025, Click,YES
INT-0008099,1271,CMP-0015,2025-11-29, Demo Request, No 
INT-0008100,387,CMP-0029,"Sep 11, 2025", Email Open,No
INT-0008101,572,CMP-0016,19-04-2025,email open, No
INT-0008102,502,CMP-0004,"Aug 06, 2025",email open, No
INT-0008103,1475,CMP-0021,08/22/2025,Trial Signup ,No
INT-0008104,289,CMP-0006,10/09/2025,email open, No
INT-0008105,1404,CMP-9000,"Sep 14, 2025",Email Open , No
INT-0008106,11,CMP-0008,2025-10-10,Click,no
INT-0008107,657,CMP-0005,"Apr 13, 2025",IMPRESSION,NO
INT-0008108,849,CMP-0024,28-12-2025, Click , No
INT-0008109,992,CMP-0011,"Nov 29, 2025",Trial Signup,No 
INT-0008110,938,CMP-0002,"Aug 15, 2025",Impression,No
INT-0008111,475,,2025-05-30, Website Visit , No
INT-0008112,1443,CMP-0022,2025-01-22, Click, Yes 
INT-0008113,297,CMP-0008,01/08/2025,WEBSITE VISIT,no
INT-0008114,931,CMP-0009,08/05/2025,Click ,no
INT-0008115,290,CMP-0023,16-01-2025,CLICK,NO
INT-0008116,721,CMP-0003,09-11-2025, Website Visit ,no
INT-0008117,278,CMP-0028,30-10-2025, Website Visit,Yes
INT-0008118,416,CMP-0018,02 Oct 2025, Trial Signup,No 
INT-0008119,788,CMP-0015,09/03/2025, Trial Signup ,no
INT-0008120,762,CMP-0013,06/21/2025, Click ,No
INT-0008121,29,CMP-0022,2025-02-26, Email Open ,no
INT-0008122,66,CMP-0029,2025-12-14, Website Visit , No 
INT-0008123,1328,CMP-0010,26/08/2025,Demo Request , No
INT-0008124,1297,CMP-0010,26-10-2025, Click, No 
INT-0008125,587,CMP-0030,03/22/2025,impression,no
INT-0008126,1486,CMP-0002,02/02/2025, Impression, No
INT-0008127,1373,CMP-0014,10/02/2025, Email Open ,NO
INT-0008128,1290,CMP-0015,"Apr 06, 2025",Website Visit , No 
INT-0008129,745,CMP-0013,19-12-2025, Website Visit,No 
INT-0008130,680,CMP-0006,08/06/2025, Demo Request ,Yes
INT-0008131,843,CMP-0019,"Dec 14, 2025",website visit, No 
INT-0008132,335,CMP-0006,10/07/2025,Demo Request, Yes 
INT-0008133,480,CMP-0025,05/18/2025,website visit, No 
INT-0008134,705,CMP-0005,2025-08-20,impression, No
INT-0008135,970,CMP-0008,16-07-2025,CLICK,no
INT-0008136,236,CMP-0014,2025-10-31,click,no
INT-0008137,1312,CMP-0014,"Dec 25, 2025",TRIAL SIGNUP,No
INT-0008138,1405,CMP-0002,"Jun 30, 2025", Impression, No
INT-0008139,1444,CMP-0009,2025-01-08, Email Open , No 
INT-0008140,1206,CMP-0029,"Dec 05, 2025", Click, No 
INT-0008141,602,CMP-0015,19-09-2025, Click ,NO
INT-0008142,4,CMP-0011,2025-01-06,trial signup,NO
INT-0008143,686,CMP-0004,12/15/2025,Email Open,no
INT-0008144,708,CMP-0008,25 Nov 2025,Click ,NO
INT-0008145,917,CMP-0010,"Jan 14, 2025",Demo Request , No 
INT-0008146,1074,CMP-0015,02 Oct 2025,Click,No 
INT-0008147,201,CMP-0029,10/09/2025, Email Open ,No
INT-0008148,197,CMP-0023,"Nov 06, 2025",click,No 
INT-0008149,1500,CMP-0023,05/16/2025,CLICK,Yes 
INT-0008150,1086,CMP-0006,25 May 2025, Email Open , No 
INT-0008151,2,CMP-0017,26-03-2025,email open,No 
INT-0008152,62,CMP-0013,08 May 2025,CLICK,no
INT-0008153,69,CMP-0028,"Jan 31, 2025", Click ,No
INT-0008154,1075,CMP-0001,2025-03-15,Demo Request ,no
INT-0008155,895,CMP-0027,17-03-2025, Click ,NO
INT-0008156,1230,CMP-0016,03-03-2025,click,No 
INT-0008157,1139,CMP-0002,"Apr 16, 2025", Website Visit,Yes
INT-0008158,469,CMP-0012,22/10/2025,trial signup, No 
INT-0008159,1285,CMP-0026,03/02/2025,WEBSITE VISIT, No
INT-0008160,750,CMP-0030,21 Aug 2025, Email Open, No
INT-0008161,528,CMP-0014,05-01-2025,Demo Request ,NO
INT-0008162,471,CMP-0004,12-06-2025, Click ,No
INT-0008163,632,CMP-0026,27 Dec 2025,Click ,No
INT-0008164,343,CMP-0013,07/10/2025,EMAIL OPEN,NO
INT-0008165,1111,CMP-0028,22/01/2025,website visit, No 
INT-0008166,795,CMP-0009,"Oct 29, 2025",Email Open , No 
INT-0008167,1419,CMP-0018,"Oct 05, 2025",impression,No 
INT-0008168,1373,CMP-0001,10 Jun 2025,Click ,No
INT-0008169,928,CMP-0006,31 Jan 2025,Impression ,yes
INT-0008170,1028,CMP-0001,27-07-2025, Demo Request ,no
INT-0008171,403,CMP-0013,18/02/2025, Trial Signup, No 
INT-0008172,1344,CMP-0007,21-12-2025,Email Open ,No
INT-0008173,328,CMP-0023,02-11-2025,click,No
INT-0008174,682,CMP-0028,10 Nov 2025, Click, No 
INT-0008175,634,CMP-0008,09 Jul 2025,Trial Signup ,Yes 
INT-0008176,830,CMP-0010,2025-05-23,trial signup,Yes
INT-0008177,11,CMP-0010,12/16/2025,Impression ,no
INT-0008178,162,CMP-0002,06/18/2025,Demo Request,YES
INT-0008179,582,CMP-0005,2025-12-28, Email Open,No
INT-0008180,349,CMP-0013,09/06/2025,Website Visit ,No
INT-0008181,114,CMP-0014,2025-05-08, Impression,No
INT-0008182,534,CMP-0009,14-08-2025,CLICK, No
INT-0008183,119,CMP-0015,04/05/2025, Email Open , No 
INT-0008184,107,,2025-05-20,Demo Request,No 
INT-0008185,1245,CMP-0013,2025-12-10,email open, No 
INT-0008186,110,CMP-0030,"Aug 05, 2025",Demo Request , No 
INT-0008187,1177,CMP-0015,2025-02-05, Demo Request, No 
INT-0008188,379,CMP-0005,29/08/2025,EMAIL OPEN,no
INT-0008189,1341,CMP-0011,07-08-2025, Trial Signup,NO
INT-0008190,1199,CMP-0016,"May 30, 2025", Trial Signup ,no
INT-0008191,1437,CMP-0009,"Aug 09, 2025", Demo Request,NO
INT-0008192,232,CMP-0013,31-12-2025,Email Open , Yes
INT-0008193,447,CMP-0030,25/10/2025,TRIAL SIGNUP,No
INT-0008194,103,CMP-0009,2025-01-15,Demo Request,NO
INT-0008195,829,CMP-0013,19/09/2025,CLICK,no
INT-0008196,1352,CMP-0022,04 Feb 2025, Demo Request , No 
INT-0008197,252,CMP-0026,2025-05-21,Trial Signup , No
INT-0008198,1121,CMP-0010,2025-12-17, Email Open, No
INT-0008199,264,CMP-0029,"Mar 11, 2025",Trial Signup, No
INT-0008200,312,CMP-0030,23/10/2025,trial signup, Yes
INT-0008201,798,CMP-0019,22/10/2025, Demo Request ,No
INT-0008202,1120,CMP-0019,"Oct 29, 2025",Impression,No
INT-0008203,79,CMP-0019,"Nov 30, 2025",demo request,No
INT-0008204,1122,CMP-0028,04/13/2025, Email Open, No
INT-0008205,740,CMP-0004,11-10-2025, Website Visit,no
INT-0008206,810,CMP-0002,11/07/2025,Demo Request, No 
INT-0008207,741,CMP-0007,02/03/2025, Email Open,No
INT-0008208,270,CMP-0017,16 Sep 2025, Click,No 
INT-0008209,1373,CMP-0006,03/31/2025,Impression,No
INT-0008210,695,CMP-0002,21 Nov 2025, Website Visit,No
INT-0008211,205,CMP-0004,"Apr 28, 2025",Website Visit ,No 
INT-0008212,456,CMP-0023,05/21/2025, Click, No
INT-0008213,1161,CMP-0024,04/15/2025, Email Open ,yes
INT-0008214,844,CMP-0007,2025-01-27, Impression , No 
INT-0008215,708,CMP-0027,2025-11-21,CLICK,No
INT-0008216,307,CMP-0026,2025-05-27,Click, No
INT-0008217,655,CMP-0001,20 Nov 2025, Email Open , No
INT-0008218,24,CMP-0019,12/24/2025,demo request, No 
INT-0008219,513,CMP-0015,15-09-2025,Click,No
INT-0008220,571,CMP-0027,"Jun 16, 2025",WEBSITE VISIT,No
INT-0008221,1005,CMP-0026,"Jan 19, 2025", Email Open,No 
INT-0008222,178,CMP-0002,23 Jan 2025, Email Open ,no
INT-0008223,783,CMP-0016,11-01-2025,email open, No
INT-0008224,95,CMP-0008,24/07/2025,Impression , No 
INT-0008225,700008,CMP-0005,2025-04-07, Demo Request,No
INT-0008226,1343,CMP-0003,2025-09-14,impression, No 
INT-0008227,1160,CMP-0024,"Jul 25, 2025",IMPRESSION, No
INT-0008228,871,,2025-09-09,Impression ,No
INT-0008229,415,CMP-0027,2025-08-12,email open,no
INT-0008230,560,CMP-0029,23 Dec 2025,Website Visit ,NO
INT-0008231,347,CMP-0013,06/13/2025,Email Open,No
INT-0008232,1376,CMP-0022,27-02-2025, Click ,no
INT-0008233,587,CMP-0007,09/17/2025, Demo Request,Yes 
INT-0008234,1104,CMP-0023,2025-09-14,Impression, Yes 
INT-0008235,666,CMP-0014,2025-06-17,WEBSITE VISIT,No
INT-0008236,1364,CMP-0027,14 Oct 2025, Click ,No 
INT-0008237,1330,CMP-0003,31-07-2025,TRIAL SIGNUP,no
INT-0008238,453,CMP-0004,18-05-2025,EMAIL OPEN,no
INT-0008239,128,CMP-0019,02/16/2025, Trial Signup,no
INT-0008240,236,CMP-0027,"Apr 22, 2025",IMPRESSION,NO
INT-0008241,319,CMP-0011,17/04/2025, Email Open,YES
INT-0008242,381,CMP-0026,"Jul 27, 2025",website visit,yes
INT-0008243,1361,CMP-0030,17-10-2025, Impression, No
INT-0008244,687,CMP-0010,05/04/2025, Demo Request,No
INT-0008245,169,CMP-0002,24-12-2025, Trial Signup,NO
INT-0008246,372,CMP-0012,"Oct 08, 2025",click,Yes
INT-0008247,432,CMP-0011,"May 28, 2025",CLICK,no
INT-0008248,172,CMP-0022,2025-02-22,demo request, No
INT-0008249,1116,CMP-0025,11-02-2025, Website Visit,NO
INT-0008250,274,CMP-0026,01/22/2025,Demo Request, No 
INT-0008251,1038,CMP-0011,03/14/2025, Impression ,No
INT-0008252,1182,CMP-0030,14 Apr 2025, Impression, No 
INT-0008253,238,CMP-0006,02 Mar 2025,Impression ,NO
INT-0008254,731,CMP-0005,06/11/2025, Email Open, No
INT-0008255,715,CMP-0026,28-08-2025,TRIAL SIGNUP,no
INT-0008256,660,CMP-0030,02-03-2025, Email Open ,NO
INT-0008257,1439,CMP-0001,06/27/2025,email open,No
INT-0008258,645,CMP-0018,05/16/2025,WEBSITE VISIT, No
INT-0008259,747,CMP-0028,2025-10-01, Impression, No
INT-0008260,1102,CMP-0005,"Dec 25, 2025", Click ,NO
INT-0008261,1396,CMP-0022,14/12/2025, Demo Request, No 
INT-0008262,1168,CMP-0026,08 Mar 2025,Email Open,NO
INT-0008263,1254,CMP-0025,"Jun 29, 2025",Click,YES
INT-0008264,728,CMP-0021,05 Jan 2025,WEBSITE VISIT,No 
INT-0008265,1377,CMP-0001,11/09/2025,Website Visit,no
INT-0008266,1469,CMP-0012,08 Aug 2025,Demo Request,NO
INT-0008267,452,CMP-0016,22 Jul 2025,email open, No 
INT-0008268,1167,CMP-0001,"Jul 12, 2025", Impression,No
INT-0008269,272,CMP-0004,22/09/2025, Trial Signup,yes
INT-0008270,1380,CMP-0029,"Nov 29, 2025", Click,yes
INT-0008271,1362,CMP-0011,09/13/2025, Website Visit , No
INT-0008272,1365,CMP-0003,2025-07-19, Impression ,no
INT-0008273,1192,CMP-0010,04 Jun 2025,trial signup,No
INT-0008274,247,CMP-0004,15/09/2025, Click, No
INT-0008275,503,CMP-0014,22-08-2025,Trial Signup,No
INT-0008276,324,CMP-0002,2025-09-07,Website Visit , No
INT-0008277,1411,CMP-0027,2025-03-02,demo request,NO
INT-0008278,1326,CMP-0014,02 Apr 2025,Website Visit, No
INT-0008279,620,CMP-0029,10/19/2025,Impression, No
INT-0008280,530,CMP-0025,24-09-2025, Impression ,No
INT-0008281,95,CMP-0001,2025-12-23,Impression ,NO
INT-0008282,1363,CMP-0029,27 Apr 2025,EMAIL OPEN,no
INT-0008283,811,CMP-0030,"Apr 23, 2025",DEMO REQUEST, No 
INT-0008284,511,CMP-0023,30/07/2025, Impression ,No
INT-0008285,494,CMP-0023,06-02-2025,Demo Request,No
INT-0008286,1471,CMP-0004,"Jun 20, 2025",CLICK, No 
INT-0008287,119,CMP-0023,28/08/2025,Trial Signup,No
INT-0008288,1126,CMP-0005,08-06-2025, Email Open,No 
INT-0008289,949,CMP-0020,"Jul 31, 2025",Trial Signup,no
INT-0008290,1160,CMP-0027,10/19/2025,click,No
INT-0008291,808,CMP-0027,"Dec 29, 2025",Website Visit ,No 
INT-0008292,1374,CMP-0009,"Jun 08, 2025", Trial Signup , No
INT-0008293,1255,CMP-0009,15/08/2025,Impression, No
INT-0008294,284,CMP-0010,2025-01-26,Website Visit , No
INT-0008295,428,CMP-0026,17-10-2025,Email Open ,Yes 
INT-0008296,771,CMP-0024,12/03/2025,Impression , Yes
INT-0008297,285,CMP-0021,2025-03-10,trial signup,No 
INT-0008298,130,CMP-0023,2025-01-16, Impression,no
INT-0008299,1029,CMP-0015,12/19/2025, Trial Signup ,No 
INT-0008300,875,CMP-0030,21 Mar 2025, Email Open, No
INT-0008301,298,CMP-0013,05-08-2025,trial signup,NO
INT-0008302,1323,CMP-0019,2025-12-25, Click, Yes
INT-0008303,1163,CMP-0021,19 Oct 2025,Email Open, No 
INT-0008304,32,CMP-0003,2025-11-26,DEMO REQUEST,NO
INT-0008305,354,CMP-0029,22 May 2025,Impression, No
INT-0008306,1142,CMP-0009,04/14/2025,demo request,No
INT-0008307,635,CMP-0018,21/11/2025,demo request, No 
INT-0008308,196,CMP-0024,20 Mar 2025, Website Visit,No 
INT-0008309,963,CMP-0030,01/06/2025,Trial Signup ,No
INT-0008310,830,CMP-0005,13 Dec 2025,Demo Request,No 
INT-0008311,205,CMP-0016,07 Mar 2025,Trial Signup,no
INT-0008312,402,CMP-0024,24 Aug 2025, Impression ,No 
INT-0008313,1085,CMP-0010,24 Apr 2025,Email Open,No 
INT-0008314,302,CMP-0027,12/18/2025,CLICK, No 
INT-0008315,401,CMP-0028,"Nov 08, 2025", Demo Request,NO
INT-0008316,1098,CMP-0017,11/29/2025,IMPRESSION,NO
INT-0008317,916,CMP-0021,14/07/2025,website visit, No 
INT-0008318,737,CMP-0011,2025-08-17,Trial Signup ,No
INT-0008319,21,CMP-0015,"Dec 27, 2025",demo request,No
INT-0008320,1090,CMP-0014,"Sep 11, 2025", Demo Request ,Yes
INT-0008321,449,CMP-0011,"Aug 24, 2025",Demo Request, No 
INT-0008322,1278,CMP-0014,05/25/2025,Email Open,Yes 
INT-0008323,1173,CMP-0026,"Nov 09, 2025", Trial Signup ,no
INT-0008324,1194,CMP-0023,"Jan 15, 2025",Impression, No
INT-0008325,1311,CMP-0017,03 Aug 2025, Trial Signup ,Yes 
INT-0008326,1452,CMP-0018,31/03/2025,Website Visit , No
INT-0008327,1243,CMP-0030,12/28/2025, Trial Signup , No 
INT-0008328,1097,CMP-0019,"Feb 16, 2025",CLICK,Yes 
INT-0008329,706,CMP-0006,"Feb 06, 2025", Website Visit, Yes
INT-0008330,471,CMP-0026,18/01/2025, Impression , No
INT-0008331,580,CMP-0012,16 Jan 2025, Impression,YES
INT-0008332,1399,CMP-0012,04/23/2025,Website Visit,No 
INT-0008333,346,CMP-0003,29/01/2025,DEMO REQUEST, No 
INT-0008334,515,CMP-0016,02 May 2025,DEMO REQUEST, No 
INT-0008335,1478,CMP-0005,10 Apr 2025,Website Visit ,Yes 
INT-0008336,985,CMP-0003,29/05/2025,website visit, Yes 
INT-0008337,121,CMP-0010,2025-09-13,WEBSITE VISIT, No 
INT-0008338,878,CMP-0014,11 Oct 2025, Website Visit , No 
INT-0008339,1204,CMP-0023,15/10/2025, Email Open ,No
INT-0008340,1272,CMP-0011,"Sep 30, 2025",IMPRESSION,no
INT-0008341,312,CMP-0030,"Jan 29, 2025",Email Open ,No 
INT-0008342,844,CMP-0011,12 Feb 2025, Trial Signup ,Yes 
INT-0008343,826,CMP-0023,"Sep 11, 2025",click,No 
INT-0008344,1295,CMP-0004,11/06/2025, Impression ,No 
INT-0008345,5,CMP-0010,21/05/2025,Click , No
INT-0008346,1088,CMP-0021,2025-04-09,Email Open ,No
INT-0008347,105,CMP-0016,"Sep 30, 2025",Demo Request , Yes 
INT-0008348,1491,CMP-0005,"Feb 16, 2025",Trial Signup ,NO
INT-0008349,367,,22-01-2025,CLICK,Yes
INT-0008350,477,CMP-0018,01/11/2025,Trial Signup,no
INT-0008351,480,CMP-0005,01 Nov 2025,click, No 
INT-0008352,952,CMP-0021,2025-12-18,trial signup, No
INT-0008353,441,CMP-0025,"Jan 30, 2025",website visit,Yes 
INT-0008354,615,CMP-0026,2025-01-15, Website Visit ,NO
INT-0008355,1252,CMP-0012,2025-11-05,trial signup,No
INT-0008356,479,CMP-0001,27/09/2025,Trial Signup ,No
INT-0008357,134,CMP-0020,04/16/2025, Impression ,NO
INT-0008358,499,CMP-0010,14 Jun 2025, Click ,no
INT-0008359,692,CMP-0023,17 Aug 2025,CLICK,Yes
INT-0008360,1138,CMP-0014,30 Nov 2025, Trial Signup ,No 
INT-0008361,462,,10/24/2025,demo request,No
INT-0008362,855,CMP-0004,10-09-2025,click,YES
INT-0008363,949,CMP-0029,"Jul 16, 2025", Email Open ,No 
INT-0008364,990,,17/04/2025,Website Visit,no
INT-0008365,624,,25/10/2025,Demo Request ,Yes 
INT-0008366,289,CMP-0027,11/30/2025,Website Visit,No
INT-0008367,452,CMP-0023,2025-12-13,DEMO REQUEST,NO
INT-0008368,567,CMP-0012,14 Apr 2025, Trial Signup,yes
INT-0008369,1427,CMP-0027,28/11/2025,Impression , No
INT-0008370,558,CMP-0029,"Jul 13, 2025", Impression ,no
INT-0008371,1332,CMP-0026,18-05-2025,Impression,YES
INT-0008372,147,CMP-0019,"Jun 19, 2025",Demo Request , No 
INT-0008373,815,CMP-0005,07/11/2025,trial signup,no
INT-0008374,1088,CMP-0030,10/01/2025, Impression,NO
INT-0008375,1092,CMP-0008,14/07/2025,Website Visit,No 
INT-0008376,698,CMP-0005,2025-08-13,Demo Request,no
INT-0008377,780,CMP-0006,08 Feb 2025,EMAIL OPEN,No 
INT-0008378,401,CMP-0019,08 Jan 2025,DEMO REQUEST, No 
INT-0008379,466,CMP-0009,02 Aug 2025, Demo Request , No 
INT-0008380,205,CMP-0003,13 Jun 2025, Trial Signup , Yes 
INT-0008381,1257,CMP-0020,24/02/2025,Trial Signup, Yes
INT-0008382,3,CMP-0001,"Jul 25, 2025",Demo Request,NO
INT-0008383,1431,CMP-0004,02 Oct 2025,DEMO REQUEST,NO
INT-0008384,231,CMP-0013,2025-05-27,demo request,no
INT-0008385,346,CMP-0011,28 Jan 2025, Email Open, No 
INT-0008386,1160,CMP-0023,09-04-2025,Email Open ,no
INT-0008387,369,CMP-0019,12/31/2025,WEBSITE VISIT,no
INT-0008388,1441,CMP-0015,04/06/2025, Email Open,Yes 
INT-0008389,1233,CMP-0028,04/02/2025,Demo Request ,YES
INT-0008390,572,CMP-0023,13/02/2025,DEMO REQUEST,NO
INT-0008391,1181,CMP-0016,"Mar 02, 2025",trial signup,Yes 
INT-0008392,572,CMP-0006,07/09/2025, Email Open,NO
INT-0008393,707,CMP-0018,23 Sep 2025,website visit, No 
INT-0008394,227,CMP-0014,09 Apr 2025,CLICK,NO
INT-0008395,128,CMP-0016,15/07/2025,impression, No
INT-0008396,1271,CMP-0011,2025-10-07,email open, No 
INT-0008397,679,CMP-0001,28 Oct 2025, Demo Request,no
INT-0008398,1195,CMP-0001,19-06-2025,Impression ,No 
INT-0008399,820,CMP-0006,09/04/2025,impression, Yes 
INT-0008400,902,CMP-0012,"Nov 17, 2025",Click ,Yes 
INT-0008401,437,CMP-0010,21 Jan 2025,Impression ,NO
INT-0008402,468,CMP-0023,2025-02-08,Click ,no
INT-0008403,1250,CMP-0019,15 Jul 2025,Click,NO
INT-0008404,660,CMP-0022,"Jun 27, 2025", Trial Signup,No
INT-0008405,1451,CMP-0024,14-10-2025,website visit, No 
INT-0008406,495,CMP-0020,14-09-2025, Website Visit ,no
INT-0008407,76,CMP-0023,2025-08-23, Email Open,YES
INT-0008408,970,CMP-0023,"Jul 03, 2025",Trial Signup,no
INT-0008409,846,CMP-0022,"Aug 23, 2025",Trial Signup , Yes
INT-0008410,459,CMP-0026,"May 20, 2025",impression,no
INT-0008411,1105,CMP-0020,27-03-2025,Email Open,NO
INT-0008412,669,CMP-0028,"Aug 01, 2025",DEMO REQUEST, No
INT-0008413,1486,CMP-0016,11 Apr 2025, Trial Signup ,No
INT-0008414,788,,17 Jan 2025,EMAIL OPEN, Yes
INT-0008415,279,CMP-0018,2025-07-24,Impression ,no
INT-0008416,800,CMP-0024,26/09/2025,Impression ,No
INT-0008417,834,CMP-0016,19 Jan 2025,Demo Request,yes
INT-0008418,186,CMP-0013,"Sep 18, 2025",Demo Request, No
INT-0008419,896,CMP-0006,2025-03-23,EMAIL OPEN,no
INT-0008420,749,CMP-0030,09/08/2025,TRIAL SIGNUP,NO
INT-0008421,1050,CMP-0024,25/03/2025,Trial Signup,no
INT-0008422,732,CMP-0009,20 Jan 2025,Demo Request ,No
INT-0008423,608,CMP-0011,26 Jul 2025,Impression,NO
INT-0008424,620,CMP-0024,04/03/2025, Impression , No
INT-0008425,362,CMP-0022,2025-07-30, Impression ,No 
INT-0008426,611,CMP-0026,07/26/2025,IMPRESSION,No 
INT-0008427,80,CMP-0024,05-08-2025,Email Open ,yes
INT-0008428,1424,CMP-0001,07/09/2025,click, No 
INT-0008429,520,CMP-0016,04/04/2025,Email Open , No 
INT-0008430,341,CMP-0007,23 Apr 2025,Demo Request , No 
INT-0008431,817,CMP-0012,11/12/2025,impression, No
INT-0008432,440,CMP-0007,12/06/2025,demo request,No
INT-0008433,515,CMP-0008,12/10/2025,website visit, No 
INT-0008434,1300,CMP-0024,28 Dec 2025,Email Open ,No
INT-0008435,1294,CMP-0008,11/04/2025,trial signup,NO
INT-0008436,972,CMP-0028,"Aug 11, 2025",Impression,No 
INT-0008437,1136,CMP-0012,06-02-2025,Email Open , No
INT-0008438,1084,CMP-0013,2025-12-14,Click ,NO
INT-0008439,1025,CMP-0006,24 Feb 2025,email open, Yes
INT-0008440,454,CMP-0029,08/09/2025,demo request,no
INT-0008441,1191,CMP-9014,12-08-2025,Website Visit ,NO
INT-0008442,635,CMP-0020,2025-12-03, Demo Request , No
INT-0008443,740,CMP-0003,27/10/2025, Website Visit ,No 
INT-0008444,1045,CMP-0005,09/02/2025, Impression,No 
INT-0008445,872,CMP-0022,16/10/2025, Click ,YES
INT-0008446,380,CMP-0029,03-09-2025, Demo Request ,NO
INT-0008447,775,CMP-0017,25-04-2025,click,No
INT-0008448,1072,CMP-0016,2025-12-28, Demo Request , Yes
INT-0008449,889,CMP-0022,"Jul 09, 2025",IMPRESSION, No 
INT-0008450,603,CMP-0028,"Mar 09, 2025",click,No 
INT-0008451,1021,CMP-0011,31/03/2025,click,NO
INT-0008452,568,CMP-0029,30/03/2025,TRIAL SIGNUP, Yes 
INT-0008453,1466,CMP-0029,"Mar 03, 2025", Email Open , Yes
INT-0008454,887,CMP-0007,29-06-2025,Impression ,no
INT-0008455,308,CMP-0029,2025-03-15, Website Visit ,No
INT-0008456,970,CMP-0024,2025-11-01,Trial Signup ,Yes 
INT-0008457,548,CMP-0020,24 Sep 2025, Impression,no
INT-0008458,1452,CMP-0008,17 Apr 2025, Demo Request ,No
INT-0008459,1058,CMP-0025,"Aug 10, 2025", Trial Signup,no
INT-0008460,1135,CMP-0024,2025-12-11, Demo Request ,No 
INT-0008461,291,CMP-0002,08/30/2025,Demo Request,yes
INT-0008462,1377,CMP-0003,26 Feb 2025,impression,no
INT-0008463,1276,CMP-0026,23 Sep 2025,Website Visit,No 
INT-0008464,173,CMP-0030,2025-08-10, Demo Request,no
INT-0008465,1365,CMP-0013,"Jun 23, 2025",Impression ,no
INT-0008466,187,,2025-04-06,DEMO REQUEST, Yes 
INT-0008467,837,CMP-0003,14 May 2025,email open,no
INT-0008468,319,CMP-0015,16/09/2025, Trial Signup , No
INT-0008469,924,CMP-0025,09/30/2025,demo request,No 
INT-0008470,897,CMP-0024,10 Dec 2025,trial signup,No 
INT-0008471,447,CMP-0020,17-02-2025,WEBSITE VISIT,NO
INT-0008472,903,CMP-0023,09/22/2025, Email Open,no
INT-0008473,927,CMP-0010,"Feb 09, 2025",click,yes
INT-0008474,669,CMP-0001,07-07-2025,Impression, No 
INT-0008475,1106,CMP-0029,10 Jul 2025,click, Yes 
INT-0008476,630,CMP-0018,12/06/2025, Impression ,No 
INT-0008477,326,CMP-0001,15-05-2025,TRIAL SIGNUP,No
INT-0008478,47,CMP-0026,26/09/2025, Trial Signup, No 
INT-0008479,151,CMP-0006,09/11/2025,Email Open , No
INT-0008480,481,CMP-0009,2025-05-07,Demo Request, No
INT-0008481,906,CMP-0013,22/03/2025,Website Visit , No
INT-0008482,1160,CMP-0008,20/10/2025,Email Open,No
INT-0008483,108,CMP-0030,"Dec 15, 2025",Demo Request , No
INT-0008484,269,CMP-0015,"Apr 27, 2025",Click, No
INT-0008485,1299,CMP-0001,01/27/2025,Demo Request,No
INT-0008486,88,CMP-0025,10/27/2025,click, No 
INT-0008487,11,CMP-0026,"Aug 22, 2025",Demo Request , No 
INT-0008488,165,CMP-0003,11/02/2025,Website Visit ,no
INT-0008489,1127,CMP-0005,01/18/2025, Email Open ,No 
INT-0008490,350,CMP-0007,06-03-2025,Click,No
INT-0008491,590,CMP-0019,05 Feb 2025, Demo Request ,NO
INT-0008492,717,CMP-0026,"Jan 24, 2025",Trial Signup,No
INT-0008493,870,CMP-0019,"Nov 19, 2025", Trial Signup ,no
INT-0008494,805,CMP-0001,"Oct 28, 2025", Demo Request,No 
INT-0008495,781,CMP-0008,"Oct 20, 2025", Trial Signup,NO
INT-0008496,1044,CMP-0020,25 Jul 2025,click,yes
INT-0008497,1224,CMP-0019,26/02/2025, Trial Signup ,No 
INT-0008498,1390,CMP-0021,"Jan 29, 2025", Trial Signup, No 
INT-0008499,708,CMP-0005,2025-02-09, Trial Signup , No 
INT-0008500,1082,CMP-0003,06 Jul 2025, Impression, No 
INT-0008501,178,CMP-0005,08/07/2025,Impression , No
INT-0008502,988,CMP-0029,08 Mar 2025,TRIAL SIGNUP,no
INT-0008503,46,CMP-0006,11/02/2025, Click, Yes
INT-0008504,848,CMP-0011,02/01/2025,Demo Request , No 
INT-0008505,1032,CMP-0004,05/09/2025,website visit,YES
INT-0008506,243,CMP-0013,19 Sep 2025, Email Open ,NO
INT-0008507,127,CMP-0011,06-01-2025,DEMO REQUEST, No 
INT-0008508,513,CMP-0026,06/12/2025, Click, No
INT-0008509,70,CMP-0027,07/10/2025,impression, No
INT-0008510,1018,CMP-0026,"Feb 12, 2025",Trial Signup ,YES
INT-0008511,1131,CMP-0010,09/12/2025,Website Visit ,NO
INT-0008512,198,CMP-0014,28-02-2025,Demo Request, No 
INT-0008513,1030,CMP-0014,10 Apr 2025,Impression, No
INT-0008514,1400,CMP-0012,2025-03-12, Website Visit , Yes
INT-0008515,743,CMP-0007,20 Sep 2025,EMAIL OPEN,NO
INT-0008516,81,CMP-0012,08/07/2025, Demo Request,Yes 
INT-0008517,277,CMP-0017,12/14/2025, Demo Request , No
INT-0008518,162,CMP-0016,"Apr 18, 2025", Trial Signup , Yes
INT-0008519,1253,CMP-0017,27 Apr 2025, Trial Signup , No
INT-0008520,709,CMP-0024,2025-02-12,Trial Signup,No
INT-0008521,1472,CMP-0016,"Sep 26, 2025", Impression ,No
INT-0008522,881,CMP-0004,28 Jun 2025, Trial Signup,NO
INT-0008523,666,CMP-0027,"Apr 13, 2025",DEMO REQUEST,no
INT-0008524,660,CMP-0009,26-08-2025,Click,Yes
INT-0008525,81,CMP-0027,22 Jun 2025,WEBSITE VISIT, No
INT-0008526,568,CMP-0022,13 Aug 2025,Impression ,NO
INT-0008527,990,CMP-0012,21 Jul 2025,email open, Yes 
INT-0008528,133,CMP-0014,27-02-2025,Click,NO
INT-0008529,694,CMP-0006,15 Jul 2025, Demo Request , No
INT-0008530,1340,CMP-0025,09-01-2025,Trial Signup, Yes 
INT-0008531,879,CMP-0009,2025-01-19,email open,no
INT-0008532,1426,CMP-0008,11-05-2025,Trial Signup , No 
INT-0008533,35,CMP-0010,2025-02-26,Demo Request,Yes
INT-0008534,213,CMP-0013,"Sep 05, 2025",Impression , No 
INT-0008535,614,CMP-0008,23 Mar 2025,IMPRESSION,no
INT-0008536,388,CMP-0011,2025-07-08, Email Open ,No
INT-0008537,578,CMP-0004,10 Mar 2025,EMAIL OPEN,NO
INT-0008538,1463,,"May 03, 2025",impression,no
INT-0008539,338,CMP-0010,10 Apr 2025, Demo Request ,NO
INT-0008540,753,CMP-0004,20/02/2025,Trial Signup , No 
INT-0008541,661,CMP-0018,10 May 2025,Trial Signup ,no
INT-0008542,653,CMP-0016,20/04/2025, Trial Signup ,No
INT-0008543,758,CMP-0011,05/04/2025, Demo Request,YES
INT-0008544,1006,CMP-0021,05/05/2025, Trial Signup ,no
INT-0008545,339,CMP-0005,04/30/2025,CLICK, No
INT-0008546,102,CMP-0005,"Sep 28, 2025", Impression ,no
INT-0008547,165,CMP-0010,2025-02-06,CLICK,Yes 
INT-0008548,262,CMP-0017,2025-06-26,Email Open, No 
INT-0008549,1245,CMP-0020,10/13/2025, Demo Request ,NO
INT-0008550,326,CMP-0017,2025-01-08, Website Visit,No 
INT-0008551,1227,CMP-0002,16-11-2025,Impression ,NO
INT-0008552,1214,CMP-0006,25 Apr 2025, Demo Request, No
INT-0008553,20,,05 Sep 2025, Click ,NO
INT-0008554,651,CMP-0007,2025-10-03, Email Open ,No
INT-0008555,896,CMP-0016,23/09/2025,impression,no
INT-0008556,266,CMP-0015,"Jan 20, 2025",demo request,NO
INT-0008557,959,CMP-0019,"Jan 07, 2025",Click , No
INT-0008558,1078,CMP-0025,08/01/2025, Trial Signup, No 
INT-0008559,527,CMP-0002,31/03/2025,Click, No 
INT-0008560,713,CMP-0014,17/03/2025,DEMO REQUEST,YES
INT-0008561,144,CMP-0008,"Dec 12, 2025",email open, No
INT-0008562,125,CMP-0015,30-09-2025, Impression, Yes 
INT-0008563,53,CMP-0009,04 Feb 2025, Demo Request ,No
INT-0008564,1315,CMP-0012,12/01/2025,demo request,NO
INT-0008565,1021,CMP-0029,"Aug 06, 2025",website visit,YES
INT-0008566,778,CMP-0019,04-07-2025, Website Visit, No 
INT-0008567,757,CMP-0011,07/08/2025,Email Open ,YES
INT-0008568,1014,CMP-0014,30-07-2025,DEMO REQUEST, Yes
INT-0008569,398,CMP-0025,2025-11-09, Impression , No 
INT-0008570,1097,CMP-0012,08 Nov 2025,Trial Signup,no
INT-0008571,57,CMP-0018,02/02/2025,DEMO REQUEST,No 
INT-0008572,1485,CMP-0001,31 Aug 2025,Impression ,no
INT-0008573,345,CMP-0024,"May 16, 2025", Email Open , No 
INT-0008574,303,CMP-0022,12-05-2025,EMAIL OPEN,yes
INT-0008575,254,CMP-0018,13-02-2025,Click , No
INT-0008576,1150,CMP-0027,06-04-2025, Click ,NO
INT-0008577,787,CMP-0009,16 Jun 2025,Demo Request ,No
INT-0008578,340,CMP-0009,01-12-2025, Demo Request ,No
INT-0008579,926,CMP-0014,27 Apr 2025, Email Open ,No 
INT-0008580,460,CMP-0023,24/06/2025,Click ,yes
INT-0008581,1247,CMP-0021,20/07/2025,Trial Signup,No 
INT-0008582,178,CMP-0030,"Mar 01, 2025",Demo Request,No 
INT-0008583,814,CMP-0015,"Mar 25, 2025", Email Open,NO
INT-0008584,127,CMP-0016,2025-10-02,TRIAL SIGNUP,No 
INT-0008585,1048,CMP-0002,07/03/2025, Click, No 
INT-0008586,1287,CMP-0029,2025-10-26, Impression ,NO
INT-0008587,1436,CMP-0026,08/05/2025, Trial Signup, No 
INT-0008588,456,CMP-0005,21/04/2025, Impression,NO
INT-0008589,236,CMP-0021,08-09-2025, Demo Request ,No 
INT-0008590,1416,CMP-0022,03/12/2025,Click ,NO
INT-0008591,338,CMP-0009,2025-01-23, Email Open,No 
INT-0008592,1205,CMP-0008,07/11/2025,email open,NO
INT-0008593,113,CMP-0016,25-08-2025,email open,No
INT-0008594,692,CMP-0010,14 Mar 2025,Email Open ,No 
INT-0008595,1450,CMP-0002,2025-09-20,EMAIL OPEN,No 
INT-0008596,1317,CMP-0002,31/05/2025,DEMO REQUEST, No
INT-0008597,88,CMP-0010,10/25/2025,trial signup,no
INT-0008598,172,CMP-0029,"Jan 24, 2025", Email Open , Yes
INT-0008599,844,CMP-0008,10/14/2025, Impression , No 
INT-0008600,510,CMP-0023,26 Apr 2025, Demo Request,No
INT-0008601,813,CMP-0011,"Jan 13, 2025",Trial Signup ,no
INT-0008602,939,,02/13/2025,website visit, No
INT-0008603,641,CMP-0007,17-08-2025, Click ,No 
INT-0008604,1182,CMP-0015,27-12-2025, Website Visit , Yes 
INT-0008605,1171,,2025-06-15,WEBSITE VISIT, No
INT-0008606,200,CMP-0029,"Apr 26, 2025", Website Visit, No 
INT-0008607,295,CMP-0016,02-06-2025, Trial Signup ,NO
INT-0008608,424,CMP-0021,07 Jun 2025,Trial Signup ,NO
INT-0008609,795,CMP-0016,2025-05-29,Email Open,Yes
INT-0008610,1410,CMP-0004,03-06-2025,EMAIL OPEN,no
INT-0008611,1072,CMP-0020,28 Jan 2025,click,no
INT-0008612,341,CMP-0013,"Sep 14, 2025", Website Visit,No
INT-0008613,475,CMP-0018,"Aug 30, 2025",CLICK,no
INT-0008614,1143,CMP-0005,26 Jun 2025,IMPRESSION,No 
INT-0008615,191,CMP-0012,08-11-2025,Trial Signup,No 
INT-0008616,656,CMP-0028,"Apr 21, 2025",Demo Request,NO
INT-0008617,317,CMP-0001,2025-12-07,Demo Request, No 
INT-0008618,322,CMP-0015,"Oct 17, 2025",Email Open ,no
INT-0008619,1444,CMP-0004,"Nov 16, 2025",email open,No 
INT-0008620,1116,CMP-0025,06/04/2025,Website Visit ,YES
INT-0008621,8,CMP-0021,08/11/2025,Click ,No 
INT-0008622,905,CMP-0013,27 Nov 2025,DEMO REQUEST, No
INT-0008623,495,CMP-0015,"Apr 02, 2025", Website Visit,No 
INT-0008624,1073,CMP-0020,13-04-2025,DEMO REQUEST,NO
INT-0008625,146,CMP-0020,19 Nov 2025,Trial Signup, No 
INT-0008626,765,CMP-0017,29/08/2025, Click,No
INT-0008627,1171,CMP-0015,"Apr 01, 2025",website visit,No 
INT-0008628,819,CMP-0016,24 Dec 2025,trial signup, No 
INT-0008629,555,CMP-0018,2025-05-09, Demo Request,No
INT-0008630,1123,CMP-0002,06/25/2025, Trial Signup ,YES
INT-0008631,1025,CMP-0013,11-09-2025,Impression,No 
INT-0008632,1435,CMP-0001,07/28/2025, Click,no
INT-0008633,1121,CMP-0006,08/11/2025, Trial Signup, No
INT-0008634,606,CMP-0001,30-01-2025,CLICK,No
INT-0008635,550,CMP-0004,2025-08-21,WEBSITE VISIT,No
INT-0008636,828,CMP-0011,01/24/2025,impression,YES
INT-0008637,844,CMP-0022,01/05/2025,email open,NO
INT-0008638,486,CMP-0020,07-10-2025, Trial Signup ,Yes
INT-0008639,1005,CMP-0018,09/20/2025, Trial Signup ,no
INT-0008640,1352,CMP-0011,"Feb 14, 2025", Impression, No 
INT-0008641,1346,CMP-0020,13/09/2025,Email Open,Yes
INT-0008642,737,CMP-0009,2025-06-08,DEMO REQUEST,Yes
INT-0008643,1396,CMP-0019,23-08-2025, Click, Yes
INT-0008644,1188,CMP-0009,"Jul 12, 2025",Email Open , No
INT-0008645,819,CMP-0017,25-08-2025,demo request,no
INT-0008646,1458,CMP-0024,"Jul 14, 2025", Email Open , No 
INT-0008647,578,CMP-0010,"Feb 04, 2025", Impression, No
INT-0008648,107,CMP-0015,"Nov 26, 2025", Email Open ,NO
INT-0008649,1383,CMP-0016,14-08-2025, Email Open,No
INT-0008650,812,CMP-0025,06 Sep 2025,Website Visit,NO
INT-0008651,230,CMP-0009,02/16/2025,Email Open, No
INT-0008652,423,CMP-0002,2025-02-14, Website Visit ,NO
INT-0008653,1288,CMP-0008,25-06-2025, Trial Signup ,Yes 
INT-0008654,716,CMP-0021,25 Feb 2025, Impression , Yes
INT-0008655,1125,,29 Jan 2025, Demo Request,Yes
INT-0008656,1048,CMP-0020,08/09/2025, Trial Signup,no
INT-0008657,621,CMP-0013,10 Dec 2025, Website Visit ,no
INT-0008658,75,CMP-0022,2025-04-25, Trial Signup, No 
INT-0008659,357,CMP-0012,2025-02-14,email open,no
INT-0008660,772,CMP-0007,19-03-2025,Impression ,No
INT-0008661,1463,CMP-0021,2025-06-06,Click, No
INT-0008662,227,CMP-0018,02 Feb 2025, Email Open,NO
INT-0008663,1031,CMP-0027,20 Jul 2025, Click,No
INT-0008664,124,CMP-0024,13-07-2025,demo request,NO
INT-0008665,539,,"Aug 23, 2025",Trial Signup , No
INT-0008666,128,CMP-0020,2025-12-25,CLICK,No
INT-0008667,306,CMP-0013,10/09/2025,Impression , Yes 
INT-0008668,117,CMP-0011,06/08/2025,Email Open,No 
INT-0008669,978,CMP-0004,"Apr 22, 2025",WEBSITE VISIT, No
INT-0008670,333,CMP-0009,"Jul 20, 2025",website visit, No 
INT-0008671,14,CMP-0009,05/04/2025,TRIAL SIGNUP,No 
INT-0008672,351,CMP-0004,2025-12-01,TRIAL SIGNUP, No 
INT-0008673,480,CMP-0025,21-01-2025,demo request,No 
INT-0008674,992,CMP-0015,2025-11-29, Click ,YES
INT-0008675,194,CMP-0023,"Jul 15, 2025",Impression ,No 
INT-0008676,687,CMP-0026,"May 29, 2025",IMPRESSION,NO
INT-0008677,1096,CMP-0002,05 Apr 2025,Impression, No
INT-0008678,1212,CMP-0013,"Sep 06, 2025",Click ,NO
INT-0008679,520,CMP-0027,2025-05-17,impression, Yes
INT-0008680,1374,CMP-0018,12/29/2025,Trial Signup , Yes
INT-0008681,1049,CMP-0011,2025-07-13,DEMO REQUEST, Yes
INT-0008682,1200,CMP-0009,24-12-2025,Email Open ,No 
INT-0008683,175,CMP-0005,09 Apr 2025,Impression,No 
INT-0008684,570,CMP-0022,31 Jan 2025, Trial Signup,Yes
INT-0008685,1156,CMP-0024,08 Nov 2025,TRIAL SIGNUP, Yes
INT-0008686,56,CMP-0007,"Mar 18, 2025",Website Visit,NO
INT-0008687,688,CMP-0015,"Feb 20, 2025",Email Open,No
INT-0008688,1497,CMP-0007,04/06/2025, Email Open,No 
INT-0008689,1452,CMP-0018,2025-12-06,CLICK,No 
INT-0008690,174,CMP-0003,2025-06-17,Impression,No 
INT-0008691,458,CMP-0002,"Sep 08, 2025",Email Open, No 
INT-0008692,1074,CMP-0011,03-06-2025,Impression ,NO
INT-0008693,723,CMP-0020,30 Jul 2025,demo request,NO
INT-0008694,471,CMP-0029,"May 10, 2025",Email Open, No
INT-0008695,1240,CMP-0030,31-08-2025,DEMO REQUEST, No
INT-0008696,1285,CMP-0005,05 Dec 2025,Impression, No
INT-0008697,1246,CMP-0015,"Aug 24, 2025", Demo Request,NO
INT-0008698,1260,CMP-0015,18 Nov 2025,Email Open,No 
INT-0008699,273,CMP-0011,"Jan 23, 2025",CLICK,No
INT-0008700,998,CMP-0006,19/01/2025,Click, Yes
INT-0008701,1313,CMP-0007,"Mar 10, 2025",Email Open , No 
INT-0008702,1304,CMP-0016,04-03-2025,Impression, Yes
INT-0008703,1316,CMP-0023,2025-09-14,Email Open ,NO
INT-0008704,475,CMP-0007,02/04/2025, Website Visit, No 
INT-0008705,35,CMP-0024,27-07-2025,Website Visit,no
INT-0008706,728,CMP-0019,"Jan 15, 2025",WEBSITE VISIT,NO
INT-0008707,736,CMP-0027,26/05/2025,website visit, No
INT-0008708,79,CMP-0026,26/06/2025,Website Visit ,Yes
INT-0008709,1277,CMP-0003,23/11/2025, Website Visit,No
INT-0008710,566,CMP-0026,10/11/2025,TRIAL SIGNUP, No
INT-0008711,1465,CMP-0004,2025-11-10,trial signup, No
INT-0008712,1101,CMP-0007,2025-03-29,demo request,No 
INT-0008713,1181,CMP-0012,"Jul 08, 2025",Email Open,No 
INT-0008714,346,CMP-0020,03/14/2025, Click , No
INT-0008715,1410,CMP-0004,"Feb 02, 2025",website visit,No 
INT-0008716,768,CMP-0019,16/07/2025, Email Open,No
INT-0008717,719,CMP-0018,22-06-2025,impression,no
INT-0008718,380,CMP-0011,22-07-2025,EMAIL OPEN,no
INT-0008719,539,CMP-0008,"Sep 06, 2025", Trial Signup ,No 
INT-0008720,505,CMP-0018,01 May 2025,Demo Request,YES
INT-0008721,842,CMP-0019,2025-09-23,Email Open ,YES
INT-0008722,733,CMP-0002,11/12/2025,DEMO REQUEST,No 
INT-0008723,1479,CMP-0017,01/28/2025, Impression,No
INT-0008724,588,CMP-0005,2025-09-24, Impression,no
INT-0008725,944,CMP-0001,14-12-2025,click,No 
INT-0008726,613,CMP-0018,18-01-2025,email open, No 
INT-0008727,540,CMP-0019,29 Sep 2025,Email Open ,Yes
INT-0008728,1440,CMP-0015,"Mar 21, 2025",Impression ,NO
INT-0008729,1347,CMP-0007,26-03-2025,WEBSITE VISIT, No
INT-0008730,1225,CMP-0009,2025-01-14,Website Visit ,No
INT-0008731,1197,CMP-0028,08/04/2025,Click ,No 
INT-0008732,1270,CMP-0023,2025-05-16, Website Visit,No
INT-0008733,827,CMP-0014,28-06-2025,Click,No
INT-0008734,284,CMP-0013,20/03/2025,website visit, Yes 
INT-0008735,1399,CMP-0002,30-07-2025,TRIAL SIGNUP, No
INT-0008736,919,CMP-0002,2025-12-12,Email Open ,No 
INT-0008737,793,CMP-0008,2025-09-19,website visit,No
INT-0008738,98,CMP-0013,"Jul 16, 2025",CLICK,No
INT-0008739,1411,CMP-0022,05/18/2025, Website Visit, Yes 
INT-0008740,417,CMP-0026,"Feb 05, 2025", Email Open, No
INT-0008741,535,CMP-0028,14/08/2025, Demo Request,yes
INT-0008742,670,CMP-0022,30 Dec 2025, Trial Signup ,NO
INT-0008743,1176,CMP-0017,02/22/2025,Click,YES
INT-0008744,774,CMP-0004,25/09/2025,EMAIL OPEN,No 
INT-0008745,137,CMP-0023,03/14/2025, Demo Request , Yes
INT-0008746,1092,CMP-0030,"Dec 22, 2025", Website Visit ,No 
INT-0008747,1138,CMP-0006,13/09/2025, Website Visit,No 
INT-0008748,494,CMP-0016,23 Feb 2025,Trial Signup , No
INT-0008749,775,CMP-0013,02/12/2025, Click , No 
INT-0008750,366,CMP-0019,30 Jan 2025,Website Visit ,No
INT-0008751,881,CMP-0013,26 Aug 2025, Click,Yes 
INT-0008752,1479,CMP-0027,31 Mar 2025,click, No
INT-0008753,331,CMP-0005,"Jan 12, 2025",Email Open,No 
INT-0008754,250,CMP-0013,26-06-2025,IMPRESSION,NO
INT-0008755,354,CMP-0004,04/11/2025,demo request,Yes 
INT-0008756,1325,CMP-0027,05/18/2025, Website Visit, No
INT-0008757,264,CMP-0028,27/12/2025,Website Visit ,No 
INT-0008758,501,CMP-0008,"Jul 06, 2025",impression, No
INT-0008759,101,CMP-0019,"Nov 03, 2025",CLICK, No
INT-0008760,1134,CMP-0002,28-06-2025,Click,no
INT-0008761,1110,CMP-0015,02-01-2025, Website Visit , No 
INT-0008762,1404,CMP-0011,"Apr 20, 2025", Impression , No 
INT-0008763,1187,CMP-0009,2025-06-24, Impression ,No 
INT-0008764,1249,CMP-0021,05/17/2025,Demo Request,Yes
INT-0008765,1088,CMP-0012,25-12-2025,Click ,NO
INT-0008766,827,CMP-0019,2025-10-22, Website Visit ,yes
INT-0008767,124,CMP-0023,04-11-2025, Click,No
INT-0008768,711,CMP-0008,06-07-2025, Impression, No 
INT-0008769,53,CMP-0009,18-05-2025,Demo Request ,Yes 
INT-0008770,1486,CMP-0003,"Feb 04, 2025", Trial Signup,NO
INT-0008771,225,CMP-0028,08/20/2025,Impression,NO
INT-0008772,1029,CMP-0017,11/09/2025,Impression ,No 
INT-0008773,854,CMP-0013,09/07/2025,Click ,No
INT-0008774,1195,CMP-0003,"Nov 10, 2025",Email Open ,NO
INT-0008775,1406,CMP-0001,02/08/2025, Trial Signup, No 
INT-0008776,863,CMP-0013,"Jul 08, 2025",CLICK, Yes
INT-0008777,1355,CMP-0002,28/09/2025,IMPRESSION,no
INT-0008778,281,CMP-0020,04 Jan 2025,demo request, No
INT-0008779,750,CMP-0002,"Jul 21, 2025",Trial Signup,no
INT-0008780,1099,CMP-0012,21 Jul 2025, Click,NO
INT-0008781,889,CMP-0009,2025-06-19,website visit, No 
INT-0008782,811,CMP-0013,12 Jul 2025,Trial Signup,no
INT-0008783,211,CMP-0005,11/07/2025,Email Open ,no
INT-0008784,104,CMP-0020,05/14/2025,IMPRESSION,no
INT-0008785,1350,CMP-0005,22/03/2025,Email Open, No 
INT-0008786,1025,CMP-0016,2025-04-04,website visit,No
INT-0008787,20,CMP-0029,30-10-2025, Click, No 
INT-0008788,1496,CMP-0028,16/01/2025,demo request, No
INT-0008789,1299,CMP-0029,22 Nov 2025,Email Open ,Yes 
INT-0008790,350,CMP-0014,"Oct 22, 2025", Website Visit ,NO
INT-0008791,1143,CMP-0022,02-04-2025, Impression,No
INT-0008792,1224,CMP-0010,31 Jan 2025,Website Visit ,YES
INT-0008793,392,CMP-0011,12-10-2025,website visit, Yes 
INT-0008794,245,CMP-0030,2025-03-09, Demo Request ,no
INT-0008795,1437,CMP-0016,06/07/2025,trial signup,no
INT-0008796,867,CMP-0019,"Jun 20, 2025", Email Open , Yes
INT-0008797,1343,CMP-0008,19 Aug 2025,Trial Signup ,Yes 
INT-0008798,1494,CMP-0027,2025-10-05, Click,NO
INT-0008799,196,CMP-0020,28/09/2025,TRIAL SIGNUP,No 
INT-0008800,415,CMP-0008,08 Apr 2025,click,No 
INT-0008801,849,CMP-0007,03/06/2025, Website Visit , No 
INT-0008802,1367,CMP-0022,20/10/2025,Click ,no
INT-0008803,1394,CMP-0013,07/25/2025, Trial Signup , No
INT-0008804,1377,CMP-0024,"Dec 03, 2025", Demo Request ,No 
INT-0008805,730,CMP-0009,12 Jan 2025,Demo Request ,No 
INT-0008806,1002,CMP-0004,02/15/2025,TRIAL SIGNUP,NO
INT-0008807,916,CMP-0011,"Jul 27, 2025", Website Visit,No
INT-0008808,47,CMP-0014,03/27/2025, Website Visit ,No 
INT-0008809,733,CMP-0024,2025-06-18, Website Visit , No
INT-0008810,187,CMP-0007,02 Oct 2025,Click ,no
INT-0008811,725,CMP-0015,13 May 2025, Trial Signup, No 
INT-0008812,328,CMP-0006,08 Oct 2025,Website Visit, No 
INT-0008813,357,CMP-0027,2025-07-10, Impression ,no
INT-0008814,933,CMP-0013,12/29/2025, Website Visit ,NO
INT-0008815,180,CMP-0028,18-05-2025,Trial Signup ,YES
INT-0008816,133,CMP-0022,2025-12-11,Website Visit,No 
INT-0008817,829,CMP-0018,23 Mar 2025,Demo Request,no
INT-0008818,1190,CMP-0005,17 Sep 2025,Click,No
INT-0008819,1031,CMP-0029,07-08-2025,CLICK,NO
INT-0008820,267,CMP-0024,2025-03-17,email open, No 
INT-0008821,1467,CMP-0008,24/08/2025,click, No
INT-0008822,691,CMP-0024,"May 08, 2025",Website Visit ,YES
INT-0008823,369,CMP-0017,29/10/2025,Impression,no
INT-0008824,467,CMP-0008,15-01-2025,Website Visit,No
INT-0008825,1240,CMP-0015,28-02-2025, Demo Request ,NO
INT-0008826,1230,CMP-0019,01/04/2025, Website Visit, No
INT-0008827,972,CMP-0015,07/17/2025, Trial Signup , No
INT-0008828,633,CMP-0011,02/27/2025,Website Visit,No 
INT-0008829,69,CMP-0003,05/21/2025, Website Visit , Yes 
INT-0008830,1066,CMP-0009,12-05-2025, Impression ,no
INT-0008831,673,CMP-0024,"Aug 16, 2025",Website Visit,yes
INT-0008832,889,CMP-0024,"Feb 25, 2025",trial signup, No 
INT-0008833,821,CMP-0004,"Jun 03, 2025",IMPRESSION,yes
INT-0008834,1015,CMP-0028,26/06/2025,Demo Request , No
INT-0008835,997,CMP-0001,30/11/2025, Trial Signup ,no
INT-0008836,583,,27 Jan 2025, Impression,Yes
INT-0008837,1494,CMP-0020,28-08-2025, Click,NO
INT-0008838,689,CMP-0014,2025-02-25,DEMO REQUEST,NO
INT-0008839,686,CMP-0019,2025-10-11,CLICK,Yes 
INT-0008840,649,CMP-0007,24-11-2025,CLICK,NO
INT-0008841,23,CMP-0016,12-07-2025,EMAIL OPEN,NO
INT-0008842,871,CMP-0011,"Sep 10, 2025",click,No
INT-0008843,1357,CMP-0009,13/10/2025,Demo Request ,no
INT-0008844,853,CMP-0006,10-12-2025,Trial Signup,No 
INT-0008845,1220,CMP-0008,15 May 2025, Website Visit ,yes
INT-0008846,8,CMP-0027,2025-12-23,CLICK, No
INT-0008847,974,CMP-0010,20-03-2025,DEMO REQUEST, Yes 
INT-0008848,1420,CMP-0026,19 Apr 2025,EMAIL OPEN,no
INT-0008849,1288,CMP-0023,11/09/2025,Email Open ,No
INT-0008850,572,CMP-0002,"Sep 08, 2025",Click,NO
INT-0008851,850,CMP-0005,"Nov 18, 2025",Click , Yes
INT-0008852,961,CMP-0028,04-05-2025, Website Visit,No
INT-0008853,904,CMP-0016,09-11-2025,Click, No 
INT-0008854,322,CMP-0026,05/06/2025,Click,NO
INT-0008855,1092,CMP-0028,2025-06-22,Trial Signup ,NO
INT-0008856,247,CMP-0011,10 Nov 2025, Click ,NO
INT-0008857,862,CMP-0021,"Sep 07, 2025", Website Visit,no
INT-0008858,492,CMP-0024,30-08-2025,Impression , No
INT-0008859,1227,CMP-0018,2025-01-27,Website Visit , No 
INT-0008860,1042,CMP-0001,08/29/2025, Demo Request ,NO
INT-0008861,851,CMP-0027,"Mar 10, 2025",EMAIL OPEN, Yes 
INT-0008862,1463,CMP-0017,21-09-2025,Trial Signup,yes
INT-0008863,1474,CMP-0010,03/21/2025,Demo Request,YES
INT-0008864,141,CMP-0009,25 Oct 2025, Email Open , No 
INT-0008865,837,CMP-0021,24/11/2025, Website Visit, No 
INT-0008866,632,CMP-0012,08/25/2025, Website Visit ,YES
INT-0008867,713,CMP-0021,05 Sep 2025,Demo Request,No 
INT-0008868,357,CMP-0004,01/22/2025, Impression,NO
INT-0008869,1497,CMP-0003,03/23/2025,Click, No
INT-0008870,144,CMP-0005,"Jun 08, 2025",Website Visit ,yes
INT-0008871,992,,"Dec 17, 2025", Click ,No 
INT-0008872,42,CMP-0001,05/14/2025,Demo Request , Yes 
INT-0008873,148,CMP-0025,13 Sep 2025, Click ,NO
INT-0008874,1059,CMP-0012,2025-05-09,Impression ,Yes 
INT-0008875,1427,CMP-0006,2025-01-07,EMAIL OPEN, Yes
INT-0008876,1159,CMP-0020,2025-03-02, Email Open ,No 
INT-0008877,1063,CMP-0019,28/05/2025, Website Visit, No
INT-0008878,1107,CMP-0025,08/03/2025, Email Open,Yes 
INT-0008879,942,CMP-0012,31/10/2025,click, No 
INT-0008880,936,CMP-0026,25 Apr 2025, Website Visit,yes
INT-0008881,1453,CMP-0002,20 Jun 2025, Website Visit,no
INT-0008882,206,CMP-0004,20-09-2025, Impression , Yes 
INT-0008883,500,CMP-0023,10-12-2025, Trial Signup , No
INT-0008884,823,CMP-0013,25/09/2025,Email Open , No 
INT-0008885,872,CMP-0020,12-01-2025,impression,NO
INT-0008886,745,CMP-0006,18 Mar 2025,Email Open ,NO
INT-0008887,1368,CMP-0025,2025-02-13,Email Open ,No 
INT-0008888,213,CMP-0021,02/01/2025, Impression, No
INT-0008889,510,CMP-0006,13 Feb 2025, Impression ,NO
INT-0008890,331,CMP-0020,2025-05-04,IMPRESSION, Yes
INT-0008891,408,CMP-0008,18/01/2025,impression, No 
INT-0008892,1102,CMP-0017,29 Mar 2025,IMPRESSION,Yes
INT-0008893,723,CMP-0016,2025-03-07, Click ,NO
INT-0008894,603,CMP-0030,26 May 2025,website visit,yes
INT-0008895,1422,CMP-0022,09/19/2025,Website Visit,Yes 
INT-0008896,555,CMP-0012,08-10-2025,Website Visit, No 
INT-0008897,1154,CMP-0022,11/13/2025,Email Open , No 
INT-0008898,866,CMP-0010,24/11/2025,email open, No 
INT-0008899,834,CMP-0026,07/18/2025,website visit,No 
INT-0008900,1162,CMP-0020,25 Sep 2025, Impression, No 
INT-0008901,227,CMP-0002,01/13/2025,Impression , No
INT-0008902,871,CMP-0020,"Oct 10, 2025", Click,no
INT-0008903,734,CMP-0026,03 Sep 2025, Impression,No
INT-0008904,818,CMP-0007,20-12-2025,Impression,NO
INT-0008905,1240,CMP-0004,22/07/2025,WEBSITE VISIT, No
INT-0008906,352,CMP-0022,01-07-2025,Click , No
INT-0008907,1009,CMP-0030,23/04/2025,Email Open , No
INT-0008908,161,CMP-0018,18 Sep 2025,demo request, Yes 
INT-0008909,1005,CMP-0024,2025-07-16, Click ,yes
INT-0008910,922,CMP-0030,25/11/2025,TRIAL SIGNUP,No 
INT-0008911,758,CMP-0004,23/12/2025,Trial Signup, No 
INT-0008912,890,CMP-0012,"Feb 06, 2025",Email Open,No
INT-0008913,138,CMP-0003,2025-05-13,demo request, Yes
INT-0008914,787,CMP-0010,12-07-2025,click,No
INT-0008915,367,CMP-0023,07-11-2025,TRIAL SIGNUP, No
INT-0008916,245,CMP-0007,03/25/2025,Website Visit ,no
INT-0008917,289,CMP-0020,2025-12-23,email open, Yes 
INT-0008918,1360,CMP-0015,24-03-2025,Demo Request,no
INT-0008919,126,CMP-0009,14 Nov 2025,EMAIL OPEN,no
INT-0008920,1200,CMP-0013,28 Jun 2025, Trial Signup ,No 
INT-0008921,688,CMP-0024,04-11-2025, Trial Signup ,No
INT-0008922,701,CMP-0020,11/11/2025, Email Open,yes
INT-0008923,1056,CMP-0013,28/02/2025,TRIAL SIGNUP, Yes
INT-0008924,1478,CMP-0016,2025-01-15, Email Open ,No
INT-0008925,58,CMP-0027,"May 27, 2025", Trial Signup ,yes
INT-0008926,1247,CMP-0022,04/23/2025,WEBSITE VISIT, No
INT-0008927,391,CMP-0003,25 Sep 2025, Click,no
INT-0008928,1331,CMP-0028,2025-06-04,Email Open,No
INT-0008929,967,CMP-0006,06/09/2025,EMAIL OPEN, No
INT-0008930,418,CMP-0022,12 May 2025, Demo Request,NO
INT-0008931,1127,CMP-0010,20/12/2025,IMPRESSION, No 
INT-0008932,573,CMP-0024,24-07-2025,Trial Signup,No 
INT-0008933,869,CMP-0002,2025-02-09, Impression, No
INT-0008934,322,CMP-0026,18-07-2025,IMPRESSION, Yes
INT-0008935,36,CMP-0006,11/29/2025,website visit,no
INT-0008936,43,CMP-0014,01/22/2025, Impression ,NO
INT-0008937,1067,CMP-0022,10-07-2025, Demo Request ,yes
INT-0008938,393,CMP-0020,"Jul 13, 2025",WEBSITE VISIT, No 
INT-0008939,1105,CMP-0001,02/05/2025, Website Visit,No 
INT-0008940,403,CMP-0017,28/11/2025, Email Open ,NO
INT-0008941,1191,CMP-0008,12/15/2025,email open,No 
INT-0008942,902,CMP-0003,2025-11-04,trial signup,NO
INT-0008943,1213,CMP-0002,03/17/2025,demo request,no
INT-0008944,862,CMP-0013,"Jan 04, 2025",Impression ,No 
INT-0008945,1159,CMP-0015,25 Apr 2025,TRIAL SIGNUP,no
INT-0008946,5,,2025-08-24, Impression , No 
INT-0008947,932,CMP-0030,2025-12-10,demo request, No
INT-0008948,1319,CMP-0011,14 Aug 2025,demo request,No 
INT-0008949,773,CMP-0010,10/23/2025,Email Open, No
INT-0008950,1256,CMP-0016,18 Aug 2025, Email Open,No
INT-0008951,64,CMP-0020,2025-02-28,Email Open, Yes
INT-0008952,13,CMP-0021,2025-10-23, Email Open ,No
INT-0008953,239,CMP-0026,30-07-2025, Click , No
INT-0008954,973,CMP-0002,04/09/2025, Trial Signup,yes
INT-0008955,261,CMP-9002,09 Mar 2025,Click ,no
INT-0008956,410,CMP-0012,"Jul 06, 2025",WEBSITE VISIT,no
INT-0008957,538,CMP-0016,2025-08-08,CLICK,NO
INT-0008958,11,CMP-0020,18-03-2025,click,No 
INT-0008959,1192,CMP-0011,01/25/2025,Email Open,no
INT-0008960,1411,CMP-0009,12/05/2025, Demo Request ,no
INT-0008961,472,CMP-0018,2025-08-10,website visit, Yes
INT-0008962,148,CMP-0017,01/07/2025,DEMO REQUEST, No
INT-0008963,499,CMP-0017,29-03-2025,Website Visit, No
INT-0008964,710,CMP-0010,25 May 2025,email open, Yes
INT-0008965,532,CMP-0007,08/18/2025,impression, No 
INT-0008966,282,CMP-0014,17/06/2025, Website Visit ,Yes 
INT-0008967,1326,CMP-0010,03/20/2025, Impression,No 
INT-0008968,353,CMP-0011,07-02-2025,CLICK,YES
INT-0008969,759,CMP-0018,"Dec 24, 2025",Email Open,No 
INT-0008970,169,CMP-0012,2025-04-13,impression,Yes
INT-0008971,1137,CMP-0014,01/13/2025,impression,No
INT-0008972,1188,CMP-0015,"Nov 18, 2025", Trial Signup ,No
INT-0008973,1073,CMP-0029,"Oct 06, 2025",Click, No 
INT-0008974,599,CMP-0017,2025-09-27, Demo Request ,no
INT-0008975,636,CMP-0005,2025-06-26,Website Visit,yes
INT-0008976,736,CMP-0011,25 Sep 2025, Website Visit ,No
INT-0008977,416,CMP-0025,"Feb 14, 2025",Impression ,no
INT-0008978,1294,CMP-0002,13-11-2025,Email Open, No
INT-0008979,393,CMP-0003,2025-02-12,WEBSITE VISIT,No
INT-0008980,605,CMP-0004,31-12-2025,WEBSITE VISIT,no
INT-0008981,290,CMP-0026,2025-12-27, Email Open,No
INT-0008982,225,CMP-0010,29 Jun 2025,WEBSITE VISIT,Yes 
INT-0008983,366,CMP-0012,2025-07-19, Demo Request,no
INT-0008984,1282,CMP-0004,"Jan 22, 2025",CLICK,No 
INT-0008985,338,CMP-0009,11/09/2025,Trial Signup,No
INT-0008986,311,CMP-0027,"Dec 01, 2025", Email Open ,No
INT-0008987,583,CMP-0023,"Jul 27, 2025", Impression , No
INT-0008988,903,CMP-0002,"Dec 07, 2025", Email Open,YES
INT-0008989,723,CMP-0018,26/08/2025, Email Open ,No 
INT-0008990,834,CMP-0015,21 Jul 2025,Email Open ,YES
INT-0008991,489,CMP-0017,19/06/2025, Email Open,Yes
INT-0008992,781,CMP-0025,07/06/2025, Website Visit ,No
INT-0008993,929,CMP-0010,2025-11-19, Demo Request ,NO
INT-0008994,1051,CMP-0002,10/21/2025,website visit,No 
INT-0008995,1348,CMP-0012,"Nov 29, 2025",Impression ,NO
INT-0008996,656,CMP-0006,02/06/2025,Email Open , No 
INT-0008997,890,CMP-0027,02/10/2025,Demo Request,No 
INT-0008998,1353,CMP-0021,25-06-2025, Website Visit,no
INT-0008999,611,CMP-0023,2025-04-25,Impression , No
INT-0009000,691,CMP-0014,30/12/2025,TRIAL SIGNUP,no
INT-0009001,448,CMP-0020,11/05/2025,Email Open, No 
INT-0009002,77,CMP-0009,21/12/2025,website visit,No
INT-0009003,818,CMP-0012,"May 08, 2025", Click,NO
INT-0009004,328,CMP-0024,01/19/2025, Demo Request , No 
INT-0009005,765,CMP-0017,"Jun 16, 2025",Trial Signup , No
INT-0009006,2,CMP-0009,"Jan 04, 2025", Trial Signup , No 
INT-0009007,658,CMP-0029,07-10-2025,impression,no
INT-0009008,546,CMP-0009,2025-08-29,WEBSITE VISIT, No 
INT-0009009,1220,CMP-0008,10/08/2025,Click, No
INT-0009010,1139,CMP-0011,2025-08-01, Impression , No
INT-0009011,372,CMP-0004,22-07-2025, Website Visit , No 
INT-0009012,59,CMP-0030,02/20/2025, Click , No 
INT-0009013,71,CMP-0005,22/02/2025,EMAIL OPEN, No
INT-0009014,1130,CMP-0027,04-11-2025,Demo Request,No 
INT-0009015,782,CMP-0005,11 Sep 2025,CLICK,No
INT-0009016,276,CMP-0023,05/31/2025,Trial Signup , No 
INT-0009017,150,CMP-0023,"Dec 19, 2025",IMPRESSION,yes
INT-0009018,139,CMP-0004,12/03/2025, Click ,No 
INT-0009019,707,CMP-0025,07/21/2025, Email Open,YES
INT-0009020,1361,CMP-0023,13-08-2025,demo request,NO
INT-0009021,113,CMP-0029,19 Oct 2025,demo request,YES
INT-0009022,974,CMP-0013,16/05/2025,CLICK,NO
INT-0009023,14,CMP-0018,2025-10-08,Click , No 
INT-0009024,1430,CMP-0029,09/08/2025,Click ,No 
INT-0009025,225,CMP-0021,06/10/2025,trial signup,No
INT-0009026,521,CMP-0015,12-10-2025, Click,No
INT-0009027,1283,CMP-0004,12 Apr 2025,Website Visit, No 
INT-0009028,1353,CMP-0027,2025-01-21, Impression,No
INT-0009029,232,CMP-0015,2025-11-09, Impression , No 
INT-0009030,569,CMP-0010,17-11-2025,Click , No 
INT-0009031,621,CMP-0007,27-06-2025,EMAIL OPEN,No 
INT-0009032,315,CMP-0009,08/13/2025,Click , No
INT-0009033,422,CMP-0007,13 Aug 2025,Click ,NO
INT-0009034,951,CMP-0021,02-11-2025, Trial Signup,NO
INT-0009035,559,CMP-0024,"Dec 31, 2025", Trial Signup,no
INT-0009036,1354,CMP-0010,2025-11-30,Email Open, No 
INT-0009037,966,CMP-0029,"May 28, 2025", Website Visit,yes
INT-0009038,1490,CMP-0006,14-04-2025,Impression , No 
INT-0009039,1487,CMP-0009,2025-07-19, Demo Request ,NO
INT-0009040,1304,CMP-0003,10/25/2025,TRIAL SIGNUP,Yes 
INT-0009041,1199,CMP-0018,"Aug 05, 2025", Email Open , No
INT-0009042,1426,CMP-0025,05/16/2025, Trial Signup , Yes 
INT-0009043,582,CMP-0017,31-03-2025, Website Visit,no
INT-0009044,952,CMP-0001,11 Sep 2025,Impression, No 
INT-0009045,1426,CMP-0012,11 Mar 2025,EMAIL OPEN,NO
INT-0009046,875,CMP-0013,2025-12-13,website visit, No 
INT-0009047,892,CMP-0012,26-02-2025,WEBSITE VISIT, Yes 
INT-0009048,44,CMP-0019,01-04-2025,Trial Signup,No 
INT-0009049,225,CMP-0030,"Dec 07, 2025", Demo Request ,No 
INT-0009050,1134,CMP-0021,26-12-2025,IMPRESSION,No
INT-0009051,1139,CMP-0001,19-09-2025,website visit,No
INT-0009052,38,CMP-0012,2025-11-06,Email Open, No
INT-0009053,1492,CMP-0021,2025-09-28,Impression ,no
INT-0009054,1159,CMP-0019,05-05-2025,Email Open ,no
INT-0009055,636,CMP-0015,"Mar 24, 2025",Email Open, No 
INT-0009056,576,CMP-0022,2025-04-25, Impression ,Yes
INT-0009057,850,CMP-0017,2025-05-28,DEMO REQUEST,NO
INT-0009058,473,CMP-0012,2025-04-26,demo request,YES
INT-0009059,75,CMP-0027,12/09/2025,demo request, Yes
INT-0009060,1456,CMP-0019,09/01/2025, Demo Request ,no
INT-0009061,670,CMP-0012,10/24/2025,trial signup,No
INT-0009062,1198,CMP-0021,03/29/2025,Click, No
INT-0009063,875,CMP-0012,2025-06-04, Email Open,No 
INT-0009064,813,CMP-0020,02-09-2025,Website Visit, No 
INT-0009065,1456,CMP-0026,19 Jul 2025,click,NO
INT-0009066,1256,CMP-0025,10/23/2025,Click,no
INT-0009067,998,CMP-0002,02-12-2025,Demo Request,NO
INT-0009068,1131,CMP-0029,"Aug 23, 2025", Impression , No 
INT-0009069,970,CMP-0008,31-12-2025,demo request,No 
INT-0009070,646,CMP-0009,03 Apr 2025, Impression ,YES
INT-0009071,1226,CMP-0015,10-08-2025,Impression, No 
INT-0009072,1229,CMP-0010,04 May 2025,Trial Signup , No
INT-0009073,526,CMP-0002,2025-03-31,WEBSITE VISIT, No 
INT-0009074,771,CMP-0010,31/08/2025,Impression ,NO
INT-0009075,618,CMP-0030,03-02-2025, Trial Signup ,NO
INT-0009076,549,CMP-0019,12/12/2025, Website Visit,No 
INT-0009077,41,CMP-0007,13/05/2025,impression,no
INT-0009078,850,CMP-0022,"Dec 08, 2025",TRIAL SIGNUP,Yes 
INT-0009079,973,CMP-0019,"Aug 30, 2025",trial signup,no
INT-0009080,367,CMP-0013,2025-01-05, Demo Request ,no
INT-0009081,1473,CMP-0023,09/02/2025,TRIAL SIGNUP,No 
INT-0009082,176,CMP-0029,2025-05-18,website visit, No
INT-0009083,496,CMP-0007,2025-07-09,Impression , No
INT-0009084,263,CMP-0018,2025-04-01,IMPRESSION,NO
INT-0009085,876,CMP-0027,08/04/2025, Impression, No
INT-0009086,363,CMP-0024,13 Jul 2025,Website Visit ,Yes 
INT-0009087,842,CMP-0002,09 Dec 2025,Click ,yes
INT-0009088,515,CMP-0029,2025-08-16, Email Open ,Yes
INT-0009089,859,CMP-0008,15/04/2025,WEBSITE VISIT, No 
INT-0009090,455,CMP-0025,17/08/2025,Email Open , Yes 
INT-0009091,536,CMP-0028,"Sep 07, 2025",IMPRESSION,NO
INT-0009092,1410,CMP-0026,19-07-2025,Email Open,YES
INT-0009093,136,CMP-0001,"Mar 06, 2025", Demo Request,No
INT-0009094,178,CMP-0004,"Jan 21, 2025",click, No 
INT-0009095,359,CMP-0029,11-04-2025,DEMO REQUEST, No 
INT-0009096,73,CMP-0003,26/06/2025, Click ,NO
INT-0009097,1192,CMP-0016,"Mar 10, 2025",Impression , No 
INT-0009098,1170,CMP-0025,06/05/2025,Click ,No
INT-0009099,710,CMP-0005,30-08-2025,Email Open , No 
INT-0009100,361,CMP-0026,2025-07-11, Website Visit ,No
INT-0009101,1487,CMP-0029,11/06/2025, Impression ,No 
INT-0009102,378,CMP-0020,2025-03-31,WEBSITE VISIT,no
INT-0009103,108,CMP-0016,08-08-2025, Click,No
INT-0009104,331,CMP-0014,13/05/2025, Trial Signup ,no
INT-0009105,933,CMP-0005,05/15/2025,Website Visit , No
INT-0009106,226,CMP-0010,08-10-2025, Impression ,No 
INT-0009107,161,CMP-0002,06/16/2025,Demo Request, No 
INT-0009108,392,CMP-0016,06/25/2025, Demo Request ,no
INT-0009109,183,CMP-0002,18-08-2025,DEMO REQUEST,yes
INT-0009110,640,CMP-0027,12 Feb 2025, Website Visit , No
INT-0009111,1122,CMP-0029,07-12-2025, Website Visit,no
INT-0009112,939,CMP-0025,06/15/2025, Demo Request , No 
INT-0009113,472,CMP-0018,"Jun 27, 2025",email open,No
INT-0009114,180,CMP-0016,16/12/2025, Impression ,Yes 
INT-0009115,137,CMP-0015,03/24/2025, Trial Signup ,NO
INT-0009116,389,CMP-0024,2025-04-29,CLICK, No 
INT-0009117,1267,CMP-0030,29 Sep 2025,impression,no
INT-0009118,977,CMP-0015,"Feb 15, 2025",trial signup,NO
INT-0009119,1378,CMP-0002,31/03/2025, Impression ,YES
INT-0009120,289,CMP-0024,12/27/2025,Trial Signup ,NO
INT-0009121,1192,CMP-0002,2025-06-28,TRIAL SIGNUP, No 
INT-0009122,806,CMP-0026,09/28/2025,EMAIL OPEN,No 
INT-0009123,1225,CMP-0011,20/03/2025, Impression , No 
INT-0009124,938,CMP-0028,2025-12-20,Impression, No
INT-0009125,1048,CMP-0021,25-11-2025,impression,no
INT-0009126,928,CMP-0008,19 Aug 2025,Website Visit ,NO
INT-0009127,161,CMP-0001,"Apr 26, 2025",demo request, No 
INT-0009128,969,CMP-0008,04/27/2025, Website Visit,No
INT-0009129,855,CMP-0028,"Nov 14, 2025", Impression,NO
INT-0009130,954,CMP-0009,14 Apr 2025,Demo Request ,Yes
INT-0009131,513,CMP-0027,21/09/2025,Demo Request ,NO
INT-0009132,1058,CMP-0020,"Nov 03, 2025",Trial Signup,No
INT-0009133,881,CMP-0020,29/01/2025, Email Open ,no
INT-0009134,738,CMP-0026,21 Nov 2025,demo request,Yes
INT-0009135,1296,CMP-0011,"Jun 28, 2025", Website Visit,Yes
INT-0009136,853,CMP-0016,02/26/2025,Impression, No 
INT-0009137,944,CMP-0028,07 Nov 2025,demo request,No
INT-0009138,1371,CMP-0012,30-08-2025,impression, Yes
INT-0009139,1265,CMP-0023,03 Mar 2025, Email Open,NO
INT-0009140,1251,CMP-0028,04/28/2025, Demo Request ,No
INT-0009141,139,CMP-0004,19/07/2025,Demo Request,No
INT-0009142,1285,CMP-0009,24-10-2025, Trial Signup ,No
INT-0009143,384,CMP-0005,2025-04-10,impression,No
INT-0009144,1393,CMP-0030,2025-07-03,email open,No
INT-0009145,1343,CMP-0017,13-12-2025,trial signup,NO
INT-0009146,480,CMP-0001,"May 29, 2025", Demo Request ,No
INT-0009147,457,CMP-0018,09 Mar 2025,Click ,no
INT-0009148,1164,CMP-0017,05/30/2025,demo request, No
INT-0009149,223,CMP-0008,2025-10-21, Website Visit,No
INT-0009150,745,CMP-0027,19-02-2025,Demo Request ,no
INT-0009151,509,CMP-0007,12/29/2025,Impression,No
INT-0009152,448,CMP-0018,05/06/2025,IMPRESSION, No
INT-0009153,603,CMP-0023,15 Dec 2025,EMAIL OPEN,No 
INT-0009154,63,CMP-0015,"Dec 16, 2025",WEBSITE VISIT, No
INT-0009155,567,CMP-0028,"Mar 22, 2025",Website Visit , No
INT-0009156,52,CMP-0004,2025-09-06,click,no
INT-0009157,770,CMP-0026,02/09/2025,Trial Signup,Yes
INT-0009158,917,CMP-0008,22-03-2025,demo request,No
INT-0009159,975,CMP-0014,"May 04, 2025",TRIAL SIGNUP,No 
INT-0009160,1208,CMP-0018,13-01-2025, Demo Request , No 
INT-0009161,354,CMP-0020,02 Sep 2025,demo request,No
INT-0009162,1239,CMP-0024,2025-05-20,Demo Request, No 
INT-0009163,351,CMP-0004,"Mar 19, 2025", Impression ,No 
INT-0009164,1442,CMP-0017,11-08-2025,Email Open , Yes
INT-0009165,201,CMP-0012,03/10/2025, Impression , No
INT-0009166,1090,CMP-0023,"Feb 02, 2025",WEBSITE VISIT,YES
INT-0009167,481,CMP-0023,2025-04-04, Website Visit , No
INT-0009168,985,CMP-0028,24-01-2025,EMAIL OPEN,NO
INT-0009169,586,CMP-0012,"Nov 22, 2025",Trial Signup ,no
INT-0009170,1496,CMP-0011,"Dec 05, 2025",Click ,No
INT-0009171,1312,CMP-0019,04-01-2025,impression,No
INT-0009172,1032,CMP-0001,04/29/2025,Impression, No
INT-0009173,390,CMP-0022,08/29/2025,Email Open ,NO
INT-0009174,622,CMP-0013,18 Apr 2025,IMPRESSION, No
INT-0009175,173,CMP-0013,01/24/2025,Demo Request , No
INT-0009176,828,CMP-0018,14-04-2025,Demo Request ,NO
INT-0009177,61,CMP-0013,2025-09-02, Email Open ,YES
INT-0009178,175,CMP-0025,2025-11-20,Impression,No
INT-0009179,762,CMP-0002,02/02/2025,TRIAL SIGNUP,no
INT-0009180,1193,CMP-0016,"Jan 19, 2025",Impression, No
INT-0009181,645,CMP-0015,25-07-2025, Click,No 
INT-0009182,1167,CMP-0002,05/24/2025,click,no
INT-0009183,1116,CMP-0010,10/12/2025,Website Visit ,No 
INT-0009184,604,CMP-0018,17/01/2025,demo request,no
INT-0009185,256,CMP-0010,"Sep 10, 2025",Impression ,No
INT-0009186,582,CMP-0017,"Jul 20, 2025",EMAIL OPEN,No 
INT-0009187,389,CMP-0008,09/20/2025,DEMO REQUEST, No
INT-0009188,666,CMP-0002,2025-08-02, Trial Signup , No
INT-0009189,1470,CMP-0014,03/01/2025,TRIAL SIGNUP,no
INT-0009190,1466,CMP-0005,01 Feb 2025,impression,No 
INT-0009191,860,CMP-0017,27 Oct 2025,CLICK,No 
INT-0009192,249,CMP-0021,03/01/2025, Trial Signup,No 
INT-0009193,37,CMP-0024,27/10/2025,Demo Request ,YES
INT-0009194,1222,CMP-0006,"Dec 07, 2025",DEMO REQUEST, No 
INT-0009195,1076,CMP-0021,"Dec 28, 2025",IMPRESSION, No 
INT-0009196,1436,CMP-0009,07-10-2025, Email Open,no
INT-0009197,69,CMP-0023,2025-04-04,impression, No 
INT-0009198,1480,CMP-0009,17/06/2025,Impression,Yes 
INT-0009199,1162,CMP-0019,10 Mar 2025,click, No
INT-0009200,150,CMP-0025,20 Jun 2025,WEBSITE VISIT, No 
INT-0009201,318,CMP-0025,11/03/2025, Website Visit ,NO
INT-0009202,1018,CMP-0010,11/05/2025,Email Open , Yes 
INT-0009203,803,CMP-0022,25/02/2025,WEBSITE VISIT,yes
INT-0009204,1050,CMP-0026,17/02/2025,DEMO REQUEST, No 
INT-0009205,1175,CMP-0003,"Mar 17, 2025",IMPRESSION,Yes
INT-0009206,430,CMP-0003,2025-01-07, Click, No
INT-0009207,897,CMP-0013,06/08/2025, Trial Signup, No 
INT-0009208,687,CMP-0015,26/03/2025,TRIAL SIGNUP,NO
INT-0009209,164,CMP-0008,27 Dec 2025, Email Open,No
INT-0009210,508,CMP-0020,"Jan 13, 2025", Email Open,No 
INT-0009211,25,CMP-0017,12 Mar 2025,Demo Request ,YES
INT-0009212,1400,CMP-0003,30/07/2025,Click,No 
INT-0009213,1236,CMP-0013,02 Sep 2025,DEMO REQUEST,No 
INT-0009214,271,CMP-0013,"Jan 30, 2025", Website Visit,Yes
INT-0009215,302,CMP-0018,05/11/2025,Click, Yes 
INT-0009216,164,CMP-0013,30/11/2025, Demo Request , No
INT-0009217,250,CMP-0007,15/05/2025,Demo Request , No 
INT-0009218,167,CMP-0006,25 Sep 2025,WEBSITE VISIT, No
INT-0009219,837,CMP-0015,01/11/2025,Email Open,NO
INT-0009220,309,CMP-0028,12/01/2025,EMAIL OPEN,No
INT-0009221,1127,CMP-0027,23/06/2025,website visit,No
INT-0009222,532,CMP-0013,21 Jul 2025,Website Visit,NO
INT-0009223,157,CMP-0027,04/27/2025,Demo Request,NO
INT-0009224,1220,CMP-0027,2025-11-17,Website Visit ,No
INT-0009225,922,CMP-0005,"Sep 24, 2025", Demo Request,yes
INT-0009226,1406,CMP-0019,2025-06-18,Email Open,No
INT-0009227,1189,CMP-0008,08 Jun 2025,Demo Request , No 
INT-0009228,468,CMP-0003,2025-10-23,Website Visit ,Yes 
INT-0009229,554,CMP-0027,13/11/2025, Website Visit,YES
INT-0009230,74,CMP-0018,11-04-2025, Demo Request,NO
INT-0009231,675,CMP-0005,08/17/2025,Website Visit ,No
INT-0009232,369,CMP-0018,05/04/2025,Website Visit,No
INT-0009233,1254,CMP-0022,2025-06-15,WEBSITE VISIT,No
INT-0009234,969,CMP-0011,11/09/2025, Click,No
INT-0009235,1055,CMP-0016,26-10-2025,click,No
INT-0009236,1351,CMP-0026,19-04-2025,Demo Request, Yes 
INT-0009237,66,CMP-0017,"Oct 05, 2025", Trial Signup, No
INT-0009238,1127,CMP-0003,"Jun 27, 2025", Click, No
INT-0009239,1271,CMP-0003,29 May 2025,IMPRESSION,no
INT-0009240,341,CMP-0016,13/08/2025,EMAIL OPEN,NO
INT-0009241,848,CMP-0020,20-09-2025,Demo Request ,NO
INT-0009242,282,CMP-0013,15-05-2025, Trial Signup,yes
INT-0009243,781,CMP-0023,26 Apr 2025, Website Visit,No
INT-0009244,1436,CMP-0025,"Mar 13, 2025",Email Open, Yes
INT-0009245,735,CMP-0020,28/07/2025, Click,No 
INT-0009246,286,CMP-0024,2025-08-09,Demo Request, No 
INT-0009247,1024,CMP-0013,12/02/2025,click,No
INT-0009248,1380,CMP-0017,11/24/2025, Trial Signup ,Yes 
INT-0009249,76,CMP-0006,"Mar 16, 2025", Email Open, Yes
INT-0009250,918,CMP-0016,"Dec 27, 2025",EMAIL OPEN,NO
INT-0009251,817,CMP-0018,12-11-2025,Email Open,yes
INT-0009252,274,CMP-0027,01/22/2025,CLICK, No 
INT-0009253,816,CMP-0012,12/08/2025,Trial Signup ,YES
INT-0009254,584,CMP-0008,2025-04-22,Email Open,Yes
INT-0009255,1260,CMP-0026,25 Mar 2025,Click,No 
INT-0009256,61,CMP-0012,11/26/2025,click, No 
INT-0009257,960,CMP-0006,2025-01-21,demo request,No
INT-0009258,357,CMP-0003,27/03/2025,Impression ,No
INT-0009259,200,CMP-0018,2025-03-01,WEBSITE VISIT, No
INT-0009260,121,CMP-0022,"Dec 16, 2025",IMPRESSION,YES
INT-0009261,747,CMP-0029,"Jun 15, 2025", Demo Request ,no
INT-0009262,460,CMP-0021,14/08/2025, Demo Request,No 
INT-0009263,815,CMP-0008,09/04/2025,Trial Signup ,No
INT-0009264,535,CMP-0006,16 Sep 2025,TRIAL SIGNUP,NO
INT-0009265,1047,CMP-0013,12/07/2025,website visit,YES
INT-0009266,568,CMP-0014,2025-11-20,IMPRESSION,Yes 
INT-0009267,597,CMP-0022,14-01-2025,email open,No
INT-0009268,450,CMP-0013,10 Nov 2025, Website Visit , No
INT-0009269,628,CMP-0023,22/11/2025,Impression,no
INT-0009270,1111,CMP-0027,27-05-2025, Website Visit , No 
INT-0009271,599,CMP-0015,12-10-2025, Email Open ,no
INT-0009272,1089,CMP-0012,12/30/2025,Trial Signup,no
INT-0009273,1328,CMP-0010,01-03-2025,TRIAL SIGNUP, Yes 
INT-0009274,812,CMP-0013,12/15/2025,demo request,No 
INT-0009275,602,CMP-0008,"Oct 05, 2025",Website Visit ,No 
INT-0009276,1366,CMP-0026,2025-08-19, Trial Signup ,No
INT-0009277,171,CMP-0014,24-01-2025,WEBSITE VISIT, Yes 
INT-0009278,567,CMP-0016,"Nov 24, 2025", Click, No
INT-0009279,1015,CMP-0019,09 Apr 2025,Trial Signup,No
INT-0009280,547,CMP-0011,02/16/2025, Website Visit ,No 
INT-0009281,697,CMP-0014,20 Apr 2025,Email Open , Yes
INT-0009282,603,CMP-0024,07/11/2025, Click, No 
INT-0009283,728,CMP-0024,2025-03-05,Impression, No 
INT-0009284,1294,CMP-0002,15-04-2025,trial signup,NO
INT-0009285,1186,CMP-0006,2025-11-09,Email Open ,YES
INT-0009286,1457,CMP-0030,05 Apr 2025,CLICK, No 
INT-0009287,837,CMP-0014,2025-04-09,Email Open , No
INT-0009288,574,CMP-0015,2025-01-22,impression,No 
INT-0009289,768,CMP-0013,06 Aug 2025,Trial Signup ,NO
INT-0009290,744,CMP-0024,2025-12-10,email open, No 
INT-0009291,1388,CMP-0001,20/07/2025,trial signup, No
INT-0009292,972,CMP-0007,11-11-2025, Click ,No 
INT-0009293,1410,CMP-0029,05/03/2025, Website Visit ,No 
INT-0009294,662,CMP-0019,2025-10-13,Impression ,Yes 
INT-0009295,154,CMP-0022,12-04-2025, Email Open,No
INT-0009296,806,CMP-0002,"Dec 22, 2025",Email Open, No 
INT-0009297,603,CMP-0012,25-01-2025,impression,NO
INT-0009298,24,CMP-0029,24/03/2025, Demo Request,NO
INT-0009299,237,CMP-0017,01/23/2025,Email Open , No
INT-0009300,1130,CMP-0026,28/03/2025, Email Open, No 
INT-0009301,494,CMP-0016,2025-05-02,Click,no
INT-0009302,1457,CMP-0016,18-03-2025, Click ,No
INT-0009303,1008,CMP-0015,08/09/2025, Demo Request, No 
INT-0009304,1147,CMP-0027,"May 19, 2025",TRIAL SIGNUP,YES
INT-0009305,734,CMP-0013,23-02-2025, Trial Signup,No 
INT-0009306,369,CMP-0018,26/11/2025,click, No 
INT-0009307,1379,CMP-0026,"Oct 04, 2025",click,No 
INT-0009308,1013,CMP-0015,25 Sep 2025,CLICK, No
INT-0009309,835,CMP-0010,25/12/2025,website visit, No 
INT-0009310,1484,CMP-0012,04-11-2025, Impression,NO
INT-0009311,1380,CMP-0022,2025-11-02,Demo Request ,NO
INT-0009312,1350,CMP-0014,"May 10, 2025",Impression , No 
INT-0009313,901,CMP-0004,07 Jan 2025, Website Visit ,No 
INT-0009314,1221,CMP-0015,2025-06-11, Trial Signup, No 
INT-0009315,659,CMP-0002,2025-09-07, Website Visit , No
INT-0009316,1008,CMP-0013,09 Aug 2025, Impression ,No 
INT-0009317,1183,CMP-0007,02-09-2025,DEMO REQUEST, No
INT-0009318,46,CMP-0024,"Jan 14, 2025",Demo Request,no
INT-0009319,145,CMP-0029,24/05/2025, Website Visit , No
INT-0009320,1474,CMP-0011,10/14/2025, Email Open,No
INT-0009321,506,CMP-0010,04/24/2025, Trial Signup,YES
INT-0009322,1472,CMP-0024,19 Aug 2025, Trial Signup , No
INT-0009323,124,CMP-0008,02/24/2025,Click,yes
INT-0009324,1028,CMP-0008,06 Jun 2025,WEBSITE VISIT,NO
INT-0009325,675,CMP-0004,"Nov 30, 2025",email open,NO
INT-0009326,236,CMP-0013,"Aug 01, 2025",Click ,Yes 
INT-0009327,1361,CMP-0011,27/02/2025,IMPRESSION,yes
INT-0009328,217,CMP-0004,"Jul 08, 2025",EMAIL OPEN, No
INT-0009329,1468,CMP-0018,"Feb 26, 2025",EMAIL OPEN, No
INT-0009330,1218,CMP-0004,2025-10-08,Email Open , No
INT-0009331,1049,CMP-0011,"Jan 11, 2025", Impression , No
INT-0009332,1417,CMP-0023,2025-01-20, Email Open , No
INT-0009333,260,CMP-0004,2025-12-28,Email Open , No
INT-0009334,239,CMP-0002,02 Oct 2025,demo request,no
INT-0009335,552,CMP-0002,"Jul 24, 2025",Trial Signup ,no
INT-0009336,110,CMP-0011,04/11/2025,DEMO REQUEST,No 
INT-0009337,743,CMP-0008,09 Feb 2025,Trial Signup ,No
INT-0009338,662,CMP-0027,03 Nov 2025,Trial Signup,No
INT-0009339,1103,CMP-0003,03/09/2025, Demo Request,no
INT-0009340,1213,CMP-0029,27 Dec 2025, Email Open,NO
INT-0009341,84,CMP-0023,31 Jan 2025, Demo Request , No
INT-0009342,382,CMP-0023,13/10/2025,IMPRESSION, No 
INT-0009343,765,CMP-0021,"May 11, 2025",click,No 
INT-0009344,623,CMP-0018,09/08/2025, Website Visit, Yes 
INT-0009345,888,CMP-0022,09/03/2025, Trial Signup,No
INT-0009346,633,CMP-0016,2025-12-06, Trial Signup,Yes 
INT-0009347,1469,CMP-0028,08/27/2025,Website Visit,yes
INT-0009348,344,CMP-0005,"Jun 17, 2025", Website Visit ,no
INT-0009349,738,CMP-0023,"Sep 15, 2025",email open, No
INT-0009350,1287,CMP-0013,12/12/2025, Demo Request ,yes
INT-0009351,1377,CMP-0011,16/11/2025,DEMO REQUEST, Yes 
INT-0009352,1076,CMP-0010,11/16/2025, Impression , Yes
INT-0009353,1232,CMP-0005,09/14/2025,IMPRESSION, No 
INT-0009354,876,CMP-0018,2025-05-26,Demo Request ,Yes
INT-0009355,53,CMP-0009,2025-09-19,trial signup,YES
INT-0009356,1144,CMP-0025,02 May 2025,Click,NO
INT-0009357,1042,CMP-0017,06/21/2025,CLICK, No 
INT-0009358,641,CMP-0024,2025-05-24,CLICK,Yes
INT-0009359,951,CMP-0023,2025-05-23,Email Open,Yes 
INT-0009360,1317,CMP-0028,2025-01-02,Trial Signup, No
INT-0009361,111,CMP-0013,22 Nov 2025,demo request,No 
INT-0009362,1180,CMP-0029,"Jan 19, 2025",TRIAL SIGNUP,No 
INT-0009363,567,CMP-0006,10/13/2025,Email Open,No 
INT-0009364,991,CMP-0017,"Nov 20, 2025",Demo Request , No
INT-0009365,386,CMP-0024,25/06/2025,trial signup, No
INT-0009366,355,CMP-0021,2025-03-13,Click ,NO
INT-0009367,1125,CMP-0003,12-01-2025, Email Open , Yes 
INT-0009368,1467,CMP-0021,31 Dec 2025, Click ,No 
INT-0009369,943,CMP-0018,"Feb 24, 2025",CLICK,no
INT-0009370,89,CMP-0026,"May 28, 2025", Click,no
INT-0009371,272,CMP-0020,2025-02-09,Impression,NO
INT-0009372,820,CMP-0021,10 Oct 2025,Demo Request ,No
INT-0009373,1097,CMP-0027,14/10/2025, Impression,yes
INT-0009374,867,CMP-0006,"Oct 07, 2025",WEBSITE VISIT,no
INT-0009375,1363,CMP-0006,"Jun 20, 2025", Trial Signup,no
INT-0009376,1473,CMP-0025,17-06-2025, Click,No 
INT-0009377,241,CMP-0029,06/21/2025,Website Visit,NO
INT-0009378,773,CMP-0020,01-02-2025, Impression , No
INT-0009379,1176,CMP-0004,"Mar 23, 2025", Website Visit ,No
INT-0009380,163,CMP-0026,"Jul 31, 2025", Impression , No 
INT-0009381,427,CMP-0004,"Mar 18, 2025",website visit,No
INT-0009382,1154,CMP-0022,"Mar 30, 2025", Impression ,no
INT-0009383,956,,11-10-2025, Click , No 
INT-0009384,517,CMP-0006,12/07/2025,EMAIL OPEN,No
INT-0009385,1256,CMP-0024,"Apr 01, 2025",Click, No
INT-0009386,1413,CMP-0021,03/18/2025,Email Open, No 
INT-0009387,749,CMP-0003,03/04/2025,Email Open,No 
INT-0009388,580,CMP-0029,18/05/2025, Website Visit ,no
INT-0009389,563,CMP-0017,01/31/2025, Impression, No 
INT-0009390,872,CMP-0021,2025-10-24, Demo Request , Yes
INT-0009391,829,CMP-0030,10/05/2025, Email Open,YES
INT-0009392,890,CMP-0010,25-06-2025,website visit, No
INT-0009393,540,CMP-0012,02/03/2025,email open, No 
INT-0009394,728,CMP-0030,"Jun 17, 2025", Website Visit ,YES
INT-0009395,919,CMP-0001,2025-10-15,Click ,No
INT-0009396,1089,CMP-0029,06-03-2025, Trial Signup ,no
INT-0009397,383,CMP-0027,01-09-2025,trial signup, Yes
INT-0009398,548,CMP-0002,07/18/2025,WEBSITE VISIT, Yes 
INT-0009399,1038,CMP-0005,02/03/2025, Demo Request , Yes 
INT-0009400,177,CMP-0016,02-09-2025, Website Visit ,YES
INT-0009401,567,CMP-0006,09/14/2025,Impression ,No
INT-0009402,953,CMP-0005,06-02-2025,Website Visit, No 
INT-0009403,927,CMP-0028,11/26/2025,click, No 
INT-0009404,767,CMP-0029,24 Jun 2025, Demo Request,Yes 
INT-0009405,1079,CMP-0029,09/08/2025, Email Open,No
INT-0009406,1110,CMP-0030,10/27/2025,Email Open, Yes
INT-0009407,1109,CMP-0029,"May 07, 2025",Impression,No 
INT-0009408,1379,,2025-11-07,Trial Signup,Yes
INT-0009409,639,,"Jun 06, 2025",WEBSITE VISIT, No 
INT-0009410,1383,CMP-0015,18/07/2025,demo request,No 
INT-0009411,1415,CMP-0023,15/10/2025,Demo Request ,Yes
INT-0009412,1251,CMP-0004,"Nov 27, 2025",Email Open ,no
INT-0009413,677,CMP-0016,20/07/2025, Email Open ,No
INT-0009414,700014,CMP-0019,13/04/2025,TRIAL SIGNUP,Yes
INT-0009415,357,CMP-0017,02 Jun 2025,Email Open,No 
INT-0009416,614,CMP-0007,11 Oct 2025,email open,yes
INT-0009417,1312,CMP-0026,"Nov 18, 2025",Click, Yes
INT-0009418,23,CMP-0024,12/08/2025,Trial Signup ,No
INT-0009419,808,CMP-0003,03-11-2025,Trial Signup, No 
INT-0009420,152,CMP-0029,09 Jan 2025,Impression,No
INT-0009421,1237,CMP-0017,2025-06-17,CLICK,yes
INT-0009422,678,CMP-0013,09/25/2025,Impression , No 
INT-0009423,393,CMP-0019,18/01/2025,click,YES
INT-0009424,383,CMP-0016,23/09/2025,WEBSITE VISIT,NO
INT-0009425,960,,2025-02-25,CLICK,Yes
INT-0009426,617,CMP-0010,17/10/2025,TRIAL SIGNUP, No 
INT-0009427,1095,CMP-0025,01/14/2025,Demo Request,No 
INT-0009428,1466,CMP-0003,07 Feb 2025, Demo Request, No
INT-0009429,406,CMP-0004,"Aug 07, 2025",EMAIL OPEN, No 
INT-0009430,1495,CMP-0001,"Feb 21, 2025", Impression ,NO
INT-0009431,1075,CMP-0023,06/04/2025, Click,NO
INT-0009432,645,CMP-0013,22/07/2025,Impression ,NO
INT-0009433,662,CMP-0029,12-08-2025, Email Open ,No
INT-0009434,1054,CMP-0006,2025-03-18, Email Open,No
INT-0009435,1388,CMP-0029,"Nov 19, 2025", Impression , No 
INT-0009436,836,CMP-0010,2025-04-16,website visit,No 
INT-0009437,1471,CMP-0016,12-10-2025,DEMO REQUEST, No
INT-0009438,1179,CMP-0030,10/04/2025, Website Visit , Yes
INT-0009439,1391,CMP-0015,"Nov 28, 2025", Demo Request ,no
INT-0009440,122,CMP-0007,2025-01-02,impression,Yes
INT-0009441,144,CMP-0020,"Mar 24, 2025",Email Open,NO
INT-0009442,103,CMP-0029,2025-06-28,website visit, No
INT-0009443,1012,CMP-0018,05/13/2025,EMAIL OPEN,No 
INT-0009444,1333,CMP-0015,26 Oct 2025,Click,yes
INT-0009445,621,CMP-0021,15/10/2025,IMPRESSION,YES
INT-0009446,1442,CMP-0003,18/04/2025, Email Open ,No 
INT-0009447,841,CMP-0007,30-10-2025,Click,No 
INT-0009448,964,CMP-0010,"Mar 02, 2025", Click ,yes
INT-0009449,711,CMP-0016,10/11/2025,click,no
INT-0009450,1116,CMP-0027,07 Oct 2025,Email Open,NO
INT-0009451,1168,,07 Jul 2025,Impression,no
INT-0009452,327,CMP-0015,31 Dec 2025,Website Visit,yes
INT-0009453,593,CMP-0001,16-06-2025,website visit,No 
INT-0009454,728,CMP-0009,16 Feb 2025, Trial Signup,No
INT-0009455,693,CMP-0009,"Mar 23, 2025", Trial Signup , No 
INT-0009456,281,CMP-0011,01 Sep 2025,Impression,Yes 
INT-0009457,32,CMP-0006,16-08-2025,click,No 
INT-0009458,1237,CMP-0001,22-05-2025,Click,No 
INT-0009459,703,CMP-0026,15 Aug 2025, Trial Signup, No
INT-0009460,503,CMP-0023,26/03/2025,website visit, No
INT-0009461,919,CMP-0011,2025-09-13,impression, Yes 
INT-0009462,1199,CMP-0007,07 May 2025, Website Visit ,No 
INT-0009463,1383,CMP-0016,09 Aug 2025,Demo Request ,No
INT-0009464,675,CMP-0005,14/09/2025,email open,NO
INT-0009465,1175,CMP-0027,30-11-2025,Website Visit ,No 
INT-0009466,1318,CMP-0011,16/02/2025,Website Visit , No 
INT-0009467,805,CMP-0002,13/11/2025,Trial Signup, No
INT-0009468,1187,CMP-0013,2025-05-22, Website Visit,Yes 
INT-0009469,1043,CMP-0026,24-01-2025, Impression,NO
INT-0009470,1430,CMP-0002,2025-05-20,CLICK,No 
INT-0009471,575,CMP-0011,"Dec 01, 2025",Impression,NO
INT-0009472,786,CMP-0015,2025-07-16,DEMO REQUEST, No
INT-0009473,1301,CMP-0028,17 Jul 2025,Website Visit , No 
INT-0009474,314,CMP-0002,27-10-2025, Email Open ,No 
INT-0009475,723,CMP-0020,2025-01-25,demo request,No 
INT-0009476,1245,CMP-0008,2025-09-28, Demo Request ,no
INT-0009477,474,CMP-0003,12-07-2025,IMPRESSION,No
INT-0009478,1422,CMP-0023,03/22/2025,website visit,no
INT-0009479,718,CMP-0006,04/04/2025, Demo Request ,No
INT-0009480,367,CMP-0024,02/04/2025, Trial Signup,No 
INT-0009481,275,CMP-0009,"Nov 22, 2025", Impression , No 
INT-0009482,932,CMP-0008,28/02/2025,website visit, No
INT-0009483,779,CMP-0014,03/02/2025, Trial Signup, Yes
INT-0009484,651,CMP-0023,"Nov 07, 2025",website visit,no
INT-0009485,849,CMP-0026,23/04/2025,click,No
INT-0009486,20,CMP-0003,23/06/2025,demo request, No
INT-0009487,395,CMP-0011,07/10/2025,Click, Yes
INT-0009488,908,CMP-0029,03 Sep 2025, Impression ,No 
INT-0009489,529,CMP-0018,10/01/2025,Trial Signup ,no
INT-0009490,1251,CMP-0020,05/16/2025,impression, No
INT-0009491,135,CMP-0030,10/13/2025,Email Open,NO
INT-0009492,90,CMP-0010,01/03/2025, Email Open ,YES
INT-0009493,290,CMP-0001,05/11/2025,Trial Signup,NO
INT-0009494,1459,CMP-0026,04-04-2025, Website Visit,YES
INT-0009495,857,CMP-0010,30-05-2025, Email Open ,No 
INT-0009496,570,CMP-0006,2025-08-20, Website Visit,Yes 
INT-0009497,463,CMP-0024,2025-07-24, Trial Signup ,Yes
INT-0009498,163,CMP-0008,2025-05-13,TRIAL SIGNUP, No 
INT-0009499,1247,CMP-0014,12/16/2025,website visit,NO
INT-0009500,490,CMP-0005,2025-03-02,Website Visit,YES
INT-0009501,504,CMP-0007,12/06/2025, Impression ,YES
INT-0009502,1093,CMP-0024,15-08-2025,Demo Request ,no
INT-0009503,1462,CMP-0011,15/07/2025, Email Open , Yes
INT-0009504,647,CMP-0026,11 Oct 2025,EMAIL OPEN,YES
INT-0009505,1348,CMP-0023,04/18/2025,Click, No
INT-0009506,58,CMP-0030,22-03-2025,Impression,No
INT-0009507,275,CMP-0005,17-06-2025, Website Visit ,Yes
INT-0009508,444,CMP-0017,11/29/2025,Trial Signup,NO
INT-0009509,188,CMP-0009,15-07-2025,Impression ,NO
INT-0009510,1179,CMP-0002,10/04/2025, Trial Signup ,no
INT-0009511,325,CMP-0014,04/10/2025,Trial Signup ,no
INT-0009512,429,CMP-0028,06-02-2025,WEBSITE VISIT,no
INT-0009513,1451,CMP-0014,20 Apr 2025,Website Visit ,YES
INT-0009514,826,CMP-0015,11/25/2025,Click , No
INT-0009515,1355,CMP-0005,24/08/2025,Demo Request ,No 
INT-0009516,343,CMP-0010,29 Dec 2025,Website Visit, No
INT-0009517,725,CMP-0018,14-04-2025, Impression ,yes
INT-0009518,1368,CMP-0007,01-07-2025,DEMO REQUEST,NO
INT-0009519,240,CMP-0030,07 Jan 2025,email open, No 
INT-0009520,1263,CMP-0004,"Oct 08, 2025",IMPRESSION,no
INT-0009521,1368,CMP-0003,2025-04-29,Impression,No 
INT-0009522,299,CMP-0007,"Oct 26, 2025",demo request, No 
INT-0009523,864,CMP-0025,26/06/2025, Impression, No 
INT-0009524,647,CMP-0004,2025-09-24,Click,NO
INT-0009525,653,CMP-0024,2025-05-28,Demo Request,No 
INT-0009526,745,CMP-0010,2025-01-14,Trial Signup ,No 
INT-0009527,475,CMP-0012,2025-11-05,Email Open ,No
INT-0009528,1028,CMP-0005,2025-07-21,Click , No
INT-0009529,474,CMP-0003,"Feb 20, 2025",CLICK,No 
INT-0009530,302,CMP-0015,"Apr 22, 2025",Website Visit ,No 
INT-0009531,1392,CMP-0025,"Nov 30, 2025", Demo Request , No 
INT-0009532,1260,CMP-0030,03-07-2025,Impression , No
INT-0009533,576,CMP-0028,2025-06-22,Demo Request ,Yes
INT-0009534,730,CMP-0011,12/11/2025, Demo Request, No
INT-0009535,1135,CMP-0010,"May 06, 2025", Demo Request,No 
INT-0009536,1110,CMP-0007,09/12/2025, Website Visit , No 
INT-0009537,1087,CMP-0016,05/10/2025,Website Visit, No 
INT-0009538,824,CMP-0005,09 Mar 2025,DEMO REQUEST,NO
INT-0009539,552,CMP-0023,2025-11-02, Demo Request ,NO
INT-0009540,1466,CMP-0020,05/07/2025,Demo Request,No 
INT-0009541,271,CMP-0018,"Jul 02, 2025", Email Open ,Yes
INT-0009542,546,CMP-0024,"Apr 02, 2025", Trial Signup,yes
INT-0009543,1194,CMP-0025,09-01-2025,Website Visit , No 
INT-0009544,380,CMP-0008,01/20/2025, Email Open , No
INT-0009545,392,CMP-0020,06 Apr 2025,EMAIL OPEN,no
INT-0009546,1328,CMP-0028,2025-07-14, Trial Signup, No
INT-0009547,647,CMP-0019,04-04-2025,Trial Signup,no
INT-0009548,1323,CMP-0023,"Sep 23, 2025",Email Open, No
INT-0009549,366,CMP-0028,28/01/2025,email open,no
INT-0009550,679,CMP-0011,14-09-2025,TRIAL SIGNUP,No 
INT-0009551,952,CMP-0013,23 Aug 2025,website visit,No 
INT-0009552,443,CMP-0028,26-08-2025,TRIAL SIGNUP,No 
INT-0009553,919,CMP-0021,"Mar 22, 2025",Trial Signup, No
INT-0009554,257,CMP-0017,18 Mar 2025,IMPRESSION,Yes 
INT-0009555,1052,CMP-0020,2025-06-20,website visit, No
INT-0009556,592,CMP-0025,05/21/2025,Website Visit ,NO
INT-0009557,643,CMP-0005,08/25/2025,website visit,No
INT-0009558,840,CMP-0029,02-08-2025,Email Open,No 
INT-0009559,1271,CMP-0004,16-06-2025,IMPRESSION,NO
INT-0009560,1190,CMP-0024,18 Dec 2025,DEMO REQUEST,yes
INT-0009561,496,CMP-0007,08-07-2025,trial signup,no
INT-0009562,1271,,18-12-2025, Email Open,No
INT-0009563,1482,CMP-0013,13-02-2025,click, Yes 
INT-0009564,1476,CMP-0007,2025-07-15, Demo Request ,No
INT-0009565,332,CMP-0008,18-03-2025, Impression, Yes 
INT-0009566,750,CMP-0010,04/20/2025, Website Visit,no
INT-0009567,1060,CMP-0014,"Jan 27, 2025", Trial Signup ,No
INT-0009568,1257,CMP-0025,2025-07-02, Trial Signup , Yes 
INT-0009569,698,CMP-0017,02-07-2025,DEMO REQUEST,no
INT-0009570,438,CMP-0018,03 Sep 2025,Impression , No
INT-0009571,197,CMP-0025,12/13/2025, Website Visit , No 
INT-0009572,148,CMP-0021,"Jul 11, 2025",email open, Yes
INT-0009573,879,CMP-0027,"Jun 15, 2025", Email Open, Yes
INT-0009574,725,CMP-0024,2025-12-06,Demo Request,No
INT-0009575,464,CMP-0025,"Mar 12, 2025",DEMO REQUEST, No 
INT-0009576,697,CMP-0025,"Apr 28, 2025",IMPRESSION,no
INT-0009577,159,CMP-0030,02 Dec 2025,Email Open ,NO
INT-0009578,1044,CMP-0026,"Jul 23, 2025",Demo Request ,no
INT-0009579,1287,CMP-0016,"Dec 14, 2025",Website Visit , No
INT-0009580,718,CMP-0015,07/02/2025,Demo Request,No
INT-0009581,1446,CMP-0024,10/13/2025,Email Open,No
INT-0009582,286,CMP-0013,2025-11-03,TRIAL SIGNUP,Yes
INT-0009583,1343,CMP-0011,09/05/2025,Website Visit ,YES
INT-0009584,1210,CMP-0009,24/07/2025,WEBSITE VISIT, Yes 
INT-0009585,1068,CMP-0027,10 Jul 2025, Website Visit ,No
INT-0009586,260,CMP-0014,2025-12-09,CLICK, No 
INT-0009587,497,CMP-0030,2025-08-12,Email Open,no
INT-0009588,102,CMP-0015,23 Jul 2025, Impression,No 
INT-0009589,278,CMP-0027,2025-09-28, Email Open ,NO
INT-0009590,1311,CMP-0007,"Dec 04, 2025",Email Open ,no
INT-0009591,42,CMP-0022,18 Jul 2025,Impression, No 
INT-0009592,1439,CMP-0006,15/05/2025,TRIAL SIGNUP, No 
INT-0009593,1405,CMP-0002,2025-01-05, Click ,YES
INT-0009594,1362,CMP-0003,20 Apr 2025, Website Visit,No
INT-0009595,501,CMP-0029,07 Sep 2025, Click,no
INT-0009596,341,CMP-0007,"Jul 25, 2025",Website Visit ,No
INT-0009597,1323,CMP-0021,06/25/2025, Website Visit,No 
INT-0009598,1270,CMP-0006,08-08-2025,Demo Request ,NO
INT-0009599,685,CMP-0023,"Dec 14, 2025",Website Visit,No
INT-0009600,487,CMP-0019,05/19/2025,impression,No
INT-0009601,1001,CMP-0015,22-07-2025,Click, No 
INT-0009602,513,CMP-0021,03-09-2025,trial signup,NO
INT-0009603,932,CMP-0013,"Jun 25, 2025", Demo Request ,NO
INT-0009604,395,CMP-0011,20 Sep 2025,Email Open , No
INT-0009605,938,CMP-0020,22-07-2025,trial signup, No
INT-0009606,47,CMP-0005,31-01-2025, Email Open,YES
INT-0009607,463,CMP-0016,"Feb 05, 2025",Website Visit ,no
INT-0009608,1354,CMP-0022,16/01/2025,demo request, No 
INT-0009609,778,CMP-0008,22 Nov 2025,Impression ,Yes 
INT-0009610,316,CMP-0012,13 Nov 2025,Click ,No 
INT-0009611,1204,CMP-0026,"Oct 13, 2025",click,NO
INT-0009612,327,CMP-0006,26 May 2025,DEMO REQUEST, No 
INT-0009613,49,CMP-0018,24 Aug 2025,demo request,no
INT-0009614,362,CMP-0029,08-12-2025,Click,No
INT-0009615,1452,CMP-0003,21 Oct 2025,Email Open, No 
INT-0009616,930,CMP-0015,2025-04-24, Trial Signup , No
INT-0009617,1362,CMP-0019,"May 04, 2025", Click ,NO
INT-0009618,581,CMP-0026,10/19/2025, Trial Signup ,NO
INT-0009619,736,CMP-0016,"Jul 18, 2025", Demo Request ,No 
INT-0009620,991,CMP-0026,12-02-2025,Impression, No 
INT-0009621,659,CMP-0001,05 Feb 2025,EMAIL OPEN, No
INT-0009622,700015,CMP-0021,2025-06-09,Website Visit ,NO
INT-0009623,654,CMP-0011,28 Jan 2025,Impression , No
INT-0009624,766,CMP-0026,31/07/2025,EMAIL OPEN, No
INT-0009625,313,CMP-0016,"Jun 09, 2025", Demo Request,No
INT-0009626,1277,CMP-0011,01/04/2025,demo request,No
INT-0009627,241,CMP-0017,07/09/2025,IMPRESSION, Yes 
INT-0009628,293,CMP-0019,2025-05-21,Website Visit, No 
INT-0009629,1086,CMP-0007,"May 14, 2025",Click, No
INT-0009630,862,CMP-0030,"Mar 01, 2025",impression,No
INT-0009631,383,CMP-0013,10/20/2025, Trial Signup,no
INT-0009632,1387,CMP-0024,2025-06-05, Impression ,No
INT-0009633,211,CMP-0020,31 Aug 2025, Demo Request,no
INT-0009634,225,CMP-0022,"May 02, 2025",Website Visit,No
INT-0009635,620,CMP-0018,2025-12-19,click,Yes 
INT-0009636,1050,CMP-0021,10/07/2025, Website Visit , No
INT-0009637,750,CMP-0012,24 Nov 2025, Demo Request, No
INT-0009638,1345,CMP-0006,12/21/2025,Demo Request ,No 
INT-0009639,466,CMP-0016,01-12-2025, Email Open, No 
INT-0009640,133,CMP-0017,12-06-2025, Click, No
INT-0009641,1379,CMP-0011,27 Aug 2025, Impression,No
INT-0009642,1146,CMP-0005,03/08/2025,Impression , Yes
INT-0009643,151,CMP-0003,2025-08-04,WEBSITE VISIT, No
INT-0009644,139,CMP-0007,11/03/2025,DEMO REQUEST,No 
INT-0009645,986,CMP-0014,11 Feb 2025,Click , No 
INT-0009646,510,CMP-0019,"Sep 22, 2025", Email Open ,NO
INT-0009647,1089,CMP-0007,08-01-2025,website visit, No 
INT-0009648,492,CMP-0024,16/01/2025, Impression ,Yes
INT-0009649,211,CMP-0005,2025-04-30, Demo Request ,No
INT-0009650,722,CMP-0009,25 Jan 2025,Impression, No 
INT-0009651,360,CMP-0024,03-08-2025, Impression ,No
INT-0009652,1418,CMP-0005,23-02-2025, Impression ,no
INT-0009653,1055,CMP-0017,11-03-2025,trial signup,no
INT-0009654,1062,CMP-0028,06 Jun 2025,website visit, Yes
INT-0009655,315,CMP-0019,11/18/2025,impression,No 
INT-0009656,1067,CMP-0014,2025-02-03,Trial Signup,No
INT-0009657,441,CMP-0025,13-03-2025, Click ,No 
INT-0009658,719,CMP-0010,01-11-2025,Website Visit ,No
INT-0009659,435,CMP-0013,04/28/2025,Trial Signup,NO
INT-0009660,345,CMP-0001,"May 29, 2025",TRIAL SIGNUP,No
INT-0009661,362,CMP-0010,03/09/2025, Click,No 
INT-0009662,1190,CMP-0004,"Nov 23, 2025", Email Open,Yes 
INT-0009663,1295,CMP-0024,23/11/2025,Website Visit,No 
INT-0009664,649,CMP-0024,"Aug 16, 2025", Demo Request ,NO
INT-0009665,1114,CMP-0010,26/07/2025,Click,No 
INT-0009666,594,CMP-0027,09/10/2025, Trial Signup ,No 
INT-0009667,1082,CMP-0002,09/06/2025, Email Open ,YES
INT-0009668,411,CMP-0017,"Jul 29, 2025",impression,No 
INT-0009669,1475,CMP-0028,2025-07-24, Click , No
INT-0009670,1130,CMP-0012,17-08-2025,Trial Signup,NO
INT-0009671,1341,CMP-0023,2025-05-14,Trial Signup,Yes 
INT-0009672,104,CMP-0019,30/07/2025,Trial Signup,Yes 
INT-0009673,1258,CMP-0004,30 Mar 2025,email open, No 
INT-0009674,1464,CMP-0017,"Apr 25, 2025",email open,no
INT-0009675,247,CMP-0009,17-05-2025,Click, No
INT-0009676,22,CMP-0016,"Feb 26, 2025",click,No
INT-0009677,1474,CMP-0018,11/15/2025,Website Visit ,NO
INT-0009678,988,CMP-0019,27/07/2025, Email Open,No
INT-0009679,1275,CMP-0018,12/03/2025,Trial Signup ,no
INT-0009680,931,CMP-0029,"May 19, 2025", Email Open ,No
INT-0009681,1298,CMP-0030,02-02-2025, Impression ,No
INT-0009682,1122,CMP-0017,"Sep 05, 2025",CLICK, Yes 
INT-0009683,799,CMP-0020,"Apr 01, 2025", Impression ,NO
INT-0009684,1301,CMP-0028,2025-05-10, Click, No 
INT-0009685,1304,CMP-0020,01/13/2025,Impression,No
INT-0009686,13,CMP-0004,"Jun 12, 2025",Website Visit, No
INT-0009687,478,CMP-0011,06-12-2025,TRIAL SIGNUP, No
INT-0009688,1226,CMP-0004,21 May 2025,Demo Request, No 
INT-0009689,1234,CMP-0014,01 Oct 2025,Trial Signup,Yes
INT-0009690,62,CMP-0008,05 Sep 2025,Click , Yes 
INT-0009691,1188,CMP-0009,06/28/2025, Impression,yes
INT-0009692,493,CMP-0006,13/12/2025, Website Visit ,No 
INT-0009693,738,CMP-0002,"Oct 21, 2025",EMAIL OPEN,NO
INT-0009694,1068,CMP-0024,2025-06-13, Impression,No
INT-0009695,838,CMP-0006,2025-09-19, Trial Signup, No 
INT-0009696,635,CMP-0010,03-05-2025,email open, No 
INT-0009697,1277,CMP-0008,2025-07-04,Click,No
INT-0009698,1060,CMP-0016,06 Oct 2025,Trial Signup, No 
INT-0009699,592,CMP-0009,09 Feb 2025,Trial Signup,yes
INT-0009700,1281,CMP-0022,11-11-2025, Click ,No
INT-0009701,1192,CMP-0003,2025-12-06,WEBSITE VISIT,NO
INT-0009702,878,CMP-0015,"Jul 24, 2025", Trial Signup, No 
INT-0009703,962,CMP-0029,08/07/2025, Trial Signup ,no
INT-0009704,737,CMP-0011,16/06/2025, Trial Signup , No 
INT-0009705,1074,CMP-0006,03/07/2025, Trial Signup , No
INT-0009706,818,CMP-0016,06 Feb 2025, Website Visit ,No 
INT-0009707,1169,CMP-0030,2025-12-26, Click ,NO
INT-0009708,864,CMP-0009,12/09/2025,email open, No 
INT-0009709,1379,CMP-0024,"Sep 11, 2025", Email Open ,NO
INT-0009710,376,CMP-0028,"Apr 11, 2025", Impression , No
INT-0009711,953,CMP-0028,28-12-2025,Click,yes
INT-0009712,414,CMP-0019,01/01/2025,EMAIL OPEN, No
INT-0009713,988,CMP-0024,2025-09-21, Email Open ,No 
INT-0009714,722,CMP-0026,10/31/2025,Impression ,No
INT-0009715,993,CMP-0001,14 Nov 2025, Email Open, No
INT-0009716,531,CMP-0018,20/01/2025,email open,No 
INT-0009717,1448,CMP-0025,01/02/2025,EMAIL OPEN,Yes 
INT-0009718,228,CMP-0018,16 Nov 2025, Website Visit , No 
INT-0009719,983,CMP-0008,2025-01-07,Impression ,NO
INT-0009720,1127,CMP-0011,05/13/2025, Website Visit,no
INT-0009721,78,CMP-0017,27 Feb 2025,demo request,Yes
INT-0009722,803,CMP-0011,20-08-2025, Email Open ,No
INT-0009723,1099,CMP-0004,06/30/2025,Demo Request ,No
INT-0009724,983,CMP-0003,18 Sep 2025,Demo Request, No
INT-0009725,758,CMP-0028,01/09/2025, Email Open,NO
INT-0009726,372,CMP-0021,02/05/2025,demo request,NO
INT-0009727,879,CMP-0014,2025-04-01,Email Open ,no
INT-0009728,285,CMP-0012,10 Feb 2025,Trial Signup , No
INT-0009729,1317,CMP-0002,2025-01-02, Demo Request , No 
INT-0009730,133,CMP-0030,11/10/2025,Trial Signup ,Yes
INT-0009731,693,CMP-0020,01 Mar 2025,Impression,No
INT-0009732,845,CMP-0004,2025-09-27,impression,No
INT-0009733,394,CMP-0030,20/03/2025,Trial Signup,Yes 
INT-0009734,1495,CMP-0018,05/29/2025, Click ,No 
INT-0009735,697,CMP-0027,07/04/2025,TRIAL SIGNUP,NO
INT-0009736,758,CMP-0013,04-09-2025,DEMO REQUEST, Yes 
INT-0009737,1251,,2025-11-30, Impression, No
INT-0009738,549,CMP-0021,2025-08-25,Email Open ,NO
INT-0009739,834,CMP-0019,27 Dec 2025,website visit, No 
INT-0009740,1135,CMP-0006,"May 16, 2025",Impression ,No
INT-0009741,1303,CMP-0030,2025-03-21,EMAIL OPEN,No 
INT-0009742,218,CMP-0015,03/25/2025, Email Open,No 
INT-0009743,1120,CMP-0012,2025-03-20,Trial Signup ,no
INT-0009744,637,CMP-0002,02/26/2025,EMAIL OPEN, No 
INT-0009745,588,CMP-0018,16 Mar 2025,Email Open, No 
INT-0009746,1453,CMP-0005,04/10/2025,email open,Yes 
INT-0009747,842,CMP-0020,09/01/2025,Website Visit, No 
INT-0009748,905,CMP-0006,24-02-2025,CLICK, No
INT-0009749,936,CMP-0004,30-07-2025, Impression ,no
INT-0009750,504,CMP-0003,12/07/2025,DEMO REQUEST,No 
INT-0009751,937,CMP-0006,"May 01, 2025", Impression, No
INT-0009752,1050,CMP-0009,26 Jul 2025,DEMO REQUEST, Yes 
INT-0009753,983,CMP-0009,05-03-2025, Impression ,yes
INT-0009754,1031,CMP-0017,14 Feb 2025,click,No
INT-0009755,940,CMP-0027,16 May 2025,WEBSITE VISIT,no
INT-0009756,246,CMP-0025,12/03/2025,Impression, No 
INT-0009757,63,CMP-0010,28-12-2025,Trial Signup , No
INT-0009758,829,CMP-0008,12 Dec 2025,Impression, No 
INT-0009759,880,CMP-0004,10/22/2025, Demo Request ,No 
INT-0009760,371,CMP-0003,"Apr 09, 2025",WEBSITE VISIT,No
INT-0009761,1023,CMP-0008,21-09-2025, Demo Request,Yes 
INT-0009762,306,CMP-0029,"May 09, 2025",EMAIL OPEN, Yes 
INT-0009763,1479,CMP-0018,02/08/2025,Click,Yes 
INT-0009764,884,CMP-0019,30/07/2025, Email Open, No
INT-0009765,295,CMP-0016,"Feb 01, 2025",Click ,NO
INT-0009766,409,CMP-0017,24 Oct 2025,TRIAL SIGNUP, No 
INT-0009767,801,CMP-0022,"Feb 02, 2025",click,no
INT-0009768,684,CMP-0018,2025-04-21, Email Open, No
INT-0009769,1022,CMP-0028,14/05/2025,WEBSITE VISIT, No 
INT-0009770,692,CMP-0002,2025-04-01, Click,no
INT-0009771,330,CMP-0022,25/04/2025, Website Visit ,No 
INT-0009772,186,CMP-0003,10/07/2025,Trial Signup,NO
INT-0009773,935,CMP-0030,17-09-2025,CLICK,NO
INT-0009774,154,CMP-0001,24 Oct 2025,Trial Signup, No 
INT-0009775,1498,CMP-0007,05/09/2025,Impression ,No
INT-0009776,682,CMP-0017,29/06/2025,Trial Signup ,Yes
INT-0009777,1344,CMP-0019,13/04/2025,Trial Signup ,no
INT-0009778,727,CMP-0014,25 Feb 2025,Website Visit , No
INT-0009779,107,CMP-0003,29-03-2025,Website Visit , No 
INT-0009780,253,CMP-0012,2025-08-09, Click ,No
INT-0009781,335,CMP-0004,2025-09-07,TRIAL SIGNUP, Yes 
INT-0009782,385,CMP-0010,10 May 2025, Demo Request,NO
INT-0009783,651,CMP-0023,10/27/2025,Website Visit , Yes
INT-0009784,152,CMP-0011,15/09/2025,TRIAL SIGNUP,YES
INT-0009785,705,CMP-0027,14-02-2025,DEMO REQUEST, Yes 
INT-0009786,79,CMP-0007,2025-07-02,WEBSITE VISIT,NO
INT-0009787,717,CMP-0028,"Nov 10, 2025",Demo Request,No
INT-0009788,1023,CMP-0026,03/03/2025,CLICK,NO
INT-0009789,1474,CMP-0003,30 Nov 2025,IMPRESSION,No 
INT-0009790,1496,CMP-0029,03/13/2025, Website Visit , No 
INT-0009791,632,CMP-0003,06 Jan 2025,EMAIL OPEN, No
INT-0009792,722,CMP-0003,"Sep 03, 2025",website visit, No 
INT-0009793,916,CMP-0001,15-07-2025,website visit,NO
INT-0009794,750,CMP-0014,25-11-2025,Email Open,No 
INT-0009795,1402,CMP-0015,14-03-2025,WEBSITE VISIT, No
INT-0009796,1061,CMP-0030,15/03/2025, Click ,NO
INT-0009797,764,CMP-0009,04/07/2025, Email Open ,NO
INT-0009798,1335,CMP-0001,"May 09, 2025",email open, Yes
INT-0009799,275,CMP-0007,01-03-2025, Website Visit , Yes
INT-0009800,1257,CMP-0001,2025-07-25,demo request,Yes
INT-0009801,1084,CMP-0023,2025-07-11,Website Visit,No 
INT-0009802,971,CMP-0023,05/15/2025,CLICK,No 
INT-0009803,1444,CMP-0020,30 Aug 2025, Demo Request,NO
INT-0009804,649,CMP-0006,"May 16, 2025",Demo Request, No
INT-0009805,674,CMP-0020,"Dec 28, 2025",EMAIL OPEN,No
INT-0009806,1484,CMP-0015,02 Nov 2025,Trial Signup,No 
INT-0009807,198,CMP-0028,26/11/2025,CLICK, Yes 
INT-0009808,929,CMP-0017,20/04/2025,Click ,NO
INT-0009809,794,CMP-0012,10/12/2025,CLICK,NO
INT-0009810,1228,CMP-0011,26-12-2025,Click, No
INT-0009811,110,CMP-0007,2025-05-02,Impression ,yes
INT-0009812,1206,CMP-0027,27-10-2025,trial signup,No
INT-0009813,1033,CMP-0029,2025-05-16,trial signup,no
INT-0009814,693,CMP-0013,02/07/2025, Email Open, Yes
INT-0009815,971,CMP-0011,07/09/2025,Click,No
INT-0009816,1059,CMP-0009,17/05/2025,IMPRESSION,No 
INT-0009817,114,CMP-0017,09/03/2025,Email Open ,No
INT-0009818,1218,CMP-0023,05 Jul 2025,Email Open,No
INT-0009819,840,CMP-0006,12-12-2025,Website Visit ,no
INT-0009820,537,CMP-0017,17 Sep 2025,demo request,No 
INT-0009821,1108,CMP-0008,2025-01-30,Click,No 
INT-0009822,700019,CMP-0004,09 May 2025,Website Visit ,No
INT-0009823,66,CMP-0024,20 May 2025,email open,No
INT-0009824,511,CMP-0002,01 Feb 2025,click, No
INT-0009825,1254,CMP-0013,2025-02-02,Click,No 
INT-0009826,326,CMP-0017,14 Jun 2025,Trial Signup, No 
INT-0009827,1467,CMP-0003,22 Dec 2025, Impression,no
INT-0009828,873,CMP-0003,"Sep 25, 2025",Trial Signup ,No
INT-0009829,1170,CMP-0028,04-12-2025,Click , Yes
INT-0009830,205,CMP-0004,11/03/2025, Click,NO
INT-0009831,850,CMP-0013,"May 07, 2025",Trial Signup, No 
INT-0009832,1120,CMP-0029,"Dec 10, 2025",website visit, No 
INT-0009833,371,CMP-0028,09/28/2025,Email Open, No
INT-0009834,761,CMP-0010,08/15/2025,IMPRESSION, Yes 
INT-0009835,1058,CMP-0008,"Aug 25, 2025",Email Open, No
INT-0009836,390,CMP-0012,15-12-2025,trial signup,No
INT-0009837,1235,CMP-0001,"Jun 10, 2025",Email Open,no
INT-0009838,1131,CMP-0020,16-10-2025,website visit,No
INT-0009839,1342,CMP-0011,05/25/2025,Click, Yes
INT-0009840,1475,CMP-0005,2025-10-05,email open,No
INT-0009841,1484,CMP-0006,"Aug 01, 2025",click, Yes
INT-0009842,164,CMP-0016,26 Nov 2025, Impression , No
INT-0009843,1028,CMP-0012,05-11-2025, Email Open, No 
INT-0009844,1121,CMP-0006,12/05/2025,Demo Request, No 
INT-0009845,1062,CMP-0017,"Nov 12, 2025",Demo Request,No
INT-0009846,1249,CMP-0006,29-11-2025,Email Open,no
INT-0009847,315,CMP-0018,01/07/2025,Click,YES
INT-0009848,832,CMP-0012,2025-05-30,impression,No 
INT-0009849,949,CMP-0015,2025-06-14,Email Open, No
INT-0009850,1072,CMP-0019,"Jan 19, 2025", Click ,No 
INT-0009851,1293,CMP-0019,19/09/2025, Email Open,YES
INT-0009852,795,CMP-0028,17 Oct 2025,Website Visit,No 
INT-0009853,117,CMP-0012,"Jan 18, 2025", Click,no
INT-0009854,440,CMP-0015,23-09-2025,DEMO REQUEST, Yes 
INT-0009855,437,CMP-0018,06/07/2025,Demo Request ,YES
INT-0009856,1349,CMP-0012,"Aug 07, 2025",EMAIL OPEN,No 
INT-0009857,530,CMP-0023,14-10-2025, Website Visit,No 
INT-0009858,1277,CMP-0022,12/08/2025, Click,No 
INT-0009859,467,CMP-0023,16/12/2025,website visit, No
INT-0009860,1150,CMP-0014,01/29/2025,trial signup, No 
INT-0009861,843,CMP-0004,08-11-2025, Website Visit ,No 
INT-0009862,287,CMP-0002,"Oct 27, 2025", Click,NO
INT-0009863,1314,CMP-0006,07/26/2025, Click ,NO
INT-0009864,628,CMP-0001,"May 29, 2025",demo request,NO
INT-0009865,117,CMP-0008,12/08/2025, Impression, No 
INT-0009866,85,CMP-0006,04/09/2025, Website Visit,No 
INT-0009867,540,CMP-0001,15 Dec 2025,EMAIL OPEN,Yes
INT-0009868,67,CMP-0016,"Jan 15, 2025", Click ,No 
INT-0009869,1033,CMP-0021,10 Aug 2025,Click, No 
INT-0009870,119,CMP-0014,25-03-2025,Trial Signup,no
INT-0009871,101,CMP-0003,07/31/2025,Trial Signup ,NO
INT-0009872,565,CMP-0027,17 Nov 2025, Impression , Yes
INT-0009873,1016,CMP-0006,05/11/2025, Demo Request ,NO
INT-0009874,517,CMP-0013,05-01-2025, Email Open,No 
INT-0009875,1481,CMP-0001,04/16/2025, Impression , No
INT-0009876,154,CMP-0018,25/09/2025, Website Visit,no
INT-0009877,653,CMP-0015,"Oct 06, 2025",CLICK,NO
INT-0009878,1233,CMP-0028,"Dec 01, 2025",demo request,No 
INT-0009879,494,CMP-0027,"Dec 29, 2025",Email Open ,YES
INT-0009880,1000,CMP-0026,21 Feb 2025,CLICK,No 
INT-0009881,953,CMP-0020,2025-05-05,TRIAL SIGNUP,NO
INT-0009882,676,,21-05-2025, Email Open ,Yes
INT-0009883,874,CMP-0008,12-11-2025, Email Open,NO
INT-0009884,936,CMP-0021,20-01-2025, Email Open, No 
INT-0009885,1285,CMP-0025,22 Aug 2025,Website Visit , No 
INT-0009886,309,CMP-0022,13/06/2025,Demo Request,NO
INT-0009887,1339,CMP-0029,2025-11-25,Email Open , Yes
INT-0009888,186,CMP-0007,07 Sep 2025,Trial Signup,Yes
INT-0009889,382,CMP-0006,2025-03-21,Email Open,no
INT-0009890,444,CMP-0015,11-08-2025,click, No 
INT-0009891,23,CMP-0029,17-12-2025, Trial Signup,NO
INT-0009892,1172,CMP-0026,05/30/2025,demo request,NO
INT-0009893,526,,06/09/2025, Impression , No 
INT-0009894,127,CMP-0013,"Jun 08, 2025", Website Visit,yes
INT-0009895,1436,CMP-0028,03/01/2025, Website Visit,No
INT-0009896,724,CMP-0006,21/04/2025,email open,No
INT-0009897,615,CMP-0007,10/26/2025,Trial Signup, Yes
INT-0009898,1202,CMP-0009,2025-11-16,impression,No 
INT-0009899,447,CMP-0017,30-03-2025,impression, No 
INT-0009900,82,CMP-0003,15-12-2025, Click, No
INT-0009901,977,CMP-0008,03/22/2025,impression, No
INT-0009902,809,CMP-0003,28-08-2025, Click,No 
INT-0009903,986,CMP-0016,"Sep 09, 2025",WEBSITE VISIT,no
INT-0009904,1461,CMP-0012,08/25/2025,Website Visit ,yes
INT-0009905,194,CMP-0006,01/23/2025,Impression, Yes
INT-0009906,361,CMP-0017,28/08/2025, Demo Request ,no
INT-0009907,27,CMP-0018,12/09/2025, Demo Request,YES
INT-0009908,879,CMP-0006,18-04-2025, Trial Signup,NO
INT-0009909,953,CMP-0010,2025-09-05,TRIAL SIGNUP,No 
INT-0009910,692,CMP-0014,"Feb 09, 2025",DEMO REQUEST,No 
INT-0009911,252,CMP-0022,01/14/2025, Click ,No 
INT-0009912,1124,CMP-0015,29-01-2025, Website Visit,no
INT-0009913,141,CMP-0011,04-11-2025,Trial Signup,no
INT-0009914,273,CMP-0015,28 Dec 2025,Website Visit ,NO
INT-0009915,502,CMP-0021,15 Mar 2025, Demo Request, No
INT-0009916,23,CMP-0011,12/02/2025, Demo Request , Yes 
INT-0009917,1309,CMP-0011,"Aug 26, 2025",Trial Signup , No 
INT-0009918,1354,CMP-0012,07/02/2025, Trial Signup,YES
INT-0009919,475,CMP-0019,2025-03-01,Trial Signup ,NO
INT-0009920,417,CMP-0030,27/09/2025,demo request, No 
INT-0009921,858,CMP-0005,07/05/2025, Website Visit ,No
INT-0009922,1119,CMP-0015,25 Oct 2025,EMAIL OPEN,No 
INT-0009923,926,CMP-0030,04/06/2025,Trial Signup ,No 
INT-0009924,116,CMP-0021,25 Sep 2025,impression, No 
INT-0009925,378,CMP-0021,21-09-2025,Trial Signup ,no
INT-0009926,391,CMP-0016,27 Nov 2025,CLICK,No 
INT-0009927,1398,CMP-0025,05/04/2025, Click,yes
INT-0009928,1141,CMP-0030,"Mar 04, 2025",Website Visit , Yes 
INT-0009929,1350,CMP-0014,"Oct 04, 2025",trial signup,No 
INT-0009930,817,CMP-0009,17/07/2025,EMAIL OPEN, No 
INT-0009931,137,CMP-0028,14 May 2025, Demo Request,No
INT-0009932,50,CMP-0007,23/06/2025,Email Open , No
INT-0009933,666,CMP-0017,19/05/2025, Impression, No 
INT-0009934,1221,CMP-0019,22/10/2025,Click,NO
INT-0009935,639,CMP-0025,2025-09-29, Demo Request ,NO
INT-0009936,863,CMP-0025,10-10-2025,WEBSITE VISIT,NO
INT-0009937,1306,CMP-0023,2025-12-06,email open,No
INT-0009938,1109,CMP-0002,06/19/2025, Email Open, Yes
INT-0009939,895,CMP-0018,2025-08-15, Email Open ,NO
INT-0009940,511,CMP-0027,05 Aug 2025, Demo Request,Yes 
INT-0009941,550,CMP-0004,09/03/2025,Trial Signup, Yes
INT-0009942,1201,CMP-0014,2025-09-27,Trial Signup,No
INT-0009943,1489,CMP-0009,21-11-2025,Trial Signup ,NO
INT-0009944,679,CMP-0021,20-10-2025,website visit, No
INT-0009945,1223,CMP-0010,08/29/2025,Email Open ,Yes 
INT-0009946,1416,CMP-0003,01/10/2025, Impression, No 
INT-0009947,633,CMP-0016,08-12-2025, Email Open ,No 
INT-0009948,1500,CMP-0019,2025-05-06, Impression,yes
INT-0009949,2,CMP-0012,2025-08-24,Trial Signup,no
INT-0009950,453,CMP-0006,"Oct 03, 2025",Demo Request, No 
INT-0009951,359,CMP-0015,10/04/2025, Click,no
INT-0009952,1294,CMP-0028,06/10/2025,click,Yes 
INT-0009953,440,CMP-0011,09/06/2025,WEBSITE VISIT, No
INT-0009954,1485,CMP-0001,09/12/2025,click, No
INT-0009955,677,CMP-0011,2025-05-06,Click , Yes
INT-0009956,441,CMP-0024,"Jan 12, 2025",Trial Signup ,No
INT-0009957,177,CMP-0009,09-07-2025,Email Open ,NO
INT-0009958,98,CMP-0026,2025-06-12, Demo Request , No
INT-0009959,1068,CMP-0009,03 Oct 2025,IMPRESSION,NO
INT-0009960,800,CMP-0016,29/09/2025, Impression , Yes 
INT-0009961,562,CMP-0011,22 Jan 2025,Trial Signup ,Yes 
INT-0009962,410,CMP-0010,25 Apr 2025, Email Open,No 
INT-0009963,487,CMP-0011,2025-04-03, Website Visit , No
INT-0009964,752,CMP-0020,12/05/2025,Trial Signup, No 
INT-0009965,1306,CMP-0006,30/09/2025,WEBSITE VISIT, Yes
INT-0009966,477,CMP-0019,12/05/2025,Demo Request,No
INT-0009967,790,CMP-0012,2025-07-16,Email Open, No
INT-0009968,1251,CMP-0017,09/12/2025, Demo Request,no
INT-0009969,1132,CMP-0023,24/02/2025, Website Visit,NO
INT-0009970,943,CMP-0026,26-11-2025,Trial Signup ,NO
INT-0009971,131,CMP-0012,27-09-2025,Click,Yes 
INT-0009972,1441,CMP-0019,14/09/2025, Trial Signup ,No
INT-0009973,100,CMP-0010,01/20/2025,impression,No
INT-0009974,1207,CMP-0027,13 Oct 2025, Website Visit ,No
INT-0009975,1134,CMP-0030,07/01/2025, Email Open,Yes
INT-0009976,1164,CMP-0017,02/04/2025, Demo Request, Yes
INT-0009977,264,CMP-0004,02 Mar 2025,Email Open ,No 
INT-0009978,957,CMP-0006,31/01/2025,Click,no
INT-0009979,891,CMP-0017,26/10/2025, Demo Request ,Yes 
INT-0009980,724,CMP-0020,09/29/2025,click,YES
INT-0009981,623,CMP-0004,09 Jul 2025, Email Open , No
INT-0009982,289,CMP-0016,2025-06-04, Impression,No
INT-0009983,495,CMP-0017,11-02-2025, Email Open,no
INT-0009984,322,CMP-0019,"Dec 07, 2025", Email Open ,No
INT-0009985,391,CMP-0011,04/09/2025, Trial Signup ,No 
INT-0009986,1397,CMP-0008,"Jul 30, 2025",EMAIL OPEN,No
INT-0009987,716,CMP-0025,07/03/2025,Trial Signup,No 
INT-0009988,805,CMP-0025,25 Apr 2025,Website Visit ,No
INT-0009989,1453,CMP-0024,26/09/2025,trial signup, No
INT-0009990,1269,CMP-0011,10 May 2025, Demo Request, No
INT-0009991,1482,,"Aug 11, 2025", Click ,No 
INT-0009992,148,CMP-0021,13/12/2025,Impression,NO
INT-0009993,646,CMP-0017,"Nov 30, 2025",Trial Signup,NO
INT-0009994,719,CMP-0012,16-12-2025,Click,no
INT-0009995,492,CMP-0012,09/01/2025,Trial Signup ,no
INT-0009996,45,CMP-0003,02/27/2025,email open, No 
INT-0009997,90,CMP-0007,09-02-2025,EMAIL OPEN, No 
INT-0009998,845,CMP-0030,15-10-2025, Email Open , No 
INT-0009999,1421,CMP-0002,15-04-2025,Email Open,no
INT-0010000,444,CMP-0008,11/24/2025,Demo Request ,Yes 
INT-0010001,13,CMP-0020,30 May 2025,Impression, Yes
INT-0010002,1082,CMP-0013,09 Jun 2025,TRIAL SIGNUP,No 
INT-0010003,488,,25-09-2025,email open,No
INT-0010004,79,CMP-0016,08/12/2025,EMAIL OPEN, No
INT-0010005,209,CMP-0023,12/11/2025,TRIAL SIGNUP, No 
INT-0010006,1462,CMP-0030,07 Jul 2025,email open, No
INT-0010007,131,CMP-0019,29-11-2025,WEBSITE VISIT,no
INT-0010008,991,CMP-0026,2025-03-15,Impression, No 
INT-0010009,545,CMP-0006,"Mar 05, 2025",email open,no
INT-0010010,1333,CMP-0022,"Oct 11, 2025",CLICK,no
INT-0010011,787,CMP-0024,06/14/2025,IMPRESSION,NO
INT-0010012,1016,CMP-0020,2025-10-03,Click , No
INT-0010013,288,CMP-0029,"Dec 24, 2025",Trial Signup ,No
INT-0010014,1117,CMP-0022,11/30/2025, Demo Request,YES
INT-0010015,225,CMP-0027,2025-03-02, Website Visit,Yes 
INT-0010016,729,CMP-0020,20 Oct 2025, Click,No
INT-0010017,199,CMP-0026,03/07/2025,Impression ,no
INT-0010018,787,CMP-0015,"Mar 11, 2025", Demo Request,No
INT-0010019,910,CMP-0027,01-07-2025,Trial Signup ,Yes
INT-0010020,1311,CMP-0011,2025-11-26,demo request, No 
INT-0010021,898,CMP-0028,04/10/2025,CLICK,no
INT-0010022,544,CMP-0013,2025-06-20,DEMO REQUEST,no
INT-0010023,1494,CMP-0017,01/31/2025,Website Visit,NO
INT-0010024,285,CMP-0027,25/03/2025,TRIAL SIGNUP,NO
INT-0010025,91,CMP-0021,13 Feb 2025,WEBSITE VISIT, No
INT-0010026,386,CMP-0009,"Mar 08, 2025",Impression , No 
INT-0010027,224,CMP-0001,"Jan 17, 2025",Click,yes
INT-0010028,1421,CMP-0008,2025-04-14,DEMO REQUEST, No
INT-0010029,610,CMP-0017,16-06-2025,Demo Request , No 
INT-0010030,1339,CMP-0027,06-10-2025, Impression,No 
INT-0010031,622,CMP-0003,19 Feb 2025,WEBSITE VISIT, No
INT-0010032,1220,CMP-0006,2025-05-15,Trial Signup,no
INT-0010033,971,CMP-0013,2025-05-26, Email Open,no
INT-0010034,821,CMP-0002,23 Sep 2025, Demo Request,NO
INT-0010035,1480,CMP-0008,19 May 2025,CLICK,Yes
INT-0010036,248,CMP-0029,18/03/2025,Click, No 
INT-0010037,854,CMP-0013,03/25/2025, Click, No 
INT-0010038,1458,CMP-0030,30-08-2025, Impression ,Yes
INT-0010039,304,CMP-0004,18 Sep 2025, Trial Signup,No
INT-0010040,678,CMP-0023,2025-11-12, Email Open , No 
INT-0010041,1450,CMP-0027,01/07/2025, Impression, No
INT-0010042,1015,CMP-0013,15-06-2025,click,Yes 
INT-0010043,939,CMP-0016,05/10/2025,Impression, No 
INT-0010044,1317,CMP-0008,19-05-2025,click,No 
INT-0010045,234,CMP-0003,12/10/2025,Trial Signup,No
INT-0010046,744,CMP-0009,02-04-2025,trial signup, No
INT-0010047,134,CMP-0025,16-07-2025, Click, No 
INT-0010048,223,CMP-0024,08/12/2025,Impression ,NO
INT-0010049,490,CMP-0015,03/25/2025, Website Visit ,NO
INT-0010050,585,CMP-0030,01-07-2025,Website Visit , No
INT-0010051,649,CMP-0005,2025-11-28,Trial Signup,yes
INT-0010052,1260,CMP-0012,05/12/2025,IMPRESSION,No 
INT-0010053,463,CMP-0015,11/03/2025,IMPRESSION, No 
INT-0010054,619,CMP-0014,"Sep 03, 2025", Website Visit, No
INT-0010055,775,CMP-0010,01/11/2025, Email Open, No 
INT-0010056,56,CMP-0008,16/07/2025, Demo Request ,No
INT-0010057,1392,CMP-0021,18-01-2025,EMAIL OPEN,no
INT-0010058,1232,CMP-0011,16/07/2025,impression,No
INT-0010059,1050,CMP-0015,"Oct 17, 2025",demo request, Yes 
INT-0010060,1484,CMP-0005,02 Oct 2025,TRIAL SIGNUP,Yes
INT-0010061,315,CMP-0028,2025-06-20,trial signup,NO
INT-0010062,938,CMP-0002,26 Sep 2025, Trial Signup , No
INT-0010063,344,CMP-0012,2025-01-02,Trial Signup,Yes
INT-0010064,382,CMP-0014,2025-03-31, Click,Yes
INT-0010065,808,CMP-0018,21/12/2025,website visit, No
INT-0010066,187,CMP-0001,07/11/2025, Demo Request,Yes
INT-0010067,509,CMP-0020,"Aug 08, 2025",WEBSITE VISIT, No
INT-0010068,284,CMP-0023,2025-05-20,CLICK, Yes
INT-0010069,487,CMP-0015,03-12-2025, Website Visit ,No
INT-0010070,969,CMP-0005,10/07/2025, Website Visit ,No
INT-0010071,863,CMP-0023,06/02/2025,CLICK,no
INT-0010072,1201,CMP-0020,02/25/2025,DEMO REQUEST, No
INT-0010073,611,CMP-0007,02/12/2025,Website Visit ,no
INT-0010074,498,CMP-0005,"Aug 11, 2025",Email Open,No 
INT-0010075,727,CMP-0006,12/19/2025, Website Visit ,Yes
INT-0010076,772,CMP-0021,"Dec 18, 2025",Email Open, Yes 
INT-0010077,693,CMP-0025,22-02-2025,EMAIL OPEN,No
INT-0010078,988,CMP-0018,2025-08-16,click, No 
INT-0010079,621,CMP-0013,2025-04-28,Demo Request, No 
INT-0010080,1205,CMP-0002,05/07/2025,website visit, Yes
INT-0010081,859,CMP-0021,"Jan 23, 2025",Demo Request,No 
INT-0010082,1193,CMP-0006,"Apr 12, 2025",Demo Request,YES
INT-0010083,761,CMP-0019,2025-06-25, Demo Request ,no
INT-0010084,1051,CMP-0010,2025-11-21, Trial Signup,Yes 
INT-0010085,1402,CMP-0017,06-06-2025,Demo Request ,NO
INT-0010086,1021,CMP-0020,21 Mar 2025,Demo Request ,No
INT-0010087,1274,CMP-0020,15 Nov 2025, Website Visit, No
INT-0010088,405,,13/08/2025, Click ,Yes
INT-0010089,233,CMP-0016,"Apr 23, 2025",Website Visit , No
INT-0010090,829,CMP-0020,2025-06-16,demo request, No
INT-0010091,1006,CMP-0003,"Sep 22, 2025",DEMO REQUEST,NO
INT-0010092,1321,CMP-0027,12/06/2025,demo request, No 
INT-0010093,448,CMP-0016,03/04/2025, Demo Request ,No
INT-0010094,1406,CMP-0030,"Aug 10, 2025",Website Visit ,No 
INT-0010095,765,CMP-0010,04/08/2025,WEBSITE VISIT,No
INT-0010096,224,CMP-0023,"Jun 19, 2025",Demo Request ,No 
INT-0010097,172,CMP-0012,12/25/2025,EMAIL OPEN, Yes 
INT-0010098,902,CMP-0018,2025-05-18,Trial Signup ,No 
INT-0010099,1437,CMP-0019,08/18/2025,Demo Request ,No
INT-0010100,723,CMP-0007,02/08/2025, Email Open , No
INT-0010101,1496,CMP-0006,18-07-2025, Trial Signup , No 
INT-0010102,1327,CMP-0009,2025-03-14,email open,NO
INT-0010103,846,CMP-0030,09-01-2025,Website Visit ,NO
INT-0010104,641,CMP-0005,09 Nov 2025,EMAIL OPEN,Yes 
INT-0010105,1,CMP-0017,"May 20, 2025",email open, Yes
INT-0010106,327,CMP-0016,07/14/2025,Click, No 
INT-0010107,203,CMP-0023,05/12/2025,demo request,no
INT-0010108,866,CMP-0008,"Sep 13, 2025", Email Open ,Yes 
INT-0010109,426,CMP-0012,"Nov 04, 2025",click,NO
INT-0010110,1384,CMP-0011,2025-07-26, Email Open ,NO
INT-0010111,958,CMP-0021,2025-04-04,Click,Yes 
INT-0010112,1286,CMP-0014,2025-07-10,Impression ,NO
INT-0010113,1308,CMP-0017,10/06/2025, Website Visit ,Yes 
INT-0010114,437,CMP-0002,24-11-2025,DEMO REQUEST,YES
INT-0010115,782,CMP-0011,2025-04-25,Impression,NO
INT-0010116,505,CMP-0025,2025-10-20, Email Open,No 
INT-0010117,1402,CMP-0022,10/17/2025,IMPRESSION, No
INT-0010118,1014,CMP-0002,13-05-2025, Impression ,Yes 
INT-0010119,1089,CMP-0008,11/01/2025,WEBSITE VISIT,No 
INT-0010120,757,CMP-0017,16/07/2025,click,No 
INT-0010121,166,CMP-0004,"Aug 01, 2025",website visit,No
INT-0010122,610,CMP-0030,11/05/2025,Email Open ,no
INT-0010123,355,CMP-0006,14/07/2025,Impression , No
INT-0010124,660,CMP-0004,08 Jun 2025, Demo Request,no
INT-0010125,874,CMP-0025,06/06/2025, Impression ,NO
INT-0010126,254,CMP-0016,14 Jul 2025,impression,Yes 
INT-0010127,1184,CMP-0014,27/04/2025,impression,No
INT-0010128,806,CMP-0015,"Oct 13, 2025", Demo Request, No
INT-0010129,657,CMP-0010,03/20/2025,impression, No 
INT-0010130,270,CMP-0011,06/30/2025, Trial Signup, No 
INT-0010131,1240,CMP-0012,10-07-2025,WEBSITE VISIT, No
INT-0010132,480,CMP-0026,"Nov 09, 2025",DEMO REQUEST,YES
INT-0010133,1037,CMP-0006,21/10/2025, Trial Signup , No 
INT-0010134,1084,CMP-0015,11/21/2025, Impression, No
INT-0010135,1282,CMP-0026,2025-11-29,Click,No
INT-0010136,985,CMP-0019,05/26/2025,demo request,No 
INT-0010137,1151,CMP-0025,12/09/2025,Demo Request , Yes
INT-0010138,1429,CMP-0022,"Aug 18, 2025", Trial Signup,no
INT-0010139,729,CMP-0012,"Apr 24, 2025",click,YES
INT-0010140,1243,CMP-0002,13-01-2025, Click ,no
INT-0010141,368,CMP-0010,03/26/2025, Website Visit ,No 
INT-0010142,233,CMP-0029,14/08/2025, Website Visit ,No 
INT-0010143,298,CMP-0027,"Oct 01, 2025", Email Open ,YES
INT-0010144,386,CMP-0021,27-02-2025, Impression ,Yes
INT-0010145,149,CMP-0027,31-08-2025,Impression,No
INT-0010146,1046,CMP-0002,27 Jul 2025,Trial Signup,Yes 
INT-0010147,411,CMP-0006,20-05-2025,CLICK,No
INT-0010148,264,CMP-0007,"Nov 01, 2025",email open,NO
INT-0010149,877,CMP-0013,07 Jul 2025,Impression,No
INT-0010150,1414,CMP-0012,22 Jan 2025,Demo Request , No
INT-0010151,665,CMP-0002,2025-12-22,demo request,no
INT-0010152,155,CMP-0015,21 Feb 2025, Website Visit,YES
INT-0010153,692,CMP-0015,13 Dec 2025,Trial Signup , No 
INT-0010154,138,CMP-0023,09-05-2025, Click,NO
INT-0010155,1474,CMP-0011,02/24/2025,Website Visit ,Yes
INT-0010156,278,CMP-0017,17 May 2025,Click,NO
INT-0010157,600,CMP-0026,"Jan 02, 2025",Website Visit,no
INT-0010158,865,CMP-0013,"Feb 05, 2025",CLICK,no
INT-0010159,594,CMP-0009,03-04-2025, Demo Request,no
INT-0010160,1212,CMP-0028,18 May 2025, Trial Signup, No 
INT-0010161,697,CMP-0028,27/10/2025,click, No
INT-0010162,62,CMP-0006,02/01/2025,Website Visit, No
INT-0010163,991,CMP-0025,"Jun 19, 2025",Demo Request ,No
INT-0010164,625,CMP-0007,23-04-2025,impression,No
INT-0010165,262,CMP-0008,"Feb 12, 2025", Click,No 
INT-0010166,436,CMP-0030,01/03/2025,IMPRESSION,Yes 
INT-0010167,1262,CMP-0025,21-07-2025,Click,yes
INT-0010168,538,CMP-0024,04/21/2025,Impression,No 
INT-0010169,925,CMP-0028,05 Oct 2025,website visit, No
INT-0010170,463,CMP-0015,15-10-2025,IMPRESSION, No 
INT-0010171,549,CMP-0001,09/10/2025, Impression ,no
INT-0010172,1238,CMP-0019,16/05/2025, Click , No 
INT-0010173,676,CMP-0016,21/01/2025, Trial Signup , Yes
INT-0010174,468,CMP-0005,02-11-2025,Website Visit,YES
INT-0010175,388,CMP-0008,01/24/2025,WEBSITE VISIT, No
INT-0010176,283,CMP-0029,16/05/2025,Impression,No
INT-0010177,120,CMP-0030,2025-09-16,EMAIL OPEN, No 
INT-0010178,144,CMP-0025,"Mar 10, 2025",Impression,Yes 
INT-0010179,1084,CMP-0021,2025-09-30, Email Open ,YES
INT-0010180,635,CMP-0027,"Nov 05, 2025", Impression, No
INT-0010181,1276,CMP-0023,2025-04-12,Website Visit, No 
INT-0010182,205,CMP-0023,2025-07-13, Website Visit,no
INT-0010183,1129,CMP-0011,23/01/2025, Impression,No
INT-0010184,731,CMP-0006,15/12/2025,IMPRESSION,YES
INT-0010185,1047,CMP-0023,10/18/2025,Impression, No 
INT-0010186,29,CMP-0008,04/20/2025,EMAIL OPEN,No
INT-0010187,1310,CMP-0012,"Nov 19, 2025",IMPRESSION,no
INT-0010188,442,CMP-0022,2025-05-04,Website Visit , Yes 
INT-0010189,206,CMP-0011,2025-02-02, Demo Request, Yes
INT-0010190,1333,CMP-0019,11/03/2025,IMPRESSION, No 
INT-0010191,174,CMP-0010,"May 24, 2025",demo request,YES
INT-0010192,1323,CMP-0012,26 Oct 2025,Email Open,no
INT-0010193,1455,CMP-0017,2025-10-08, Email Open,no
INT-0010194,940,CMP-0015,30-05-2025,Impression , No 
INT-0010195,251,CMP-0027,06-06-2025,Website Visit , No 
INT-0010196,914,CMP-0016,08 Sep 2025,website visit,no
INT-0010197,1215,CMP-0029,22-07-2025,Impression , No 
INT-0010198,155,CMP-0013,"Jun 12, 2025",Website Visit,NO
INT-0010199,1292,CMP-0012,14-02-2025,click,no
INT-0010200,102,CMP-0016,2025-05-01, Trial Signup ,No 
INT-0010201,703,CMP-0014,19/08/2025,impression,no
INT-0010202,145,CMP-0022,2025-01-07,IMPRESSION, No 
INT-0010203,1322,CMP-0006,10/21/2025,trial signup,No 
INT-0010204,1002,CMP-0019,2025-01-01, Website Visit,No
INT-0010205,1148,CMP-0016,"Mar 13, 2025",Email Open, No 
INT-0010206,999,CMP-0024,2025-09-15,website visit,No
INT-0010207,897,CMP-0004,05/04/2025,Impression, Yes 
INT-0010208,250,CMP-0027,"Feb 04, 2025",Trial Signup, Yes 
INT-0010209,854,CMP-0030,19-03-2025, Email Open,No
INT-0010210,426,CMP-0017,17/01/2025,CLICK,No 
INT-0010211,455,CMP-0013,15/06/2025,Trial Signup,No
INT-0010212,1220,CMP-0002,24-11-2025,Website Visit ,NO
INT-0010213,1022,CMP-0019,"Aug 30, 2025",Click, No
INT-0010214,1388,CMP-0029,11/13/2025,Email Open, No 
INT-0010215,1427,CMP-0009,17-11-2025,Trial Signup , No
INT-0010216,157,CMP-0026,2025-06-01,demo request,No
INT-0010217,184,CMP-0024,"May 03, 2025", Trial Signup ,Yes 
INT-0010218,1303,CMP-0020,04-07-2025,CLICK, No 
INT-0010219,253,CMP-0008,12/21/2025,click, No 
INT-0010220,1476,CMP-0003,06/29/2025,demo request,no
INT-0010221,1121,CMP-0019,"Jan 29, 2025", Demo Request , No 
INT-0010222,1182,CMP-0009,13-05-2025,Impression,No
INT-0010223,822,CMP-0008,06/23/2025, Website Visit,no
INT-0010224,640,CMP-0007,02/05/2025, Demo Request,No 
INT-0010225,62,CMP-0024,08/28/2025,Click ,no
INT-0010226,1109,CMP-0019,10/11/2025,demo request, No
INT-0010227,931,CMP-0023,"Apr 12, 2025", Website Visit,no
INT-0010228,1053,CMP-0003,28/09/2025, Click ,no
INT-0010229,403,CMP-0015,"Sep 09, 2025",Impression, No 
INT-0010230,1024,CMP-0015,2025-09-19,EMAIL OPEN,No 
INT-0010231,1342,CMP-0002,2025-12-05,email open,no
INT-0010232,1032,CMP-0030,05/06/2025,impression,NO
INT-0010233,644,CMP-0001,12 Nov 2025, Click ,yes
INT-0010234,1120,CMP-0013,30-04-2025,Impression ,NO
INT-0010235,893,CMP-0011,"Dec 17, 2025", Impression ,No 
INT-0010236,71,CMP-0007,2025-12-01, Click ,Yes
INT-0010237,620,CMP-0004,12-05-2025,website visit, No 
INT-0010238,694,CMP-0005,09/03/2025, Impression,No
INT-0010239,491,CMP-0015,08/04/2025, Email Open ,NO
INT-0010240,250,CMP-0002,05/29/2025,Email Open ,NO
INT-0010241,712,CMP-0028,08/22/2025,Email Open , No
INT-0010242,75,CMP-0006,09/12/2025, Impression,Yes
INT-0010243,1008,CMP-0026,12 Sep 2025, Click , No
INT-0010244,1273,CMP-0016,28/10/2025,Impression, No 
INT-0010245,277,CMP-0019,2025-07-01,Website Visit ,no
INT-0010246,402,CMP-0030,27-04-2025,Email Open , No 
INT-0010247,871,CMP-0025,08/12/2025, Trial Signup,No
INT-0010248,915,CMP-0017,06 Feb 2025,Click,No 
INT-0010249,269,CMP-0024,06/14/2025,Click,NO
INT-0010250,289,CMP-0008,2025-07-24,Demo Request,No 
INT-0010251,765,CMP-0014,07/12/2025,trial signup,yes
INT-0010252,170,CMP-0008,02/10/2025,EMAIL OPEN,NO
INT-0010253,677,CMP-0024,22-11-2025, Click,no
INT-0010254,915,CMP-0017,"Nov 09, 2025", Click,No
INT-0010255,154,CMP-0004,20-04-2025,CLICK,no
INT-0010256,756,CMP-0029,12/19/2025,Trial Signup ,No 
INT-0010257,1335,CMP-0024,14-11-2025, Trial Signup, No 
INT-0010258,212,CMP-0019,"Feb 14, 2025",Demo Request ,no
INT-0010259,173,CMP-0012,05/02/2025, Trial Signup,No
INT-0010260,921,CMP-0006,17 Nov 2025,Demo Request, No
INT-0010261,131,CMP-0028,2025-03-14, Demo Request,No
INT-0010262,820,CMP-0009,21/06/2025, Trial Signup , No 
INT-0010263,50,CMP-0026,12/13/2025,Demo Request ,No 
INT-0010264,1041,,17 Jan 2025, Email Open,YES
INT-0010265,1326,CMP-0029,"Jan 27, 2025", Demo Request , No 
INT-0010266,880,CMP-0005,"Apr 27, 2025", Trial Signup,Yes 
INT-0010267,1250,CMP-0030,21-04-2025,IMPRESSION,yes
INT-0010268,1141,CMP-0019,11/03/2025,DEMO REQUEST,No
INT-0010269,656,CMP-0013,2025-08-17, Email Open,No 
INT-0010270,932,CMP-0007,02-07-2025,CLICK, No
INT-0010271,929,CMP-0003,10-02-2025,Website Visit,No 
INT-0010272,291,CMP-0017,18/06/2025, Impression,No 
INT-0010273,84,CMP-0008,21 Dec 2025, Demo Request,Yes 
INT-0010274,1077,CMP-0003,09 Jun 2025, Email Open ,No 
INT-0010275,1256,CMP-0002,30 Jun 2025,DEMO REQUEST, No
INT-0010276,415,CMP-0020,07/11/2025,CLICK,No 
INT-0010277,592,CMP-0020,28 Nov 2025,Email Open ,YES
INT-0010278,26,CMP-0023,08/02/2025, Demo Request , Yes
INT-0010279,962,CMP-0010,2025-05-13,DEMO REQUEST,Yes 
INT-0010280,404,CMP-0028,11/17/2025, Demo Request,no
INT-0010281,972,CMP-0021,18 Jan 2025,Impression,No 
INT-0010282,193,CMP-0007,08-04-2025,TRIAL SIGNUP, No
INT-0010283,229,CMP-0020,23 Oct 2025,Trial Signup ,No 
INT-0010284,564,CMP-0010,"Mar 14, 2025", Email Open, No 
INT-0010285,1457,CMP-0026,2025-01-11,trial signup, No
INT-0010286,179,CMP-0011,"Jun 14, 2025",Email Open, No 
INT-0010287,768,CMP-0005,29 Nov 2025,Email Open, No 
INT-0010288,440,CMP-0024,16-01-2025,Demo Request ,No
INT-0010289,647,CMP-0014,"Jul 14, 2025",Website Visit,No 
INT-0010290,972,CMP-0011,14 Jun 2025,Demo Request ,Yes
INT-0010291,1372,CMP-0008,12/12/2025, Impression,No 
INT-0010292,1097,CMP-0024,"May 28, 2025", Click,NO
INT-0010293,1213,,04 Feb 2025,CLICK,no
INT-0010294,482,CMP-0005,2025-11-11,click,YES
INT-0010295,4,CMP-0017,"Aug 14, 2025",demo request, No
INT-0010296,1107,CMP-0012,02/27/2025,email open, No 
INT-0010297,485,CMP-0008,"Apr 17, 2025",WEBSITE VISIT,no
INT-0010298,1064,CMP-0011,2025-05-24,EMAIL OPEN,NO
INT-0010299,531,CMP-0004,09/12/2025, Click,NO
INT-0010300,875,CMP-0009,"May 20, 2025", Click,No 
INT-0010301,361,CMP-0018,16-01-2025,website visit,NO
INT-0010302,1419,CMP-0007,05-10-2025, Trial Signup , No 
INT-0010303,493,CMP-0018,04/13/2025,click, No 
INT-0010304,1105,CMP-0001,2025-02-06, Demo Request,No
INT-0010305,1105,CMP-0019,07/25/2025, Demo Request, No 
INT-0010306,1373,CMP-0006,11/13/2025,website visit,no
INT-0010307,708,CMP-0014,09/04/2025,TRIAL SIGNUP,YES
INT-0010308,107,CMP-0004,06/08/2025, Click,no
INT-0010309,385,CMP-0012,31 May 2025,Impression ,Yes
INT-0010310,598,CMP-0009,31-05-2025,Demo Request,No
INT-0010311,818,CMP-0006,08/13/2025, Website Visit,No 
INT-0010312,1205,CMP-0007,23-01-2025,Email Open ,NO
INT-0010313,338,CMP-0026,10/11/2025,TRIAL SIGNUP,NO
INT-0010314,608,CMP-0027,2025-01-18,WEBSITE VISIT,No 
INT-0010315,54,CMP-0021,18 Nov 2025,trial signup,no
INT-0010316,234,CMP-0008,11/07/2025,Impression , No
INT-0010317,176,CMP-0024,11/03/2025,CLICK,NO
INT-0010318,244,CMP-0005,"May 25, 2025",DEMO REQUEST, No
INT-0010319,331,CMP-0018,24-04-2025, Impression,NO
INT-0010320,952,CMP-0009,"Jun 08, 2025",DEMO REQUEST,Yes 
INT-0010321,773,CMP-0013,16/01/2025,EMAIL OPEN, No
INT-0010322,208,CMP-0003,"Feb 18, 2025", Demo Request ,No
INT-0010323,772,CMP-0022,"May 16, 2025",CLICK,No
INT-0010324,742,CMP-0011,27 Jun 2025,Website Visit , No 
INT-0010325,194,CMP-0019,10 Sep 2025,impression,NO
INT-0010326,1219,CMP-0022,01 Apr 2025,Demo Request ,Yes
INT-0010327,328,CMP-0006,25 Feb 2025,Website Visit, No
INT-0010328,421,CMP-0019,18-01-2025, Demo Request ,No 
INT-0010329,756,CMP-0029,30/05/2025,Demo Request ,NO
INT-0010330,660,,03 Jan 2025,Website Visit , No 
INT-0010331,649,CMP-0015,2025-12-28, Email Open,yes
INT-0010332,763,CMP-0006,21-07-2025,impression,No
INT-0010333,1191,CMP-0003,22 Feb 2025,Impression ,no
INT-0010334,1263,CMP-0010,13-04-2025,Impression , No
INT-0010335,1215,CMP-0023,2025-02-21,Email Open,No 
INT-0010336,1445,CMP-0016,"Feb 13, 2025", Website Visit, No 
INT-0010337,875,CMP-0005,09/25/2025,demo request, No 
INT-0010338,1030,CMP-0003,"Aug 31, 2025",WEBSITE VISIT, Yes
INT-0010339,74,CMP-0017,"Sep 21, 2025",Click,No
INT-0010340,158,CMP-0022,28/04/2025,Demo Request, No
INT-0010341,1096,CMP-0018,07/30/2025, Demo Request,No 
INT-0010342,1335,CMP-0004,2025-02-13,impression,NO
INT-0010343,516,CMP-0027,08 Feb 2025, Trial Signup ,NO
INT-0010344,124,CMP-0018,10 Feb 2025, Email Open,no
INT-0010345,1481,CMP-0008,21/06/2025,EMAIL OPEN, Yes 
INT-0010346,1337,CMP-0011,16/03/2025,Click , No
INT-0010347,438,CMP-0021,08/11/2025,Trial Signup ,No 
INT-0010348,755,CMP-0030,07/11/2025,Website Visit,No 
INT-0010349,499,,23/10/2025,Website Visit,no
INT-0010350,865,CMP-0016,05 Apr 2025,Email Open , No
INT-0010351,14,CMP-0023,"Dec 12, 2025", Impression,no
INT-0010352,521,CMP-0021,09/07/2025,trial signup,Yes 
INT-0010353,67,CMP-0017,26-01-2025,Email Open, No
INT-0010354,1426,CMP-0024,05 Jul 2025, Trial Signup, Yes 
INT-0010355,325,CMP-0003,"May 22, 2025",Demo Request ,YES
INT-0010356,245,CMP-0014,2025-07-23, Email Open, Yes
INT-0010357,1234,CMP-0006,2025-03-06,click,yes
INT-0010358,450,CMP-0027,26/07/2025,trial signup, No 
INT-0010359,774,,10/06/2025, Website Visit,no
INT-0010360,241,CMP-0011,"Jan 09, 2025", Click,No
INT-0010361,519,CMP-0004,05/16/2025,EMAIL OPEN,yes
INT-0010362,585,CMP-0029,02/22/2025,Trial Signup , No
INT-0010363,45,CMP-0022,05/08/2025,demo request,Yes 
INT-0010364,305,CMP-0011,"Mar 06, 2025", Email Open, No
INT-0010365,144,CMP-0007,24 Jul 2025,DEMO REQUEST,Yes
INT-0010366,371,CMP-0021,"Jun 19, 2025", Trial Signup,No
INT-0010367,505,CMP-0005,04/11/2025,Demo Request , No 
INT-0010368,1104,CMP-0014,09/15/2025,trial signup,No
INT-0010369,1259,CMP-0020,"Jun 09, 2025", Impression,No
INT-0010370,117,CMP-0003,24-08-2025,Trial Signup ,yes
INT-0010371,992,CMP-0025,11-04-2025,email open,No 
INT-0010372,631,CMP-0013,2025-03-23, Click,no
INT-0010373,400,CMP-0002,2025-11-02,IMPRESSION, No 
INT-0010374,1271,CMP-0007,16 Dec 2025, Website Visit,Yes
INT-0010375,1220,CMP-0008,14/07/2025,Website Visit , Yes
INT-0010376,940,CMP-0027,"Jul 27, 2025",WEBSITE VISIT,No
INT-0010377,1114,CMP-0027,"May 26, 2025", Website Visit,Yes 
INT-0010378,18,CMP-0002,13 Jan 2025,email open, No
INT-0010379,955,CMP-0021,2025-04-02,IMPRESSION,no
INT-0010380,583,CMP-0001,07/01/2025,CLICK,yes
INT-0010381,279,CMP-0018,03/03/2025,IMPRESSION, Yes 
INT-0010382,183,CMP-0022,2025-05-18, Trial Signup, Yes
INT-0010383,272,CMP-0002,08/09/2025, Trial Signup,no
INT-0010384,1000,CMP-0007,27 Feb 2025,Website Visit, Yes 
INT-0010385,1048,CMP-0005,26/10/2025,Impression, Yes 
INT-0010386,585,CMP-0016,"Apr 07, 2025",impression,no
INT-0010387,740,CMP-0001,05-06-2025,Demo Request, No
INT-0010388,167,CMP-0014,2025-06-14,Website Visit ,no
INT-0010389,1447,CMP-0014,05/04/2025, Email Open,NO
INT-0010390,1232,CMP-0003,08/05/2025, Website Visit, No
INT-0010391,350,CMP-0015,07 Oct 2025, Trial Signup , No 
INT-0010392,1288,CMP-0002,"Nov 14, 2025",trial signup,NO
INT-0010393,869,,01/12/2025,Email Open,No 
INT-0010394,125,CMP-0006,"Jan 11, 2025",DEMO REQUEST, No 
INT-0010395,1445,CMP-0007,03/14/2025,EMAIL OPEN,Yes
INT-0010396,636,CMP-0021,28/01/2025,impression,No 
INT-0010397,1340,CMP-0029,08/28/2025, Email Open , No
INT-0010398,1388,CMP-0005,07/25/2025,demo request, Yes 
INT-0010399,105,CMP-0010,02/03/2025, Trial Signup,No 
INT-0010400,463,CMP-0019,05/08/2025, Website Visit ,No 
INT-0010401,651,CMP-0029,12-02-2025,email open, No 
INT-0010402,311,CMP-0020,"Jan 07, 2025", Email Open,No
INT-0010403,912,CMP-0022,01 Jul 2025, Impression, No
INT-0010404,1184,CMP-0023,"Jun 07, 2025",Demo Request , No 
INT-0010405,1264,CMP-0007,06/15/2025,Demo Request ,NO
INT-0010406,1284,CMP-0017,08-06-2025,trial signup,NO
INT-0010407,1206,CMP-0026,15/06/2025,Demo Request ,no
INT-0010408,1136,CMP-0030,04/17/2025, Click ,no
INT-0010409,262,CMP-0014,09/06/2025,demo request, No
INT-0010410,1167,CMP-0030,04 Oct 2025,Click,no
INT-0010411,393,CMP-0028,03 Aug 2025,Website Visit , No 
INT-0010412,742,CMP-0012,26/01/2025, Trial Signup ,Yes 
INT-0010413,1462,CMP-0003,01/27/2025,Trial Signup,YES
INT-0010414,1,CMP-0011,28/03/2025,IMPRESSION,No 
INT-0010415,705,CMP-0027,15/07/2025,click, Yes
INT-0010416,580,CMP-0010,"Jul 18, 2025", Click,No
INT-0010417,1037,CMP-0005,2025-09-02,CLICK,No
INT-0010418,332,CMP-0028,19/03/2025, Impression,NO
INT-0010419,172,CMP-0021,"Jun 25, 2025", Trial Signup,Yes
INT-0010420,1393,CMP-0001,07/07/2025,Click ,No 
INT-0010421,1400,CMP-0004,30-09-2025,CLICK, No
INT-0010422,461,CMP-0008,09/22/2025,Trial Signup , No
INT-0010423,1243,CMP-0002,"Feb 06, 2025",click, No 
INT-0010424,98,CMP-0004,2025-04-20, Demo Request ,Yes
INT-0010425,1000,CMP-0029,30 Mar 2025,Email Open,NO
INT-0010426,725,CMP-0026,04/01/2025,IMPRESSION,NO
INT-0010427,1174,CMP-0016,05/10/2025, Click,Yes 
INT-0010428,1352,CMP-0009,09/04/2025,email open,No
INT-0010429,322,CMP-0004,25-03-2025,trial signup,No 
INT-0010430,851,CMP-0001,05 May 2025,TRIAL SIGNUP,NO
INT-0010431,955,,10-04-2025,demo request, No 
INT-0010432,886,CMP-0020,11 May 2025,Click, No 
INT-0010433,1192,CMP-0021,30/11/2025, Website Visit, No 
INT-0010434,1278,CMP-0024,"Dec 31, 2025",Email Open ,NO
INT-0010435,1195,CMP-0015,2025-06-15,trial signup, No
INT-0010436,1035,CMP-0003,17-08-2025, Impression , Yes
INT-0010437,101,CMP-0027,12/11/2025, Trial Signup ,No
INT-0010438,784,CMP-0024,11/10/2025, Email Open, No
INT-0010439,265,CMP-0028,02-05-2025, Email Open,no
INT-0010440,687,CMP-0013,2025-08-24,Impression,no
INT-0010441,1378,CMP-0019,02/07/2025,EMAIL OPEN, No 
INT-0010442,986,CMP-0020,10 Oct 2025,Impression, No 
INT-0010443,730,CMP-0024,2025-05-20, Trial Signup,NO
INT-0010444,837,CMP-0027,2025-10-18,Demo Request, No 
INT-0010445,523,CMP-0029,"Oct 10, 2025",demo request,NO
INT-0010446,851,CMP-0014,11 Dec 2025,Impression ,no
INT-0010447,1367,CMP-0018,01/11/2025, Impression,no
INT-0010448,360,CMP-0015,19-11-2025,demo request,No
INT-0010449,1281,CMP-0007,23/02/2025,Demo Request ,No
INT-0010450,671,CMP-0009,2025-01-10, Click ,No
INT-0010451,192,CMP-0015,30-04-2025, Trial Signup ,no
INT-0010452,184,CMP-0019,20/02/2025,click,yes
INT-0010453,856,CMP-0027,18/09/2025, Trial Signup,No 
INT-0010454,1485,CMP-0013,07/13/2025,Trial Signup, No
INT-0010455,85,CMP-0021,2025-11-23,Demo Request ,NO
INT-0010456,1461,CMP-0002,"Nov 15, 2025", Demo Request ,no
INT-0010457,897,CMP-0001,20-05-2025, Trial Signup,Yes 
INT-0010458,1398,CMP-0018,03/10/2025,Website Visit,yes
INT-0010459,737,CMP-0013,23-02-2025,Demo Request ,NO
INT-0010460,1040,CMP-0009,"Mar 05, 2025",impression,No
INT-0010461,1494,CMP-0005,06/17/2025,email open, No
INT-0010462,417,CMP-0010,02/16/2025,Click, No
INT-0010463,784,CMP-0009,14-04-2025,WEBSITE VISIT,NO
INT-0010464,98,CMP-0007,09/06/2025,EMAIL OPEN,NO
INT-0010465,50,CMP-0014,09-08-2025,click, Yes 
INT-0010466,224,CMP-0022,19-02-2025,Impression,YES
INT-0010467,1015,CMP-0024,06/19/2025, Website Visit, No
INT-0010468,407,CMP-0006,22/09/2025, Impression,Yes
INT-0010469,78,CMP-0013,10/04/2025,Website Visit,No 
INT-0010470,233,CMP-0009,16-01-2025,Email Open ,NO
INT-0010471,839,CMP-0019,10/05/2025, Trial Signup, No 
INT-0010472,1092,CMP-0001,10/24/2025, Impression,no
INT-0010473,1095,CMP-0022,2025-02-01,Click, No
INT-0010474,688,CMP-0029,"Mar 17, 2025",EMAIL OPEN,No 
INT-0010475,328,CMP-0029,08-02-2025, Demo Request,yes
INT-0010476,732,CMP-0005,"May 21, 2025",IMPRESSION,No 
INT-0010477,149,CMP-0008,01/01/2025,Click,No
INT-0010478,1305,CMP-0022,12/17/2025,trial signup, No
INT-0010479,1376,CMP-0027,2025-07-03,Click,no
INT-0010480,668,CMP-0028,"Jul 04, 2025",demo request,yes
INT-0010481,1115,CMP-0010,2025-11-20,Click ,no
INT-0010482,189,CMP-0030,"Sep 29, 2025", Demo Request , Yes 
INT-0010483,656,CMP-0027,06 Jul 2025,email open,Yes 
INT-0010484,843,CMP-0030,2025-06-12, Email Open,No
INT-0010485,1477,CMP-0017,17 Mar 2025,impression,yes
INT-0010486,302,CMP-0017,22 Feb 2025,Impression , No 
INT-0010487,849,CMP-0020,07/06/2025,Click,No 
INT-0010488,1272,CMP-0027,24 Jun 2025,DEMO REQUEST,Yes 
INT-0010489,586,CMP-0015,05/07/2025,TRIAL SIGNUP, No 
INT-0010490,77,CMP-0028,"Jul 14, 2025",Impression ,No 
INT-0010491,932,CMP-0017,11-11-2025,Website Visit ,no
INT-0010492,567,CMP-0007,23-09-2025, Click,No
INT-0010493,252,CMP-0016,07 Jun 2025,Email Open ,No 
INT-0010494,698,CMP-0005,13-07-2025, Demo Request, Yes 
INT-0010495,93,CMP-0010,"Jan 09, 2025",Impression , No 
INT-0010496,798,CMP-0011,31 Mar 2025,Trial Signup, Yes
INT-0010497,1415,CMP-0028,27/08/2025,Website Visit,no
INT-0010498,235,CMP-0017,03/12/2025,Click ,YES
INT-0010499,608,CMP-0027,2025-02-06, Email Open,no
INT-0010500,790,CMP-0002,2025-07-18,Email Open, Yes 
INT-0010501,160,CMP-0013,04/29/2025,Click,NO
INT-0010502,1416,CMP-0029,19-02-2025,Impression ,No 
INT-0010503,76,CMP-0001,09 May 2025,Website Visit,Yes
INT-0010504,146,CMP-0018,14/07/2025, Click,YES
INT-0010505,1310,CMP-0013,01/10/2025, Email Open,Yes
INT-0010506,1113,CMP-0029,30/03/2025,Demo Request ,No 
INT-0010507,41,CMP-0026,02-09-2025,Demo Request,No 
INT-0010508,77,CMP-0018,06 Feb 2025,demo request, No
INT-0010509,310,CMP-0022,2025-12-07, Demo Request,no
INT-0010510,1152,CMP-0002,26 Dec 2025,demo request,Yes 
INT-0010511,884,CMP-0016,12/15/2025,Demo Request,No 
INT-0010512,447,CMP-0022,09-09-2025,TRIAL SIGNUP,NO
INT-0010513,1,CMP-0021,10/12/2025,Demo Request , No 
INT-0010514,744,CMP-0009,10/02/2025,trial signup,No
INT-0010515,273,CMP-0027,"Nov 03, 2025", Email Open , Yes 
INT-0010516,638,CMP-0004,23/05/2025,Trial Signup ,Yes
INT-0010517,12,CMP-0010,"May 26, 2025", Website Visit,No 
INT-0010518,393,CMP-0017,"Aug 01, 2025",website visit,No
INT-0010519,1152,CMP-0026,01/09/2025, Email Open,YES
INT-0010520,1320,,"Mar 31, 2025",Website Visit, No 
INT-0010521,1088,CMP-0006,2025-12-12,Impression,No
INT-0010522,1390,CMP-0026,"Jul 14, 2025",website visit,NO
INT-0010523,862,CMP-0030,20-08-2025, Impression ,no
INT-0010524,567,CMP-0007,14/08/2025,DEMO REQUEST, Yes
INT-0010525,800,CMP-0004,18 May 2025,TRIAL SIGNUP,no
INT-0010526,395,CMP-0003,01 Oct 2025,Impression,Yes 
INT-0010527,143,CMP-0016,09-10-2025,Email Open,No
INT-0010528,616,CMP-0018,01-09-2025,Trial Signup,no
INT-0010529,1262,CMP-0011,29/03/2025,Impression , Yes
INT-0010530,322,CMP-0010,18 Jun 2025,Impression ,no
INT-0010531,1493,CMP-0002,2025-10-24,TRIAL SIGNUP,Yes 
INT-0010532,1124,CMP-0010,14-01-2025,Website Visit,no
INT-0010533,1300,CMP-0027,08/11/2025,Demo Request, No
INT-0010534,1289,CMP-0029,27-03-2025,DEMO REQUEST,Yes
INT-0010535,26,CMP-0029,29 Jun 2025,IMPRESSION, No
INT-0010536,370,CMP-0017,08-02-2025, Trial Signup , No
INT-0010537,1151,CMP-0020,"Jun 28, 2025",trial signup,No 
INT-0010538,201,CMP-0024,2025-09-17, Email Open ,no
INT-0010539,1484,CMP-0015,15/08/2025, Website Visit, No 
INT-0010540,418,CMP-0017,17 May 2025,Website Visit, No
INT-0010541,18,CMP-0006,26-04-2025, Trial Signup,No 
INT-0010542,1166,CMP-0011,"Sep 17, 2025",Trial Signup , No
INT-0010543,4,CMP-0023,23-02-2025,website visit,no
INT-0010544,1109,CMP-0022,03/26/2025,Impression ,No 
INT-0010545,882,CMP-0016,09-09-2025,CLICK,No
INT-0010546,1420,CMP-0007,2025-10-22,Click ,NO
INT-0010547,221,CMP-0022,19/04/2025,Click ,yes
INT-0010548,302,CMP-0001,01/04/2025,Trial Signup ,yes
INT-0010549,1336,CMP-0019,21/10/2025,Trial Signup , No 
INT-0010550,1104,CMP-0029,2025-05-30, Email Open , No
INT-0010551,667,CMP-0011,"Apr 11, 2025",Impression ,Yes 
INT-0010552,620,CMP-0013,07/25/2025, Email Open, No
INT-0010553,934,CMP-0016,07 May 2025,Demo Request ,YES
INT-0010554,316,CMP-0028,12 Jan 2025, Click ,no
INT-0010555,1203,CMP-0026,03/11/2025, Click ,Yes 
INT-0010556,674,CMP-0017,10/02/2025, Click,No 
INT-0010557,829,CMP-0005,20/10/2025,demo request,No
INT-0010558,569,,06/05/2025, Click , No
INT-0010559,142,CMP-0012,25 Jun 2025,demo request,yes
INT-0010560,1081,CMP-0018,30/12/2025,Trial Signup ,no
INT-0010561,1397,CMP-0014,2025-11-16, Click ,No
INT-0010562,247,CMP-0010,05/03/2025,Trial Signup,no
INT-0010563,1210,CMP-0005,2025-09-19, Trial Signup, No
INT-0010564,1319,CMP-0018,13/03/2025,click,NO
INT-0010565,457,CMP-0029,"Feb 06, 2025",WEBSITE VISIT,no
INT-0010566,670,CMP-0019,29-03-2025,IMPRESSION,No 
INT-0010567,1430,CMP-0003,"Nov 12, 2025",CLICK, No 
INT-0010568,425,CMP-0015,"Feb 05, 2025", Email Open,yes
INT-0010569,200,CMP-0020,27/06/2025,Click ,No 
INT-0010570,566,CMP-0006,30-06-2025, Demo Request ,no
INT-0010571,1104,CMP-0004,14-10-2025, Trial Signup ,NO
INT-0010572,1429,CMP-0006,06 Jan 2025,DEMO REQUEST,no
INT-0010573,937,CMP-0003,06/20/2025, Click,No 
INT-0010574,972,CMP-0015,21 Dec 2025,Trial Signup , No
INT-0010575,702,CMP-0010,29-09-2025,Trial Signup ,no
INT-0010576,251,CMP-0007,11 Aug 2025,TRIAL SIGNUP,No 
INT-0010577,18,CMP-0011,09/09/2025,Trial Signup , No 
INT-0010578,947,,22 Jun 2025,Impression , Yes
INT-0010579,1187,CMP-0027,04/24/2025,Trial Signup ,NO
INT-0010580,526,CMP-0016,2025-01-15, Website Visit ,No
INT-0010581,1131,CMP-0029,30/09/2025, Trial Signup, No
INT-0010582,432,CMP-0015,05 Mar 2025, Website Visit, No 
INT-0010583,1030,CMP-0017,08/26/2025, Email Open,No
INT-0010584,475,CMP-0011,16 Oct 2025, Click , No 
INT-0010585,293,CMP-0013,2025-05-14, Demo Request , No
INT-0010586,163,CMP-0002,"Jun 14, 2025",Click , No 
INT-0010587,1262,CMP-0030,27-07-2025,TRIAL SIGNUP,No
INT-0010588,53,CMP-0003,07 Mar 2025,click, No 
INT-0010589,277,CMP-0012,12/20/2025,Trial Signup, Yes
INT-0010590,1446,CMP-0014,02/03/2025,Demo Request , No 
INT-0010591,493,CMP-0002,03/09/2025, Impression,No
INT-0010592,419,CMP-0022,05 Oct 2025, Website Visit, No 
INT-0010593,613,CMP-0012,06/07/2025,IMPRESSION,No 
INT-0010594,200,CMP-0025,19-07-2025, Trial Signup,No
INT-0010595,99,CMP-0007,31-01-2025,WEBSITE VISIT,Yes 
INT-0010596,453,CMP-0024,25/09/2025, Demo Request , Yes 
INT-0010597,623,CMP-0006,27-12-2025, Demo Request, No
INT-0010598,1275,CMP-0017,09/03/2025,TRIAL SIGNUP,YES
INT-0010599,72,CMP-0007,"Oct 02, 2025",Trial Signup, No
INT-0010600,193,CMP-0007,27-11-2025, Website Visit ,NO
INT-0010601,1220,CMP-0024,15 Apr 2025,WEBSITE VISIT, No 
INT-0010602,1422,CMP-0020,15 Feb 2025,Impression, Yes
INT-0010603,455,CMP-0011,26 Jun 2025,IMPRESSION, No 
INT-0010604,1033,CMP-0026,29 May 2025,WEBSITE VISIT, No 
INT-0010605,83,CMP-0024,2025-08-06, Demo Request,No
INT-0010606,802,CMP-0008,"Dec 01, 2025",website visit,NO
INT-0010607,1272,CMP-0021,28 Dec 2025, Email Open , No
INT-0010608,431,CMP-0008,21 Nov 2025, Email Open,No 
INT-0010609,948,CMP-0005,17/01/2025,EMAIL OPEN,yes
INT-0010610,44,CMP-0006,11/21/2025,Email Open, Yes
INT-0010611,584,CMP-0024,"Jan 28, 2025", Trial Signup,No
INT-0010612,1500,CMP-0024,25 May 2025, Website Visit ,No
INT-0010613,1100,CMP-0018,28-02-2025, Impression ,No 
INT-0010614,1209,CMP-0027,"Dec 11, 2025",Impression ,No 
INT-0010615,1410,CMP-0003,27 Jul 2025, Demo Request, No
INT-0010616,1055,CMP-0026,25/04/2025, Website Visit ,No
INT-0010617,374,CMP-0012,"Sep 17, 2025",Demo Request, No 
INT-0010618,148,CMP-0010,02-12-2025,CLICK,No
INT-0010619,896,CMP-0027,05 Mar 2025, Click, No 
INT-0010620,724,CMP-0003,18/12/2025,click, No
INT-0010621,1016,CMP-0010,19 Oct 2025,trial signup,No
INT-0010622,1272,CMP-0024,18-09-2025,IMPRESSION,no
INT-0010623,1500,CMP-0001,19-06-2025,Impression,Yes
INT-0010624,432,CMP-0020,21-07-2025, Impression, No
INT-0010625,1117,CMP-0028,2025-05-02, Click ,No
INT-0010626,52,CMP-0022,"May 15, 2025",Click,No 
INT-0010627,518,CMP-0003,21/12/2025, Demo Request , Yes 
INT-0010628,1149,CMP-0007,02/17/2025,CLICK,YES
INT-0010629,720,CMP-0020,"Jul 14, 2025",EMAIL OPEN, Yes 
INT-0010630,1,CMP-0018,27/12/2025,Website Visit,no
INT-0010631,795,CMP-0016,01/12/2025,Website Visit ,no
INT-0010632,186,CMP-0013,10 Jun 2025, Demo Request ,No
INT-0010633,1433,CMP-0005,21/02/2025,DEMO REQUEST,No
INT-0010634,1223,CMP-0007,2025-09-24, Email Open,NO
INT-0010635,563,CMP-0021,03/27/2025, Demo Request, No 
INT-0010636,1184,CMP-0026,07 Jun 2025,Impression , No 
INT-0010637,492,CMP-0005,18/05/2025,WEBSITE VISIT, No 
INT-0010638,926,CMP-9009,05/31/2025,Website Visit ,Yes 
INT-0010639,412,CMP-0017,09 Feb 2025, Website Visit ,No
INT-0010640,945,CMP-0028,05 May 2025, Email Open , No
INT-0010641,300,CMP-0016,07/02/2025,Click ,NO
INT-0010642,911,,2025-08-08, Trial Signup, Yes
INT-0010643,187,CMP-0010,18-06-2025,Demo Request ,No 
INT-0010644,379,CMP-0010,11/29/2025,Demo Request, Yes 
INT-0010645,766,CMP-0029,"Apr 01, 2025",email open,NO
INT-0010646,1433,CMP-0011,26/09/2025, Click,NO
INT-0010647,52,CMP-0021,01/03/2025,Email Open,yes
INT-0010648,254,CMP-0025,09-02-2025,Demo Request ,Yes 
INT-0010649,225,CMP-0029,"May 30, 2025",Website Visit ,No
INT-0010650,1004,CMP-0001,"Nov 04, 2025",Website Visit, No
INT-0010651,674,CMP-0006,2025-10-02,DEMO REQUEST, No 
INT-0010652,3,CMP-0010,07/08/2025, Website Visit,No 
INT-0010653,275,CMP-0022,2025-09-11,Website Visit,YES
INT-0010654,237,CMP-0004,05/15/2025,Email Open ,No
INT-0010655,931,CMP-0024,08-04-2025, Impression , No 
INT-0010656,152,CMP-0005,22-03-2025,TRIAL SIGNUP, No
INT-0010657,676,CMP-0001,"Oct 09, 2025",Email Open,no
INT-0010658,312,CMP-0009,22-05-2025,CLICK,No 
INT-0010659,353,CMP-0017,27/02/2025,trial signup,No
INT-0010660,76,CMP-0019,31/10/2025, Website Visit, No 
INT-0010661,1179,CMP-0027,06 Aug 2025,Click ,no
INT-0010662,960,CMP-0028,10-09-2025,Website Visit ,no
INT-0010663,1488,CMP-0017,14/07/2025,Impression ,YES
INT-0010664,75,CMP-0003,21-01-2025,Click ,NO
INT-0010665,1307,CMP-0024,11/19/2025,WEBSITE VISIT, No 
INT-0010666,994,CMP-0025,"Feb 08, 2025",CLICK,NO
INT-0010667,905,CMP-0002,28-01-2025,Impression,yes
INT-0010668,135,CMP-0002,07/03/2025, Trial Signup ,No
INT-0010669,382,CMP-0012,08-05-2025,Demo Request ,No 
INT-0010670,932,CMP-0018,05/31/2025,email open,NO
INT-0010671,922,CMP-0004,12 Jun 2025, Impression,No
INT-0010672,896,CMP-0014,2025-05-30, Website Visit ,Yes 
INT-0010673,248,CMP-0012,2025-12-31,EMAIL OPEN, No 
INT-0010674,779,CMP-0004,18-11-2025,Email Open,No
INT-0010675,400,CMP-0028,"Sep 01, 2025",EMAIL OPEN,yes
INT-0010676,1243,CMP-0016,22/06/2025, Click, No
INT-0010677,1258,CMP-0029,28-12-2025,trial signup,YES
INT-0010678,1255,CMP-0021,"Aug 28, 2025",Trial Signup ,No
INT-0010679,723,CMP-0012,21/11/2025, Impression, No 
INT-0010680,932,CMP-0004,17/02/2025, Website Visit,Yes
INT-0010681,334,CMP-0028,2025-12-30, Email Open , No
INT-0010682,92,CMP-0014,01/04/2025,Email Open,no
INT-0010683,1078,CMP-0007,2025-12-30,EMAIL OPEN, No
INT-0010684,911,CMP-0027,23/07/2025, Demo Request ,No 
INT-0010685,1283,CMP-0020,06/22/2025, Trial Signup ,yes
INT-0010686,1229,CMP-0004,04/07/2025,IMPRESSION,no
INT-0010687,641,CMP-0008,2025-02-18, Website Visit , No 
INT-0010688,1028,CMP-0027,14/02/2025,Impression,No 
INT-0010689,1201,CMP-0023,06/09/2025,Email Open , No
INT-0010690,997,CMP-0016,"Dec 15, 2025",DEMO REQUEST,No
INT-0010691,735,CMP-0021,26-01-2025,Website Visit, Yes
INT-0010692,166,CMP-0012,"Dec 07, 2025",website visit, Yes
INT-0010693,898,CMP-0011,26-12-2025,website visit, No 
INT-0010694,476,CMP-0012,"Feb 07, 2025",DEMO REQUEST,NO
INT-0010695,632,CMP-0013,07/19/2025,DEMO REQUEST,NO
INT-0010696,526,,07/08/2025,demo request,no
INT-0010697,120,CMP-0005,2025-07-04,CLICK,No
INT-0010698,1234,CMP-0021,07-11-2025, Click , No
INT-0010699,932,CMP-0025,08/14/2025,IMPRESSION, No 
INT-0010700,688,CMP-0001,02/05/2025,TRIAL SIGNUP, Yes
INT-0010701,730,CMP-0020,09/09/2025,EMAIL OPEN,Yes 
INT-0010702,651,CMP-0030,"Sep 18, 2025",Email Open,no
INT-0010703,670,CMP-0006,10-03-2025, Click , No
INT-0010704,1080,CMP-0025,07/21/2025,Email Open ,no
INT-0010705,223,CMP-0012,2025-04-06, Click,NO
INT-0010706,339,CMP-0012,03/26/2025,click, Yes
INT-0010707,402,CMP-0018,25-11-2025, Trial Signup,yes
INT-0010708,629,CMP-0025,09/16/2025,click, Yes
INT-0010709,882,CMP-0006,04/16/2025, Email Open ,no
INT-0010710,92,CMP-0002,03/02/2025,Impression , No 
INT-0010711,1079,CMP-0024,26 Sep 2025, Email Open ,No
INT-0010712,567,CMP-0004,05/04/2025,Trial Signup ,No
INT-0010713,1024,CMP-0010,"Aug 23, 2025",DEMO REQUEST,No
INT-0010714,1062,CMP-0011,04/04/2025, Trial Signup , No 
INT-0010715,292,CMP-0028,09/07/2025,EMAIL OPEN, Yes
INT-0010716,1078,CMP-0016,17/07/2025,Trial Signup , Yes 
INT-0010717,689,CMP-0011,22/06/2025,Demo Request,NO
INT-0010718,327,CMP-0022,2025-04-18, Trial Signup,no
INT-0010719,1445,CMP-0002,05 May 2025,click,NO
INT-0010720,498,CMP-0017,24-02-2025,CLICK, Yes 
INT-0010721,681,CMP-0014,11/09/2025,demo request,No 
INT-0010722,292,CMP-0025,"Aug 30, 2025", Impression,YES
INT-0010723,442,CMP-0007,19/08/2025,DEMO REQUEST, No 
INT-0010724,436,CMP-0007,25/01/2025,DEMO REQUEST, No 
INT-0010725,138,CMP-0008,"Oct 11, 2025",WEBSITE VISIT,no
INT-0010726,890,CMP-0013,24/09/2025,demo request,No
INT-0010727,108,CMP-0026,19/01/2025, Impression ,No
INT-0010728,843,CMP-0009,03/08/2025, Click ,No 
INT-0010729,975,CMP-0005,25-11-2025,website visit,Yes
INT-0010730,314,CMP-0020,03 Mar 2025,demo request, No
INT-0010731,128,CMP-0020,04-12-2025, Email Open,no
INT-0010732,259,CMP-0003,08 May 2025,TRIAL SIGNUP,No
INT-0010733,87,CMP-0001,2025-08-23,email open,No 
INT-0010734,1063,CMP-0021,30/03/2025, Click ,No
INT-0010735,434,CMP-0005,23 Sep 2025,WEBSITE VISIT, No
INT-0010736,14,CMP-0027,"Apr 05, 2025",impression,YES
INT-0010737,1107,CMP-0001,22/10/2025, Website Visit,No 
INT-0010738,156,CMP-0005,2025-05-28,Demo Request ,NO
INT-0010739,1291,CMP-0020,01/12/2025,Click ,Yes
INT-0010740,1223,CMP-0022,2025-09-01,email open,No
INT-0010741,1046,CMP-0025,01/09/2025,website visit, No
INT-0010742,1420,CMP-0005,25-12-2025,Trial Signup , No 
INT-0010743,971,CMP-0021,2025-06-21,Demo Request, No
INT-0010744,625,CMP-0026,"Oct 29, 2025",Website Visit,YES
INT-0010745,81,CMP-0002,29 Nov 2025, Impression,Yes
INT-0010746,190,CMP-0024,21/09/2025,Impression , No
INT-0010747,1060,CMP-0010,31-05-2025, Demo Request, No
INT-0010748,907,CMP-0026,03/02/2025,CLICK,no
INT-0010749,931,CMP-0012,21 Aug 2025, Demo Request,Yes 
INT-0010750,1488,CMP-0010,"Dec 19, 2025",click, No
INT-0010751,856,CMP-0022,"Aug 01, 2025",EMAIL OPEN, No 
INT-0010752,814,CMP-0014,01/07/2025,Click ,Yes 
INT-0010753,1500,CMP-0028,05 Feb 2025, Trial Signup,no
INT-0010754,255,CMP-0018,22-04-2025,Click ,no
INT-0010755,1486,CMP-0014,12/09/2025,Click , No 
INT-0010756,149,CMP-0009,2025-11-16,TRIAL SIGNUP, No 
INT-0010757,414,CMP-0012,"Sep 04, 2025",Impression , No 
INT-0010758,267,CMP-0001,07/01/2025,Email Open,NO
INT-0010759,131,CMP-0004,2025-10-20,Impression ,No 
INT-0010760,86,CMP-0011,04/23/2025, Website Visit,NO
INT-0010761,191,CMP-0011,19 Feb 2025,Website Visit ,Yes 
INT-0010762,580,CMP-0006,"Sep 08, 2025",demo request,No 
INT-0010763,45,CMP-0017,09-02-2025,Website Visit, No 
INT-0010764,299,CMP-0021,16 Apr 2025,trial signup, No 
INT-0010765,260,CMP-0005,2025-10-15,demo request, No 
INT-0010766,129,CMP-0015,30-06-2025, Impression ,YES
INT-0010767,47,CMP-0006,30/12/2025,Email Open , No 
INT-0010768,413,CMP-0023,04/11/2025,CLICK,no
INT-0010769,1142,CMP-0011,03/03/2025,trial signup,no
INT-0010770,600,CMP-0005,09 Jun 2025,Demo Request ,Yes
INT-0010771,307,CMP-0025,09-05-2025,DEMO REQUEST, Yes 
INT-0010772,501,CMP-0027,10/17/2025, Trial Signup, No 
INT-0010773,1194,CMP-0007,11/17/2025, Impression ,yes
INT-0010774,507,CMP-0004,19/03/2025, Trial Signup , No
INT-0010775,199,CMP-0003,"Feb 01, 2025", Email Open, No
INT-0010776,557,CMP-0011,09/26/2025, Demo Request,No 
INT-0010777,705,CMP-0004,26-08-2025,DEMO REQUEST, No 
INT-0010778,993,CMP-0018,"Feb 25, 2025",trial signup,no
INT-0010779,1063,CMP-0027,14-10-2025,Click,No
INT-0010780,487,CMP-0025,28 Apr 2025,Demo Request , Yes
INT-0010781,990,CMP-0020,15-06-2025,Email Open ,No 
INT-0010782,1134,CMP-0024,04/20/2025,Demo Request , No
INT-0010783,501,CMP-0006,08/18/2025,DEMO REQUEST,No
INT-0010784,1183,CMP-0006,12/09/2025, Demo Request,No 
INT-0010785,456,CMP-0004,19 Mar 2025,Website Visit ,No
INT-0010786,1393,CMP-0016,21 Jan 2025,CLICK,NO
INT-0010787,278,CMP-0026,05/11/2025,Impression, No 
INT-0010788,325,CMP-0016,02 Mar 2025,Click,No
INT-0010789,800,CMP-0023,2025-04-03,Email Open,no
INT-0010790,739,CMP-0008,04/05/2025, Click , No 
INT-0010791,1034,CMP-0003,30/07/2025,TRIAL SIGNUP,No
INT-0010792,230,CMP-0006,22 Sep 2025,demo request, No
INT-0010793,704,CMP-0002,"May 13, 2025",TRIAL SIGNUP,NO
INT-0010794,1191,,2025-03-31,Website Visit,no
INT-0010795,769,CMP-0017,06-03-2025,IMPRESSION,no
INT-0010796,890,CMP-0003,18/12/2025,IMPRESSION, No 
INT-0010797,1042,CMP-0008,11/29/2025, Email Open,YES
INT-0010798,786,CMP-0013,19-11-2025, Email Open ,NO
INT-0010799,479,CMP-0029,21 Mar 2025,EMAIL OPEN,NO
INT-0010800,1064,CMP-0013,19 Jan 2025,trial signup,yes
INT-0010801,440,CMP-0015,02/14/2025,demo request, No 
INT-0010802,212,CMP-0028,22/02/2025,DEMO REQUEST,NO
INT-0010803,624,CMP-0009,"Jun 03, 2025",Impression, Yes 
INT-0010804,590,CMP-0004,07/17/2025,EMAIL OPEN, No
INT-0010805,1242,CMP-0015,08/28/2025,demo request, No 
INT-0010806,1011,CMP-0028,"Jul 26, 2025", Website Visit ,No 
INT-0010807,835,CMP-0014,2025-01-20,impression,no
INT-0010808,59,CMP-0010,06/17/2025,Trial Signup, No 
INT-0010809,191,CMP-0019,26-10-2025, Website Visit,No
INT-0010810,44,CMP-0004,2025-05-29,DEMO REQUEST,no
INT-0010811,228,CMP-9015,04/13/2025,Demo Request,No
INT-0010812,1429,CMP-0009,12/01/2025,trial signup,No
INT-0010813,1240,CMP-0014,04/21/2025,CLICK,NO
INT-0010814,1356,CMP-0011,09 Jul 2025,trial signup, No 
INT-0010815,456,CMP-0020,"Aug 16, 2025",TRIAL SIGNUP, Yes 
INT-0010816,560,CMP-0020,"Apr 17, 2025",website visit,no
INT-0010817,585,CMP-0015,11/06/2025,EMAIL OPEN, No 
INT-0010818,949,CMP-0025,"May 07, 2025", Demo Request ,No 
INT-0010819,1371,CMP-0003,02-03-2025, Demo Request,No
INT-0010820,852,CMP-0028,23 Apr 2025,click,No 
INT-0010821,142,CMP-0005,25 Jan 2025,Click,NO
INT-0010822,831,CMP-0020,17/06/2025, Email Open,No 
INT-0010823,21,CMP-0024,"Jan 04, 2025",WEBSITE VISIT, No 
INT-0010824,1183,CMP-0016,18-07-2025,Demo Request ,yes
INT-0010825,762,CMP-0010,10-12-2025, Website Visit,NO
INT-0010826,1020,CMP-0008,27/03/2025,DEMO REQUEST,No 
INT-0010827,237,CMP-0010,04/01/2025,Click,no
INT-0010828,1161,CMP-0018,11/23/2025,website visit, No 
INT-0010829,1459,CMP-0009,08/22/2025,website visit,no
INT-0010830,116,CMP-0023,20/10/2025,DEMO REQUEST, No 
INT-0010831,1448,CMP-0026,12/10/2025,EMAIL OPEN,Yes
INT-0010832,1061,CMP-0007,"May 03, 2025", Impression , No 
INT-0010833,505,CMP-0009,2025-02-07,Impression , No 
INT-0010834,307,CMP-0013,08-11-2025, Demo Request , No
INT-0010835,1157,CMP-0024,"Apr 22, 2025",DEMO REQUEST, No 
INT-0010836,344,CMP-0006,09-06-2025, Website Visit, No
INT-0010837,628,CMP-0004,"Feb 11, 2025",website visit,Yes
INT-0010838,90,CMP-0016,"Jul 04, 2025", Demo Request, No 
INT-0010839,1412,CMP-0025,19/03/2025,click, No
INT-0010840,515,CMP-0003,2025-10-06,IMPRESSION,NO
INT-0010841,193,CMP-0028,02/20/2025,Impression,YES
INT-0010842,239,CMP-0021,2025-11-01, Email Open ,No 
INT-0010843,1100,CMP-0028,"Mar 01, 2025",click, No 
INT-0010844,202,,12/18/2025,WEBSITE VISIT, No 
INT-0010845,191,CMP-0001,05/31/2025, Email Open , No 
INT-0010846,24,CMP-0003,2025-02-15,Trial Signup ,NO
INT-0010847,873,CMP-0023,11/07/2025, Email Open , Yes
INT-0010848,1051,CMP-0015,12-12-2025,Email Open,NO
INT-0010849,146,CMP-0019,26/08/2025, Impression,no
INT-0010850,487,CMP-0009,18-11-2025,Website Visit ,No 
INT-0010851,4,CMP-0005,12-08-2025,Email Open,NO
INT-0010852,324,CMP-0013,"Nov 30, 2025",website visit,No
INT-0010853,626,CMP-0001,"Apr 21, 2025", Website Visit,no
INT-0010854,547,CMP-0006,"Nov 18, 2025",Click ,no
INT-0010855,302,CMP-0010,05/10/2025,website visit,No 
INT-0010856,868,CMP-0016,09/11/2025,Demo Request , No
INT-0010857,1479,CMP-0009,17-01-2025, Email Open ,NO
INT-0010858,996,CMP-0025,03/22/2025, Impression,Yes
INT-0010859,683,CMP-0001,08 Oct 2025,demo request,No
INT-0010860,610,CMP-0030,26/03/2025,TRIAL SIGNUP,no
INT-0010861,859,CMP-0019,27 Sep 2025,Website Visit ,No
INT-0010862,807,CMP-0004,2025-05-04, Trial Signup, Yes 
INT-0010863,836,CMP-0003,"Mar 02, 2025", Click, Yes 
INT-0010864,92,CMP-0016,2025-06-15,DEMO REQUEST,NO
INT-0010865,916,CMP-0022,04 Sep 2025,TRIAL SIGNUP, No 
INT-0010866,1219,CMP-0006,22/08/2025,WEBSITE VISIT, No 
INT-0010867,1115,CMP-0005,25-01-2025, Trial Signup ,No 
INT-0010868,706,CMP-0030,01/09/2025,website visit,NO
INT-0010869,1261,CMP-0030,"Nov 15, 2025", Email Open,No 
INT-0010870,185,CMP-0003,"May 09, 2025", Impression ,NO
INT-0010871,19,CMP-0008,15 Nov 2025, Website Visit ,NO
INT-0010872,47,CMP-0011,22/11/2025, Email Open, No 
INT-0010873,959,CMP-0027,"Mar 31, 2025",Email Open, No 
INT-0010874,220,CMP-0015,31-10-2025, Impression , Yes 
INT-0010875,716,CMP-0003,07 Sep 2025,Trial Signup , No
INT-0010876,475,CMP-0020,12/05/2025,CLICK, No
INT-0010877,363,CMP-0018,16 Jan 2025, Demo Request, Yes
INT-0010878,1063,CMP-0020,04/06/2025,EMAIL OPEN,No 
INT-0010879,1012,CMP-0009,20-09-2025,click,No 
INT-0010880,1431,CMP-0006,2025-09-06, Impression , No
INT-0010881,264,CMP-0026,24 Aug 2025, Click ,Yes 
INT-0010882,410,CMP-0018,27/07/2025,TRIAL SIGNUP,NO
INT-0010883,888,CMP-0029,07/03/2025,demo request,no
INT-0010884,421,CMP-0029,17-02-2025,EMAIL OPEN, No
INT-0010885,1469,CMP-0006,02/10/2025,Website Visit,no
INT-0010886,6,CMP-0008,08-09-2025,trial signup,NO
INT-0010887,273,CMP-0016,21/09/2025, Trial Signup, No
INT-0010888,1208,CMP-0029,"Aug 24, 2025",IMPRESSION,YES
INT-0010889,782,CMP-0027,27 Jun 2025,Email Open , No
INT-0010890,1315,,18-05-2025,Email Open,No
INT-0010891,1090,CMP-0010,"Feb 08, 2025", Trial Signup, No
INT-0010892,932,CMP-0018,"Apr 06, 2025",Demo Request ,NO
INT-0010893,1481,CMP-0020,2025-06-16,Website Visit, No
INT-0010894,1268,CMP-0014,11-11-2025,Click,NO
INT-0010895,415,CMP-0009,2025-09-25, Demo Request,No
INT-0010896,1264,CMP-0028,16-05-2025,Email Open ,no
INT-0010897,1399,CMP-0026,"Aug 25, 2025",Website Visit,NO
INT-0010898,539,CMP-0005,20 Sep 2025, Demo Request ,No
INT-0010899,881,CMP-0009,"Aug 22, 2025",Email Open , No
INT-0010900,768,CMP-0018,"Oct 18, 2025",email open, No
INT-0010901,319,CMP-0013,2025-07-22, Demo Request,no
INT-0010902,314,CMP-0010,10-02-2025,Demo Request, Yes
INT-0010903,1163,CMP-0001,2025-11-18,click,no
INT-0010904,1033,CMP-0007,19/03/2025,trial signup,No 
INT-0010905,779,CMP-0011,23 Oct 2025,click, No
INT-0010906,641,CMP-0027,30 Jun 2025,Demo Request,NO
INT-0010907,506,CMP-0026,20-01-2025, Website Visit,Yes 
INT-0010908,735,CMP-0001,02-12-2025,Impression,NO
INT-0010909,1332,CMP-0030,11 Aug 2025, Click,NO
INT-0010910,939,CMP-0026,07/11/2025,Demo Request , No
INT-0010911,510,CMP-0004,02/13/2025, Website Visit,YES
INT-0010912,218,CMP-0014,"Apr 19, 2025",demo request,no
INT-0010913,505,CMP-0018,15-10-2025,IMPRESSION, No
INT-0010914,950,CMP-0025,13/09/2025,trial signup, No 
INT-0010915,943,CMP-0018,19-08-2025,TRIAL SIGNUP,No 
INT-0010916,1039,CMP-0014,20/12/2025, Trial Signup,no
INT-0010917,115,CMP-0024,13 Sep 2025, Website Visit, No 
INT-0010918,1465,CMP-0006,10/09/2025,DEMO REQUEST,No 
INT-0010919,691,CMP-0030,"Mar 11, 2025",email open,NO
INT-0010920,1000,CMP-0024,04/10/2025,TRIAL SIGNUP,yes
INT-0010921,1492,CMP-0025,26/10/2025,Impression ,No 
INT-0010922,1165,CMP-0005,25 Mar 2025,Email Open , No
INT-0010923,1262,CMP-0010,05/13/2025,trial signup,NO
INT-0010924,493,CMP-0002,2025-01-22,email open,NO
INT-0010925,937,CMP-0014,2025-03-17, Click,No
INT-0010926,469,CMP-0012,02/05/2025,impression,no
INT-0010927,534,CMP-0015,2025-08-20, Demo Request,No 
INT-0010928,374,CMP-0026,2025-03-08,Demo Request,NO
INT-0010929,991,CMP-0014,02/04/2025, Click , Yes
INT-0010930,414,CMP-0016,04 Apr 2025,EMAIL OPEN,No 
INT-0010931,147,CMP-0003,03-02-2025,Website Visit,No
INT-0010932,637,CMP-0004,2025-05-27,click, No
INT-0010933,1083,CMP-0023,08/29/2025,demo request, No 
INT-0010934,433,CMP-0015,16/05/2025,demo request,yes
INT-0010935,998,CMP-0016,15/05/2025,Impression , No 
INT-0010936,787,CMP-0019,2025-08-28,Click, No 
INT-0010937,216,CMP-0026,18/01/2025, Impression ,No
INT-0010938,24,CMP-0003,12/03/2025,click,no
INT-0010939,260,CMP-0005,07/10/2025, Website Visit , Yes
INT-0010940,747,CMP-0013,"Sep 01, 2025", Website Visit, No 
INT-0010941,741,CMP-0017,15 Oct 2025, Trial Signup,no
INT-0010942,831,CMP-0007,06/27/2025,Impression, No
INT-0010943,304,CMP-0025,"Dec 22, 2025",Click ,No 
INT-0010944,54,CMP-0003,25-08-2025,Demo Request,Yes 
INT-0010945,318,CMP-0005,26 Aug 2025,demo request, No 
INT-0010946,998,CMP-0027,2025-04-13,demo request, No
INT-0010947,242,CMP-0005,2025-08-08,Trial Signup ,No 
INT-0010948,1393,CMP-0028,14-12-2025,trial signup, No 
INT-0010949,849,CMP-0009,21/05/2025,DEMO REQUEST, No 
INT-0010950,948,CMP-0029,12/31/2025,WEBSITE VISIT,No
INT-0010951,881,CMP-0008,01/11/2025,Website Visit ,NO
INT-0010952,881,CMP-0029,31 Jul 2025,CLICK,No 
INT-0010953,706,CMP-0003,02/08/2025,Website Visit , Yes 
INT-0010954,971,CMP-0017,06/05/2025, Email Open ,No
INT-0010955,1157,CMP-0023,24-07-2025,email open,No 
INT-0010956,421,CMP-0024,21/05/2025, Click,Yes 
INT-0010957,772,CMP-0026,17/05/2025,trial signup, No 
INT-0010958,1459,CMP-0011,11/19/2025, Demo Request,No 
INT-0010959,354,CMP-0009,23 Apr 2025, Email Open ,No 
INT-0010960,895,CMP-0016,31-01-2025,trial signup,NO
INT-0010961,823,CMP-0004,2025-11-07,Demo Request,no
INT-0010962,1179,CMP-0028,08/05/2025,Impression , No
INT-0010963,101,CMP-0027,09/07/2025, Demo Request , No 
INT-0010964,219,CMP-0018,12/30/2025, Trial Signup ,no
INT-0010965,453,CMP-0014,"May 26, 2025", Demo Request, Yes 
INT-0010966,877,CMP-0021,2025-09-12,Click ,NO
INT-0010967,363,CMP-0011,"Mar 19, 2025",Click,NO
INT-0010968,525,CMP-0021,"May 02, 2025", Click ,NO
INT-0010969,327,CMP-0020,01 Oct 2025,DEMO REQUEST, No
INT-0010970,187,CMP-0019,2025-04-18,Click ,No 
INT-0010971,770,CMP-0023,30-07-2025,CLICK,yes
INT-0010972,1106,CMP-0019,2025-12-21,Demo Request ,No
INT-0010973,1156,CMP-0023,"Dec 25, 2025",Demo Request ,no
INT-0010974,716,CMP-0028,"Jan 18, 2025",Email Open,No 
INT-0010975,1228,CMP-0001,20 Nov 2025,Email Open,No 
INT-0010976,688,CMP-0007,24 Jun 2025,Trial Signup,no
INT-0010977,7,CMP-0017,07/24/2025,trial signup, No
INT-0010978,100,CMP-0014,24 Oct 2025,Demo Request, No
INT-0010979,1217,CMP-0023,12 Aug 2025,Email Open, No
INT-0010980,638,CMP-0026,10-01-2025, Impression,no
INT-0010981,776,CMP-0020,05/11/2025,email open,No
INT-0010982,1441,CMP-0002,02/03/2025, Email Open,No 
INT-0010983,790,CMP-0011,2025-03-24,trial signup, No
INT-0010984,897,CMP-0024,23 Oct 2025, Website Visit , No 
INT-0010985,865,CMP-0005,15 Jan 2025,Impression ,No 
INT-0010986,1245,CMP-0012,2025-03-04,Website Visit , No 
INT-0010987,586,CMP-0003,06/02/2025,demo request,no
INT-0010988,1381,CMP-0024,06/06/2025, Trial Signup , No
INT-0010989,1319,CMP-0003,2025-09-22,TRIAL SIGNUP, No 
INT-0010990,857,CMP-0003,2025-04-06, Impression ,NO
INT-0010991,1362,CMP-0013,29-05-2025,Email Open,NO
INT-0010992,1294,CMP-0021,"Oct 04, 2025",Email Open ,yes
INT-0010993,40,CMP-0006,06/06/2025,Demo Request, No
INT-0010994,77,CMP-0028,07/27/2025,impression,yes
INT-0010995,1150,CMP-0004,12/28/2025,Click ,Yes 
INT-0010996,657,CMP-0017,2025-08-27,Trial Signup ,No 
INT-0010997,244,CMP-0004,07-09-2025,IMPRESSION,NO
INT-0010998,1436,CMP-9011,06 May 2025,website visit, No 
INT-0010999,269,CMP-0023,07/02/2025,Impression ,no
INT-0011000,857,CMP-0019,30 Apr 2025,Email Open ,YES
INT-0011001,580,CMP-0024,22/11/2025, Website Visit ,No
INT-0011002,1121,CMP-0001,03/03/2025,Demo Request,No
INT-0011003,1,CMP-0025,05/02/2025,impression,no
INT-0011004,707,CMP-0028,"Jun 15, 2025", Trial Signup ,NO
INT-0011005,1374,CMP-0025,12/25/2025,Website Visit ,no
INT-0011006,984,CMP-0022,03 Aug 2025,DEMO REQUEST,NO
INT-0011007,8,CMP-0018,"Mar 28, 2025", Email Open , Yes 
INT-0011008,998,CMP-0018,09/27/2025,Trial Signup , No
INT-0011009,357,CMP-0019,"Jun 07, 2025", Website Visit , No 
INT-0011010,362,CMP-0004,"Mar 04, 2025", Website Visit , No
INT-0011011,284,CMP-0024,"Jul 03, 2025",Demo Request , No 
INT-0011012,641,CMP-0015,07/12/2025,Email Open ,NO
INT-0011013,217,CMP-0029,01/15/2025,impression,NO
INT-0011014,1276,CMP-0019,2025-10-06,WEBSITE VISIT, No
INT-0011015,299,CMP-0002,04-10-2025,Trial Signup, No 
INT-0011016,730,CMP-0030,24 Dec 2025, Email Open, No
INT-0011017,211,CMP-0024,18-09-2025,Trial Signup ,No
INT-0011018,987,CMP-0001,16-10-2025,Website Visit ,No
INT-0011019,1016,CMP-0011,23/04/2025, Impression , No 
INT-0011020,811,CMP-0012,21-12-2025, Website Visit, No
INT-0011021,224,CMP-0009,23-04-2025, Trial Signup ,no
INT-0011022,1401,CMP-0010,2025-04-24, Click, No
INT-0011023,1319,CMP-0023,18/04/2025,Trial Signup,NO
INT-0011024,624,CMP-0010,11 Feb 2025,Trial Signup, No
INT-0011025,1251,CMP-0025,01/26/2025,WEBSITE VISIT,No
INT-0011026,872,CMP-0024,13-04-2025, Click ,no
INT-0011027,888,CMP-0003,11-02-2025, Trial Signup ,no
INT-0011028,922,CMP-0019,27-09-2025, Demo Request,no
INT-0011029,1312,CMP-0021,2025-11-18,website visit,No
INT-0011030,766,CMP-0003,10/09/2025, Email Open, No
INT-0011031,425,CMP-0030,2025-12-26, Impression, No 
INT-0011032,960,CMP-0024,25-06-2025, Demo Request,NO
INT-0011033,1153,CMP-0028,"Feb 04, 2025",email open,No
INT-0011034,1477,CMP-0028,"Mar 27, 2025",Demo Request ,No 
INT-0011035,1231,CMP-0027,2025-07-24, Website Visit,No 
INT-0011036,1402,CMP-0003,14/08/2025, Email Open,No 
INT-0011037,1484,CMP-0009,02/26/2025,Click ,no
INT-0011038,637,CMP-0028,13 Apr 2025,Impression ,Yes
INT-0011039,127,CMP-0022,10/15/2025, Impression,NO
INT-0011040,576,CMP-0030,11 Jun 2025,IMPRESSION,no
INT-0011041,1146,CMP-0021,08/08/2025,Click, Yes 
INT-0011042,1076,CMP-0004,30-05-2025, Email Open ,yes
INT-0011043,806,CMP-0021,04/06/2025,Email Open, Yes 
INT-0011044,14,CMP-0025,2025-12-22,demo request, No 
INT-0011045,1115,CMP-0023,31 Jul 2025, Demo Request,No
INT-0011046,624,CMP-0028,07-02-2025, Click , No
INT-0011047,709,CMP-0009,"May 06, 2025", Demo Request, No
INT-0011048,228,CMP-0030,2025-10-21,CLICK, No
INT-0011049,1470,CMP-0025,2025-09-27,Demo Request,Yes 
INT-0011050,1294,CMP-0027,30-03-2025,TRIAL SIGNUP, Yes
INT-0011051,397,CMP-0002,10/04/2025,Demo Request,No 
INT-0011052,897,CMP-0006,04 Dec 2025,Demo Request, No
INT-0011053,44,CMP-0010,06/11/2025, Email Open , No
INT-0011054,422,CMP-0004,"Apr 10, 2025",CLICK,No
INT-0011055,43,CMP-0027,10/27/2025, Click, Yes
INT-0011056,828,CMP-0017,"Mar 17, 2025", Impression , Yes
INT-0011057,829,CMP-0019,25 Jul 2025,website visit, No
INT-0011058,210,CMP-0016,05 Mar 2025, Trial Signup,No 
INT-0011059,779,CMP-0004,2025-07-19, Email Open, No 
INT-0011060,857,CMP-0011,30 Mar 2025, Demo Request , No 
INT-0011061,241,CMP-0017,2025-05-27, Trial Signup , No 
INT-0011062,1372,CMP-0003,"Jan 21, 2025",demo request, Yes 
INT-0011063,1140,CMP-0011,11/17/2025,Website Visit ,No
INT-0011064,119,CMP-0021,23/09/2025,Email Open,No 
INT-0011065,1470,CMP-0024,2025-09-20, Trial Signup,No 
INT-0011066,1085,CMP-0025,"Jul 09, 2025",Trial Signup ,no
INT-0011067,385,CMP-0019,13-01-2025,demo request, No
INT-0011068,819,CMP-0010,05/19/2025,Website Visit ,No
INT-0011069,677,CMP-0012,02/24/2025,CLICK, Yes 
INT-0011070,680,CMP-0024,08-02-2025,WEBSITE VISIT, Yes 
INT-0011071,845,CMP-0005,12/12/2025,Click ,Yes 
INT-0011072,181,CMP-0029,11 Jun 2025,Website Visit , No 
INT-0011073,248,CMP-0013,19 Dec 2025, Demo Request, Yes 
INT-0011074,27,CMP-0016,2025-03-17,Email Open , No
INT-0011075,353,CMP-0005,12 Jan 2025, Click, No 
INT-0011076,308,CMP-0021,01-11-2025,Email Open, No 
INT-0011077,759,CMP-0020,2025-02-20,Website Visit ,No 
INT-0011078,764,CMP-0026,"Feb 05, 2025", Impression ,NO
INT-0011079,120,CMP-0004,"Apr 16, 2025",email open,no
INT-0011080,1243,CMP-0019,06 Nov 2025,website visit, Yes
INT-0011081,920,CMP-0024,2025-05-05,Click ,no
INT-0011082,29,CMP-0020,08 Oct 2025,Impression ,No
INT-0011083,15,CMP-0010,"Jul 11, 2025",EMAIL OPEN,no
INT-0011084,1388,CMP-0004,05/03/2025,trial signup,no
INT-0011085,737,CMP-0029,23/07/2025,Trial Signup,NO
INT-0011086,863,CMP-0006,12 Mar 2025,DEMO REQUEST,no
INT-0011087,397,CMP-0004,05/04/2025,Trial Signup,no
INT-0011088,411,CMP-0015,"May 14, 2025",Website Visit , No
INT-0011089,1407,CMP-0012,"Jul 21, 2025",IMPRESSION, No
INT-0011090,236,CMP-0012,15 Jul 2025,trial signup,NO
INT-0011091,1136,CMP-0024,"Jan 02, 2025",demo request, No 
INT-0011092,617,CMP-0022,"Jul 16, 2025",click,No 
INT-0011093,1120,CMP-0024,13 Aug 2025,Impression, No
INT-0011094,1132,CMP-0006,12/17/2025,website visit,YES
INT-0011095,1064,CMP-0014,2025-05-30,trial signup,no
INT-0011096,221,CMP-0015,09-08-2025,Website Visit ,NO
INT-0011097,1456,CMP-0020,07/18/2025, Impression ,no
INT-0011098,230,CMP-0013,17-08-2025, Demo Request ,No 
INT-0011099,517,CMP-0007,"Dec 23, 2025", Trial Signup,no
INT-0011100,571,CMP-0012,02 Jun 2025,Impression ,No 
INT-0011101,126,CMP-0024,10/10/2025,trial signup,No 
INT-0011102,68,CMP-0004,06/19/2025,Demo Request ,NO
INT-0011103,44,CMP-0015,2025-01-30, Click ,No 
INT-0011104,724,CMP-0024,24-05-2025, Click , Yes 
INT-0011105,222,CMP-0029,07 Jun 2025,email open, No
INT-0011106,367,,2025-06-16,email open,No
INT-0011107,521,CMP-0007,04/16/2025,EMAIL OPEN, No
INT-0011108,54,CMP-0008,2025-04-06,email open,no
INT-0011109,1232,CMP-0005,06 Dec 2025,Email Open,NO
INT-0011110,443,CMP-0005,08/21/2025,click,yes
INT-0011111,1254,CMP-0005,15-07-2025,demo request,NO
INT-0011112,647,CMP-0022,30/10/2025,Demo Request,no
INT-0011113,204,CMP-0029,"May 10, 2025",WEBSITE VISIT, Yes 
INT-0011114,763,,11/07/2025,Demo Request,NO
INT-0011115,827,CMP-0025,"Apr 16, 2025",Click,YES
INT-0011116,1373,CMP-0012,"Aug 30, 2025",Website Visit, No
INT-0011117,967,CMP-0003,11-05-2025,Demo Request ,no
INT-0011118,871,CMP-0012,10/10/2025,Website Visit, No 
INT-0011119,1231,CMP-0012,18/10/2025,trial signup,yes
INT-0011120,208,CMP-0023,18/06/2025, Click,No 
INT-0011121,1255,CMP-0022,"Feb 19, 2025",CLICK,No
INT-0011122,1309,CMP-0005,03/08/2025, Impression, No
INT-0011123,694,CMP-0010,2025-01-30, Click ,YES
INT-0011124,1271,CMP-0020,"Jul 21, 2025", Trial Signup ,NO
INT-0011125,258,CMP-0012,"Jan 08, 2025",website visit, No 
INT-0011126,482,CMP-0006,08/06/2025, Demo Request, Yes
INT-0011127,624,CMP-0013,15 Mar 2025,Trial Signup , No
INT-0011128,1167,CMP-0010,15-07-2025, Email Open , Yes 
INT-0011129,406,CMP-0017,04/12/2025,Click, No
INT-0011130,135,CMP-0011,15/06/2025, Impression ,NO
INT-0011131,855,CMP-0028,2025-07-04, Website Visit ,yes
INT-0011132,987,CMP-0026,19/02/2025,Demo Request ,No
INT-0011133,158,CMP-0003,"Dec 16, 2025",Trial Signup,no
INT-0011134,407,CMP-0006,01/09/2025, Click ,no
INT-0011135,393,CMP-0027,16-03-2025,Trial Signup,No
INT-0011136,80,CMP-0011,02/01/2025,Email Open, No
INT-0011137,908,CMP-0014,2025-06-25,Email Open , No
INT-0011138,1398,CMP-0014,10/10/2025,impression,NO
INT-0011139,60,CMP-0020,07/23/2025,Impression,No 
INT-0011140,1459,CMP-0003,04/17/2025,Trial Signup ,no
INT-0011141,794,CMP-0026,2025-05-02,DEMO REQUEST, No
INT-0011142,291,CMP-0020,14-03-2025,impression, Yes
INT-0011143,521,CMP-0001,2025-09-08,DEMO REQUEST, No 
INT-0011144,437,CMP-0029,13/12/2025,Trial Signup, No 
INT-0011145,805,CMP-0009,2025-10-06,impression,no
INT-0011146,96,CMP-0030,25 Jul 2025, Website Visit , No 
INT-0011147,1483,CMP-0009,12-01-2025, Website Visit,No 
INT-0011148,1418,CMP-0017,04/29/2025, Impression,No
INT-0011149,530,CMP-0018,2025-05-01,IMPRESSION,NO
INT-0011150,323,CMP-0003,"Dec 07, 2025",Impression,yes
INT-0011151,989,CMP-0009,19-03-2025,WEBSITE VISIT, No
INT-0011152,5,CMP-0009,07-08-2025,website visit, No
INT-0011153,216,CMP-0024,2025-06-16,impression,NO
INT-0011154,519,CMP-0026,"Apr 17, 2025",Impression ,No
INT-0011155,733,CMP-0022,"Jan 01, 2025", Demo Request ,No
INT-0011156,1224,CMP-0011,11-09-2025, Demo Request, Yes 
INT-0011157,73,CMP-0004,25-03-2025,Impression, No
INT-0011158,238,CMP-0023,15/07/2025,EMAIL OPEN,no
INT-0011159,95,,02/06/2025,Impression , No
INT-0011160,479,CMP-0009,07/11/2025,Email Open,No
INT-0011161,517,CMP-0023,03 Dec 2025,Trial Signup , No
INT-0011162,214,CMP-0019,23 Nov 2025,website visit,yes
INT-0011163,700013,CMP-0009,"Oct 03, 2025",CLICK, No
INT-0011164,271,CMP-0007,03 Sep 2025, Email Open,NO
INT-0011165,978,CMP-0005,01-03-2025,EMAIL OPEN,NO
INT-0011166,792,CMP-0008,2025-02-01, Impression, No 
INT-0011167,266,CMP-0018,07/05/2025, Trial Signup ,yes
INT-0011168,299,CMP-0009,01/06/2025,Click,No 
INT-0011169,1122,CMP-0024,04/12/2025,impression,no
INT-0011170,1396,CMP-0009,"Aug 30, 2025",Email Open ,no
INT-0011171,9,CMP-0014,"Sep 03, 2025", Email Open , No 
INT-0011172,457,CMP-0020,12/28/2025, Demo Request , No
INT-0011173,1372,CMP-0024,09-03-2025,Demo Request, No 
INT-0011174,215,CMP-0022,"Jul 05, 2025", Impression ,NO
INT-0011175,883,CMP-0017,12-11-2025,click, No 
INT-0011176,959,CMP-0008,27-10-2025,Impression,No
INT-0011177,409,CMP-0023,08-08-2025, Email Open, No
INT-0011178,259,CMP-0002,29-11-2025,Website Visit,No 
INT-0011179,912,CMP-0030,2025-06-10,Impression , No 
INT-0011180,967,CMP-0027,"Jun 22, 2025", Trial Signup ,no
INT-0011181,1093,CMP-0013,03/08/2025, Demo Request , No
INT-0011182,957,CMP-0015,15 Oct 2025, Demo Request,No
INT-0011183,448,CMP-0027,23-11-2025,Trial Signup ,NO
INT-0011184,815,CMP-0029,02/06/2025, Demo Request , No 
INT-0011185,18,CMP-0025,04 Sep 2025, Impression,No 
INT-0011186,1115,CMP-0005,2025-07-18,website visit, No
INT-0011187,259,CMP-0013,06/18/2025, Impression,No
INT-0011188,1183,CMP-0002,2025-03-24, Demo Request,no
INT-0011189,155,CMP-0026,08/18/2025, Email Open ,no
INT-0011190,417,CMP-0009,19 Jul 2025,Trial Signup,No 
INT-0011191,356,CMP-0001,05 Oct 2025,Trial Signup , Yes
INT-0011192,655,CMP-0005,09 Nov 2025,Trial Signup, No
INT-0011193,1203,,2025-09-17, Website Visit , No
INT-0011194,813,CMP-0027,06 Apr 2025,Impression,NO
INT-0011195,1122,CMP-0024,"Oct 20, 2025",Trial Signup,No 
INT-0011196,1458,CMP-0017,"Apr 24, 2025",trial signup,No
INT-0011197,53,CMP-0012,2025-11-08,impression, No 
INT-0011198,188,CMP-0007,22/05/2025,DEMO REQUEST,NO
INT-0011199,1270,CMP-0029,2025-11-10, Trial Signup , No 
INT-0011200,1247,CMP-0013,06/11/2025, Website Visit,yes
INT-0011201,646,CMP-0012,"Nov 02, 2025",impression, Yes 
INT-0011202,13,CMP-0019,08 May 2025,trial signup,No
INT-0011203,1499,CMP-0001,06/10/2025,Demo Request ,NO
INT-0011204,467,CMP-0003,03-02-2025,Click,Yes
INT-0011205,1290,CMP-0019,10/24/2025,Impression,No 
INT-0011206,957,CMP-0013,03/18/2025,website visit, No 
INT-0011207,377,CMP-0012,"Jul 15, 2025",Email Open ,YES
INT-0011208,174,CMP-0009,14/11/2025,EMAIL OPEN, No 
INT-0011209,1487,CMP-0028,"Dec 08, 2025",Trial Signup , No 
INT-0011210,125,CMP-0030,20 Jun 2025,TRIAL SIGNUP,No 
INT-0011211,1189,CMP-0016,12-09-2025,TRIAL SIGNUP, No 
INT-0011212,986,CMP-0022,31/03/2025,Demo Request ,NO
INT-0011213,1385,CMP-0009,07-02-2025, Impression,NO
INT-0011214,49,CMP-0004,"Mar 30, 2025",Demo Request ,No
INT-0011215,38,,2025-10-24, Demo Request ,no
INT-0011216,6,CMP-0029,03/10/2025,Trial Signup,Yes
INT-0011217,332,CMP-0030,"Apr 20, 2025",IMPRESSION,No
INT-0011218,864,CMP-0015,08/05/2025,trial signup,No 
INT-0011219,903,CMP-0029,17 Oct 2025,CLICK, No 
INT-0011220,850,CMP-0023,02/04/2025, Click ,No
INT-0011221,1224,CMP-0016,01/13/2025, Click ,No 
INT-0011222,1073,CMP-0006,2025-10-25, Email Open , No
INT-0011223,126,CMP-0030,2025-11-30,Email Open ,no
INT-0011224,751,CMP-0014,2025-06-23, Click, No 
INT-0011225,1083,CMP-0015,24 Jun 2025, Demo Request,YES
INT-0011226,309,CMP-0025,"Nov 28, 2025",Email Open, No 
INT-0011227,1065,CMP-0008,09 Mar 2025,Trial Signup,No 
INT-0011228,1243,,27 Jul 2025, Demo Request,No
INT-0011229,371,CMP-0021,06 Jun 2025,Demo Request, Yes 
INT-0011230,468,CMP-0018,2025-01-28, Demo Request,No 
INT-0011231,1461,CMP-0026,20/07/2025, Website Visit,NO
INT-0011232,740,CMP-0010,05/19/2025,Website Visit,No 
INT-0011233,528,CMP-0018,14 Apr 2025,Website Visit,No
INT-0011234,1442,CMP-0013,30-03-2025,impression, No 
INT-0011235,1455,CMP-0019,03-04-2025,Demo Request, No 
INT-0011236,812,CMP-0021,11 Jul 2025,trial signup,YES
INT-0011237,587,CMP-0016,11-02-2025,Impression,No 
INT-0011238,499,CMP-0009,04/17/2025,Website Visit, No 
INT-0011239,1122,CMP-0010,29 Jun 2025,Website Visit,NO
INT-0011240,693,CMP-0018,07/13/2025,website visit,No 
INT-0011241,406,CMP-0003,30 Jan 2025,impression, No
INT-0011242,1021,CMP-0028,27/03/2025, Demo Request,YES
INT-0011243,1360,CMP-0017,03/15/2025, Click ,yes
INT-0011244,589,CMP-0007,"Apr 15, 2025",Website Visit, Yes
INT-0011245,1429,CMP-0007,27-02-2025,Demo Request, No
INT-0011246,149,CMP-0004,05-01-2025, Impression ,yes
INT-0011247,627,CMP-0020,09/19/2025, Demo Request ,NO
INT-0011248,750,CMP-0002,13-07-2025, Email Open , No
INT-0011249,1418,CMP-0005,22-08-2025,TRIAL SIGNUP,Yes 
INT-0011250,415,CMP-0019,24-01-2025,Website Visit,NO
INT-0011251,1016,CMP-0010,31 May 2025, Email Open , No
INT-0011252,242,CMP-0012,08/18/2025,Click ,NO
INT-0011253,299,CMP-0004,09-09-2025,Email Open,No 
INT-0011254,1497,CMP-0018,14/05/2025,website visit,No
INT-0011255,1419,CMP-0004,15/07/2025,WEBSITE VISIT,No
INT-0011256,1286,CMP-0016,"Aug 13, 2025", Impression , No 
INT-0011257,1233,CMP-0011,02-12-2025,email open,no
INT-0011258,475,CMP-0028,"Jun 23, 2025",click, No
INT-0011259,594,CMP-0030,06/05/2025, Email Open, Yes 
INT-0011260,306,CMP-0025,2025-01-12,trial signup, Yes
INT-0011261,1323,CMP-0024,2025-04-09, Website Visit ,No 
INT-0011262,1141,CMP-0027,03 Oct 2025, Website Visit ,no
INT-0011263,105,CMP-0021,2025-02-02,Website Visit,Yes 
INT-0011264,567,CMP-0010,20 Jan 2025,Impression, No
INT-0011265,1408,CMP-0006,31/05/2025, Email Open,No
INT-0011266,1160,CMP-0015,03/19/2025,TRIAL SIGNUP,No
INT-0011267,1065,CMP-0024,10/12/2025,EMAIL OPEN, No
INT-0011268,76,CMP-0012,02/09/2025,click,no
INT-0011269,1434,CMP-0011,2025-10-06,Trial Signup ,NO
INT-0011270,909,CMP-0006,"Apr 02, 2025", Website Visit ,NO
INT-0011271,851,CMP-0004,12-02-2025, Website Visit ,No
INT-0011272,1100,CMP-0028,07/07/2025,email open,no
INT-0011273,1419,CMP-0001,26/04/2025, Trial Signup ,No 
INT-0011274,886,CMP-0012,12-07-2025,Trial Signup,NO
INT-0011275,749,CMP-0008,12/18/2025, Website Visit,No 
INT-0011276,1055,CMP-0014,"Aug 03, 2025", Email Open , No
INT-0011277,432,CMP-0015,02/24/2025,Click,no
INT-0011278,990,CMP-0028,06 Jul 2025,trial signup,no
INT-0011279,869,CMP-0030,28 Jan 2025,demo request,No 
INT-0011280,540,CMP-0019,22-03-2025,DEMO REQUEST, No
INT-0011281,1009,CMP-0028,21/08/2025,Website Visit , No
INT-0011282,1475,CMP-0018,10-12-2025,Email Open ,Yes
INT-0011283,327,CMP-0016,27 Feb 2025, Website Visit,No 
INT-0011284,1284,CMP-0013,17 Jan 2025,TRIAL SIGNUP,No
INT-0011285,909,,"Oct 15, 2025",WEBSITE VISIT,No
INT-0011286,335,CMP-0010,"Apr 26, 2025",CLICK,No
INT-0011287,1274,CMP-0030,16/03/2025,Demo Request, No
INT-0011288,276,CMP-0009,"Nov 10, 2025", Email Open,NO
INT-0011289,579,CMP-0019,09/01/2025, Click,NO
INT-0011290,59,CMP-0025,12/24/2025, Email Open , No
INT-0011291,73,CMP-0013,18/05/2025, Email Open, No
INT-0011292,1229,CMP-0017,"Apr 27, 2025",DEMO REQUEST, No
INT-0011293,979,,05 Sep 2025, Demo Request,Yes
INT-0011294,789,CMP-0007,26-07-2025,TRIAL SIGNUP,No
INT-0011295,719,CMP-0028,"Sep 07, 2025",Impression, Yes
INT-0011296,971,CMP-0016,27-01-2025, Demo Request ,yes
INT-0011297,496,CMP-0019,19/10/2025, Email Open,No
INT-0011298,672,CMP-0017,08/31/2025,Impression,no
INT-0011299,1494,CMP-0030,10/15/2025, Demo Request,No 
INT-0011300,735,CMP-0024,28/08/2025,Demo Request ,No 
INT-0011301,1271,CMP-0007,12 Dec 2025,Trial Signup , No 
INT-0011302,1451,CMP-0019,2025-06-21,WEBSITE VISIT,no
INT-0011303,667,CMP-0017,2025-02-20,Trial Signup ,NO
INT-0011304,877,CMP-0004,16/04/2025, Email Open ,Yes 
INT-0011305,739,CMP-0011,"Aug 14, 2025", Website Visit , No 
INT-0011306,1142,CMP-0026,07/21/2025, Email Open ,no
INT-0011307,313,CMP-0015,09 Dec 2025,Trial Signup, Yes 
INT-0011308,1411,CMP-0002,12-04-2025, Demo Request, No 
INT-0011309,1430,CMP-0013,04/20/2025,website visit, No 
INT-0011310,305,CMP-0024,2025-12-02,Website Visit ,NO
INT-0011311,289,CMP-0020,02/02/2025,IMPRESSION,No
INT-0011312,608,CMP-0008,30/04/2025, Website Visit, Yes
INT-0011313,209,CMP-0019,2025-06-03,Trial Signup, Yes 
INT-0011314,277,CMP-0015,11/06/2025,website visit,NO
INT-0011315,83,CMP-0011,"Oct 15, 2025", Click ,no
INT-0011316,691,CMP-0019,2025-09-30, Impression, No
INT-0011317,1295,CMP-0021,"Apr 18, 2025",click,yes
INT-0011318,1394,CMP-0019,"Jan 27, 2025",Impression,no
INT-0011319,502,CMP-0019,15-03-2025, Click ,yes
INT-0011320,1170,CMP-0001,13/03/2025,WEBSITE VISIT, No
INT-0011321,922,CMP-0012,2025-11-07, Trial Signup , Yes
INT-0011322,1232,CMP-0021,25 Jul 2025,TRIAL SIGNUP,NO
INT-0011323,520,CMP-0020,2025-09-23, Click,Yes
INT-0011324,142,CMP-0008,2025-04-29, Demo Request,no
INT-0011325,955,CMP-0013,04/03/2025, Email Open,NO
INT-0011326,399,CMP-0014,30 Jul 2025,Trial Signup, No 
INT-0011327,224,CMP-0020,05/03/2025, Trial Signup, No
INT-0011328,1139,CMP-0003,2025-11-28,Trial Signup ,No 
INT-0011329,374,CMP-0008,14/09/2025, Impression ,No 
INT-0011330,612,CMP-0002,18/09/2025, Trial Signup ,No 
INT-0011331,374,CMP-0019,"Feb 01, 2025",IMPRESSION, No 
INT-0011332,1009,CMP-0029,21 Jul 2025,Demo Request,no
INT-0011333,469,CMP-0008,"Feb 18, 2025", Website Visit, Yes
INT-0011334,506,CMP-0025,14/07/2025,CLICK,No
INT-0011335,853,CMP-0027,19/02/2025, Click,Yes 
INT-0011336,520,,15/08/2025, Email Open, No
INT-0011337,83,CMP-0020,09/10/2025, Click ,NO
INT-0011338,1079,CMP-0018,11-09-2025,TRIAL SIGNUP,NO
INT-0011339,287,CMP-0011,16/10/2025, Click,no
INT-0011340,1468,CMP-0029,2025-09-09,Impression,Yes 
INT-0011341,1485,CMP-0028,"Apr 09, 2025",TRIAL SIGNUP, No 
INT-0011342,630,CMP-0002,03/17/2025,Demo Request ,Yes
INT-0011343,1279,CMP-0002,12 Aug 2025,TRIAL SIGNUP, No 
INT-0011344,298,CMP-0020,24-02-2025,Impression ,NO
INT-0011345,104,CMP-0001,28/12/2025, Email Open ,no
INT-0011346,415,CMP-0030,2025-07-04, Trial Signup ,no
INT-0011347,236,CMP-0027,14-10-2025,CLICK,Yes
INT-0011348,1390,CMP-0016,2025-01-21,DEMO REQUEST, No
INT-0011349,666,,08 Apr 2025,Trial Signup ,no
INT-0011350,421,CMP-0010,"Oct 18, 2025",click,no
INT-0011351,758,CMP-0019,03/12/2025, Website Visit,No
INT-0011352,1347,CMP-0019,13/01/2025,click,no
INT-0011353,1258,CMP-0020,"Oct 27, 2025", Impression ,YES
INT-0011354,1323,CMP-0004,16/02/2025, Email Open ,NO
INT-0011355,697,CMP-0022,"Sep 13, 2025",Website Visit,No 
INT-0011356,1056,CMP-0023,28/12/2025, Email Open , Yes
INT-0011357,625,CMP-0021,01-03-2025,EMAIL OPEN, Yes 
INT-0011358,1008,CMP-0021,2025-11-07,WEBSITE VISIT,No
INT-0011359,965,CMP-0005,23/10/2025,CLICK,NO
INT-0011360,702,CMP-0003,27/02/2025,click,NO
INT-0011361,213,CMP-0013,06/11/2025,Demo Request ,NO
INT-0011362,193,CMP-0007,20/04/2025,Impression , No 
INT-0011363,387,CMP-0013,21 Jan 2025,Email Open,NO
INT-0011364,1242,CMP-0016,11 Jun 2025,TRIAL SIGNUP,Yes
INT-0011365,147,CMP-0014,"Sep 14, 2025",TRIAL SIGNUP,No
INT-0011366,403,CMP-0006,19-05-2025, Email Open , No
INT-0011367,194,CMP-0025,06-11-2025,demo request, No 
INT-0011368,1017,CMP-0023,30 May 2025,demo request, No
INT-0011369,202,CMP-0009,"Mar 15, 2025",Click,No 
INT-0011370,143,CMP-0021,02/18/2025,Email Open, No 
INT-0011371,1184,CMP-0023,"Sep 24, 2025",Click , No
INT-0011372,779,CMP-0029,25-11-2025, Click , No 
INT-0011373,115,CMP-0012,27/08/2025, Trial Signup ,YES
INT-0011374,1237,CMP-0029,24 Jul 2025, Click,No
INT-0011375,1368,CMP-0016,06 Feb 2025,EMAIL OPEN,No 
INT-0011376,163,CMP-0026,22 Mar 2025,EMAIL OPEN,No 
INT-0011377,400,CMP-0010,07/03/2025,IMPRESSION, No 
INT-0011378,245,CMP-0030,12/06/2025,IMPRESSION,no
INT-0011379,96,CMP-0015,"Dec 15, 2025",Click, No 
INT-0011380,372,CMP-0003,27 Oct 2025,WEBSITE VISIT,Yes 
INT-0011381,569,CMP-0003,10/06/2025, Trial Signup ,No 
INT-0011382,943,CMP-0017,10/01/2025, Email Open , No 
INT-0011383,962,CMP-0015,05/11/2025,Email Open, No 
INT-0011384,1366,CMP-0025,19/10/2025,email open,No 
INT-0011385,1342,CMP-0006,14 Apr 2025,email open,No 
INT-0011386,228,CMP-0019,03 Jul 2025, Email Open,YES
INT-0011387,423,CMP-0027,26 Oct 2025,IMPRESSION,No 
INT-0011388,1248,CMP-0009,15/03/2025,Website Visit ,no
INT-0011389,640,CMP-0024,03/03/2025,demo request, No 
INT-0011390,136,CMP-0029,06 Aug 2025,Email Open,No 
INT-0011391,928,CMP-0027,09/08/2025,EMAIL OPEN,no
INT-0011392,1309,CMP-0005,26 Sep 2025,Click, No 
INT-0011393,21,,"Aug 06, 2025",CLICK, No 
INT-0011394,97,CMP-0023,24 Feb 2025,trial signup, No
INT-0011395,612,CMP-0026,10/03/2025,demo request,No
INT-0011396,1412,CMP-0009,"Jan 23, 2025",CLICK,No
INT-0011397,1242,CMP-0022,15 May 2025,demo request,no
INT-0011398,226,CMP-0020,07 Jan 2025,CLICK, No 
INT-0011399,561,CMP-0011,"Sep 16, 2025",Website Visit,No
INT-0011400,1357,CMP-0016,2025-12-14, Trial Signup,No 
INT-0011401,843,CMP-0012,17-08-2025,Click,NO
INT-0011402,550,CMP-0009,06/07/2025,email open,No 
INT-0011403,768,,06/06/2025,Website Visit ,YES
INT-0011404,406,CMP-0001,10/25/2025,Impression,no
INT-0011405,1359,CMP-0017,01/17/2025,email open, Yes
INT-0011406,219,CMP-0002,02 Jan 2025, Impression,No 
INT-0011407,623,CMP-0014,2025-11-19, Trial Signup, No 
INT-0011408,1108,CMP-0010,18/04/2025,WEBSITE VISIT, No
INT-0011409,881,CMP-0022,16/03/2025,IMPRESSION, Yes 
INT-0011410,1379,CMP-9016,08/02/2025,WEBSITE VISIT,No
INT-0011411,932,CMP-0019,"Jan 19, 2025",Website Visit,No 
INT-0011412,94,CMP-0001,27-10-2025,Email Open, No 
INT-0011413,341,CMP-0002,10/04/2025,Email Open ,NO
INT-0011414,1017,CMP-0002,04 Oct 2025,Email Open,no
INT-0011415,799,CMP-0009,2025-12-12,click,NO
INT-0011416,1155,,2025-09-24,Impression, No 
INT-0011417,1316,CMP-0025,23-11-2025,Trial Signup,no
INT-0011418,1243,CMP-0029,22/04/2025,Email Open,No
INT-0011419,1329,CMP-0019,07 Feb 2025,Website Visit,No 
INT-0011420,1375,CMP-0014,10/06/2025,Click,no
INT-0011421,654,CMP-0008,26 Nov 2025,DEMO REQUEST,Yes
INT-0011422,1310,CMP-0028,04/23/2025,IMPRESSION, No 
INT-0011423,940,CMP-0017,2025-08-05,trial signup,No 
INT-0011424,410,CMP-0014,17 Oct 2025,click, No 
INT-0011425,1068,CMP-0007,08/25/2025,Impression ,no
INT-0011426,670,CMP-0005,07/09/2025, Website Visit ,yes
INT-0011427,132,CMP-0014,03-06-2025,CLICK, Yes
INT-0011428,421,CMP-0022,24/01/2025,Website Visit ,No 
INT-0011429,435,CMP-0005,09/05/2025, Website Visit , No 
INT-0011430,1314,CMP-0020,12/25/2025,Trial Signup, No
INT-0011431,711,CMP-0011,2025-03-05,Website Visit ,No
INT-0011432,1122,CMP-0003,"May 16, 2025", Website Visit ,No 
INT-0011433,163,CMP-0008,06/28/2025,Demo Request, No
INT-0011434,1405,CMP-0021,02/12/2025,demo request,NO
INT-0011435,1313,CMP-0018,11/18/2025,Trial Signup ,No
INT-0011436,1223,CMP-0005,23/02/2025,DEMO REQUEST,no
INT-0011437,1194,CMP-0014,"Jun 26, 2025",click,yes
INT-0011438,1162,CMP-0007,10 Jul 2025, Demo Request , No 
INT-0011439,333,CMP-0019,04/09/2025,trial signup, No
INT-0011440,72,CMP-0022,"Feb 26, 2025",EMAIL OPEN,no
INT-0011441,369,CMP-0013,28-06-2025,Trial Signup ,Yes 
INT-0011442,1056,CMP-0025,25-06-2025, Demo Request ,NO
INT-0011443,1275,CMP-0003,09-04-2025, Trial Signup ,YES
INT-0011444,904,CMP-0026,26 Jun 2025,CLICK,No
INT-0011445,787,CMP-0005,"Feb 09, 2025",Email Open, No 
INT-0011446,319,CMP-0026,2025-09-29, Trial Signup , No 
INT-0011447,1272,,"Jul 28, 2025",Click, No 
INT-0011448,234,CMP-0021,15/12/2025, Impression, No
INT-0011449,415,CMP-0015,15-12-2025, Click , No
INT-0011450,1322,CMP-0008,2025-08-30,Demo Request,No 
INT-0011451,776,CMP-0003,2025-12-09,click,NO
INT-0011452,1437,CMP-0006,27 May 2025,Impression, Yes
INT-0011453,596,CMP-0027,12/04/2025,email open,no
INT-0011454,490,CMP-0016,17-11-2025, Demo Request , No 
INT-0011455,903,CMP-0001,24 Dec 2025, Click,yes
INT-0011456,113,CMP-0010,24-11-2025,demo request,no
INT-0011457,843,CMP-0013,13-06-2025,CLICK, No 
INT-0011458,1177,CMP-0006,30 Sep 2025,Demo Request,NO
INT-0011459,1477,CMP-0019,10/15/2025,DEMO REQUEST,No
INT-0011460,689,CMP-0001,04/08/2025, Email Open, No
INT-0011461,633,CMP-0025,19 Dec 2025,click,no
INT-0011462,476,CMP-0016,2025-04-15,demo request, Yes
INT-0011463,712,CMP-0030,2025-01-27,CLICK,no
INT-0011464,1038,CMP-0023,22/06/2025,Click, No
INT-0011465,1471,CMP-0030,03-06-2025,Website Visit , No 
INT-0011466,938,CMP-0024,"Oct 15, 2025",email open,No
INT-0011467,132,CMP-0022,2025-09-13,WEBSITE VISIT,YES
INT-0011468,808,CMP-0029,15 Oct 2025,Email Open, No
INT-0011469,930,CMP-0027,2025-01-18,CLICK,No 
INT-0011470,118,CMP-0003,25-09-2025, Trial Signup, No
INT-0011471,234,CMP-0023,"Dec 30, 2025", Click , No 
INT-0011472,702,CMP-0018,02 Feb 2025,Email Open,no
INT-0011473,857,,2025-08-11,Click ,No
INT-0011474,768,CMP-0020,30/10/2025,email open, No 
INT-0011475,53,CMP-0023,"Oct 18, 2025",Website Visit , No 
INT-0011476,260,CMP-0019,"Jun 07, 2025",impression, No
INT-0011477,574,CMP-0004,17-09-2025,demo request,No
INT-0011478,72,CMP-0004,04/13/2025, Website Visit ,no
INT-0011479,1427,CMP-0010,28/07/2025,Trial Signup , Yes 
INT-0011480,1148,CMP-0015,02/05/2025,click,No 
INT-0011481,895,CMP-0030,20-11-2025,Website Visit,no
INT-0011482,1184,CMP-0022,09 Nov 2025, Trial Signup ,NO
INT-0011483,908,CMP-0022,"Jan 04, 2025", Demo Request ,no
INT-0011484,860,CMP-0030,09-08-2025,Demo Request, No 
INT-0011485,19,CMP-0007,07-04-2025,email open, No
INT-0011486,444,CMP-0018,2025-03-01,Website Visit ,NO
INT-0011487,309,CMP-0029,10/13/2025,Click ,NO
INT-0011488,1344,CMP-0005,03/02/2025,Trial Signup,NO
INT-0011489,927,CMP-0026,06-08-2025, Click,NO
INT-0011490,659,CMP-0012,"Nov 12, 2025",demo request, Yes 
INT-0011491,1274,CMP-0002,05/06/2025, Demo Request,NO
INT-0011492,389,CMP-0005,"Sep 16, 2025", Demo Request , No 
INT-0011493,754,CMP-0013,17-02-2025,Trial Signup,yes
INT-0011494,491,CMP-0018,22 Feb 2025,Demo Request,Yes 
INT-0011495,905,CMP-0026,"Jun 10, 2025",WEBSITE VISIT,NO
INT-0011496,802,CMP-0004,"Jan 01, 2025",Demo Request, Yes
INT-0011497,560,CMP-0023,07/24/2025, Email Open,NO
INT-0011498,853,,06/06/2025,Click ,Yes 
INT-0011499,641,CMP-0025,12-09-2025,CLICK,YES
INT-0011500,502,CMP-0002,29 Apr 2025,Demo Request, No
INT-0011501,803,CMP-0023,2025-01-25, Demo Request, No
INT-0011502,1343,CMP-0028,10-05-2025, Demo Request, Yes
INT-0011503,1111,CMP-0012,12/08/2025,Trial Signup ,yes
INT-0011504,688,CMP-0025,08/20/2025,Demo Request, No
INT-0011505,92,CMP-0006,12 Mar 2025, Website Visit ,YES
INT-0011506,693,CMP-0022,11-04-2025,demo request, No 
INT-0011507,494,CMP-0016,07/08/2025, Email Open ,NO
INT-0011508,273,CMP-0005,20-07-2025,Email Open ,no
INT-0011509,1024,CMP-0021,02/05/2025,email open,no
INT-0011510,913,CMP-0023,11/16/2025,Website Visit,no
INT-0011511,1429,CMP-0018,08/02/2025,Trial Signup,No 
INT-0011512,709,CMP-0026,"Nov 22, 2025", Trial Signup ,NO
INT-0011513,416,CMP-0026,2025-03-04,DEMO REQUEST,NO
INT-0011514,36,CMP-0024,"Jan 09, 2025",Click,No
INT-0011515,274,CMP-0022,2025-07-10, Trial Signup ,NO
INT-0011516,692,CMP-0020,2025-10-23,click,NO
INT-0011517,161,CMP-0023,06/08/2025, Email Open, No
INT-0011518,972,CMP-0023,08-06-2025, Click , No 
INT-0011519,1456,CMP-0027,25/11/2025,Click ,No
INT-0011520,1430,CMP-0013,04 Aug 2025,Email Open ,No 
INT-0011521,1486,CMP-0015,09-08-2025,Email Open,NO
INT-0011522,730,CMP-0027,15-07-2025, Trial Signup , No
INT-0011523,983,CMP-0007,"Aug 02, 2025",website visit,No
INT-0011524,187,CMP-0029,06-09-2025,Email Open,no
INT-0011525,1360,CMP-0030,2025-08-25,trial signup, No
INT-0011526,97,CMP-0001,"Sep 07, 2025",CLICK, Yes 
INT-0011527,257,CMP-0004,03 Mar 2025, Website Visit, No
INT-0011528,820,CMP-0008,2025-09-16, Email Open, No
INT-0011529,537,CMP-0003,"Jun 16, 2025", Click,No 
INT-0011530,686,CMP-0029,"Jun 19, 2025",Email Open, No
INT-0011531,836,CMP-0019,"Mar 13, 2025", Email Open,no
INT-0011532,1127,CMP-0020,04/15/2025, Impression , No 
INT-0011533,1401,CMP-0012,2025-02-23,DEMO REQUEST, No 
INT-0011534,627,CMP-0026,16/02/2025,Impression, No
INT-0011535,1430,CMP-0019,31-03-2025,Demo Request,yes
INT-0011536,1390,CMP-0023,03 Dec 2025, Trial Signup, Yes
INT-0011537,1334,CMP-0027,22-07-2025,trial signup,NO
INT-0011538,629,CMP-0026,03-06-2025,TRIAL SIGNUP,No
INT-0011539,386,CMP-0021,04/11/2025, Email Open,No
INT-0011540,1452,CMP-0019,"Nov 10, 2025", Trial Signup , No
INT-0011541,180,CMP-0016,18-05-2025,Click,YES
INT-0011542,541,CMP-0010,07 Jul 2025, Impression,No
INT-0011543,1160,CMP-0022,03/10/2025,Click, No 
INT-0011544,836,CMP-0030,12/01/2025, Click ,no
INT-0011545,619,CMP-0007,09/06/2025,email open, No
INT-0011546,1226,CMP-0017,12/05/2025,Email Open , No 
INT-0011547,511,CMP-0026,"Jul 20, 2025",Website Visit,YES
INT-0011548,564,CMP-0016,"Aug 14, 2025",WEBSITE VISIT,NO
INT-0011549,865,CMP-0016,"Sep 29, 2025",Demo Request,no
INT-0011550,125,CMP-0002,"May 26, 2025",DEMO REQUEST,No 
INT-0011551,1401,CMP-0026,"Aug 20, 2025",Website Visit,YES
INT-0011552,417,CMP-0015,28/11/2025, Trial Signup, No
INT-0011553,1256,CMP-0013,28 Jan 2025,Email Open ,No 
INT-0011554,979,CMP-0028,14/08/2025, Trial Signup,no
INT-0011555,517,CMP-0006,"Dec 29, 2025",Impression, No 
INT-0011556,169,CMP-0017,03 Jul 2025, Trial Signup, No 
INT-0011557,45,CMP-0022,2025-08-27,Website Visit, No
INT-0011558,532,CMP-0005,25 Feb 2025,Click , Yes
INT-0011559,601,CMP-0020,"Mar 13, 2025",WEBSITE VISIT,no
INT-0011560,864,CMP-0005,2025-12-25,DEMO REQUEST, Yes 
INT-0011561,1312,CMP-0004,22-08-2025,impression,NO
INT-0011562,669,CMP-0030,15/05/2025,WEBSITE VISIT,No
INT-0011563,1,CMP-0021,2025-05-30,click,No 
INT-0011564,83,CMP-0009,"Nov 09, 2025",Website Visit ,yes
INT-0011565,1418,CMP-0003,13-11-2025, Demo Request ,NO
INT-0011566,1160,CMP-0010,30 Aug 2025,Click,NO
INT-0011567,236,CMP-0025,2025-11-04,Email Open , Yes
INT-0011568,422,CMP-0005,09/05/2025,Click,Yes
INT-0011569,1027,CMP-0028,07-09-2025,trial signup,NO
INT-0011570,11,CMP-0013,27-03-2025, Demo Request ,yes
INT-0011571,115,CMP-0026,29-03-2025, Website Visit ,no
INT-0011572,547,CMP-0008,26/12/2025,Website Visit,NO
INT-0011573,1446,CMP-0005,29/11/2025,Click,NO
INT-0011574,937,CMP-0030,2025-08-31,click,Yes
INT-0011575,1,CMP-0027,2025-12-20,email open,No 
INT-0011576,1493,CMP-0004,17-06-2025, Demo Request ,No 
INT-0011577,704,CMP-0023,07 Jan 2025, Trial Signup , No 
INT-0011578,1376,CMP-0011,03/17/2025,Trial Signup ,No 
INT-0011579,91,CMP-0023,08/05/2025,Impression, No 
INT-0011580,1366,CMP-0017,05 Dec 2025,demo request, Yes
INT-0011581,1183,CMP-0010,28-10-2025,EMAIL OPEN,no
INT-0011582,529,CMP-0021,2025-04-26,demo request,NO
INT-0011583,384,CMP-0001,16-06-2025,Click ,Yes
INT-0011584,1070,CMP-0010,11/06/2025,DEMO REQUEST,No
INT-0011585,1013,,13 Nov 2025, Email Open,Yes 
INT-0011586,896,CMP-0017,04-12-2025,WEBSITE VISIT, No 
INT-0011587,1437,CMP-0018,01/15/2025,Trial Signup , Yes
INT-0011588,1390,CMP-0020,07/02/2025,Demo Request ,NO
INT-0011589,1300,CMP-0008,"Jul 03, 2025",Trial Signup ,no
INT-0011590,1124,CMP-0006,"Jul 27, 2025", Demo Request ,No 
INT-0011591,897,CMP-0008,"Apr 16, 2025", Impression,No
INT-0011592,1268,CMP-0009,12/15/2025, Website Visit ,Yes 
INT-0011593,778,CMP-0013,27 Mar 2025, Demo Request , No
INT-0011594,776,CMP-0029,29-11-2025,Impression, No 
INT-0011595,660,CMP-0013,18 Sep 2025,Website Visit,No 
INT-0011596,27,CMP-0020,2025-10-27,Demo Request, No 
INT-0011597,1440,CMP-0024,03 Jul 2025,demo request,Yes 
INT-0011598,1069,CMP-0021,07/05/2025,IMPRESSION,No 
INT-0011599,313,CMP-0003,15-12-2025,IMPRESSION, No
INT-0011600,1021,CMP-0009,2025-08-18,Impression , No
INT-0011601,980,CMP-0021,01-07-2025,trial signup,no
INT-0011602,1255,CMP-0003,2025-01-01, Website Visit ,No 
INT-0011603,1399,CMP-0016,2025-09-20,TRIAL SIGNUP,No 
INT-0011604,246,CMP-0023,2025-01-16,trial signup, No 
INT-0011605,721,CMP-0004,03/13/2025, Demo Request,NO
INT-0011606,1292,CMP-0002,"Mar 12, 2025",Trial Signup ,yes
INT-0011607,1499,CMP-0017,"Jan 16, 2025",Email Open , Yes 
INT-0011608,1197,CMP-0009,11/07/2025,Click ,YES
INT-0011609,1261,,30-01-2025, Demo Request,No 
INT-0011610,1280,CMP-0014,07 Sep 2025,Impression , No 
INT-0011611,18,CMP-9007,2025-12-17, Demo Request,NO
INT-0011612,350,CMP-0024,2025-04-03,impression,no
INT-0011613,185,CMP-0021,"Oct 31, 2025",click,NO
INT-0011614,1296,CMP-0016,02/12/2025, Email Open, No
INT-0011615,1184,CMP-0016,2025-02-22,email open, No
INT-0011616,1185,CMP-0019,20-12-2025,TRIAL SIGNUP,no
INT-0011617,1113,CMP-0027,2025-10-01,Email Open ,no
INT-0011618,482,CMP-0023,07-06-2025, Impression, No
INT-0011619,696,CMP-0025,"Jul 03, 2025",IMPRESSION, No
INT-0011620,1115,CMP-0018,"Apr 04, 2025",trial signup,No
INT-0011621,1104,CMP-0020,24/05/2025,click,Yes 
INT-0011622,174,CMP-0004,04/14/2025, Demo Request,YES
INT-0011623,531,CMP-0030,"Sep 27, 2025", Website Visit,No
INT-0011624,641,CMP-0009,14/10/2025, Click,No
INT-0011625,757,CMP-0029,"Nov 13, 2025", Email Open,NO
INT-0011626,250,CMP-0029,16/02/2025,Impression,No
INT-0011627,130,CMP-0001,2025-10-18,CLICK,NO
INT-0011628,1198,CMP-0027,29/05/2025,Email Open, Yes
INT-0011629,445,CMP-0006,2025-12-09,Email Open , No 
INT-0011630,144,CMP-0008,20-09-2025, Email Open ,NO
INT-0011631,342,CMP-0021,"Dec 02, 2025",website visit,No 
INT-0011632,606,CMP-0030,2025-12-09,Impression, Yes 
INT-0011633,867,CMP-0006,28 Feb 2025,Impression, No 
INT-0011634,1219,CMP-0015,06-03-2025,TRIAL SIGNUP,yes
INT-0011635,740,CMP-0003,2025-12-16,Demo Request ,No 
INT-0011636,458,CMP-0004,30-05-2025,click,No 
INT-0011637,1349,CMP-0023,11/07/2025,Website Visit,no
INT-0011638,146,CMP-0005,02/05/2025, Impression , No
INT-0011639,1149,CMP-0010,08 Nov 2025,Email Open,No
INT-0011640,178,CMP-0027,2025-11-18,website visit, No
INT-0011641,1248,CMP-0026,"Jun 12, 2025", Demo Request,No
INT-0011642,515,CMP-0011,01/17/2025,email open, No 
INT-0011643,788,CMP-0011,04 Feb 2025,DEMO REQUEST,No
INT-0011644,732,CMP-0027,13 Apr 2025,Email Open,no
INT-0011645,669,CMP-0018,28/05/2025,email open,No
INT-0011646,391,CMP-0014,07-06-2025,Impression ,no
INT-0011647,1373,CMP-0016,11/04/2025,Website Visit,NO
INT-0011648,979,CMP-0022,"Jan 07, 2025", Website Visit,no
INT-0011649,1289,CMP-0025,06/06/2025,Impression , No
INT-0011650,135,CMP-0016,29 Nov 2025,Click, No
INT-0011651,1304,CMP-0025,"May 22, 2025",Email Open,No 
INT-0011652,242,CMP-0016,13-09-2025, Impression,No
INT-0011653,369,CMP-0001,20/12/2025,DEMO REQUEST,NO
INT-0011654,50,CMP-0028,21 Jun 2025, Impression,No
INT-0011655,1129,CMP-0014,12-05-2025,CLICK,NO
INT-0011656,885,CMP-0010,06-06-2025,Click, No
INT-0011657,940,CMP-0003,09/28/2025, Click ,No
INT-0011658,80,CMP-0020,10-05-2025,WEBSITE VISIT,YES
INT-0011659,716,CMP-0007,06/05/2025, Demo Request, No 
INT-0011660,26,CMP-0018,18-10-2025,Website Visit ,No 
INT-0011661,1357,CMP-0004,"Mar 14, 2025",Click ,No 
INT-0011662,1456,CMP-0021,"Sep 26, 2025",Impression,No 
INT-0011663,640,CMP-0014,2025-07-08, Click,NO
INT-0011664,509,CMP-0012,"Sep 26, 2025", Click , No
INT-0011665,465,CMP-0014,2025-08-21,click,NO
INT-0011666,707,CMP-0013,02-03-2025, Click ,NO
INT-0011667,992,CMP-0008,26-06-2025, Email Open,NO
INT-0011668,771,CMP-0026,12/01/2025,Impression,NO
INT-0011669,150,CMP-0028,2025-07-26, Click , No 
INT-0011670,362,CMP-0018,2025-04-07,DEMO REQUEST,no
INT-0011671,1262,CMP-0009,12/07/2025, Impression,No 
INT-0011672,664,CMP-0009,"Sep 08, 2025",Email Open,No 
INT-0011673,427,CMP-0012,13 Mar 2025, Click ,no
INT-0011674,988,CMP-0005,31-07-2025,Click,no
INT-0011675,895,CMP-0005,10-04-2025,CLICK,no
INT-0011676,328,CMP-0009,11-09-2025,Email Open ,Yes 
INT-0011677,635,CMP-0003,06/09/2025,impression,No 
INT-0011678,1425,CMP-0021,"Jan 05, 2025", Click,No
INT-0011679,623,CMP-0026,2025-04-14, Website Visit ,No 
INT-0011680,1101,CMP-0028,"Sep 11, 2025", Impression, No 
INT-0011681,270,CMP-0005,28/08/2025,website visit,yes
INT-0011682,1107,CMP-0017,31-01-2025, Click , Yes 
INT-0011683,1130,CMP-0013,2025-03-15,Demo Request ,no
INT-0011684,1091,CMP-0002,2025-05-08,click,NO
INT-0011685,389,CMP-0025,16-12-2025,click, No 
INT-0011686,1319,CMP-0019,22 Jul 2025,Demo Request ,No 
INT-0011687,331,CMP-0027,31-10-2025,Website Visit, No 
INT-0011688,497,,10 May 2025,Click , No 
INT-0011689,332,CMP-0025,13/04/2025, Impression,no
INT-0011690,1035,CMP-0026,01-02-2025,Email Open , No 
INT-0011691,152,CMP-0027,06/15/2025, Trial Signup ,Yes
INT-0011692,672,CMP-0010,2025-06-27,impression,NO
INT-0011693,631,CMP-0019,12/09/2025,impression, Yes 
INT-0011694,527,CMP-0006,11-08-2025,Website Visit ,NO
INT-0011695,1182,CMP-0008,24 May 2025,Website Visit,No
INT-0011696,1146,CMP-0002,08/06/2025, Impression ,Yes 
INT-0011697,1422,CMP-0023,15/09/2025,Email Open ,NO
INT-0011698,499,CMP-0004,15/03/2025,Demo Request,NO
INT-0011699,786,CMP-0022,28-03-2025,demo request,no
INT-0011700,682,CMP-0002,17 Sep 2025,website visit, No
INT-0011701,480,CMP-0019,"Oct 15, 2025",trial signup,No 
INT-0011702,880,CMP-0001,2025-03-05, Email Open , No 
INT-0011703,1197,CMP-0014,28/09/2025,Impression,No 
INT-0011704,886,CMP-0011,09 Aug 2025, Website Visit ,Yes
INT-0011705,1032,CMP-0027,27/01/2025,Impression ,No 
INT-0011706,1126,CMP-0015,"Sep 05, 2025",Email Open,No 
INT-0011707,129,CMP-0012,07 Apr 2025,click,No 
INT-0011708,963,CMP-0003,2025-12-10, Email Open,YES
INT-0011709,120,CMP-0005,2025-11-24,Website Visit, No
INT-0011710,668,CMP-0018,29-11-2025,Email Open, No 
INT-0011711,1102,CMP-0010,2025-01-12, Trial Signup ,yes
INT-0011712,391,CMP-0021,10/06/2025, Click ,YES
INT-0011713,834,CMP-0003,06/01/2025,trial signup,No 
INT-0011714,1029,CMP-0012,01 Dec 2025, Demo Request, No
INT-0011715,580,CMP-0013,29-12-2025, Email Open,no
INT-0011716,892,CMP-0014,2025-06-06, Click , No
INT-0011717,1025,CMP-0003,24-04-2025, Demo Request, No 
INT-0011718,313,CMP-0024,01/12/2025,Trial Signup ,No
INT-0011719,647,CMP-0018,"Dec 07, 2025",DEMO REQUEST,YES
INT-0011720,527,CMP-0003,"Sep 28, 2025",Trial Signup,no
INT-0011721,14,,20-05-2025, Impression , No
INT-0011722,1172,CMP-0017,05/14/2025,EMAIL OPEN,NO
INT-0011723,721,CMP-0023,2025-01-23,Click ,NO
INT-0011724,700016,CMP-0008,23 Jun 2025,Email Open ,No
INT-0011725,759,CMP-0021,"Jan 15, 2025",EMAIL OPEN,NO
INT-0011726,624,CMP-0019,"Sep 09, 2025",WEBSITE VISIT, No
INT-0011727,1251,CMP-0002,22 Jul 2025,TRIAL SIGNUP,No 
INT-0011728,865,CMP-0002,2025-12-11,Impression ,no
INT-0011729,1285,CMP-0020,22 Mar 2025, Click ,No 
INT-0011730,233,CMP-0026,06 Mar 2025,email open,no
INT-0011731,201,CMP-0014,03/30/2025,Click , No
INT-0011732,605,CMP-0011,18-06-2025,Demo Request ,NO
INT-0011733,749,CMP-0005,2025-12-21, Email Open,no
INT-0011734,965,CMP-0023,25 Nov 2025, Click , No 
INT-0011735,540,CMP-0027,"Jul 05, 2025", Impression ,No 
INT-0011736,836,CMP-0001,11/26/2025, Email Open,No
INT-0011737,1096,CMP-0008,12-01-2025,WEBSITE VISIT,No 
INT-0011738,178,CMP-0010,12/29/2025,Impression,No 
INT-0011739,86,CMP-0014,04/29/2025,Click,NO
INT-0011740,1209,CMP-0025,15 May 2025,website visit,Yes
INT-0011741,518,CMP-0025,16-06-2025,click,No
INT-0011742,1284,CMP-0014,31-10-2025,demo request, No
INT-0011743,716,CMP-0017,05/10/2025,Impression , Yes
INT-0011744,786,CMP-0030,12 May 2025,IMPRESSION,Yes 
INT-0011745,743,CMP-0006,06/04/2025, Email Open,no
INT-0011746,1316,CMP-0028,09 Apr 2025,Trial Signup,No 
INT-0011747,735,CMP-0022,"Feb 06, 2025",impression,Yes
INT-0011748,140,CMP-0017,07/18/2025,Email Open,NO
INT-0011749,185,CMP-0011,01/05/2025,Impression, Yes 
INT-0011750,435,CMP-0019,01 Jun 2025,Click,NO
INT-0011751,1043,CMP-0011,2025-06-05,trial signup, Yes 
INT-0011752,11,CMP-0014,"May 06, 2025", Demo Request ,no
INT-0011753,1348,CMP-0028,12-06-2025,impression,no
INT-0011754,679,CMP-0006,28/10/2025, Click,no
INT-0011755,679,CMP-0024,09/30/2025,impression,no
INT-0011756,772,CMP-0024,12/05/2025,IMPRESSION,Yes 
INT-0011757,767,CMP-0014,10/06/2025, Impression ,no
INT-0011758,632,CMP-0013,06-10-2025,email open, No
INT-0011759,1173,CMP-0012,05 May 2025, Website Visit,no
INT-0011760,353,CMP-0004,23/02/2025,impression,No 
INT-0011761,424,CMP-0022,31/03/2025, Click ,no
INT-0011762,1181,CMP-0004,04/05/2025, Click,NO
INT-0011763,707,CMP-0010,07/24/2025, Trial Signup ,yes
INT-0011764,1021,CMP-0026,04/04/2025,Click ,Yes
INT-0011765,1463,CMP-0018,07/01/2025,WEBSITE VISIT, Yes 
INT-0011766,249,CMP-0024,11-07-2025,Trial Signup , No 
INT-0011767,1051,CMP-0015,08/29/2025, Email Open,YES
INT-0011768,801,CMP-0021,"Oct 03, 2025",Trial Signup,Yes 
INT-0011769,858,CMP-0023,29 Jul 2025,trial signup,no
INT-0011770,739,CMP-0015,"Nov 14, 2025",IMPRESSION,NO
INT-0011771,793,CMP-0025,2025-08-02,impression,No 
INT-0011772,1295,CMP-0016,09-11-2025, Impression ,No
INT-0011773,1415,CMP-0023,29-07-2025, Click, No 
INT-0011774,1387,CMP-0013,"Mar 07, 2025", Impression, No 
INT-0011775,141,CMP-0018,01 Feb 2025,Demo Request,Yes 
INT-0011776,742,CMP-0017,2025-09-26,demo request, No
INT-0011777,1169,CMP-0029,08/11/2025, Click, Yes
INT-0011778,1317,CMP-0021,28/05/2025,WEBSITE VISIT, No
INT-0011779,1050,CMP-0007,25 Jul 2025,Trial Signup , No 
INT-0011780,198,CMP-0009,"Dec 24, 2025",Demo Request, No 
INT-0011781,1261,CMP-0021,28/04/2025, Click, No 
INT-0011782,274,CMP-0012,12/09/2025,click, No
INT-0011783,410,CMP-0007,13 Aug 2025, Demo Request, No
INT-0011784,1171,CMP-0018,05/29/2025,Trial Signup ,no
INT-0011785,1099,CMP-0014,22-05-2025, Website Visit,no
INT-0011786,232,CMP-0019,07/06/2025,Click, No
INT-0011787,741,CMP-0014,10/26/2025,Trial Signup,Yes
INT-0011788,295,CMP-0023,01/02/2025,Trial Signup,No 
INT-0011789,1162,CMP-0010,11 Apr 2025, Trial Signup ,Yes
INT-0011790,1139,CMP-0021,07/13/2025, Click ,no
INT-0011791,500,CMP-0005,11/07/2025, Trial Signup,No
INT-0011792,1219,CMP-0018,11-01-2025,Demo Request , No 
INT-0011793,507,CMP-0021,07/23/2025,Click ,No 
INT-0011794,1196,CMP-0025,"May 21, 2025", Impression,No
INT-0011795,1446,CMP-0030,26/10/2025,Impression, No
INT-0011796,754,CMP-0008,2025-08-23,Trial Signup , No 
INT-0011797,710,CMP-0004,2025-12-12,DEMO REQUEST, No 
INT-0011798,752,CMP-0022,19-11-2025, Trial Signup,Yes 
INT-0011799,1022,CMP-0011,03/10/2025, Click , No 
INT-0011800,93,CMP-0014,10/11/2025,Impression ,NO
INT-0011801,1034,CMP-0010,2025-10-25,Click,YES
INT-0011802,1193,CMP-0002,2025-11-08,Email Open,no
INT-0011803,1108,CMP-0021,"Oct 04, 2025",Click, Yes 
INT-0011804,928,CMP-0020,24/09/2025,Email Open ,No
INT-0011805,507,CMP-0029,24 Aug 2025,Website Visit,no
INT-0011806,397,CMP-0005,22/02/2025,click, No
INT-0011807,268,CMP-0024,2025-04-05,click,YES
INT-0011808,422,CMP-0009,2025-02-04,EMAIL OPEN,NO
INT-0011809,160,CMP-0008,10/10/2025,click,Yes 
INT-0011810,66,CMP-0001,16 Jul 2025,Trial Signup,no
INT-0011811,99,CMP-0003,23 Jun 2025, Impression,No
INT-0011812,687,CMP-0014,11/26/2025,TRIAL SIGNUP,Yes
INT-0011813,638,CMP-0022,"Oct 25, 2025", Website Visit, No
INT-0011814,753,CMP-0011,10 Nov 2025, Click,no
INT-0011815,186,CMP-0008,15/06/2025,TRIAL SIGNUP, No 
INT-0011816,913,CMP-0030,06/21/2025,Demo Request , Yes 
INT-0011817,1310,CMP-0027,12/05/2025, Website Visit , No
INT-0011818,1346,CMP-0015,03/06/2025,Email Open , No
INT-0011819,115,CMP-0001,08-01-2025, Demo Request ,NO
INT-0011820,1061,CMP-0001,30-09-2025,Email Open ,NO
INT-0011821,221,CMP-0006,19 Aug 2025,website visit, Yes
INT-0011822,449,CMP-0016,03/02/2025,Impression, No 
INT-0011823,1463,CMP-0009,11/18/2025,Demo Request,No
INT-0011824,956,CMP-0016,19-05-2025,TRIAL SIGNUP,NO
INT-0011825,658,CMP-0001,28 Nov 2025, Impression ,NO
INT-0011826,721,CMP-0030,12 Dec 2025, Impression,No
INT-0011827,894,CMP-0002,08/06/2025, Demo Request ,yes
INT-0011828,677,CMP-0016,03 Apr 2025, Impression , No
INT-0011829,447,CMP-0011,26-07-2025,email open,YES
INT-0011830,1420,CMP-0026,"Dec 13, 2025", Email Open, No
INT-0011831,1475,CMP-0001,"Dec 10, 2025", Website Visit,No
INT-0011832,564,CMP-0024,08/04/2025, Demo Request , No
INT-0011833,1465,CMP-0006,19/04/2025, Email Open,No
INT-0011834,667,CMP-0021,04/01/2025,Demo Request,No 
INT-0011835,97,CMP-0028,2025-12-16,Demo Request ,No
INT-0011836,863,CMP-0001,22-09-2025,click, Yes 
INT-0011837,62,CMP-0007,03 Oct 2025, Email Open ,No
INT-0011838,594,CMP-0018,10/23/2025,CLICK, No 
INT-0011839,96,CMP-0025,"Feb 24, 2025",website visit, No
INT-0011840,877,CMP-0002,"Sep 02, 2025", Click , No 
INT-0011841,999,CMP-0001,2025-11-08,EMAIL OPEN, No 
INT-0011842,1344,CMP-0014,04/11/2025,website visit,Yes 
INT-0011843,260,CMP-0006,11-11-2025,website visit,no
INT-0011844,695,CMP-0006,28 Oct 2025,Email Open,No 
INT-0011845,43,CMP-0010,"Jul 01, 2025", Email Open ,NO
INT-0011846,225,CMP-0025,2025-03-01,Website Visit,no
INT-0011847,299,CMP-0019,2025-10-20, Trial Signup , No
INT-0011848,1430,CMP-0007,17-07-2025,Demo Request,NO
INT-0011849,71,CMP-0014,"May 18, 2025",Impression,No 
INT-0011850,1353,CMP-0026,"Aug 09, 2025", Email Open , No
INT-0011851,239,CMP-0007,21-12-2025,Impression ,NO
INT-0011852,507,CMP-0005,14-09-2025, Click, No 
INT-0011853,335,CMP-0011,02/01/2025,Impression, Yes
INT-0011854,438,CMP-0011,"Jul 24, 2025",demo request, No 
INT-0011855,798,CMP-0010,"Dec 09, 2025", Demo Request ,No
INT-0011856,1441,CMP-0022,03/09/2025,Website Visit ,no
INT-0011857,926,CMP-0011,"Apr 08, 2025",click, No
INT-0011858,101,CMP-0026,04-07-2025,Click ,No 
INT-0011859,1202,CMP-0012,07-10-2025,Website Visit ,No
INT-0011860,555,CMP-0005,15 Dec 2025,Trial Signup ,No
INT-0011861,1014,CMP-0020,25/01/2025,Demo Request,no
INT-0011862,974,CMP-0020,19 Nov 2025,Click , Yes 
INT-0011863,990,CMP-0030,15/06/2025, Click ,NO
INT-0011864,327,CMP-0012,05/03/2025,Website Visit,No
INT-0011865,1376,CMP-0017,01/08/2025,Trial Signup ,Yes 
INT-0011866,158,CMP-0002,16 May 2025, Trial Signup , No 
INT-0011867,142,CMP-0012,20 Sep 2025,Demo Request, No 
INT-0011868,1324,CMP-0003,07-03-2025,Email Open ,NO
INT-0011869,1226,CMP-0028,08-03-2025, Demo Request,No
INT-0011870,233,CMP-0001,21-08-2025,impression,no
INT-0011871,491,CMP-0002,13 Sep 2025, Click,NO
INT-0011872,1303,CMP-0012,07-12-2025,impression,no
INT-0011873,300,CMP-0008,16 Apr 2025,Demo Request,No
INT-0011874,1159,CMP-0020,08/04/2025,Demo Request,NO
INT-0011875,1013,CMP-0013,"Apr 04, 2025", Demo Request ,no
INT-0011876,283,CMP-0015,26 Oct 2025, Click , No 
INT-0011877,549,CMP-0003,"Apr 06, 2025",EMAIL OPEN,no
INT-0011878,1402,CMP-0010,2025-12-21, Email Open,no
INT-0011879,1217,,2025-04-02,Impression ,No 
INT-0011880,933,CMP-0011,2025-09-19, Trial Signup ,No 
INT-0011881,1372,CMP-0014,04/01/2025, Email Open , No
INT-0011882,949,CMP-0011,08/21/2025,website visit,NO
INT-0011883,1146,CMP-0022,"Feb 27, 2025", Email Open ,No
INT-0011884,1361,CMP-0005,2025-11-02,Website Visit,No
INT-0011885,104,CMP-0027,2025-07-09, Impression,NO
INT-0011886,60,CMP-0001,2025-10-15,Website Visit ,NO
INT-0011887,1425,CMP-0010,"Dec 02, 2025",demo request,No
INT-0011888,193,CMP-0003,"Feb 02, 2025", Demo Request,YES
INT-0011889,723,CMP-0019,"Oct 25, 2025",Email Open , Yes 
INT-0011890,307,CMP-0025,2025-03-22,WEBSITE VISIT, No
INT-0011891,198,CMP-0004,04 Dec 2025,TRIAL SIGNUP,No
INT-0011892,287,CMP-0017,"Sep 15, 2025",click,No
INT-0011893,1232,CMP-0026,08/10/2025, Click ,No
INT-0011894,1003,CMP-0012,"Dec 29, 2025",IMPRESSION,no
INT-0011895,1345,CMP-0027,"Aug 15, 2025",WEBSITE VISIT,No 
INT-0011896,1478,CMP-0014,01-04-2025,email open,yes
INT-0011897,450,CMP-0020,15/09/2025,Website Visit,No 
INT-0011898,607,CMP-0012,11/21/2025, Impression,Yes 
INT-0011899,267,CMP-0015,11-11-2025, Trial Signup,No 
INT-0011900,976,CMP-0025,"Feb 17, 2025",EMAIL OPEN,no
INT-0011901,1060,CMP-0009,"Feb 14, 2025",Website Visit ,YES
INT-0011902,156,CMP-0004,25-03-2025,Email Open ,Yes 
INT-0011903,112,CMP-0021,"Sep 07, 2025", Demo Request , No
INT-0011904,124,CMP-0027,2025-07-13,Demo Request , Yes
INT-0011905,525,CMP-0006,2025-11-23,website visit, No
INT-0011906,1273,CMP-0009,19 Oct 2025,IMPRESSION,NO
INT-0011907,1210,CMP-0021,10/01/2025,trial signup, No 
INT-0011908,26,CMP-0023,30/06/2025,click,No
INT-0011909,356,CMP-0026,10/01/2025, Impression,Yes
INT-0011910,138,CMP-0021,15 Jun 2025,Demo Request, Yes 
INT-0011911,1275,CMP-0002,13/03/2025,WEBSITE VISIT,yes
INT-0011912,798,CMP-0012,04/09/2025, Click,Yes
INT-0011913,969,CMP-0002,2025-10-03, Click, Yes
INT-0011914,684,CMP-0017,2025-08-22,Impression , No
INT-0011915,261,CMP-0011,19/01/2025, Email Open ,no
INT-0011916,894,CMP-0023,27 Jul 2025,Impression ,NO
INT-0011917,146,CMP-0013,2025-07-01,demo request,NO
INT-0011918,279,CMP-0029,13/02/2025,Click, No
INT-0011919,1279,CMP-0019,2025-10-14, Website Visit , No
INT-0011920,518,CMP-0023,25-02-2025, Email Open ,Yes
INT-0011921,1046,CMP-0020,2025-08-02, Website Visit, No 
INT-0011922,866,CMP-0010,"Feb 16, 2025",email open, No
INT-0011923,326,CMP-0020,01-07-2025,EMAIL OPEN,No
INT-0011924,374,CMP-0013,19/06/2025,DEMO REQUEST, No 
INT-0011925,1221,CMP-0019,01-12-2025,Trial Signup,no
INT-0011926,743,CMP-0028,2025-01-15, Demo Request ,No 
INT-0011927,775,CMP-0023,2025-11-15,trial signup,No 
INT-0011928,1459,CMP-0028,01/01/2025,EMAIL OPEN,YES
INT-0011929,1186,CMP-0029,04/04/2025,demo request, No
INT-0011930,641,CMP-0016,07/19/2025, Impression ,No
INT-0011931,926,CMP-0005,07/09/2025,Website Visit ,NO
INT-0011932,1493,CMP-0025,2025-04-11,Website Visit ,No 
INT-0011933,1392,CMP-0014,2025-08-05,Email Open,YES
INT-0011934,1285,CMP-0015,"Mar 04, 2025",Demo Request ,No 
INT-0011935,654,CMP-0008,2025-06-22,email open, No
INT-0011936,223,CMP-0006,"Nov 07, 2025", Click ,No 
INT-0011937,552,CMP-0020,07/18/2025, Click ,NO
INT-0011938,84,CMP-0003,13/02/2025,Demo Request ,NO
INT-0011939,700,CMP-0014,07/09/2025, Website Visit ,Yes
INT-0011940,1106,CMP-0025,30-09-2025,IMPRESSION, No
INT-0011941,785,CMP-0007,11 May 2025,demo request,No 
INT-0011942,313,CMP-0019,2025-05-03, Website Visit ,No 
INT-0011943,753,CMP-0003,"Dec 08, 2025",Email Open ,No 
INT-0011944,516,CMP-0011,2025-11-04,Impression,no
INT-0011945,485,CMP-0006,03/08/2025,demo request, No 
INT-0011946,624,CMP-0004,07/13/2025, Email Open ,No 
INT-0011947,1209,CMP-0004,02 Jan 2025,Trial Signup,NO
INT-0011948,1082,CMP-0016,2025-06-04,website visit,no
INT-0011949,1273,CMP-0027,29/10/2025, Email Open,NO
INT-0011950,506,CMP-0018,"Feb 12, 2025",Demo Request , No 
INT-0011951,787,CMP-0014,12-02-2025,Click,no
INT-0011952,164,CMP-0028,14/01/2025,click, No 
INT-0011953,159,CMP-0023,2025-03-14,TRIAL SIGNUP, No 
INT-0011954,446,CMP-0017,2025-06-22,Demo Request,no
INT-0011955,1206,CMP-0028,26/05/2025,email open,no
INT-0011956,1229,,28/08/2025,TRIAL SIGNUP, No
INT-0011957,992,CMP-0023,06/03/2025, Email Open ,Yes 
INT-0011958,521,CMP-0026,06-12-2025,DEMO REQUEST,no
INT-0011959,106,CMP-0004,10-12-2025,demo request,NO
INT-0011960,790,CMP-0022,2025-11-29,Website Visit , No
INT-0011961,376,CMP-0008,12/15/2025, Email Open , No 
INT-0011962,1200,CMP-0029,2025-07-25, Click,NO
INT-0011963,891,CMP-0014,"Jan 24, 2025",Website Visit,Yes
INT-0011964,1235,CMP-0023,05/20/2025,trial signup,Yes
INT-0011965,651,CMP-0011,2025-05-08, Email Open , No 
INT-0011966,1206,CMP-0021,28-02-2025,EMAIL OPEN,NO
INT-0011967,42,CMP-0002,01 Mar 2025,Impression , Yes
INT-0011968,1176,CMP-0024,04/12/2025, Click, No
INT-0011969,1342,CMP-0022,"Apr 25, 2025",website visit,NO
INT-0011970,1278,CMP-0027,05 Apr 2025,impression,NO
INT-0011971,1433,CMP-0023,05/01/2025,email open, No 
INT-0011972,1217,CMP-0030,10/20/2025,CLICK, No 
INT-0011973,837,CMP-0004,12/16/2025, Demo Request,No 
INT-0011974,1145,CMP-0010,"Aug 23, 2025",Email Open ,no
INT-0011975,147,CMP-0009,2025-10-16, Website Visit, No 
INT-0011976,1118,CMP-0006,14-07-2025, Trial Signup, Yes 
INT-0011977,537,CMP-0007,07 Sep 2025,Trial Signup ,Yes
INT-0011978,780,CMP-0026,"Nov 09, 2025", Click, Yes
INT-0011979,878,CMP-0001,06/10/2025,website visit,no
INT-0011980,707,CMP-0030,14/07/2025, Website Visit , Yes 
INT-0011981,472,CMP-0027,"Jan 18, 2025", Impression ,NO
INT-0011982,31,CMP-0017,04-04-2025, Impression, No
INT-0011983,1295,CMP-0003,"Mar 18, 2025",Impression ,no
INT-0011984,1219,CMP-0011,2025-11-05,click, Yes 
INT-0011985,783,CMP-0017,18-08-2025,CLICK,No 
INT-0011986,1368,CMP-0026,07-07-2025,Click, No
INT-0011987,1254,CMP-0015,18-07-2025, Website Visit ,No 
INT-0011988,1356,CMP-0027,13/11/2025,click,No 
INT-0011989,222,CMP-0016,"Jul 25, 2025",demo request, Yes 
INT-0011990,20,CMP-0003,03/29/2025,Click,No
INT-0011991,1324,CMP-0011,04/17/2025,Demo Request ,No
INT-0011992,386,CMP-0002,05/07/2025,click,No
INT-0011993,869,,22-10-2025, Click ,No 
INT-0011994,763,CMP-0005,08-07-2025,Click, No
INT-0011995,440,,04/16/2025, Website Visit,No 
INT-0011996,1468,CMP-0010,"Apr 27, 2025", Website Visit , Yes
INT-0011997,1330,CMP-0010,21-12-2025,email open,Yes
INT-0011998,461,CMP-0016,16/05/2025,Website Visit ,No 
INT-0011999,86,CMP-0018,"Aug 19, 2025", Impression ,YES
INT-0012000,1209,CMP-0024,02 Jul 2025,Demo Request , No 
INT-0012001,122,CMP-0010,"Aug 05, 2025", Trial Signup ,no
INT-0012002,429,CMP-0010,06/01/2025,CLICK,NO
INT-0012003,720,CMP-0025,10/12/2025,Email Open,yes
INT-0012004,920,CMP-0004,04-04-2025, Trial Signup,No 
INT-0012005,817,CMP-0015,07/13/2025,website visit,No
INT-0012006,1330,CMP-0022,07/24/2025, Website Visit,NO
INT-0012007,775,CMP-0002,01/19/2025,Impression, No 
INT-0012008,823,CMP-0018,30/04/2025, Impression,NO
INT-0012009,116,CMP-0012,"May 26, 2025",impression,no
INT-0012010,60,CMP-0030,2025-05-17, Website Visit ,no
INT-0012011,213,CMP-0015,2025-03-24,email open, No 
INT-0012012,1035,CMP-0004,"Jan 31, 2025",trial signup,No 
INT-0012013,1414,CMP-0017,23-03-2025,DEMO REQUEST,No
INT-0012014,125,CMP-0024,23-01-2025,Click,No 
INT-0012015,832,CMP-0028,13-11-2025,Demo Request,No 
INT-0012016,173,CMP-0023,2025-07-18,Trial Signup, No
INT-0012017,696,CMP-0014,"Jul 30, 2025", Email Open ,No
INT-0012018,949,CMP-0022,08-12-2025,Impression,NO
INT-0012019,414,CMP-0021,01/06/2025,WEBSITE VISIT, Yes
INT-0012020,534,CMP-0006,14-02-2025,Email Open,yes
INT-0012021,1361,CMP-0005,"Jan 03, 2025",Website Visit ,no
INT-0012022,1179,CMP-0017,2025-06-02, Click,No
INT-0012023,248,CMP-0025,04/18/2025,Website Visit ,No
INT-0012024,645,CMP-0005,"Oct 10, 2025",Trial Signup,no
INT-0012025,256,CMP-0025,05/30/2025, Demo Request, No
INT-0012026,920,CMP-0002,26/11/2025,click, No
INT-0012027,1348,CMP-0013,"Jan 28, 2025",IMPRESSION, Yes
INT-0012028,23,CMP-0018,06/30/2025,email open, No
INT-0012029,41,CMP-0027,2025-11-21,Click,NO
INT-0012030,1389,CMP-0025,"Jan 09, 2025",EMAIL OPEN,No
INT-0012031,1018,CMP-0005,23/01/2025, Website Visit ,No
INT-0012032,1268,CMP-0017,2025-12-31, Demo Request,no
INT-0012033,299,CMP-0023,15 Nov 2025,TRIAL SIGNUP,No
INT-0012034,805,CMP-0012,14 Jul 2025,impression,No
INT-0012035,491,CMP-0014,"Aug 04, 2025", Impression ,No 
INT-0012036,381,CMP-0016,25/01/2025, Email Open ,NO
INT-0012037,1077,CMP-0002,05/12/2025,Website Visit,NO
INT-0012038,1175,CMP-0022,20/09/2025,EMAIL OPEN,no
INT-0012039,881,CMP-0027,"May 07, 2025",email open, Yes
INT-0012040,251,CMP-0020,01/28/2025,IMPRESSION,Yes 
INT-0012041,1100,CMP-0005,30-11-2025,Email Open,NO
INT-0012042,998,CMP-0005,10/01/2025,WEBSITE VISIT, No 
INT-0012043,1462,CMP-0017,10 Dec 2025,Trial Signup ,no
INT-0012044,1220,CMP-0001,24 Dec 2025,trial signup,NO
INT-0012045,77,CMP-0014,10/24/2025, Email Open, No
INT-0012046,1062,CMP-0007,02/12/2025,Impression ,No 
INT-0012047,320,CMP-0007,"Apr 21, 2025",Trial Signup , No 
INT-0012048,86,CMP-0013,08/28/2025,Website Visit ,NO
INT-0012049,1174,CMP-0015,12-04-2025,Demo Request, Yes
INT-0012050,314,CMP-0005,28 Oct 2025, Website Visit,NO
INT-0012051,976,CMP-0003,05 Aug 2025,Website Visit,no
INT-0012052,565,CMP-0002,2025-08-17,EMAIL OPEN, No 
INT-0012053,1169,CMP-0014,"Jul 09, 2025", Demo Request , No
INT-0012054,275,CMP-0022,2025-10-26, Trial Signup,Yes
INT-0012055,258,CMP-0008,"Aug 15, 2025",impression, No 
INT-0012056,739,CMP-0014,05-04-2025,Email Open,No 
INT-0012057,795,CMP-0007,22/11/2025,Impression,Yes 
INT-0012058,1322,CMP-0015,2025-11-27,demo request, No 
INT-0012059,1276,CMP-0027,09/03/2025,demo request,No
INT-0012060,1321,CMP-0020,2025-04-08,email open, No
INT-0012061,170,CMP-0008,2025-04-05,Email Open,yes
INT-0012062,1007,CMP-0004,2025-07-03,trial signup, Yes 
INT-0012063,1066,CMP-0024,11/07/2025,Website Visit ,No 
INT-0012064,213,CMP-0006,09 Apr 2025,email open,No 
INT-0012065,184,CMP-0019,11/08/2025, Trial Signup,No
INT-0012066,334,CMP-0024,11/30/2025, Trial Signup,No 
INT-0012067,1282,CMP-0028,29 Aug 2025,Impression , Yes 
INT-0012068,865,CMP-0007,2025-06-30,Impression ,no
INT-0012069,1417,CMP-0028,"Jul 29, 2025",Impression,No
INT-0012070,203,CMP-0005,25-04-2025,DEMO REQUEST, No 
INT-0012071,851,CMP-0004,24-04-2025, Trial Signup , Yes
INT-0012072,321,CMP-0004,29-06-2025, Website Visit , No 
INT-0012073,1257,CMP-0021,"Jul 28, 2025", Trial Signup ,no
INT-0012074,1036,CMP-0002,18-05-2025,Trial Signup , Yes 
INT-0012075,1192,CMP-0020,04/28/2025,click,NO
INT-0012076,986,CMP-0024,24/10/2025,Website Visit , No 
INT-0012077,1039,CMP-0019,2025-10-15, Click , Yes 
INT-0012078,400,CMP-0028,16/07/2025,Website Visit,YES
INT-0012079,1474,CMP-0030,2025-06-05,Email Open,No 
INT-0012080,1241,CMP-0005,"Sep 16, 2025", Website Visit, No
INT-0012081,358,CMP-0023,2025-01-06,impression,Yes
INT-0012082,197,CMP-0028,29-03-2025,IMPRESSION,No
INT-0012083,1018,CMP-0022,27 Jul 2025,Trial Signup,No
INT-0012084,1405,CMP-0020,07/13/2025, Email Open,yes
INT-0012085,1434,CMP-0010,30 Sep 2025,demo request, No
INT-0012086,33,CMP-0008,08/01/2025,TRIAL SIGNUP,NO
INT-0012087,877,CMP-0030,17/01/2025,Email Open, No
INT-0012088,1260,CMP-0030,18-09-2025,Trial Signup ,NO
INT-0012089,948,CMP-0016,08/07/2025, Email Open ,NO
INT-0012090,1283,CMP-0002,12/06/2025, Website Visit , Yes 
INT-0012091,635,CMP-0003,"Jul 13, 2025",Impression ,NO
INT-0012092,576,CMP-0012,2025-03-28,WEBSITE VISIT, No
INT-0012093,819,CMP-0020,2025-05-17,Trial Signup,No
INT-0012094,554,CMP-0024,09 Aug 2025,EMAIL OPEN,no
INT-0012095,847,CMP-0020,2025-03-22, Click,No 
INT-0012096,1047,,2025-07-24,Impression,No
INT-0012097,132,CMP-0003,"Jan 06, 2025",trial signup,YES
INT-0012098,1223,CMP-0009,12/09/2025,impression,Yes
INT-0012099,1229,CMP-0028,2025-12-31,EMAIL OPEN,NO
INT-0012100,176,CMP-0018,27 Feb 2025, Click , No
INT-0012101,1355,CMP-0006,2025-01-06, Trial Signup ,NO
INT-0012102,1376,CMP-0008,28/04/2025,Impression,No
INT-0012103,1008,CMP-0028,08/15/2025,impression, No 
INT-0012104,872,CMP-0013,03/11/2025, Impression,No 
INT-0012105,1313,CMP-0004,2025-03-15,Demo Request,No
INT-0012106,235,CMP-0027,2025-05-21,CLICK, No
INT-0012107,473,CMP-0029,02/15/2025, Trial Signup ,No 
INT-0012108,1037,CMP-0028,13/03/2025, Email Open,No 
INT-0012109,300,CMP-0030,"Dec 17, 2025", Trial Signup, No
INT-0012110,1095,CMP-0020,14-02-2025,Demo Request , No
INT-0012111,671,CMP-0027,08-12-2025, Demo Request, No 
INT-0012112,1464,CMP-0022,23 Dec 2025, Impression, No
INT-0012113,661,CMP-0028,20/09/2025, Demo Request ,No
INT-0012114,1130,CMP-0019,01 Feb 2025, Email Open ,No 
INT-0012115,1325,CMP-0017,12-03-2025,click,YES
INT-0012116,1328,CMP-0014,"Dec 24, 2025", Demo Request ,no
INT-0012117,409,CMP-0022,09/12/2025,DEMO REQUEST, Yes 
INT-0012118,545,CMP-0010,2025-09-30, Demo Request ,NO
INT-0012119,1248,CMP-0030,"Nov 17, 2025",Demo Request ,No
INT-0012120,1249,CMP-0013,23-03-2025,email open, No 
INT-0012121,651,CMP-0008,04/22/2025,website visit,NO
INT-0012122,906,CMP-0030,15/12/2025, Click ,No 
INT-0012123,1114,CMP-0016,2025-12-08,Impression, No 
INT-0012124,282,CMP-0001,2025-09-29,Website Visit , Yes
INT-0012125,933,CMP-0027,29/12/2025, Impression, No
INT-0012126,1131,CMP-0023,23 Jun 2025,Email Open , No 
INT-0012127,1054,CMP-0012,15/03/2025,WEBSITE VISIT, No 
INT-0012128,714,CMP-0007,14/12/2025,CLICK, No 
INT-0012129,255,CMP-0027,10/04/2025,trial signup, No
INT-0012130,837,CMP-0019,2025-07-20,Email Open,No 
INT-0012131,1396,CMP-0011,09/03/2025,IMPRESSION,No 
INT-0012132,719,CMP-0017,10/29/2025,Impression ,No 
INT-0012133,298,CMP-0004,30/08/2025,Demo Request,no
INT-0012134,720,CMP-0025,23/08/2025, Trial Signup,NO
INT-0012135,1156,CMP-0008,09 Oct 2025,Demo Request , No 
INT-0012136,313,CMP-0028,26-04-2025, Email Open ,No
INT-0012137,1256,CMP-0021,"Apr 21, 2025", Click , No
INT-0012138,612,CMP-0013,2025-11-04, Click,NO
INT-0012139,1205,CMP-0012,15 Feb 2025,DEMO REQUEST,YES
INT-0012140,705,CMP-0018,13-11-2025, Trial Signup ,Yes
INT-0012141,468,CMP-0021,19 Feb 2025,Trial Signup,No
INT-0012142,1,CMP-0002,"Jan 05, 2025",trial signup,No
INT-0012143,1480,,2025-09-25, Trial Signup , Yes
INT-0012144,903,CMP-0003,28/12/2025,WEBSITE VISIT, No 
INT-0012145,1231,CMP-0010,12/09/2025, Impression, No 
INT-0012146,739,CMP-0029,30-10-2025,email open, No 
INT-0012147,125,CMP-0021,20 May 2025, Impression ,No 
INT-0012148,617,CMP-0022,13 Jan 2025,Website Visit , Yes
INT-0012149,744,CMP-0016,21 Jan 2025, Email Open ,no
INT-0012150,790,CMP-0028,01-11-2025,email open,No
INT-0012151,512,CMP-0017,05/09/2025,email open,No
INT-0012152,826,CMP-0022,"Feb 23, 2025",Click ,No 
INT-0012153,877,CMP-0009,04 Apr 2025, Impression,Yes 
INT-0012154,653,CMP-0006,01 Aug 2025,website visit,No
INT-0012155,833,CMP-0028,13-02-2025,Click ,NO
INT-0012156,1248,CMP-0004,09/15/2025,Trial Signup,No
INT-0012157,949,CMP-0007,11/16/2025,demo request,No
INT-0012158,1250,CMP-0006,18/06/2025,website visit,No 
INT-0012159,799,CMP-0010,01/11/2025,Impression , No 
INT-0012160,1093,CMP-0023,"Oct 31, 2025",Impression,No 
INT-0012161,1322,CMP-0029,"Mar 06, 2025", Trial Signup ,No
INT-0012162,1497,CMP-0006,18/02/2025,Website Visit, No
INT-0012163,286,CMP-0013,2025-05-25,Website Visit ,no
INT-0012164,651,CMP-0014,09 Mar 2025,Trial Signup,NO
INT-0012165,1260,CMP-0022,10/12/2025, Website Visit , No 
INT-0012166,212,CMP-0022,07/09/2025,email open,No
INT-0012167,609,CMP-0021,16 Sep 2025, Website Visit ,no
INT-0012168,914,CMP-0014,2025-01-11,IMPRESSION, No 
INT-0012169,120,CMP-0009,12/02/2025, Email Open , No 
INT-0012170,672,CMP-0030,02/24/2025,trial signup,NO
INT-0012171,814,CMP-0012,2025-11-03,EMAIL OPEN,no
INT-0012172,85,CMP-0020,03-01-2025, Email Open ,no
INT-0012173,722,CMP-0012,2025-03-26,TRIAL SIGNUP,No 
INT-0012174,1000,CMP-0016,"May 27, 2025",trial signup,NO
INT-0012175,970,CMP-0021,11-09-2025, Click , No 
INT-0012176,1278,CMP-0018,2025-08-10,DEMO REQUEST,No
INT-0012177,183,CMP-0030,22/04/2025, Demo Request,no
INT-0012178,53,CMP-0013,03-10-2025,Click , No 
INT-0012179,724,CMP-0012,23-04-2025,Demo Request,No
INT-0012180,239,CMP-0019,03-04-2025,trial signup, No 
INT-0012181,371,CMP-0020,17-04-2025,Website Visit,NO
INT-0012182,491,CMP-0017,01/23/2025,TRIAL SIGNUP, No 
INT-0012183,184,CMP-0009,18/11/2025, Email Open ,NO
INT-0012184,688,CMP-0028,"Jul 25, 2025", Trial Signup,NO
INT-0012185,822,CMP-0028,"Jun 25, 2025", Impression , No
INT-0012186,773,CMP-0017,03-05-2025,TRIAL SIGNUP,Yes
INT-0012187,405,CMP-0008,01/12/2025,Email Open ,No 
INT-0012188,849,CMP-0005,29/05/2025,Click,NO
INT-0012189,265,CMP-0017,2025-11-19,Website Visit,No 
INT-0012190,596,CMP-0013,27 Feb 2025,Impression ,No
INT-0012191,72,CMP-0008,2025-12-21,Demo Request ,No
INT-0012192,951,CMP-0013,09/01/2025,Trial Signup,No
INT-0012193,1129,CMP-0008,11/03/2025,IMPRESSION, No
INT-0012194,876,CMP-0019,03-04-2025, Trial Signup,no
INT-0012195,227,CMP-0018,04-06-2025, Click,yes
INT-0012196,895,CMP-0029,18-09-2025, Click,No
INT-0012197,1357,CMP-0023,23/11/2025,WEBSITE VISIT,No 
INT-0012198,1283,CMP-0028,14 May 2025,Click , No
INT-0012199,983,CMP-0006,24 Feb 2025,WEBSITE VISIT,no
INT-0012200,397,CMP-0014,2025-06-01, Demo Request,No
INT-0012201,1496,CMP-0026,02/12/2025,Trial Signup , No
INT-0012202,429,CMP-0025,2025-12-03, Click,no
INT-0012203,1297,CMP-0028,2025-02-09,impression,no
INT-0012204,1328,CMP-0002,01/09/2025, Impression,no
INT-0012205,451,CMP-0002,21/11/2025, Email Open, No
INT-0012206,1315,CMP-0008,"Aug 23, 2025", Impression ,Yes 
INT-0012207,409,CMP-0028,05/30/2025,Website Visit ,NO
INT-0012208,747,CMP-0025,2025-01-10, Trial Signup,NO
INT-0012209,209,CMP-0021,12/03/2025, Demo Request, No
INT-0012210,138,CMP-0024,23 Apr 2025,IMPRESSION, No 
INT-0012211,703,CMP-0019,26 Sep 2025,Email Open ,no
INT-0012212,357,CMP-0028,15-01-2025,email open,No 
INT-0012213,692,CMP-0017,09/29/2025,demo request,No
INT-0012214,1080,CMP-0021,24 Oct 2025,CLICK,No 
INT-0012215,1477,CMP-0016,05/27/2025,website visit,Yes
INT-0012216,699,CMP-0027,07/13/2025,website visit, No 
INT-0012217,1019,,28/01/2025,demo request,No 
INT-0012218,1434,CMP-0025,19/06/2025,email open,no
INT-0012219,151,CMP-0001,04-06-2025,email open, No
INT-0012220,1130,CMP-0026,28-07-2025,Website Visit , No
INT-0012221,1083,CMP-0004,05/07/2025,Impression,No 
INT-0012222,470,CMP-0024,2025-06-19, Trial Signup, No
INT-0012223,800,CMP-0013,01-11-2025,Website Visit,No
INT-0012224,1232,CMP-0023,10/21/2025, Demo Request, Yes 
INT-0012225,280,CMP-0004,2025-04-17,email open,no
INT-0012226,497,CMP-0017,03/06/2025,trial signup,No 
INT-0012227,301,CMP-0024,01 May 2025,click, No 
INT-0012228,911,,05/04/2025,DEMO REQUEST,no
INT-0012229,930,,08/05/2025,Email Open ,no
INT-0012230,875,CMP-0022,"Jan 07, 2025", Click,no
INT-0012231,899,CMP-0027,22 Jul 2025,demo request,NO
INT-0012232,678,,2025-12-01,DEMO REQUEST,Yes
INT-0012233,397,CMP-0018,04-08-2025,website visit, No 
INT-0012234,723,CMP-0017,07/11/2025,trial signup,yes
INT-0012235,441,CMP-0018,10/06/2025,Trial Signup,NO
INT-0012236,372,CMP-0017,26 Jun 2025,TRIAL SIGNUP,yes
INT-0012237,189,CMP-0011,30 Oct 2025,Demo Request , No 
INT-0012238,1007,CMP-0017,12 Dec 2025,Impression , No 
INT-0012239,787,CMP-0021,12/28/2025, Impression, No
INT-0012240,1347,CMP-0014,29-01-2025,Demo Request ,No
INT-0012241,1497,CMP-0019,13 Sep 2025,WEBSITE VISIT,No 
INT-0012242,176,CMP-0010,"Aug 04, 2025",EMAIL OPEN,No
INT-0012243,1139,CMP-0030,2025-05-30,Website Visit ,No 
INT-0012244,679,CMP-0025,20 Jul 2025,Click,No
INT-0012245,899,CMP-0024,17 Jun 2025,Demo Request,No 
INT-0012246,378,CMP-0011,"Aug 10, 2025", Impression,Yes
INT-0012247,1358,CMP-0026,22-01-2025, Demo Request,No
INT-0012248,652,CMP-0021,02/24/2025,trial signup,No
INT-0012249,1199,CMP-0003,06/19/2025, Website Visit,YES
INT-0012250,941,CMP-0018,02/26/2025, Trial Signup,Yes
INT-0012251,270,CMP-0015,"Mar 12, 2025",Click , No 
INT-0012252,681,CMP-0018,2025-11-22, Trial Signup , No 
INT-0012253,602,CMP-0007,19-02-2025,WEBSITE VISIT,no
INT-0012254,1032,CMP-0013,15-07-2025, Impression ,No
INT-0012255,166,CMP-0027,"Oct 29, 2025",Trial Signup, No
INT-0012256,61,CMP-0021,28/04/2025, Impression, Yes 
INT-0012257,276,CMP-0028,04/01/2025, Click ,No
INT-0012258,961,CMP-0006,12/05/2025,DEMO REQUEST,no
INT-0012259,250,CMP-0003,2025-09-22,TRIAL SIGNUP,Yes 
INT-0012260,344,CMP-0025,25-05-2025,Email Open, No
INT-0012261,986,CMP-0026,20-03-2025,Impression, No
INT-0012262,786,CMP-0013,06/11/2025, Impression,Yes
INT-0012263,797,CMP-0015,2025-09-16,EMAIL OPEN, Yes
INT-0012264,962,CMP-0008,02/08/2025,IMPRESSION, No 
INT-0012265,817,CMP-0014,11/23/2025,click,No
INT-0012266,481,CMP-0029,"Sep 18, 2025",trial signup,No
INT-0012267,237,CMP-0021,06 Jun 2025,Trial Signup ,no
INT-0012268,37,CMP-0016,11/14/2025,Email Open ,yes
INT-0012269,1339,,11 Dec 2025,Trial Signup ,No
INT-0012270,978,CMP-0018,"Apr 27, 2025", Website Visit , No
INT-0012271,218,CMP-0017,"Apr 28, 2025", Impression ,No 
INT-0012272,557,CMP-0007,2025-05-29,trial signup,Yes
INT-0012273,550,CMP-0026,18/12/2025,Website Visit ,yes
INT-0012274,621,CMP-0018,14-04-2025,CLICK, No
INT-0012275,1288,CMP-0009,05/09/2025, Demo Request ,NO
INT-0012276,899,CMP-0018,12 Mar 2025,click,no
INT-0012277,1461,CMP-0028,2025-08-24,Email Open ,No
INT-0012278,257,CMP-0030,07/01/2025,Trial Signup ,No 
INT-0012279,338,CMP-0024,"Apr 01, 2025",impression,no
INT-0012280,539,CMP-0017,16/05/2025, Impression,Yes
INT-0012281,945,CMP-0010,2025-11-02, Click , No 
INT-0012282,1468,CMP-0008,"Nov 26, 2025",Website Visit , No 
INT-0012283,1140,CMP-0029,05/13/2025,Trial Signup ,yes
INT-0012284,634,CMP-0014,"May 21, 2025",Email Open ,No 
INT-0012285,1338,CMP-0015,2025-10-04,email open,No
INT-0012286,428,CMP-0018,09/07/2025,Trial Signup,No
INT-0012287,1082,CMP-0011,"Dec 17, 2025",WEBSITE VISIT, No
INT-0012288,1212,CMP-0011,2025-06-03,email open,yes
INT-0012289,1268,CMP-0010,"Aug 10, 2025",Trial Signup, No
INT-0012290,1470,CMP-0003,30 Oct 2025,Email Open ,No
INT-0012291,1082,CMP-0002,"Feb 06, 2025", Website Visit ,YES
INT-0012292,1262,CMP-0008,06-11-2025,Demo Request,NO
INT-0012293,232,CMP-0024,05-02-2025,Trial Signup ,No 
INT-0012294,1067,CMP-0016,16-02-2025,CLICK, No
INT-0012295,148,CMP-0030,11/23/2025,CLICK, No 
INT-0012296,657,CMP-0025,15-04-2025,demo request,No
INT-0012297,150,CMP-0009,2025-05-31, Impression ,NO
INT-0012298,347,CMP-0013,06-07-2025,Impression,No 
INT-0012299,1099,CMP-0029,"Jan 12, 2025",CLICK, No 
INT-0012300,818,CMP-0008,"Oct 07, 2025", Email Open,NO
INT-0012301,45,CMP-0019,"Oct 20, 2025", Click ,no
INT-0012302,342,CMP-0026,2025-11-05,Demo Request,NO
INT-0012303,816,CMP-0006,08/23/2025,click,NO
INT-0012304,294,CMP-0003,25 Sep 2025, Trial Signup,NO
INT-0012305,102,CMP-0016,"May 03, 2025",Impression ,No
INT-0012306,172,CMP-0004,11/04/2025,Click , No 
INT-0012307,1275,CMP-0005,27 Aug 2025,Impression ,no
INT-0012308,971,CMP-0005,06/26/2025, Demo Request,no
INT-0012309,936,CMP-0012,03/31/2025,website visit, Yes 
INT-0012310,286,CMP-0003,11/05/2025,click,no
INT-0012311,637,CMP-0007,01/04/2025,Trial Signup , No
INT-0012312,1021,CMP-0008,2025-04-17,Trial Signup, No
INT-0012313,350,CMP-0013,02/02/2025,Trial Signup,no
INT-0012314,669,CMP-0025,15 Oct 2025, Click ,no
INT-0012315,1427,CMP-0002,21-04-2025,TRIAL SIGNUP,Yes 
INT-0012316,1004,CMP-0006,"Sep 02, 2025", Website Visit,no
INT-0012317,773,CMP-0020,06/01/2025, Trial Signup,NO
INT-0012318,802,CMP-0018,05-06-2025, Website Visit ,No
INT-0012319,514,CMP-0019,2025-05-11,Demo Request, No 
INT-0012320,1146,CMP-0013,"Dec 08, 2025",EMAIL OPEN,No
INT-0012321,176,CMP-0004,2025-05-27,Website Visit , No 
INT-0012322,918,CMP-0011,17-06-2025,Trial Signup, No 
INT-0012323,212,CMP-0017,"Sep 17, 2025",Impression,YES
INT-0012324,283,CMP-0021,"Mar 12, 2025", Demo Request,NO
INT-0012325,147,CMP-0012,05/09/2025,TRIAL SIGNUP,No 
INT-0012326,1422,,2025-01-06,Impression ,NO
INT-0012327,794,CMP-0013,02/09/2025,TRIAL SIGNUP,NO
INT-0012328,348,CMP-0019,"Jan 03, 2025",IMPRESSION,no
INT-0012329,538,CMP-0002,"Sep 24, 2025",trial signup,No 
INT-0012330,1358,CMP-0024,01/05/2025, Impression , No
INT-0012331,98,CMP-0010,"Dec 11, 2025",TRIAL SIGNUP,No 
INT-0012332,874,CMP-0006,03/18/2025,Website Visit, No 
INT-0012333,617,CMP-0013,"Aug 20, 2025", Email Open, No
INT-0012334,675,CMP-0015,16 Sep 2025,Website Visit ,No
INT-0012335,845,CMP-0025,04 Jun 2025,click,YES
INT-0012336,252,CMP-0019,2025-03-15,website visit,Yes 
INT-0012337,178,CMP-0017,2025-04-15,Impression,no
INT-0012338,398,CMP-0024,"May 02, 2025",Email Open, No 
INT-0012339,260,CMP-0013,2025-09-20,Demo Request, No
INT-0012340,271,CMP-0019,17 Mar 2025, Click , No
INT-0012341,422,CMP-0003,"Oct 26, 2025",website visit, No 
INT-0012342,120,CMP-0025,17 May 2025,Email Open, No
INT-0012343,1465,CMP-0028,23/11/2025,website visit,no
INT-0012344,455,CMP-0019,31 May 2025,Website Visit,Yes 
INT-0012345,819,CMP-0027,02/25/2025,Demo Request ,no
INT-0012346,1056,CMP-0029,26-10-2025,DEMO REQUEST,YES
INT-0012347,1321,CMP-0021,2025-07-14,Trial Signup ,yes
INT-0012348,1261,CMP-0002,27-12-2025, Demo Request,No
INT-0012349,57,CMP-0030,08/15/2025, Impression, Yes 
INT-0012350,1368,CMP-0017,07/20/2025,Impression, No
INT-0012351,1257,CMP-0006,19/08/2025,Impression ,NO
INT-0012352,1068,CMP-0010,2025-08-09,Click, No
INT-0012353,106,CMP-0001,25 Jan 2025, Website Visit ,No
INT-0012354,166,CMP-0016,11/13/2025,Impression,Yes
INT-0012355,265,CMP-0028,2025-12-06, Trial Signup , No 
INT-0012356,567,CMP-0002,2025-12-21,EMAIL OPEN,No
INT-0012357,751,CMP-0015,2025-08-18, Impression,NO
INT-0012358,418,CMP-0011,"Nov 25, 2025",Demo Request ,No
INT-0012359,714,CMP-0009,13/03/2025,TRIAL SIGNUP,No
INT-0012360,1397,CMP-0030,07 Jul 2025,Website Visit,No
INT-0012361,366,CMP-0018,08/04/2025, Email Open ,No 
INT-0012362,668,CMP-0002,"May 29, 2025", Trial Signup ,NO
INT-0012363,1135,CMP-0024,27 Aug 2025,EMAIL OPEN,Yes 
INT-0012364,770,CMP-0018,29 Dec 2025,Click,Yes 
INT-0012365,68,CMP-0006,01/12/2025, Click , No 
INT-0012366,1437,CMP-0016,2025-11-02,Website Visit ,No 
INT-0012367,960,CMP-0025,21-04-2025,Click,No
INT-0012368,619,CMP-0014,13/02/2025,email open,no
INT-0012369,776,CMP-0004,10-09-2025,trial signup,No
INT-0012370,113,CMP-0001,2025-10-27, Trial Signup ,No 
INT-0012371,1354,CMP-0002,"May 05, 2025",email open, No 
INT-0012372,138,CMP-0014,2025-02-16, Impression ,NO
INT-0012373,897,CMP-0002,02/16/2025,Demo Request ,Yes 
INT-0012374,1481,CMP-0020,08 Jun 2025,click,No 
INT-0012375,259,CMP-0004,28 Apr 2025,Email Open ,No
INT-0012376,126,CMP-0005,"Apr 15, 2025",Click,NO
INT-0012377,628,CMP-0030,"Aug 02, 2025",EMAIL OPEN,No 
INT-0012378,472,CMP-0017,2025-12-14,Trial Signup , No
INT-0012379,372,CMP-0002,02/09/2025,Website Visit,YES
INT-0012380,1053,CMP-0022,05 Jun 2025, Click,No
INT-0012381,1208,CMP-0015,18-06-2025,Demo Request ,NO
INT-0012382,500,CMP-0019,23 Sep 2025,Trial Signup ,NO
INT-0012383,1112,CMP-0017,07/30/2025, Impression ,No 
INT-0012384,595,CMP-0024,2025-01-01,DEMO REQUEST,NO
INT-0012385,736,CMP-0008,"Oct 21, 2025",website visit,No
INT-0012386,627,CMP-0003,"Apr 22, 2025", Impression ,no
INT-0012387,523,CMP-0014,2025-04-30,demo request,No 
INT-0012388,290,CMP-0009,09/13/2025, Trial Signup,No 
INT-0012389,830,CMP-0006,"Dec 16, 2025",Demo Request ,Yes 
INT-0012390,600,CMP-0017,12/03/2025,Demo Request , No 
INT-0012391,36,CMP-0020,15/06/2025,WEBSITE VISIT, No
INT-0012392,784,CMP-0027,"Jun 16, 2025",Email Open,NO
INT-0012393,465,CMP-0012,2025-10-13,Demo Request , No
INT-0012394,79,CMP-0023,10/14/2025,DEMO REQUEST,NO
INT-0012395,84,CMP-0009,2025-06-05, Demo Request ,no
INT-0012396,1015,CMP-0002,09/14/2025,Impression, No 
INT-0012397,772,CMP-0022,2025-12-02,Trial Signup,No 
INT-0012398,537,,18-12-2025,trial signup, No 
INT-0012399,733,CMP-0026,2025-03-14,Click , No 
INT-0012400,734,,09/22/2025,TRIAL SIGNUP,No 
INT-0012401,469,CMP-0015,2025-02-08,trial signup,no
INT-0012402,124,CMP-0019,10/05/2025,Email Open, No 
INT-0012403,143,CMP-0009,"May 11, 2025", Trial Signup ,NO
INT-0012404,655,CMP-0027,09-02-2025, Impression ,NO
INT-0012405,91,CMP-0020,08/07/2025, Click, Yes 
INT-0012406,388,CMP-0030,16/11/2025, Website Visit ,No 
INT-0012407,113,CMP-0011,"Mar 09, 2025",website visit,No 
INT-0012408,265,CMP-0003,"Jun 22, 2025", Trial Signup, No
INT-0012409,1214,CMP-0006,26 Mar 2025,Demo Request ,No
INT-0012410,922,CMP-0008,15/02/2025,trial signup,NO
INT-0012411,361,CMP-0025,"Dec 21, 2025", Email Open ,No
INT-0012412,1444,CMP-0025,11-06-2025, Email Open,no
INT-0012413,947,CMP-0016,2025-09-13,CLICK, No 
INT-0012414,739,CMP-0013,23/12/2025,CLICK,yes
INT-0012415,937,CMP-0029,06 Feb 2025, Click, Yes 
INT-0012416,880,CMP-0001,"Jan 09, 2025",click, No
INT-0012417,76,CMP-0009,17-05-2025,WEBSITE VISIT,No
INT-0012418,783,CMP-0016,19 Aug 2025,CLICK, No 
INT-0012419,924,CMP-0019,"Jul 25, 2025", Demo Request, No 
INT-0012420,172,CMP-0011,03 Oct 2025,Click ,No
INT-0012421,131,CMP-0029,"May 20, 2025", Click ,NO
INT-0012422,876,CMP-0010,23/09/2025,WEBSITE VISIT,No
INT-0012423,930,CMP-0007,"Oct 13, 2025",Impression,No
INT-0012424,191,CMP-0014,04/23/2025, Impression,No
INT-0012425,735,CMP-0020,11/21/2025, Email Open ,Yes 
INT-0012426,15,CMP-0021,11/18/2025, Impression, No 
INT-0012427,1070,CMP-0010,10/13/2025, Website Visit,YES
INT-0012428,943,CMP-0017,01/07/2025,Trial Signup , Yes
INT-0012429,1135,CMP-0029,"Sep 08, 2025", Website Visit,NO
INT-0012430,159,CMP-0027,21-01-2025, Click ,NO
INT-0012431,553,CMP-0006,07/02/2025,website visit, No 
INT-0012432,1243,CMP-0024,17/05/2025, Click ,No 
INT-0012433,897,CMP-0028,03-02-2025,click, No
INT-0012434,707,CMP-0009,23 Apr 2025, Impression ,NO
INT-0012435,4,CMP-0026,26/07/2025, Click , No
INT-0012436,499,CMP-0003,06/07/2025,Website Visit ,no
INT-0012437,608,CMP-0002,03 Jun 2025,impression, No 
INT-0012438,578,CMP-0010,16/10/2025,demo request,No
INT-0012439,1134,CMP-0007,01/12/2025,IMPRESSION, No 
INT-0012440,794,CMP-0011,01-12-2025, Click ,Yes
INT-0012441,1360,CMP-0019,19-03-2025, Impression ,NO
INT-0012442,368,,15/07/2025,Impression ,NO
INT-0012443,398,CMP-0022,2025-04-15,email open, No
INT-0012444,652,CMP-0005,27 Nov 2025,DEMO REQUEST,YES
INT-0012445,1412,CMP-0013,04-06-2025, Website Visit, Yes 
INT-0012446,1090,CMP-0028,"Jun 03, 2025",demo request,Yes
INT-0012447,1129,CMP-0014,22-04-2025, Demo Request ,No 
INT-0012448,710,CMP-0026,16/12/2025,website visit,No
INT-0012449,876,CMP-0028,18-05-2025,Demo Request,Yes
INT-0012450,406,CMP-0016,04 Mar 2025, Demo Request,Yes
INT-0012451,279,CMP-0007,09/13/2025, Demo Request ,No
INT-0012452,1280,CMP-0003,10-01-2025, Click ,No 
INT-0012453,1310,CMP-0016,"Nov 09, 2025", Email Open , Yes
INT-0012454,1024,CMP-0030,24 Feb 2025, Demo Request,no
INT-0012455,300,CMP-0030,"Jul 17, 2025",demo request,no
INT-0012456,617,CMP-0018,19-09-2025,Email Open , No 
INT-0012457,197,CMP-0023,16-08-2025, Website Visit, No
INT-0012458,1161,CMP-0028,2025-10-23,Impression ,No
INT-0012459,247,CMP-0016,"Feb 03, 2025",DEMO REQUEST, No 
INT-0012460,947,CMP-0016,14/08/2025, Demo Request ,Yes
INT-0012461,1442,CMP-0029,2025-06-25, Trial Signup,no
INT-0012462,559,CMP-0023,2025-11-15,Click, No 
INT-0012463,720,CMP-0013,07/11/2025,Impression ,No 
INT-0012464,103,CMP-0019,26 Dec 2025,click,NO
INT-0012465,1109,CMP-0027,2025-11-25,EMAIL OPEN,YES
INT-0012466,1379,CMP-0002,"Aug 24, 2025",demo request,Yes
INT-0012467,1382,CMP-0022,28 Feb 2025,impression, No
INT-0012468,348,CMP-0030,2025-05-02,email open,no
INT-0012469,32,CMP-0005,2025-09-06, Demo Request,NO
INT-0012470,1384,CMP-0003,05/20/2025, Impression,no
INT-0012471,164,CMP-0029,09/08/2025,Email Open, No 
INT-0012472,1090,CMP-0014,12/24/2025, Demo Request ,No 
INT-0012473,173,CMP-0030,14/07/2025,Trial Signup , No
INT-0012474,1102,CMP-0023,02 Apr 2025,Demo Request , No 
INT-0012475,865,CMP-0001,24 Jan 2025,Impression ,No
INT-0012476,721,CMP-0010,02/07/2025,Click ,NO
INT-0012477,962,CMP-0008,11-08-2025,Impression,Yes
INT-0012478,311,CMP-0011,29-09-2025, Demo Request ,No 
INT-0012479,1405,CMP-0027,"Feb 11, 2025", Website Visit , No 
INT-0012480,1412,CMP-0029,"Nov 02, 2025",Website Visit,no
INT-0012481,416,CMP-0021,01/01/2025, Email Open, Yes
INT-0012482,609,CMP-0017,05/02/2025,Demo Request , Yes 
INT-0012483,1143,CMP-0027,"Jul 21, 2025",IMPRESSION, No
INT-0012484,880,CMP-0022,28/08/2025,CLICK,no
INT-0012485,869,CMP-0007,04 Oct 2025, Click , No 
INT-0012486,487,CMP-0004,03/11/2025,Impression ,NO
INT-0012487,1247,CMP-0030,16-01-2025, Email Open ,No
INT-0012488,1156,CMP-0020,09/05/2025, Website Visit,no
INT-0012489,1047,CMP-0008,12/02/2025,Email Open,Yes
INT-0012490,224,CMP-0007,02/16/2025,Website Visit, No 
INT-0012491,850,CMP-0001,07/06/2025,TRIAL SIGNUP, No 
INT-0012492,1040,CMP-0019,"Dec 25, 2025",Trial Signup, No 
INT-0012493,749,CMP-0028,31-05-2025,Impression ,No 
INT-0012494,1090,CMP-0011,20-08-2025,Demo Request,no
INT-0012495,855,CMP-0002,"Dec 15, 2025",Click,NO
INT-0012496,91,CMP-0013,12-06-2025, Email Open, No
INT-0012497,1128,CMP-0030,31-01-2025,Trial Signup ,No
INT-0012498,131,CMP-0027,28-02-2025, Email Open,No
INT-0012499,1341,CMP-0015,2025-05-21,DEMO REQUEST,Yes
INT-0012500,1013,CMP-0009,16 Sep 2025,Trial Signup, Yes
INT-0012501,1109,CMP-0007,25 Jan 2025,Email Open ,no
INT-0012502,1173,CMP-0013,30-01-2025,website visit,No
INT-0012503,583,CMP-0013,2025-05-04,Trial Signup ,no
INT-0012504,11,CMP-0010,2025-04-08, Trial Signup , No
INT-0012505,212,CMP-0018,2025-08-11, Impression,yes
INT-0012506,1411,CMP-0028,24/11/2025, Click , No 
INT-0012507,1261,CMP-0003,05/12/2025,Demo Request ,No
INT-0012508,426,CMP-0010,01/08/2025, Website Visit,No
INT-0012509,239,CMP-0018,22/04/2025,EMAIL OPEN, No
INT-0012510,163,CMP-0014,19-08-2025,Click, No
INT-0012511,1052,CMP-0022,30-08-2025,Click ,no
INT-0012512,25,CMP-0027,05/08/2025,TRIAL SIGNUP,No 
INT-0012513,60,CMP-0013,25/11/2025,Trial Signup , No 
INT-0012514,1255,CMP-0022,2025-09-02,impression, No 
INT-0012515,1005,CMP-0021,31/03/2025, Email Open, No 
INT-0012516,1273,CMP-0004,2025-07-14,Click, Yes 
INT-0012517,1493,CMP-0017,2025-08-03,CLICK, Yes
INT-0012518,1417,CMP-0018,"Jun 12, 2025",Click , No 
INT-0012519,1052,CMP-0008,30-06-2025,demo request,NO
INT-0012520,1122,CMP-0006,08/12/2025,Demo Request , No
INT-0012521,578,CMP-0028,06/21/2025,TRIAL SIGNUP, Yes 
INT-0012522,346,CMP-0012,"Aug 26, 2025", Impression ,NO
INT-0012523,914,CMP-0009,13/08/2025,impression,NO
INT-0012524,1115,CMP-0016,06/09/2025,Trial Signup ,NO
INT-0012525,130,CMP-0005,14/10/2025,Trial Signup,NO
INT-0012526,923,CMP-0022,"Jun 20, 2025", Website Visit,Yes
INT-0012527,31,CMP-0025,21 Jun 2025,Click ,no
INT-0012528,653,CMP-0027,23/02/2025,Trial Signup , No 
INT-0012529,373,CMP-0003,27-09-2025, Email Open ,No
INT-0012530,505,CMP-0012,23-06-2025,Demo Request,Yes
INT-0012531,928,CMP-0011,05/06/2025,Trial Signup , No
INT-0012532,19,CMP-0016,27 Mar 2025,TRIAL SIGNUP, No 
INT-0012533,475,CMP-0009,2025-09-19, Website Visit,NO
INT-0012534,114,CMP-0027,17 Feb 2025,WEBSITE VISIT,No
INT-0012535,575,CMP-0022,10/07/2025,Email Open, No 
INT-0012536,1426,CMP-0029,06/07/2025, Demo Request, No
INT-0012537,1206,CMP-0013,08/17/2025, Impression,YES
INT-0012538,1125,CMP-0004,2025-05-08,website visit, No 
INT-0012539,863,CMP-0010,14-03-2025,impression,no
INT-0012540,462,CMP-0020,2025-06-10, Click,No
INT-0012541,1021,CMP-0029,12/25/2025,Demo Request ,NO
INT-0012542,544,CMP-0001,05/24/2025,demo request, No
INT-0012543,409,CMP-0005,12 Feb 2025, Impression ,no
INT-0012544,650,,"Jun 20, 2025",impression,yes
INT-0012545,962,CMP-0023,30/06/2025, Trial Signup,No
INT-0012546,1493,CMP-0006,05-08-2025,impression,NO
INT-0012547,262,CMP-0020,03/14/2025,demo request,No
INT-0012548,838,CMP-0027,"Oct 21, 2025",email open,NO
INT-0012549,1334,CMP-0029,"Jan 29, 2025", Email Open,No
INT-0012550,972,CMP-0014,04/08/2025, Trial Signup , Yes 
INT-0012551,26,CMP-0026,01-10-2025,Demo Request ,No 
INT-0012552,484,CMP-0023,03/03/2025,WEBSITE VISIT, Yes
INT-0012553,413,CMP-0021,04 Aug 2025, Trial Signup ,No
INT-0012554,246,CMP-0007,2025-05-10,Impression,no
INT-0012555,536,CMP-0018,2025-10-03,CLICK,NO
INT-0012556,199,CMP-0027,"Feb 19, 2025",Click, No
INT-0012557,151,CMP-0015,25-07-2025, Email Open,Yes
INT-0012558,900,CMP-0016,2025-05-30, Email Open ,No 
INT-0012559,811,CMP-0030,2025-11-09,Demo Request ,YES
INT-0012560,476,CMP-0022,2025-12-12,WEBSITE VISIT,No 
INT-0012561,304,CMP-0004,18-06-2025, Trial Signup , No
INT-0012562,1099,CMP-0014,23 Feb 2025, Trial Signup,No
INT-0012563,646,CMP-0017,23 May 2025, Click, No
INT-0012564,1023,CMP-0011,"May 12, 2025", Impression,Yes 
INT-0012565,115,CMP-0009,05/17/2025, Trial Signup ,NO
INT-0012566,523,CMP-0009,19 Feb 2025, Impression ,No
INT-0012567,129,CMP-0024,22/06/2025, Demo Request, No 
INT-0012568,1238,CMP-0006,"Sep 08, 2025", Impression ,NO
INT-0012569,1255,CMP-0028,2025-12-29,DEMO REQUEST,No
INT-0012570,1186,CMP-0009,27 Aug 2025, Trial Signup,yes
INT-0012571,23,CMP-0021,03/10/2025,Click ,No 
INT-0012572,456,CMP-0025,04/04/2025,demo request,No
INT-0012573,1408,CMP-0001,2025-01-13, Impression ,no
INT-0012574,714,CMP-0029,02/18/2025,Email Open , No
INT-0012575,946,CMP-0025,30/05/2025,Trial Signup , No 
INT-0012576,229,CMP-0024,01-01-2025,Demo Request,no
INT-0012577,1102,CMP-0026,14-11-2025,Impression, No
INT-0012578,281,CMP-0008,"Jul 03, 2025", Impression , No
INT-0012579,562,CMP-0001,11-07-2025, Email Open ,No
INT-0012580,1373,CMP-0020,11/17/2025,Email Open, No 
INT-0012581,272,CMP-0030,13/05/2025, Trial Signup , Yes
INT-0012582,849,CMP-0030,12-01-2025, Website Visit ,yes
INT-0012583,1425,CMP-0025,2025-08-08,Demo Request ,No 
INT-0012584,88,CMP-0011,10/10/2025,Impression , Yes 
INT-0012585,36,CMP-0018,09/19/2025, Trial Signup , No
INT-0012586,1343,CMP-0005,13-06-2025,impression,No
INT-0012587,1403,CMP-0027,2025-01-06,Email Open,Yes 
INT-0012588,567,CMP-0018,"Mar 26, 2025",website visit,yes
INT-0012589,599,CMP-0009,17/03/2025,trial signup, Yes
INT-0012590,1302,CMP-0016,"Apr 20, 2025",Email Open ,No 
INT-0012591,1365,CMP-0005,02/17/2025,email open, Yes
INT-0012592,51,CMP-0019,2025-01-13, Website Visit,NO
INT-0012593,18,CMP-0021,19 Mar 2025,demo request,No
INT-0012594,120,CMP-0020,11 Nov 2025,Impression ,NO
INT-0012595,1038,CMP-0029,31 Aug 2025, Demo Request , No 
INT-0012596,728,CMP-0015,15/07/2025,Website Visit ,Yes 
INT-0012597,89,CMP-0018,2025-09-18,impression, No
INT-0012598,1373,CMP-0010,2025-05-07,DEMO REQUEST, No 
INT-0012599,442,CMP-0025,02/15/2025,Demo Request ,no
INT-0012600,739,CMP-0026,02/11/2025,Click ,No
INT-0012601,358,CMP-0019,22-10-2025,demo request, No 
INT-0012602,66,CMP-0007,2025-09-29,click, No 
INT-0012603,123,CMP-0005,09/02/2025,Click, No
INT-0012604,437,CMP-0021,24/06/2025,Website Visit,No
INT-0012605,549,CMP-0023,15-11-2025,website visit,No
INT-0012606,1178,CMP-0018,2025-11-21, Impression, No
INT-0012607,1052,CMP-0026,2025-05-18,Website Visit ,No
INT-0012608,466,CMP-0019,19-06-2025, Website Visit,No 
INT-0012609,1259,CMP-0013,05/05/2025, Website Visit ,Yes
INT-0012610,586,CMP-0015,31/03/2025, Email Open,no
INT-0012611,624,CMP-0026,"Sep 19, 2025",Demo Request ,yes
INT-0012612,911,CMP-0015,04 Aug 2025,Trial Signup, Yes 
INT-0012613,1355,CMP-0022,"Jan 05, 2025", Website Visit,no
INT-0012614,222,CMP-0027,2025-08-08,Email Open, No
INT-0012615,377,CMP-0014,26 Mar 2025, Website Visit,NO
INT-0012616,1249,CMP-0004,21 Dec 2025, Demo Request,No 
INT-0012617,495,CMP-0009,23-07-2025,Trial Signup,NO
INT-0012618,282,CMP-0026,2025-10-01,IMPRESSION, Yes 
INT-0012619,1325,CMP-0020,2025-11-26, Website Visit,No
INT-0012620,1440,CMP-0028,07/30/2025,click,NO
INT-0012621,156,CMP-0008,09/22/2025,impression, No
INT-0012622,804,CMP-0027,31-03-2025,Impression ,NO
INT-0012623,140,CMP-0013,2025-04-05,website visit,NO
INT-0012624,713,CMP-0004,03/11/2025, Impression,yes
INT-0012625,1193,CMP-0023,22-07-2025,Website Visit ,No 
INT-0012626,380,CMP-0005,"Nov 26, 2025", Click,No 
INT-0012627,490,CMP-0021,08/07/2025,Email Open , No 
INT-0012628,918,CMP-0021,06/04/2025,website visit,No
INT-0012629,802,CMP-0017,2025-08-13,Website Visit ,NO
INT-0012630,354,CMP-0025,09/10/2025,Email Open ,No
INT-0012631,932,CMP-0016,02/09/2025,Demo Request, No
INT-0012632,945,CMP-0007,12/16/2025, Trial Signup ,No
INT-0012633,584,CMP-0026,16/05/2025,EMAIL OPEN,Yes
INT-0012634,907,CMP-0012,17 Jun 2025,Impression ,yes
INT-0012635,1339,CMP-0020,18/11/2025, Impression ,yes
INT-0012636,883,CMP-0001,16 Feb 2025, Website Visit,no
INT-0012637,532,CMP-0027,04-05-2025,CLICK,no
INT-0012638,1019,CMP-0012,21-10-2025, Demo Request ,no
INT-0012639,1019,CMP-0007,"Apr 16, 2025", Website Visit,No 
INT-0012640,115,CMP-0025,"Jan 03, 2025", Website Visit , No
INT-0012641,348,CMP-0010,"Feb 05, 2025", Demo Request,YES
INT-0012642,134,CMP-0005,13/06/2025,Trial Signup , No
INT-0012643,937,CMP-0010,23 Sep 2025,email open, No 
INT-0012644,1245,CMP-0008,2025-06-19, Email Open, No
INT-0012645,1438,CMP-0019,30 Dec 2025,Trial Signup , No
INT-0012646,502,CMP-0001,"Jun 12, 2025", Impression,No 
INT-0012647,637,CMP-0017,"Apr 22, 2025",Demo Request,No 
INT-0012648,539,CMP-0004,03/07/2025, Email Open,No
INT-0012649,1046,CMP-0012,22 May 2025, Demo Request,No 
INT-0012650,1255,CMP-0002,19-09-2025,trial signup, No
INT-0012651,105,CMP-0010,2025-08-27,Demo Request,No
INT-0012652,749,CMP-0026,27/07/2025,Website Visit , No
INT-0012653,1057,CMP-0021,27/05/2025,Website Visit,no
INT-0012654,1105,CMP-0023,09/17/2025,Trial Signup ,No
INT-0012655,648,CMP-0029,2025-03-15,Trial Signup ,No 
INT-0012656,1298,CMP-0026,07/12/2025,CLICK, No 
INT-0012657,72,CMP-0021,2025-11-18,click, No
INT-0012658,711,CMP-0018,15-02-2025,email open,NO
INT-0012659,1475,CMP-0017,"Sep 25, 2025",EMAIL OPEN, No
INT-0012660,1084,CMP-0016,04 May 2025, Website Visit, No 
INT-0012661,858,CMP-0020,31-12-2025, Trial Signup ,No 
INT-0012662,402,CMP-0001,20-02-2025, Demo Request ,No 
INT-0012663,52,CMP-0013,03-06-2025, Impression ,no
INT-0012664,501,CMP-0003,2025-02-19,Trial Signup,no
INT-0012665,1264,CMP-0027,23 Jul 2025,IMPRESSION,No 
INT-0012666,1482,CMP-0027,19/11/2025,Email Open, No 
INT-0012667,1080,CMP-0024,18-02-2025,Website Visit ,No 
INT-0012668,1172,CMP-0016,26 Aug 2025, Click ,NO
INT-0012669,1052,CMP-0023,07-01-2025, Email Open ,NO
INT-0012670,35,CMP-0022,"Mar 24, 2025", Click,NO
INT-0012671,257,CMP-0020,13 Dec 2025, Email Open ,No 
INT-0012672,1029,CMP-0028,17/06/2025,Impression,yes
INT-0012673,1420,CMP-0003,12/26/2025, Email Open, Yes
INT-0012674,95,CMP-0013,06/03/2025,Website Visit,YES
INT-0012675,296,CMP-0001,14 Dec 2025,Website Visit ,No
INT-0012676,1152,CMP-0029,2025-05-18,Email Open ,Yes 
INT-0012677,1393,CMP-0026,12/24/2025, Website Visit ,no
INT-0012678,1266,CMP-0020,2025-02-16,click, Yes 
INT-0012679,555,CMP-0022,14 Nov 2025,impression,No 
INT-0012680,1176,CMP-0013,"Feb 03, 2025",impression,no
INT-0012681,470,,13-02-2025,Email Open,YES
INT-0012682,539,CMP-0007,21 Aug 2025, Click,No 
INT-0012683,979,CMP-0015,19/02/2025,Click,NO
INT-0012684,279,CMP-0029,2025-02-01,EMAIL OPEN, No 
INT-0012685,1043,CMP-0024,"Oct 27, 2025",Website Visit,No 
INT-0012686,806,CMP-0025,22/05/2025, Email Open,No
INT-0012687,1142,CMP-0011,2025-09-16, Email Open, No
INT-0012688,827,CMP-0021,2025-10-18,DEMO REQUEST,NO
INT-0012689,715,CMP-0005,15-03-2025,WEBSITE VISIT,YES
INT-0012690,1080,CMP-0021,2025-10-23,demo request,No
INT-0012691,117,CMP-0025,06/22/2025, Impression ,No
INT-0012692,1194,CMP-0012,25/11/2025,Impression,No
INT-0012693,1435,CMP-0016,06/19/2025, Trial Signup, No 
INT-0012694,769,CMP-0020,08/09/2025,Click ,No
INT-0012695,1095,CMP-0026,04/28/2025, Website Visit ,Yes
INT-0012696,1417,CMP-0030,2025-03-13,Website Visit ,NO
INT-0012697,283,CMP-0005,07 Apr 2025,Click ,NO
INT-0012698,717,CMP-0011,26 Jul 2025, Impression,yes
INT-0012699,96,CMP-0023,04 Nov 2025,IMPRESSION,No 
INT-0012700,1291,CMP-0013,2025-07-15,Trial Signup ,No
INT-0012701,776,CMP-0023,2025-05-09,impression, Yes 
INT-0012702,361,CMP-0023,"Jul 27, 2025", Demo Request , No
INT-0012703,468,CMP-0017,18 Jun 2025,Trial Signup ,No 
INT-0012704,1252,CMP-0001,17-02-2025, Trial Signup,No 
INT-0012705,138,CMP-0021,"Apr 12, 2025", Website Visit,No
INT-0012706,990,CMP-0025,"Oct 31, 2025",Website Visit ,No 
INT-0012707,558,CMP-0025,24 Nov 2025,Impression, No 
INT-0012708,1110,CMP-0003,"May 22, 2025",Trial Signup ,No
INT-0012709,645,CMP-0011,09 Mar 2025,Email Open , No
INT-0012710,466,CMP-0003,02-02-2025, Email Open, No 
INT-0012711,891,,"Dec 06, 2025", Email Open , Yes 
INT-0012712,832,CMP-0004,"Feb 11, 2025",Trial Signup ,No
INT-0012713,243,CMP-0008,13 Nov 2025,website visit,No
INT-0012714,626,CMP-0017,"Sep 27, 2025", Click ,NO
INT-0012715,1295,CMP-0004,2025-08-06,click,no
INT-0012716,1141,CMP-0018,15/02/2025,website visit,no
INT-0012717,428,CMP-0012,"Jun 13, 2025", Impression,NO
INT-0012718,16,CMP-0001,"Jul 26, 2025",Trial Signup , No 
INT-0012719,778,CMP-0029,07-11-2025, Website Visit ,YES
INT-0012720,1243,CMP-0007,2025-06-27,Click ,No 
INT-0012721,314,CMP-0002,02-01-2025,demo request, No
INT-0012722,965,CMP-0004,04/11/2025,WEBSITE VISIT, No
INT-0012723,285,CMP-0030,27 Nov 2025, Trial Signup , No 
INT-0012724,1206,CMP-0001,24/07/2025,Demo Request,YES
INT-0012725,443,CMP-0021,2025-04-18,demo request,NO
INT-0012726,280,CMP-0022,22-04-2025, Impression, No 
INT-0012727,1212,CMP-0001,05/19/2025,Trial Signup ,No 
INT-0012728,686,CMP-0016,07 Dec 2025,Demo Request,No
INT-0012729,735,CMP-0017,2025-03-30, Website Visit ,No
INT-0012730,16,CMP-0017,"Oct 31, 2025", Click ,No 
INT-0012731,1461,,15/10/2025, Email Open,NO
INT-0012732,509,CMP-0012,04-11-2025,Trial Signup,NO
INT-0012733,1461,CMP-0029,28/12/2025,Trial Signup , No 
INT-0012734,1448,CMP-0020,2025-01-29, Impression,no
INT-0012735,554,CMP-0017,20 Sep 2025,email open,yes
INT-0012736,158,CMP-0023,"Jul 03, 2025",Trial Signup , Yes 
INT-0012737,345,CMP-0029,2025-03-04,Click ,No 
INT-0012738,481,CMP-0007,31 Dec 2025,Website Visit , No 
INT-0012739,312,CMP-0016,08-06-2025, Impression,NO
INT-0012740,870,CMP-0029,2025-04-26, Demo Request ,no
INT-0012741,1217,CMP-0017,10/18/2025,DEMO REQUEST,NO
INT-0012742,744,CMP-0024,2025-05-16,Website Visit , Yes 
INT-0012743,1076,CMP-0012,"Jul 15, 2025",demo request, No 
INT-0012744,1419,CMP-0007,15-07-2025,Email Open,No 
INT-0012745,1097,CMP-0009,11/14/2025, Click, No 
INT-0012746,1419,CMP-0016,04 Apr 2025,IMPRESSION,NO
INT-0012747,103,CMP-0002,"Dec 05, 2025",demo request,NO
INT-0012748,307,CMP-0010,02/05/2025,Impression, No
INT-0012749,322,CMP-0012,02-01-2025, Website Visit, No
INT-0012750,519,CMP-0007,2025-07-08,impression,No 
INT-0012751,1319,CMP-0004,"Dec 17, 2025",Website Visit ,NO
INT-0012752,439,CMP-0014,28-03-2025,click,NO
INT-0012753,1333,CMP-0027,20/05/2025,Trial Signup, No 
INT-0012754,1179,CMP-0009,22-06-2025,Click,yes
INT-0012755,443,CMP-0016,09/11/2025,Email Open,NO
INT-0012756,15,CMP-0016,"Apr 08, 2025", Impression ,No
INT-0012757,602,CMP-0026,13/03/2025, Click, No 
INT-0012758,1438,CMP-0029,04/11/2025,email open, No 
INT-0012759,1154,CMP-0025,02/11/2025,Impression,NO
INT-0012760,53,CMP-0001,02-01-2025, Click,No 
INT-0012761,647,CMP-0003,"Apr 21, 2025",Impression ,Yes
INT-0012762,102,CMP-0025,21 Sep 2025,email open,Yes 
INT-0012763,1314,CMP-0027,29/09/2025,click,No 
INT-0012764,1392,CMP-0016,15/07/2025,EMAIL OPEN,NO
INT-0012765,1174,CMP-0026,11 Apr 2025,Impression,no
INT-0012766,1210,CMP-0005,11/07/2025,trial signup,NO
INT-0012767,808,CMP-0025,05/09/2025, Impression , Yes 
INT-0012768,265,CMP-0010,"Apr 19, 2025",click,No 
INT-0012769,1126,CMP-0016,08/24/2025, Website Visit , No 
INT-0012770,1051,CMP-0005,24 Jan 2025, Email Open ,Yes 
INT-0012771,232,CMP-0014,2025-07-18,Impression , No 
INT-0012772,1217,CMP-0016,05-05-2025,Demo Request,NO
INT-0012773,643,CMP-0016,19-08-2025,IMPRESSION,NO
INT-0012774,312,CMP-0024,28-08-2025,demo request,YES
INT-0012775,1398,CMP-0008,02/21/2025,Trial Signup,NO
INT-0012776,357,CMP-0007,05-06-2025,DEMO REQUEST,No 
INT-0012777,1487,CMP-0015,2025-05-22, Trial Signup ,NO
INT-0012778,1110,CMP-0024,"Jun 27, 2025", Demo Request,NO
INT-0012779,1077,CMP-0002,02/19/2025,website visit,no
INT-0012780,651,CMP-0028,"Dec 02, 2025",Website Visit ,YES
INT-0012781,636,CMP-0014,12/28/2025,TRIAL SIGNUP, No 
INT-0012782,1078,CMP-0027,14/08/2025,email open,Yes
INT-0012783,1160,CMP-0006,15-09-2025, Website Visit,No
INT-0012784,72,CMP-0022,24 Nov 2025, Trial Signup,No
INT-0012785,960,CMP-0028,2025-04-26,Email Open,no
INT-0012786,905,CMP-0013,"May 28, 2025",Impression ,YES
INT-0012787,141,CMP-0027,03/19/2025,Impression , Yes
INT-0012788,1117,CMP-0025,2025-05-04, Email Open ,No 
INT-0012789,1272,CMP-0029,01/04/2025, Email Open , No
INT-0012790,744,CMP-0004,15 Mar 2025,EMAIL OPEN, Yes
INT-0012791,1236,CMP-0007,2025-11-08,TRIAL SIGNUP,NO
INT-0012792,70,CMP-0010,"Jan 12, 2025",EMAIL OPEN, No 
INT-0012793,1138,CMP-0001,12/09/2025, Website Visit, No 
INT-0012794,1108,CMP-0019,"Oct 04, 2025",Email Open,No
INT-0012795,287,CMP-0012,04/03/2025, Demo Request ,NO
INT-0012796,273,CMP-0005,27/01/2025,click,yes
INT-0012797,106,CMP-0021,07-06-2025,website visit, No 
INT-0012798,692,CMP-0008,23/03/2025,Trial Signup, No
INT-0012799,1313,CMP-0014,05/31/2025, Demo Request ,No 
INT-0012800,1453,CMP-0028,2025-11-18,trial signup, Yes
INT-0012801,1496,CMP-0007,2025-06-29,Website Visit, No
INT-0012802,815,CMP-0018,04-10-2025,EMAIL OPEN, No 
INT-0012803,72,CMP-0001,24-08-2025,impression, No
INT-0012804,885,CMP-0019,2025-09-05,EMAIL OPEN, No
INT-0012805,247,CMP-0014,"Jan 31, 2025", Impression,No 
INT-0012806,1452,CMP-0025,10/03/2025, Impression,NO
INT-0012807,235,CMP-0016,26 Jun 2025,IMPRESSION,no
INT-0012808,644,CMP-0017,11/08/2025,EMAIL OPEN,YES
INT-0012809,1438,CMP-0008,24-12-2025,Demo Request,NO
INT-0012810,1461,CMP-0018,2025-07-25, Demo Request ,No
INT-0012811,1319,CMP-0023,11/19/2025, Email Open ,No
INT-0012812,1122,CMP-0020,06/26/2025,website visit, No 
INT-0012813,1257,CMP-0012,04/11/2025, Demo Request, Yes 
INT-0012814,1002,CMP-0018,07 Mar 2025, Website Visit,no
INT-0012815,1024,CMP-0027,13-08-2025, Website Visit ,Yes
INT-0012816,1357,CMP-0029,02/01/2025,IMPRESSION,Yes
INT-0012817,996,,25-10-2025,Click,NO
INT-0012818,1178,CMP-0014,17 Jan 2025,email open, No 
INT-0012819,189,CMP-0006,22 May 2025,Email Open ,NO
INT-0012820,1116,CMP-0025,15-03-2025,EMAIL OPEN, No
INT-0012821,590,CMP-0001,2025-11-11,impression, No 
INT-0012822,988,CMP-0025,13-05-2025,website visit, No 
INT-0012823,1462,CMP-0006,08/11/2025,EMAIL OPEN,yes
INT-0012824,145,CMP-0025,21/09/2025,Click,no
INT-0012825,293,CMP-0025,25/08/2025,impression, No 
INT-0012826,760,CMP-0004,08-12-2025,WEBSITE VISIT,No
INT-0012827,270,CMP-0030,03/24/2025,Click, No
INT-0012828,720,CMP-0013,11/07/2025,click,no
INT-0012829,543,CMP-0009,02-01-2025,email open,no
INT-0012830,211,CMP-0024,2025-11-23,TRIAL SIGNUP,no
INT-0012831,262,CMP-0023,"May 11, 2025",demo request,No
INT-0012832,927,CMP-0011,09/23/2025, Demo Request , No
INT-0012833,182,CMP-0014,07-02-2025,Trial Signup, No
INT-0012834,1044,CMP-0027,27 Jan 2025,email open, No 
INT-0012835,1383,CMP-0004,2025-10-16, Email Open,No
INT-0012836,370,CMP-0012,2025-03-11,WEBSITE VISIT, Yes 
INT-0012837,1071,CMP-0024,05/25/2025,Email Open,no
INT-0012838,1120,CMP-0022,11-11-2025, Click , No
INT-0012839,557,CMP-0023,27/09/2025, Impression,NO
INT-0012840,708,CMP-0013,05/23/2025, Demo Request,No 
INT-0012841,795,CMP-0012,11/07/2025,CLICK, No 
INT-0012842,616,CMP-0021,09/27/2025,Website Visit,No 
INT-0012843,994,CMP-0020,13-04-2025,email open,No
INT-0012844,249,CMP-0029,13/01/2025,Demo Request,no
INT-0012845,179,CMP-0026,"Aug 07, 2025",Click, No 
INT-0012846,1453,CMP-0006,13 Sep 2025,Website Visit,NO
INT-0012847,747,CMP-0002,10/26/2025,impression,No 
INT-0012848,1285,CMP-0008,16 Sep 2025,DEMO REQUEST, No 
INT-0012849,604,CMP-0016,2025-05-31,IMPRESSION,No 
INT-0012850,487,CMP-0013,2025-11-30,CLICK, No 
INT-0012851,762,CMP-0030,29 Jan 2025,email open,No 
INT-0012852,1110,CMP-0015,02/17/2025, Email Open ,No 
INT-0012853,1403,CMP-0014,07 Aug 2025, Website Visit , No
INT-0012854,138,CMP-0010,2025-08-23,click,No
INT-0012855,696,CMP-0001,"Jan 16, 2025",Website Visit , No
INT-0012856,1149,CMP-0019,08/01/2025,TRIAL SIGNUP,No
INT-0012857,1111,CMP-9018,01/07/2025, Click,No 
INT-0012858,964,CMP-0006,2025-02-25,Website Visit,No
INT-0012859,198,CMP-0010,03/09/2025,email open,No
INT-0012860,1434,CMP-0028,11/08/2025, Trial Signup ,No
INT-0012861,1416,CMP-0015,07 Aug 2025,Website Visit ,YES
INT-0012862,431,CMP-0016,29 Jan 2025,email open, Yes 
INT-0012863,447,CMP-0023,"Jan 13, 2025",email open, No 
INT-0012864,1131,CMP-0021,06/11/2025, Demo Request,yes
INT-0012865,288,CMP-0013,25/06/2025,Trial Signup,no
INT-0012866,1316,CMP-0004,"Oct 31, 2025",Impression, No 
INT-0012867,1285,CMP-0011,05/22/2025,website visit,No
INT-0012868,1297,CMP-0010,03/20/2025, Demo Request ,NO
INT-0012869,1295,CMP-0014,"Jun 17, 2025",Email Open, No
INT-0012870,171,CMP-0004,14 Oct 2025, Email Open,NO
INT-0012871,753,CMP-0011,15-05-2025,website visit, No 
INT-0012872,977,CMP-0020,20-04-2025,website visit, No 
INT-0012873,1283,CMP-0002,"Mar 22, 2025",click, No 
INT-0012874,946,CMP-0021,2025-10-16,Email Open,Yes 
INT-0012875,1230,CMP-0027,02/02/2025,impression,no
INT-0012876,54,CMP-0007,2025-01-03,Website Visit,no
INT-0012877,1187,CMP-0024,2025-10-09,Click,No 
INT-0012878,615,CMP-0016,12 Aug 2025, Click ,No 
INT-0012879,1139,CMP-0030,"Mar 29, 2025",Impression,No 
INT-0012880,459,CMP-0010,09/01/2025,WEBSITE VISIT,no
INT-0012881,1438,CMP-0011,11/04/2025, Impression ,yes
INT-0012882,1298,CMP-0018,24/04/2025,Click ,No
INT-0012883,56,CMP-0026,27/07/2025, Website Visit,NO
INT-0012884,962,CMP-0017,"Oct 30, 2025",trial signup, Yes 
INT-0012885,76,CMP-0007,31 Jul 2025,website visit,Yes 
INT-0012886,965,CMP-0010,14/05/2025,email open,No 
INT-0012887,1227,CMP-0007,23 Jul 2025, Email Open , No
INT-0012888,487,CMP-0008,"Jun 22, 2025", Trial Signup,No 
INT-0012889,826,CMP-0026,"Nov 06, 2025", Trial Signup , Yes
INT-0012890,959,CMP-0019,25/11/2025,DEMO REQUEST,NO
INT-0012891,961,CMP-0028,2025-08-06,WEBSITE VISIT, Yes 
INT-0012892,578,CMP-0012,03/07/2025, Email Open,NO
INT-0012893,371,CMP-0022,05/20/2025,Trial Signup ,NO
INT-0012894,35,CMP-0007,14 Jul 2025,impression, No 
INT-0012895,729,CMP-0029,"Feb 14, 2025",Demo Request , No 
INT-0012896,1485,CMP-0017,04/17/2025,Impression , No 
INT-0012897,173,CMP-0026,2025-02-03,IMPRESSION,Yes
INT-0012898,819,CMP-0007,17/11/2025,impression,NO
INT-0012899,608,CMP-0003,24/02/2025,DEMO REQUEST, No 
INT-0012900,1412,CMP-0024,30-09-2025,IMPRESSION,Yes 
INT-0012901,176,CMP-0027,06/26/2025,TRIAL SIGNUP,no
INT-0012902,759,CMP-0017,16-06-2025, Demo Request ,No
INT-0012903,403,CMP-0030,05/05/2025,EMAIL OPEN, Yes 
INT-0012904,102,CMP-0002,"Nov 08, 2025",click,No
INT-0012905,556,CMP-0001,2025-12-27, Impression , No
INT-0012906,1390,CMP-0028,27 May 2025,trial signup,No 
INT-0012907,1417,CMP-0029,"Aug 09, 2025",click, No
INT-0012908,274,CMP-0021,25 Sep 2025,Trial Signup, No 
INT-0012909,865,CMP-0008,08/04/2025, Click,No
INT-0012910,192,CMP-0025,04/27/2025,Click, No
INT-0012911,694,CMP-0006,"Jan 31, 2025",EMAIL OPEN,NO
INT-0012912,253,CMP-0001,20/09/2025,Trial Signup , No 
INT-0012913,69,CMP-0013,"Aug 04, 2025", Website Visit, No 
INT-0012914,750,CMP-0018,"Oct 30, 2025",WEBSITE VISIT,NO
INT-0012915,194,CMP-0026,"Apr 09, 2025",Website Visit,No
INT-0012916,1125,CMP-0003,2025-05-16, Email Open , No 
INT-0012917,134,CMP-0018,04-06-2025,IMPRESSION,No 
INT-0012918,1274,CMP-0010,16-07-2025, Email Open ,NO
INT-0012919,1177,CMP-0008,18/01/2025, Click , No 
INT-0012920,958,CMP-0003,2025-10-09, Click,NO
INT-0012921,1475,CMP-0005,20/10/2025,IMPRESSION,NO
INT-0012922,635,CMP-0003,29/09/2025,website visit, No 
INT-0012923,143,CMP-0008,26/01/2025, Demo Request,YES
INT-0012924,406,CMP-0007,"Mar 23, 2025",IMPRESSION,No
INT-0012925,25,CMP-0019,04/23/2025,Trial Signup ,YES
INT-0012926,1420,CMP-0015,14-07-2025, Impression ,No 
INT-0012927,762,CMP-0030,"Sep 24, 2025", Demo Request ,No
INT-0012928,389,CMP-0030,02/20/2025, Email Open, No
INT-0012929,594,CMP-0007,11/23/2025,Website Visit ,No
INT-0012930,346,CMP-0001,09 Jun 2025, Email Open ,Yes
INT-0012931,698,CMP-0003,20/06/2025, Email Open,No
INT-0012932,887,CMP-0011,16-03-2025,IMPRESSION, Yes 
INT-0012933,747,CMP-0003,10/16/2025,Click , No
INT-0012934,319,CMP-0026,08/12/2025,demo request, No 
INT-0012935,508,CMP-0012,2025-02-21,email open, Yes
INT-0012936,1210,CMP-0023,2025-02-05,Demo Request , No 
INT-0012937,1363,CMP-0013,16-01-2025,EMAIL OPEN,No 
INT-0012938,201,CMP-0001,09-07-2025,trial signup,No 
INT-0012939,556,CMP-0017,"Feb 08, 2025",IMPRESSION,Yes
INT-0012940,1069,CMP-0007,16-03-2025, Trial Signup, No 
INT-0012941,1317,CMP-0014,30-11-2025,Impression,yes
INT-0012942,881,CMP-0022,12/24/2025,click,Yes
INT-0012943,82,CMP-0015,03 May 2025, Click,YES
INT-0012944,890,CMP-0023,2025-10-20, Impression, Yes 
INT-0012945,1185,CMP-0030,2025-02-25,email open, No
INT-0012946,1390,CMP-0004,12/20/2025,Website Visit,no
INT-0012947,660,CMP-0020,14 Oct 2025,Click , No 
INT-0012948,33,CMP-0021,15-12-2025,DEMO REQUEST, No
INT-0012949,323,CMP-0009,2025-08-16,EMAIL OPEN,no
INT-0012950,460,CMP-0024,"Apr 13, 2025", Trial Signup ,no
INT-0012951,734,CMP-0007,09 Jul 2025, Impression,No
INT-0012952,222,CMP-0003,"Jul 07, 2025",Email Open ,Yes
INT-0012953,251,CMP-0003,2025-01-11,Website Visit,Yes
INT-0012954,371,CMP-0012,16/11/2025,Click ,no
INT-0012955,569,CMP-0017,2025-09-21,DEMO REQUEST, No 
INT-0012956,269,CMP-0023,19-04-2025,IMPRESSION, No
INT-0012957,695,CMP-0018,05/13/2025,Website Visit,No
INT-0012958,984,CMP-0001,23 Sep 2025,click,no
INT-0012959,312,CMP-0008,16 Nov 2025, Demo Request, No
INT-0012960,950,CMP-0016,28/08/2025, Click,Yes
INT-0012961,926,CMP-0012,01/10/2025,website visit, Yes 
INT-0012962,532,CMP-0014,"Oct 17, 2025",Impression, No 
INT-0012963,715,CMP-0011,24/10/2025,demo request,No 
INT-0012964,230,CMP-0017,2025-04-06,Click , Yes
INT-0012965,480,CMP-0011,04/08/2025,Email Open,No
INT-0012966,630,CMP-0018,"Mar 25, 2025", Impression ,NO
INT-0012967,1077,CMP-0012,08/23/2025,click, No
INT-0012968,128,CMP-0020,21/07/2025, Demo Request , Yes 
INT-0012969,240,CMP-0011,"Jun 03, 2025",impression, No 
INT-0012970,929,CMP-0016,14 Mar 2025, Demo Request , Yes 
INT-0012971,294,CMP-0004,09/06/2025,website visit, No 
INT-0012972,1095,,2025-12-21,IMPRESSION, Yes
INT-0012973,1304,CMP-0004,"Apr 24, 2025",CLICK,Yes 
INT-0012974,593,CMP-0016,12/08/2025,Click ,NO
INT-0012975,296,CMP-0011,18-09-2025, Demo Request ,Yes 
INT-0012976,590,CMP-0009,"Aug 31, 2025",Click , Yes
INT-0012977,517,CMP-0001,05/12/2025, Click, Yes 
INT-0012978,272,CMP-0013,01-03-2025, Trial Signup,NO
INT-0012979,963,CMP-0016,2025-09-12, Website Visit ,no
INT-0012980,630,CMP-0016,05-04-2025, Demo Request , No 
INT-0012981,492,CMP-0014,2025-07-02, Click ,NO
INT-0012982,705,CMP-0007,2025-04-07, Impression,yes
INT-0012983,1426,CMP-0004,"Jun 24, 2025", Trial Signup, No
INT-0012984,1378,CMP-0012,04-09-2025,Trial Signup , No
INT-0012985,147,CMP-0001,02 Dec 2025,Impression , No
INT-0012986,1159,CMP-0008,"May 13, 2025", Click,NO
INT-0012987,965,CMP-0027,04/10/2025, Trial Signup,NO
INT-0012988,25,CMP-0024,"Aug 11, 2025",Impression ,no
INT-0012989,255,CMP-0002,2025-07-06, Email Open, No
INT-0012990,1474,CMP-0013,"Apr 28, 2025",Email Open , No 
INT-0012991,1102,CMP-0018,03/29/2025,Impression, No 
INT-0012992,1106,CMP-0024,12/05/2025,CLICK,NO
INT-0012993,926,CMP-0025,14/10/2025, Click,no
INT-0012994,97,CMP-0013,29-08-2025,demo request,NO
INT-0012995,221,CMP-0028,12/10/2025, Website Visit ,NO
INT-0012996,1274,CMP-0004,12/06/2025,IMPRESSION, No 
INT-0012997,303,CMP-0013,23 Feb 2025,Click, No
INT-0012998,776,CMP-0013,2025-12-24,Email Open, No
INT-0012999,181,CMP-0017,"Sep 07, 2025", Click, Yes 
INT-0013000,1402,CMP-0030,15/09/2025,Click,yes
INT-0013001,759,CMP-0015,10/29/2025,click,No 
INT-0013002,407,CMP-0017,08/26/2025, Email Open, No 
INT-0013003,1356,CMP-0008,08/10/2025, Impression, No 
INT-0013004,1241,CMP-0011,2025-07-15,demo request,no
INT-0013005,409,CMP-0022,15-01-2025,Website Visit, No
INT-0013006,1084,CMP-0001,2025-10-17,impression,NO
INT-0013007,934,CMP-0003,2025-04-30,TRIAL SIGNUP,no
INT-0013008,270,CMP-0015,07/30/2025,IMPRESSION,no
INT-0013009,365,CMP-0030,07/12/2025, Email Open ,Yes 
INT-0013010,708,CMP-0029,"Mar 26, 2025", Impression ,NO
INT-0013011,952,CMP-0004,05/30/2025,CLICK, No 
INT-0013012,619,CMP-0028,"Dec 11, 2025",trial signup,No 
INT-0013013,249,CMP-0024,"Jul 30, 2025", Demo Request,NO
INT-0013014,514,CMP-0025,2025-01-29, Impression ,Yes 
INT-0013015,1090,CMP-0024,12 Dec 2025, Click ,Yes
INT-0013016,654,CMP-0025,07 Apr 2025,TRIAL SIGNUP,No
INT-0013017,893,CMP-0002,"Jan 12, 2025",website visit,no
INT-0013018,1449,CMP-0024,2025-07-05,Demo Request, No
INT-0013019,730,CMP-0011,01 Nov 2025, Demo Request,NO
INT-0013020,1060,CMP-0019,2025-09-01, Click,no
INT-0013021,728,CMP-0002,09/06/2025, Website Visit ,Yes 
INT-0013022,840,CMP-0019,30 Jan 2025,trial signup, No
INT-0013023,230,,09/18/2025,Demo Request ,no
INT-0013024,397,CMP-0005,25 Jul 2025, Email Open , No 
INT-0013025,812,CMP-0025,23-08-2025,Email Open,No
INT-0013026,656,CMP-0018,"Oct 30, 2025",Impression , No 
INT-0013027,91,,06/08/2025,Website Visit,No 
INT-0013028,163,CMP-0017,03/22/2025, Demo Request ,NO
INT-0013029,379,CMP-0007,"Feb 11, 2025",Trial Signup,no
INT-0013030,1161,CMP-0030,"Nov 17, 2025",demo request,No 
INT-0013031,379,CMP-0028,"Aug 13, 2025",IMPRESSION,No 
INT-0013032,959,CMP-0025,29 Sep 2025,DEMO REQUEST, No 
INT-0013033,845,CMP-0019,30/01/2025,Email Open ,No 
INT-0013034,828,CMP-0007,21-06-2025,Trial Signup ,Yes 
INT-0013035,692,CMP-0003,"Apr 05, 2025",EMAIL OPEN,Yes
INT-0013036,684,CMP-0007,08/13/2025,impression, Yes 
INT-0013037,982,CMP-0029,2025-05-12, Impression ,No 
INT-0013038,939,CMP-0017,2025-05-29,Email Open ,NO
INT-0013039,1097,CMP-0006,28 Aug 2025, Website Visit,No
INT-0013040,104,CMP-0015,"Apr 19, 2025", Impression,Yes 
INT-0013041,1469,CMP-0014,21 Nov 2025,DEMO REQUEST,YES
INT-0013042,1201,CMP-0024,2025-08-27, Demo Request, No 
INT-0013043,1406,CMP-0025,"Oct 22, 2025",Demo Request ,No 
INT-0013044,1068,CMP-0027,05-03-2025, Email Open ,Yes 
INT-0013045,1494,CMP-0015,12/11/2025,WEBSITE VISIT, No 
INT-0013046,509,CMP-0022,08-12-2025, Trial Signup,no
INT-0013047,858,CMP-0023,17 May 2025,Click , No 
INT-0013048,425,CMP-0030,"Oct 19, 2025",TRIAL SIGNUP, No
INT-0013049,342,CMP-0007,2025-03-24,email open,NO
INT-0013050,1048,CMP-0025,2025-05-22,WEBSITE VISIT, No
INT-0013051,878,CMP-0014,"Jan 18, 2025",TRIAL SIGNUP, No
INT-0013052,55,CMP-0001,"May 31, 2025",Email Open,No 
INT-0013053,366,CMP-0003,04/12/2025,EMAIL OPEN,No
INT-0013054,1359,CMP-0001,07/11/2025,Impression,No
INT-0013055,724,CMP-0014,2025-07-14,click,NO
INT-0013056,532,CMP-0005,11/01/2025,Click , No 
INT-0013057,1461,CMP-0022,2025-05-10,DEMO REQUEST, No
INT-0013058,494,CMP-0018,12/04/2025,website visit, No 
INT-0013059,427,CMP-0030,"Jul 12, 2025",Email Open,No
INT-0013060,94,CMP-0002,15 Sep 2025,Click ,No 
INT-0013061,794,CMP-0003,15/06/2025,website visit,yes
INT-0013062,737,CMP-0020,13 Feb 2025,email open,YES
INT-0013063,1322,CMP-0021,15/04/2025,WEBSITE VISIT,yes
INT-0013064,1163,CMP-0001,06 Dec 2025,Click, Yes
INT-0013065,592,CMP-0020,24 Mar 2025, Impression,No 
INT-0013066,1077,CMP-0003,2025-02-24,Website Visit, No
INT-0013067,1235,CMP-0002,2025-10-13,Impression , No 
INT-0013068,777,CMP-0026,27-06-2025,Impression,No 
INT-0013069,1461,CMP-0006,16/09/2025,CLICK, No 
INT-0013070,894,CMP-0030,"Feb 12, 2025",Website Visit,No
INT-0013071,995,CMP-0015,20 Oct 2025, Trial Signup,no
INT-0013072,566,CMP-0006,17/09/2025, Impression, No 
INT-0013073,1476,CMP-0001,09/12/2025,Website Visit,No
INT-0013074,9,CMP-0013,12/18/2025,CLICK, No 
INT-0013075,975,CMP-0023,09-03-2025, Click ,NO
INT-0013076,549,CMP-0014,2025-11-09,Demo Request,No
INT-0013077,1251,CMP-0004,2025-01-25, Trial Signup,NO
INT-0013078,1006,CMP-0014,2025-12-22, Impression , No 
INT-0013079,1215,CMP-0027,29-08-2025,Demo Request, Yes
INT-0013080,542,CMP-0014,2025-06-12, Click, Yes
INT-0013081,270,CMP-0015,03 Jan 2025,CLICK,no
INT-0013082,916,CMP-0023,19-07-2025, Trial Signup,No
INT-0013083,648,CMP-0021,15/07/2025,Demo Request , Yes 
INT-0013084,577,CMP-0029,25 May 2025,Website Visit ,NO
INT-0013085,1390,CMP-0017,20-02-2025, Impression , Yes 
INT-0013086,293,CMP-0023,22 Nov 2025,Trial Signup , No
INT-0013087,533,CMP-0028,"Sep 03, 2025",trial signup, No
INT-0013088,1003,CMP-0011,12/23/2025,click,No 
INT-0013089,855,CMP-0022,25/09/2025,DEMO REQUEST,NO
INT-0013090,28,CMP-0002,2025-03-31,Demo Request,No 
INT-0013091,1074,CMP-0024,20/07/2025, Click,NO
INT-0013092,1098,CMP-0003,04/02/2025,Click, No
INT-0013093,647,CMP-0024,03/26/2025,Impression , No 
INT-0013094,787,CMP-0002,27/11/2025, Website Visit , No 
INT-0013095,1428,CMP-0002,2025-09-01,click,Yes
INT-0013096,254,CMP-0018,27/03/2025,trial signup,YES
INT-0013097,407,CMP-0003,26-03-2025, Email Open,no
INT-0013098,515,CMP-0015,01 May 2025, Email Open, Yes
INT-0013099,401,CMP-0018,19/06/2025,Click ,No 
INT-0013100,1177,CMP-0007,17/06/2025,Website Visit , No 
INT-0013101,894,CMP-0007,"Jun 23, 2025", Website Visit ,No
INT-0013102,370,CMP-0006,15/02/2025, Trial Signup, No
INT-0013103,107,CMP-0019,08-09-2025, Trial Signup ,NO
INT-0013104,1142,CMP-0025,20 Aug 2025,CLICK,NO
INT-0013105,1387,CMP-0007,2025-08-17,email open,NO
INT-0013106,256,CMP-0006,02/24/2025,Website Visit, No
INT-0013107,1310,CMP-0029,06 Apr 2025,Demo Request,YES
INT-0013108,808,CMP-0004,11 Dec 2025, Website Visit , Yes
INT-0013109,1044,CMP-0004,19 Jun 2025,Click,No 
INT-0013110,807,CMP-0004,11-11-2025, Website Visit,No
INT-0013111,52,CMP-0003,08/06/2025, Email Open ,YES
INT-0013112,732,CMP-0009,31 Dec 2025,demo request,No 
INT-0013113,1168,CMP-0025,20 Jun 2025,Email Open ,no
INT-0013114,833,CMP-0019,02/28/2025, Website Visit ,YES
INT-0013115,543,CMP-0002,2025-01-03,DEMO REQUEST,NO
INT-0013116,543,CMP-0014,08-11-2025, Demo Request ,No
INT-0013117,1276,CMP-0027,"Dec 24, 2025",Website Visit , No
INT-0013118,1302,CMP-0030,08/01/2025, Website Visit,no
INT-0013119,60,CMP-0026,01 Jun 2025,Email Open, No 
INT-0013120,854,CMP-0022,05/27/2025,IMPRESSION,yes
INT-0013121,1151,CMP-0017,2025-08-19,Click ,NO
INT-0013122,982,CMP-0012,27-04-2025,click, No 
INT-0013123,983,CMP-0002,06/02/2025,Click,No
INT-0013124,150,CMP-0009,23-03-2025, Click,No 
INT-0013125,372,CMP-0018,"Nov 24, 2025", Demo Request, No 
INT-0013126,111,CMP-0011,11/20/2025,trial signup,No 
INT-0013127,389,CMP-0009,24/11/2025,impression,no
INT-0013128,753,CMP-0025,"Mar 15, 2025",Trial Signup, No
INT-0013129,1267,CMP-0006,"Mar 25, 2025", Website Visit,NO
INT-0013130,546,CMP-0025,"Apr 19, 2025",Click, No 
INT-0013131,324,CMP-0001,22/05/2025,Demo Request,No
INT-0013132,685,CMP-0028,"Jul 31, 2025",Website Visit,No 
INT-0013133,1357,CMP-0028,2025-06-28, Demo Request ,YES
INT-0013134,479,CMP-0008,04/14/2025,Trial Signup,No 
INT-0013135,1295,CMP-0029,11/13/2025, Click,No
INT-0013136,621,CMP-0011,23 Oct 2025,Website Visit,No
INT-0013137,669,CMP-0004,"Aug 08, 2025",Demo Request ,no
INT-0013138,1203,CMP-0022,28 Dec 2025,Trial Signup , Yes
INT-0013139,1177,CMP-0029,2025-01-25, Trial Signup ,No 
INT-0013140,1369,CMP-0013,25-11-2025,demo request,no
INT-0013141,179,CMP-0017,26/12/2025, Website Visit ,No
INT-0013142,89,CMP-0021,2025-02-17,WEBSITE VISIT, No
INT-0013143,809,CMP-0022,08-01-2025,Demo Request ,NO
INT-0013144,429,CMP-0027,06-08-2025,Impression ,No 
INT-0013145,1416,CMP-0029,06 Oct 2025,Impression ,No
INT-0013146,1315,CMP-0004,02/26/2025,trial signup, No 
INT-0013147,416,CMP-0028,2025-06-26, Email Open,NO
INT-0013148,1302,CMP-0004,"May 31, 2025",IMPRESSION,YES
INT-0013149,1268,CMP-0023,12/18/2025,Website Visit, Yes 
INT-0013150,128,CMP-0028,07/05/2025, Website Visit ,No 
INT-0013151,919,CMP-0001,2025-08-28, Impression,YES
INT-0013152,270,CMP-0024,03/21/2025,Website Visit , No 
INT-0013153,939,CMP-0020,31-12-2025,Trial Signup,no
INT-0013154,1291,CMP-0023,14/11/2025,Email Open ,Yes
INT-0013155,32,CMP-0009,"Jan 30, 2025",trial signup,NO
INT-0013156,240,CMP-0028,"Mar 28, 2025", Impression ,No
INT-0013157,603,CMP-0023,02/04/2025, Click , No
INT-0013158,480,CMP-0014,09/10/2025,Trial Signup, No 
INT-0013159,1287,CMP-0014,2025-08-13,WEBSITE VISIT,Yes 
INT-0013160,1360,CMP-0030,"Feb 19, 2025",Demo Request,Yes
INT-0013161,2,CMP-0014,20 May 2025,CLICK, No 
INT-0013162,499,CMP-0004,14-08-2025, Demo Request ,No
INT-0013163,596,CMP-0024,2025-03-26,Website Visit , No 
INT-0013164,985,CMP-0020,05/02/2025,Demo Request ,Yes 
INT-0013165,1110,CMP-0013,2025-05-01,Website Visit ,No 
INT-0013166,429,CMP-0016,28-01-2025, Impression, No
INT-0013167,470,CMP-0019,12/15/2025, Click, Yes 
INT-0013168,204,CMP-0027,"Jan 06, 2025",EMAIL OPEN,yes
INT-0013169,47,CMP-0020,14 Oct 2025,website visit,Yes 
INT-0013170,1036,CMP-0024,15-04-2025, Click , No
INT-0013171,938,CMP-0018,25/02/2025, Email Open,NO
INT-0013172,62,CMP-0003,10/25/2025,Demo Request ,no
INT-0013173,283,CMP-0006,07/03/2025,impression,yes
INT-0013174,38,CMP-0008,"Jan 01, 2025",trial signup,No 
INT-0013175,993,CMP-0016,2025-11-09,WEBSITE VISIT,No
INT-0013176,541,CMP-0004,04-09-2025,email open,No 
INT-0013177,1264,CMP-0019,2025-11-13,Website Visit, No 
INT-0013178,603,CMP-0021,22-12-2025,Demo Request,yes
INT-0013179,665,CMP-0009,"Aug 02, 2025", Email Open , No 
INT-0013180,71,CMP-0011,17-06-2025, Website Visit,no
INT-0013181,1215,CMP-0016,06-01-2025,Trial Signup ,no
INT-0013182,123,CMP-0009,"Dec 13, 2025",WEBSITE VISIT,NO
INT-0013183,1162,CMP-0022,16 Jan 2025, Trial Signup,NO
INT-0013184,1118,CMP-0007,05/11/2025,Email Open,No
INT-0013185,1021,CMP-0007,13-09-2025, Email Open ,NO
INT-0013186,973,CMP-0011,25-11-2025,Email Open ,No
INT-0013187,238,CMP-0029,14/06/2025,Website Visit , No 
INT-0013188,291,CMP-0004,10/01/2025, Impression ,YES
INT-0013189,939,CMP-0017,07-11-2025, Trial Signup ,yes
INT-0013190,967,CMP-0026,2025-12-01,WEBSITE VISIT,no
INT-0013191,886,CMP-0010,22-12-2025,trial signup, No 
INT-0013192,650,CMP-0009,12/01/2025,Click , No
INT-0013193,540,CMP-0018,07/19/2025,Demo Request,No 
INT-0013194,15,CMP-0009,23-02-2025, Website Visit ,No
INT-0013195,1309,CMP-0005,18-06-2025,website visit, No
INT-0013196,664,CMP-0028,"Jun 07, 2025",Impression,NO
INT-0013197,223,CMP-0019,14-09-2025, Trial Signup ,yes
INT-0013198,1001,CMP-0018,2025-05-10, Impression , No 
INT-0013199,175,CMP-0020,09/09/2025,Email Open, No
INT-0013200,242,CMP-0016,"Mar 02, 2025",DEMO REQUEST,no
INT-0013201,1077,CMP-0019,14-09-2025,Demo Request,yes
INT-0013202,1267,CMP-0005,05 Aug 2025, Impression ,No
INT-0013203,516,CMP-0001,25-06-2025,email open,no
INT-0013204,250,CMP-0009,"Feb 09, 2025",IMPRESSION, No 
INT-0013205,742,CMP-0018,22/11/2025, Trial Signup,No
INT-0013206,155,CMP-0020,03-04-2025,trial signup,No
INT-0013207,393,CMP-0002,04/03/2025, Demo Request, No 
INT-0013208,162,CMP-0002,24/02/2025, Trial Signup , No 
INT-0013209,118,CMP-0004,09 Feb 2025,Website Visit,No
INT-0013210,1313,CMP-0016,01 Feb 2025,Demo Request, No 
INT-0013211,616,CMP-0026,25/07/2025,website visit,No 
INT-0013212,95,CMP-0004,08 Jun 2025, Email Open ,NO
INT-0013213,1308,CMP-0011,20 May 2025,impression, Yes
INT-0013214,293,CMP-0012,21-04-2025,Website Visit ,No
INT-0013215,530,CMP-0004,2025-05-05,Trial Signup ,No
INT-0013216,1004,CMP-0029,07/07/2025,Trial Signup,Yes 
INT-0013217,1386,CMP-0001,"Mar 08, 2025",Click,No
INT-0013218,1331,CMP-0005,21-11-2025, Click,no
INT-0013219,1281,CMP-0024,"May 28, 2025",CLICK, Yes 
INT-0013220,897,CMP-0024,2025-04-12,IMPRESSION,No 
INT-0013221,858,CMP-0014,22-04-2025,EMAIL OPEN, No 
INT-0013222,927,CMP-0030,07/05/2025,Impression , No 
INT-0013223,98,CMP-0002,28/12/2025, Trial Signup , No 
INT-0013224,1313,CMP-0006,"Oct 27, 2025",trial signup, No 
INT-0013225,1284,CMP-0021,12/24/2025,Email Open,YES
INT-0013226,1070,CMP-0030,03-09-2025, Click ,no
INT-0013227,869,CMP-0008,07/11/2025,CLICK, No
INT-0013228,1384,CMP-0019,"Feb 16, 2025",Trial Signup,No 
INT-0013229,1399,CMP-0006,02/07/2025,Email Open ,No
INT-0013230,483,CMP-0028,"Feb 11, 2025", Website Visit ,NO
INT-0013231,476,CMP-0018,"Jul 07, 2025", Demo Request,No
INT-0013232,291,CMP-0006,25 Dec 2025,Click, No
INT-0013233,308,CMP-0012,2025-12-28, Impression,No 
INT-0013234,104,CMP-0005,2025-06-19, Website Visit ,no
INT-0013235,951,CMP-0029,14/09/2025,click,no
INT-0013236,61,CMP-0008,02/12/2025,Demo Request,No 
INT-0013237,829,CMP-0030,04 Feb 2025,Trial Signup,Yes 
INT-0013238,892,CMP-0001,2025-07-21,TRIAL SIGNUP,No
INT-0013239,451,CMP-0006,2025-12-15,CLICK,No
INT-0013240,213,CMP-0021,2025-01-26,Click,no
INT-0013241,1057,CMP-0027,21-02-2025,impression,No
INT-0013242,1479,CMP-0022,"Dec 17, 2025", Impression ,yes
INT-0013243,1458,CMP-0001,07/05/2025, Impression, No 
INT-0013244,806,CMP-0016,"May 20, 2025",demo request,no
INT-0013245,170,CMP-0028,26/08/2025,Click ,no
INT-0013246,1228,CMP-0011,07 May 2025, Trial Signup , No
INT-0013247,1144,CMP-0025,10-01-2025, Impression ,Yes 
INT-0013248,1008,CMP-0023,"Feb 06, 2025",Website Visit,No 
INT-0013249,854,CMP-0021,07/12/2025,TRIAL SIGNUP, No 
INT-0013250,1473,CMP-0014,2025-12-29,Impression,no
INT-0013251,653,CMP-0016,2025-10-09,Email Open ,NO
INT-0013252,655,CMP-0005,2025-01-03,Website Visit , No
INT-0013253,828,CMP-0012,09/22/2025, Impression , No 
INT-0013254,894,CMP-0010,2025-07-15,trial signup,yes
INT-0013255,1158,CMP-0030,10/02/2025, Click ,Yes 
INT-0013256,466,CMP-0004,17-10-2025,WEBSITE VISIT,Yes 
INT-0013257,216,CMP-0003,"Aug 14, 2025", Demo Request, No 
INT-0013258,1115,CMP-0014,01/18/2025, Impression ,NO
INT-0013259,1445,CMP-0025,16-12-2025,Website Visit,No
INT-0013260,467,CMP-0022,02/27/2025,Email Open,Yes 
INT-0013261,1490,CMP-0010,09 Jan 2025,TRIAL SIGNUP, Yes 
INT-0013262,1363,CMP-0023,07 Jun 2025,trial signup, No 
INT-0013263,1078,CMP-0006,"Dec 30, 2025",website visit,No
INT-0013264,1323,CMP-0004,10 Sep 2025, Trial Signup,no
INT-0013265,384,CMP-0021,29/12/2025,Demo Request, Yes
INT-0013266,817,CMP-0027,14 Jun 2025, Trial Signup,no
INT-0013267,216,CMP-0030,09/10/2025,IMPRESSION,No 
INT-0013268,1280,CMP-0012,05 Nov 2025,EMAIL OPEN,yes
INT-0013269,1373,CMP-0022,"Nov 27, 2025", Impression, No 
INT-0013270,904,CMP-0018,16 Oct 2025,DEMO REQUEST,NO
INT-0013271,363,CMP-0013,22 Jun 2025,WEBSITE VISIT,No 
INT-0013272,234,CMP-0006,05/02/2025, Click,Yes
INT-0013273,916,CMP-0018,12/04/2025,Demo Request,no
INT-0013274,1000,CMP-0018,2025-06-01,Demo Request,NO
INT-0013275,1018,CMP-0005,07/30/2025,Email Open ,Yes
INT-0013276,804,CMP-0025,"Apr 26, 2025", Demo Request ,Yes 
INT-0013277,1301,CMP-0014,03/27/2025,Demo Request, No 
INT-0013278,339,CMP-0021,08/20/2025, Trial Signup,No
INT-0013279,401,CMP-0003,03/11/2025,impression, Yes 
INT-0013280,890,CMP-0006,22-03-2025,impression,no
INT-0013281,865,CMP-0014,"Feb 05, 2025",Website Visit , No
INT-0013282,1012,CMP-0020,2025-12-29,Click , No 
INT-0013283,262,CMP-0025,2025-03-01,Trial Signup ,No
INT-0013284,300,CMP-0001,2025-11-15,Demo Request, No 
INT-0013285,785,CMP-0009,01/09/2025,trial signup,No
INT-0013286,238,CMP-0029,30/01/2025,DEMO REQUEST,No 
INT-0013287,1199,CMP-0016,03/18/2025, Demo Request,NO
INT-0013288,162,CMP-0012,30/07/2025,email open,No 
INT-0013289,803,CMP-0028,03/13/2025,Demo Request ,NO
INT-0013290,1156,CMP-0014,09 Jan 2025,Click ,NO
INT-0013291,970,CMP-0026,"Dec 13, 2025", Trial Signup, No
INT-0013292,939,CMP-0021,21/05/2025,Website Visit,NO
INT-0013293,427,CMP-0015,"Jun 23, 2025", Impression , No 
INT-0013294,941,CMP-0010,19-08-2025, Website Visit , No
INT-0013295,1470,CMP-0020,01/28/2025,Demo Request, No 
INT-0013296,1435,CMP-0008,05/19/2025,website visit,No
INT-0013297,433,CMP-0006,16 Nov 2025,Website Visit , No
INT-0013298,433,CMP-0001,"Oct 13, 2025", Impression, No
INT-0013299,1203,CMP-0019,2025-02-23,WEBSITE VISIT,No
INT-0013300,471,CMP-0013,24/11/2025,Email Open, Yes 
INT-0013301,260,CMP-0011,29/08/2025,Click ,No 
INT-0013302,44,CMP-0006,12/08/2025,Impression ,YES
INT-0013303,32,CMP-0016,"Mar 13, 2025", Click,No 
INT-0013304,167,CMP-0022,18-08-2025,trial signup,NO
INT-0013305,1279,CMP-0025,2025-10-13,impression, No 
INT-0013306,1142,CMP-0010,09/21/2025,Demo Request ,No 
INT-0013307,596,CMP-0022,03/02/2025, Email Open, No 
INT-0013308,583,CMP-0008,21 Jul 2025,Website Visit ,NO
INT-0013309,1049,CMP-0002,2025-01-23,Demo Request,NO
INT-0013310,1057,CMP-0001,30-12-2025,click,YES
INT-0013311,1122,CMP-0005,04 Aug 2025,DEMO REQUEST, No 
INT-0013312,385,CMP-0010,25-05-2025,Click,Yes 
INT-0013313,841,CMP-0019,28-11-2025,EMAIL OPEN, No
INT-0013314,332,CMP-0023,28 Nov 2025,WEBSITE VISIT,NO
INT-0013315,707,CMP-0020,25-08-2025,Trial Signup,No 
INT-0013316,1161,CMP-0026,08 Oct 2025, Website Visit,No 
INT-0013317,618,CMP-0022,06 Mar 2025,Demo Request,No 
INT-0013318,1418,CMP-0015,02-01-2025,impression,Yes 
INT-0013319,620,CMP-0009,06-09-2025,TRIAL SIGNUP, No 
INT-0013320,935,CMP-0009,01/19/2025,email open,no
INT-0013321,591,CMP-0003,2025-05-03,TRIAL SIGNUP, Yes 
INT-0013322,315,CMP-0009,15/05/2025,CLICK,no
INT-0013323,948,CMP-0016,11/01/2025,Click ,No
INT-0013324,844,CMP-0026,"Dec 29, 2025", Trial Signup ,Yes
INT-0013325,363,CMP-0012,05-02-2025,impression,NO
INT-0013326,136,CMP-0007,04/15/2025,click, No
INT-0013327,1383,CMP-0013,"Mar 20, 2025",Impression ,No 
INT-0013328,872,CMP-0014,2025-06-17,DEMO REQUEST, Yes
INT-0013329,1410,CMP-0022,16-03-2025,TRIAL SIGNUP,No 
INT-0013330,1075,CMP-0014,09/04/2025,Email Open ,No
INT-0013331,129,CMP-0010,12-01-2025, Impression , No 
INT-0013332,961,CMP-0007,04/26/2025,website visit,No 
INT-0013333,1,CMP-0002,01 Mar 2025,Email Open , Yes 
INT-0013334,290,CMP-0029,28 Dec 2025, Impression,no
INT-0013335,1073,CMP-0008,25/08/2025,EMAIL OPEN, No 
INT-0013336,47,CMP-0014,"Jun 22, 2025",Website Visit, No 
INT-0013337,181,CMP-0004,"Dec 18, 2025",Impression,no
INT-0013338,1176,CMP-0015,24-01-2025, Click ,yes
INT-0013339,1255,CMP-0027,09/17/2025,demo request,No
INT-0013340,879,CMP-0029,11/26/2025, Website Visit,No
INT-0013341,454,CMP-0012,"Oct 29, 2025",EMAIL OPEN, Yes
INT-0013342,871,CMP-0016,2025-05-29, Impression ,no
INT-0013343,244,CMP-0020,"Apr 15, 2025", Impression,No 
INT-0013344,606,CMP-0024,"Apr 14, 2025",EMAIL OPEN, No
INT-0013345,397,CMP-0028,11/09/2025,Click , No 
INT-0013346,913,CMP-0015,07/26/2025, Trial Signup ,No 
INT-0013347,80,CMP-0006,02/01/2025,Trial Signup ,Yes 
INT-0013348,1465,CMP-0027,07/26/2025,TRIAL SIGNUP, No 
INT-0013349,190,CMP-0018,05-03-2025,Email Open , Yes
INT-0013350,774,CMP-0006,2025-07-12,Trial Signup ,NO
INT-0013351,907,CMP-0013,2025-08-08, Click , Yes 
INT-0013352,658,CMP-0023,01 Jan 2025,Trial Signup,NO
INT-0013353,619,CMP-0021,02-08-2025,IMPRESSION,NO
INT-0013354,790,CMP-0007,08/22/2025,website visit,no
INT-0013355,1194,CMP-0013,17 Nov 2025,Website Visit, No 
INT-0013356,433,CMP-0008,20-03-2025,demo request,No
INT-0013357,1475,CMP-0027,03/10/2025,Email Open ,Yes 
INT-0013358,1336,CMP-0013,05/07/2025, Demo Request,No 
INT-0013359,497,CMP-0002,"Apr 09, 2025", Trial Signup,NO
INT-0013360,447,CMP-0023,10 Feb 2025, Click ,No 
INT-0013361,1427,CMP-0015,09/28/2025, Email Open ,Yes
INT-0013362,387,CMP-0010,"Jul 08, 2025", Website Visit ,NO
INT-0013363,667,CMP-0025,16-12-2025,Email Open, No 
INT-0013364,999,CMP-0029,"Sep 26, 2025",website visit, No 
INT-0013365,313,CMP-0021,05/03/2025, Trial Signup, Yes 
INT-0013366,136,CMP-0023,"Jul 07, 2025",EMAIL OPEN,Yes 
INT-0013367,739,CMP-0001,04-07-2025,impression, No 
INT-0013368,1288,CMP-0030,12 Feb 2025, Trial Signup,YES
INT-0013369,206,CMP-0017,28/10/2025, Website Visit,Yes 
INT-0013370,786,CMP-0009,31/03/2025,click,No
INT-0013371,485,CMP-0014,12 Dec 2025,impression,No 
INT-0013372,678,CMP-0012,"Sep 02, 2025",Click ,no
INT-0013373,277,CMP-0005,30-07-2025,Click, No
INT-0013374,900,CMP-0026,"Jun 14, 2025",Email Open ,No
INT-0013375,495,CMP-0017,"Aug 17, 2025", Demo Request, No 
INT-0013376,333,CMP-0028,01/08/2025, Trial Signup ,No 
INT-0013377,1068,CMP-0022,17/09/2025, Demo Request,No
INT-0013378,626,CMP-0018,10/13/2025, Click , No 
INT-0013379,1244,CMP-0015,17 Jan 2025, Email Open, No 
INT-0013380,1094,CMP-0007,10/08/2025,DEMO REQUEST, No
INT-0013381,1389,CMP-0004,14-09-2025,Impression,no
INT-0013382,600,CMP-0004,04/17/2025,Website Visit,No 
INT-0013383,1090,CMP-0025,2025-06-19,website visit, No 
INT-0013384,739,CMP-0027,07-02-2025, Trial Signup ,No
INT-0013385,1164,CMP-0021,05/12/2025,demo request, No
INT-0013386,1069,CMP-0014,2025-03-09, Trial Signup,No
INT-0013387,1044,CMP-0029,19-02-2025,Trial Signup ,No
INT-0013388,522,CMP-0007,14-04-2025, Website Visit, No
INT-0013389,1499,CMP-0002,17 Apr 2025,Email Open, No 
INT-0013390,473,CMP-0004,09-09-2025, Email Open,NO
INT-0013391,948,CMP-0015,2025-08-18,Demo Request,No
INT-0013392,918,CMP-0023,08 Nov 2025, Website Visit, No
INT-0013393,247,CMP-0014,09-11-2025, Click,No 
INT-0013394,508,CMP-0004,"Jan 15, 2025",click,Yes
INT-0013395,601,CMP-0019,"Jul 16, 2025",demo request,No
INT-0013396,1177,CMP-0007,07-12-2025,Email Open ,NO
INT-0013397,1333,CMP-0003,2025-12-24, Impression , No
INT-0013398,899,CMP-0013,"Jan 11, 2025", Website Visit,yes
INT-0013399,679,CMP-0018,28 Oct 2025, Email Open,NO
INT-0013400,702,CMP-0003,04/07/2025,Trial Signup, No
INT-0013401,402,CMP-0026,2025-02-22,email open,no
INT-0013402,999,CMP-0003,27 Oct 2025,Website Visit ,YES
INT-0013403,1138,CMP-0019,10/16/2025, Click ,No
INT-0013404,1234,CMP-0024,10-11-2025,Email Open,yes
INT-0013405,1496,CMP-0025,2025-09-19,Demo Request,No 
INT-0013406,1291,CMP-0024,"Nov 06, 2025",IMPRESSION,YES
INT-0013407,908,CMP-0011,31/05/2025,Email Open,YES
INT-0013408,845,CMP-0028,10/08/2025, Website Visit, Yes
INT-0013409,871,CMP-0007,2025-08-29, Website Visit,YES
INT-0013410,1254,CMP-0029,18-04-2025, Email Open,No
INT-0013411,590,CMP-0020,"Apr 17, 2025",EMAIL OPEN,No 
INT-0013412,298,CMP-0024,2025-08-25,CLICK, No
INT-0013413,57,CMP-0024,2025-01-06,trial signup, No
INT-0013414,188,CMP-0025,2025-06-30, Trial Signup , No
INT-0013415,1240,CMP-0030,10-11-2025,Impression ,Yes
INT-0013416,1375,CMP-0025,14 Oct 2025,DEMO REQUEST, No
INT-0013417,170,CMP-0005,25-01-2025, Website Visit ,no
INT-0013418,675,CMP-0017,04 Jul 2025, Email Open ,No
INT-0013419,925,CMP-0010,08/09/2025,Website Visit , Yes
INT-0013420,24,CMP-0021,11-09-2025, Email Open, No
INT-0013421,499,CMP-0023,07/06/2025,Email Open, No 
INT-0013422,1080,CMP-0030,11-11-2025, Impression ,No 
INT-0013423,738,CMP-0005,"May 30, 2025", Email Open ,Yes 
INT-0013424,597,CMP-0029,13/12/2025,Email Open,no
INT-0013425,645,CMP-0011,"Apr 25, 2025", Demo Request ,No 
INT-0013426,538,CMP-0030,07/18/2025,Trial Signup , No 
INT-0013427,1354,CMP-0006,24-08-2025, Email Open,No
INT-0013428,959,CMP-0019,2025-05-01,Click,NO
INT-0013429,1247,CMP-0030,11-10-2025, Website Visit ,no
INT-0013430,1083,CMP-0006,02 Apr 2025,WEBSITE VISIT,no
INT-0013431,690,CMP-0004,18-12-2025, Email Open ,YES
INT-0013432,741,CMP-0016,16/07/2025, Demo Request,NO
INT-0013433,564,CMP-0010,2025-03-06,Trial Signup , No 
INT-0013434,1138,CMP-0012,06/04/2025,Click , No
INT-0013435,1111,CMP-0022,19/08/2025,impression, Yes 
INT-0013436,436,CMP-0009,2025-07-12,DEMO REQUEST, No
INT-0013437,715,CMP-0010,26/11/2025, Demo Request , No 
INT-0013438,594,CMP-0025,31 Mar 2025,WEBSITE VISIT,No
INT-0013439,156,CMP-0009,26-05-2025,click, No
INT-0013440,737,CMP-0017,28 Aug 2025,impression, No 
INT-0013441,1040,CMP-0027,07 Mar 2025,WEBSITE VISIT,No 
INT-0013442,597,CMP-0017,"Jan 02, 2025", Impression , No 
INT-0013443,1383,CMP-0012,07/28/2025,Impression,no
INT-0013444,835,CMP-0005,"Jan 26, 2025", Demo Request ,NO
INT-0013445,618,CMP-0027,"Jan 01, 2025",Demo Request ,no
INT-0013446,1185,CMP-0022,02/27/2025, Click, No 
INT-0013447,974,CMP-0005,07/21/2025,website visit,NO
INT-0013448,13,CMP-0011,05 Oct 2025, Demo Request ,No
INT-0013449,264,CMP-0003,05/15/2025,Demo Request ,NO
INT-0013450,1094,CMP-0017,17 Nov 2025, Click ,no
INT-0013451,97,CMP-0021,"Jul 29, 2025",Website Visit ,Yes 
INT-0013452,1468,CMP-0008,"Apr 17, 2025", Email Open,No 
INT-0013453,1460,CMP-0003,10/29/2025,impression,No
INT-0013454,1073,CMP-0005,03/01/2025,Click,no
INT-0013455,89,CMP-0016,08/19/2025, Email Open ,No 
INT-0013456,1350,CMP-0015,18/04/2025,click, No 
INT-0013457,365,CMP-0012,2025-05-17, Click ,no
INT-0013458,135,CMP-0028,07-10-2025,Impression, No 
INT-0013459,193,CMP-0016,16 Aug 2025, Website Visit, No
INT-0013460,1438,CMP-0020,21-03-2025,demo request,NO
INT-0013461,233,CMP-0020,13 Jun 2025, Click ,YES
INT-0013462,674,CMP-0014,09/17/2025, Trial Signup,YES
INT-0013463,123,CMP-0026,02 Feb 2025,Click , No
INT-0013464,1295,CMP-0018,11/22/2025,impression,no
INT-0013465,934,CMP-0028,2025-03-20, Impression,Yes
INT-0013466,981,CMP-0026,28/04/2025,email open,No 
INT-0013467,221,CMP-0024,06 May 2025,Website Visit, No 
INT-0013468,585,CMP-0017,"May 02, 2025",Email Open ,no
INT-0013469,21,CMP-0001,19-04-2025,Email Open ,yes
INT-0013470,371,CMP-0026,13-07-2025,Email Open,No
INT-0013471,1006,CMP-0030,23/07/2025, Email Open ,No 
INT-0013472,528,CMP-0018,2025-12-02,Email Open ,No
INT-0013473,856,CMP-0026,18-09-2025,email open,No 
INT-0013474,1356,CMP-0016,24 Apr 2025, Trial Signup ,YES
INT-0013475,1141,CMP-0007,10/18/2025,Trial Signup,No 
INT-0013476,522,CMP-0001,2025-01-21,TRIAL SIGNUP, No 
INT-0013477,1500,CMP-0021,27 Oct 2025,Impression, Yes 
INT-0013478,437,CMP-0002,16/12/2025,Click,NO
INT-0013479,327,CMP-0019,2025-03-09,Impression ,no
INT-0013480,1381,CMP-0021,14-01-2025,Trial Signup, Yes 
INT-0013481,1121,CMP-0007,07/05/2025,Impression, No 
INT-0013482,1312,CMP-0005,04 Mar 2025,Email Open ,no
INT-0013483,566,CMP-0019,2025-10-19,TRIAL SIGNUP,No
INT-0013484,163,CMP-0003,06 May 2025,Email Open, No 
INT-0013485,99,CMP-0010,19/09/2025,demo request,No 
INT-0013486,888,CMP-0022,2025-12-06,EMAIL OPEN,Yes 
INT-0013487,983,CMP-0017,"Feb 28, 2025", Email Open , No 
INT-0013488,191,CMP-0012,2025-08-30,TRIAL SIGNUP, No
INT-0013489,517,CMP-0022,2025-05-07,demo request,NO
INT-0013490,1423,CMP-0012,2025-06-28,CLICK, No 
INT-0013491,834,CMP-0004,06 Nov 2025,Website Visit,no
INT-0013492,1077,CMP-0004,24 May 2025, Trial Signup, No
INT-0013493,373,CMP-0001,11/21/2025,IMPRESSION,no
INT-0013494,1062,CMP-0004,"Jun 23, 2025",IMPRESSION,no
INT-0013495,198,CMP-0008,19 Dec 2025, Impression ,NO
INT-0013496,965,CMP-0027,30 Jun 2025,Email Open ,No
INT-0013497,120,CMP-0025,"Jan 20, 2025",EMAIL OPEN,No
INT-0013498,1159,CMP-0014,2025-08-10, Impression ,Yes
INT-0013499,377,CMP-0006,2025-01-21, Website Visit, No 
INT-0013500,1060,CMP-0017,"Nov 03, 2025", Website Visit , Yes 
INT-0013501,274,CMP-0020,2025-03-07,Click,No 
INT-0013502,925,CMP-0020,23/03/2025,Impression,No 
INT-0013503,1376,CMP-0024,2025-02-08,EMAIL OPEN, No 
INT-0013504,59,CMP-0021,"Aug 13, 2025", Impression , No 
INT-0013505,566,CMP-0008,18-04-2025,Trial Signup , Yes
INT-0013506,551,CMP-0029,13-06-2025, Website Visit,NO
INT-0013507,1359,CMP-0014,09-06-2025, Demo Request,No 
INT-0013508,1213,CMP-0005,12/15/2025,WEBSITE VISIT,NO
INT-0013509,431,CMP-0016,"Aug 09, 2025",EMAIL OPEN,No 
INT-0013510,1254,CMP-0012,11/09/2025,email open,No
INT-0013511,571,CMP-0001,06/01/2025,IMPRESSION, No 
INT-0013512,45,CMP-0001,08-05-2025,Trial Signup ,no
INT-0013513,548,CMP-0005,08/06/2025,impression,NO
INT-0013514,963,CMP-0001,04/16/2025,Website Visit ,no
INT-0013515,623,CMP-0021,03/31/2025,EMAIL OPEN,no
INT-0013516,97,CMP-0022,"Aug 11, 2025",TRIAL SIGNUP,no
INT-0013517,518,CMP-0030,"Apr 21, 2025",impression,yes
INT-0013518,910,CMP-0007,29 Mar 2025, Email Open,NO
INT-0013519,296,CMP-0018,08-05-2025, Demo Request,no
INT-0013520,1274,CMP-0023,06/30/2025, Click, No
INT-0013521,240,CMP-0021,02/19/2025,trial signup, Yes 
INT-0013522,849,CMP-0016,12/19/2025,impression,NO
INT-0013523,729,CMP-0013,04/08/2025,Impression, No 
INT-0013524,897,CMP-0001,2025-06-05,Email Open ,Yes 
INT-0013525,153,CMP-0029,14/04/2025,Click ,YES
INT-0013526,279,CMP-0023,"Sep 16, 2025",DEMO REQUEST, No 
INT-0013527,1304,CMP-0023,2025-11-12, Trial Signup,no
INT-0013528,1265,CMP-0025,22/06/2025,Click , No 
INT-0013529,28,CMP-0027,"Jan 16, 2025",Email Open ,yes
INT-0013530,186,CMP-0002,29/11/2025,EMAIL OPEN, Yes 
INT-0013531,790,CMP-0010,2025-03-02, Email Open,No
INT-0013532,1433,CMP-0011,"Jul 11, 2025",Click ,No 
INT-0013533,1292,CMP-0023,03-06-2025,Demo Request , No 
INT-0013534,582,CMP-0018,14 Mar 2025,Email Open,no
INT-0013535,1021,CMP-0019,21-10-2025,CLICK,no
INT-0013536,636,CMP-0015,"May 26, 2025", Trial Signup ,No 
INT-0013537,593,CMP-0018,23/03/2025,Impression,NO
INT-0013538,809,CMP-0021,"Jan 25, 2025",trial signup,Yes 
INT-0013539,578,CMP-0019,"Jun 18, 2025", Impression ,NO
INT-0013540,113,CMP-0009,2025-09-08,Impression ,No
INT-0013541,313,CMP-0013,"Feb 20, 2025",Email Open , No 
INT-0013542,559,CMP-0024,03/23/2025,Email Open ,No 
INT-0013543,1221,CMP-0004,22-03-2025,website visit,YES
INT-0013544,327,CMP-0018,"Oct 10, 2025", Email Open ,No 
INT-0013545,1242,CMP-0010,30/03/2025,WEBSITE VISIT, No 
INT-0013546,970,CMP-0008,06/10/2025,EMAIL OPEN,No 
INT-0013547,1276,CMP-0030,02/16/2025,TRIAL SIGNUP, No 
INT-0013548,1490,CMP-0013,06/24/2025, Email Open ,Yes 
INT-0013549,314,CMP-0003,2025-01-18,WEBSITE VISIT,no
INT-0013550,701,CMP-0021,16 Jun 2025,TRIAL SIGNUP,no
INT-0013551,684,CMP-0015,03/10/2025,WEBSITE VISIT,No
INT-0013552,712,CMP-0019,09/09/2025, Trial Signup ,NO
INT-0013553,751,CMP-0027,06 May 2025, Impression ,Yes
INT-0013554,1351,CMP-0028,05/02/2025,email open,yes
INT-0013555,928,CMP-0016,"Nov 11, 2025",Demo Request , No 
INT-0013556,97,CMP-0024,06/05/2025, Email Open, No 
INT-0013557,524,CMP-0007,04-09-2025, Website Visit ,Yes
INT-0013558,453,CMP-0005,02-07-2025, Click, No
INT-0013559,940,CMP-0021,06/12/2025,Impression , No
INT-0013560,979,,04/19/2025,Website Visit, No
INT-0013561,1285,CMP-0015,25/09/2025,Trial Signup , No 
INT-0013562,1467,CMP-0024,2025-03-29,demo request, Yes 
INT-0013563,810,CMP-0020,18/09/2025, Demo Request,NO
INT-0013564,827,CMP-0003,31 Dec 2025,WEBSITE VISIT,no
INT-0013565,921,CMP-0025,28-01-2025,Impression ,no
INT-0013566,1331,CMP-0003,04/11/2025, Website Visit , No
INT-0013567,249,CMP-0003,23/08/2025,trial signup,NO
INT-0013568,635,CMP-0009,11-09-2025,Demo Request ,YES
INT-0013569,416,CMP-0028,14-01-2025,DEMO REQUEST, No
INT-0013570,726,CMP-0003,02/10/2025, Impression ,no
INT-0013571,1484,CMP-0010,30/09/2025,Demo Request,Yes
INT-0013572,768,CMP-0030,22 May 2025,Click,No
INT-0013573,673,CMP-0026,04-05-2025,Impression, No 
INT-0013574,598,CMP-0024,2025-09-09, Impression,No 
INT-0013575,1448,CMP-0015,07 Jul 2025, Website Visit ,Yes 
INT-0013576,1251,CMP-0020,01-10-2025, Trial Signup ,No
INT-0013577,1252,CMP-0030,06/04/2025, Website Visit,yes
INT-0013578,726,CMP-0002,23-08-2025,Website Visit,NO
INT-0013579,793,CMP-0029,29/01/2025,Email Open , No
INT-0013580,49,CMP-0006,18/12/2025,EMAIL OPEN,No
INT-0013581,1308,CMP-0012,26-11-2025, Email Open ,Yes 
INT-0013582,527,CMP-0030,10/13/2025,Trial Signup, No 
INT-0013583,31,CMP-0014,05/11/2025, Click,NO
INT-0013584,326,CMP-0011,06/18/2025,demo request,No 
INT-0013585,748,CMP-0005,24 Oct 2025,website visit,No 
INT-0013586,878,CMP-0019,"Oct 25, 2025",Demo Request,YES
INT-0013587,363,CMP-0027,21-09-2025,Click, Yes
INT-0013588,26,CMP-0023,25/09/2025,Email Open,No
INT-0013589,1155,CMP-0030,"Sep 11, 2025",Demo Request, Yes 
INT-0013590,1033,CMP-0007,2025-03-12, Impression, No
INT-0013591,739,CMP-0021,15 Jan 2025,trial signup, No 
INT-0013592,870,CMP-0001,01/03/2025,Click , No
INT-0013593,238,CMP-0013,"Jul 10, 2025",WEBSITE VISIT, No 
INT-0013594,369,CMP-0011,2025-10-26,click,no
INT-0013595,1035,CMP-0020,"Dec 23, 2025", Email Open,Yes 
INT-0013596,272,CMP-0004,2025-03-19,WEBSITE VISIT, No 
INT-0013597,696,CMP-0023,12/07/2025,Demo Request ,No
INT-0013598,727,CMP-0013,"Aug 31, 2025",Trial Signup, Yes 
INT-0013599,231,CMP-0011,14/09/2025,Impression,No
INT-0013600,506,CMP-0026,01-01-2025,Email Open, No
INT-0013601,1184,CMP-0024,17 Jun 2025,click,No
INT-0013602,98,CMP-0021,2025-05-07, Impression ,NO
INT-0013603,498,CMP-0005,"Apr 05, 2025", Email Open ,no
INT-0013604,362,CMP-0009,26-05-2025,Trial Signup,No 
INT-0013605,1440,CMP-0029,2025-01-26, Click,No
INT-0013606,808,CMP-0026,09/13/2025,WEBSITE VISIT,yes
INT-0013607,726,CMP-0029,17-01-2025, Demo Request , No
INT-0013608,532,CMP-0005,02-12-2025,Email Open ,NO
INT-0013609,1446,CMP-0015,"Jul 09, 2025",click, No 
INT-0013610,704,CMP-0029,2025-01-07,Impression ,no
INT-0013611,178,CMP-0010,27/11/2025,Email Open ,No
INT-0013612,828,CMP-0018,2025-08-23, Demo Request,NO
INT-0013613,757,CMP-0012,18 May 2025,Website Visit,no
INT-0013614,253,CMP-0024,03/24/2025, Click, No 
INT-0013615,543,CMP-0019,10/06/2025,Email Open,NO
INT-0013616,961,CMP-0007,14 Aug 2025,WEBSITE VISIT,Yes
INT-0013617,447,CMP-0013,"Sep 06, 2025", Trial Signup , No
INT-0013618,794,CMP-0025,12-06-2025,Click, No
INT-0013619,106,CMP-0023,09/06/2025,WEBSITE VISIT,Yes 
INT-0013620,843,CMP-0003,"Nov 13, 2025", Demo Request,No
INT-0013621,952,CMP-0004,02/19/2025,website visit, No 
INT-0013622,1353,CMP-0003,02 Feb 2025,Click, No
INT-0013623,844,CMP-0025,14-08-2025,IMPRESSION,no
INT-0013624,234,CMP-0029,2025-07-26, Email Open,No 
INT-0013625,1234,CMP-0011,01/20/2025,Website Visit ,no
INT-0013626,180,CMP-0003,"Feb 05, 2025", Impression, No
INT-0013627,605,CMP-0018,2025-03-13,DEMO REQUEST,No 
INT-0013628,1071,CMP-0014,07 May 2025, Demo Request ,No 
INT-0013629,716,CMP-0020,05/29/2025,WEBSITE VISIT, No 
INT-0013630,828,CMP-0001,07 Jul 2025, Click , Yes
INT-0013631,134,CMP-0027,23-04-2025,demo request,No 
INT-0013632,1011,CMP-0002,02/26/2025,website visit,NO
INT-0013633,525,CMP-0005,"Mar 11, 2025", Demo Request ,No
INT-0013634,864,CMP-0005,03/03/2025,click, No 
INT-0013635,1327,CMP-0003,2025-03-07,email open,Yes
INT-0013636,1195,CMP-0019,25-10-2025,EMAIL OPEN,No 
INT-0013637,1012,CMP-0020,09/12/2025, Click,NO
INT-0013638,407,CMP-0024,13 May 2025,Website Visit ,No 
INT-0013639,589,CMP-0022,"Aug 12, 2025", Email Open ,No
INT-0013640,297,CMP-0020,16/02/2025, Impression ,YES
INT-0013641,1358,CMP-0030,31/07/2025, Trial Signup , No
INT-0013642,50,CMP-0015,2025-07-17,Website Visit,No 
INT-0013643,744,CMP-0018,01-10-2025, Click, No 
INT-0013644,826,CMP-0015,2025-11-16,demo request,no
INT-0013645,1348,CMP-0010,12/23/2025, Impression,no
INT-0013646,1426,CMP-0016,2025-12-28, Trial Signup ,NO
INT-0013647,911,CMP-0003,"Jun 08, 2025",Trial Signup,No
INT-0013648,401,CMP-0004,2025-11-27,demo request,Yes 
INT-0013649,619,CMP-0026,2025-02-25, Trial Signup , No
INT-0013650,995,CMP-0022,09/09/2025,Email Open,No 
INT-0013651,595,CMP-0028,04 Sep 2025,demo request, No 
INT-0013652,669,CMP-0011,12/02/2025,trial signup,No 
INT-0013653,500,CMP-0030,27 Feb 2025, Click , No
INT-0013654,1420,CMP-0005,12/20/2025,Trial Signup,NO
INT-0013655,1440,CMP-0022,18/02/2025,demo request,No 
INT-0013656,588,CMP-0009,14/08/2025,Trial Signup,No 
INT-0013657,1017,CMP-0007,02 Jul 2025, Email Open,YES
INT-0013658,560,CMP-0009,"Sep 28, 2025", Demo Request , No
INT-0013659,489,CMP-0017,2025-04-22,Email Open,NO
INT-0013660,1274,CMP-0027,24-02-2025,click,Yes
INT-0013661,1195,CMP-0012,"Nov 15, 2025", Click ,No
INT-0013662,151,CMP-0010,03/09/2025,Website Visit ,No 
INT-0013663,1260,CMP-0002,10-03-2025,Click,No
INT-0013664,1097,CMP-0011,"Jul 25, 2025",Website Visit,yes
INT-0013665,1463,CMP-0001,2025-11-23,email open, No 
INT-0013666,1392,CMP-0023,"Dec 12, 2025", Demo Request,No 
INT-0013667,1445,CMP-0029,2025-07-30,CLICK,NO
INT-0013668,684,CMP-0024,2025-06-07,impression, No 
INT-0013669,320,CMP-0022,17-11-2025,Click, No
INT-0013670,612,CMP-0026,24-05-2025,Impression , No
INT-0013671,312,CMP-0004,"Dec 02, 2025",Email Open , No
INT-0013672,121,CMP-0011,"Jun 26, 2025",website visit,Yes
INT-0013673,949,CMP-0003,25 Aug 2025, Email Open ,no
INT-0013674,1361,CMP-0024,2025-11-25, Impression ,No 
INT-0013675,1299,CMP-0008,14/06/2025,Demo Request,no
INT-0013676,539,CMP-0018,04/24/2025, Demo Request,no
INT-0013677,323,CMP-0027,06-06-2025,Trial Signup,No
INT-0013678,868,CMP-0010,03/01/2025,email open,No 
INT-0013679,1109,CMP-0011,07/06/2025, Trial Signup, No
INT-0013680,1255,CMP-0002,06/04/2025, Website Visit , No 
INT-0013681,1388,CMP-0021,09/21/2025,trial signup,NO
INT-0013682,379,CMP-0027,"Mar 06, 2025", Trial Signup ,No 
INT-0013683,1426,CMP-0011,"Sep 12, 2025", Email Open,No
INT-0013684,395,CMP-0028,"Dec 17, 2025",impression, No
INT-0013685,1053,CMP-0010,"Jul 29, 2025",TRIAL SIGNUP,No 
INT-0013686,1397,CMP-0018,10-05-2025,Demo Request,No
INT-0013687,431,CMP-0023,"Dec 21, 2025", Email Open , No 
INT-0013688,25,CMP-0019,17 Aug 2025,Email Open,No
INT-0013689,570,CMP-0026,2025-11-01,EMAIL OPEN,NO
INT-0013690,650,CMP-0010,12/08/2025,Impression ,No
INT-0013691,406,CMP-0020,"Nov 28, 2025",Email Open,YES
INT-0013692,341,CMP-0013,21-09-2025,Impression,No 
INT-0013693,906,CMP-0023,28-04-2025,DEMO REQUEST,YES
INT-0013694,416,CMP-0024,2025-10-30,WEBSITE VISIT,No 
INT-0013695,887,CMP-0003,03/12/2025,WEBSITE VISIT,No 
INT-0013696,1360,CMP-0003,20/02/2025, Demo Request,Yes 
INT-0013697,372,CMP-0004,09/06/2025, Trial Signup,no
INT-0013698,1128,CMP-0001,2025-11-21, Click,No
INT-0013699,887,CMP-0010,2025-09-20,Impression, No
INT-0013700,284,CMP-0015,01/29/2025,TRIAL SIGNUP,No 
INT-0013701,1398,CMP-0017,"Oct 17, 2025",DEMO REQUEST,NO
INT-0013702,1190,CMP-0016,06/09/2025,Trial Signup , No 
INT-0013703,1437,CMP-0020,12/30/2025,Click,No 
INT-0013704,53,CMP-0008,02/24/2025,Website Visit ,Yes
INT-0013705,49,CMP-0027,27 Nov 2025,DEMO REQUEST,No 
INT-0013706,1408,CMP-0003,03 Oct 2025, Click, No
INT-0013707,514,CMP-0002,03/04/2025, Click ,NO
INT-0013708,1368,CMP-0010,02-12-2025, Click , No
INT-0013709,1415,CMP-0010,30-12-2025,impression, Yes 
INT-0013710,254,CMP-0008,02 Oct 2025, Email Open , Yes 
INT-0013711,260,CMP-0018,07/12/2025,email open,no
INT-0013712,293,CMP-0021,20/01/2025, Click,NO
INT-0013713,620,CMP-0025,05/15/2025,Trial Signup ,No
INT-0013714,1022,CMP-0004,2025-05-24,click, No 
INT-0013715,1168,CMP-0028,2025-12-06, Trial Signup ,No 
INT-0013716,1218,CMP-0002,07/01/2025, Website Visit , No 
INT-0013717,890,CMP-0005,07/10/2025,Email Open , Yes 
INT-0013718,842,CMP-0009,"Jun 27, 2025", Website Visit ,No
INT-0013719,971,CMP-0018,2025-08-21,demo request,No 
INT-0013720,1201,,24 Oct 2025, Email Open, No
INT-0013721,630,CMP-0023,2025-05-20,email open, No
INT-0013722,1221,CMP-0004,14-06-2025,IMPRESSION,No 
INT-0013723,550,CMP-0023,31/01/2025,demo request, No
INT-0013724,458,CMP-0013,03/06/2025,Trial Signup , No
INT-0013725,1052,CMP-0021,03/03/2025,Click,NO
INT-0013726,66,CMP-0028,2025-03-14,trial signup,No
INT-0013727,1241,CMP-0026,31/01/2025, Demo Request, No
INT-0013728,997,CMP-0011,2025-10-27,trial signup, No 
INT-0013729,486,CMP-0027,10 Oct 2025,Demo Request ,No 
INT-0013730,736,CMP-0030,23 Feb 2025,impression,Yes 
INT-0013731,524,CMP-0009,06-05-2025,Click,NO
INT-0013732,593,CMP-0007,15/03/2025,Click , No
INT-0013733,637,CMP-0027,"Jul 25, 2025", Email Open,No
INT-0013734,1488,CMP-0020,"Jun 18, 2025",Trial Signup , No 
INT-0013735,596,CMP-0029,2025-12-10,TRIAL SIGNUP, No 
INT-0013736,868,CMP-0013,09/29/2025,Click,yes
INT-0013737,369,CMP-0005,09/10/2025, Demo Request,No 
INT-0013738,1142,CMP-0006,11-01-2025,Website Visit, No
INT-0013739,482,CMP-0029,2025-02-20,demo request,yes
INT-0013740,100,CMP-0015,01/10/2025,CLICK,No
INT-0013741,1101,CMP-0017,09/26/2025,CLICK, Yes
INT-0013742,893,CMP-0019,05/11/2025, Website Visit,No
INT-0013743,925,CMP-0002,05/19/2025,TRIAL SIGNUP,no
INT-0013744,557,CMP-0015,2025-09-16,Email Open ,no
INT-0013745,822,CMP-0016,2025-05-31,TRIAL SIGNUP,no
INT-0013746,1095,CMP-0020,11/03/2025,CLICK,No
INT-0013747,1107,CMP-0002,09/09/2025,Impression , No 
INT-0013748,140,CMP-0011,"Mar 14, 2025",website visit,yes
INT-0013749,865,CMP-0013,21 Sep 2025,impression,Yes
INT-0013750,1282,CMP-0001,"Apr 06, 2025", Trial Signup, No 
INT-0013751,57,CMP-0029,2025-09-14,Website Visit,no
INT-0013752,805,CMP-0001,12/28/2025,Email Open, No
INT-0013753,658,CMP-0002,17/11/2025, Demo Request ,No
INT-0013754,11,CMP-0018,19 Apr 2025,Trial Signup ,No 
INT-0013755,934,CMP-0003,2025-07-30,trial signup,NO
INT-0013756,1257,CMP-0016,02/22/2025,trial signup,no
INT-0013757,916,CMP-0024,23-06-2025,Demo Request ,NO
INT-0013758,1016,CMP-0024,"Mar 10, 2025",trial signup,NO
INT-0013759,109,CMP-0016,15 Mar 2025, Click , No
INT-0013760,96,CMP-0012,"Aug 17, 2025",trial signup, No
INT-0013761,1267,CMP-0027,03/09/2025,IMPRESSION,No 
INT-0013762,211,CMP-0030,05/30/2025,TRIAL SIGNUP, No
INT-0013763,729,CMP-0027,2025-09-14,Website Visit,No 
INT-0013764,732,CMP-0004,2025-01-10,impression,No
INT-0013765,435,CMP-0017,"Jan 03, 2025",Click,no
INT-0013766,1248,CMP-0011,24-10-2025,Demo Request , No 
INT-0013767,1487,CMP-0024,01/08/2025, Click, No
INT-0013768,180,CMP-0030,09/03/2025,Click ,Yes 
INT-0013769,16,CMP-0002,2025-01-26, Impression, No 
INT-0013770,210,CMP-0028,04/11/2025, Demo Request ,no
INT-0013771,993,CMP-0002,07-03-2025,Impression , No 
INT-0013772,714,CMP-0025,17 May 2025, Impression ,NO
INT-0013773,199,CMP-0006,2025-03-06, Email Open ,No
INT-0013774,870,CMP-0024,08/09/2025,website visit,NO
INT-0013775,1148,CMP-0008,16/09/2025, Click,no
INT-0013776,1114,CMP-0029,2025-03-27,Website Visit , No 
INT-0013777,880,CMP-0029,"Jun 12, 2025", Demo Request , Yes 
INT-0013778,250,CMP-0003,13-01-2025,WEBSITE VISIT,NO
INT-0013779,1064,CMP-0008,26-10-2025,Website Visit ,No
INT-0013780,1302,CMP-0018,"Jul 14, 2025", Impression , No 
INT-0013781,243,CMP-0006,10 Apr 2025,website visit,Yes
INT-0013782,1365,CMP-0002,2025-02-07,trial signup, No 
INT-0013783,1175,CMP-0010,"Nov 12, 2025",Website Visit , No 
INT-0013784,929,CMP-0008,21/06/2025, Impression ,YES
INT-0013785,1253,,05/01/2025,email open,No
INT-0013786,1456,CMP-0015,01/13/2025,IMPRESSION, No 
INT-0013787,843,,2025-10-31,Demo Request , No 
INT-0013788,1361,CMP-0017,18 Mar 2025, Trial Signup , No 
INT-0013789,839,CMP-0029,23/11/2025, Demo Request,NO
INT-0013790,581,CMP-0003,2025-05-25,Click, No
INT-0013791,1296,CMP-0023,11/18/2025,trial signup,YES
INT-0013792,211,CMP-0020,29/06/2025,CLICK,No 
INT-0013793,1104,CMP-0002,01/29/2025,website visit,No
INT-0013794,393,CMP-0019,06 Feb 2025,Email Open, No
INT-0013795,913,CMP-0008,2025-08-06,Impression ,No
INT-0013796,800,,02 Jul 2025,Click ,Yes 
INT-0013797,932,CMP-0005,24 Jul 2025,email open, Yes
INT-0013798,322,CMP-0016,05/12/2025,Impression , No
INT-0013799,709,CMP-0028,07/02/2025, Demo Request, No 
INT-0013800,755,CMP-0005,07/11/2025,demo request, No 
INT-0013801,352,CMP-0015,05/04/2025,Impression,No
INT-0013802,769,CMP-0029,2025-02-12, Demo Request,yes
INT-0013803,295,,25/03/2025,trial signup,No 
INT-0013804,845,CMP-0029,22/08/2025, Demo Request ,Yes 
INT-0013805,1098,CMP-0029,08/02/2025,DEMO REQUEST,NO
INT-0013806,502,CMP-0029,"Dec 12, 2025", Demo Request, No 
INT-0013807,361,CMP-0020,25/04/2025,Email Open ,no
INT-0013808,1102,CMP-0017,30 Oct 2025,Website Visit,No 
INT-0013809,111,CMP-0007,09/25/2025,Click ,Yes 
INT-0013810,182,CMP-0016,2025-01-28,Click, No 
INT-0013811,118,CMP-0014,07/02/2025,Email Open , No
INT-0013812,566,CMP-0022,07 May 2025,Impression, No 
INT-0013813,1369,CMP-0030,02/06/2025,CLICK,no
INT-0013814,367,CMP-0016,10/09/2025, Trial Signup , No
INT-0013815,915,CMP-0028,31/08/2025,Click ,NO
INT-0013816,408,CMP-0016,2025-07-24,email open, No
INT-0013817,814,,09/04/2025, Email Open , No
INT-0013818,1168,CMP-0029,"Mar 24, 2025", Trial Signup ,No
INT-0013819,1,CMP-0022,"Nov 21, 2025", Email Open ,No
INT-0013820,261,CMP-0022,02/21/2025,Click,YES
INT-0013821,642,CMP-0027,"Sep 22, 2025", Trial Signup , No 
INT-0013822,464,CMP-0007,28/01/2025,Trial Signup ,No
INT-0013823,1,CMP-0007,05 Jul 2025,website visit, Yes 
INT-0013824,25,CMP-0006,24 Jun 2025, Impression,No
INT-0013825,579,CMP-0001,2025-10-05, Trial Signup, No 
INT-0013826,344,CMP-0005,02-02-2025,demo request,No
INT-0013827,358,CMP-0030,06/14/2025,Click,No
INT-0013828,1062,CMP-0002,22-12-2025,website visit,Yes
INT-0013829,15,CMP-0027,28 Dec 2025,Click,yes
INT-0013830,834,CMP-0023,08-01-2025,Email Open ,no
INT-0013831,560,CMP-0006,2025-05-11, Demo Request ,no
INT-0013832,819,CMP-0015,01/03/2025,CLICK,No
INT-0013833,284,CMP-0001,02/16/2025,impression, Yes
INT-0013834,476,CMP-0007,2025-02-28,Website Visit, Yes
INT-0013835,22,CMP-0004,22-02-2025,CLICK, Yes 
INT-0013836,1355,CMP-0005,08/02/2025,Demo Request , No 
INT-0013837,1290,CMP-0030,07/24/2025,Trial Signup ,No 
INT-0013838,1175,CMP-0022,21 Mar 2025, Impression,no
INT-0013839,798,CMP-0004,"Jan 26, 2025",IMPRESSION,no
INT-0013840,789,CMP-0005,22-12-2025,Impression,Yes
INT-0013841,942,CMP-0005,"Jun 01, 2025",Website Visit ,no
INT-0013842,400,CMP-0029,2025-08-06, Website Visit,NO
INT-0013843,578,CMP-0016,2025-04-16,Trial Signup, Yes
INT-0013844,361,CMP-0019,06-08-2025,click,No
INT-0013845,1110,CMP-0028,05/12/2025,Demo Request ,no
INT-0013846,1126,CMP-0003,15/01/2025,trial signup,Yes
INT-0013847,353,CMP-0005,01/03/2025,IMPRESSION, No 
INT-0013848,1416,CMP-0021,"Jul 14, 2025", Email Open, No 
INT-0013849,124,CMP-0027,13 Jan 2025,impression,No 
INT-0013850,533,CMP-0025,"May 28, 2025",Demo Request, No 
INT-0013851,382,CMP-0023,14/10/2025,Website Visit ,no
INT-0013852,960,CMP-0006,18-04-2025, Click,No 
INT-0013853,778,CMP-0025,19-09-2025,Click, No 
INT-0013854,66,CMP-0014,16-05-2025, Trial Signup,No 
INT-0013855,678,CMP-0010,26/09/2025,Demo Request,no
INT-0013856,1005,CMP-0025,05/03/2025,Email Open,No 
INT-0013857,1253,CMP-0020,2025-07-15, Trial Signup,no
INT-0013858,960,CMP-0001,"Dec 06, 2025",Website Visit ,Yes
INT-0013859,322,CMP-0022,"Dec 10, 2025",click,yes
INT-0013860,107,CMP-0002,02/19/2025, Click,No
INT-0013861,962,CMP-0001,"Feb 25, 2025",Impression ,Yes 
INT-0013862,1493,CMP-0026,08-08-2025,CLICK, No
INT-0013863,1347,CMP-0006,"Sep 14, 2025",Website Visit,No 
INT-0013864,1397,CMP-0030,08 Jun 2025,WEBSITE VISIT,No
INT-0013865,727,CMP-0001,26 Oct 2025,website visit, No 
INT-0013866,932,CMP-0007,"Jan 06, 2025", Click ,No 
INT-0013867,916,CMP-0015,"Mar 08, 2025",Email Open,No 
INT-0013868,1164,CMP-0015,09/20/2025,click,NO
INT-0013869,1132,CMP-0013,"Jan 03, 2025", Impression,No
INT-0013870,1141,CMP-0030,03/04/2025,impression,No 
INT-0013871,85,CMP-0008,21 Jul 2025,trial signup, No
INT-0013872,917,CMP-0016,2025-03-28, Demo Request, No 
INT-0013873,463,CMP-0025,28-06-2025,IMPRESSION,NO
INT-0013874,934,CMP-0022,11/03/2025, Click, No 
INT-0013875,735,CMP-0009,2025-11-09, Impression ,no
INT-0013876,1003,CMP-0005,26-07-2025,demo request,Yes 
INT-0013877,764,CMP-0018,2025-08-15,Click , No
INT-0013878,380,CMP-0023,"Oct 20, 2025", Click , No
INT-0013879,975,CMP-0029,"Jul 12, 2025", Email Open,no
INT-0013880,1344,CMP-0010,2025-09-22,trial signup,NO
INT-0013881,1246,CMP-0021,03/11/2025,Click ,no
INT-0013882,1055,CMP-0004,"Sep 17, 2025",CLICK, No 
INT-0013883,1297,CMP-0010,22 Jul 2025, Demo Request, No
INT-0013884,514,CMP-0022,03 Jul 2025,Demo Request ,no
INT-0013885,1219,CMP-0010,27-10-2025, Impression,No
INT-0013886,897,CMP-0022,"Sep 07, 2025",IMPRESSION,no
INT-0013887,1171,CMP-0005,"Aug 08, 2025",website visit, No
INT-0013888,1439,CMP-0015,"Apr 01, 2025", Trial Signup,no
INT-0013889,1488,CMP-0011,2025-03-03,EMAIL OPEN, No
INT-0013890,516,CMP-0010,2025-08-19,DEMO REQUEST,No
INT-0013891,34,CMP-0006,30-04-2025,Trial Signup,No 
INT-0013892,305,CMP-0006,18/08/2025,Impression ,No
INT-0013893,1222,CMP-0004,12 Aug 2025,Website Visit, No 
INT-0013894,991,CMP-0014,22 Sep 2025,demo request,yes
INT-0013895,1498,CMP-0021,2025-01-01,trial signup,No
INT-0013896,322,CMP-0026,07/07/2025,email open, No
INT-0013897,1097,CMP-0007,12/03/2025,Click,no
INT-0013898,175,CMP-0019,"Nov 15, 2025",website visit, No 
INT-0013899,793,CMP-0004,"Nov 21, 2025",Impression , Yes
INT-0013900,422,CMP-0003,12 Oct 2025,TRIAL SIGNUP,yes
INT-0013901,679,CMP-0010,"Apr 22, 2025",Impression , Yes 
INT-0013902,1040,CMP-0016,2025-05-13, Demo Request ,Yes
INT-0013903,1284,,2025-08-14, Impression , No
INT-0013904,698,CMP-0012,10/04/2025,Website Visit,NO
INT-0013905,935,CMP-0016,25 Aug 2025,Demo Request ,No 
INT-0013906,281,,08/10/2025,Email Open ,NO
INT-0013907,616,CMP-0030,08-08-2025, Demo Request,No 
INT-0013908,626,CMP-0006,"Aug 23, 2025",trial signup,no
INT-0013909,1271,CMP-0001,08-01-2025,EMAIL OPEN,NO
INT-0013910,399,CMP-0029,27 May 2025,click,No
INT-0013911,652,CMP-0012,"Sep 24, 2025",Click , No
INT-0013912,99,CMP-0023,29 Nov 2025,Email Open ,no
INT-0013913,676,CMP-0022,05/09/2025,Impression,NO
INT-0013914,1250,CMP-0004,02/08/2025,IMPRESSION,No
INT-0013915,791,CMP-0025,"Mar 24, 2025", Impression ,NO
INT-0013916,605,CMP-0021,08 Jan 2025,trial signup,No
INT-0013917,1427,CMP-0026,15-07-2025, Click ,No 
INT-0013918,356,CMP-0002,2025-11-30, Click , No 
INT-0013919,122,CMP-0029,16/11/2025,Demo Request ,NO
INT-0013920,205,CMP-0006,05/03/2025,Demo Request ,no
INT-0013921,825,CMP-0008,20-12-2025,CLICK,No 
INT-0013922,176,CMP-0019,02/07/2025,Demo Request,No
INT-0013923,358,CMP-0002,11/02/2025, Click,no
INT-0013924,124,CMP-0020,2025-11-04,TRIAL SIGNUP, No
INT-0013925,810,CMP-0024,03 Nov 2025, Demo Request ,NO
INT-0013926,1358,CMP-0017,26-10-2025,Click,no
INT-0013927,968,CMP-0006,04-09-2025,Website Visit,YES
INT-0013928,1111,CMP-0028,05/24/2025, Impression,No
INT-0013929,396,CMP-0028,06/17/2025, Click, No
INT-0013930,336,CMP-0030,24 May 2025, Demo Request, No 
INT-0013931,1375,CMP-0020,"Sep 05, 2025", Demo Request , Yes
INT-0013932,1105,CMP-0014,02/08/2025,WEBSITE VISIT,No 
INT-0013933,1383,CMP-0026,21-01-2025,Impression,No 
INT-0013934,631,CMP-0030,2025-09-20,Trial Signup,Yes 
INT-0013935,384,CMP-0013,27/08/2025,TRIAL SIGNUP,no
INT-0013936,1409,CMP-0020,02/01/2025, Website Visit ,no
INT-0013937,192,CMP-0013,16-03-2025,Email Open ,No
INT-0013938,1346,CMP-0011,"Dec 04, 2025", Demo Request , No 
INT-0013939,899,CMP-0007,2025-08-19,Click , No 
INT-0013940,109,CMP-0025,16-02-2025, Trial Signup ,No
INT-0013941,23,CMP-0004,01/19/2025, Demo Request,No 
INT-0013942,1277,CMP-0028,01/13/2025, Impression , No 
INT-0013943,676,CMP-0017,12/01/2025, Demo Request,No 
INT-0013944,982,CMP-0023,07/11/2025,Email Open, No
INT-0013945,1029,CMP-0020,10-01-2025,website visit, No 
INT-0013946,469,CMP-0025,"Jan 07, 2025", Website Visit,No
INT-0013947,762,CMP-0001,05/12/2025, Trial Signup ,yes
INT-0013948,1248,CMP-0024,07-06-2025, Impression , Yes 
INT-0013949,1196,CMP-0007,02-04-2025, Click,No
INT-0013950,902,CMP-0011,27/07/2025, Impression ,No 
INT-0013951,620,CMP-0017,"Aug 01, 2025", Email Open ,NO
INT-0013952,554,CMP-0013,"Sep 20, 2025", Trial Signup ,No 
INT-0013953,1000,CMP-0015,"Aug 22, 2025", Website Visit , No
INT-0013954,398,CMP-0026,12-03-2025,DEMO REQUEST,No
INT-0013955,595,CMP-0005,"Aug 22, 2025", Demo Request,No 
INT-0013956,301,CMP-0015,2025-05-11,email open,no
INT-0013957,671,CMP-0017,11/10/2025, Click ,No 
INT-0013958,416,CMP-0021,"Nov 07, 2025", Click ,no
INT-0013959,349,CMP-0030,2025-12-21, Demo Request , Yes 
INT-0013960,1117,CMP-0010,25/10/2025,Impression,No
INT-0013961,908,CMP-0016,04-03-2025,Impression ,yes
INT-0013962,959,CMP-0005,"Jul 24, 2025",Click, No
INT-0013963,1096,CMP-0011,19 Nov 2025,Trial Signup,NO
INT-0013964,362,CMP-0003,"Sep 14, 2025", Trial Signup,No 
INT-0013965,1430,CMP-0001,2025-01-14, Demo Request ,No 
INT-0013966,563,CMP-0018,11-09-2025,Website Visit,YES
INT-0013967,1493,CMP-0024,07/28/2025,Email Open,No 
INT-0013968,993,CMP-0025,14/10/2025,Click,No
INT-0013969,263,CMP-0001,17-04-2025, Click, No
INT-0013970,195,CMP-0023,04-07-2025,click,No
INT-0013971,587,CMP-0012,25/01/2025,EMAIL OPEN, No 
INT-0013972,389,CMP-0025,11/19/2025,WEBSITE VISIT,No
INT-0013973,419,CMP-0010,"Oct 27, 2025",Website Visit,Yes 
INT-0013974,452,CMP-0020,04/29/2025, Click,no
INT-0013975,2,CMP-0012,08/28/2025,trial signup, No 
INT-0013976,37,CMP-0010,"Sep 30, 2025", Impression,NO
INT-0013977,998,CMP-0025,2025-12-31,trial signup,No
INT-0013978,775,CMP-0007,"Sep 27, 2025", Email Open,No
INT-0013979,110,CMP-0025,"Sep 13, 2025",Email Open ,NO
INT-0013980,913,CMP-0025,"Apr 30, 2025",DEMO REQUEST,No 
INT-0013981,1185,CMP-0010,"Mar 14, 2025",EMAIL OPEN, Yes 
INT-0013982,1472,CMP-0007,26-12-2025,Email Open ,NO
INT-0013983,369,CMP-0015,"Nov 06, 2025",trial signup,no
INT-0013984,1005,CMP-0016,2025-08-20, Click,no
INT-0013985,628,CMP-0015,04/15/2025, Impression,no
INT-0013986,147,CMP-0026,02/14/2025,Trial Signup ,yes
INT-0013987,227,CMP-0010,10/15/2025,demo request,NO
INT-0013988,213,CMP-0017,09/11/2025,Trial Signup ,No
INT-0013989,1144,CMP-0002,02/04/2025,Demo Request,No
INT-0013990,393,CMP-0029,"Jun 29, 2025",Impression,yes
INT-0013991,243,CMP-0028,14 Apr 2025, Click , Yes
INT-0013992,597,CMP-0020,2025-09-03, Website Visit ,no
INT-0013993,855,CMP-0001,11/07/2025, Click, No 
INT-0013994,1052,CMP-0012,08 Jul 2025, Trial Signup , No
INT-0013995,520,CMP-0015,29 Oct 2025,Website Visit ,NO
INT-0013996,526,CMP-0004,11/12/2025,impression,No
INT-0013997,785,CMP-0001,27/09/2025,Trial Signup,No
INT-0013998,886,CMP-0026,08/14/2025, Demo Request ,No
INT-0013999,119,CMP-0026,07/03/2025,IMPRESSION,No 
INT-0014000,1443,CMP-0021,02/22/2025,Email Open , No 
INT-0014001,1409,CMP-0018,02/12/2025, Website Visit,Yes
INT-0014002,842,CMP-0005,12-06-2025, Email Open , No 
INT-0014003,414,CMP-0009,02-05-2025, Impression,No 
INT-0014004,1005,CMP-0008,04-06-2025, Click ,No
INT-0014005,1003,CMP-0027,2025-04-20,Trial Signup,No
INT-0014006,263,CMP-0005,2025-05-11, Click , No
INT-0014007,333,CMP-0024,"Jul 13, 2025",Click, No
INT-0014008,688,CMP-0030,30/04/2025,Demo Request,Yes 
INT-0014009,833,CMP-0016,"Oct 24, 2025",Email Open,no
INT-0014010,1368,CMP-0011,03-07-2025,demo request,No 
INT-0014011,454,CMP-0022,22/12/2025,CLICK, Yes
INT-0014012,379,CMP-0030,09/01/2025,Website Visit ,NO
INT-0014013,779,CMP-0016,31 Jan 2025,Demo Request ,No 
INT-0014014,1173,CMP-0030,12-11-2025, Website Visit,No 
INT-0014015,1200,CMP-0006,"Jul 30, 2025",TRIAL SIGNUP, No 
INT-0014016,1051,CMP-0024,"Mar 18, 2025",Impression,no
INT-0014017,223,CMP-0015,10-11-2025, Email Open, Yes
INT-0014018,855,CMP-0029,02/11/2025,click, No 
INT-0014019,1106,CMP-0001,05/07/2025,Impression ,NO
INT-0014020,663,CMP-0026,2025-08-09, Website Visit ,No
INT-0014021,581,CMP-0020,"Oct 19, 2025",Website Visit ,NO
INT-0014022,148,CMP-0030,10-04-2025,Click ,NO
INT-0014023,781,CMP-0008,11/04/2025,Click ,No
INT-0014024,1369,CMP-0027,"Nov 20, 2025",CLICK, No 
INT-0014025,1442,CMP-0002,2025-10-01, Website Visit ,no
INT-0014026,1240,CMP-0021,11/04/2025,Email Open , Yes
INT-0014027,192,CMP-0004,2025-06-12,Website Visit , Yes
INT-0014028,1006,CMP-0021,25/11/2025, Click, No
INT-0014029,825,CMP-0013,2025-05-18,click,No
INT-0014030,134,CMP-0015,"Nov 09, 2025",Trial Signup ,No
INT-0014031,506,CMP-0019,28 Aug 2025,Trial Signup ,No
INT-0014032,422,CMP-0021,15-11-2025,impression, No 
INT-0014033,1120,CMP-0013,01-10-2025, Trial Signup, No 
INT-0014034,790,CMP-0029,23-02-2025, Impression ,no
INT-0014035,613,CMP-0021,10/18/2025,IMPRESSION,NO
INT-0014036,1432,CMP-0017,2025-04-14,Impression ,No
INT-0014037,888,CMP-0029,"Apr 05, 2025",Email Open , No
INT-0014038,8,CMP-0009,"Sep 19, 2025",demo request,No 
INT-0014039,185,CMP-0007,08/19/2025,impression,yes
INT-0014040,669,CMP-0011,03-11-2025, Website Visit ,no
INT-0014041,861,CMP-0025,2025-05-03,DEMO REQUEST,NO
INT-0014042,706,CMP-0022,2025-11-23,trial signup,No 
INT-0014043,923,CMP-0025,01/23/2025, Website Visit,no
INT-0014044,921,CMP-0018,2025-04-29,Website Visit,Yes 
INT-0014045,458,CMP-0009,18-06-2025,Email Open ,No
INT-0014046,222,CMP-0027,21 Nov 2025, Impression ,no
INT-0014047,951,CMP-0003,2025-03-18,Trial Signup ,YES
INT-0014048,181,CMP-0021,2025-12-30,Email Open ,no
INT-0014049,987,CMP-0012,25-02-2025,Click,No
INT-0014050,642,CMP-0029,09/01/2025,Impression ,yes
INT-0014051,1118,CMP-0025,2025-04-23, Email Open ,No
INT-0014052,1054,CMP-0027,06/05/2025, Impression ,No
INT-0014053,769,CMP-0010,09/26/2025,Impression ,no
INT-0014054,1428,CMP-0006,2025-01-10, Website Visit ,No 
INT-0014055,1356,CMP-0015,2025-07-22,Website Visit,No
INT-0014056,535,CMP-0020,04 Feb 2025,WEBSITE VISIT, No 
INT-0014057,534,CMP-0006,"Nov 18, 2025",Impression, No
INT-0014058,1416,CMP-0011,2025-01-22,IMPRESSION,No 
INT-0014059,107,CMP-0021,15 Jun 2025,Trial Signup ,No 
INT-0014060,453,CMP-0028,27-09-2025,Click ,No
INT-0014061,527,CMP-0029,02 Oct 2025,trial signup, No
INT-0014062,1281,CMP-0012,06 Jul 2025,trial signup,NO
INT-0014063,87,CMP-0009,26/09/2025, Website Visit,no
INT-0014064,791,CMP-0003,27 Jul 2025, Demo Request ,No 
INT-0014065,762,CMP-0028,03 Feb 2025,click,no
INT-0014066,718,CMP-0020,"May 30, 2025", Trial Signup ,NO
INT-0014067,120,CMP-0021,23/11/2025, Trial Signup ,No
INT-0014068,1143,CMP-0009,01-03-2025, Trial Signup,yes
INT-0014069,1023,CMP-0001,2025-11-28,email open,No 
INT-0014070,343,CMP-0027,13/11/2025,Impression, No
INT-0014071,1335,CMP-0009,22 Jan 2025,impression, No
INT-0014072,492,CMP-0030,11/13/2025, Demo Request ,no
INT-0014073,1467,CMP-0029,31/12/2025, Demo Request ,No 
INT-0014074,1479,CMP-0025,"Mar 06, 2025", Click , Yes
INT-0014075,757,CMP-0028,27/04/2025,Website Visit ,no
INT-0014076,746,CMP-0023,28/11/2025,TRIAL SIGNUP,No
INT-0014077,1245,CMP-0030,11/06/2025,DEMO REQUEST,No 
INT-0014078,63,CMP-0001,04/15/2025,TRIAL SIGNUP,Yes 
INT-0014079,832,CMP-0005,"Sep 16, 2025",website visit, No 
INT-0014080,54,CMP-0014,31/12/2025, Click, Yes
INT-0014081,268,CMP-0012,06/23/2025, Demo Request , No
INT-0014082,641,CMP-0001,08/19/2025,EMAIL OPEN,No
INT-0014083,53,CMP-0020,11-05-2025, Trial Signup ,no
INT-0014084,1419,CMP-0017,"Jan 30, 2025",Website Visit,No 
INT-0014085,669,CMP-0008,06/20/2025, Impression ,no
INT-0014086,1456,CMP-0018,16 Dec 2025,Click, No 
INT-0014087,1481,CMP-0019,"Mar 06, 2025",Demo Request ,No 
INT-0014088,1280,CMP-0014,30-11-2025,TRIAL SIGNUP, No
INT-0014089,1210,CMP-0008,29-06-2025, Trial Signup ,No
INT-0014090,723,CMP-0016,"Sep 05, 2025",Website Visit,No 
INT-0014091,1489,CMP-0008,10/12/2025, Demo Request ,No
INT-0014092,391,CMP-0017,26/10/2025,click,no
INT-0014093,924,CMP-0027,03/02/2025,Demo Request ,No
INT-0014094,1486,CMP-0029,"Jul 19, 2025", Demo Request ,No 
INT-0014095,437,CMP-0028,02/10/2025,demo request, No 
INT-0014096,973,CMP-0021,03/12/2025,Trial Signup ,No 
INT-0014097,909,,03-08-2025,TRIAL SIGNUP, No 
INT-0014098,153,CMP-0003,22/06/2025,click, No 
INT-0014099,1207,CMP-0005,"Mar 26, 2025",EMAIL OPEN,Yes
INT-0014100,320,CMP-0015,04-09-2025, Website Visit , No
INT-0014101,778,CMP-0007,15 Mar 2025,Impression, No 
INT-0014102,1269,CMP-0026,2025-04-25,Demo Request ,NO
INT-0014103,1421,CMP-0023,2025-10-06, Website Visit ,NO
INT-0014104,439,CMP-0014,07/01/2025,Demo Request,No 
INT-0014105,1451,CMP-9019,04-01-2025,Impression , No
INT-0014106,1154,CMP-0004,06/03/2025, Trial Signup ,no
INT-0014107,1219,CMP-0013,2025-06-26,Trial Signup ,No
INT-0014108,194,CMP-0019,14/08/2025,Trial Signup,no
INT-0014109,1213,CMP-0028,09/11/2025, Email Open , No 
INT-0014110,909,CMP-0026,21 Jan 2025,Impression , No
INT-0014111,789,CMP-0001,2025-06-16,WEBSITE VISIT,No
INT-0014112,1028,CMP-0024,01 Mar 2025,DEMO REQUEST,no
INT-0014113,656,CMP-0015,2025-02-13, Website Visit ,No 
INT-0014114,31,CMP-0001,20-11-2025,email open,NO
INT-0014115,1459,CMP-0028,14 Apr 2025,DEMO REQUEST,Yes
INT-0014116,627,CMP-0020,13/10/2025,WEBSITE VISIT,no
INT-0014117,631,CMP-0005,11/05/2025, Impression, No 
INT-0014118,192,CMP-0020,2025-10-23, Demo Request,NO
INT-0014119,1396,CMP-0023,2025-01-26,WEBSITE VISIT,No 
INT-0014120,619,CMP-0005,"Nov 10, 2025",Click , No 
INT-0014121,91,CMP-0011,09/05/2025,CLICK, No
INT-0014122,1036,CMP-0026,31-03-2025,DEMO REQUEST, No
INT-0014123,241,CMP-0024,30/09/2025, Click , Yes 
INT-0014124,1480,CMP-0002,2025-09-23,DEMO REQUEST, Yes 
INT-0014125,1297,CMP-0011,10/05/2025,CLICK, No
INT-0014126,282,CMP-0003,04-07-2025,Email Open ,no
INT-0014127,665,CMP-0023,10/07/2025, Click, No 
INT-0014128,293,CMP-0027,02/06/2025, Impression,NO
INT-0014129,910,CMP-0015,15 Nov 2025,Trial Signup ,NO
INT-0014130,605,CMP-0009,12/21/2025,TRIAL SIGNUP,No 
INT-0014131,157,CMP-0024,27 May 2025,Demo Request, Yes
INT-0014132,1022,CMP-0021,2025-12-07, Trial Signup , No 
INT-0014133,1317,CMP-0021,11/25/2025,demo request,No
INT-0014134,980,CMP-0001,04 Sep 2025, Website Visit, Yes 
INT-0014135,342,CMP-0025,24/05/2025, Demo Request,yes
INT-0014136,750,CMP-0028,18/08/2025, Trial Signup ,NO
INT-0014137,684,CMP-0007,12 Jul 2025,Impression , No
INT-0014138,1272,CMP-0029,05 Aug 2025, Demo Request , No
INT-0014139,520,CMP-0023,03/23/2025,WEBSITE VISIT,No 
INT-0014140,80,CMP-0003,04/30/2025, Impression ,no
INT-0014141,893,CMP-0022,05/16/2025, Click,NO
INT-0014142,795,CMP-0012,22-02-2025, Website Visit , No
INT-0014143,982,CMP-0007,08-11-2025,DEMO REQUEST,Yes
INT-0014144,288,CMP-0017,10/09/2025,TRIAL SIGNUP, No 
INT-0014145,80,CMP-0028,09 Aug 2025, Website Visit ,NO
INT-0014146,520,CMP-0022,24-08-2025, Website Visit , Yes
INT-0014147,918,CMP-0019,09/10/2025, Trial Signup,No 
INT-0014148,344,CMP-0006,05/07/2025,demo request,NO
INT-0014149,1202,,06/20/2025, Trial Signup,no
INT-0014150,1310,CMP-0012,"Mar 29, 2025",CLICK,no
INT-0014151,1082,CMP-0006,19/10/2025, Demo Request , No
INT-0014152,502,CMP-0030,04 Oct 2025,impression,No 
INT-0014153,1199,CMP-0003,11/03/2025, Website Visit , No
INT-0014154,47,CMP-0024,2025-08-22,impression, Yes
INT-0014155,458,CMP-0012,09/09/2025,click,no
INT-0014156,216,CMP-0004,28/07/2025,WEBSITE VISIT,no
INT-0014157,1435,CMP-0005,27 Jan 2025,Email Open ,No
INT-0014158,241,CMP-0020,2025-08-06,Website Visit,No 
INT-0014159,609,CMP-0025,10/09/2025,Demo Request , No 
INT-0014160,292,CMP-0016,30/11/2025,demo request,no
INT-0014161,795,CMP-0022,04-06-2025, Trial Signup, Yes
INT-0014162,83,CMP-0013,"Dec 08, 2025",trial signup, No 
INT-0014163,677,CMP-0024,"Mar 20, 2025",Impression ,No
INT-0014164,273,CMP-0007,25 May 2025,DEMO REQUEST, No 
INT-0014165,525,CMP-0023,22/03/2025, Demo Request ,no
INT-0014166,1082,CMP-0027,"Feb 04, 2025",Impression ,no
INT-0014167,1105,CMP-0002,10 Jun 2025, Impression,NO
INT-0014168,792,CMP-0001,2025-03-29,Email Open,Yes
INT-0014169,369,CMP-0027,04/27/2025,Demo Request, No 
INT-0014170,333,CMP-0030,13/11/2025, Website Visit, Yes 
INT-0014171,982,CMP-0023,10/01/2025, Email Open ,NO
INT-0014172,784,CMP-0008,2025-12-07, Trial Signup,No 
INT-0014173,395,CMP-0008,2025-08-20,Trial Signup ,no
INT-0014174,575,CMP-0016,23-07-2025,TRIAL SIGNUP,NO
INT-0014175,540,CMP-0004,2025-10-15,DEMO REQUEST,No 
INT-0014176,637,CMP-0011,22/11/2025,Website Visit, Yes 
INT-0014177,214,CMP-0020,13 Aug 2025,Email Open , Yes
INT-0014178,1439,CMP-0006,16/03/2025, Demo Request , No
INT-0014179,422,CMP-0002,05/26/2025,Email Open ,yes
INT-0014180,687,CMP-0004,18/08/2025,demo request, Yes
INT-0014181,168,CMP-0014,02/11/2025,Website Visit ,No
INT-0014182,113,CMP-0009,20/10/2025, Website Visit, No 
INT-0014183,1079,CMP-0030,"Jun 15, 2025",Click, No
INT-0014184,1199,,2025-12-12,Website Visit , Yes
INT-0014185,907,CMP-0010,2025-03-29,Click, No
INT-0014186,1253,CMP-0030,27/07/2025,DEMO REQUEST,NO
INT-0014187,963,CMP-0002,29-11-2025,Trial Signup,No
INT-0014188,1231,CMP-0022,04/24/2025, Demo Request,no
INT-0014189,137,CMP-0017,2025-10-23, Impression,No 
INT-0014190,1308,CMP-0021,"Nov 28, 2025", Demo Request,no
INT-0014191,1261,CMP-0010,2025-02-04, Email Open, Yes 
INT-0014192,528,CMP-0027,13/07/2025,DEMO REQUEST, No
INT-0014193,739,CMP-0014,08 Jun 2025, Website Visit,No 
INT-0014194,860,CMP-0017,04-01-2025,CLICK,NO
INT-0014195,1036,CMP-0013,13-11-2025,Click,No 
INT-0014196,336,CMP-0010,"Dec 20, 2025",website visit, No
INT-0014197,1120,CMP-0010,01/06/2025,Click,NO
INT-0014198,1092,CMP-0005,2025-09-05, Trial Signup , No
INT-0014199,301,CMP-0002,09/09/2025, Email Open ,NO
INT-0014200,852,CMP-0028,01/12/2025, Email Open,No
INT-0014201,210,CMP-0005,09 Apr 2025,Impression ,No
INT-0014202,444,CMP-0016,2025-10-30,impression,No 
INT-0014203,204,CMP-0028,01-01-2025,Click ,No
INT-0014204,1180,CMP-0030,01/07/2025,Website Visit,No
INT-0014205,482,CMP-0001,06/07/2025,DEMO REQUEST,NO
INT-0014206,1416,CMP-0015,12/25/2025, Impression , No
INT-0014207,58,CMP-0007,17 May 2025,email open,Yes 
INT-0014208,1213,CMP-0026,08/01/2025,Email Open,No 
INT-0014209,909,CMP-0004,03/12/2025,IMPRESSION,No 
INT-0014210,1354,CMP-0014,19-08-2025, Impression, No 
INT-0014211,658,CMP-0027,"Jun 26, 2025", Website Visit ,NO
INT-0014212,278,CMP-0027,2025-03-04,Email Open ,no
INT-0014213,59,CMP-0013,09-09-2025,email open, No 
INT-0014214,973,CMP-0020,08-09-2025,Impression , No 
INT-0014215,1467,CMP-0016,08/08/2025,trial signup,No
INT-0014216,833,CMP-0013,08-06-2025, Impression ,NO
INT-0014217,1040,CMP-0018,2025-02-15, Trial Signup, No 
INT-0014218,212,CMP-0008,05/07/2025,Impression,no
INT-0014219,493,CMP-0015,"Jul 17, 2025",DEMO REQUEST,no
INT-0014220,422,CMP-0014,"Jul 11, 2025",impression,No 
INT-0014221,1069,CMP-0011,09/28/2025,CLICK,NO
INT-0014222,746,CMP-0014,22 May 2025,Trial Signup,No 
INT-0014223,588,CMP-0025,2025-01-12,EMAIL OPEN,Yes
INT-0014224,318,CMP-0025,16-12-2025,Click, No 
INT-0014225,999,CMP-0026,12/26/2025,Impression , No
INT-0014226,797,CMP-0008,2025-09-28,DEMO REQUEST,yes
INT-0014227,573,CMP-0008,24 Nov 2025,Demo Request ,NO
INT-0014228,1180,CMP-0025,05/03/2025,email open,No 
INT-0014229,338,CMP-0030,09/08/2025,impression,No
INT-0014230,1483,CMP-0009,04/11/2025,DEMO REQUEST,Yes 
INT-0014231,381,CMP-0024,"Aug 04, 2025",email open,NO
INT-0014232,430,CMP-0002,27/01/2025, Demo Request ,No 
INT-0014233,45,CMP-0022,30-07-2025,Impression,Yes 
INT-0014234,1299,CMP-0028,07/01/2025, Trial Signup ,No
INT-0014235,528,CMP-0004,"Dec 06, 2025",impression,no
INT-0014236,899,CMP-0021,04/01/2025,Impression , No
INT-0014237,605,CMP-0011,24 Apr 2025,Website Visit,No 
INT-0014238,628,CMP-0009,02 Sep 2025,Website Visit, No 
INT-0014239,485,CMP-0008,"Mar 13, 2025", Website Visit ,Yes
INT-0014240,1256,CMP-0008,06/20/2025,Website Visit, Yes 
INT-0014241,1010,CMP-0011,04 Sep 2025,Trial Signup , No 
INT-0014242,52,CMP-0018,06/07/2025,Demo Request , No 
INT-0014243,1383,CMP-0026,31-05-2025,Demo Request , No 
INT-0014244,920,CMP-0011,20 Apr 2025, Demo Request ,NO
INT-0014245,435,CMP-0010,27/02/2025, Trial Signup,No 
INT-0014246,133,CMP-0006,06/09/2025,trial signup, Yes 
INT-0014247,817,CMP-0027,2025-10-17,impression,No 
INT-0014248,658,CMP-0030,"Mar 12, 2025",Website Visit ,No
INT-0014249,1125,CMP-0025,13/01/2025,Website Visit , Yes 
INT-0014250,3,CMP-0015,19/11/2025,Trial Signup ,No 
INT-0014251,1370,CMP-0022,04-08-2025, Website Visit , No 
INT-0014252,1170,,19/10/2025,Impression , Yes
INT-0014253,817,CMP-0025,02/20/2025, Trial Signup,No
INT-0014254,948,CMP-0019,23 Apr 2025,DEMO REQUEST,No 
INT-0014255,580,CMP-0006,04/25/2025,website visit,no
INT-0014256,442,CMP-0010,2025-11-16, Demo Request , No 
INT-0014257,4,CMP-0023,2025-12-01,Email Open , No 
INT-0014258,1459,CMP-0002,2025-06-11,email open, No
INT-0014259,1372,CMP-0004,09 Oct 2025,WEBSITE VISIT,No 
INT-0014260,807,CMP-0006,2025-07-27,Click ,Yes 
INT-0014261,1493,CMP-0030,06/06/2025, Click,NO
INT-0014262,69,CMP-0003,16 Jul 2025,trial signup,No 
INT-0014263,470,CMP-0011,12/02/2025,Impression,No
INT-0014264,764,CMP-0030,"May 16, 2025",DEMO REQUEST,Yes
INT-0014265,57,CMP-0006,07-09-2025, Demo Request ,No 
INT-0014266,1214,CMP-0017,07 Jan 2025,EMAIL OPEN,NO
INT-0014267,1173,CMP-0030,24 Nov 2025,click,No 
INT-0014268,1131,CMP-0013,23 Jan 2025,Demo Request ,NO
INT-0014269,809,CMP-0014,2025-12-24,demo request,no
INT-0014270,1217,CMP-0028,03/17/2025, Trial Signup , No 
INT-0014271,781,,05-12-2025,impression,no
INT-0014272,245,CMP-0021,19 Jan 2025,email open, No
INT-0014273,867,CMP-0002,06/27/2025,CLICK, Yes 
INT-0014274,894,CMP-0028,2025-08-29, Trial Signup,YES
INT-0014275,468,CMP-0003,29/05/2025,Email Open, Yes 
INT-0014276,511,CMP-0002,12 Jun 2025, Impression ,yes
INT-0014277,1071,CMP-0022,13-06-2025,Trial Signup,No
INT-0014278,1498,CMP-0024,2025-03-20,Website Visit ,No
INT-0014279,1235,CMP-0013,07-11-2025,Email Open, No
INT-0014280,1020,CMP-0005,"Oct 23, 2025",EMAIL OPEN,no
INT-0014281,983,CMP-0013,02/15/2025,Website Visit,No 
INT-0014282,1192,CMP-0004,27 Jun 2025, Demo Request , Yes 
INT-0014283,1332,CMP-0026,14 Jun 2025,Email Open,NO
INT-0014284,1304,CMP-0022,27 Oct 2025,Click , No
INT-0014285,1205,CMP-0022,24-09-2025,Impression,yes
INT-0014286,1054,CMP-0025,2025-06-08,Email Open,NO
INT-0014287,1384,CMP-0029,20-02-2025,Website Visit ,YES
INT-0014288,214,CMP-0002,"Sep 20, 2025", Impression ,yes
INT-0014289,700009,CMP-0030,06/08/2025,Website Visit,No
INT-0014290,1028,CMP-0013,2025-12-26,trial signup, No 
INT-0014291,287,CMP-0021,"Mar 01, 2025",trial signup,No
INT-0014292,442,CMP-0016,17 May 2025,EMAIL OPEN,No 
INT-0014293,414,CMP-0019,18/07/2025,Trial Signup , No
INT-0014294,639,CMP-0012,02/26/2025,Click ,NO
INT-0014295,442,CMP-0016,2025-10-19, Website Visit , No
INT-0014296,1342,CMP-0021,"Sep 18, 2025",Email Open , No
INT-0014297,307,CMP-0005,12/10/2025,demo request,No 
INT-0014298,1439,CMP-0017,2025-10-06, Click,YES
INT-0014299,1493,CMP-0024,19 Mar 2025,IMPRESSION,no
INT-0014300,1375,CMP-0004,09/10/2025, Impression , No
INT-0014301,166,CMP-0027,04/02/2025,TRIAL SIGNUP,NO
INT-0014302,777,CMP-0029,04/05/2025,Email Open,No 
INT-0014303,321,CMP-0019,09 Dec 2025,TRIAL SIGNUP,no
INT-0014304,976,CMP-0013,01 Feb 2025,website visit,Yes
INT-0014305,566,CMP-0017,"Feb 20, 2025",trial signup,YES
INT-0014306,877,CMP-0010,"Mar 06, 2025",email open,NO
INT-0014307,173,CMP-0003,11-10-2025, Impression , No
INT-0014308,1021,CMP-0013,05/25/2025,Click,No
INT-0014309,231,CMP-0022,2025-11-03, Demo Request,NO
INT-0014310,179,CMP-0030,02-06-2025, Click,No
INT-0014311,1360,CMP-0018,07-03-2025, Impression , No 
INT-0014312,711,CMP-0012,"Oct 03, 2025",TRIAL SIGNUP,YES
INT-0014313,1190,CMP-0012,06 Oct 2025,Trial Signup , No
INT-0014314,673,CMP-0001,2025-05-13,impression,no
INT-0014315,342,CMP-0002,06-03-2025,Website Visit, No 
INT-0014316,575,CMP-0023,"Jun 18, 2025",Click ,No 
INT-0014317,887,CMP-0023,07-04-2025,Website Visit,YES
INT-0014318,661,CMP-0003,14/08/2025, Website Visit ,No
INT-0014319,185,CMP-0021,10/03/2025,IMPRESSION, Yes
INT-0014320,971,CMP-0018,2025-01-26,CLICK, Yes
INT-0014321,318,CMP-0019,"Feb 25, 2025",Website Visit, No 
INT-0014322,1041,CMP-0019,23/10/2025,CLICK,No
INT-0014323,875,CMP-0019,"Jul 09, 2025",Demo Request,No 
INT-0014324,333,CMP-0016,27 Jul 2025, Demo Request, No
INT-0014325,1327,CMP-0008,25-03-2025,EMAIL OPEN, No
INT-0014326,1176,CMP-0027,16-09-2025, Email Open , No 
INT-0014327,904,CMP-0018,2025-07-31,DEMO REQUEST, No 
INT-0014328,512,CMP-0026,11/08/2025,click,no
INT-0014329,1330,CMP-0006,04/29/2025,Email Open ,No
INT-0014330,1183,CMP-0029,2025-04-08,DEMO REQUEST, No 
INT-0014331,556,CMP-0011,01/12/2025,click, No
INT-0014332,1404,CMP-0015,2025-07-12,Click ,Yes
INT-0014333,422,CMP-0015,10/03/2025,click, Yes 
INT-0014334,22,CMP-0019,"May 19, 2025", Demo Request ,No
INT-0014335,897,CMP-0005,2025-07-25, Click ,No 
INT-0014336,42,CMP-0023,09/26/2025,Email Open, No 
INT-0014337,885,CMP-0022,13 Nov 2025,Trial Signup,No 
INT-0014338,239,CMP-0020,2025-04-16, Demo Request , No
INT-0014339,215,CMP-0002,2025-10-28,Demo Request ,No
INT-0014340,852,CMP-0006,"Oct 04, 2025", Click,No
INT-0014341,690,CMP-0003,2025-12-28, Website Visit , No 
INT-0014342,1178,CMP-0027,2025-02-11, Email Open ,No 
INT-0014343,159,CMP-0003,03/11/2025,Demo Request,no
INT-0014344,826,CMP-0020,2025-06-15,Trial Signup ,No
INT-0014345,20,CMP-0016,24/10/2025,Email Open ,yes
INT-0014346,977,CMP-0028,"Apr 05, 2025",CLICK,No
INT-0014347,848,CMP-0009,2025-04-17,Email Open ,No
INT-0014348,855,CMP-0026,27 Aug 2025, Trial Signup ,No
INT-0014349,1216,CMP-0005,16 Apr 2025, Impression,No 
INT-0014350,929,CMP-0009,12/20/2025,click,No 
INT-0014351,1224,CMP-0012,"Sep 03, 2025", Website Visit,NO
INT-0014352,1334,CMP-0027,2025-05-25,Trial Signup , No 
INT-0014353,224,CMP-0029,27/04/2025, Click,no
INT-0014354,365,CMP-0026,12-08-2025,IMPRESSION,No
INT-0014355,369,CMP-0009,"Dec 28, 2025",Website Visit, No 
INT-0014356,110,CMP-0024,21 Aug 2025,website visit,No 
INT-0014357,65,CMP-0006,20-10-2025,trial signup,Yes
INT-0014358,1371,CMP-0020,03/03/2025,Website Visit ,No 
INT-0014359,492,CMP-0013,2025-05-28,CLICK, No
INT-0014360,1497,CMP-0008,"Sep 21, 2025", Click ,no
INT-0014361,675,CMP-0021,07 Jul 2025,Demo Request, No
INT-0014362,1073,CMP-0001,10/04/2025,Impression ,no
INT-0014363,939,CMP-0003,06 Mar 2025, Click ,YES
INT-0014364,1288,CMP-0005,13 Dec 2025,Website Visit ,No 
INT-0014365,365,,19 Jul 2025,Demo Request , No
INT-0014366,1067,CMP-0005,"Mar 28, 2025",click,No 
INT-0014367,1438,CMP-0020,"Jan 03, 2025",DEMO REQUEST,No 
INT-0014368,770,CMP-0014,26 Nov 2025,Website Visit,No 
INT-0014369,134,CMP-0010,"Apr 16, 2025",Demo Request ,No
INT-0014370,710,CMP-0006,07-08-2025, Website Visit , No 
INT-0014371,72,CMP-0014,01/07/2025,CLICK, No
INT-0014372,512,CMP-0016,25 Dec 2025, Website Visit ,no
INT-0014373,164,CMP-0029,26 Jun 2025,Website Visit ,no
INT-0014374,981,CMP-0018,25/07/2025,Trial Signup, Yes 
INT-0014375,759,CMP-0002,30 Apr 2025,Trial Signup , No 
INT-0014376,134,CMP-0025,26 Dec 2025, Website Visit,No
INT-0014377,458,CMP-0022,11/24/2025, Impression,NO
INT-0014378,564,CMP-0012,10/01/2025,impression,NO
INT-0014379,1018,CMP-0025,2025-05-11,Website Visit , No 
INT-0014380,68,CMP-0007,2025-06-25,email open,NO
INT-0014381,1045,CMP-0008,"Jul 24, 2025",DEMO REQUEST,NO
INT-0014382,1153,CMP-0014,05/17/2025,website visit,No 
INT-0014383,985,CMP-0002,25-10-2025,DEMO REQUEST,YES
INT-0014384,287,CMP-0024,"Nov 17, 2025",Click ,No 
INT-0014385,1378,CMP-0028,12/19/2025,Impression , Yes
INT-0014386,1163,CMP-0018,02/27/2025,IMPRESSION, Yes 
INT-0014387,766,CMP-0027,07/06/2025,EMAIL OPEN, No 
INT-0014388,721,CMP-0023,11 Dec 2025, Website Visit ,Yes
INT-0014389,695,CMP-0001,15-09-2025, Trial Signup,no
INT-0014390,960,CMP-0010,09 Sep 2025, Trial Signup, No
INT-0014391,1027,CMP-0005,20 Aug 2025, Click,NO
INT-0014392,1456,CMP-0029,19/04/2025, Click , Yes 
INT-0014393,1088,CMP-0025,10/03/2025,CLICK,no
INT-0014394,373,CMP-0017,"Jun 27, 2025",Website Visit , Yes
INT-0014395,245,CMP-0008,2025-01-22,WEBSITE VISIT, No 
INT-0014396,607,CMP-0006,09/19/2025,CLICK, Yes
INT-0014397,67,CMP-0012,04/11/2025,Trial Signup,NO
INT-0014398,1483,CMP-0017,15-07-2025,Email Open, Yes
INT-0014399,1490,CMP-0013,2025-04-01, Demo Request,No
INT-0014400,337,CMP-0021,24-11-2025,email open,No
INT-0014401,376,CMP-0011,2025-11-30,Website Visit,no
INT-0014402,1186,CMP-0003,17 Jun 2025,IMPRESSION,no
INT-0014403,1137,CMP-0003,03/26/2025,Website Visit, Yes 
INT-0014404,1049,CMP-0018,"Mar 05, 2025",trial signup, No
INT-0014405,1278,CMP-0003,2025-10-15, Trial Signup,yes
INT-0014406,1339,CMP-0015,"Dec 02, 2025",Website Visit , No
INT-0014407,786,CMP-0004,02/11/2025, Impression,No
INT-0014408,694,CMP-0013,03/05/2025,Trial Signup ,No
INT-0014409,1030,CMP-0008,06/17/2025,demo request, No 
INT-0014410,1143,CMP-0012,14-02-2025, Website Visit ,No 
INT-0014411,870,CMP-0005,01 Jun 2025,Website Visit, Yes 
INT-0014412,1478,CMP-0016,02/07/2025,DEMO REQUEST, No 
INT-0014413,22,CMP-0010,27/10/2025,Click ,NO
INT-0014414,833,CMP-0012,22/12/2025,Trial Signup , Yes
INT-0014415,217,CMP-0012,2025-10-19,Email Open ,YES
INT-0014416,540,CMP-0010,10 Jul 2025,CLICK,No 
INT-0014417,1052,CMP-0027,21 Apr 2025, Email Open,Yes
INT-0014418,1115,CMP-0026,20 Oct 2025,Demo Request ,no
INT-0014419,750,CMP-0005,"Mar 06, 2025", Impression,No 
INT-0014420,407,CMP-0008,"Jan 15, 2025", Website Visit, No
INT-0014421,376,CMP-0023,04/27/2025,Email Open ,No 
INT-0014422,1189,CMP-0015,04/07/2025,email open,Yes
INT-0014423,571,CMP-0023,17/03/2025, Click, No
INT-0014424,616,CMP-0017,"Sep 20, 2025",Trial Signup , No 
INT-0014425,1305,CMP-0010,18/08/2025,IMPRESSION,yes
INT-0014426,1243,CMP-0016,2025-11-26, Impression , Yes
INT-0014427,804,CMP-0022,06/22/2025,trial signup, No 
INT-0014428,88,CMP-0005,"May 10, 2025",Email Open,YES
INT-0014429,1250,CMP-0023,"May 24, 2025",Website Visit ,no
INT-0014430,991,CMP-0012,07/04/2025,Website Visit , Yes 
INT-0014431,500,CMP-0006,01-02-2025,impression,No
INT-0014432,1141,CMP-0006,04/02/2025, Impression ,NO
INT-0014433,811,CMP-0015,18 Feb 2025,Trial Signup , No 
INT-0014434,489,CMP-0004,22/12/2025,demo request,No 
INT-0014435,522,CMP-0005,25/04/2025,Demo Request ,YES
INT-0014436,203,CMP-0029,05-08-2025,Trial Signup, No 
INT-0014437,88,,"Nov 04, 2025",Trial Signup,no
INT-0014438,1309,CMP-0015,02/05/2025,Website Visit ,No
INT-0014439,1229,CMP-0018,01/10/2025,email open, No
INT-0014440,1361,CMP-0009,02-10-2025,Impression , Yes
INT-0014441,881,CMP-0010,21/01/2025,website visit,yes
INT-0014442,105,CMP-0016,14 Mar 2025,demo request,no
INT-0014443,177,CMP-0008,05/25/2025, Email Open , No 
INT-0014444,636,CMP-0012,"May 02, 2025", Demo Request ,No 
INT-0014445,1134,CMP-0004,"May 31, 2025",Impression,Yes 
INT-0014446,1298,CMP-0024,23/07/2025,Click , No
INT-0014447,1173,CMP-0006,"Nov 09, 2025", Impression,yes
INT-0014448,658,CMP-0006,18/07/2025,EMAIL OPEN,no
INT-0014449,618,CMP-9024,12/10/2025,CLICK,no
INT-0014450,467,CMP-0017,05/03/2025, Trial Signup,No
INT-0014451,488,CMP-0022,"Dec 08, 2025",email open, No
INT-0014452,930,CMP-0006,"Jul 24, 2025",Email Open,no
INT-0014453,1191,CMP-0030,05/11/2025, Email Open , No
INT-0014454,1309,CMP-0021,25/07/2025,DEMO REQUEST, No 
INT-0014455,838,CMP-0006,"Oct 26, 2025",Website Visit, No
INT-0014456,743,CMP-0027,05-06-2025,Trial Signup , No
INT-0014457,678,CMP-0002,01/02/2025,Impression ,No 
INT-0014458,788,CMP-0021,"Feb 18, 2025", Demo Request ,no
INT-0014459,1424,CMP-0008,01/05/2025, Email Open,yes
INT-0014460,197,CMP-0028,2025-04-10,website visit,NO
INT-0014461,691,CMP-0026,"Feb 19, 2025",impression,No 
INT-0014462,1487,CMP-0008,25/08/2025, Impression, No 
INT-0014463,1468,CMP-0024,15-12-2025, Click,no
INT-0014464,658,CMP-0015,14-10-2025,Email Open,NO
INT-0014465,1470,CMP-0014,05 Feb 2025, Website Visit,NO
INT-0014466,685,CMP-0017,09/11/2025,WEBSITE VISIT,No
INT-0014467,832,CMP-0019,2025-06-25,IMPRESSION,No 
INT-0014468,631,CMP-0027,2025-07-11, Impression , No 
INT-0014469,1191,CMP-0028,22/04/2025,Trial Signup ,No
INT-0014470,514,CMP-0021,06-11-2025, Click,Yes
INT-0014471,1452,CMP-0026,01/24/2025,Trial Signup , No 
INT-0014472,1449,CMP-0002,2025-02-16,Impression , Yes
INT-0014473,671,CMP-0018,01/04/2025,website visit, No 
INT-0014474,545,CMP-0002,"Dec 15, 2025",EMAIL OPEN, No 
INT-0014475,119,,2025-09-13, Email Open ,Yes
INT-0014476,801,CMP-0016,29-10-2025,Impression,No 
INT-0014477,1145,CMP-0021,06/11/2025,Email Open,No
INT-0014478,92,CMP-0029,09 Mar 2025, Impression ,No 
INT-0014479,877,CMP-0030,01-12-2025, Demo Request,No
INT-0014480,704,CMP-0004,"Jan 31, 2025", Trial Signup ,NO
INT-0014481,30,CMP-0013,06/11/2025,TRIAL SIGNUP, No 
INT-0014482,728,CMP-0030,06/13/2025, Impression, No
INT-0014483,1253,CMP-0020,"Jan 24, 2025",Impression ,No
INT-0014484,195,CMP-0014,07/13/2025,Website Visit , No
INT-0014485,529,CMP-0015,08 Jan 2025,email open,no
INT-0014486,580,CMP-0029,"Apr 19, 2025",Email Open ,No 
INT-0014487,1203,CMP-0017,01-03-2025, Trial Signup,NO
INT-0014488,528,CMP-0007,10/09/2025,impression,No
INT-0014489,526,CMP-0018,17 Nov 2025,Click ,No 
INT-0014490,1472,,15-05-2025, Impression ,No 
INT-0014491,176,CMP-0015,18/07/2025,TRIAL SIGNUP, No
INT-0014492,1265,CMP-0007,"Jun 29, 2025", Demo Request ,YES
INT-0014493,748,CMP-0011,18 Nov 2025, Demo Request , Yes
INT-0014494,738,CMP-0021,"Feb 17, 2025",email open,No
INT-0014495,490,CMP-0008,17/07/2025,DEMO REQUEST, No
INT-0014496,1366,CMP-0016,21/06/2025, Trial Signup,YES
INT-0014497,239,CMP-0025,2025-02-09,Click, Yes 
INT-0014498,187,CMP-0007,01/12/2025,DEMO REQUEST, No
INT-0014499,375,CMP-0019,2025-07-24, Email Open,NO
INT-0014500,1401,CMP-0029,08/07/2025,Click,no
INT-0014501,1468,CMP-0013,"Feb 04, 2025", Email Open, No
INT-0014502,1159,CMP-0020,29 Apr 2025, Demo Request , No
INT-0014503,184,CMP-0019,07/13/2025,Impression , No
INT-0014504,1308,CMP-0001,"Dec 12, 2025",Demo Request ,No
INT-0014505,497,CMP-0005,29/10/2025,Demo Request ,No
INT-0014506,837,CMP-0019,06/08/2025,Website Visit,No
INT-0014507,1147,CMP-0007,"May 15, 2025", Website Visit,YES
INT-0014508,669,CMP-0028,04/08/2025,Demo Request ,no
INT-0014509,736,CMP-0001,13-04-2025,demo request, No 
INT-0014510,874,CMP-0023,2025-03-18,Email Open , No 
INT-0014511,253,CMP-0023,29 Mar 2025,trial signup,No
INT-0014512,942,CMP-0016,14/02/2025, Trial Signup ,Yes 
INT-0014513,435,CMP-0012,01 Aug 2025,Click, No
INT-0014514,724,CMP-0010,09-10-2025,Impression,yes
INT-0014515,860,CMP-0001,2025-09-20,Demo Request ,no
INT-0014516,707,CMP-0016,"Jun 10, 2025",demo request, No
INT-0014517,340,CMP-0026,26 Jul 2025,Email Open,NO
INT-0014518,1076,CMP-0018,"Jan 04, 2025",DEMO REQUEST,No
INT-0014519,128,CMP-0025,"Feb 20, 2025",demo request,no
INT-0014520,941,CMP-0006,10/04/2025, Email Open , Yes
INT-0014521,122,CMP-0025,"Apr 03, 2025",trial signup,NO
INT-0014522,1049,CMP-0027,28/06/2025,Trial Signup ,YES
INT-0014523,1061,CMP-0007,"Oct 28, 2025", Website Visit, No 
INT-0014524,127,CMP-0007,"Aug 10, 2025",Click ,no
INT-0014525,594,CMP-0015,"Sep 03, 2025",Trial Signup , No
INT-0014526,99,CMP-0010,19/10/2025, Demo Request, Yes
INT-0014527,1290,CMP-0027,2025-10-18,Impression ,NO
INT-0014528,183,CMP-0029,2025-08-20,Click,No 
INT-0014529,148,CMP-0024,12/04/2025,demo request,Yes
INT-0014530,579,CMP-0027,04-09-2025,click,No
INT-0014531,1182,CMP-0018,08/08/2025,Trial Signup ,no
INT-0014532,452,CMP-0003,20-02-2025, Click,No
INT-0014533,1464,CMP-0013,16-06-2025,DEMO REQUEST,no
INT-0014534,1362,CMP-0020,04/03/2025,Impression,No
INT-0014535,1402,CMP-0026,2025-03-02, Trial Signup,NO
INT-0014536,705,CMP-0021,23 Nov 2025,Website Visit, No 
INT-0014537,892,CMP-0025,"Aug 31, 2025",EMAIL OPEN,No 
INT-0014538,1399,CMP-0030,01/12/2025,Impression,no
INT-0014539,630,CMP-0012,28/05/2025,Impression ,no
INT-0014540,619,CMP-0030,02-07-2025,Demo Request ,no
INT-0014541,1469,CMP-0008,22-12-2025,Email Open, No
INT-0014542,1096,CMP-0020,2025-12-25,DEMO REQUEST,Yes
INT-0014543,966,CMP-0003,22-05-2025,Demo Request,no
INT-0014544,1289,CMP-0022,10-02-2025,CLICK,NO
INT-0014545,563,CMP-0021,04/05/2025, Click , No
INT-0014546,1175,CMP-0011,27 Mar 2025,trial signup,NO
INT-0014547,469,CMP-0005,01-09-2025, Impression,Yes 
INT-0014548,1266,CMP-0016,"Mar 16, 2025",trial signup,no
INT-0014549,735,CMP-0006,02/01/2025, Website Visit ,No 
INT-0014550,900,CMP-0023,"Jan 04, 2025",WEBSITE VISIT,No
INT-0014551,1296,CMP-0030,03/11/2025,email open,no
INT-0014552,976,CMP-0013,10/25/2025, Click ,No 
INT-0014553,746,CMP-0002,25 Jul 2025,Impression ,no
INT-0014554,1237,CMP-0010,"May 30, 2025", Email Open ,Yes
INT-0014555,810,CMP-0028,2025-01-16,DEMO REQUEST, Yes
INT-0014556,1027,CMP-0003,"Sep 19, 2025", Demo Request,No 
INT-0014557,928,CMP-0013,19 Jul 2025, Click , No
INT-0014558,293,CMP-0028,"Sep 27, 2025", Click,yes
INT-0014559,765,CMP-0018,01/23/2025,Impression,NO
INT-0014560,1169,CMP-0008,11/07/2025,Click , Yes
INT-0014561,697,CMP-0009,18 Jun 2025,Website Visit,No
INT-0014562,1088,CMP-0001,12-01-2025, Website Visit, No
INT-0014563,120,CMP-0027,24-10-2025,demo request,YES
INT-0014564,584,CMP-0015,04-06-2025, Impression,Yes 
INT-0014565,313,CMP-0008,29-06-2025, Impression ,Yes 
INT-0014566,1354,CMP-0013,2025-06-26,Impression , Yes
INT-0014567,1150,CMP-0028,04/10/2025,IMPRESSION, No 
INT-0014568,398,CMP-0004,"May 04, 2025",WEBSITE VISIT,YES
INT-0014569,895,CMP-0027,13/05/2025,Click,NO
INT-0014570,1108,CMP-0008,"Dec 05, 2025", Trial Signup ,No
INT-0014571,1207,CMP-0018,2025-02-22,Email Open,No 
INT-0014572,617,CMP-0024,"May 23, 2025", Click,No 
INT-0014573,435,CMP-0016,07-10-2025, Click ,no
INT-0014574,1470,CMP-0030,12/26/2025,WEBSITE VISIT,No
INT-0014575,509,CMP-0009,10-03-2025, Demo Request ,No
INT-0014576,1437,CMP-0006,30/09/2025,email open, Yes 
INT-0014577,19,CMP-0003,11 Dec 2025,IMPRESSION,No 
INT-0014578,831,CMP-0015,09/03/2025,EMAIL OPEN,NO
INT-0014579,162,CMP-0017,25/12/2025,TRIAL SIGNUP,no
INT-0014580,441,CMP-0018,2025-09-04,Website Visit,No 
INT-0014581,253,CMP-0026,12/17/2025,TRIAL SIGNUP,NO
INT-0014582,1096,CMP-0020,31 Dec 2025,Website Visit, No 
INT-0014583,1128,CMP-0003,16 Aug 2025,website visit,NO
INT-0014584,1217,CMP-0009,18 Sep 2025, Trial Signup,NO
INT-0014585,302,CMP-0010,2025-09-14, Website Visit ,No
INT-0014586,238,CMP-0009,09-08-2025,trial signup,No 
INT-0014587,170,CMP-0008,25 Apr 2025, Trial Signup,No 
INT-0014588,496,CMP-0021,"Dec 31, 2025", Demo Request ,NO
INT-0014589,797,CMP-0015,26 Apr 2025, Email Open ,NO
INT-0014590,1372,CMP-0017,09/12/2025,Impression,YES
INT-0014591,1161,CMP-0021,"Feb 22, 2025",CLICK, Yes 
INT-0014592,1083,CMP-0024,12/06/2025,click,No 
INT-0014593,864,CMP-0010,28 Jun 2025, Trial Signup,YES
INT-0014594,1197,CMP-0027,17/08/2025,Click , Yes 
INT-0014595,1038,CMP-0012,2025-10-19,Website Visit , No 
INT-0014596,360,CMP-0015,23/03/2025,EMAIL OPEN,YES
INT-0014597,1384,CMP-0017,01/11/2025, Impression ,No
INT-0014598,607,CMP-0018,2025-04-25, Demo Request ,Yes
INT-0014599,1310,CMP-0007,03/22/2025,Impression, Yes 
INT-0014600,550,CMP-0021,"Oct 14, 2025",click, No
INT-0014601,419,CMP-0030,03/10/2025, Trial Signup,NO
INT-0014602,1196,CMP-0028,"May 20, 2025",trial signup,NO
INT-0014603,1332,CMP-0006,19/06/2025,Demo Request ,No 
INT-0014604,865,CMP-0020,10/04/2025,EMAIL OPEN,No
INT-0014605,1154,CMP-0028,19/04/2025, Demo Request , No
INT-0014606,1179,CMP-0029,2025-01-01,click,NO
INT-0014607,390,CMP-0030,18/09/2025, Website Visit, No 
INT-0014608,920,CMP-0010,01-09-2025,CLICK,NO
INT-0014609,126,CMP-0005,2025-03-12,Email Open,No
INT-0014610,823,,01/18/2025,Demo Request,no
INT-0014611,1287,CMP-0024,06/25/2025,impression, No 
INT-0014612,1471,CMP-0010,2025-12-31, Impression ,Yes
INT-0014613,990,CMP-0026,23/12/2025,WEBSITE VISIT, No
INT-0014614,197,CMP-0009,14-04-2025, Impression ,NO
INT-0014615,1306,CMP-0018,2025-02-15, Click,NO
INT-0014616,463,CMP-0007,13/03/2025,Email Open,NO
INT-0014617,1233,CMP-0017,10 Mar 2025,Demo Request,No
INT-0014618,1017,CMP-0014,09/03/2025, Demo Request ,no
INT-0014619,1061,CMP-0026,"Jun 21, 2025",click,No 
INT-0014620,1146,CMP-0027,"May 15, 2025",website visit,NO
INT-0014621,41,CMP-0025,10/27/2025,Trial Signup , No 
INT-0014622,892,CMP-0010,26/03/2025,Website Visit ,No
INT-0014623,73,CMP-0003,"Dec 01, 2025", Website Visit ,no
INT-0014624,794,CMP-0020,16/04/2025,Trial Signup, No
INT-0014625,1331,CMP-0030,03/04/2025,EMAIL OPEN,no
INT-0014626,1080,CMP-0002,"Jul 23, 2025", Impression,NO
INT-0014627,875,CMP-0022,17-05-2025,Trial Signup,No 
INT-0014628,1358,CMP-0015,17-09-2025,TRIAL SIGNUP, No 
INT-0014629,1485,CMP-0003,2025-06-06, Website Visit ,No
INT-0014630,799,CMP-0030,01/28/2025, Click , No
INT-0014631,397,CMP-0015,"Feb 01, 2025",Demo Request,yes
INT-0014632,967,CMP-0026,2025-08-19,Email Open,No 
INT-0014633,281,CMP-0011,22-06-2025, Website Visit,no
INT-0014634,169,CMP-0004,2025-10-12,Email Open,no
INT-0014635,633,CMP-0018,2025-10-19,trial signup,Yes 
INT-0014636,658,CMP-0013,2025-01-16, Click,No
INT-0014637,891,CMP-0003,2025-03-20,CLICK, Yes
INT-0014638,400,CMP-0029,"Oct 18, 2025", Email Open, No
INT-0014639,1210,CMP-0017,29/12/2025, Trial Signup,Yes 
INT-0014640,1195,CMP-0005,"May 08, 2025",Impression,No
INT-0014641,196,CMP-0027,01 Jul 2025, Trial Signup ,no
INT-0014642,802,CMP-0016,"May 03, 2025",Website Visit ,YES
INT-0014643,273,CMP-0001,13-07-2025,Website Visit ,No
INT-0014644,837,CMP-0020,17-09-2025,Trial Signup,YES
INT-0014645,1329,CMP-0013,13-12-2025, Trial Signup, No
INT-0014646,1384,CMP-0015,12/22/2025,Trial Signup ,No
INT-0014647,693,CMP-0025,26 Dec 2025,Email Open,no
INT-0014648,1176,CMP-0026,01/07/2025,Email Open ,No
INT-0014649,193,CMP-0010,12/22/2025,Website Visit ,Yes
INT-0014650,846,CMP-0030,10/06/2025, Email Open, No 
INT-0014651,1213,CMP-0012,"Feb 23, 2025",demo request, No 
INT-0014652,1042,CMP-0027,19/05/2025,Website Visit ,No
INT-0014653,963,CMP-0008,23/01/2025,Click , No 
INT-0014654,1475,CMP-0003,25 Jan 2025,Click, No 
INT-0014655,392,CMP-0005,22 Aug 2025, Email Open , Yes
INT-0014656,1316,CMP-0030,08/01/2025,Trial Signup, No
INT-0014657,377,CMP-0014,2025-09-18,Click ,no
INT-0014658,388,CMP-0019,2025-10-13, Email Open ,no
INT-0014659,38,CMP-0015,02 Nov 2025,CLICK, Yes 
INT-0014660,285,CMP-0002,2025-06-17, Website Visit ,No 
INT-0014661,252,CMP-0008,"Dec 30, 2025",TRIAL SIGNUP,No
INT-0014662,1356,CMP-0027,11-11-2025,IMPRESSION,No 
INT-0014663,1319,CMP-0007,22-03-2025,Trial Signup , No
INT-0014664,264,CMP-0022,03/12/2025, Click,No 
INT-0014665,666,CMP-0013,07/04/2025,TRIAL SIGNUP,No 
INT-0014666,1008,CMP-0026,12-08-2025,Trial Signup , No
INT-0014667,1041,CMP-0023,05/09/2025,Website Visit,no
INT-0014668,544,CMP-0008,2025-12-22,Email Open,NO
INT-0014669,436,CMP-0025,22-08-2025,Website Visit , No
INT-0014670,763,CMP-0004,2025-02-28, Demo Request ,yes
INT-0014671,1342,CMP-0012,12/14/2025,Demo Request ,yes
INT-0014672,1090,CMP-0012,07/12/2025,click,Yes
INT-0014673,966,CMP-0002,2025-01-18,DEMO REQUEST,no
INT-0014674,783,CMP-0024,"Jul 19, 2025",Demo Request, No 
INT-0014675,18,CMP-0009,2025-03-13,trial signup, Yes
INT-0014676,1436,CMP-0004,10/12/2025,Trial Signup,NO
INT-0014677,756,CMP-0024,"Jun 15, 2025",Impression ,No
INT-0014678,1182,,"Jun 10, 2025",demo request, No 
INT-0014679,328,CMP-0010,2025-12-07,Website Visit, No 
INT-0014680,895,CMP-0009,03-01-2025,Impression ,yes
INT-0014681,501,CMP-0030,09-05-2025, Trial Signup,No
INT-0014682,876,CMP-0029,25 Dec 2025, Email Open ,No 
INT-0014683,1130,CMP-0005,"Dec 26, 2025",Demo Request ,Yes 
INT-0014684,769,CMP-0028,17-06-2025, Impression , No 
INT-0014685,1193,CMP-0008,08-05-2025, Trial Signup,NO
INT-0014686,1304,CMP-0009,2025-07-13,impression,Yes 
INT-0014687,916,CMP-0012,2025-04-10,trial signup, Yes 
INT-0014688,41,CMP-0011,14 Jul 2025,TRIAL SIGNUP,Yes 
INT-0014689,1093,CMP-0004,09/27/2025,Demo Request,No
INT-0014690,1362,CMP-0017,02-06-2025, Impression ,Yes
INT-0014691,1348,CMP-0005,2025-02-25, Impression ,no
INT-0014692,1045,CMP-0007,27-10-2025,Trial Signup,NO
INT-0014693,655,CMP-0026,"Sep 12, 2025", Demo Request ,No 
INT-0014694,489,CMP-0001,23-12-2025,WEBSITE VISIT,No
INT-0014695,479,CMP-0019,29/01/2025, Demo Request ,yes
INT-0014696,30,CMP-0002,27/10/2025, Click,yes
INT-0014697,1328,CMP-0001,2025-07-10,Click ,No
INT-0014698,1397,CMP-0008,03 Feb 2025,website visit, No
INT-0014699,1466,CMP-0024,"Jun 01, 2025",Website Visit, No
INT-0014700,1265,CMP-0009,06-06-2025,EMAIL OPEN, No
INT-0014701,1463,CMP-0013,2025-01-29, Email Open,NO
INT-0014702,1335,CMP-0008,06-12-2025, Impression ,no
INT-0014703,677,CMP-0011,04/02/2025, Click,No 
INT-0014704,1490,CMP-0017,2025-10-10,WEBSITE VISIT,NO
INT-0014705,1206,CMP-0004,09/06/2025,Trial Signup ,NO
INT-0014706,382,CMP-0016,"Sep 06, 2025",Trial Signup ,Yes
INT-0014707,899,CMP-0022,2025-12-31, Demo Request,NO
INT-0014708,170,CMP-0016,02-01-2025, Trial Signup,No 
INT-0014709,872,CMP-0010,30-05-2025,WEBSITE VISIT,no
INT-0014710,311,CMP-0029,2025-12-10, Demo Request , No 
INT-0014711,1480,CMP-0005,"Dec 16, 2025",Demo Request,yes
INT-0014712,1486,CMP-0002,"May 25, 2025", Impression,yes
INT-0014713,84,CMP-0002,21/10/2025, Impression, Yes 
INT-0014714,266,CMP-0020,2025-07-11,Impression, No 
INT-0014715,290,CMP-0006,03/16/2025, Demo Request ,No
INT-0014716,1496,CMP-0022,"Oct 27, 2025",Website Visit,Yes 
INT-0014717,645,CMP-0007,17 Dec 2025, Website Visit ,No 
INT-0014718,1314,CMP-0025,11/03/2025,click,Yes 
INT-0014719,187,CMP-0011,18 Jul 2025, Email Open ,no
INT-0014720,188,CMP-0012,2025-05-31, Email Open ,Yes 
INT-0014721,605,CMP-0002,"Jan 09, 2025", Trial Signup , Yes
INT-0014722,1459,CMP-0008,27 Dec 2025,EMAIL OPEN,NO
INT-0014723,220,CMP-0011,"Mar 24, 2025",TRIAL SIGNUP, No
INT-0014724,251,CMP-0013,04/04/2025,EMAIL OPEN,NO
INT-0014725,1391,CMP-0028,15 Oct 2025, Website Visit ,NO
INT-0014726,807,CMP-0029,14-01-2025,Email Open ,No 
INT-0014727,1191,CMP-0025,15-11-2025, Click, No 
INT-0014728,295,CMP-0013,2025-07-30,Demo Request , No
INT-0014729,705,CMP-0003,2025-10-31,CLICK,No 
INT-0014730,488,CMP-0027,05-04-2025,Click ,Yes 
INT-0014731,1283,CMP-0013,"Dec 27, 2025", Impression , No
INT-0014732,983,CMP-0028,27-12-2025,CLICK, No
INT-0014733,548,CMP-0030,2025-11-28, Trial Signup ,NO
INT-0014734,3,CMP-0012,02/08/2025,WEBSITE VISIT,No 
INT-0014735,254,CMP-0025,2025-11-06,click,No
INT-0014736,52,CMP-0020,11 Aug 2025, Impression , No
INT-0014737,430,CMP-0022,2025-01-22, Impression,NO
INT-0014738,973,CMP-0010,2025-08-01,impression, No 
INT-0014739,292,CMP-0009,25/06/2025,DEMO REQUEST,No
INT-0014740,1191,CMP-0026,2025-07-10,Click ,Yes 
INT-0014741,109,CMP-0002,"Aug 23, 2025",WEBSITE VISIT,NO
INT-0014742,859,CMP-0003,02/17/2025,DEMO REQUEST,NO
INT-0014743,637,CMP-0011,"Mar 18, 2025",WEBSITE VISIT,NO
INT-0014744,317,CMP-0027,2025-10-09,Email Open, No 
INT-0014745,407,CMP-0015,18-12-2025, Impression, No
INT-0014746,877,CMP-0028,09/16/2025, Email Open,No
INT-0014747,411,CMP-0005,10/04/2025,CLICK, No 
INT-0014748,1173,CMP-0014,2025-09-01,IMPRESSION,No 
INT-0014749,57,CMP-0015,03/21/2025,impression,Yes
INT-0014750,1418,CMP-0017,02/15/2025,trial signup,No
INT-0014751,1395,CMP-0030,12/02/2025, Impression ,no
INT-0014752,711,CMP-0017,"Mar 29, 2025",Email Open, No
INT-0014753,595,CMP-0026,"Jan 21, 2025",Trial Signup ,No
INT-0014754,56,CMP-0009,21 Oct 2025,TRIAL SIGNUP,No 
INT-0014755,218,CMP-0019,07-05-2025, Demo Request , No
INT-0014756,217,CMP-0011,14/01/2025,CLICK,no
INT-0014757,187,CMP-0001,2025-06-26, Impression , No 
INT-0014758,971,CMP-0029,"May 03, 2025",Trial Signup , No 
INT-0014759,625,CMP-0017,30 Apr 2025, Click,No
INT-0014760,1228,CMP-0029,09/06/2025,IMPRESSION, No
INT-0014761,1285,CMP-0011,04/30/2025,DEMO REQUEST,no
INT-0014762,1372,CMP-0023,24-07-2025, Impression ,No 
INT-0014763,230,CMP-0018,2025-09-13,WEBSITE VISIT, No 
INT-0014764,456,CMP-0016,10/11/2025, Website Visit,Yes
INT-0014765,43,,11 Jul 2025,Trial Signup ,yes
INT-0014766,1413,CMP-0017,"Jan 28, 2025",website visit,No 
INT-0014767,1018,CMP-0011,17-06-2025,WEBSITE VISIT,Yes
INT-0014768,1169,CMP-0018,09-05-2025, Demo Request,No
INT-0014769,120,CMP-0008,06/24/2025,Click, No 
INT-0014770,684,CMP-0022,05/03/2025,Click , No
INT-0014771,1479,CMP-0023,"Jun 19, 2025", Demo Request,no
INT-0014772,10,CMP-0014,01/21/2025,DEMO REQUEST,No 
INT-0014773,608,CMP-0025,23 Oct 2025,impression,NO
INT-0014774,113,CMP-0004,20 Feb 2025,Impression, No 
INT-0014775,658,CMP-0009,08/31/2025, Email Open,NO
INT-0014776,1366,CMP-0002,09/19/2025, Demo Request, No
INT-0014777,443,CMP-0014,15-11-2025, Click , No 
INT-0014778,84,CMP-0018,2025-10-26,demo request,No
INT-0014779,495,CMP-0027,08/11/2025, Email Open,No
INT-0014780,478,CMP-0007,18/08/2025,CLICK, No 
INT-0014781,1038,CMP-0025,"Dec 08, 2025", Trial Signup , No 
INT-0014782,1234,CMP-0030,06/05/2025,Click , No 
INT-0014783,240,CMP-0016,2025-02-27, Impression ,no
INT-0014784,1223,CMP-0011,2025-07-31,impression, No 
INT-0014785,285,CMP-0030,2025-05-02,Demo Request,yes
INT-0014786,501,CMP-0029,01/30/2025,Website Visit,No
INT-0014787,238,CMP-0024,31/03/2025,Impression ,No 
INT-0014788,328,CMP-0016,06/02/2025, Impression ,YES
INT-0014789,779,CMP-0009,"Sep 30, 2025",IMPRESSION, Yes 
INT-0014790,705,CMP-0022,06 May 2025,click,yes
INT-0014791,176,CMP-0012,"Nov 20, 2025",IMPRESSION, No
INT-0014792,247,CMP-0006,11/18/2025,Trial Signup,No 
INT-0014793,1468,CMP-0015,2025-03-29, Impression,NO
INT-0014794,1172,CMP-0027,23-07-2025, Demo Request , Yes
INT-0014795,1006,CMP-0014,16 Mar 2025,WEBSITE VISIT,No 
INT-0014796,623,CMP-0015,08/04/2025,TRIAL SIGNUP,No
INT-0014797,209,CMP-0001,12 Oct 2025,Email Open , No
INT-0014798,900,CMP-0014,08/22/2025,Impression, No
INT-0014799,870,CMP-0007,25/06/2025, Impression,No
INT-0014800,234,CMP-0026,22/07/2025,Impression,No
INT-0014801,1293,CMP-0008,2025-05-29,click, No
INT-0014802,491,CMP-0014,2025-10-20, Trial Signup, No 
INT-0014803,1143,CMP-0014,04 Feb 2025, Impression , Yes 
INT-0014804,1493,CMP-0003,"Dec 06, 2025", Demo Request,No 
INT-0014805,1489,CMP-0025,"Nov 15, 2025",impression, Yes 
INT-0014806,1007,CMP-0024,28-05-2025, Demo Request,No
INT-0014807,303,CMP-0004,22 Jan 2025,demo request, No
INT-0014808,672,CMP-0025,09/08/2025,Email Open , No
INT-0014809,359,CMP-0016,2025-04-28,demo request, Yes 
INT-0014810,1007,CMP-0014,11-12-2025,demo request,No
INT-0014811,124,CMP-0010,16 Oct 2025,Impression , No
INT-0014812,211,CMP-0005,28-04-2025, Impression ,No 
INT-0014813,598,CMP-0009,2025-09-24, Trial Signup ,No 
INT-0014814,933,CMP-0010,16-03-2025,Demo Request,no
INT-0014815,817,CMP-0006,05/24/2025,Demo Request,Yes 
INT-0014816,1012,CMP-0017,2025-10-11, Email Open , Yes 
INT-0014817,1420,CMP-0016,"Oct 31, 2025",TRIAL SIGNUP,YES
INT-0014818,120,CMP-0003,2025-03-30,Website Visit ,no
INT-0014819,732,CMP-0025,14 Dec 2025,impression,No
INT-0014820,446,CMP-0002,2025-05-31,CLICK,No
INT-0014821,278,CMP-0009,08/24/2025,Email Open, No 
INT-0014822,1002,CMP-0010,20/09/2025,Email Open ,no
INT-0014823,1000,CMP-0013,2025-07-27,trial signup, No
INT-0014824,1051,CMP-0006,2025-10-12,Email Open ,No 
INT-0014825,1481,CMP-0012,23-02-2025,WEBSITE VISIT,no
INT-0014826,860,CMP-0007,2025-12-03,Website Visit,Yes 
INT-0014827,1021,CMP-0010,01/11/2025, Email Open,YES
INT-0014828,180,CMP-0022,06 Jun 2025, Demo Request ,no
INT-0014829,377,CMP-0029,14 Sep 2025,Trial Signup,No
INT-0014830,258,CMP-0016,"Apr 14, 2025", Click ,NO
INT-0014831,589,CMP-0002,27-04-2025,Demo Request,No 
INT-0014832,291,CMP-0015,05/31/2025,EMAIL OPEN, No 
INT-0014833,392,CMP-0005,"Feb 07, 2025", Trial Signup , No
INT-0014834,254,CMP-0007,17/11/2025, Demo Request,no
INT-0014835,1287,CMP-0015,"Mar 01, 2025",Click,No
INT-0014836,313,CMP-0021,29-05-2025,IMPRESSION, No 
INT-0014837,626,CMP-0008,12-09-2025,Email Open, Yes 
INT-0014838,893,CMP-0017,27/04/2025,IMPRESSION,No 
INT-0014839,1056,CMP-0001,26/06/2025,demo request, No
INT-0014840,336,CMP-0024,02 Jun 2025,impression,Yes 
INT-0014841,1435,CMP-0025,2025-10-10,Website Visit,no
INT-0014842,306,,15/11/2025,click, No
INT-0014843,929,CMP-0015,12/09/2025,EMAIL OPEN, Yes
INT-0014844,1071,CMP-0028,"Oct 01, 2025",DEMO REQUEST,No
INT-0014845,992,CMP-0023,16/06/2025, Impression, No
INT-0014846,627,CMP-0015,20/01/2025,Email Open,no
INT-0014847,613,CMP-0015,"Jan 17, 2025",impression,Yes
INT-0014848,436,CMP-0019,30-04-2025,Click, No 
INT-0014849,114,CMP-0014,"Aug 23, 2025",WEBSITE VISIT,No 
INT-0014850,352,CMP-0020,"Dec 25, 2025", Trial Signup , Yes 
INT-0014851,753,CMP-0001,10/11/2025,Demo Request , No
INT-0014852,525,CMP-0014,20-07-2025, Trial Signup ,No 
INT-0014853,1486,CMP-0016,2025-07-12,DEMO REQUEST,NO
INT-0014854,195,CMP-0015,17-03-2025, Email Open, No
INT-0014855,889,CMP-0027,29 Nov 2025,Impression,No 
INT-0014856,1218,CMP-0005,2025-11-01,Website Visit,No 
INT-0014857,1198,CMP-0012,03-01-2025,Click ,No
INT-0014858,641,CMP-0030,15-08-2025,Email Open,no
INT-0014859,165,CMP-0003,03/30/2025, Trial Signup ,Yes
INT-0014860,835,CMP-0007,08/18/2025,Impression,No
INT-0014861,906,CMP-0026,17-11-2025,EMAIL OPEN,no
INT-0014862,303,CMP-0026,2025-08-25, Demo Request , No 
INT-0014863,289,CMP-0013,12/17/2025,Email Open,NO
INT-0014864,439,CMP-0020,01/04/2025,email open, Yes
INT-0014865,1277,CMP-0017,05/12/2025,demo request,No
INT-0014866,1253,CMP-0010,25/09/2025, Demo Request , Yes
INT-0014867,1363,CMP-0026,02/16/2025,demo request,no
INT-0014868,853,CMP-0030,23/12/2025,Email Open, No
INT-0014869,388,CMP-0017,29-09-2025,email open, No
INT-0014870,611,CMP-0016,24 Apr 2025,Website Visit ,NO
INT-0014871,1299,CMP-0030,2025-04-05,Click ,no
INT-0014872,1476,CMP-0003,"Mar 02, 2025",demo request,no
INT-0014873,286,CMP-0011,27/03/2025,Email Open,no
INT-0014874,1226,CMP-0005,"Oct 01, 2025",trial signup, No 
INT-0014875,726,CMP-0027,"Oct 23, 2025",CLICK,No 
INT-0014876,473,CMP-0022,07/29/2025,Demo Request, No 
INT-0014877,82,CMP-0018,23-06-2025,trial signup,YES
INT-0014878,1167,CMP-0021,03/31/2025,Website Visit ,no
INT-0014879,6,CMP-0023,06/06/2025, Demo Request ,No
INT-0014880,1180,CMP-0002,07-12-2025,website visit,NO
INT-0014881,1283,CMP-0003,2025-05-08,Demo Request,No
INT-0014882,319,CMP-0007,06/13/2025,Demo Request ,NO
INT-0014883,474,CMP-0002,"Jan 02, 2025",Click,YES
INT-0014884,1062,CMP-0019,23 Nov 2025,Website Visit ,NO
INT-0014885,753,CMP-0025,29 Nov 2025, Demo Request,YES
INT-0014886,999,CMP-0004,2025-06-05,Website Visit , No
INT-0014887,669,CMP-0024,2025-12-08,Impression ,NO
INT-0014888,1102,CMP-0004,06/08/2025, Website Visit, No
INT-0014889,872,CMP-0025,"Jul 20, 2025",email open,Yes 
INT-0014890,1267,CMP-0016,06/08/2025, Website Visit , No 
INT-0014891,1207,CMP-0021,27/02/2025, Impression,no
INT-0014892,237,CMP-0011,14/05/2025, Website Visit,NO
INT-0014893,1076,CMP-0027,2025-02-27,Trial Signup,No 
INT-0014894,910,CMP-0029,31 Jan 2025,Click ,NO
INT-0014895,1419,CMP-0027,11/26/2025,DEMO REQUEST,yes
INT-0014896,456,CMP-0002,18/06/2025, Impression,NO
INT-0014897,1069,CMP-0001,17/01/2025, Email Open ,no
INT-0014898,895,CMP-0025,14-08-2025, Click , No
INT-0014899,847,CMP-0008,05/02/2025,DEMO REQUEST,NO
INT-0014900,1266,CMP-0007,2025-10-03, Impression,NO
INT-0014901,416,CMP-0020,2025-12-13,Email Open ,no
INT-0014902,625,CMP-0024,06/04/2025,click,no
INT-0014903,318,CMP-0027,2025-02-14,impression,yes
INT-0014904,383,CMP-0014,05/03/2025,Click , No 
INT-0014905,1387,CMP-0009,"Oct 07, 2025",EMAIL OPEN,NO
INT-0014906,299,CMP-0003,29 Mar 2025, Email Open ,No 
INT-0014907,162,CMP-0028,14 Aug 2025, Impression, Yes 
INT-0014908,144,CMP-0007,04/26/2025,Demo Request ,no
INT-0014909,1249,CMP-0009,06/10/2025,Trial Signup , No 
INT-0014910,1032,CMP-0005,"Dec 05, 2025",Trial Signup,no
INT-0014911,433,CMP-0006,"Oct 05, 2025",Website Visit , No 
INT-0014912,147,CMP-0016,06/12/2025,DEMO REQUEST,No
INT-0014913,368,CMP-0005,05/01/2025,website visit,NO
INT-0014914,919,CMP-0017,30 Nov 2025,Demo Request ,No 
INT-0014915,382,CMP-0010,16 May 2025,DEMO REQUEST, No 
INT-0014916,756,CMP-0030,09/20/2025,website visit,No
INT-0014917,1010,CMP-0022,22-10-2025, Impression ,NO
INT-0014918,1217,CMP-0018,04-10-2025, Website Visit,NO
INT-0014919,308,CMP-0017,05 Jul 2025, Impression,no
INT-0014920,91,CMP-0029,15 Sep 2025,Trial Signup, No 
INT-0014921,404,CMP-0005,"Aug 27, 2025",Demo Request,NO
INT-0014922,193,CMP-0001,"Sep 09, 2025",Demo Request , No
INT-0014923,743,CMP-0017,25 Mar 2025, Website Visit ,yes
INT-0014924,900,CMP-0024,25 Jan 2025,Website Visit ,No 
INT-0014925,943,CMP-0002,09/03/2025, Click,NO
INT-0014926,1069,CMP-0028,2025-02-14,Email Open, No
INT-0014927,36,CMP-0003,02/07/2025,Website Visit,Yes 
INT-0014928,960,CMP-0021,15-05-2025,Click , Yes
INT-0014929,1392,CMP-0001,06-04-2025,trial signup,No 
INT-0014930,525,CMP-0014,18 Sep 2025,TRIAL SIGNUP,no
INT-0014931,334,CMP-0020,24/12/2025,Impression ,No
INT-0014932,688,CMP-0009,29 May 2025, Click, Yes
INT-0014933,723,CMP-0030,"Nov 21, 2025", Demo Request , No
INT-0014934,147,CMP-0026,30-06-2025,trial signup,NO
INT-0014935,1157,CMP-0024,17/10/2025,Click ,NO
INT-0014936,799,CMP-0004,03/21/2025,Email Open,YES
INT-0014937,148,CMP-0002,02/23/2025,demo request, No 
INT-0014938,1293,CMP-0024,2025-03-31,DEMO REQUEST,YES
INT-0014939,889,CMP-0022,25-03-2025, Click ,NO
INT-0014940,55,CMP-0015,2025-02-16, Click,No
INT-0014941,1139,CMP-0024,2025-11-01,Impression,NO
INT-0014942,332,CMP-0010,29 Sep 2025, Email Open, Yes 
INT-0014943,1082,CMP-0002,16/07/2025,IMPRESSION, Yes
INT-0014944,1156,CMP-0014,21/11/2025,IMPRESSION, Yes 
INT-0014945,1056,CMP-0025,"Nov 18, 2025",DEMO REQUEST,YES
INT-0014946,490,CMP-0012,08/04/2025,IMPRESSION, No
INT-0014947,1004,CMP-0015,"Jun 26, 2025",Trial Signup,No
INT-0014948,794,CMP-0007,16/03/2025,Website Visit,No 
INT-0014949,294,CMP-0018,2025-08-15,Website Visit ,no
INT-0014950,14,CMP-0011,"Apr 18, 2025",Website Visit , No 
INT-0014951,1081,CMP-0011,07/02/2025, Email Open,no
INT-0014952,290,CMP-0002,07-10-2025, Website Visit ,No
INT-0014953,877,CMP-0027,31/12/2025, Website Visit, Yes
INT-0014954,410,CMP-0027,10-12-2025,Click , No
INT-0014955,373,CMP-0010,"Mar 07, 2025",WEBSITE VISIT, No
INT-0014956,1407,CMP-0018,2025-01-10, Website Visit, No
INT-0014957,1375,CMP-0020,2025-06-29,demo request, No 
INT-0014958,725,CMP-0013,12/15/2025,demo request,No
INT-0014959,464,CMP-0025,2025-09-09,Trial Signup,No
INT-0014960,332,CMP-0011,20-10-2025, Website Visit,No
INT-0014961,558,CMP-0001,2025-02-22,Click ,no
INT-0014962,955,CMP-0012,2025-06-17,Demo Request ,no
INT-0014963,832,CMP-0021,"Mar 22, 2025",Impression,NO
INT-0014964,761,CMP-0012,08-02-2025,Email Open,no
INT-0014965,172,,2025-08-01, Click, Yes
INT-0014966,141,CMP-0015,"Jul 11, 2025",demo request,no
INT-0014967,1028,CMP-0026,06/07/2025,TRIAL SIGNUP,NO
INT-0014968,635,CMP-0004,19/09/2025,Impression,No 
INT-0014969,314,CMP-0016,"Apr 13, 2025",Impression , No
INT-0014970,737,CMP-0010,16/04/2025, Demo Request ,NO
INT-0014971,1001,CMP-0001,25 Sep 2025,IMPRESSION,No
INT-0014972,752,CMP-0008,30-12-2025, Click,No 
INT-0014973,340,CMP-0016,30-06-2025,Click , No 
INT-0014974,513,CMP-0018,"Aug 28, 2025", Demo Request , No
INT-0014975,1399,CMP-0017,03/02/2025,Impression, Yes
INT-0014976,611,CMP-0012,"Sep 22, 2025", Impression , No 
INT-0014977,727,CMP-0010,"Dec 15, 2025", Click, No 
INT-0014978,983,CMP-0027,26/06/2025, Impression, No
INT-0014979,875,CMP-0010,03/07/2025,email open,No
INT-0014980,660,CMP-0027,03/07/2025, Demo Request , Yes 
INT-0014981,7,CMP-0026,2025-10-16,Demo Request,no
INT-0014982,1007,CMP-0010,"Dec 23, 2025", Trial Signup,NO
INT-0014983,219,CMP-0011,10/16/2025, Click ,No
INT-0014984,245,CMP-0003,09-12-2025,Website Visit,No
INT-0014985,247,CMP-0003,"Apr 23, 2025",CLICK, No
INT-0014986,688,CMP-0026,2025-11-25,Website Visit ,no
INT-0014987,399,CMP-0012,"Dec 16, 2025", Trial Signup ,No
INT-0014988,606,CMP-0004,14 Feb 2025,Website Visit,NO
INT-0014989,388,CMP-0020,07 Sep 2025, Email Open,no
INT-0014990,712,CMP-0019,2025-11-24,Trial Signup,No 
INT-0014991,1286,CMP-0015,11/16/2025,Email Open ,no
INT-0014992,28,CMP-0013,07/04/2025, Trial Signup,NO
INT-0014993,1082,CMP-0026,"Jul 18, 2025",Impression , Yes 
INT-0014994,173,CMP-0015,2025-03-17,click,no
INT-0014995,772,CMP-0011,23-12-2025, Website Visit ,no
INT-0014996,1078,CMP-0029,02 May 2025,click, Yes
INT-0014997,676,CMP-0004,07-11-2025,Email Open , No
INT-0014998,1312,CMP-0015,23-04-2025,click, No
INT-0014999,1431,CMP-0019,2025-12-12, Impression, Yes
INT-0015000,984,CMP-0003,2025-03-25,Demo Request,No 
INT-0007809,304,CMP-0025,21 Sep 2025,Demo Request , Yes 
INT-0005647,58,CMP-0010,21 Aug 2025,Click , No
INT-0006206,246,CMP-0003,20/04/2025,Demo Request ,NO
INT-0002539,1479,CMP-0022,28-03-2025,Email Open , No
INT-0011452,1437,CMP-0006,27 May 2025,Impression, Yes
INT-0008402,468,CMP-0023,2025-02-08,Click ,no
INT-0006237,766,,09/09/2025,Website Visit,No 
INT-0009861,843,CMP-0004,08-11-2025, Website Visit ,No 
INT-0011058,210,CMP-0016,05 Mar 2025, Trial Signup,No 
INT-0007282,1443,CMP-0011,19-05-2025,Email Open, No 
INT-0005064,730,CMP-0030,17/02/2025, Email Open , No
INT-0012118,545,CMP-0010,2025-09-30, Demo Request ,NO
INT-0012945,1185,CMP-0030,2025-02-25,email open, No
INT-0001252,1230,CMP-0005,2025-04-28, Website Visit , No 
INT-0009628,293,CMP-0019,2025-05-21,Website Visit, No 
INT-0002528,217,CMP-0015,"Dec 14, 2025",Click ,No 
INT-0005031,1499,CMP-0003,09/28/2025, Email Open ,No 
INT-0003381,1235,CMP-0004,2025-09-18,Click ,No
INT-0005567,1330,CMP-0002,22-06-2025, Trial Signup ,YES
INT-0007609,268,CMP-0013,28/11/2025,Impression ,Yes
INT-0012125,933,CMP-0027,29/12/2025, Impression, No
INT-0004249,168,CMP-0006,2025-04-07,trial signup, No
INT-0004935,1315,CMP-0010,01/03/2025, Email Open ,NO
INT-0007251,962,CMP-0022,13/12/2025, Email Open ,No
INT-0009302,1457,CMP-0016,18-03-2025, Click ,No
INT-0013163,596,CMP-0024,2025-03-26,Website Visit , No 
INT-0014023,781,CMP-0008,11/04/2025,Click ,No
INT-0013119,60,CMP-0026,01 Jun 2025,Email Open, No 
INT-0008799,196,CMP-0020,28/09/2025,TRIAL SIGNUP,No 
INT-0011119,1231,CMP-0012,18/10/2025,trial signup,yes
INT-0004393,1116,CMP-0005,2025-08-22,impression,Yes 
INT-0001340,856,CMP-0024,02/04/2025,Trial Signup , No 
INT-0013471,1006,CMP-0030,23/07/2025, Email Open ,No 
INT-0012247,1358,CMP-0026,22-01-2025, Demo Request,No
INT-0005970,785,CMP-0028,"Dec 13, 2025",Demo Request ,NO
INT-0009567,1060,CMP-0014,"Jan 27, 2025", Trial Signup ,No
INT-0013275,1018,CMP-0005,07/30/2025,Email Open ,Yes
INT-0005801,1007,CMP-0026,11/22/2025, Impression ,NO
INT-0004933,337,CMP-0024,12 Mar 2025,demo request,No
INT-0000303,1359,CMP-0020,28/05/2025, Website Visit ,Yes
INT-0000880,1099,CMP-0005,11/27/2025, Email Open , No
INT-0003141,499,CMP-0026,"Feb 10, 2025", Click ,Yes 
INT-0011031,425,CMP-0030,2025-12-26, Impression, No 
INT-0008508,513,CMP-0026,06/12/2025, Click, No
INT-0004038,195,CMP-0012,12/27/2025,click,Yes 
INT-0003585,551,CMP-0013,2025-04-13, Trial Signup, No 
INT-0005933,706,CMP-0018,04 May 2025,Website Visit , Yes
INT-0008105,1404,CMP-9000,"Sep 14, 2025",Email Open , No
INT-0009345,888,CMP-0022,09/03/2025, Trial Signup,No
INT-0002599,1267,CMP-0019,2025-06-29,IMPRESSION, No 
INT-0007779,647,CMP-0028,29-04-2025, Website Visit,no
INT-0006561,395,CMP-0030,2025-10-23,demo request,Yes 
INT-0013790,581,CMP-0003,2025-05-25,Click, No
INT-0001777,138,CMP-0020,17/12/2025,impression, Yes 
INT-0011240,693,CMP-0018,07/13/2025,website visit,No 
INT-0013679,1109,CMP-0011,07/06/2025, Trial Signup, No
INT-0013313,841,CMP-0019,28-11-2025,EMAIL OPEN, No
INT-0008165,1111,CMP-0028,22/01/2025,website visit, No 
INT-0004294,771,CMP-0010,06 Nov 2025,Demo Request,No 
INT-0006272,875,CMP-0015,11/17/2025,Trial Signup ,no
INT-0005740,163,CMP-0009,02-02-2025,EMAIL OPEN,Yes 
INT-0004785,1270,CMP-0023,01-03-2025,click,No
INT-0007553,439,CMP-0020,30 Aug 2025, Demo Request,no
INT-0001844,204,CMP-0010,11-08-2025, Impression,No
INT-0002299,1360,CMP-0028,07/01/2025, Demo Request,NO
INT-0004917,1081,CMP-0021,06/09/2025,EMAIL OPEN,Yes
INT-0010072,1201,CMP-0020,02/25/2025,DEMO REQUEST, No
INT-0009217,250,CMP-0007,15/05/2025,Demo Request , No 
INT-0000341,1039,CMP-0017,02 Nov 2025,Trial Signup,No
INT-0002686,744,CMP-0024,22 Apr 2025, Trial Signup ,no
INT-0000567,1001,CMP-0027,2025-07-25,Click , No 
INT-0011767,1051,CMP-0015,08/29/2025, Email Open,YES
INT-0006512,679,CMP-0022,"Jan 20, 2025", Demo Request , No 
INT-0007272,1165,CMP-0025,"Jan 09, 2025",website visit,YES
INT-0000107,1224,CMP-0002,09/03/2025,EMAIL OPEN,Yes 
INT-0005742,26,CMP-0014,28 Jun 2025,Impression,NO
INT-0004336,938,CMP-0022,2025-06-10,EMAIL OPEN, Yes 
INT-0013074,9,CMP-0013,12/18/2025,CLICK, No 
INT-0008705,35,CMP-0024,27-07-2025,Website Visit,no
INT-0002898,619,CMP-0011,"Jun 26, 2025",Email Open,No
INT-0013668,684,CMP-0024,2025-06-07,impression, No 
INT-0002127,202,CMP-0023,11-01-2025, Demo Request,No
INT-0004395,968,CMP-0029,2025-11-12,email open,NO
INT-0001272,613,CMP-0018,2025-02-13, Trial Signup ,YES
INT-0009661,362,CMP-0010,03/09/2025, Click,No 
INT-0009827,1467,CMP-0003,22 Dec 2025, Impression,no
INT-0002150,620,CMP-0022,25/07/2025,Website Visit ,No 
INT-0001172,1218,CMP-0017,02/04/2025,TRIAL SIGNUP,no
INT-0001328,153,CMP-0026,12/22/2025,CLICK,No
INT-0005137,61,CMP-0025,09/17/2025, Email Open ,No 
INT-0002640,1195,CMP-0024,08 Dec 2025, Demo Request, No
INT-0003903,831,CMP-0008,01/08/2025,Trial Signup, No 
INT-0001409,797,CMP-0010,25 Aug 2025,EMAIL OPEN, Yes
INT-0009995,492,CMP-0012,09/01/2025,Trial Signup ,no
INT-0006926,192,CMP-0010,03 Jul 2025, Impression, No 
INT-0002542,15,CMP-0008,04-08-2025,WEBSITE VISIT, No 
INT-0005669,1179,CMP-0015,28/02/2025, Demo Request,NO
INT-0002645,262,CMP-0001,09/09/2025,EMAIL OPEN,No
INT-0008722,733,CMP-0002,11/12/2025,DEMO REQUEST,No 
INT-0005022,897,CMP-0029,23 May 2025,EMAIL OPEN, No 
