user_id,full_name,job_title,company_name,email_address,phone_number,address,city,country,birth_date,registration_date,last_login_date,account_status,annual_revenue
1,Sarah Riggs,Financial Analyst,Garcia Inc.,amy50@example.com,531-371-3900x532,"335 Kristina Ranch
West Micheleberg, DC 71308", Paris ,germany,1967-11-28,2024-07-17,03/25/2025,inactive,464027.88
2,Katie Wilson,Data Scientist,Thompson LLC,andersonmichael@example.org,001-350-324-0268,"917 Sonia Cape Suite 700
Boonechester, TX 14651", Toronto,NETHERLANDS,1979-08-25,2025-05-14,2025-05-23,Active ,297513.53
3,Laura Gray,COO,Browning Systems,lammarc@example.org,624-999-8569,"18367 Robert Views Suite 661
Ronaldview, MN 20507",Singapore, Spain,1989-04-12,2024-02-12,"Dec 09, 2025",active,515752.34
4,Joseph Lawson,IT Specialist,Wells Inc.,deckerchristopher@example.org,001-252-680-9885x1656,"98327 Melanie Keys Suite 149
Port Roy, OH 81991", Oslo , Italy ,1985-09-09,2023-11-23,"Nov 07, 2025", Active,951810.18
5,Jeffrey Fowler,Research Scientist,Day Holdings,lynchdiane@example.net,302-444-5502x296,"83667 Moore Inlet
Kimberlyshire, PA 11636", Berlin,DENMARK,1998-11-29,29-07-2023,2023-11-01, Inactive ,278199.19
6,Michelle Perez,Software Engineer,Moore Inc.,craigjoseph@example.net,(979)676-4381x56149,"003 Dougherty Trafficway Apt. 445
North Tylerchester, HI 17433",dublin,canada,1974-04-03,07/29/2025,2025-12-14,Active ,278202.38
7,Troy Hughes,Sales Manager,Padilla Consulting, CHARLES06@EXAMPLE.ORG ,715.496.9664x160,"516 John Radial Suite 816
Juliebury, MA 22538", Toronto ,united kingdom,1959-05-15,2025-01-10,2025-11-02, Inactive ,989988.86
8,Justin Harrison,Research Scientist,Schultz LLC,rebeccabailey@example.net,+1-923-912-4329x2127,"527 Taylor Roads Suite 490
Williamport, NH 59734", Rome , United Arab Emirates,1957-06-20,2024-04-21,2024-08-03,active,560847.5
9,Michelle Miller,Accountant,Wood Holdings,chase19@example.net,267.998.0793x59782,"182 John Mill Suite 889
West Nathan, LA 51280",toronto,brazil,1975-08-28,2024-12-28,2025-04-15,Active ,235948.29
10,Sheila Miller,Research Scientist,Morgan PLC,mccormickdeborah@example.org,818-464-4925x19254,"8652 Debbie Manors
Andrewport, HI 28575",Rome,SOUTH AFRICA,1972-05-15,2023-12-01,2025-03-19,ACTIVE,479161.04
11,John Burgess,Operations Manager,Miranda Inc.,jeremytaylor@example.org,418-488-0592x9622,"5379 Goodwin Tunnel
Youngbury, ME 61975", Dublin ,Italy,1999-12-03,2024-04-14,2024-05-17,ACTIVE,236950.76
12,Heather Taylor,CEO,Lee Consulting,smurray@example.com,386.623.9240x75818,"7826 Stacey Forges
Wilkersontown, MT 07481",Dublin,UNITED ARAB EMIRATES,1975-01-19,2024-10-06,2025-01-23,ACTIVE,236567.57
13,Sherri Lopez,Marketing Specialist,Brooks Systems,xvang@example.org,4519522047,"04328 Rodriguez Heights
West David, IA 55528",Dublin, Denmark ,07 Dec 1986,2024-06-22,2025-09-04,ACTIVE,388237.91
14,Jason Avila,Data Analyst,Dean Technologies,rodriguezrebecca@example.net,+1-708-593-2460,"185 Stephanie Plains
South Morganton, SC 51210",berlin, France ,2003-09-12,2023-07-06,2025-08-18,Active,85879.79
15,Gene Higgins,Research Scientist,King Solutions,kellycarlos@example.org,001-419-352-0585x2772,"43030 Mahoney Passage Suite 874
Port Deborahport, MI 06766", São Paulo,United Arab Emirates,1998-01-19,05/11/2023,2024-06-09,Active,97983.81
16,Frederick Hicks,COO,Rivera Inc.,lloydsamuel@example.com,001-876-452-7758x4161,"15447 Jackson Mills Suite 705
Hillton, CA 88474",Rome, Norway,1986-11-12,2023-08-23,"Jul 22, 2025", Active,"$221,106.27"
17,Amy Adams,CTO,Cox Technologies, STEPHANIETHOMAS@EXAMPLE.NET ,+1-770-721-3556x90927,"285 Edwards Harbors
North Anthony, HI 65911",sydney, Egypt ,1980-12-29,2023-01-07,30 Jun 2024, Suspended,161299.51
18,Cheyenne Shepherd,Sales Manager,Mcintyre Group,greenjorge@example.com,494.973.1217,"Unit 5518 Box 8442
DPO AP 93504",Paris , Denmark,2001-01-24,2025-11-05,12/14/2025,Inactive ,408388.06
19,Daniel Newton,CEO,Little Systems,william13@example.org,470.358.9578,"786 Morrow Cliffs Apt. 517
Frazierstad, DC 72761",NEW YORK,germany,1986-12-23,2023-01-02,2024-10-27,suspended,173578.14
20,Amy Parker,Financial Analyst,White Group,ryanbartlett@example.org,682-342-2535,"49818 Brittany Prairie Apt. 299
Meganshire, AZ 04219",mumbai,CANADA,1959-08-09,2024-05-05,04 Jul 2024,Active ,121952.56
21,Emily Oliver,Project Manager,Fry LLC,debra96@example.net,+1-407-984-4736x4710,"59255 Hester Curve Suite 881
Johnville, KY 59430", Riyadh ,SOUTH AFRICA,1967-10-10,26/12/2025,2025-12-28, Active,914336.68
22,Lisa Mccarty,COO,Davis Consulting,sonia96@example.org,(959)653-2787,"8733 Williams Haven
Harperfort, LA 70846",AMSTERDAM,SWEDEN,1956-01-10,2025-05-16,10 Jul 2025, Active ,279835.33
23,James Fox,Consultant,Rodriguez Holdings,nicoleluna@example.com,(906)609-8358x416,"16558 Fischer Flat
Porterton, AZ 18462", Berlin , Spain ,1990-08-04,2025-06-16,2025-10-27,active,343612.46
24,Kristen Lewis,Financial Analyst,Brock Consulting,ghernandez@example.org,695-926-9495x88879,"1694 Candice Greens Apt. 097
New Cristina, RI 50333", New York , Canada,11/12/1962,2024-04-16,2025-12-10,inactive,"120,894.83"
25,Lindsay Rivera,Business Analyst,Becker LLC,armstrongjackie@example.org,9752626368,"578 Edwards Extensions
Barrmouth, ND 46938", Cairo ,SPAIN,09/28/1988,03/06/2023,2025-01-11, Active,
26,Emily Walker,Marketing Specialist,Dillon Systems,chelsea33@example.com,+1-743-644-3757,"5240 Moses Common Suite 747
East Maria, KY 74165", Mumbai, Saudi Arabia,1989-09-27,2023-09-28,2025-10-08,Active,"$354,210.20"
27,Alexandra Lindsey,Software Engineer,Taylor Solutions,johnsantiago@example.net,230.416.5712,"3454 Rebecca Corners Apt. 802
Khanburgh, PW 05264",SINGAPORE, Denmark ,2004-06-27,01/25/2024,05/01/2024,active,146430.25
28,Christine Drake,Research Scientist,Sanders Inc., VLOPEZ@EXAMPLE.COM ,9044991547,"3152 Wong Stravenue Apt. 054
East Cheryl, SC 53649",Oslo ,GERMANY,1996-02-24,07/21/2023,2023-09-22,Active,426338.37
29,Allison Tran,Marketing Manager,Robertson Technologies,moralescody@example.org,253.604.6374x5499,"17426 Vaughn Route
Michaelbury, IN 18008",ROME,United Arab Emirates ,1979-01-21,2023-10-15,"Dec 21, 2024", Active,215249.46
30,Robert Adkins,COO,Gibson Technologies, ROBERT87@EXAMPLE.NET ,+1-533-491-8785x19108,"39718 Stokes Motorway Apt. 867
New Stevenport, VA 03354",NEW YORK,CANADA,1975-01-10,2023-07-20,2023-09-10,SUSPENDED,"$267,216.47"
31,April Martinez,CEO,Velasquez Ltd.,bethwilliams@example.com,001-718-801-7046x226,"1825 Gregory Plain Suite 823
Port Andrewport, NH 88777",Amsterdam ,Ireland ,1990-11-11,2025-04-12,2025-12-17,Suspended ,215088.61
32,Reginald French,Consultant,Coleman Inc.,pmorrow@example.com,(324)231-0690x331,"06738 Karen Trail
East Williamport, IN 96382",STOCKHOLM,Singapore,1983-11-09,2025-03-10,24/07/2025, Inactive ,1198516.06
33,Michael Phillips,Sales Manager,Ray Systems,joel28@example.org,(744)808-9268x70568,"2873 Kevin Station Apt. 708
Faulknerside, NC 18076",Stockholm,netherlands,1974-08-28,2025-09-23,13 Oct 2025, Suspended,324665.9
34,Ronald Allen,Operations Manager,,deborah75@example.org,+1-530-546-9901,"0331 Rocha Square Apt. 638
Kimberlyfurt, NH 70447",London,united kingdom,31-05-1987,2023-05-05,2025-06-09, Active ,156310.92
35,Jason Walker,CTO,,william77@example.org,001-875-635-5609x3204,"69378 Scott View Suite 772
Garyside, NM 24624", Toronto,Australia ,2000-07-21,2023-11-19,2024-01-17,Active,582906.13
36,Nicholas Villarreal,Marketing Specialist,Weaver PLC,warrenmary@example.org,+1-900-962-3120x38750,"08484 Wayne Square Suite 211
East James, NC 33585",madrid,INDIA,1995-07-28,2025-04-06,2025-06-07,active,139442.76
37,Christine Oconnell,Accountant,Adams Solutions,zmiller@example.com,001-833-941-0166,"217 Newman Isle
New Samanthabury, IL 91240",Amsterdam,Norway,1999-02-12,2025-12-06,2025-12-17,Active,379346.2
38,Melinda Yu,Business Analyst,Alvarez Group,glassgabrielle@example.com,+1-890-325-0392,"685 Campos Dam
New Juliestad, AR 13304",New York ,united arab emirates,1977-01-16,2025-07-25,2025-10-14, Active,83135.82
39,Rodney Burton,Accountant,Roberson LLC,cassie99@example.com,001-350-647-7358x66296,"42626 Ward Course
West Seanview, CT 17868", Paris,DENMARK,1959-11-26,2024-03-12,13 Aug 2025,Inactive,129349.04
40,Phyllis Gill,Consultant,Jordan Holdings,fgarcia@example.com,+1-819-395-6046,"826 Dominic Hollow
Trevorland, GA 57474",cape town,Sweden ,1969-02-23,2024-08-06,2025-01-15, Active ,376172.41
41,Jeffrey Bowen,Software Engineer,Evans Systems,wardsheryl@example.net,+1-879-793-7124x0659,"924 Morrison Square Apt. 752
Novakport, WA 91590",paris,ITALY,1986-08-21,17-01-2023,22 Sep 2024,active,549589.33
42,Deborah King,HR Manager,Faulkner Systems,markramirez@example.com,(619)339-8280x737,"724 Johnny Drives Suite 617
Aguilarside, NY 91164",São Paulo , Netherlands ,02/14/1976,2023-11-15,2024-08-20,Inactive,369519.13
43,Joseph Johnson,Accountant,Johnson Group,jacqueline89@example.net,713-852-9096,"3888 Sean Lock
Bartonshire, UT 66098",London,CANADA,1963-01-05,01/11/2025,2025-12-03,active,302261.01
44,Troy Tran,Project Manager,Cuevas Inc., AGARCIA@EXAMPLE.ORG ,725-945-7387,"1401 Melinda Rue Apt. 238
New Ethan, OH 56386", Rome,AUSTRALIA,2002-08-04,2023-01-08,"Nov 22, 2024",Inactive ,265462.11
45,Cynthia Wallace,Business Analyst,Hall Solutions,lsoto@example.net,+1-366-309-3796x60334,"5371 Lambert Overpass
Candicefurt, OR 15473", Paris, South Africa ,1972-09-03,20/01/2023,2023-09-07,Active ,116428.73
46,Shane Romero,Project Manager,Bruce Systems,lisamccarthy@example.com,+1-891-825-1341x252,"2782 Tracy Dam Apt. 579
Port Michaeltown, NM 18396",London,sweden,09-03-1965,2023-10-31,2025-01-14, Active,$198017
47,Heather Garner,Financial Analyst,Cruz Inc.,fortiz@example.com,001-677-421-9034x043,"819 Joseph Plains Suite 807
South Curtis, MP 86179",Berlin,Denmark ,1992-06-10,2025-01-02,2025-04-20, Inactive,237412.13
48,Thomas Taylor,Marketing Manager,Evans Solutions,,513.239.5962x923,"825 Roberts Grove Apt. 260
Michelleberg, UT 17893",sydney, Singapore ,1967-11-10,2023-11-13,"Jul 13, 2024",ACTIVE,686928.55
49,Mark Blankenship,Financial Analyst,Dawson Holdings,kathleenlowe@example.com,(694)766-7116,"9017 Horn Underpass Suite 363
Adamsport, MA 72238",Rome,AUSTRALIA,11 Dec 1983,2025-04-23,15 Nov 2025,inactive,416871.29
50,Chelsea Weber,Sales Manager,Knight Inc.,rkramer@example.org,8175012770,"Unit 2424 Box 1541
DPO AA 87599", Dubai, Denmark,1999-11-30,2025-08-21,2025-10-17, Active,95403.63
51,Zachary Mccarty,Sales Manager,Martin PLC,ugarrett@example.net,001-236-211-0371x29387,"2713 Davis Valley
North Lawrenceport, DC 50665",dublin, Norway ,1993-07-11,2024-04-01,2024-04-26, Active ,411209.78
52,Andrea Johnson,CTO,Mullins Group, DARLENEBYRD@EXAMPLE.ORG ,390.492.7532x69731,"6523 Newman Gateway Suite 043
Lake Peter, SD 07653",Dublin, South Africa,1994-01-12,2024-12-20,2025-11-14,Active ,250306.74
53,Debra Reed,Accountant,Leon Group,troyrodriguez@example.com,+1-491-980-5526x9658,"USS Smith
FPO AE 02308", London , Germany ,1968-06-21,2024-01-01,08/18/2025,active,204056.99
54,Collin Miller,CTO,Williams Holdings,fryraymond@example.com,+1-386-566-1889x2414,"Unit 2856 Box 9146
DPO AP 31779",Berlin,IRELAND,1958-06-18,2025-06-12,2025-11-15, Inactive ,$502913
55,Allison Bray,CTO,Miller Inc.,nwilson@example.net,7426102027,"410 Roman Groves
West Jennifershire, SC 10602",cape town,netherlands,12/09/1979,2025-06-12,2025-06-13,ACTIVE,674481.59
56,Andrea Paul,Software Engineer,Dixon Holdings,porterashley@example.com,(241)591-3800,"2208 Walker Gateway Suite 541
Davidton, HI 29754", Stockholm, Egypt ,1995-01-15,2024-10-04,2025-09-09,Active,629006.01
57,Tricia Perez,Project Manager,Jarvis Solutions,djones@example.com,001-945-718-7053x49493,"83206 Jesse Key Apt. 506
Daltonhaven, IA 55527",Amsterdam , Singapore ,09/26/1979,2024-08-28,2025-06-08,INACTIVE,182143.07
58,Scott James,COO,Brown Ltd.,jenniferdavis@example.org,865.471.9182x61990,"6557 Hall Flats Apt. 912
East Shannonmouth, MT 16326",NEW YORK,sweden,1981-11-19,2024-09-08,2025-04-04,ACTIVE,263959.6
59,Tanya Spence,Consultant,Oconnell Consulting,shannonford@example.org,524-790-3521,"442 Stephanie Walk
Hawkinsside, IA 12916", Dubai,netherlands,"Apr 07, 1978",2024-10-21,2025-06-17,Active ,413281.57
60,Christopher Richards,CTO,Lara Ltd.,davidbrown@example.org,(236)351-9941,"15107 Gary Ports Suite 670
Vegaburgh, MI 28644", São Paulo ,Norway ,2000-02-18,2023-06-23,2024-04-09,Active ,648801.17
61,Julie Santana,Sales Manager,Hill PLC,cstephenson@example.net,+1-493-847-6870x146,"806 Castillo Tunnel
Coopershire, NY 42654",paris,UNITED STATES,1974-08-28,2024-09-27,2025-01-21,Active ,234351.65
62,Sarah Lopez,Marketing Specialist,White LLC,carla04@example.org,885.793.2133x4803,"USNS Thompson
FPO AP 42182", Amsterdam, Ireland,1995-02-17,2025-07-21,2025-11-05,Active,287805.08
63,Aaron Morton,IT Specialist,Wolfe Inc., WARNERMICHAEL@EXAMPLE.NET ,001-229-337-8427,"87059 Lindsay Junctions
Port Megan, MD 08307",Madrid ,AUSTRALIA,1956-09-12,07/08/2023,2025-10-13, Inactive ,151080.11
64,Sydney Pennington,Financial Analyst,Willis Technologies,kimmathis@example.com,456-891-5452,"528 Walker Radial Apt. 644
East Jessica, UT 75583",Berlin, United Arab Emirates ,1974-10-24,2023-04-13,2024-11-04,Active,141868.43
65,John Schwartz,Consultant,Gamble Systems,whitelucas@example.net,791.472.5135,"570 Clark Square
West Jonathanville, VA 00668", São Paulo ,egypt,"Dec 25, 1957","Oct 11, 2024","Nov 02, 2025",Active,578832.3
66,Amber Collier,CEO,Kim Technologies,acosta@example.com,(258)761-7932x7104,"52621 Matthew Ridges
Bushchester, SD 22127",Dubai ,Italy,05/20/1985,2023-11-22,23/12/2025, Inactive ,846925.51
67,Daniel Johnson,Financial Analyst,Hamilton Group,garciajamie@example.org,(288)744-4310x69872,"9731 Jamie Route
Tiffanyfort, PR 15640",rome,united arab emirates,1970-09-25,03 Dec 2025,2025-12-19,ACTIVE,"311,636.56"
68,Amber King,COO,Sanders Group,qjacobson@example.org,+1-686-525-6527x0477,"11586 Angela Ville
Cardenaschester, ND 90556",toronto,France ,1998-02-07,2024-11-18,01/05/2025, Active,661637.45
69,Andrea Bright,IT Specialist,Wells Ltd., THOMASMILLER@EXAMPLE.NET ,4894899217,"Unit 3206 Box 1632
DPO AP 34302", Singapore ,NORWAY,1971-04-17,2024-03-14,2024-05-19, Active,422162.34
70,Spencer Caldwell,Marketing Specialist,Acosta PLC,millerangela@example.net,348-370-9986x16229,"8564 Pena Ports
Johnsonview, MO 19356",NEW YORK,india,1985-12-02,"May 10, 2025",2025-08-18, Active ,208650.56
71,Jeffrey Taylor,Research Scientist,Becker Holdings,vwilliams@example.net,607.945.0544,"24754 Jacobs Corners
South Jason, GU 53869",Singapore,South Africa ,1991-12-07,2024-09-03,2025-09-24, Inactive,422091.3
72,Cassandra Obrien,Financial Analyst,Malone Consulting,lori82@example.org,986-228-9023x3030,"PSC 3457, Box 8610
APO AE 49320",Rome ,Singapore,1979-07-30,2024-03-27,2025-08-09, Active ,961861.35
73,Mary Branch,Project Manager,Griffin Solutions,wmatthews@example.com,(541)540-6029,"6800 Buck Rue
New Lauren, IN 33582",São Paulo,SOUTH AFRICA,1985-06-08,2023-12-05,2025-03-28, Active,319630.77
74,Sara Duarte,IT Specialist,Hahn Consulting,rodney65@example.com,637-648-9691x085,"54544 Lopez Path Apt. 096
Erintown, SD 65692",paris,UNITED ARAB EMIRATES,07/02/2004,2023-02-25,16-08-2023,ACTIVE,979943.86
75,Stacey French,Operations Manager,,vsullivan@example.org,001-693-453-8758,"1724 Stacey Isle
East Michaelport, MT 43927",OSLO, Ireland ,1973-11-02,2024-03-09,2025-06-18, Active,52374.67
76,Julie Parker,CEO,Richards Solutions,eyork@example.org,+1-299-491-7381x6846,"6972 Huffman Falls
South Marvinburgh, MD 83666",NEW YORK,South Africa ,1958-06-20,"May 31, 2024",2024-08-23, Active ,582644.06
77,Julie Clark,Data Analyst,Hayes PLC, KATHLEENJACKSON@EXAMPLE.ORG ,512.796.6667x6008,"USNV Sherman
FPO AP 25480",new york, Spain ,1956-07-02,2023-05-21,2025-07-29,active,
78,Jeffery Garner,CEO,Smith Ltd.,jeremywiley@example.com,(616)689-4210,"2575 Frederick Valleys Suite 033
East Jessica, OR 66644",BERLIN,India ,27-11-1963,2024-05-03,2024-09-10, Suspended ,265851.95
79,Brooke Garcia,Sales Representative,Richardson Group,brooksdanielle@example.net,+1-609-901-0016x761,"046 Elaine Groves
South Maria, CT 67555", São Paulo, Germany,1990-11-05,2025-01-25,2025-04-21,inactive,349490.81
80,Rachael Russell,Data Scientist,Wilson Group,glovertyler@example.net,948.535.6420,"3001 Mary Skyway Suite 218
Lake Jenniferview, SD 30799",stockholm, India,1978-01-02,"Aug 10, 2023",2025-03-25, Inactive ,81528.0
81,Jeffrey Mcdaniel,Marketing Specialist,Madden Solutions,steven12@example.org,655-361-1002x2557,"16674 Vaughn Neck Suite 212
Port Erikchester, PW 77931", Madrid ,Germany ,"Apr 11, 1979",11/02/2024,,Inactive ,281033.65
82,David Mata,Marketing Specialist,Carroll Consulting,ywhite@example.com,+1-202-577-1670x145,"Unit 5889 Box 1637
DPO AA 87494",London,denmark,1988-10-06,2023-09-05,2025-11-29,Active ,420827.71
83,Steven Mann,Operations Manager,,smithsarah@example.net,872.817.5354x0838,"7971 West Crest
Mcgeetown, CT 53380", New York,SINGAPORE,1975-10-31,2025-11-02,2025-12-14,Inactive,922207.78
84,Deborah Hayden,IT Specialist,Hawkins Holdings,petersenlatoya@example.net,+1-948-783-7550x3758,"30554 Park Cape
South Donald, VT 97823", Sydney, Egypt ,1990-12-25,2025-07-30,2025-09-08,suspended,228025.07
85,Katie Hall,IT Specialist,Rodriguez Systems,jacobconrad@example.com,973.951.6091,"0808 Roberson Orchard
Lake Beth, VA 17328",mumbai,italy,12-09-1960,2025-09-17,2025-11-16,Active,186102.8
86,Mario Parker,Financial Analyst,Sandoval LLC,william66@example.net,001-634-765-4722x698,"39452 William Square
Jenniferstad, OH 63464",DUBAI,India ,1984-03-08,2024-07-25,30-10-2025,Active ,230676.15
87,Scott Branch,Marketing Manager,Bender Inc.,icraig@example.com,(408)210-6200x34244,"80571 Julia Points Suite 384
South Paulmouth, OH 07552",Riyadh ,Netherlands ,1956-04-05,2025-10-09,2025-11-20,Active ,622053.56
88,Natalie Oliver,CTO,King Group,ogreer@example.net,001-459-389-3347x212,"8422 Smith Mountain Apt. 025
Port Sarahport, NM 75562",Amsterdam,CANADA,1982-08-01,2024-07-19,2024-07-30,ACTIVE,412555.4
89,Nicholas Morris,CEO,Jones Systems,alicia28@example.org,526.988.6153x35554,"Unit 0157 Box 3993
DPO AE 89964",dubai,United States ,09-01-1999,2024-05-07,2025-09-07, Active ,226198.42
90,Guy Carroll,Marketing Specialist,James PLC,cruzamber@example.com,5857887704,"88013 Michelle Manors
East Amandachester, SD 09953",copenhagen,SAUDI ARABIA,22 Mar 1992,19-09-2024,2025-08-25, Active ,469435.98
91,Collin Reynolds,Consultant,Hernandez Systems,clove@example.org,802-848-1934,"5061 Darlene River Apt. 901
Sarahville, LA 90400", Rome , Sweden,1970-05-23,2024-11-08,2025-05-08, Active,350793.95
92,Danielle Schmidt,COO,Miller PLC,qjames@example.org,428.332.6842x4508,"814 Kaitlin Stream Suite 368
East Jack, RI 33628",sydney, Netherlands,"Feb 23, 1965",2024-10-08,2024-12-09, Active,645674.96
93,Randy Tran,HR Manager,White Consulting,yorksarah@example.net,481.541.4139x755,"57759 Steele Drives
Lindseychester, GA 01134",BERLIN, Netherlands ,1970-12-21,2025-12-10,2025-12-30,ACTIVE,200498.66
94,Richard White,Accountant,Floyd Group,xhill@example.org,+1-457-577-5478x12914,"108 Lisa Prairie
Hammondborough, PW 05305", London ,united kingdom,1982-08-27,2023-01-29,10/16/2023, Active,
95,Joseph Chavez,Data Scientist,Stephens Ltd.,jvaldez@example.com,(539)442-7881x6580,"2299 Jill Orchard
Billyfort, IN 08740", Mumbai ,Sweden ,1968-07-30,2025-10-02,2025-10-16,active,249078.73
96,Breanna Oliver,CEO,Young Ltd.,aprilmoody@example.com,870.805.1844x9892,"463 Gomez Ways
Tommyfort, FM 79696", Berlin, Canada,1955-12-13,2023-04-16,2023-12-31,Active ,117658.25
97,Christine Tyler,Marketing Specialist,Macias Inc.,emartin@example.net,+1-943-922-2591x3651,"603 David Ramp
East Crystal, AZ 75509",Stockholm,canada,27 Oct 1962,2023-11-07,04/08/2024, Suspended ,403238.79
98,Veronica Davenport,Research Scientist,Jackson Solutions,zacharysullivan@example.net,+1-404-413-7977x2369,"57991 Nicholas Curve Apt. 038
Serranoville, HI 62874", Dubai, United Arab Emirates,"Oct 21, 1999",2024-04-07,2025-09-25,Active ,393461.57
99,Amy Wright,Software Engineer,Greene Group,davisdonna@example.net,+1-506-986-5086,"9916 Jonathan Trafficway Apt. 149
Scotttown, VT 97972",Amsterdam, Netherlands,23 Apr 1994,05/04/2023,2025-01-18,ACTIVE,328923.15
100,Brandon Adams,Business Analyst,Lane PLC,meyernicholas@example.org,001-756-651-2694x486,"Unit 6368 Box 8725
DPO AP 73234",sydney,United States,1979-05-01,2023-12-22,2025-07-10,Active,278114.73
101,Sheila Burns,Financial Analyst,Hinton Technologies,kim62@example.net,237-421-3865,"27961 Jose Land
New Benjaminfurt, MO 80974",Stockholm , Sweden ,1987-10-12,2024-08-19,2024-09-05,inactive,121691.02
102,Brooke Jackson,IT Specialist,Mitchell PLC,bautistalori@example.net,470.238.4309x8839,"14656 Willis Path
Lake Janeland, OH 37790",Berlin ,South Africa,"Mar 17, 1991",2024-06-25,"Jan 14, 2025",ACTIVE,244152.49
103,Robin Hall,Data Analyst,Hansen Group,michael43@example.net,376.390.4268,"84894 Church Port Suite 357
Mosleytown, NJ 15740",SYDNEY,SWEDEN,1968-04-04,2023-10-19,2024-01-01, Active,257841.37
104,James Romero,Consultant,Reyes Group,ericahall@example.com,(958)780-4341x65182,"37333 Clark Flats Apt. 952
North Samanthafort, RI 01369",Stockholm ,ireland,1993-01-27,2025-06-18,2025-07-20,SUSPENDED,186914.38
105,Charles Gay,Sales Representative,Weaver Technologies,charlesnathan@example.com,894.972.8463x9208,"USS Shaw
FPO AA 90460",london,SINGAPORE,1993-08-24,2025-06-15,2025-07-06,Inactive,292757.53
106,Michelle Washington,Marketing Specialist,Bryant Inc.,wolfesteve@example.net,6034691559,"7955 Victor Fords
Haynesstad, MN 53007",mumbai,united states,"Apr 29, 1969",2023-07-07,2024-02-27,Suspended ,434884.43
107,Mark Hopkins,Marketing Manager,White Group,tiffanyparks@example.org,001-943-486-6322x7026,"Unit 8857 Box 4489
DPO AE 52720",Riyadh ,egypt,1960-06-22,2023-03-24,2025-05-14,Inactive ,1227303.61
108,Caleb Terry,CEO,Martin Ltd.,lisawoods@example.net,775-245-5884,"939 Tiffany Haven Suite 587
Prestonfurt, RI 38056",TORONTO,saudi arabia,08 May 1978,2025-06-11,2025-11-21,Active ,370350.25
109,Selena Duran,IT Specialist,Frye LLC,daniellemcfarland@example.com,+1-899-661-1253x5544,"987 Jackson Walk Apt. 234
East Garrettville, CT 08862",Riyadh,SWEDEN,2001-07-12,2023-11-26,2024-10-29,Inactive ,392497.43
110,Jason Fields,Business Analyst,Kennedy Systems,johnsonrandy@example.org,649-921-6433,"200 Dalton Islands
Mcdonaldside, KY 72399",Oslo,Italy ,1977-06-03,2023-03-17,2024-06-25,Active ,311105.65
111,Richard Cruz,COO,Montes Solutions,brittanybryant@example.net,+1-796-888-4578x3174,"08254 Nichols Spurs Suite 740
Yatesbury, WY 01447", Dubai , Singapore ,1982-06-27,2025-11-19,2025-11-20, Active,85550.33
112,Jade Hayes,Data Analyst,Lopez Consulting, KFOSTER@EXAMPLE.NET ,001-666-834-1638x9448,"24179 Nelson Road
Lopeztown, FL 07006",Amsterdam,Italy,2003-02-21,2025-10-17,12/13/2025,ACTIVE,321721.1
113,Robert Andrews,Data Scientist,Johnson Technologies,campbelldavid@example.com,001-903-212-0735x6475,"46187 James Ville
Lisatown, DE 94175", São Paulo, Spain ,1967-10-28,2025-09-19,2025-10-05,INACTIVE,341861.56
114,Jeffrey Moran,Financial Analyst,Wise Inc.,cwright@example.org,318.637.6452x088,"50313 Nguyen Expressway Suite 916
North Tanya, OR 91039",Berlin ,united arab emirates,1978-11-30,2025-04-15,, Suspended,1838148.69
115,Joseph Alexander,CTO,Carlson Ltd.,kelli32@example.com,495-900-5281,"3065 John Canyon Suite 784
Lopezburgh, ND 46070",Rome ,SINGAPORE,"Jun 27, 1971",2025-10-17,2025-11-24,INACTIVE,286458.03
116,Brandy Herrera,Sales Manager,Mcdonald Technologies, CASEYMOORE@EXAMPLE.COM ,,"87829 Morris Row Suite 118
North Maryberg, HI 04600",São Paulo, Egypt,1965-07-11,2023-10-24,2024-11-20,inactive,404773.58
117,Joseph Drake,Operations Manager,Washington LLC,johnsondarlene@example.com,+1-378-999-4053x91037,"8650 Rice Street
Port Kevinborough, NC 13230",Cairo , Italy,1960-08-01,2024-07-19,2025-09-17,inactive,319880.18
118,Rodney Sparks,Consultant,Hall Group,hlopez@example.net,992.888.6195,"86852 Mahoney Island
Meganchester, WV 83501", Cape Town ,Saudi Arabia ,1976-09-21,2025-09-29,2025-10-19,Active,144628.75
119,Cynthia Fowler,Operations Manager,Swanson Systems,annalewis@example.net,001-645-277-6004x9082,"50488 Clinton Mount
Ericview, MN 76805",amsterdam, Spain ,1967-11-13,2025-02-11,2025-10-03, Active ,729398.84
120,Eric Rivas,CEO,Scott Solutions,christopher69@example.org,001-315-272-7919x4096,"PSC 5566, Box 1390
APO AP 83363", Dublin ,Ireland,1974-05-14,2023-03-31,2024-02-20, Suspended ,554794.54
121,Gene Hopkins,Project Manager,Torres Ltd.,floresannette@example.com,432.406.7998x13646,"086 Miller Parkway Suite 227
South Randall, OK 26204",CAIRO, India ,14/02/1983,2025-10-11,,active,570188.54
122,Jason Taylor,Consultant,Shea Technologies,johnadams@example.com,491-716-6553x55904,"270 James Landing Apt. 110
New Sara, VI 38208",NEW YORK,France ,1956-04-18,24/07/2023,2025-01-13, Active,173412.56
123,Michele Wood,Accountant,Benson Ltd.,torresthomas@example.com,483.238.8487,"2043 Brown Shoal
North Paulview, TN 87021",Oslo,brazil,11-04-1973,2023-06-03,2024-09-26,Inactive ,874979.75
124,Kristin Oconnell,Operations Manager,Rodriguez Holdings,michelle63@example.com,515.679.8123x87800,"205 Kelly Hollow Apt. 840
Natashatown, OH 37226",riyadh, South Africa ,1966-09-05,2025-12-28,2025-12-30,ACTIVE,122848.14
125,Andrea King,IT Specialist,Peterson Group,fsandoval@example.net,(489)536-3926x4957,"48262 Lonnie Point
East Lonnieberg, VA 04365",Berlin,germany,02/17/1993,2024-04-10,12 Jul 2024,Active ,494251.59
126,Gregory Woods,Data Analyst,Beard Inc.,tali@example.com,001-542-531-2209x9499,"1728 Joseph Landing
Port Paul, NJ 18525", Stockholm ,DENMARK,1963-08-26,2023-04-05,2024-03-03,Active ,N/A
127,Diana Gill,Marketing Manager,Perez Systems,aduran@example.com,(233)831-2797x57366,"998 Abigail Mission Suite 038
Terrellton, OH 51278",sydney, Australia ,1980-11-30,2025-04-23,2025-09-15,ACTIVE,163836.55
128,Cheyenne Weber,Marketing Specialist,Mccoy Consulting,leescott@example.com,001-347-426-4908x27718,"6570 Shawn Station
South Christopher, MD 91165",Paris,Spain,1987-05-29,2024-05-08,2025-09-30,Active,220486.47
129,Kyle Walters,HR Manager,Dawson Group,jennifermartinez@example.org,001-275-418-6892x686,"PSC 9222, Box 2064
APO AA 96204", Cape Town, Australia,1993-04-15,2023-01-20,2025-08-30,ACTIVE,"$351,426.53"
130,Karen Singh,IT Specialist,Griffin Consulting,davidanderson@example.org,9945077780,"6719 John Plaza Suite 983
East Eddiestad, AZ 19555",Rome, United Arab Emirates ,1997-06-18,2024-09-04,29-07-2025,INACTIVE,230398.81
131,Jennifer Guerrero,Research Scientist,Estrada Technologies,mark10@example.org,(622)749-9982x79501,"68147 David Wall Suite 586
Lake Jason, AR 14827",Mumbai ,Denmark,1983-08-16,2023-08-07,2024-04-06,active,$110695
132,Daniel Williams,Data Scientist,Krause Inc.,webbhaley@example.net,969-954-8995x2997,"430 Andrew Road
Lake Melaniechester, MT 06463",Mumbai,UNITED KINGDOM,25 Dec 1971,21 Mar 2025,2025-08-09,Suspended,343861.45
133,Kevin Travis,Product Manager,Castro Group,alexharris@example.com,214-448-8501x556,"770 Timothy Road Suite 857
Reillyton, MP 68799", Madrid,Netherlands ,1970-04-17,2024-04-16,"Dec 29, 2025",ACTIVE,155809.19
134,Joshua Moore,Data Analyst,Hardy Ltd.,angela03@example.net,+1-455-312-4056x82996,"504 Miller Wells Apt. 574
New Kevin, DE 49550",Stockholm ,United Arab Emirates,1994-02-01,2023-07-18,2025-04-21,ACTIVE,456577.94
135,Michelle Pitts,Operations Manager,Strickland Ltd.,wallaceangel@example.com,923.857.8452x18230,"40915 Small Cove
Andrewport, SC 28005",Singapore,AUSTRALIA,1971-05-08,2023-07-04,2024-05-02, Active,172198.48
136,Thomas Gay,Marketing Manager,Lee Holdings,amanda71@example.com,(524)710-9881,"49321 Austin Junction Suite 020
Bergerton, CT 50780",rome,Saudi Arabia ,1958-04-05,23/12/2025,12/28/2025, Suspended,969905.66
137,Debra Smith,Business Analyst,Simmons Holdings,janetvance@example.net,001-379-954-5381x792,"773 Douglas Ridges Suite 562
Kristinamouth, NH 64399", Paris ,Spain ,1957-02-08,2023-08-24,12/16/2024,inactive,"USD 189,420.12"
138,Amanda Villarreal,Research Scientist,Alvarez Solutions,timothy24@example.com,+1-992-881-6158x148,"382 Reyes Junctions
Port Heather, NE 57563",New York, Italy ,1983-06-02,2025-01-19,2025-03-07,active,261596.09
139,Brooke Hall,Software Engineer,Peterson Group,gilbertcaldwell@example.net,001-697-819-9758x172,"965 Newman Circle
East Lisashire, MH 99458",Madrid ,Saudi Arabia ,1986-10-18,2025-02-19,,ACTIVE,579234.13
140,Thomas Taylor,Financial Analyst,Smith Systems,donnachavez@example.com,(299)873-3549x4651,"58008 Rodriguez Haven Apt. 369
Garrettfurt, MO 50513",Toronto ,United Arab Emirates,1976-12-13,2024-11-02,2025-09-11,SUSPENDED,"USD 138,468.06"
141,David Fox,Data Analyst,Clark Solutions,thomaslopez@example.com,(462)342-2010x276,"9692 Hicks Plaza Suite 653
South Cassandra, OK 65795",London,Sweden,1997-02-13,"Aug 27, 2023",2024-01-18,Suspended ,384316.59
142,Noah Jones,Consultant,Young PLC,robert89@example.com,4096751971,"913 Mccoy Shore
Lake Cynthiashire, ME 80853",Copenhagen, South Africa,1958-03-18,2023-10-05,2024-11-06,Active,818312.79
143,Jennifer Jackson,Software Engineer,Cooper Ltd.,harrisonwilliam@example.com,001-656-654-4209,"290 Lamb Road Apt. 471
New Chase, WY 36919", Riyadh ,Brazil ,1967-12-23,2025-04-29,2025-10-14,active,106378.82
144,Julie Martinez,Consultant,Gilbert Inc.,michaela01@example.net,(492)275-2437,"92766 Donna Stream
East Becky, MP 45730", Dubai,Spain ,15-04-1958,2025-01-28,2025-05-20, Inactive ,372966.43
145,Mitchell Johnson,Research Scientist,,williamssteven@example.com,978-836-6742x8604,"85694 Nelson Unions
West Destinyfurt, NH 89012",Rome ,netherlands,1992-05-01,2025-01-04,2025-02-05,SUSPENDED,393138.78
146,Stephanie Ryan,Sales Manager,Navarro Technologies,aprilbyrd@example.org,680-501-0618x17534,"93911 Melissa Curve
Douglasshire, AS 24718", São Paulo ,united states,1999-07-13,07 Jul 2023,2025-05-16,active,566524.73
147,Selena Herrera,COO,Dominguez Ltd.,kenneth17@example.com,001-465-942-1406x65044,"627 Douglas Trafficway
Robinsonville, PW 58379", Amsterdam,INDIA,1990-09-06,2024-02-25,2024-05-06,Active,137879.38
148,Cheyenne Nelson,Data Scientist,Garcia Holdings,jonesjessica@example.com,8722006425,"6618 Aaron Spurs Suite 198
Mathewport, MO 07735",ROME, France ,1986-08-10,"Oct 30, 2023",,suspended,$130051
149,Daniel Washington,Data Scientist,Benjamin Ltd.,diazmelissa@example.com,674-832-8063,"PSC 5717, Box 3203
APO AE 94838", Paris ,united states,2004-06-13,2023-08-14,2025-06-21,Active ,472295.01
150,Rachel Martinez,Marketing Manager,Allen Consulting,,978-470-0505x0613,"02707 John Run
North Gerald, AR 40784",Rome , United Kingdom ,1995-11-04,2024-10-25,2024-11-03,Active ,403482.85
151,Wendy Dudley,Consultant,Davis LLC,marybrown@example.org,879-793-1365,"3092 Brown Harbor
Port Robert, UT 48988", Copenhagen, Egypt ,1982-09-28,2023-05-11,2024-09-10,active,390563.17
152,Jacob Gutierrez,CTO,Gonzales PLC,andersonkylie@example.net,+1-862-907-1002x194,"48763 Cheryl Camp
Lake Vincent, CO 82708", Stockholm,united arab emirates,1996-02-15,2023-03-30,13/04/2025,Active,
153,Amy Caldwell,Software Engineer,Turner Technologies,psmith@example.org,581-695-8837,"77220 Deanna Haven
South John, RI 99907", Riyadh ,united arab emirates,1977-10-30,2025-04-02,2025-11-07,Active ,203614.28
154,Brandon Duran,Project Manager,Garcia Consulting,buckleygregory@example.org,381.713.7995x6353,"636 Charles Prairie
Brownchester, FL 28834",rome, Brazil ,2001-02-03,2023-10-31,2024-01-07,Active,385608.39
155,Jennifer Williams,CTO,Gibson Holdings,dbrooks@example.net,654.435.2090,"6253 Munoz Turnpike Apt. 983
South Melodyfort, VI 28870", Stockholm , United Arab Emirates ,1984-08-12,2025-02-19,2025-12-22,Active ,402379.41
156,Tanya Vaughn,Consultant,Hood LLC,alexis63@example.org,869-839-2906x00780,"7318 Heather Lodge
East Michael, IA 85388", Madrid, Singapore,2004-07-29,2024-03-16,2025-05-31,Active ,198780.01
157,Brooke Martin,IT Specialist,Smith Solutions,evan79@example.net,001-207-372-6257,"046 Wolfe Ridge Apt. 195
New Sierrastad, FM 07259",Oslo ,italy,01/23/1961,2023-07-14,2024-05-30,active,1209892.61
158,Joseph Johnson,Business Analyst,Diaz Technologies,diazgregory@example.net,,"640 Nathan Mission Suite 881
Mckinneyside, MH 38808",TORONTO,Singapore,1977-10-09,2023-05-18,2023-08-20,Active,456654.81
159,Lee Warner,COO,Richardson Ltd.,lopeznicole@example.org,462-941-1241,"046 Thomas Manor
Rojastown, LA 25281",CAPE TOWN,Norway ,"Sep 16, 1958",2023-05-03,2024-12-24, Inactive,142356.19
160,Joseph Moore,Sales Representative,Wiggins Solutions,marystone@example.com,(495)657-9887x74924,"0254 Huber River Apt. 842
Port Jean, MH 87841", Stockholm ,DENMARK,"Jul 22, 1994",2023-04-16,2024-02-05,Active,518962.82
161,Sarah Davis,Software Engineer,Martin Ltd.,williamsleslie@example.org,445.623.8055x257,"7275 Adam Streets
Deborahport, NJ 38489", Copenhagen,South Africa ,2003-02-20,2025-09-14,"Oct 13, 2025",ACTIVE,"USD 165,664.98"
162,Raven Terry,COO,Webster Consulting,laurenchandler@example.com,317-702-8140x69375,"834 Andrew Plain
Rhodesland, NY 52198", São Paulo,BRAZIL,1965-02-25,2024-04-08,22/06/2025,inactive,568615.21
163,Rebecca Gray,Marketing Manager,Stewart Consulting,kerrmichael@example.org,001-365-565-0455x478,"674 Linda Manors Suite 299
East Jaredfort, VI 69353",rome,Sweden,"Dec 21, 2003",2024-07-01,2024-07-31,SUSPENDED,737496.71
164,Stuart Elliott,Research Scientist,Jones Ltd.,adavis@example.net,962-287-9232x648,"478 Walker Turnpike Apt. 244
Martinezport, MT 24011", Toronto, France ,1979-09-23,2023-10-21,23/05/2025,Inactive ,184521.7
165,Frederick Decker,Research Scientist,Watts LLC,anthonyhubbard@example.com,395-797-9647,"2902 Murray Square
West Frank, KY 47839",Singapore ,united arab emirates,07 Mar 1976,12/22/2025,26/12/2025, Active,643297.96
166,Shane Hernandez,Data Analyst,Barr Holdings,brandon48@example.net,783-621-9285,"89520 April Landing Suite 652
East Ericbury, MP 25197",PARIS, Australia ,1994-08-02,2023-06-23,14-12-2025, Inactive ,"$437,550.17"
167,Matthew Villarreal,IT Specialist,Hansen LLC,butlersabrina@example.org,(707)454-5279,"132 Hailey Inlet
East David, CO 56181",riyadh,Brazil,1989-06-23,2024-07-11,2025-10-08, Active,582708.37
168,David Holt,IT Specialist,Bowers Systems,smithtodd@example.com,6312089071,"19393 Ellen Burgs
East Meghanview, OR 46092",berlin,sweden,1972-11-18,2023-08-22,2024-08-10,Inactive ,1236450.2
169,Brandi Edwards,Financial Analyst,Wyatt Systems,williamjones@example.net,001-408-933-4280x13875,"56638 Rick Trace
Davidville, NC 18315",DUBLIN,Brazil ,1979-12-03,2024-09-23,2024-10-17,active,276019.92
170,Joseph Short,Accountant,Ward PLC,angela01@example.com,516.347.9473x8646,"PSC 7520, Box 7167
APO AP 86818", Stockholm ,NORWAY,1988-10-10,2023-10-09,2025-11-30, Active,193374.63
171,Yolanda Smith,Research Scientist,Wilson Solutions, LMORALES@EXAMPLE.ORG ,001-621-653-5396x1367,"7967 Hernandez Motorway Apt. 147
Hallberg, AK 13556", Cape Town ,Spain,1991-10-12,2023-12-26,07/05/2024,ACTIVE,175841.78
172,Diana Santos,Data Analyst,Greer Holdings,lgregory@example.com,+1-652-949-9118x773,"588 Stephanie Bypass Suite 167
Melissamouth, NH 05217",singapore,united states,1957-03-27,2023-05-28,2024-07-08,Active,185152.08
173,Barbara Olson,Research Scientist,Hawkins Holdings,nicole27@example.com,(946)971-9788,"064 Garza Lane
Katieport, MD 08551", Singapore,sweden,1957-01-01,2025-05-29,2025-10-23, Active ,310527.83
174,Jeffery Lynn,Consultant,Williams Holdings,michael90@example.net,361-365-5650x33349,"2085 Steven Way
Bradleychester, KY 03175",COPENHAGEN,canada,1989-09-23,2023-12-18,2025-09-11, Active ,"416,152.22"
175,Deborah Herrera,Business Analyst,Chapman Solutions,nicholas65@example.net,671-735-7852,"Unit 3718 Box 3440
DPO AA 75673",dublin,Sweden ,1975-04-29,2025-03-31,2025-12-25,Inactive,397791.61
176,Guy Ramos,Software Engineer,Perez Ltd.,robbinsbelinda@example.net,741-598-7635x14846,"878 Nicole Road Apt. 973
Adamsside, AS 81034",CAIRO,Egypt ,1997-05-30,2023-06-06,2024-11-10, Active,$584802
177,Bethany Clark,Software Engineer,Meadows Holdings,boydmichael@example.org,624.666.5136,"936 Daniel Fields Apt. 347
Castrochester, NE 85294", Paris , Italy,2000-01-02,2023-10-30,2024-06-28, Active,330744.46
178,Laura Graham,CEO,Harris LLC,derek44@example.net,+1-620-370-0159,"PSC 6516, Box 2319
APO AP 66069",Dubai, India,2001-05-04,2023-12-29,, Inactive,906615.63
179,Susan Higgins,Operations Manager,Boyd Consulting,tyler13@example.net,,"6490 Ferguson Squares Apt. 586
Vegaview, FM 19494", Paris,United Arab Emirates,1973-05-30,2024-10-23,,ACTIVE,272321.93
180,Wesley Hoover,Product Manager,Baldwin Group, ANDREW90@EXAMPLE.NET ,+1-803-648-6451x83760,"3275 Mccormick Harbor
Port Kimberlyfort, NJ 97093",CAIRO,Canada ,1975-11-11,2024-07-16,2024-09-12,Active,"2,200,331.12 USD"
181,Jacob Ryan,Business Analyst,Randall Inc.,gmcdowell@example.org,001-448-915-6985x700,"63459 Daniel Gateway
Port Brooke, MT 42365",toronto,Brazil,1977-09-30,"Jan 25, 2025",2025-06-21,active,507863.07
182,Andrea Vasquez,Marketing Specialist,Russo Consulting,jorgemcdaniel@example.com,531-365-2669x3008,"Unit 3420 Box 6969
DPO AA 20063",Amsterdam,NORWAY,1959-12-28,2023-03-26,2024-06-29,ACTIVE,179870.01
183,Charles Webb,Operations Manager,Richardson Inc.,smithalicia@example.com,+1-571-633-3447x62639,"2620 Cherry Freeway
Solomonstad, OR 90189", Toronto, Egypt ,1987-05-05,07/11/2025,"Aug 07, 2025", Active ,154875.25
184,Linda Lopez,CTO,Miller Technologies,uanderson@example.net,(936)769-4118x0053,"Unit 9004 Box 8964
DPO AA 88484", São Paulo,Australia,10/19/1973,2025-06-18,"Oct 31, 2025", Active ,459424.86
185,Caleb Oneill,Sales Representative,Donaldson Solutions,carpenterjorge@example.net,457.921.5862x4150,"564 Austin Trace Suite 856
West Jillian, NM 20327", London ,norway,1982-11-08,2025-04-17,2025-10-08,Active,280288.88
186,Cynthia Davenport,Sales Representative,Livingston Solutions,jbrown@example.org,920.274.2761,"7121 Davis Ways Suite 228
Annashire, IL 76987",Paris , Norway,2004-07-12,2024-08-04,2025-04-20,ACTIVE,$540257
187,Kevin Gross,Research Scientist,Smith Holdings,robertjones@example.com,+1-915-904-1659x15201,"050 Nguyen Street Apt. 304
Laurenland, OH 79444",paris,Brazil,1974-04-25,27-09-2024,2025-08-29,Inactive,456464.56
188,Keith Brown,Project Manager,Ross Systems, JOHNWISE@EXAMPLE.COM ,603-926-6421,"925 Marilyn Passage Apt. 776
Adamschester, CO 99655", Cairo, Canada,1976-04-30,2025-02-10,2025-07-29, Active ,311458.0
189,Angela Avila,HR Manager,Richardson Holdings,ryansimmons@example.org,657.432.7881x47617,"Unit 4386 Box 4908
DPO AE 06411",sydney,Netherlands,1980-10-13,2023-02-07,2025-02-19,active,181179.66
190,Kevin Gibson,Project Manager,Dixon PLC,qdavis@example.net,001-945-449-1801,"16459 Todd Mission Suite 523
North Julie, PA 34490", Toronto , Sweden,1998-05-03,08/04/2024,2024-08-27, Inactive ,113505.54
191,Jason Cox,Operations Manager,Rodriguez Systems,smithdarryl@example.org,+1-477-469-7499x5641,"30372 Ryan Road
North Kevin, NH 19921",SÃO PAULO,france,1978-11-07,2025-12-14,12/16/2025,Active,239770.99
192,Joseph Miller,Consultant,Johnson Ltd.,rachelrodgers@example.com,370.879.3349x6050,"Unit 7998 Box 4076
DPO AA 67787",london,Singapore,02 Aug 1984,2023-12-06,14-12-2025,ACTIVE,596884.65
193,Aaron Martinez,Financial Analyst,Carr Technologies,dhall@example.net,3699581467,"6024 Taylor Mill Apt. 839
Sandramouth, DC 38956", Cape Town,Spain ,1991-01-20,2024-08-06,2025-11-09,active,380737.57
194,James Phillips,Marketing Specialist,Myers Technologies,rwhitaker@example.net,001-957-329-3417x2232,"3380 Michael Green Suite 228
Port Brycechester, DE 81446", Dubai,United Arab Emirates ,1966-09-25,2024-02-02,2025-02-13,Inactive ,
195,Diana Weber,Marketing Manager,Hoffman Systems,vscott@example.com,001-308-242-8910x77119,"135 Jessica Station
Gillfort, VA 13515", Amsterdam,brazil,1963-03-09,12/16/2025,23 Dec 2025,ACTIVE,369988.29
196,Natasha Herring,Software Engineer,,davidharris@example.com,001-403-875-4821x45653,"6678 Acevedo Mills
Port Alejandro, AS 68310", Cairo,Germany ,11/12/2001,2025-01-30,10-11-2025,ACTIVE,"USD 429,218.83"
197,Raven Rivas,Project Manager,Miller Group,richard26@example.org,(202)690-8466x8455,"PSC 9267, Box 3899
APO AP 58453", Singapore , Canada,1989-10-20,2025-07-09,18-11-2025, Suspended,176539.48
198,Guy Byrd,IT Specialist,Barron Technologies,trowe@example.org,3856628843,"08943 Barber Parkways
Lake Brianstad, KS 82681", London,IRELAND,1980-06-29,2024-12-16,2024-12-30, Active ,364983.55
199,Kathryn Peck,Data Scientist,Martinez LLC,westashley@example.org,453.899.8935x449,"58935 Garcia Station
Pooleland, CO 08652", Oslo,Germany ,1976-06-11,2025-02-06,"Jun 01, 2025", Inactive ,341378.16
200,Kristin Dalton,HR Manager,Anderson Ltd.,seanwood@example.net,,"88137 Johnson Estate Suite 196
North Mikeport, AZ 69022", Riyadh,France,1963-02-19,2023-10-09,2023-11-18,Inactive ,$147255
201,Robert Avila,Data Scientist,Watson Consulting,kevin70@example.org,(296)304-4327,"67949 Mccullough Tunnel
Alvarezberg, WV 18657", Rome,Netherlands ,1980-05-11,2023-01-11,2023-06-23, Inactive ,421026.54
202,Jennifer Clay,Software Engineer,Murray Consulting, JCONTRERAS@EXAMPLE.NET ,419-296-6365x80741,"181 Stephanie Plains Apt. 983
Shawtown, DE 86779",STOCKHOLM, Spain,2001-07-01,16/12/2025,,Active,485312.93
203,Susan Lee,Software Engineer,White Solutions,hilljamie@example.net,001-971-289-5690,"0856 Davis Courts
West Douglas, KS 12248",RIYADH,Brazil,1963-03-08,2025-07-25,08/11/2025, Active ,699510.35
204,Nicole Harris,HR Manager,Farley Consulting,brianwoodward@example.org,6048615265,"USS Williams
FPO AE 99084",SINGAPORE, United States ,1984-11-17,2024-05-10,2024-10-05, Active ,685333.89
205,Alyssa Suarez,Business Analyst,Young Solutions,ravery@example.org,578-461-7063x04891,"1832 Fernandez Extension Apt. 868
Williamsmouth, MP 81861", Cairo , Denmark,10/18/1969,2024-01-19,11/30/2025,ACTIVE,124945.32
206,Alan Murray,Data Scientist,Stanton Systems,brownsandra@example.com,+1-346-653-9840x289,"84639 Henson Junctions
Tiffanymouth, KY 32735", Dublin, Saudi Arabia ,01/29/1988,2025-11-05,2025-12-11,Active,169994.69
207,Yvette Gibson,Business Analyst,Morris Group,stevegreene@example.org,001-320-397-0026x876,"156 Hughes Villages Apt. 175
South Albert, WA 03093",copenhagen,spain,1992-10-15,2023-02-03,2025-02-04, Inactive,470017.26
208,Theresa Barton,Data Analyst,Becker Consulting,james94@example.net,237.550.4793,"Unit 6149 Box 8728
DPO AE 86987", Copenhagen ,South Africa ,"Oct 30, 1991",2024-11-11,2025-01-19,Active,469606.4
209,Michelle Johnson,Marketing Manager,Chambers Technologies,cameronanderson@example.org,(649)938-4308,"056 Hill Springs Suite 758
Lake Jeffreyview, PW 55559",Paris , Canada ,1981-09-18,2025-09-07,2025-11-27, Inactive ,"$470,021.34"
210,Karen Richards,Data Analyst,Stewart Inc.,flee@example.net,3363133254,"95431 Allen Junctions Apt. 583
Port Carolmouth, WV 13040",amsterdam,United Kingdom ,"Apr 08, 1986",2024-08-23,2024-12-05,Active ,4861764.73
211,Jerry Harris,Data Analyst,Riley Solutions,villegassabrina@example.com,612-807-0496x11080,"99076 Pope River Apt. 507
Brianaville, CT 02111",amsterdam, Sweden,15/10/1984,2025-08-27,2025-09-29,ACTIVE,488758.29
212,Steven Pearson,Product Manager,Jones Holdings,rebeccamartinez@example.net,656-879-7232x002,"9822 Parker Junctions Suite 508
North John, GU 73829",singapore,Ireland,1997-09-14,13-07-2024,2024-11-18,inactive,725702.88
213,Courtney Moore,CEO,Henderson Solutions,tiffanydavidson@example.org,753-677-9599,"70730 Heather Mountain
East Timothy, WI 43953", Riyadh ,DENMARK,03/08/1995,2024-11-25,2025-03-01,Suspended ,"639,090.43 USD"
214,Jade White,IT Specialist,Bennett LLC,alopez@example.com,5157081247,"34234 Matthew Plaza
East James, HI 34814",são paulo, Australia,2000-03-31,2025-05-19,2025-06-09, Active ,517090.86
215,Michele Garcia,HR Manager,Smith LLC,nicholascobb@example.org,434-573-5528x96112,"559 Rowland Gardens Apt. 993
Kristinemouth, IA 07481",Stockholm ,United Arab Emirates ,06/21/1986,2024-11-02,2025-10-07, Active ,262842.83
216,Eric Sanchez,Data Analyst,Ramirez Technologies,,717.991.2868,"5877 Adams Locks
East Jeffreyborough, NV 31222",copenhagen,BRAZIL,1975-01-09,2024-12-20,2025-08-06,Suspended,557533.83
217,Thomas Shaw,Research Scientist,Torres Inc.,xduncan@example.com,+1-212-914-7853,"7766 Ballard Island Suite 602
Hallland, MI 11303", Copenhagen , Egypt,1970-01-21,2023-06-03,, Inactive ,190807.88
218,Joshua Christian,Consultant,Shaw Inc.,hartmansara@example.org,615-608-3535,"92840 Campbell Key Suite 690
Valdezberg, VI 52602", London , France ,1966-10-11,2023-10-20,2025-07-04, Active ,277680.65
219,Diana Sawyer,Marketing Specialist,Cummings Holdings,thomasblack@example.net,001-777-451-5366x37780,"0755 Robert Spur
Farmerside, ME 43240",London ,brazil,1984-05-21,2025-01-11,2025-07-27,Active,233338.51
220,Christopher Paul,Business Analyst,Bradley Holdings,weekseric@example.com,001-899-596-6361,"741 Damon Plaza Apt. 097
East Jamesfurt, LA 27487",MUMBAI,FRANCE,16/01/1967,2025-01-31,16/09/2025,active,347080.46
221,Gabriel Hart,Data Scientist,Keller Group,gibsonmiguel@example.org,(956)362-1286,"34672 Matthews Parkway
Hilltown, FL 58923", Sydney,Saudi Arabia ,1958-10-04,2024-05-26,20/09/2024,active,1656572.05
222,Heather Sanchez,Consultant,Ross LLC,aliciakent@example.com,879.501.4754x692,"6291 Hale Cape Apt. 248
Elizabethland, UT 95729",Amsterdam , Brazil,1991-01-09,06/20/2024,"Mar 14, 2025",Active ,88691.06
223,Caleb Cordova,Business Analyst,Robinson PLC,wjenkins@example.net,651-518-5672,"17656 Randy Branch Suite 125
Washingtonland, CO 72384", Dubai,Australia ,1987-10-27,09/09/2023,26-01-2024, Inactive,529867.44
224,Melissa Collins,Business Analyst,Reeves Holdings,rtaylor@example.org,(409)312-4186,"427 Thompson Station
Lake Amandamouth, UT 06760",CAPE TOWN,SOUTH AFRICA,1996-08-12,2024-12-12,2025-12-11,active,"105,989.88"
225,Zachary Mata,CTO,Cain Ltd.,myerskyle@example.org,+1-200-263-3533x106,"131 Jennifer Cape
Huntmouth, MD 74170", Madrid , Germany ,1986-05-04,2023-12-23,2024-12-28, Suspended ,235542.75
226,Gene Graham,Product Manager,Weber PLC,hmcmillan@example.org,815.552.0650,"495 Carlos Forge
Turnerfort, CT 93893",CAPE TOWN,INDIA,1981-11-24,2025-10-08,2025-10-12,active,702404.98
227,Karen Moran,HR Manager,Mooney Ltd.,johnathandavis@example.com,+1-862-552-5715x0997,"09143 Todd River
North Devinfort, LA 26979",dublin,SAUDI ARABIA,1963-01-21,2023-06-26,2023-09-02,ACTIVE,$342832
228,Amy Martinez,Operations Manager,Harris Consulting,youngjessica@example.com,001-552-545-0864x0355,"396 White Roads
North Mollyland, ID 07330", Toronto,United Arab Emirates ,1986-09-16,2023-06-01,2023-10-08, Active,154134.16
229,Martha Singh,IT Specialist,Thomas Ltd.,davidthompson@example.net,538.816.7423,"4973 Huffman Orchard
West Raymondburgh, NJ 58353",cairo,united kingdom,"May 03, 1976",08/01/2024,2024-05-20,inactive,198647.55
230,Jade Graham,Operations Manager,Lynch Group,ywolf@example.com,4666149828,"4689 Jones Dale Suite 323
North Michellestad, NM 53526", Madrid,DENMARK,2000-12-26,2023-12-04,, Suspended,527402.04
231,Jade Gibson,Sales Manager,Bentley Group,patrick49@example.org,(801)869-2364x58750,"0502 Jacobs Springs
West John, OR 87349",Cape Town,ITALY,10/11/1996,2023-06-11,2024-02-23,active,196564.0
232,Jeffrey Armstrong,Marketing Manager,Smith Systems,newmansabrina@example.com,001-891-683-6264x488,"95243 Hale Avenue
Port Travis, CT 09655",Mumbai , India ,1993-07-16,11-07-2023,07 Dec 2024, Active ,381368.36
233,Lisa Thornton,Data Analyst,Butler Consulting,upena@example.com,(325)922-3728,"30234 Alexander Road
Port Danaland, LA 11734", New York ,Canada ,1974-02-18,2024-11-22,2025-09-07, Active,338371.7
234,Leah Gonzalez,Marketing Specialist,Hill Consulting, ANTHONY37@EXAMPLE.COM ,,"655 Key Viaduct Apt. 566
West Morganville, AL 60390", Singapore,Brazil ,1998-04-13,06/26/2024,2025-01-28,ACTIVE,not available
235,Yolanda Gibbs,HR Manager,Morales Systems,anthonymartinez@example.net,735-279-7863x050,"Unit 5739 Box 7691
DPO AA 56588",RIYADH,SPAIN,2001-08-22,2024-08-16,2025-07-11,inactive,1469982.22
236,Tina Carroll,Data Analyst,David Group,shatfield@example.org,001-664-993-2898x0271,"78333 Karen Shoals Apt. 160
West Raven, WI 37248",Sydney , United Arab Emirates ,1966-06-04,2025-07-17,2025-08-05,active,510805.06
237,John Vaughn,Operations Manager,Scott Holdings,qlynn@example.org,+1-828-571-5399x15668,"1115 Julie Crescent
Davidmouth, MS 76118", Copenhagen, Ireland,09/26/1991,22/10/2023,, Active ,
238,Shane Harris,Financial Analyst,Collins Systems,melaniewhitney@example.com,001-652-589-9316x08752,"94209 Parker Spurs Apt. 497
South Kelly, MS 08209",Dubai,Germany,2003-09-14,"Aug 06, 2023",2024-06-28,Active,373442.01
239,Andrew Gross,Research Scientist,Cook LLC,melaniemichael@example.org,001-902-776-4208x656,"84438 Davis Islands Apt. 472
South Heather, LA 19483",são paulo,singapore,1965-11-26,2023-04-14,2024-02-06,Active ,206230.44
240,Stephanie Richards,Operations Manager,Brock Ltd.,jillsmith@example.net,001-912-466-2015,"USS Baird
FPO AP 44867",amsterdam, Australia,1984-09-13,01/11/2024,08/24/2025, Active ,595230.1
241,Eric Cook,Data Scientist,Booker Technologies,hsanchez@example.org,(374)392-6176x4750,"830 Hill Summit Apt. 926
Cookechester, ME 75398",TORONTO,Ireland,1961-10-05,2024-09-23,2025-06-05, Active ,188195.29
242,Matthew Wilson,Data Analyst,Nguyen PLC,richardhaynes@example.com,+1-588-371-8981,"87510 Bailey Shoal
North Anna, PR 99207",Stockholm ,SAUDI ARABIA,1957-05-04,2024-12-23,,active,302454.00
243,Ronald Bowen,Data Scientist,Whitney Technologies,michael82@example.com,+1-703-540-8487x29758,"03243 Carrie Forge
Joshuachester, CA 72570",berlin,Singapore ,1968-02-13,2024-08-08,2025-05-10,Active,466722.95
244,Todd Jackson,Data Analyst,James Holdings,ricardomiller@example.com,+1-462-783-1435x98926,"Unit 6609 Box 3141
DPO AP 14917", Dublin , United Kingdom,1989-02-20,2025-04-05,2025-10-10, Active,600806.76
245,Michelle Hayes,Research Scientist,Russell Systems, DANIELLE55@EXAMPLE.COM ,(334)401-6361,"718 Graves Way Suite 849
North Georgefurt, HI 45743", Cairo, United Arab Emirates,1995-02-15,2024-08-14,2024-09-21,Inactive,141462.86
246,Monique Fuller,Software Engineer,Byrd Consulting,iwoods@example.com,7825226940,"727 Lindsey Parkway Suite 468
West Cynthia, CO 40564",Dublin ,denmark,1975-07-18,2023-09-01,2024-01-11, Inactive,259328.05
247,Kristen Davenport,Sales Representative,,walterschase@example.org,829-401-4870,"0930 Park Summit
Johnhaven, TX 80349", Cairo,ireland,1957-09-13,2023-10-23,2024-05-14,Active ,235046.41
248,Eric Ryan,CEO,West Ltd.,emilymacias@example.net,921.852.8506,"3814 Webb Greens
North Joann, OK 52093",cairo,United Arab Emirates,1966-04-13,2024-11-13,2025-12-30,Active ,207454.96
249,Adrienne Harris,Operations Manager,Torres Ltd.,wallspatricia@example.com,2507975451,"5016 Gonzalez Pines
South David, NM 01406", Sydney, Ireland,1963-04-02,2024-11-02,2025-09-12,suspended,1127843.51
250,Lee Burgess,CTO,Douglas Group,thomasbrooks@example.com,(328)541-7722x56053,"6502 Stacy Shores
Davidfort, OH 65456",Cape Town, Saudi Arabia ,1994-10-26,2024-11-19,2025-08-06, Inactive ,435167.89
251,Zachary Steele,Software Engineer,Klein Inc.,karen68@example.net,001-762-811-0225x8030,"Unit 0674 Box 4716
DPO AE 81452", Singapore ,INDIA,02/05/1963,2025-01-24,13-07-2025,active,135588.69
252,Chris Sparks,Marketing Specialist,Dixon Inc.,juanwilson@example.com,001-536-337-1892x392,"3260 Christopher Center
Russellport, UT 83510",mumbai,Spain,2003-08-27,2025-08-29,02-10-2025,Inactive,623125.59
253,Charles Landry,Sales Representative,Walker Ltd.,gmendoza@example.com,+1-204-214-5456x3502,"47491 Lopez Overpass Suite 541
Lake Alexanderside, WI 17580", Dublin, France,1971-11-09,2025-12-09,2025-12-30, Inactive,"1,447,732.85 USD"
254,Aaron King,Data Scientist,Figueroa Consulting,,(534)539-6112x910,"89547 Amanda Drives
East Jamesside, VT 33600",Dubai ,NORWAY,25/04/1999,2023-08-14,, Active ,675173.98
255,Kristen Welch,Sales Representative,Malone PLC,patricia71@example.com,476-688-0294,"367 Gabriel Terrace
Hartfurt, MO 80090", Riyadh , United Kingdom ,1968-12-05,2025-04-20,2025-08-27,INACTIVE,113146.76
256,Jade Henry,CEO,White Systems,ashleyvargas@example.org,578.684.4344x81230,"2403 Amanda Alley
Cynthiastad, MD 11412",cairo, Ireland ,2002-01-01,2024-10-27,2025-10-02,Active ,233523.07
257,Christopher Walters,Product Manager,Henson Systems,jennifer69@example.com,500-953-4240x89164,"96273 Richardson Neck Apt. 727
Port Michelle, ID 75167",ROME,Brazil ,1979-08-30,2024-12-02,2025-09-08, Active,795588.84
258,Jeffrey Lopez,HR Manager,Blair Group,andrew22@example.com,+1-393-812-1637x61820,"02314 Sheena Rapid
Port Tammyville, ND 96987", Stockholm ,netherlands,1995-09-21,2024-09-03,2024-12-28, Inactive ,199711.95
259,Leslie Mcknight,Accountant,Farrell Technologies,harristimothy@example.net,224.257.2308x481,"86203 Jeremy Lights Apt. 543
Mcdanielville, NM 22725", Stockholm ,germany,2004-03-04,2024-12-15,2025-09-28,Active ,447160.83
260,Joseph French,HR Manager,Walker Solutions,michael95@example.org,(410)692-2685x926,"1475 Cochran Station Apt. 022
Dylanmouth, VA 63210",London ,Sweden,1995-07-18,2024-12-07,2025-02-20,suspended,563681.04
261,Janet Meza,Sales Manager,Wilson Technologies,,952-826-5576,"36687 Patel View Apt. 619
Rosebury, UT 11937",amsterdam,south africa,1967-02-24,2024-06-09,2025-10-13, Active ,171296.06
262,Christopher Francis,Sales Representative,Smith Group,coxthomas@example.org,805-552-4728,"21260 Watson Squares
Lake Bonniefort, MP 78348", Mumbai ,spain,1998-04-12,2023-10-09,2024-01-29,ACTIVE,314371.99
263,Andrew Bentley,Data Analyst,Johnson Systems,donald31@example.org,001-862-727-2847,"1200 Wesley Branch
Wallmouth, OH 93746", Berlin,SINGAPORE,1996-04-09,"Apr 07, 2024",2024-12-02, Active,33898.05
264,Brandy Burton,IT Specialist,Ellison Ltd.,jenna62@example.com,886-423-6903,"775 Wilcox Expressway
Port Nathanchester, ID 35879",Riyadh ,Saudi Arabia ,1960-12-08,2023-01-11,2023-12-01,Inactive ,159999.93
265,Robert Russell,Data Analyst,Miller Group,anthony42@example.net,213-590-4383,"700 Davis Inlet
West Karenfurt, NY 26044",toronto,INDIA,1971-01-13,2024-10-19,2025-03-15, Active ,274636.12
266,Lee Knight,Marketing Manager,Myers Inc.,terri15@example.com,001-481-982-0967x9042,"332 Victoria Parkway
Sethberg, MA 38622",london,IRELAND,1973-04-12,2023-12-25,2025-02-25,inactive,136837.83
267,Patrick Vasquez,HR Manager,Chase Group,twilliams@example.net,(333)999-1297x1024,"42149 Gomez Cliffs Apt. 747
Kathrynmouth, SD 18909", Mumbai,Brazil ,2001-09-05,2023-03-18,2023-03-28,ACTIVE,1027550.03
268,Ashley Henry,Project Manager,Bonilla Technologies,swilliams@example.com,(292)275-8955x16874,"802 Kelly Estate
Nashbury, MS 61092",CAIRO, United Arab Emirates,05/31/1988,"Dec 09, 2025",25/12/2025,active,$120439
269,James Riggs,Consultant,Bailey Holdings,dday@example.org,721-766-3651,"Unit 7371 Box 4708
DPO AE 62100", Rome,Australia,1962-10-03,2023-11-29,2025-12-17,ACTIVE,"USD 240,859.45"
270,Thomas Hill,Sales Representative,Lewis Group,huertakim@example.org,(467)330-3064x421,"7683 White Center
South Matthewport, GA 26532",dublin, Singapore ,1972-09-27,2024-01-31,29-07-2024, Active ,359158.26
271,Christopher Parker,CEO,Barnes LLC, YNICHOLS@EXAMPLE.ORG ,001-465-796-0893x199,"27275 Laura Spring Suite 480
Hardingberg, SC 59395", Oslo ,SPAIN,1986-12-07,2024-01-14,2024-06-06, Active,898867.85
272,Andrea King,HR Manager,Lane Technologies,robinsontiffany@example.com,,"177 Jenkins Knoll Suite 851
South Ross, HI 72951",mumbai,India ,1984-10-10,2024-06-30,2025-06-03, Active,119957.94
273,Monica Smith,Software Engineer,Daniels PLC,qmitchell@example.net,+1-364-991-1110x96179,"463 Kimberly Plaza
Wilsonfort, DE 46456", Dubai,sweden,2003-01-15,2023-05-08,22-03-2025, Active ,739858.79
274,Amanda Gutierrez,HR Manager,Sloan Group,podonnell@example.net,001-860-253-8444x4630,"8955 Susan Meadows
New Teresa, ID 81276",COPENHAGEN,Brazil ,"Mar 16, 1987",2023-08-29,2025-06-14, Active,330104.04
275,Jeffrey Reid,Sales Representative,Poole Technologies,oanderson@example.com,001-826-658-2631x2819,"3110 Smith Trail
North Christine, ND 10825",Copenhagen , Singapore ,1983-08-23,2023-11-10,2025-02-18,Inactive ,164875.17
276,Heather Hodge,Sales Representative,Johnson Systems,tonyawalters@example.com,(233)643-8364,"091 Stephen Ranch
North Donaldview, MH 24176",Toronto ,egypt,1960-03-03,2024-03-23,,ACTIVE,452920.74
277,Jessica Hayes,COO,,roberta36@example.org,606.217.1366x5722,"PSC 9901, Box 5579
APO AP 72129",Cairo ,NETHERLANDS,1955-11-14,2023-08-18,2023-10-21,Active ,376751.76
278,Robin Keith,Software Engineer,Boyd Holdings,sara39@example.org,+1-208-782-3513,"244 Gonzalez Course
Jeanport, NH 98175", Amsterdam ,india,1995-04-08,2025-12-01,2025-12-16, Active,215313.03
279,Chris Garrett,Project Manager,Graham Technologies,qnielsen@example.org,946.819.9423,"459 Catherine Meadow Apt. 955
South Garyton, NY 33670", Cairo ,singapore,1984-05-19,2023-04-24,,ACTIVE,344159.83
280,Cassandra Baird,Data Scientist,Carter Technologies,raymond12@example.com,(725)531-3552x51050,"81649 Alison Cove Suite 919
Flemingchester, MD 42459",Dublin, Italy,1965-05-02,2024-09-23,2025-09-29,Inactive,250266.21
281,Kevin Torres,IT Specialist,Williams Consulting,rjimenez@example.com,217-629-5963,"4260 Matthew Brook
South Codychester, VA 39953", Copenhagen ,canada,31 Jan 1969,2023-05-30,2023-07-16,active,354854.15
282,Lindsay Torres,HR Manager,Molina LLC,xmiller@example.com,290.264.7715x9103,"632 James Valleys Suite 800
Nicoleton, DE 06792",Singapore,australia,2002-01-13,2025-08-24,09/02/2025,Inactive,520992.78
283,Kevin Lawrence,Consultant,Jones Solutions,hailey64@example.net,(829)971-2529,"774 Barton Orchard
North Joseph, LA 93743",Dublin,Ireland ,1959-09-06,2025-02-05,2025-08-20,ACTIVE,"994,715.23 USD"
284,Anthony Harrison,Product Manager,Hansen Systems,donnamoss@example.org,001-311-770-3037x637,"7281 Jeffery Lakes Suite 798
Port Ricardo, CA 36917",Berlin, Australia ,1976-05-10,30 Sep 2023,2025-07-31, Suspended,137795.94
285,Sara Lynch,Data Scientist,Parks Ltd.,thomasnancy@example.net,930-772-4078,"6326 Romero Center
Nelsonville, AR 85517",Stockholm,united arab emirates,1974-05-15,2024-04-01,2024-04-05, Inactive,1458797.99
286,Joseph Reynolds,Financial Analyst,Reilly Systems,kellypowell@example.net,289-278-6103x131,"81439 Myers Courts
Lake Madison, UT 35663",Dubai,DENMARK,1979-11-21,15 Feb 2025,2025-06-13,ACTIVE,"$83,578.25"
287,Wendy Vasquez,Sales Representative,Jackson LLC,michaelroberts@example.net,401-728-9743x2512,"PSC 2076, Box 5024
APO AE 22878",New York,Spain ,1988-11-27,2023-03-07,07/13/2025,active,294710.98
288,Jason Burns,Data Analyst,Castaneda Inc.,tara90@example.com,471.400.9438,"5775 Alvarado Glen
Stephenstad, ME 93582",MADRID, United Kingdom,1971-12-24,2025-07-03,, Active ,494757.02
289,Eric Gay,CTO,,rrodriguez@example.net,001-502-363-2570x3965,"148 Archer Wells Apt. 455
Lawrenceview, ME 25479",Stockholm, Spain ,21-08-1957,26/04/2023,2023-09-17, Inactive,
290,Michael Hill,HR Manager,Meyer Holdings, MARY16@EXAMPLE.COM ,001-654-410-7272,"40703 Petersen Crossing Apt. 740
Belltown, AR 33456",PARIS,Egypt ,1962-05-16,2024-10-18,2025-02-17,Active,"USD 211,950.99"
291,Zachary Mccann,IT Specialist,Koch Inc.,stephaniereeves@example.org,001-836-391-4307x5366,"PSC 4942, Box 9659
APO AE 90065",CAPE TOWN, Saudi Arabia,1993-03-29,2023-12-25,2025-09-27,active,283314.94
292,Collin Taylor,IT Specialist,Wright Solutions,tspencer@example.com,449-978-2661,"5676 Murray Points Apt. 612
Kristinshire, NY 49405",singapore, France ,1961-11-10,2025-12-10,2025-12-21, Active,232094.37
293,Bryan Moore,Financial Analyst,Daniels Systems,brian62@example.com,+1-907-787-0104x15914,"980 Zachary Points
Taylorberg, ME 82845", Stockholm ,FRANCE,1970-11-10,2025-08-27,2025-09-27,INACTIVE,
294,Jasmine Hernandez,IT Specialist,Hays Systems,shaffercindy@example.org,510-329-1813,"0146 Mcgrath Viaduct Apt. 849
Villarrealville, NE 19669",cape town,egypt,1986-10-19,2025-04-25,2025-12-29, Active ,594051.6
295,Aaron Bray,Business Analyst,Lopez PLC,georgeharmon@example.net,677.844.1975,"6620 Bryant Port
Smithport, AZ 85056",dubai,DENMARK,1987-07-01,11/07/2024,2025-10-05,Active,420799.12
296,Amanda Lucas,Research Scientist,Sandoval PLC, WWILLIAMS@EXAMPLE.ORG ,374.402.5883x586,"957 Joshua Track Suite 617
Estesburgh, OK 93365",SÃO PAULO, Brazil,2001-01-25,2023-04-16,2024-01-16,ACTIVE,201786.06
297,Christine Haynes,Sales Manager,Rowe Consulting,david59@example.net,(999)761-0023x117,"26610 Wilson Vista
South Kathryntown, HI 42595",Oslo,SWEDEN,1960-11-24,2024-03-20,2025-07-24, Suspended ,615210.59
298,Christopher Davis,CEO,Cole PLC,,547.374.3326,"02056 Matthew Springs
Leeborough, OK 62594",MADRID,BRAZIL,1980-03-02,2023-08-29,10/02/2025, Inactive,406406.7
299,Gabriel Hoffman,HR Manager,Kelly PLC,lauriegonzales@example.net,(719)212-8411x7309,"6512 Jones Ports Apt. 898
Reginaldton, ND 91926",Dublin ,united arab emirates,04/29/1999,2024-10-20,22/11/2025, Active ,578968.58
300,Corey Soto,CEO,Aguilar Group,denise05@example.com,235-702-3850x371,"Unit 6991 Box 8724
DPO AP 05972",DUBAI,GERMANY,1960-09-21,2025-01-06,2025-09-26,inactive,509273.35
301,Sara Santiago,Operations Manager,Crawford Holdings,debrareynolds@example.com,900.203.8960,"266 Darrell Crest Suite 535
Hullbury, IN 12558",Singapore ,UNITED KINGDOM,06/20/1984,"Feb 21, 2024",2025-03-07, Active,183451.11
302,Guy Murray,COO,Perez Ltd.,ritteralexis@example.net,701.702.7240,"2967 Diane Club
Shawnaborough, NM 92940", Mumbai, India ,1991-08-26,2023-02-03,2024-07-22, Inactive,221432.54
303,Debra Graham,Research Scientist,Kelly PLC,scottturner@example.com,001-984-638-4588x10569,"348 David Stream
North Tiffany, UT 58209", Mumbai,SPAIN,1987-06-22,2024-11-06,2025-03-04,Active ,552995.71
304,Michele Chavez,CEO,Chavez Holdings,smithmary@example.com,896-941-0496x706,"2680 Johnson Track
Sharonmouth, MP 34911",DUBAI, Australia ,"Apr 30, 1995",2024-06-11,2025-10-25, Inactive,502453.91
305,Jessica Marshall,COO,Garza Ltd.,petersonmaria@example.com,(801)986-4876x99842,"04413 Morgan Locks
New Joshuaview, TN 33336", London ,EGYPT,18-12-1993,2025-09-27,2025-10-21, Active ,322987.49
306,Susan Adkins,Project Manager,,martinezashley@example.com,527-870-7070x578,"9851 White Trafficway
Jordanfort, DC 30309",madrid, Canada,06 Jul 1986,2023-01-14,08-05-2025,inactive,355801.82
307,Jill Torres,Data Analyst,Thomas Systems,halldiamond@example.org,+1-287-595-0830x44058,"718 Joel Islands
Mariachester, CA 84634",SÃO PAULO,BRAZIL,1976-07-10,2025-07-22,2025-10-26,Suspended,801600.33
308,Lisa Edwards,Data Scientist,Campbell Inc.,nguyenkristin@example.com,(557)749-0250x42901,"69026 Stephanie Fork Suite 818
New Thomashaven, NC 58306",NEW YORK, Egypt,26 Feb 1971,2023-01-14,2025-05-06,INACTIVE,216620.02
309,Dennis Salas,Marketing Manager,Lee Inc.,rhonda53@example.com,775.313.7651,"PSC 7937, Box 6392
APO AP 32606",Berlin,Germany ,1993-09-02,2025-10-25,2025-12-20,ACTIVE,480685.35
310,Alyssa Smith,Product Manager,Russell Consulting,catherineflynn@example.com,311-866-8297x32702,"120 Johnson Expressway Apt. 288
Strongstad, DC 53233",Rome , Ireland,10/10/1989,2025-12-14,23-12-2025,Active ,284493.35
311,Jeffrey Carroll,HR Manager,Allen Technologies,david59@example.net,+1-410-315-7676x472,"957 Flores Fall
Shirleyville, IN 39475",toronto, United Kingdom,1979-10-18,2024-05-13,2024-12-31,active,281425.53
312,Scott Bradshaw,Data Scientist,Williams Systems,ymitchell@example.com,001-422-303-6849x95154,"3244 Sandra Shores Suite 213
North Carmen, AZ 71257",sydney,Canada,1981-12-25,2025-09-01,09-09-2025, Active,707253.05
313,Amy Sawyer,Data Analyst,Lee Holdings,bwall@example.com,349.367.8274,"4124 Tanya Unions Apt. 315
New Matthew, NH 83158",madrid, Netherlands,1991-09-01,2023-07-15,2025-01-06,Suspended,584078.95
314,Tara Diaz,Data Analyst,Powers Consulting,mannleroy@example.org,(618)953-8003x29633,"742 Cynthia Corners
North Ryan, NM 73604", Toronto,Italy,"Jul 29, 1985",31-08-2025,2025-10-05,Inactive ,579231.06
315,Rodney Pena,Data Scientist,Mckinney Inc.,barnesjose@example.com,+1-793-957-8243x4776,"46753 Wilson Mountain
Donnastad, UT 52679",Amsterdam, India,1990-02-28,03-01-2024,2024-11-21,ACTIVE,817360.21
316,Robert Williams,Marketing Manager,Ayala Solutions,flarsen@example.net,(830)944-8360x85456,"47350 West Forges Apt. 831
Davidside, AK 95164",Mumbai ,SPAIN,1956-08-28,2023-06-07,2024-04-09,ACTIVE,332602.28
317,April Stephens,Project Manager,Gray Systems,rhonda81@example.net,5836583286,"6383 Barry Brooks Apt. 867
East Justintown, IN 83280",Toronto , Egypt ,1993-06-22,10/11/2024,2025-05-26, Inactive ,528272.26
318,Ryan Gonzalez,Business Analyst,Wright LLC,karen66@example.org,001-841-511-8600x8921,"6804 Stevens Courts Suite 976
Russellbury, MT 74031", Oslo,brazil,1969-04-10,2025-06-14,2025-08-13,INACTIVE,263764.85
319,Amy Burns,Accountant,Mitchell Solutions,patrickkaiser@example.net,(358)617-3906x3757,"82379 Christopher Lodge
Millsshire, WV 30966",dubai, Saudi Arabia,1958-07-06,30/10/2024,2024-11-15, Active,411233.5
320,Joseph Clay,Marketing Specialist,Snyder Solutions,vcollins@example.org,9599960438,"7788 Samantha Manors
South Davidtown, GA 68650",Dublin ,CANADA,1992-04-14,2025-06-03,2025-07-21, Inactive,299209.68
321,Debra Williams,Accountant,Martin PLC,hkane@example.org,(672)787-2866x04164,"224 Leah Station Suite 894
Fordmouth, WA 94889",Paris ,Ireland,2004-06-09,2023-05-31,"Aug 24, 2023", Inactive,350773.91
322,Angel Graham,Software Engineer,Reilly Solutions,alicecalderon@example.org,362-227-1043x31875,"58350 Joshua View
Silvaport, MN 82355", Toronto , United States ,1993-03-17,2024-10-10,2025-04-13, Suspended,497131.53
323,Melissa Smith,Business Analyst,Villa Group,chrishernandez@example.net,842.749.1289,"973 Aaron Fort Apt. 192
East Thomas, AL 42881", Sydney,singapore,1959-06-09,2023-07-29,2023-12-12, Active,184839.94
324,Tracy Wolf,Business Analyst,Booker Solutions,williamgonzales@example.net,754.381.3866x6754,"42687 Neal Glen
New Rachelstad, HI 03816", Copenhagen ,south africa,25/01/1998,2023-07-31,2023-08-27,ACTIVE,1417876.79
325,Kyle Phillips,HR Manager,Wyatt Holdings,jessica39@example.net,565.220.3758,"54809 Johnson Harbor Suite 604
Colleenshire, GU 04489",SINGAPORE, Ireland ,03 Dec 1997,2025-02-27,2025-03-06,Inactive,162070.68
326,Jennifer Richards,CTO,Pennington Systems,ehenry@example.net,+1-281-905-0922x2161,"1843 Marvin Spring
Rachaelburgh, MH 77420", Sydney , Ireland ,01/04/1991,2024-05-12,2025-12-19,ACTIVE,140093.87
327,Kathleen Short,Business Analyst,Diaz Group,shepardrichard@example.net,+1-801-438-2412x70493,"4851 Owens Villages
New Sarahland, DE 12371",sydney,SINGAPORE,1964-07-26,2025-10-06,2025-10-25, Active,"737,246.52"
328,Zachary Pierce,Financial Analyst,Miller LLC,brittany02@example.org,257.813.4324,"2956 Mary Groves
East Tiffany, KS 91931",Riyadh,BRAZIL,1977-03-01,2025-01-09,2025-05-18, Active ,570440.35
329,Joe Jefferson,Research Scientist,Davis Ltd.,beth58@example.com,+1-720-696-2893x6543,"3740 Zachary Roads
South Donald, OR 42836", Oslo ,BRAZIL,1973-11-13,2024-09-15,2024-09-19,active,507313.21
330,Vanessa Mills,Sales Representative,Gray Technologies,morrisdaniel@example.com,6264755125,"79799 Simon Mountains
West Jennifer, PA 44787",paris,Sweden,09/04/1979,2024-11-16,2025-06-25,ACTIVE,"$508,816.06"
331,Stephanie Bright,Marketing Manager,Morales PLC,arellanonatalie@example.net,466-649-6902,"225 Tara Inlet
Port Michael, MO 22172", Dublin,NORWAY,1978-03-12,08/09/2025,19/10/2025, Active ,324950.21
332,Gregory Pollard,Research Scientist,Hopkins Technologies,nicoleturner@example.org,(233)961-3285,"8637 Guerra Squares
Port Sabrina, MS 17344",Rome, Ireland,1971-03-23,2024-05-11,2025-04-10,Active,174891.65
333,Heather Arnold,COO,Mcconnell PLC,smejia@example.net,001-569-768-1579x0392,"961 Devin Field
East Kevinland, MA 50841",New York, United Arab Emirates,1987-09-04,2024-01-04,03-12-2025,SUSPENDED,345608.94
334,Ryan Sampson,IT Specialist,Simmons Group,larry70@example.com,(422)868-1715x16025,"6604 Green Roads
New Lindsaymouth, NY 49367",riyadh,FRANCE,1993-11-23,2023-05-22,2025-09-07, Active,204022.75
335,Alyssa Hardy,Research Scientist,Joseph Ltd.,daniel26@example.net,001-961-620-5943x89760,"5095 Simmons Spring Suite 084
West Michael, AK 59060", Toronto,United Arab Emirates ,1971-07-14,"May 16, 2025",2025-12-05, Suspended,648608.0
336,Jennifer Romero,COO,Fields Solutions,howardbenjamin@example.net,(532)918-1227x6457,"0291 Hunt Stream Apt. 546
Johnsonview, VA 86077", London,Denmark ,1992-01-07,2025-12-30,2025-12-31,inactive,295687.91
337,Andrew Tran,Financial Analyst,Miller Consulting,ysanford@example.org,001-944-598-8305,"2480 Browning Springs Suite 406
North Kimberly, TN 17509", Copenhagen, Australia ,1969-02-01,2023-06-24,2023-10-14,Active ,183900.84
338,Matthew Arnold,IT Specialist,Ford Solutions,colton30@example.net,231-794-9796x95867,"2773 Emily Glens Suite 091
Hoffmanstad, CO 27705", Berlin,united states,1992-04-11,2024-11-10,2025-12-23,active,261719.84
339,Guy Garrett,Product Manager,Moreno Systems,kelly57@example.net,602.999.2959x660,"Unit 6826 Box 9116
DPO AE 28197",dublin,united arab emirates,2004-03-29,2024-03-28,28-06-2025,Inactive ,437596.28
340,Amy Welch,Data Scientist,Duncan Systems,michellewang@example.net,(886)553-6945x5158,"4722 Roberts Place Suite 721
Carpenterchester, MT 54279",Riyadh,Germany ,1964-11-17,2023-11-05,2024-10-24,active,-5000
341,Amy Burns,Project Manager,Johnson LLC,dillonharvey@example.org,+1-296-805-9329x715,"75327 Marcus Hill
North Jamiemouth, NH 32619",Copenhagen ,Sweden ,1989-02-15,26 Aug 2023,2025-12-25, Active ,"USD 184,323.15"
342,Jason Brewer,CEO,Wallace Systems,laurakaufman@example.net,+1-819-352-3710x0687,"819 Samuel Views Apt. 460
Reginaldhaven, SC 85649", Berlin , United Arab Emirates,1977-03-09,2025-09-16,,Inactive,388706.97
343,Jacob Wilson,Software Engineer,Cobb LLC,thomasjose@example.net,001-912-956-5237x34151,"4757 Carroll Ranch Apt. 228
Anthonystad, OK 48043",NEW YORK,NORWAY,08 Aug 1990,2024-09-06,2024-09-29,Active ,389055.23
344,Tammy Obrien,Marketing Manager,Parker Ltd.,ashleytorres@example.net,642.422.9464x303,"8867 Teresa Row Apt. 985
Nicholasfort, SD 22668", Cape Town,Australia,1998-04-18,2024-05-14,2025-10-25,Active ,"229,840.25 USD"
345,Eric Perry,Marketing Manager,Olson Technologies,aprince@example.net,353-543-3249,"083 Michael Bypass Suite 158
West Angelaside, PR 97659",Sydney ,Singapore,1981-12-22,2024-04-19,2025-06-08,ACTIVE,235690.12
346,Mark Armstrong,IT Specialist,Miller PLC,griffinalexandra@example.org,523-337-2094x841,"PSC 2840, Box 3339
APO AP 63059",Dublin ,united states,1978-05-17,2025-07-09,2025-12-08,inactive,385553.39
347,Danielle Terry,COO,Herrera LLC,florescynthia@example.org,217.817.3189x3974,"739 Gay Glen
Guzmanfort, SC 23639",sydney,denmark,1971-09-23,2023-07-28,2025-10-24,Active ,
348,Joe Patton,Operations Manager,Webb Group,stephanie44@example.net,954.288.4712,"2216 Davis Wall Suite 582
Port Daniel, IN 28447", São Paulo,IRELAND,1970-09-05,2025-09-29,2025-12-06,Active ,122366.43
349,Rebecca Patton,Sales Representative,Torres Holdings,tgarcia@example.net,492.752.3622,"USCGC Valdez
FPO AA 95720",Sydney, Sweden ,1968-10-28,2024-12-21,2025-08-13,Suspended,198211.33
350,Mary Johnson,Financial Analyst,Cantu Ltd.,tmichael@example.com,(845)855-7469,"65274 Lori Flats Apt. 445
West Ronaldfurt, MD 73648", Stockholm, Germany,1983-01-24,2024-10-03,, Active ,282260.87
351,Gregory Gross,Sales Representative,Gonzalez Systems,christinaalexander@example.com,813-925-7970,"10548 Kim Haven Apt. 721
Tiffanychester, GU 20394", Paris , India ,1998-06-13,2025-03-06,2025-10-07,Active,407434.43
352,Patrick Edwards,Marketing Manager,Lawrence Systems,annagonzales@example.com,001-784-788-4021,"PSC 7325, Box 7375
APO AA 26582",Riyadh ,Sweden ,1988-10-30,2023-12-21,12/07/2025, Active,"920,570.95"
353,Crystal Burgess,Product Manager,Padilla Technologies,cassandra02@example.org,+1-266-767-0808x5096,"9511 Terri Tunnel Apt. 828
New Sandraborough, WV 10080",NEW YORK, Saudi Arabia,1993-03-19,2023-04-20,2025-09-23,Active,597411.68
354,Thomas Guerrero,CEO,Jordan Systems,steven25@example.org,(695)278-6069,"03562 Foley Prairie Suite 873
Patriciashire, FL 25253",SINGAPORE,Saudi Arabia,1993-07-03,2025-11-01,2025-12-13, Active ,293033.74
355,Daniel Adams,Marketing Specialist,Harris Technologies,craigferguson@example.org,001-528-551-5533x34264,"71607 Omar Mission
Rossborough, WI 50374",New York, Spain ,18 Jul 1984,2023-12-09,03/03/2024,ACTIVE,323414.05
356,Thomas Coleman,Consultant,Martinez Systems, WILLIAMLANE@EXAMPLE.NET ,523-517-9556,"Unit 8574 Box 8170
DPO AE 50312",MUMBAI, Saudi Arabia,1994-12-29,2024-08-14,09/11/2024,ACTIVE,162466.88
357,Jessica Shields,COO,Ross LLC,gomezsonya@example.org,(243)416-7045x02329,"700 Michelle Shore
Nathanchester, GU 21142",London, United Arab Emirates ,1976-03-02,2024-07-02,2025-07-13,Active ,"$323,527.96"
358,Jennifer Garcia,Data Analyst,Thompson PLC,judypatrick@example.org,(212)207-3465x495,"26086 Eric Bridge Suite 316
North Tanyamouth, MT 70850",dubai, Italy ,1977-03-16,2024-09-01,2025-11-23,Active,267784.8
359,Melissa Collins,Financial Analyst,,collinsterrance@example.com,(558)459-1779,"31164 John Glen
Lake Donna, MA 93622",amsterdam, India,2003-05-08,2023-08-29,2025-11-01, Inactive ,"$410,816.94"
360,Elizabeth Berger,Sales Representative,,kathleen25@example.com,(429)806-0320x203,"5396 Haney Motorway Suite 871
Dianahaven, MA 44705",Paris ,netherlands,2004-06-18,2025-05-26,2025-07-08,Inactive,"183,677.79 USD"
361,Emily Martinez,Accountant,Lopez Consulting,lindsay78@example.com,+1-315-384-1560x82137,"54768 Tammy Parkways Apt. 683
Port Erin, WI 02692",SÃO PAULO,SOUTH AFRICA,05/11/1965,12/19/2024,2025-09-18,Active ,471437.85
362,Jessica Alexander,Software Engineer,,annaschmidt@example.org,+1-458-538-2521,"963 Williams Locks
Peterhaven, MT 62962", Paris ,Singapore ,1978-07-23,01/07/2024,2025-12-10,suspended,958301.03
363,Andrea Francis,Project Manager,Taylor Ltd.,aaron48@example.net,439-891-0622x7236,"51342 Martinez Streets
East Scott, TX 36607", Oslo,Spain ,1992-11-22,2023-09-29,2024-06-11,INACTIVE,"USD 303,721.94"
364,Tammy Kerr,Accountant,Smith Technologies,meyeralexandria@example.net,+1-673-274-1897x215,"76927 Walker Cove Apt. 995
Port Melissa, NM 92460",singapore, Ireland,29 Oct 2002,"Oct 19, 2023",2025-06-02,Active ,434172.94
365,Angel Jennings,Accountant,Fisher LLC,grimesjoshua@example.net,001-944-585-6451x0173,"78996 Williams Coves Apt. 911
West Betty, VT 79643",Copenhagen,United Arab Emirates,"Apr 17, 1976",2025-04-05,"Dec 25, 2025",suspended,"USD 531,309.93"
366,Elizabeth Villa,Consultant,Long Inc.,reedkristin@example.com,001-280-766-0392,"74555 Joshua Tunnel Apt. 574
East Angela, VI 72233", Copenhagen ,Canada,1987-05-24,2023-07-10,2025-07-28,inactive,247495.0
367,Gabriel Torres,Accountant,Yang Solutions,kimberly27@example.org,859-583-5411x65972,"5752 Marcus Creek Apt. 948
Katherineside, HI 52663",oslo,Sweden,1985-12-06,2024-03-09,2025-07-29,Active ,383411.74
368,Andrea Garcia,Operations Manager,Jones Consulting,daviscarly@example.net,(342)758-5626x1499,"Unit 7038 Box 2407
DPO AE 91606", London , United Kingdom ,2003-10-22,2025-09-20,2025-12-30, Active,330649.67
369,Jason Oconnor,Marketing Manager,Sanchez Technologies,scottcain@example.org,5438097768,"964 Lara Greens Suite 553
Amberland, UT 18129",DUBAI,UNITED ARAB EMIRATES,1971-05-22,2023-02-03,2023-10-16, Active ,350940.96
370,Jeffrey Wright,HR Manager,Carey PLC,laurariley@example.org,978.951.9358x37490,"20878 Paula Neck Apt. 151
Ashleytown, VT 78847",SYDNEY,ITALY,1979-09-04,2023-09-28,25/07/2025,active,?
371,Richard Washington,Marketing Manager,Padilla LLC,valerielewis@example.com,284-753-9862x8950,"186 Jessica Gateway
Port Howard, SD 65378", London ,Ireland ,1991-05-01,2025-01-31,2025-12-30,ACTIVE,333419.63
372,Jennifer Garcia,Business Analyst,Rivera PLC,shahaudrey@example.net,(966)372-5214x5264,"35157 Alexandria Brooks Apt. 805
East Aaronhaven, AL 01111",Berlin,UNITED STATES,1971-08-23,2025-05-29,,active,464445.18
373,Barbara Yu,Consultant,Torres Consulting,michele23@example.net,+1-972-483-5129x592,"90814 Rodriguez Springs Apt. 982
South Jamesberg, RI 44724",NEW YORK, United States,2001-07-31,2024-04-08,2025-09-22,INACTIVE,"905,099.83 USD"
374,Melissa Wood,Business Analyst,Mcfarland Solutions,hbowers@example.net,+1-815-235-2373,"918 Elizabeth Islands Suite 834
Derekborough, LA 82596",Madrid ,IRELAND,1976-07-07,2023-09-28,2025-01-30,ACTIVE,"USD 641,451.96"
375,Emily Garcia,HR Manager,Graham LLC,henrytravis@example.com,+1-279-564-7408,"USNV Mcclain
FPO AP 75379", Paris,Ireland,1982-03-22,2024-10-03,2025-04-10, Inactive,1479519.19
376,Kenneth Taylor,CTO,Davidson Ltd.,fergusonbrandon@example.com,(335)980-6882x8503,"USNS Joseph
FPO AE 94090",Mumbai, United States,1965-08-08,2023-10-20,2023-12-30,active,191540.91
377,Reginald Key,Project Manager,Clark Holdings,williamspatrick@example.net,840-235-2635,"469 Harris Wells
Roberttown, MT 54717",Singapore ,brazil,1974-02-07,2024-03-12,2025-12-16,Inactive ,603574.31
378,Elizabeth Torres,Software Engineer,Kirby LLC,lisafreeman@example.net,4609723111,"46484 Foley Green Apt. 163
New Meghanborough, DC 68425",Mumbai , Ireland ,"May 29, 2004",2023-07-25,2023-12-16, Active ,372629.31
379,Kenneth Torres,Business Analyst,Harrison Ltd.,rodriguezbenjamin@example.com,(911)236-9572,"50902 Villarreal Glen
West Steven, MH 84929", Madrid,South Africa,05/22/1958,2024-05-22,2025-03-02,active,1517935.97
380,Sara Morris,Sales Manager,James Group,william32@example.net,657.407.1398,"11688 Christine Extension Suite 502
Lake Jesusfurt, AL 74256",cairo,BRAZIL,1958-06-27,2023-02-24,,Active,186128.24
381,Kyle Holland,Financial Analyst,Hughes Group,vincentkathleen@example.org,001-881-907-9649,"PSC 3794, Box 5772
APO AA 70815",RIYADH, Ireland ,1998-09-20,2023-04-22,07/03/2025,Active,182078.78
382,Wendy Johnson,Data Scientist,Walker Consulting,dana26@example.com,(550)864-2076,"66677 Farley Mountain Suite 556
Lake Alyssa, IA 28938",COPENHAGEN, Norway,17/07/1990,26-05-2023,2024-11-17,Active,215437.29
383,Elizabeth Davis,COO,Carroll Consulting, RACHEL86@EXAMPLE.COM ,+1-543-562-7187x4960,"686 Sherry Burg
South Ashley, HI 36325",sydney,saudi arabia,2003-10-29,"May 11, 2025",2025-08-13,Suspended ,74107.57
384,Aaron Lawson,Accountant,Becker Inc.,danielleandrews@example.org,(265)373-2759,"00515 Harris Drive
West Mary, MN 82189",Amsterdam ,united kingdom,2000-03-06,05/19/2023,2023-06-03,Suspended,226833.49
385,Stephanie Hill,CTO,Silva Solutions,talvarez@example.org,941-682-2261x8962,"27102 Kennedy Neck
Port Andrew, UT 47999",SINGAPORE,Singapore ,2001-03-30,03 Nov 2025,2025-11-22,Inactive ,192645.53
386,Jeremy Shaw,Business Analyst,Richards Systems,sethsmith@example.com,+1-595-751-5122x94621,"9709 Frey Lakes
Jamesview, NC 03573",Stockholm ,CANADA,1979-08-14,09/11/2023,2024-08-20, Active,364133.43
387,Joseph Sampson,Marketing Specialist,Bullock Ltd.,banksjackie@example.com,265.204.7158x029,"6604 Rogers Unions
Russellmouth, DC 45883",Toronto,Sweden ,1990-11-11,2024-10-31,20/05/2025, Inactive,
388,Emily Newton,Business Analyst,Tran PLC,fcampbell@example.com,+1-515-381-0213x12512,"059 Eric Road
Welchmouth, WY 87655", Singapore,germany,1960-10-23,2023-04-29,2024-01-05,Active,1218729.63
389,Jason Smith,Data Scientist,Martinez Group,,(811)706-3301,"3792 Roberts Springs
South Jacksontown, CO 23550",PARIS,United States ,2003-05-13,2023-12-26,2024-04-27,active,637491.8
390,Julie Meza,Marketing Manager,Baker Systems,hollywarner@example.org,825.632.6949,"3804 Webster Circles Apt. 175
New Katelynchester, CO 88848",copenhagen,France,1993-01-30,2025-11-25,2025-12-12,INACTIVE,218855.6
391,William Smith,IT Specialist,Moran LLC,rowlandemily@example.com,001-959-719-4575,"8339 Brad Knoll Suite 775
Fordmouth, NV 20513",Rome, Egypt,02-08-1962,02/03/2023,2025-01-17,ACTIVE,174749.66
392,Paul Foley,Consultant,,iherring@example.com,(826)950-6229x2310,"07624 Perez Oval Suite 662
Costaton, MI 14396", Cairo ,denmark,1958-11-26,2023-06-07,2024-10-28,Active,462472.98
393,Laurie Weeks,Accountant,Morris Ltd.,jfranklin@example.org,473.667.0425x49691,"259 Brown Mission Suite 633
Haleymouth, SC 62915",berlin,INDIA,1994-03-07,2025-01-23,2025-04-14,inactive,"USD 130,071.13"
394,Noah Reese,Data Scientist,Peters Systems,holly25@example.net,001-239-793-3797,"2951 Ford Stream
Carlfurt, WI 25821", Madrid ,United Kingdom ,"May 26, 1994",2023-01-06,"Apr 07, 2023", Active ,1181176.03
395,Andrea Brown,COO,Hill Ltd.,michaelstrickland@example.com,630.755.9782,"833 Kenneth Circle Apt. 884
Port Nicholas, UT 01931",SINGAPORE,Spain ,1970-03-27,2024-01-02,2024-02-08, Active ,748336.55
396,Rodney Hoffman,Marketing Specialist,Harris Holdings,anthony61@example.com,627.568.2975x147,"2925 David Ways Suite 875
West Marie, MS 72607",COPENHAGEN, Germany ,1956-11-14,2024-07-09,09/27/2024,active,235997.63
397,Justin Herring,Data Analyst,Hamilton Ltd., RANDALL59@EXAMPLE.ORG ,+1-445-399-0802x7112,"55516 Potter Park
Gardnerhaven, MT 84625", Dublin,CANADA,"Apr 28, 1994",2024-04-02,2025-09-13,Inactive,98795.35
398,Stephanie Oneill,COO,Neal Group,olsenshane@example.org,001-443-430-8003x70033,"6084 Johnson Station Suite 810
New Barry, IN 76881", Dubai,United States ,16/09/1979,2024-11-01,2024-12-16,ACTIVE,845523.01
399,Larry Arnold,Product Manager,Bailey Group,perkinsmicheal@example.org,(532)680-9448x5862,"6147 Sean Run Suite 321
South Lindaborough, ID 75239",MUMBAI,Saudi Arabia ,1991-09-04,2024-05-11,2025-08-30, Suspended ,"302,495.63"
400,Bethany Miller,Data Scientist,Evans Systems,oliviameyers@example.com,703.594.3804x032,"576 Samantha Neck Suite 319
North Melissaton, PR 01970",Singapore,UNITED STATES,2002-01-07,2024-05-17,2024-10-19,Active,779549.46
401,Ryan Simpson,Research Scientist,Conrad Inc.,sean92@example.org,2536365146,"2473 Samantha Summit
South Gregville, CO 95503",STOCKHOLM, Germany ,1967-02-17,2024-11-17,2024-11-18, Active,107355.46
402,Amber Snyder,Accountant,Kane Technologies,joseph97@example.org,,"473 Johnson Groves Apt. 370
Port Annachester, OH 92637", Toronto ,United Kingdom,1979-07-25,2023-05-03,2023-09-26, Suspended ,215439.95
403,Joshua Thompson,Product Manager,Hall Systems,mitchellchristopher@example.com,478.825.5882x556,"2786 Ali Corners Suite 255
Hayesside, VI 89674", Dubai ,canada,1963-09-04,2025-04-25,2025-10-22, Active,328953.14
404,Joseph Reid,Marketing Specialist,Williams Solutions,carolfernandez@example.net,(292)336-1618,"235 Wilson Street Suite 868
Robinsonstad, WA 53978", London,Singapore,1989-04-30,2023-06-03,2025-01-30,inactive,338705.55
405,Jeremy Martinez,Research Scientist,Travis Group,daniellechavez@example.net,001-330-581-7214x36438,"1321 Jon Crest
Duffyfurt, AL 91965", Oslo , Norway ,1984-11-27,2024-06-18,2025-05-07, Active ,239175.81
406,Eric Adkins,Marketing Specialist,Cooper PLC,jared69@example.net,399.807.0755x0476,"706 Sydney Trace Apt. 748
North Johnville, NH 50288",Berlin, France ,1992-04-30,"Oct 06, 2023","Dec 13, 2025",ACTIVE,506862.45
407,Christopher Bailey,COO,Allen Holdings,tjohnson@example.net,001-473-996-1029x08718,"049 Helen Overpass Apt. 742
West Carolynchester, DE 90522",COPENHAGEN, Netherlands ,1963-03-18,2025-04-12,2025-06-13,Active,"155,230.39 USD"
408,John Perez,HR Manager,Monroe LLC,timothywright@example.com,001-426-404-2359x73711,"7560 Reid Coves
Wellsview, NE 73545",São Paulo ,UNITED KINGDOM,1990-01-10,05/07/2023,2023-12-14,Active,296657.74
409,Stephen Perez,Financial Analyst,Jones Ltd.,bakerstacy@example.com,768.632.1021x9237,"618 Jesse Drive
Deanfurt, AL 49241",Copenhagen,IRELAND,25 Jul 1958,2023-07-06,2025-07-04,Active,"356,541.86"
410,Tammy Woods,Research Scientist,French Group,warrenjoseph@example.net,9429537337,"8812 Michaela Drive
South Williamland, OK 22092",dubai, South Africa,1967-09-25,2023-12-23,2024-01-24,Inactive ,469821.06
411,Sarah Espinoza,Project Manager,Molina Technologies,sharon46@example.org,001-860-456-0356x79327,"1690 Jones Corner Apt. 054
Campbellmouth, ME 70662",Berlin , United States ,1985-04-14,2023-07-28,2025-10-29, Active ,"539,355.62 USD"
412,Steven Kennedy,Product Manager,Calhoun Ltd.,ydixon@example.net,001-989-799-2751,"4449 Lawrence Islands
New James, ME 25646",Toronto,india,1996-02-02,2024-02-10,27-03-2025, Active ,149156.38
413,Caleb Fields,Sales Manager,Holmes LLC,mramirez@example.com,+1-439-324-3588x53798,"339 White Rue Suite 536
Loveshire, NH 70940", Dubai ,france,1972-05-09,14/02/2023,2023-06-27, Active ,111984.99
414,Susan Lucas,Consultant,,kingtammy@example.net,(501)634-7789x4896,"791 Kim Island Apt. 221
Kathleenton, AZ 09712",London ,AUSTRALIA,20 Mar 1969,2023-09-08,2023-10-22, Suspended,801607.03
415,Beth Hopkins,Research Scientist,Dunn Solutions,david16@example.org,,"532 Angela Island Apt. 263
East Christopherview, AS 64235",Singapore, Australia,1961-09-23,2025-10-13,2025-10-17,Active,413585.61
416,Devon Beard,Project Manager,Sanchez Group,dwalker@example.net,(823)941-0346,"67726 Johnson Track
Jamiefort, NE 69174",LONDON,brazil,1972-05-25,2024-07-27,2025-10-27,Active,"USD 194,086.54"
417,Mario Alexander,COO,Smith Group,mmassey@example.org,(621)596-2633x556,"9709 Debbie Circles
Marqueztown, MS 75429", Riyadh, United Kingdom,1972-07-16,2025-10-18,2025-12-10, Active ,970732.66
418,Andrea Zimmerman,CTO,James Solutions,cgraham@example.com,464-453-4547,"65031 Christopher Square
West Christianview, NV 20034",madrid,SOUTH AFRICA,12/27/1969,2024-02-13,2025-12-03,Inactive ,355390.42
419,Michelle Haney,CEO,Garrison Holdings,monica23@example.com,828-413-1909x2487,"111 Roth Fall
Port Stevenstad, VA 23952", Copenhagen,INDIA,1963-02-09,2025-09-09,2025-11-18,Active ,748261.68
420,Yvette Ferguson,Sales Representative,Frederick Ltd.,kristinnguyen@example.org,001-548-708-8062x20722,"3721 Fernando Rest Apt. 162
West Stevenfort, TX 99363", Madrid,united states,1974-12-25,02/23/2023,2024-12-08,inactive,343610.13
421,Diana Martinez,Marketing Specialist,Weaver Inc.,doneal@example.net,359.796.4862x87203,"666 Brooks Island
Gonzaleztown, IL 57587", Madrid, Australia ,1993-08-09,2025-08-24,2025-11-24,Active,1386819.49
422,Jeffrey Wilson,Data Analyst,Christensen Group,ygrimes@example.net,(946)832-0374,"3726 John Drive Apt. 450
Stevenfurt, FM 86147",Madrid, India ,1998-05-12,28/12/2025,2025-12-31, Inactive ,1119887.27
423,Cynthia Coleman,Financial Analyst,Miller Holdings,michael88@example.com,2713553482,"08385 Shane Isle Suite 595
Michealhaven, OR 16661", Mumbai ,NORWAY,1998-12-02,12/22/2023,2024-06-20,Inactive ,275329.85
424,Joseph Jones,Marketing Specialist,Blake Consulting,cgallagher@example.net,001-889-681-2657x42231,"40236 Robert Views
South Amy, KS 28106", Mumbai ,FRANCE,1955-08-27,"Feb 27, 2023",2025-02-17, Active,646998.77
425,Wendy Oconnor,CEO,,bakertimothy@example.org,772.971.1759,"USNV Ray
FPO AP 97771",LONDON,Canada ,1971-10-29,2024-09-24,2024-12-23,active,
426,Laura Perkins,Data Scientist,Ortega Inc.,elizabethconley@example.net,249.633.0674x58476,"28333 Stein Courts Suite 666
Kerrybury, GA 82166", Oslo , Brazil ,1979-03-16,2025-12-14,2025-12-30,Active ,854303.75
427,Jeremy Oliver,Data Scientist,Hebert Ltd., HAMPTONSARA@EXAMPLE.ORG ,(866)526-7055x14377,"3925 Carly Ramp
Castanedaville, CO 11289", Paris,India,1994-08-22,2024-10-24,2024-11-24,INACTIVE,166800.47
428,Nancy Webb,Business Analyst,Smith LLC,fvasquez@example.net,+1-220-407-2024x5591,"PSC 5109, Box 1090
APO AE 22774",COPENHAGEN,ireland,1999-08-01,"Dec 13, 2025",2025-12-25,ACTIVE,"529,790.02 USD"
429,Thomas Short,IT Specialist,Holloway Holdings,lrodriguez@example.com,+1-381-994-2179x428,"65277 Lynn Inlet Suite 663
Elizabethborough, IA 60962",RIYADH,Norway,1962-11-29,2023-10-07,2024-03-17, Active,687555.02
430,Erin Sanchez,Marketing Specialist,Moore Consulting,brownnancy@example.org,572-921-4559,"894 Paula Shoal
West Ericborough, MI 09159",Sydney , Ireland ,1958-01-08,2024-12-31,,Active ,95691.27
431,Sheila Lopez,Marketing Specialist,Randall Ltd.,perry77@example.net,(357)925-6592x0246,"02389 Krueger Flats Apt. 600
Jenniferstad, MA 00859", Dublin, India,1960-10-01,2023-12-30,2024-01-01, Active ,143160.13
432,Laura Mcknight,Software Engineer,Ingram Consulting,jasoncook@example.net,001-684-986-8999x3607,"69176 Sloan Rest Apt. 593
Bakerton, GU 30578", Riyadh, France,1988-05-18,2024-03-28,2025-10-29,Active,78632.27
433,Barbara Martinez,Business Analyst,Riley Holdings,hbaker@example.org,6378360601,"079 Amanda Plaza Suite 136
Gregoryborough, AL 90296", Oslo , United Arab Emirates,1976-09-02,2024-10-16,2025-01-10,ACTIVE,271417.96
434,Ryan Robinson,Software Engineer,Murphy LLC,staceysmith@example.org,001-642-344-6263x2514,"03142 Kathy Junction
New Katieside, NH 67449",NEW YORK, United Kingdom,1961-08-10,2024-12-18,2025-04-29,ACTIVE,541598.15
435,Chad Snyder,Research Scientist,Contreras Ltd.,kristen51@example.com,,"5056 Garcia Passage
Lewisborough, RI 84057",copenhagen,South Africa,1979-04-25,2025-04-27,01/09/2025, Active,938135.75
436,Troy Landry,Consultant,Willis Consulting,cherryjulie@example.net,001-778-276-5530x07309,"Unit 5560 Box 5712
DPO AE 78442",TORONTO,United Kingdom ,17 Feb 1981,2024-04-06,2024-09-20,active,345195.55
437,Rebecca Garcia,Marketing Manager,Miranda LLC,thomasspencer@example.net,001-251-690-5348x6401,"462 Morgan Loop
New Michaelfort, ME 97314", Dublin ,Australia,1970-04-26,2023-06-01,2024-05-17,Inactive,1024823.42
438,Jennifer Taylor,Sales Representative,Johnson LLC,mark12@example.net,+1-591-351-1455x129,"8818 Escobar Shoals Suite 160
Samanthachester, CO 86732",RIYADH,United States ,1971-12-15,2024-11-23,"Sep 24, 2025",ACTIVE,124732.78
439,Monica Keith,Data Analyst,Figueroa Consulting,caseyrush@example.net,6174075681,"52291 Thomas Stream
East Joann, GU 89950",Berlin ,NORWAY,07/08/1980,2025-06-08,19-07-2025, Active ,99472.08
440,Allison Martinez,HR Manager,Mayo Systems,maldonadonancy@example.net,,"443 Jasmine Glens Suite 016
Lake Johnny, DC 76079",madrid,Germany,1964-08-28,2024-06-27,2025-04-12,Active ,
441,Dana Jimenez,Product Manager,Davidson Technologies,coffeyjohn@example.net,3332016234,"061 Clark Divide
Lake Deborah, DE 48834", New York,Singapore ,1971-07-22,2023-11-11,2024-01-06, Active,428842.85
442,Crystal Harrison,Software Engineer,Jenkins Consulting,scott32@example.org,(453)237-7460x4067,"784 Robert Heights
West Joshua, NE 02305",NEW YORK, Netherlands,24/10/1978,2025-09-10,2025-10-06, Active,320332.14
443,Larry Oconnell,Research Scientist,Farmer Technologies,willismichael@example.net,573.947.6427,"PSC 0376, Box 3882
APO AE 35585",RIYADH,Saudi Arabia,1990-12-19,"Aug 25, 2023",2024-07-06,INACTIVE,77094.76
444,Todd Rubio,Product Manager,Boyd Systems,nelsondominique@example.com,001-460-919-1344x3899,"Unit 0205 Box 8695
DPO AE 63549",Dublin,Denmark ,1965-02-06,2025-03-04,2025-06-07, Active,307926.37
445,Matthew Lee,Financial Analyst,Rodriguez Technologies, JENNIFER64@EXAMPLE.NET ,593-569-9951x679,"7385 Perez Points Apt. 119
East Robert, AZ 27365", Rome,INDIA,"Jul 06, 1978",2025-08-10,2025-10-17,Active,131514.36
446,Kenneth Francis,Product Manager,Nichols LLC,garciaveronica@example.net,323.633.5104x096,"15391 Linda Turnpike Apt. 074
Lake Katherine, VA 01334", Cape Town ,Singapore ,2001-01-04,2023-06-25,2025-05-10,suspended,523750.54
447,Amy Reese,Research Scientist,Burns Systems,lauraclay@example.org,789-939-4065,"19043 Lynn Fort
Lake Harryborough, ID 17884",Cairo, Singapore,1970-01-29,2023-05-05,2025-09-12, Suspended,423631.3
448,Amanda Francis,HR Manager,Brown Technologies,iperez@example.org,835-246-2127,"261 Kathy Forest
East Robertchester, IN 92210", Toronto ,IRELAND,1995-06-11,2024-04-27,28-08-2025,Suspended ,169750.36
449,Barbara Miller,Sales Representative,Adams Systems,olivia29@example.net,+1-593-876-2974x54930,"91203 Ann Locks Apt. 082
Port David, PW 07153",PARIS,Germany ,15 Jul 1980,2025-11-24,2025-12-31,SUSPENDED,228729.0
450,Susan Gray,Project Manager,Lawson Ltd.,allenandrea@example.com,581.344.5822x06732,"68157 Erin Vista Suite 000
Port Elizabethtown, VI 95277",London ,SINGAPORE,1957-02-10,09-03-2024,, Active,-100
451,Ricardo Huff,Accountant,Morris PLC,millerjames@example.org,685.609.0255x618,"299 Mitchell Pike
East Gregoryport, NY 81982",Oslo, Canada ,1994-04-03,2023-10-30,2025-07-01,ACTIVE,313678.74
452,Tracy Jones,CTO,Edwards Systems,bwilliams@example.com,,"266 Joe Drive Suite 835
Donnastad, ME 22814",Dubai,United States,1994-02-05,2024-10-29,20 Mar 2025, Inactive ,639600.87
453,Sarah Campbell,IT Specialist,Bennett Systems,tranbenjamin@example.com,7632369987,"10401 King Pines
New Rosetown, KS 82496",paris, France ,1991-07-23,09/05/2025,07 Jun 2025,Active ,164389.15
454,Charles Reed,Software Engineer,Hayden LLC,amywells@example.org,,"4203 Avila Curve Suite 863
West Susanview, CO 61051",Stockholm,South Africa,1998-06-04,05/08/2023,2025-03-04,Inactive ,466415.69
455,Amy Barker,Marketing Specialist,Short Group,sonia62@example.com,001-354-902-6355x82430,"4898 Kelsey Street Apt. 538
Port Toni, MA 95593",são paulo,Saudi Arabia ,04/12/2003,2025-02-23,2025-10-30,active,226119.67
456,Andrea Curry,Research Scientist,Owens Ltd.,nunezmatthew@example.com,+1-804-533-3353x84951,"19787 Amy Rest
East Brittney, SC 89470",Oslo,Spain,1965-04-29,2025-04-02,22/04/2025, Active,188148.91
457,Sarah Brown,Operations Manager,Robinson Group,oschneider@example.org,(201)219-8756x17868,"PSC 3009, Box 1561
APO AP 17266",stockholm,Sweden ,1996-09-01,2025-02-01,2025-02-12,Active,304089.93
458,Karen Scott,HR Manager,Warren LLC, SANCHEZNICHOLAS@EXAMPLE.COM ,+1-774-449-1609x3659,"9118 Rodriguez Highway
East Randy, NJ 45452",DUBAI,Norway,1996-09-09,2024-04-11,2024-08-27, Active,158788.81
459,Rodney Daniels,Sales Manager,Willis LLC,ulee@example.org,799.782.1374,"0428 Shepard Canyon
Crystalmouth, IA 65037",Singapore,Saudi Arabia ,2001-06-21,2024-01-20,2025-04-17, Inactive ,222447.3
460,Patricia Gibson,Business Analyst,Patterson Inc.,stonecody@example.net,(860)803-0835,"62715 Cory Extensions
West Priscilla, MI 07323",stockholm,egypt,1995-09-05,21-11-2025,2025-12-02, Active,141702.56
461,Steven Mata,Sales Manager,Hicks Systems,ryanrodriguez@example.net,268.929.3844x0134,"3788 Rick Forest Apt. 591
North Elizabethmouth, UT 91460",Amsterdam ,United Kingdom ,1956-07-05,2023-03-01,2024-02-20,ACTIVE,1296666.88
462,Emma Webster,Product Manager,,victoria91@example.com,892-607-4926x9996,"84285 Walsh Port Apt. 259
West Andrewhaven, FM 41080",dubai,Egypt,1983-07-13,2024-02-12,2024-11-19,Active ,"$335,938.87"
463,Robert Peterson,CEO,Sparks Inc.,stephaniezamora@example.org,(834)226-6980,"Unit 7261 Box 7607
DPO AE 98710",São Paulo,United Arab Emirates ,16/03/1966,2024-05-10,2025-05-27, Active ,200825.6
464,Cheyenne Rivera,Marketing Manager,Hoffman Consulting,abigailrobinson@example.net,+1-895-738-2804x05612,"9582 Guerrero Course
Berrystad, MT 83122",Rome, Canada,1959-03-12,2024-12-17,2025-06-12,Active,380707.23
465,Brent Webster,Financial Analyst,Calderon Ltd.,hoffmanlindsey@example.org,+1-523-685-9514x34682,"002 Goodwin Alley Apt. 869
Solomonfurt, CA 07729",Amsterdam,Italy ,1961-05-07,2024-03-14,2024-10-27, Inactive,302964.33
466,Mike Lewis,Project Manager,Petty Inc.,egordon@example.org,+1-339-750-0168x09414,"83976 Brent Land Apt. 440
Alexanderport, MO 21775", Sydney , Brazil ,1958-06-23,2025-08-28,2025-12-23,inactive,280778.47
467,Rita Hardy,Accountant,Hahn Consulting,jessicahines@example.com,+1-329-625-0817x76029,"33373 Sharon Island Suite 235
Rodriguezside, CO 61351",Singapore,ireland,1956-02-23,2024-09-17,2025-09-17,Inactive ,503790.96
468,David Hardy,CTO,Atkinson PLC,erikamiller@example.org,9619363852,"1337 Patricia Plains Suite 449
Lake Susanshire, MD 06764", São Paulo ,Ireland,1962-07-11,2025-08-13,,Active,556963.73
469,Jeffrey Garrett,Software Engineer,Foster Holdings,dudleycody@example.com,903-473-4167x8127,"PSC 1021, Box 7982
APO AE 82849",RIYADH, Canada ,1965-02-06,2024-08-01,2025-06-03, Active,226081.13
470,Andrea Shaw,HR Manager,Stone Holdings,ijackson@example.com,001-779-873-6383x1828,"707 Powell Crest
Mendozaton, MO 65573",Amsterdam , France,1967-03-10,21/07/2024,2025-04-15,active,219021.95
471,Alyssa Chambers,Project Manager,Sullivan Inc.,michellesmith@example.org,(282)712-2355x2165,"46921 Charles Ports Apt. 596
Fischerton, OH 77916",New York,SAUDI ARABIA,1981-10-21,2025-04-07,2025-09-18, Suspended,270347.6
472,Natalie Rodriguez,Data Analyst,Maldonado Solutions,russelllynch@example.com,+1-802-620-5093,"249 Mathis Ridge Apt. 145
Garretthaven, NH 98958",mumbai, India,2000-05-11,2025-04-08,2025-10-24,INACTIVE,65424.7
473,James Sparks,Product Manager,Dominguez PLC,ldavis@example.org,+1-967-667-3820,"177 Cruz Drive
Wagnerberg, MP 17473",Cairo , Sweden,1971-04-24,2025-12-30,2025-12-31, Inactive,113478.23
474,Daniel Pena,Software Engineer,Ray Systems,cgamble@example.net,+1-658-206-2350,"6957 Anthony Crossing Apt. 482
Melissaview, KS 24428", Riyadh , France ,27 May 2001,2024-01-06,2024-11-02,Inactive ,853253.52
475,Jennifer Lindsey,Operations Manager,Long Systems,wgonzalez@example.net,723-828-9463x3891,"528 Bowen Orchard
West Paul, OK 23026", Toronto,spain,28-05-1975,2024-01-10,2025-12-07,Active,1036621.47
476,Kevin Mccarty,Operations Manager,Lawrence Group,matthewfranklin@example.net,(613)881-8655x078,"USNV Smith
FPO AA 99589", Copenhagen , Italy ,1979-07-12,11/05/2025,2025-11-29, Active ,275315.99
477,John Mata,Marketing Specialist,Frazier LLC,jeffrey34@example.net,+1-718-591-1797x203,"53641 Carter Coves
Mariaborough, CT 28890",MUMBAI,BRAZIL,05/06/1991,2025-08-21,2025-09-04,ACTIVE,490700.81
478,Dana Vaughan,Research Scientist,,lisaalvarez@example.net,436-375-0094,"52769 Heather Pine
Hoffmanberg, WV 63155", Cairo ,Sweden,1955-12-15,2023-09-03,,ACTIVE,407532.15
479,Cheyenne Mcintyre,Operations Manager,Ward Ltd.,meganrose@example.com,(922)658-6605x9867,"75854 Quinn Manors
Lauramouth, WY 93912",Singapore,india,11/11/1996,2023-10-09,2024-05-02,inactive,2828385.37
480,Joe Sheppard,CEO,Roberts Holdings,kevinmendez@example.org,665-702-0002,"32155 Jared Islands
Timothyhaven, IL 83524",Oslo , Australia ,1986-08-23,05/01/2024,2024-03-28, Active ,717625.01
481,Cassandra Long,Marketing Manager,Peters Technologies,evelyncampbell@example.com,689.866.9972x73677,"58254 Stephanie Cliff
Port Lisa, VT 71720",Mumbai,Australia ,16-03-1995,"Jul 14, 2024",2025-02-14,Active,299676.15
482,Raven Andrews,IT Specialist,,jamesbrown@example.org,+1-820-649-1060x183,"875 Amanda Trafficway
Powellland, TN 60273",Singapore,IRELAND,1964-04-17,09/23/2023,2025-06-14,Active,167899.64
483,James Guerrero,Sales Manager,,timothy54@example.net,(384)972-6290x529,"160 Jennifer Crest
Thompsonmouth, TX 28690", Copenhagen , United States,1965-05-05,2023-03-19,2024-09-16,Inactive ,106456.06
484,Robert Alexander,Data Scientist,Cobb Systems,sararios@example.org,8524229993,"USCGC Lloyd
FPO AP 77201",madrid,Spain ,1959-04-26,2024-01-26,2024-02-14,inactive,377914.99
485,Collin Hernandez,CTO,Turner Ltd.,joeljackson@example.net,(939)983-5844x617,"3095 Grimes Ports Suite 912
Munozshire, NV 00853",mumbai, Sweden ,1964-10-11,2023-07-30,2024-08-26,active,193021.04
486,Crystal Harrington,CTO,,martinmark@example.net,+1-578-471-3752x988,"56083 Benjamin Cape
Kathleenfort, PA 90418", São Paulo , Egypt ,1998-12-25,2024-08-18,2025-04-09, Active,121106.11
487,John Johnson,Product Manager,Stone Ltd.,nbailey@example.net,001-658-552-3860x0304,"PSC 1995, Box 1715
APO AE 28032",Amsterdam, Australia,1998-05-10,2024-12-02,2025-08-10,Suspended ,$208438
488,Rick Gomez,Financial Analyst,Duncan Solutions,johnsonedward@example.net,(595)201-4374,"96713 Davis Crescent
South Brandon, FL 96413",paris,Netherlands,23-01-1963,2023-02-09,2024-05-22,inactive,153724.36
489,Amy Lopez,Data Analyst,Clark Ltd.,delacruzsandra@example.com,(272)301-9111x66122,"2587 James Road
North Kelly, ID 57051",Dublin, Italy,1974-04-05,2023-09-10,2024-09-20,Inactive,"USD 1,067,680.55"
490,Sarah Pearson,Software Engineer,Clark Consulting,guerrerostanley@example.net,481-724-2114x0868,"29462 Mary Ramp Apt. 556
Port Judytown, AS 28631", New York ,United Kingdom ,1990-09-11,2023-04-09,2025-02-15,inactive,607524.53
491,Rodney Adams,Accountant,Carroll Solutions,david97@example.org,001-813-671-2436x58585,"04120 Veronica Center
Martinezburgh, NJ 30753",Riyadh,FRANCE,1982-12-11,2023-09-11,2025-03-25, Active,325923.88
492,Amanda Alvarado,Software Engineer,Ramirez Inc.,carolbrown@example.net,001-716-769-0632x2481,"034 John Crossing
New Michaelfurt, NM 74481",Cairo,Italy,03 Jun 2000,2024-09-08,2025-04-12,Active ,923532.16
493,Daniel Zimmerman,Sales Representative,Bowman Solutions,rodney49@example.org,(479)655-4623x471,"08018 Benjamin Burg
Spencerville, NV 52751", Berlin,Sweden ,1969-02-26,2023-08-03,08-01-2025, Active,345987.46
494,Deborah Travis,CTO,Harding PLC,hmartin@example.org,+1-208-315-7129,"Unit 0713 Box 8067
DPO AE 32810", Amsterdam , Denmark,1958-04-07,2024-02-14,2024-11-10,Inactive ,179351.18
495,Debra Rivas,CEO,Marquez Inc.,christopher04@example.com,747.743.6213x00962,"470 David Avenue Suite 339
Mooremouth, KS 57841",oslo,Spain,1999-03-21,2025-10-13,2025-11-09, Active ,951872.95
496,James Byrd,Business Analyst,Kim LLC,christianrichards@example.net,827.300.0466,"901 Brent Radial Suite 714
North Kaitlynview, OR 31427",cairo,Canada,1982-04-11,2025-10-08,28/10/2025,Inactive ,477938.35
497,Jason Bentley,HR Manager,David Group,hooveranna@example.net,001-249-605-3152x049,"9873 James Ramp Suite 166
Curtisfurt, CT 19957",Rome,united arab emirates,1966-03-23,"Apr 18, 2024",2025-07-30,active,$158566
498,John Johnson,Operations Manager,Mitchell Inc.,washingtonashley@example.org,625.362.3899,"Unit 7014 Box 2620
DPO AE 61746", Singapore ,GERMANY,1958-02-14,08/18/2024,2025-02-19,Active,286863.83
499,Shelby Gibbs,Marketing Manager,Murray Inc.,danieljenkins@example.org,+1-904-418-1359x98989,"PSC 1708, Box 8948
APO AE 09755",Oslo, Denmark,2003-03-08,2023-01-20,2023-10-31, Inactive,177560.6
500,Carrie Garner,Operations Manager,Reilly Group,kevin22@example.org,458.283.9785x708,"067 Kennedy Course Apt. 369
West Caitlinland, WV 85429", Sydney,germany,1988-05-10,10-07-2023,2024-07-26,ACTIVE,124497.41
501,Ryan White,IT Specialist,Villa Group,lcraig@example.com,(996)288-2769,"14196 Michael Cape Suite 832
Mitchellside, OH 29878",SYDNEY,GERMANY,1971-12-16,2025-02-28,31/10/2025, Active,626763.33
502,Jennifer Martinez,Marketing Specialist,Bennett Ltd.,maxwellsteve@example.net,+1-862-240-9649x66834,"17028 Garcia Divide Apt. 593
Hillside, DC 00545", Riyadh ,india,1980-04-01,2023-08-01,2024-10-01,INACTIVE,1247424.58
503,Laura Lopez,Data Scientist,Berry Solutions,josephross@example.net,339.806.2467x28799,"41319 Michael Throughway
Port Morgan, VT 53897",Paris ,Saudi Arabia ,11/30/1960,2025-01-04,, Suspended ,123130.83
504,Jessica Diaz,Business Analyst,Lewis Solutions,vkline@example.org,204.458.8165,"7241 Roy Run Apt. 344
Port Ashleyfurt, PR 08782",rome, Norway ,1978-08-28,2025-06-21,2025-07-03,ACTIVE,486055.68
505,Patricia Stewart,CTO,Yang Systems,bartondavid@example.com,+1-389-680-8806x782,"8135 Samantha Road Suite 486
Lake Theresa, MO 91789", Cairo,BRAZIL,1985-12-07,2024-04-03,2025-03-16,active,207845.48
506,Steven Jackson,Research Scientist,Alexander PLC,sbradley@example.org,759-545-0119x29207,"051 Thomas Manors Apt. 398
Clarkmouth, IA 54344",paris,South Africa ,2003-06-12,13/09/2025,2025-10-28,Inactive,"USD 233,050.92"
507,Curtis Gonzalez,CEO,Holland Inc.,robertsonjordan@example.com,+1-606-470-0099x424,"4896 Jimenez Causeway Suite 642
Port Krystalport, MD 56021", Riyadh , Australia,1998-01-07,18-11-2023,2025-04-19,ACTIVE,216495.33
508,Karen Duran,Data Analyst,Burns PLC,bmorgan@example.net,645.833.8906x235,"265 Brown Locks
Cassandrastad, IN 07539", Cairo, Spain ,1956-01-27,2024-11-08,, Active ,179011.7
509,Sandra Curry,Consultant,Frederick PLC,lmartin@example.org,(824)427-6774,"0112 Fletcher Courts
West Reneehaven, GU 33426",Mumbai , United Arab Emirates ,"Oct 05, 1981",2023-06-11,2024-09-24,Active ,339071.11
510,Wendy Williams,Data Scientist,Holmes Holdings,aholder@example.net,4175986778,"957 Sarah Groves
Taylorchester, WY 34988", Berlin ,ireland,1997-05-30,2023-09-01,01/23/2025,Active ,183200.22
511,Rebecca Jimenez,Sales Representative,Little Inc.,ujones@example.org,(803)784-3753,"078 Beltran Roads Apt. 548
West David, TN 73572",são paulo,Sweden ,1989-09-01,06/07/2023,2025-09-24, Inactive,"$396,059.52"
512,Christopher Brewer,Data Analyst,Hall Technologies,natalie54@example.org,5643454752,"74897 Shannon Trail
Duranbury, TN 38966", Madrid,UNITED ARAB EMIRATES,1987-03-27,2024-11-29,2025-06-04,Active,316422.4
513,Kevin Williams,Product Manager,Gregory Consulting,tracyjohnson@example.net,+1-362-817-5080,"USS Scott
FPO AP 83776",DUBAI, Germany ,23-02-1965,2025-08-26,2025-11-26,ACTIVE,277267.04
514,Lisa Kennedy,HR Manager,Hughes Inc.,markgardner@example.org,993-953-4001x816,"5244 Rangel Lake
Joseton, GU 70196", Cape Town ,Egypt ,"Dec 05, 1965",30 Nov 2024,2025-05-31, Active ,173634.09
515,Deborah Harrington,IT Specialist,Nichols Ltd.,haley79@example.net,478.910.5391,"USNV Sawyer
FPO AP 51094", Berlin ,italy,1995-01-07,2025-10-05,10/23/2025,active,218875.88
516,Wendy Wood,Sales Manager,Bradley Solutions,hmcneil@example.net,001-629-804-5792x71472,"986 Thompson Curve
Port Angela, IN 78147",Oslo ,germany,1977-08-26,2024-03-17,29 Jun 2025,Inactive ,556139.18
517,Eric Turner,Consultant,Boyd Consulting,ashleygarcia@example.org,+1-587-406-2932x8809,"02320 Bryan Pike
Murrayfurt, DE 06439",Dubai,india,2000-03-20,2023-09-10,2025-11-09, Suspended,"$465,395.11"
518,Leslie Russell,Data Analyst,Romero Technologies,hespinoza@example.org,+1-514-635-6140,"PSC 3198, Box 0746
APO AP 84585", Cape Town,singapore,1962-05-26,2023-01-09,2025-12-31,Inactive ,165332.08
519,Randy Blankenship,Marketing Specialist,Edwards Systems,lcline@example.com,+1-810-903-0762x05459,"06666 Davis Bridge Suite 541
Lake Marybury, LA 00708",sydney,FRANCE,1995-03-17,2023-12-29,2025-12-07, Active,351348.05
520,Jeffrey Reed,Research Scientist,Weaver Consulting,rosslisa@example.net,597-608-9058x366,"999 Moore Rest Suite 083
Granthaven, MH 83768",Singapore ,brazil,1983-05-07,2024-10-21,2025-07-07,SUSPENDED,554582.57
521,Raven Robinson,HR Manager,Kennedy Group,eharrington@example.com,9598625719,"01265 Sweeney Roads
South Alexis, CO 73022",Dubai,France,1997-07-05,2025-03-25,17 Sep 2025, Active ,"101,866.29 USD"
522,Laura Garcia,COO,Juarez Systems,sarah17@example.com,485-317-7741x27469,"1996 Ryan Fall
East Carrie, NJ 44314",Oslo,South Africa,09/21/1980,2024-09-04,2025-11-10,active,479429.5
523,Erin Mcguire,Product Manager,Jones Consulting,shepherdnicole@example.com,001-454-221-8545x7056,"57090 Bryan Locks
Lake Rachel, MT 36560",paris,Australia ,2002-03-17,2024-08-18,05 Aug 2025,ACTIVE,206109.6
524,Gregory Johnson,Product Manager,Stevens Holdings,margaretramirez@example.com,(382)989-5400,"47312 Jones Plains
Adamland, AR 46563",cape town,Saudi Arabia ,31/10/2001,25 Aug 2023,2025-10-13, Active,488658.45
525,Michael Schwartz,IT Specialist,May Solutions, DAVISAUTUMN@EXAMPLE.ORG ,+1-927-211-5261x053,"00716 Becker Avenue
Scottland, FM 66584",NEW YORK,Egypt,1983-10-02,2025-12-29,2025-12-31, Active ,"$192,089.87"
526,Michelle Nelson,Accountant,Collins Inc.,holly32@example.net,376.898.9365x29447,"827 Linda Valleys
East Rachelland, AZ 34293",sydney,sweden,1971-11-28,2023-04-26,2023-11-17, Inactive,92649.84
527,Diana Davis,COO,Hernandez Inc.,lwalker@example.org,243.857.4835x268,"67398 Veronica Glen Suite 883
Tammymouth, AS 30365",London ,Denmark ,1974-05-17,2024-08-27,2024-12-10,Inactive ,"$104,895.54"
528,Joseph Hall,Research Scientist,Jarvis Systems,richard28@example.org,750-877-4065x79551,"090 Barrera Islands
North Trevorport, VA 04112",Madrid ,EGYPT,1988-04-06,2024-04-04,2025-10-31,Inactive ,338967.48
529,Cynthia Francis,Research Scientist,Greene Group,corymiller@example.org,486.419.0254x760,"953 Roth Grove Apt. 201
East Samuel, MD 74673",dublin,Singapore,1973-02-18,2023-04-07,2025-11-11, Suspended ,"393,094.67 USD"
530,David Brennan,Accountant,Hayden Holdings,moorerobert@example.net,6159153259,"74071 Padilla Vista Apt. 798
West Jeanetteshire, TX 48493", Amsterdam ,BRAZIL,03/06/1987,2023-04-21,2023-05-05, Inactive ,174029.2
531,Elizabeth Wilson,Marketing Specialist,Mcintyre Technologies,williamstoni@example.com,+1-893-240-3910x45203,"18491 Veronica Junction Apt. 855
West Gina, MA 19704",Cape Town,BRAZIL,1957-11-12,2024-04-06,04/18/2025,Active,"$512,478.85"
532,Jennifer Russell,Marketing Manager,,browntamara@example.net,001-800-969-6801,"378 Benson Crossroad
Lake James, PR 38377", Toronto ,australia,"Aug 28, 1970",2024-08-25,2025-04-12,Suspended,102430.11
533,Elizabeth Harris,IT Specialist,Hale LLC,michelle00@example.com,576.825.5032x5017,"2417 White Circle
Lake Stacey, UT 20089",Rome, South Africa ,1966-05-07,2025-02-11,2025-03-04, Active,312932.92
534,Brenda Hoover,Consultant,Walker Group,melissa10@example.net,8906605308,"16673 Christina Avenue
Peggymouth, PW 60340",paris,united kingdom,1971-12-30,2023-01-12,2024-11-19, Active ,140405.32
535,Chad Hernandez,Marketing Specialist,Walter Inc.,kmorris@example.org,529-596-4260,"27558 Chris Mountain
Wuberg, AL 58817",cape town,denmark,1961-03-27,2024-09-08,2025-05-18,Active,207671.9
536,Catherine Mcknight,CTO,Owen Systems,jeremiahwalton@example.org,(336)921-9215,"161 Wesley Forest Suite 588
Lake Briannamouth, OK 98755",TORONTO,EGYPT,1978-05-08,2024-03-26,2024-10-01, Active,338804.69
537,Joseph Tran,Financial Analyst,Kaufman Solutions,janedavis@example.net,900.453.7893x18692,"4018 Gary Throughway Suite 200
New Jason, LA 70841",amsterdam,norway,1961-11-14,08/07/2023,30 Jun 2024,active,179460.54
538,Wanda Torres,COO,House Consulting,derekdougherty@example.org,714-547-4328x116,"020 Tiffany Harbor
East Melissa, DC 94471",new york, Germany,1977-02-17,2025-12-22,2025-12-30,Inactive,"250,399.05 USD"
539,Eric Wilson,Operations Manager,Howard Consulting,heathergarcia@example.com,001-530-228-1650x646,"9377 Kelly Prairie
New Amandaberg, WI 09812", Dublin,GERMANY,1989-02-17,2024-05-14,2024-06-24,active,662916.93
540,Daniel Knight,CTO,Pearson Group,perrynicole@example.net,001-617-546-9029x8310,"96622 Laurie Flats Apt. 670
West Richardstad, MP 55247", Cairo ,united arab emirates,1996-11-08,2023-02-20,,Active ,218857.41
541,Debra Chambers,Business Analyst,Solomon PLC,cfinley@example.com,262.619.8655,"0766 Gail Rapids Apt. 396
Alanfurt, GA 59957",Berlin ,australia,1964-12-03,18/10/2024,, Suspended ,"$588,295.40"
542,Justin Davis,Sales Manager,Bradford Systems,htaylor@example.org,224-936-2585x4218,"USS Singh
FPO AA 19836",AMSTERDAM,SINGAPORE,1986-12-17,16 Jan 2023,"May 31, 2023",Inactive,148628.5
543,Danielle Davis,Project Manager,Ramsey Solutions,barrettashley@example.com,733-585-3247x250,"03115 Sullivan Landing Suite 576
Victormouth, MO 77417",New York ,United Arab Emirates,1990-07-09,2023-05-28,2025-07-01,inactive,"474,901.61"
544,Adam Collins,Accountant,Le LLC,jennifer53@example.com,865.397.4669,"12545 Amanda Branch Suite 948
Port Matthewfurt, PA 19191", Cape Town,canada,1971-06-16,2023-04-22,2023-10-22,active,899053.69
545,Kenneth Johnson,Consultant,Case Group,csanders@example.org,,"0489 John Estate
Velasquezport, WI 42016",Dublin , Singapore,01/17/1999,2025-04-14,2025-10-30, Active,58095.81
546,Mary Phelps,Sales Representative,Lewis LLC,chavezrobert@example.net,001-373-710-0817x85221,"84523 Ochoa Shoals Suite 268
Greenfort, AR 15237", Toronto ,India,1979-12-28,2025-12-31,2026-01-01,Active,187619.89
547,April Lawson,HR Manager,Day Holdings,mollypeck@example.net,4868523777,"3370 Joshua Circle Apt. 527
North Sarastad, MD 85576",STOCKHOLM, Brazil,1981-01-23,"Oct 26, 2025",,Active,490877.8
548,Christina Turner,Data Scientist,Riggs Technologies,johnsonedwin@example.net,(821)242-5731,"136 Troy Expressway
East Davidfurt, RI 45833",riyadh,Australia,1972-10-29,2025-02-20,2025-09-11, Active,284323.58
549,Joseph Smith,Project Manager,Moore Solutions,uthompson@example.org,+1-429-473-5259x533,"93899 Aaron Lakes Suite 353
East Rodney, CO 66990", Stockholm, Denmark,1972-10-10,2024-08-27,, Suspended,424982.01
550,Erica Hicks,Data Analyst,Johnson Systems,ddavis@example.net,208.326.9718x236,"61583 Janice Walks
Wadechester, VT 34860",NEW YORK, India ,1981-10-18,2023-10-17,2024-02-21,active,"$214,745.82"
551,Darrell Collier,Product Manager,Scott LLC,umendoza@example.com,001-642-423-3222x80194,"225 Brown Falls
Jasonton, MH 51568",AMSTERDAM, Singapore ,1967-06-30,2024-09-16,2025-01-02, Suspended ,348228.05
552,Brent Wolf,Financial Analyst,Prince Ltd.,plin@example.org,+1-518-604-6741x3075,"01362 Guerrero Pass Suite 639
Sandovalfurt, CA 41635", São Paulo ,italy,1991-06-03,2023-11-26,2024-06-02,Active ,$293909
553,Laura Christian,COO,Gibbs Consulting,,(715)716-4119,"196 Brittany Mission
Howardburgh, AR 63043",dubai, South Africa,1994-12-29,22-04-2023,2025-09-10, Active,742254.49
554,James Lyons,Marketing Specialist,Shepherd Group,kingryan@example.org,+1-801-897-1212x41393,"0987 Charles Meadow Suite 731
East Samuel, MS 88968",Riyadh ,Norway,03-02-1993,2023-07-21,09/02/2024,active,391638.54
555,James Ortiz,Sales Representative,Stevens PLC,heather88@example.net,786.653.3943x1916,"31202 Brenda Knoll Apt. 576
Victoriashire, SC 60282",Toronto, Netherlands,1994-10-21,24/07/2023,2024-05-11, Active ,415119.56
556,Christopher Mills,Marketing Specialist,Mitchell Consulting,dawsonaaron@example.com,+1-676-944-8676,"63656 Jonathan Isle Apt. 063
Leroybury, NJ 26607", Paris , India,1957-06-20,2024-09-18,2025-09-09,Active ,245655.67
557,Jeffrey Torres,Operations Manager,Stevenson Solutions,annette92@example.com,711.995.2963x530,"5128 Steven Spring
South Kevin, CO 41659", Madrid , Spain,1985-09-18,2023-12-12,2023-12-17, Inactive,232972.49
558,Leah Johnston,Operations Manager,Hendricks Group,cheryl54@example.com,+1-863-545-4434x41491,"449 Mitchell Ports
Natalieview, AK 69421",RIYADH,united arab emirates,1992-10-26,2025-01-06,2025-03-16, Active,242124.97
559,Russell Jones,Sales Representative,Copeland Technologies,dustinwilliams@example.com,362.297.3988x94132,"Unit 9720 Box 2170
DPO AA 43338",TORONTO,italy,1970-05-23,2023-08-11,2024-02-07,Inactive,431972.19
560,Sherri Smith,Business Analyst,York Systems,james65@example.com,892.320.3004x4964,"002 Rodriguez Tunnel
East Jessicamouth, MA 52075",toronto, United States,1997-12-23,2024-02-07,2024-11-03,INACTIVE,244094.53
561,Nicole Decker,Data Analyst,Rice Consulting,llee@example.com,+1-670-586-1993x1458,"6311 Sarah Plaza Suite 034
East Maria, GA 88417",Cape Town,Italy ,1991-12-05,2025-04-09,2025-07-27,Active,401451.66
562,Daniel Hodge,Financial Analyst,Johnson Ltd.,jamesellis@example.org,263-210-4379x686,"294 Mullins Causeway Apt. 177
Calebview, ID 05421",Mumbai,Sweden,1970-06-05,2025-01-19,08/08/2025, Active,1401117.32
563,Charles Garrett,CTO,Skinner LLC,mooreamanda@example.com,4229894665,"32829 Albert Brook
West Richard, CT 28750",New York,Spain,1965-08-22,2025-03-23,2025-09-26,INACTIVE,603069.24
564,Emily Armstrong,Consultant,Smith Ltd.,robinsonjon@example.com,711.767.5076x279,"45301 Renee Street
Lisaburgh, IA 04307", Sydney,australia,1966-04-01,2025-11-18,2025-11-27, Active ,$260872
565,Joshua Moore,Data Analyst,Moran Ltd.,brandonfernandez@example.com,290-717-2224,"8717 Morris Green Suite 199
West Brendan, MN 84363",MADRID,Saudi Arabia ,1982-03-01,2025-09-17,2025-11-02, Active ,759829.8
566,Todd Mann,Sales Manager,Herrera PLC,rmoore@example.com,+1-825-681-2259x0956,"73379 Laura Courts
North Christopher, AR 16128", Cairo ,Denmark ,"Aug 22, 1981",03/29/2023,2025-02-11,ACTIVE,"246,310.26"
567,Caleb Moon,Operations Manager,Church Inc.,youngmichael@example.net,+1-269-501-7074,"99945 Carly Street Apt. 712
East Rebecca, MS 98600",Berlin, Egypt ,1968-02-05,23-03-2023,2025-12-22,Active ,78693.26
568,Thomas Riley,Research Scientist,Robinson Group,bwhite@example.com,222-516-2654x9633,"4704 Romero Prairie Suite 047
Port Gabrielstad, RI 90038",Copenhagen ,India ,1974-02-14,2023-12-23,,INACTIVE,161836.13
569,Adam Wilson,Financial Analyst,Romero Systems,charles53@example.net,574.692.6632x956,"5225 Andres Common Suite 581
Port Cassandra, AK 86237", Cairo,Ireland,1973-09-13,2024-05-30,06/20/2025,Active ,88472.38
570,Patricia Singh,Data Scientist,Hardy Technologies,edwardmitchell@example.org,463-802-9559x63637,"206 Jones Shore Suite 980
Coltonborough, VA 14521",Cairo,france,1966-07-21,2025-09-14,2025-12-01,ACTIVE,
571,Danielle Wilson,Project Manager,Medina Systems,williamsaudrey@example.org,001-321-712-2121x548,"687 Evans Branch Apt. 918
Joseside, AR 51548", Sydney ,australia,1970-10-12,2024-07-29,2025-03-03,Active ,$332001
572,Jeanne Byrd,Operations Manager,Torres LLC,marynunez@example.org,(829)687-7873x5856,"USCGC Curry
FPO AP 16066", Berlin ,Saudi Arabia,1984-10-26,2024-04-16,2025-06-15, Inactive ,1059710.29
573,Jennifer Mcguire,IT Specialist,Ramsey Consulting, KENNETHWHITE@EXAMPLE.NET ,(362)221-3204,"314 Pace Port Apt. 179
Hernandezchester, OR 80377", New York, Spain,1984-09-25,2023-11-27,2025-09-20,active,412029.06
574,Jose Duarte,CTO,Austin Ltd.,pearsonwillie@example.org,480-203-6660,"28538 Lopez Court Apt. 505
West John, NC 31295",London, India ,1982-07-26,2023-10-03,2025-07-09,active,"$281,146.07"
575,Jeffrey Campbell,Sales Representative,Smith Ltd.,angela26@example.net,(499)900-7686,"28389 Nunez Ford
Port Timothy, MH 98409", Mumbai ,United States ,15-09-1959,2025-11-24,2025-12-20,INACTIVE,585712.25
576,Judy Harrison,Consultant,Rogers Group,waretabitha@example.com,(267)313-6841,"39218 Michael Ferry
Mclaughlinland, NC 63005", São Paulo ,SAUDI ARABIA,1971-07-27,2023-06-25,2024-02-02,Inactive ,69717.41
577,William Perkins,Marketing Manager,Pace Solutions,sullivanpaula@example.com,(310)465-9208x8143,"1781 Booker Manor Apt. 845
Thompsontown, VT 96430",São Paulo, Egypt ,1963-01-03,2023-10-20,2025-06-08, Active ,386516.64
578,Amanda Johnson,Marketing Specialist,Myers Holdings,heather68@example.com,001-429-759-1257x34989,"607 Tanner Prairie Apt. 747
Port Christina, NE 77868",TORONTO,SPAIN,2004-01-23,"Jul 17, 2025",2025-12-17,active,"562,195.89"
579,Antonio Burke,CTO,Torres Inc.,zandrews@example.com,7806897474,"398 Rodriguez Mountain
West Mary, NC 83065",Singapore , France,1972-06-13,2024-02-19,2025-08-08,Active ,116423.49
580,Daniel Steele,COO,Ross Consulting,osbornkelly@example.net,+1-804-245-0928,"02627 Randy Highway
North Maryburgh, KY 70577",CAIRO,germany,1996-06-21,2023-03-21,2025-09-05, Active ,729874.46
581,Lisa Garcia,CTO,,carrilloaaron@example.net,001-583-905-7488,"563 Edward Mission
Roseton, AL 28400", Singapore ,denmark,1957-11-15,2023-01-03,2025-06-05,INACTIVE,415379.35
582,Joseph Allen,Research Scientist,Cooper Solutions,zwolf@example.org,001-695-530-5641,"7908 Sloan Brook Apt. 872
Humphreyton, AK 15311", Copenhagen ,India,1986-07-19,14-04-2024,2025-08-21,Inactive ,245069.83
583,Amber Matthews,Project Manager,Harris Consulting,pamela10@example.org,844-842-9906x745,"40622 Mario Key Suite 725
Tateburgh, PR 24198",Rome ,Saudi Arabia ,1961-09-29,2023-07-20,2024-09-28,Inactive ,"USD 510,398.62"
584,Devon Scott,Accountant,Smith LLC,jasonreid@example.net,570-847-4764x8455,"83507 Tara Heights
Jessicaborough, CT 22288", Amsterdam ,UNITED STATES,1989-12-31,2024-08-03,2025-09-26,INACTIVE,1606365.93
585,Laura Elliott,CTO,Atkins Consulting,smithjohn@example.org,+1-521-717-3277x26488,"522 Jackson Ville Suite 251
Wilsonhaven, MD 64628",New York, Ireland,1973-09-01,06 Dec 2025,2025-12-10, Inactive,372244.58
586,Sheila Strong,Software Engineer,Miller Holdings,brownsabrina@example.net,,"7841 Wilson Prairie
Jacquelineshire, NH 26641",Paris ,SINGAPORE,1968-05-12,2025-04-17,2025-10-20, Inactive,$389942
587,Marie Garcia,Product Manager,Boone Systems,benjaminhall@example.net,+1-303-531-8361,"0878 Lisa Point
West Laurafort, ND 62788",SÃO PAULO,Italy ,1965-03-30,2025-05-17,2025-10-09,suspended,237624.59
588,Gabriel Moore,COO,Mitchell PLC,rwhite@example.org,321-774-6535x37801,"44671 Ramos Lane Apt. 969
West Jeffreyfurt, DC 77526", Riyadh ,Australia,1985-04-02,2025-04-26,2025-09-15,ACTIVE,180793.17
589,Tracy Pierce,Product Manager,Scott Group,bsoto@example.com,,"521 Amber Lodge
Rebeccaburgh, SD 39142",DUBLIN, France,1974-09-23,20-09-2024,2025-07-13, Inactive ,586093.77
590,Lisa Patterson,Marketing Manager,Fitzgerald PLC,christine97@example.net,(372)285-7595x828,"9789 Lori Hills
Lake Charlene, VI 59726", Berlin,Netherlands,31/08/1999,2025-07-03,2025-12-30, Active ,180005.25
591,Thomas Torres,Research Scientist,Murray Systems,karen84@example.com,214-536-7286x81123,"8119 Chelsea Overpass Apt. 459
Port Andrewshire, SC 22380",NEW YORK,Canada,1996-06-18,2023-04-17,2023-09-29,inactive,344585.1
592,Brandy Turner,Business Analyst,Griffin Consulting,wooddylan@example.com,(493)835-1588x07053,"93910 Susan Place
Port Ashley, NJ 40789", Rome , Spain,03/18/1962,2025-06-10,2025-07-03,active,234600.6
593,Jason Ryan,HR Manager,,david60@example.net,7852818104,"73615 Harris Throughway Suite 271
Lake Michael, VA 79089", São Paulo, United Kingdom,10-04-1975,2025-03-31,2025-12-23,Suspended ,458303.03
594,Charles Johnson,Sales Manager,Sanchez Technologies,john90@example.net,5583561547,"3979 Michael Turnpike Apt. 164
South Sue, RI 06083",CAIRO, Sweden,1987-12-20,2025-06-18,2025-06-21, Active ,413976.08
595,Jason Ryan,Sales Representative,Massey Systems,thomaswhite@example.org,(689)466-6053,"4161 Patricia Road Suite 535
Robertview, AZ 49430", Sydney,United Kingdom,30-10-2002,"Nov 22, 2025",2025-12-07, Active,677576.65
596,Michele Dean,Research Scientist,Johnson Ltd.,taylortina@example.org,927-363-6281x444,"530 Andrews Cape
Simpsonview, UT 99613",COPENHAGEN,IRELAND,1997-10-17,"Jun 27, 2023","Apr 05, 2024",Active,229346.34
597,Erin Pennington,Business Analyst,Hopkins Inc.,hudsonglen@example.net,001-949-387-4551x35872,"68811 Combs View
Kimberlyton, ID 40486", Cape Town,SWEDEN,2002-01-13,2023-05-21,2025-12-18,INACTIVE,error
598,Meghan Hoffman,Accountant,,hunterjamie@example.com,358.533.3647x704,"153 Costa Ferry
South Dean, KS 22371",MADRID,BRAZIL,2003-02-25,13 Dec 2024,2025-06-09, Suspended,165192.28
599,Brooke Taylor,Marketing Manager,Bradshaw Solutions,riosgeorge@example.org,690-357-7204,"941 Erik Landing Apt. 810
Kleinport, CT 83638",Singapore ,Egypt,"Nov 18, 2000",2023-01-10,2024-06-28,active,240144.17
600,Christine Gutierrez,CTO,Thomas Group, AMY70@EXAMPLE.NET ,001-987-626-4963x2251,"0432 Garcia Place
North Jamesfurt, NC 57074", Rome , South Africa,1960-06-26,2024-11-27,2025-01-26,inactive,"$426,816.88"
601,Joyce Washington,CEO,James Technologies,wellsedward@example.com,320.720.0953x662,"57795 Brian Park
East Matthew, AS 74305",madrid, Norway ,2002-12-12,2025-02-11,2025-11-27, Suspended,556761.38
602,Joe Higgins,Software Engineer,Johnson Technologies,drobinson@example.org,807.222.1138,"67221 Linda Glen Suite 461
Rodriguezburgh, OH 09466",rome,CANADA,1978-11-06,26-02-2023,2025-11-10,Active,171868.39
603,Rachel Perkins,Product Manager,Smith PLC,kirk60@example.org,244.422.5216,"412 Brandy Inlet
Salinasfort, FM 24132",Cairo ,south africa,1974-01-15,2024-10-08,2025-05-08,Active,
604,Diana Lee,Research Scientist,Johnson PLC, ROBERTGARRETT@EXAMPLE.COM ,232-476-1794,"598 Rodriguez Camp Apt. 119
West Stephanieside, OR 12417",oslo, Canada ,1963-12-28,2024-08-11,2024-09-28,ACTIVE,846568.59
605,Courtney Steele,Marketing Specialist,Jordan Holdings,sholder@example.com,001-898-264-7868x6237,"PSC 8844, Box 7408
APO AP 30742",Rome,Australia,1977-02-07,"Dec 25, 2024",2025-04-16, Suspended ,437750.52
606,Ricardo Taylor,Financial Analyst,Sandoval PLC,daviladaniel@example.org,549.892.1640x0698,"53484 Nelson Canyon
North Jeffrey, NC 54269", Madrid , Italy ,1971-03-27,18-10-2025,2025-11-13,active,1219262.92
607,Amanda Riley,Software Engineer,Reynolds PLC,jennifersmith@example.org,(537)220-5503,"863 Manning Lodge
Allenville, RI 01133",BERLIN, Canada ,"Oct 16, 1955",2024-12-30,2025-03-20,inactive,190679.17
608,Kevin Powell,CEO,Meyer Consulting,martinezdavid@example.org,5919692327,"906 Amber Street Suite 481
Castilloview, MS 32606", Copenhagen, Brazil,1957-08-13,14 Jan 2023,2023-04-11, Active ,137137.82
609,Joshua Whitney,Marketing Manager,Johnson Consulting, GABRIELLE36@EXAMPLE.ORG ,737-611-8151,"420 Cynthia Valley
North Michaelmouth, WV 31849", Cairo, Italy,1969-03-26,2024-07-16,2025-12-01,Active,94362.2
610,Richard Tyler,IT Specialist,Jenkins Ltd.,kmorris@example.net,+1-444-694-6672x010,"81822 William Ranch
Tammyberg, MH 51760", Riyadh,South Africa,07/09/1962,"Apr 21, 2023","Oct 11, 2024",Active ,933999.35
611,Ryan Kerr,CTO,Schmidt Ltd.,crawfordhaley@example.org,635.336.4235x700,"285 Ana Spur
Maysburgh, WY 83279",DUBAI,NORWAY,2003-05-19,2025-07-25,2025-08-25, Inactive,518168.6
612,Patricia Villarreal,Software Engineer,Reed PLC,mitchellmichelle@example.com,800-879-2304,"83827 Anthony Stream
East Tonya, DC 74923", Oslo, Denmark ,1991-08-23,2025-02-16,2025-12-11,ACTIVE,315240.38
613,Natalie Beard,Accountant,Schaefer Systems,fjones@example.org,5486507665,"2276 Melissa Hills
Bryantown, CT 82032", Riyadh, Brazil ,1959-12-11,2024-06-22,2025-02-20,Active,
614,Bryan Sandoval,Product Manager,Young Solutions, VICTOR34@EXAMPLE.COM ,(443)458-6176,"USS Brady
FPO AE 60643", Copenhagen,IRELAND,1988-05-14,2024-03-07,2025-05-11,Active,"$149,067.97"
615,Laura Suarez,Accountant,White Ltd.,ghatfield@example.com,(665)662-2419x76878,"290 Michael Camp
Proctorville, AS 67381", Madrid,South Africa,1970-06-27,2024-04-13,2024-07-25,Active ,1815781.27
616,Michelle Miller,Data Scientist,Cunningham Ltd.,teresa23@example.com,734-804-6682x121,"54920 Keller Harbor Suite 111
Schroederside, OH 11027",sydney,singapore,1981-08-27,11/03/2023,, Active,358776.47
617,Adrienne Ryan,CEO,Ford Systems, VINCENTROY@EXAMPLE.COM ,659.848.8218,"4051 Victoria Falls Apt. 254
Lake Kara, CO 95686",stockholm,italy,1964-10-05,2025-12-29,,Active ,353831.59
618,Adam Pearson,Marketing Manager,Roy Solutions,ericksonbrent@example.net,001-486-203-7218x6003,"Unit 3197 Box 8999
DPO AE 11010", London ,netherlands,"Jan 04, 1960",2023-07-22,2025-06-29,inactive,544725.15
619,Sarah Davis,Accountant,Hill LLC,clarksamantha@example.com,,"59084 Bonnie Haven Suite 855
Lake Davidborough, NV 45160", Copenhagen,Denmark ,1966-07-29,2025-07-10,2025-10-04,Active,458954.55
620,Heather Lawson,IT Specialist,Moreno Group,johnsonsandra@example.net,878.207.2790x37161,"722 Erica Trace
Kingfort, WI 16310", Berlin,Denmark,"Nov 11, 1981",2024-12-05,16/12/2024,INACTIVE,383355.8
621,Anthony Gibson,Product Manager,Washington PLC,billyjohns@example.net,902-248-0855,"432 Nancy Ferry Apt. 169
Port Victoriafurt, OH 46692",Oslo,egypt,15-02-1997,2023-12-24,11/10/2024, Active ,188465.05
622,Mark Williams,HR Manager,Green LLC,zsmith@example.com,+1-851-669-1395x21501,"07033 Williams Via Suite 243
New Amandabury, OK 18451",dubai,France ,1969-10-06,2025-02-19,2025-12-31,Inactive ,455899.58
623,Sarah Lindsey,Sales Representative,Wyatt Holdings,robinsonalejandro@example.org,001-969-710-5302x1516,"463 Elizabeth Ridges Suite 348
North Aarontown, GU 16031",MUMBAI,ireland,1998-10-08,2025-05-13,2025-10-22,inactive,1223733.69
624,Maria Weiss,Operations Manager,Hill Ltd.,xfisher@example.org,389.961.5738x5512,"PSC 5123, Box 9597
APO AP 13406", Oslo,sweden,1972-05-08,2024-12-04,2025-03-31,INACTIVE,840535.13
625,Michelle Sawyer,Product Manager,Green Solutions,odickerson@example.org,,"71073 Margaret Mountain Apt. 564
Schmidtbury, NJ 87608", Mumbai , Egypt ,1991-01-14,2024-07-09,08-10-2025, Suspended ,999720.12
626,Kristen Sanchez,Financial Analyst,Robinson Ltd.,ostewart@example.net,4278414857,"4686 Patricia Ferry
Wendymouth, MT 56679",rome, Canada,1967-11-28,2023-02-17,2023-11-01,Active,229153.88
627,Gabriel Garcia,CEO,Smith LLC,jvega@example.com,735-438-6762,"879 Richard Skyway Apt. 488
Garzabury, HI 08042", Cape Town,United Kingdom,1989-08-17,2023-05-11,26-12-2025,active,163943.42
628,Gabriel Martinez,Sales Representative,Deleon LLC,jordanreed@example.org,+1-289-727-3961x59764,"7078 Porter Junction Suite 426
New Janettown, IA 69571",PARIS,Canada,1968-05-07,2023-08-01,2024-04-26,INACTIVE,300123.45
629,Jonathon Stephens,HR Manager,Bruce Group, ZCLARK@EXAMPLE.NET ,(373)320-2227,"7691 Rodriguez Expressway Apt. 429
Danielview, MP 72916",Dubai,France ,1975-06-06,2024-04-14,2024-12-24,ACTIVE,340785.13
630,Kayla Bishop,Operations Manager,Tran Inc.,brooksshelby@example.com,001-203-392-2026,"Unit 4264 Box 7106
DPO AP 03813", Riyadh,united arab emirates,1998-03-05,2023-03-13,2025-03-13, Suspended,704986.59
631,Daniel Torres,COO,Hayes Group,dorseylinda@example.org,(937)405-0049x3326,"9317 Anna Tunnel Suite 638
New Jeffreyshire, AZ 97682", Sydney , India ,1975-02-11,"Jun 30, 2025",2025-08-04,Active ,100235.21
632,Nicole Ballard,COO,Spears Consulting,bruce59@example.net,+1-485-319-3932x727,"3504 Brown Village
Higginsmouth, MO 85158",stockholm, Denmark ,1971-11-07,2025-06-09,2025-10-22, Active ,956164.48
633,Kenneth Mitchell,Product Manager,Jackson LLC,angelatorres@example.org,001-874-699-5070,"756 Gene Plains Apt. 192
East Jacobland, MH 49181",singapore,ITALY,1993-09-06,"Jun 23, 2025",2025-09-10,ACTIVE,293430.02
634,Erica Dean,HR Manager,Blackburn Systems,christineramirez@example.net,001-509-432-2533,"51025 Cooper Circle
New Nicolebury, MA 37683",Riyadh ,SOUTH AFRICA,1971-09-22,07 Oct 2023,2024-09-24,ACTIVE,243089.08
635,Robert Cordova,IT Specialist,Robbins Technologies,perezrichard@example.net,+1-684-539-3332,"620 Michael Summit
North David, WY 35820",stockholm,Brazil ,1992-07-04,2024-09-05,2024-09-10,Active ,161381.59
636,Jeffrey Collier,COO,Davis Holdings,wallacemathew@example.net,(359)999-2012x3763,"2106 Caitlin Way Suite 193
Petersonville, OR 17860",singapore, Ireland,1964-06-26,2024-01-22,2025-03-19, Active,"102,908.99 USD"
637,Jonathan Durham,Accountant,Griffin Solutions,corywatson@example.net,(226)847-5286x4612,"09928 Stewart Dam
Bruceburgh, VT 14380",Toronto,singapore,1958-09-13,2025-02-13,2025-06-06,ACTIVE,583161.48
638,Martha Coleman,COO,Vazquez Consulting, MICHAEL51@EXAMPLE.COM ,921.991.4308,"PSC 7247, Box 9254
APO AE 20597",Rome, Singapore,2003-03-12,2024-07-10,04/28/2025,Active ,345007.89
639,Andrea Salinas,Consultant,Shaw Ltd.,jeanking@example.net,581-592-0487x70676,"986 Davis Well
East Matthewside, TN 38490", São Paulo,united arab emirates,2002-09-01,2024-08-16,2024-10-12,Active ,132856.83
640,Eric Cordova,Project Manager,Hill PLC,dana58@example.net,282.656.7262,"925 Bradshaw Wall
Jillianland, WY 77257", London,south africa,1974-10-28,18 Oct 2024,"Oct 28, 2024", Active ,132381.72
641,Frederick Garcia,Consultant,Peters Group,isaiahbell@example.org,,"01223 Miller Port Apt. 900
Fostermouth, AZ 18114",new york,Spain ,1975-09-17,2024-07-05,11/11/2024, Active ,259095.17
642,Christopher Powell,HR Manager,Smith PLC,maria09@example.com,(532)517-4003x91019,"922 Kenneth Mountain
North Stefaniebury, MS 01259",RIYADH,denmark,1989-09-03,2024-12-01,2025-07-05,active,1054223.53
643,Gene King,Project Manager,Barnes Holdings,huynhdouglas@example.com,+1-505-764-6160x76264,"72346 Sean Manors Apt. 313
Port Robert, AL 84769",LONDON, Italy ,2001-07-13,2023-06-14,2025-10-25,Inactive,273289.25
644,Maria Murray,Accountant,Williamson Technologies,jennifer64@example.org,416.954.4137,"576 Robert Square Apt. 494
New Theresa, GU 36866",dublin, United States ,1998-09-30,2024-01-07,"Jul 22, 2024",Active ,"114,439.31"
645,Amy Flynn,Financial Analyst,Lamb PLC,vmurphy@example.org,,"4417 Jeffery Key Suite 538
Armstrongmouth, OK 01913",London,netherlands,1963-09-26,2025-02-27,"Oct 12, 2025",active,"275,951.35 USD"
646,Aaron Espinoza,Research Scientist,Sawyer Systems,julie62@example.com,+1-690-347-2386,"538 Garrett Island
Harmonview, HI 12477", Stockholm,NORWAY,1974-10-10,2024-03-02,2025-06-30,Active,270788.54
647,Judy Bell,Accountant,Ramirez Systems, KIMBERLY90@EXAMPLE.ORG ,001-937-881-4604,"78844 Stephen Locks Suite 187
Natalieview, MH 54777", Riyadh,Sweden,1997-03-25,2025-12-02,2025-12-06, Active ,49621.49
648,John Herring,IT Specialist,Anderson PLC,zfischer@example.net,254-218-5899,"291 Kimberly Inlet Suite 078
Smithbury, MN 54489",oslo,united states,08/07/1992,2023-08-20,2024-04-18,active,315525.13
649,Andrea Hoover,Data Scientist,Patterson LLC,rachel33@example.com,869-983-3067x730,"222 Jenkins Walks
Pruittview, WI 11154",LONDON,India,1985-09-22,2025-03-21,2025-07-24,INACTIVE,$278827
650,Sarah Jones,Business Analyst,Wise Consulting,gromero@example.com,938-859-0673x96342,"504 Don Crest Suite 048
Hubbardland, ND 53122",Madrid , Australia,1989-01-30,2023-11-14,2024-11-29,active,533569.42
651,Amanda Rowe,Product Manager,Ramos Holdings,lmyers@example.org,001-416-929-0739x92891,"5337 Stephen Avenue
Shortport, RI 34896",PARIS,south africa,1964-01-13,2023-05-03,2023-07-04,INACTIVE,1195732.19
652,Megan Edwards,Product Manager,Matthews PLC,anthonyrobbins@example.net,+1-631-735-4901,"0692 Christina Viaduct Suite 305
Wendyhaven, GA 36094",dubai,NETHERLANDS,1966-12-29,2024-10-10,2025-07-23,Active ,721145.01
653,Sandra Jones,CEO,Gaines Ltd.,donna30@example.net,(817)881-6780,"USNV Alvarado
FPO AP 15429",dubai, South Africa,1972-06-20,2024-05-28,2024-07-08,Active,271516.43
654,Sydney Morris,Product Manager,Brewer PLC,garciadebra@example.com,001-492-881-5037x01709,"0308 Zachary Way
South Erikberg, NC 22207", Oslo, United Arab Emirates ,01/21/1985,2024-01-18,2025-07-28,active,151059.92
655,John Ryan,CTO,Perry Systems,denisetownsend@example.com,350.307.2889x59274,"9196 George Mountains
Myerstown, OH 04838",Paris ,UNITED ARAB EMIRATES,1981-08-12,2023-11-25,2024-02-04,Active ,1985441.49
656,Christopher Durham,CTO,Pittman Holdings,colleenbryant@example.net,001-926-234-4435x96245,"424 Diane Landing
South Candice, OR 12300", Dublin ,AUSTRALIA,2001-08-17,2025-07-18,"Jul 19, 2025",Inactive ,341619.53
657,Christine Rivas,Business Analyst,Moore Holdings,stephenwright@example.org,+1-949-276-0396,"65240 Kelly Square Suite 481
Clarkeview, TX 02633", Cape Town,Ireland ,2003-03-15,2024-05-04,2025-03-29, Active ,330959.24
658,Ricardo Travis,HR Manager,Russo Systems,mary88@example.org,859-877-3854,"36066 Munoz Road
Campbellland, DC 49368", Oslo,SINGAPORE,1984-02-13,2023-11-12,08/01/2025, Active,322259.51
659,George Jones,Project Manager,Bradley Systems, QFAULKNER@EXAMPLE.ORG ,(804)429-8622,"1799 Thompson Key Suite 999
New Robin, PA 96709", Sydney,United Kingdom,1982-06-26,2023-05-17,01/07/2023,ACTIVE,376494.73
660,Emily Smith,CEO,Lewis LLC,zgrimes@example.net,477.279.2560x41348,"315 Carrie Summit Apt. 912
South Alejandro, AL 09217",cairo,Brazil,1969-10-25,07-03-2023,2025-05-11,Inactive ,296246.66
661,Brian Webster,Business Analyst,Williams Holdings,jspears@example.net,001-914-730-4913x4103,"09986 Wall Lights Suite 224
West Christineberg, AR 68473", New York,NETHERLANDS,1964-07-29,2024-03-28,2025-12-09,Inactive ,219352.78
662,Rebecca Gibbs,Product Manager,Rogers LLC,anthonyrandolph@example.com,(491)294-8962x98056,"07966 Sharon Meadows Suite 724
West Johnport, NM 34268", Cape Town ,Singapore,1961-07-12,2025-08-16,2025-09-01,Inactive ,223507.16
663,Christopher Benson,Data Analyst,Martin Inc.,tamaradouglas@example.com,+1-795-261-0077x73217,"202 Whitaker Summit
New Jamesfort, ID 28021",Toronto, Sweden,1978-02-23,2024-06-28,2025-12-22,ACTIVE,320319.02
664,Nancy Garcia,Financial Analyst,Lee Systems,lisachristian@example.com,874-489-0476x078,"07651 Kristin Roads Apt. 851
Nealburgh, VI 71045",CAPE TOWN,Ireland,1984-09-08,07/18/2023,2023-10-30, Active ,224045.1
665,Alan Pena,COO,Miller PLC,patrick40@example.net,385-780-5581,"PSC 7449, Box 6539
APO AP 15832",Singapore, Germany ,2000-10-17,2024-01-02,2025-07-27,Inactive ,198989.62
666,Andrea Jones,Marketing Manager,Williams Technologies,anicholson@example.org,409-430-4541x8403,"396 Mack Trafficway
East Willieside, OH 52843",Sydney,south africa,1989-03-02,2025-05-24,2025-06-20, Active ,353098.09
667,Thomas Pena,Product Manager,Ramirez Ltd.,kelleramanda@example.org,(865)529-5164,"6230 Cassidy Mountain
Josephtown, NY 66984",OSLO, South Africa,23-09-1999,2025-12-29,2025-12-31, Suspended,274173.38
668,John Thompson,IT Specialist,Gill Holdings,gfreeman@example.net,+1-687-509-2019x918,"266 Cole Plain
Angelaside, AR 45446", Oslo ,Brazil,1963-08-12,2025-04-24,2025-11-06,active,939210.67
669,Cassandra Walker,Consultant,,dominiquerodriguez@example.net,(904)672-2053x9707,"7082 Christopher Terrace Apt. 461
Jessicashire, KY 55711", Dubai,Ireland ,1998-07-27,2024-06-04,2025-06-08,active,51242.33
670,Bridget Henry,Project Manager,Tucker Consulting,icuevas@example.com,(435)896-0530,"25787 Jason Loaf Suite 050
Youngfurt, MO 31788",Stockholm , United States,1976-11-21,2023-02-03,30-12-2025,Active,703662.98
671,Guy Walker,COO,Smith Holdings,andersonalyssa@example.net,564-209-8910,"30252 Charlene Junction
Lake James, NH 99719",CAIRO,South Africa ,1973-10-21,2023-02-14,"Sep 02, 2024",active,784074.75
672,Dana Simon,Product Manager,Mcdonald LLC,jesse19@example.net,(960)709-8602,"PSC 7454, Box 4920
APO AA 37965",paris, France ,1992-03-27,2023-03-19,07/03/2024,active,76774.42
673,Dana Romero,HR Manager,Estes PLC,heather53@example.net,718-708-1896,"5662 Carla Spur Suite 217
Williamschester, MS 02083",toronto,India ,1967-02-16,"Apr 22, 2024",2025-01-10,Active,unknown
674,Caleb Torres,CEO,Cain LLC,cochranmary@example.com,+1-860-270-4726,"58501 Friedman Springs Apt. 173
South Tylerville, MD 55976",Sydney ,saudi arabia,08 Apr 1958,2024-10-26,2025-12-06,Inactive ,"$252,708.36"
675,Darrell Schultz,HR Manager,Rose Consulting,brooksharold@example.com,233-895-4794,"Unit 5315 Box 7905
DPO AP 60824", London,india,1961-08-28,2023-07-15,2025-03-16,active,122362.33
676,Steven Smith,IT Specialist,,blakesarah@example.net,001-786-864-6936,"59748 Foster Avenue
Gloriaton, WI 24845",berlin,Spain,09-03-2003,2024-12-13,2025-07-24,inactive,190142.36
677,April Arnold,HR Manager,Chaney Inc.,zabbott@example.net,284-730-1922,"32973 Jason Wall
Robertston, HI 73989", Cairo,United Kingdom,2000-10-13,2025-02-22,2025-03-22,active,150632.28
678,Joshua Medina,Project Manager,Morris Holdings,lisadonovan@example.com,(799)424-2773x9238,"209 John Alley
South Christinabury, WV 23463", London,IRELAND,1980-12-03,2025-10-25,2025-11-23, Suspended,$1117483
679,Kenneth Burns,Financial Analyst,Carter Consulting,suzannesimpson@example.org,+1-798-429-0755x154,"PSC 0756, Box 9991
APO AE 72736",Singapore,sweden,2002-08-21,2025-10-30,2025-11-05,Inactive,630945.57
680,Randall Yu,Marketing Specialist,Martinez Holdings,moranphillip@example.com,932.926.2277,"8066 Blair Burgs
Smithside, MN 07363",LONDON,South Africa,1967-04-16,2023-06-19,2024-10-19,ACTIVE,798179.32
681,Keith Martin,Project Manager,Salinas Systems,christina29@example.net,924-710-7402x7406,"6259 Meagan Meadows Apt. 003
Leehaven, TN 47271", Paris , Saudi Arabia,"Sep 15, 1986",2025-06-08,,Active,543166.1
682,Kevin Serrano,Sales Representative,Leon Consulting,yware@example.com,(914)697-4597x93183,"9860 Cervantes Bridge
Carlaborough, FL 55150",cairo,Spain,1993-08-09,2024-02-06,2025-09-03,Active,"$148,696.67"
683,Chad Young,Marketing Specialist,Kim Solutions,davidmcgee@example.net,661-721-2898x115,"12762 Renee Viaduct
Sheilaport, HI 83990",TORONTO,Germany,1963-07-18,2024-10-24,2025-10-10,inactive,227029.63
684,Angela Carter,Product Manager,Sanders Holdings,sfrancis@example.com,988-282-2378,"68061 Heidi Glens Suite 647
Petermouth, NY 56649", São Paulo , United States,1989-04-10,2024-01-26,2024-12-20,Inactive ,461649.95
685,Whitney Clark,Project Manager,Hanson Consulting,rlee@example.net,209.472.3610,"2016 Kelly Island Suite 864
Victorhaven, MO 42768",DUBAI, United Kingdom,08-09-1971,2025-06-24,2025-12-01, Suspended,139317.47
686,Eric Freeman,Business Analyst,Blake Holdings, LBELL@EXAMPLE.COM ,,"66545 Eric Glens Suite 418
Fitzpatricktown, FL 26940", Berlin , United Kingdom,1965-07-03,2023-11-16,2025-12-31, Active,539878.23
687,Christine Turner,Operations Manager,Russell Ltd.,xsmith@example.org,570-817-0363x09442,"508 Anthony Rest
Julieborough, KY 88053",Berlin ,Sweden ,1983-12-19,12-08-2024,2024-08-20, Active ,276999.84
688,William Hayes,COO,Silva PLC,mlittle@example.com,+1-779-872-4528x413,"5073 Molina Lane
Evanshaven, AL 75610", Cairo, Italy,1971-05-25,2024-03-09,, Active,252111.17
689,Eric Miller,Marketing Specialist,Bowman Ltd.,ashleyrhodes@example.com,001-680-426-0294,"15892 Meyer Ridge
South Jamesport, FL 05857",Cairo ,united kingdom,07-10-1966,2023-02-07,2025-03-20,ACTIVE,"$539,108.42"
690,Lindsay Henry,Consultant,Elliott PLC,eortega@example.com,+1-867-659-5141,"Unit 8230 Box 8829
DPO AA 84568",New York,Canada ,07-02-1981,2024-07-09,2024-09-02,ACTIVE,"447,299.79 USD"
691,Katie Costa,HR Manager,Sanders Holdings,daniel62@example.org,+1-932-660-5869x4276,"PSC 3173, Box 0662
APO AP 28502",Dublin , Spain ,10/30/1987,09/08/2023,2023-08-29,Suspended ,"254,568.11 USD"
692,Nicole Berger,Sales Representative,May LLC,watsontina@example.net,001-217-888-2426x55946,"PSC 3272, Box 3717
APO AP 66376",cape town,Canada,2001-12-21,2024-10-08,14/06/2025,Active,737875.85
693,Charles Lynn,Financial Analyst,Johnson Technologies,nicoleperez@example.net,001-600-965-4870,"Unit 9541 Box 7675
DPO AA 27046",Cairo ,SWEDEN,1984-09-12,"Feb 14, 2023",2023-05-07,active,153776.52
694,Sara Scott,Product Manager,Jones Ltd.,cameronkaitlyn@example.com,815.491.5790x89458,"488 Jenkins Pine
Port Erictown, TX 63282",COPENHAGEN, Sweden,1975-02-27,2023-02-07,2025-01-18,Active ,504415.15
695,Charles Tran,Data Scientist,Hernandez Inc.,lmaldonado@example.org,+1-390-451-8812x9886,"706 Espinoza Vista
Port Davidmouth, OR 17796",CAPE TOWN, Italy,1966-05-18,2024-06-11,2025-07-13, Active,496416.65
696,Lindsey Chambers,Research Scientist,Maxwell Solutions,paullawson@example.org,748.264.9703,"8968 Wendy Field Suite 570
Ramosville, WI 22889", Cairo ,BRAZIL,1996-10-11,2023-10-09,2024-01-07, Inactive,263897.88
697,Amanda Reese,Project Manager,,craigmurphy@example.net,5576052187,"0458 Daniel Club Suite 147
Lake Samanthaville, WV 20474",SINGAPORE,sweden,2001-07-02,07-05-2024,2025-12-15, Suspended,411800.02
698,Jason Avila,Project Manager,Levine Systems,melissa36@example.net,915.268.9109x779,"44568 Baker Mountains
Angelbury, GU 55978", Mumbai ,SOUTH AFRICA,1991-03-08,2023-09-27,2024-04-26, Inactive ,136519.19
699,Amanda Olson,CTO,Simmons Ltd.,,(795)973-7831,"273 William Points
Lake Benjamin, OK 12130",paris, Singapore ,1971-11-12,24/09/2024,12 Sep 2025, Suspended,625820.53
700,David Gonzalez,Business Analyst,Richardson Ltd.,dawn33@example.org,216-951-8548x3966,"PSC 4467, Box 4621
APO AA 97888",CAPE TOWN,South Africa ,1986-08-08,2023-11-20,2024-10-11,SUSPENDED,287957.59
701,Veronica Peterson,Data Scientist,Kelly Holdings,debra74@example.net,+1-316-817-0502x218,"413 Monroe Shores
Hugheston, VT 77938",Oslo ,SINGAPORE,1968-02-16,2023-10-26,2025-11-09,SUSPENDED,227315.43
702,Jeffrey Chambers,Software Engineer,Hart Group,scochran@example.org,001-229-828-6433x0265,"83667 Martinez Summit
Fritzchester, NE 10719", Paris,Australia ,1955-09-12,2023-11-08,2024-05-19,Active ,683038.47
703,Curtis Hall,Financial Analyst,Bright Group,rherman@example.org,2223234998,"PSC 3768, Box 3675
APO AP 97542",Madrid, United States ,1956-05-31,2024-04-17,2025-12-19,ACTIVE,200177.43
704,Sheila Andrews,Sales Representative,Wells Technologies,umendez@example.org,+1-344-961-4409x2335,"6426 Daniel Lights Apt. 726
North Ashley, WY 98862",Riyadh, Denmark ,1973-02-07,2023-10-02,2025-02-28,Active ,"122,281.02 USD"
705,Yvette Cordova,Sales Manager,Conway Technologies,oenglish@example.com,(292)527-7641x490,"PSC 8502, Box 5513
APO AA 38321", Madrid,United Kingdom,2000-12-20,2023-10-09,,Active,110233.88
706,Richard Murray,Sales Manager,Scott Group,lcastillo@example.net,+1-639-704-7331,"7493 Michael Crescent
Heathershire, NH 69442",AMSTERDAM, Canada,1980-12-17,2025-04-25,2025-06-21,Active ,500922.64
707,Amy Sampson,Operations Manager,Lawrence Consulting,jason20@example.com,3955437766,"001 Hanna Corner Suite 391
Christopherland, KS 30495", Dubai, Spain,1976-11-06,2025-09-30,2025-12-28,active,133746.23
708,Bethany Bell,Research Scientist,Nichols Consulting,crystallandry@example.org,481.787.1096x8564,"8026 John Valleys
West Sheriburgh, VT 97893",são paulo, India ,1965-03-28,2025-02-18,2025-07-29,active,1119458.82
709,Destiny Lawrence,Consultant,Powell Inc.,lopezbrian@example.net,(855)905-2241x14206,"45992 Cody Wall Suite 633
East Derek, DC 36922",dubai,United Kingdom ,1957-06-15,2025-12-02,2025-12-06, Inactive ,76316.88
710,Mario Pennington,COO,Esparza Systems,mistymatthews@example.org,+1-620-556-2019x01134,"32528 Moses Crescent
East John, PA 33814",DUBLIN,egypt,1972-01-25,21/03/2025,11 Apr 2025,INACTIVE,1074664.91
711,Ryan Webster,Research Scientist,Heath PLC,mathew34@example.org,564.649.7602x49866,"953 Christensen Roads
Weberbury, KY 87253", Stockholm ,sweden,1983-09-11,2024-08-19,"Apr 02, 2025", Active ,379918.57
712,Angela Lopez,CTO,Walsh Consulting,gregory73@example.com,(415)726-6559x1476,"664 Joseph Tunnel
Jeffreyfurt, PR 76733",paris,united arab emirates,1989-10-29,2023-04-22,2025-03-29,inactive,306294.04
713,Jacob Rubio,Marketing Specialist,Moore Systems,rwaters@example.com,(653)553-8962x98532,"9241 Wells Estate Suite 638
West Joseph, TN 38068",CAPE TOWN,France ,1975-10-03,2023-08-20,2024-02-21, Active,223810.87
714,Chad Ruiz,Marketing Specialist,Murphy Inc.,ksanchez@example.org,(816)382-4979x39981,"811 Prince Passage
Lake Steven, AK 32593", Amsterdam ,united arab emirates,1956-10-03,2024-01-02,2025-04-11,Active ,433390.86
715,Chad Mccall,Software Engineer,Drake Ltd.,danderson@example.com,001-420-814-8967x808,"21463 Logan Mills
Whiteview, MP 19395", Dubai,denmark,1992-04-23,2023-09-11,2023-12-14, Active,$319226
716,Catherine Guerrero,COO,Frey Systems,paulpark@example.com,001-663-339-1729x94036,"Unit 1266 Box 4971
DPO AP 54240",DUBLIN,united kingdom,1977-09-30,2023-11-24,2024-12-16, Inactive,709496.84
717,Heather Dalton,Project Manager,Chambers Consulting, JFLEMING@EXAMPLE.ORG ,453.791.0161,"63994 Kathleen Common
East Jesse, KY 28739",Sydney , United Kingdom ,17/12/1978,2023-11-04,, Active ,355030.63
718,Jerry Miller,Marketing Manager,Wade Technologies,ndouglas@example.net,981-540-9841x016,"116 Theresa Prairie Apt. 004
North Edward, OH 55188",BERLIN,France,1997-06-07,2024-08-14,2025-07-01,SUSPENDED,364109.98
719,Angel Garner,CEO,Frost Group,cmoon@example.net,699-703-4213,"03531 Brown Neck Apt. 791
New Patrick, CO 42958",Riyadh , South Africa ,14/03/1994,2023-01-26,2025-08-23, Inactive ,254097.02
720,Jason Whitney,Marketing Specialist,Garcia Technologies,gibbsdarren@example.org,001-319-640-2470x288,"745 Regina Square
Port Sarahborough, NE 62948",RIYADH,United Arab Emirates,1997-03-26,2024-05-02,2024-12-11,Active,314940.2
721,Janet Reed,COO,Richardson Consulting,bphillips@example.org,+1-613-481-0749x161,"54013 Samantha Forge
Brettchester, TN 24820", Rome , Brazil ,1974-08-31,2023-01-14,,Active ,406549.61
722,Charles Fuller,Project Manager,Russell PLC,lisa52@example.com,(374)910-2547,"856 Munoz Parkways Apt. 005
New Veronicamouth, NE 59669",london, Denmark,1972-09-02,2023-04-11,2023-10-18, Active,99000.69
723,Melinda King,Business Analyst,Alvarado Consulting,xclark@example.net,222-671-7266x2565,"0014 Rodriguez Forges
Port Nicholaschester, VI 24098",london,GERMANY,1968-05-25,2024-09-03,2025-02-20, Active ,127550.83
724,Courtney Rivas,Marketing Specialist,Cobb Group,gstrickland@example.org,,"38115 Donald Divide Apt. 228
West Alexander, KY 62241",COPENHAGEN,United Kingdom ,1971-08-21,"Dec 30, 2023",2025-04-10,ACTIVE,551438.1
725,Zachary Obrien,IT Specialist,Moore Holdings,michaelobrien@example.net,300-341-0847x9135,"USNV Estrada
FPO AA 25960", Cape Town ,Canada,1971-03-29,02/15/2025,22-03-2025,active,369389.09
726,Leslie Hunter,IT Specialist,Chan Group,kpennington@example.net,592.206.4157x80978,"04194 Sanchez Club
Monicaberg, WY 67418",Cairo ,netherlands,1992-11-29,2024-11-05,2025-08-02,Inactive,288142.86
727,Curtis Hernandez,CEO,Davis LLC,keith86@example.com,728-902-1889x3063,"Unit 8037 Box 8912
DPO AE 29588",são paulo,sweden,12/31/1995,2025-12-19,2025-12-21,ACTIVE,332004.48
728,April Mcknight,Sales Representative,Oliver Group, PKING@EXAMPLE.NET ,(699)205-5855x7599,"90696 Hannah Knolls Apt. 898
Smithland, VA 06854", Copenhagen ,FRANCE,1974-08-30,2025-12-12,, Active,418029.46
729,Yolanda Kim,Sales Representative,Fisher Technologies,jesusavila@example.com,301.665.2761x368,"53084 Timothy Locks
Lake Chloe, MO 39266",Madrid ,sweden,1968-10-27,2025-10-05,2025-10-29, Suspended ,224620.64
730,Danielle Patterson,Sales Manager,Stevens Inc.,lheath@example.com,6842232423,"72415 Wright Well Suite 915
Leslieport, PR 77172",São Paulo , Singapore ,2001-02-08,08/10/2025,2025-09-10,ACTIVE,190077.41
731,Selena Clark,Sales Manager,Cruz Systems,yhart@example.org,(442)757-0333,"2315 Alicia Fork Apt. 402
Longland, NV 21201",stockholm, Italy ,1960-06-26,2024-03-10,"Mar 22, 2024", Inactive ,
732,Brianna Woods,Data Scientist,Phillips Systems,carolinecalderon@example.org,516-978-2153x9266,"3250 David Fort
New Brandon, ND 47463",berlin,NORWAY,1955-12-30,2024-10-25,2025-11-22, Active,165237.49
733,Amanda Romero,Sales Manager,Hernandez Consulting,ldavis@example.org,993-333-5937,"02956 Nicholas Ferry
Nicholasview, UT 65018", Oslo,NORWAY,1958-10-05,2023-03-01,24/02/2024,suspended,436165.45
734,Jennifer Herman,Project Manager,Singh Technologies,tara40@example.net,899.923.0453x231,"5647 Massey Mills
Port Jodyport, WV 46735",Riyadh , France ,1965-03-21,2023-03-14,2025-01-04,Active ,"USD 99,527.72"
735,Katie Drake,IT Specialist,Mendez Systems,moraelizabeth@example.com,(366)750-5276x12092,"1902 John Spring
South Timothyside, TX 58408", London, Egypt,1956-10-20,2024-11-17,12 Jul 2025,Active ,$673612
736,Jennifer Stewart,Marketing Specialist,Soto Holdings,nchen@example.com,422.337.1859,"848 Gutierrez Parks Apt. 142
Jameston, AK 98340",Oslo, Denmark ,1967-08-16,2023-02-08,2024-04-10,active,456260.06
737,Robin Martinez,COO,Greer Inc.,ashleymedina@example.net,(831)832-4659,"8417 Laurie Parks
Petersonland, FM 45173",SYDNEY,India ,1999-07-04,2024-11-25,2025-06-06, Active,392079.86
738,Patrick Burns,Operations Manager,Calhoun LLC,blakegarcia@example.com,+1-406-952-6642x67351,"5337 Chambers Island Suite 976
Allisonhaven, LA 77660",London ,Italy ,1976-06-29,2024-09-23,2025-09-20,ACTIVE,652054.67
739,Yolanda Dalton,HR Manager,Martin PLC,jean10@example.com,(425)206-9296x56851,"6729 Jodi Squares
New Scottborough, KS 90261",Amsterdam,Egypt ,1998-08-13,2025-01-31,09/20/2025,active,1051609.19
740,Jessica Gibson,Consultant,Delacruz Inc.,andersondaniel@example.com,+1-950-422-3477x80457,"070 Jerry Ridge Apt. 147
Port John, NV 85056", Cairo,United States ,1991-06-14,2024-02-18,2024-05-23, Inactive ,666675.73
741,Luis Daniels,CEO,Moore Ltd.,householly@example.com,516-276-7063x63286,"00848 Martinez Viaduct
Kerriside, IL 27317",cairo,SWEDEN,2004-04-11,2024-01-25,,Inactive,90344.74
742,Leonard Bruce,Sales Manager,Lewis LLC,ylowe@example.org,828.496.7136x05494,"4901 Dustin Road Suite 193
Brendantown, CA 14693",London ,united arab emirates,1999-09-03,2025-11-23,2025-12-02,active,133826.05
743,Caitlin Wolfe,Data Analyst,Carter LLC,alvarezkristin@example.net,001-208-603-8890x441,"56685 Gloria Village
Jamesville, KY 68009",SÃO PAULO,CANADA,1987-04-08,2023-01-09,2024-10-07, Active,211636.83
744,Dana Harrington,HR Manager,Woods LLC,gflores@example.org,609.901.6856,"401 Eric Mountain Apt. 698
South Jacqueline, NE 12744",New York, India,1960-11-07,2025-12-02,2025-12-27,INACTIVE,333788.8
745,Sarah Smith,Sales Manager,Black PLC,zcoleman@example.net,(811)399-7675x98332,"505 Nicholas Glens
Dawnland, OR 46084",Stockholm ,ITALY,1976-04-20,2024-10-19,2025-01-30,Active ,470881.3
746,Justin Key,Marketing Manager,Gonzales LLC,amywright@example.org,499.382.4266,"8015 Hickman Meadow Suite 930
North Edward, NY 45192", Rome, Germany ,1965-08-24,2024-07-12,2024-12-12,active,197201.11
747,Eric Baird,COO,,wwhite@example.com,(698)834-5150x25285,"87308 Martinez Stravenue
Lake Stephenbury, OH 94220", Copenhagen,south africa,1997-01-04,2023-07-29,,Active,373523.7
748,Nancy Taylor,Business Analyst,Clements Group,vharrison@example.org,584-225-2786,"71210 Jennifer Harbors
East Kenneth, LA 64576",Stockholm ,Brazil ,1966-03-28,2024-05-16,2024-11-08,Inactive ,193151.85
749,Daniel Adams,CEO,Byrd Inc., BAILEYDONNA@EXAMPLE.NET ,+1-877-719-6199x71659,"6409 Warren Freeway Apt. 440
New Jenniferberg, GA 37404", London , Germany ,2001-12-06,"Sep 24, 2023",2023-10-24,ACTIVE,213616.48
750,Christopher Morris,Sales Representative,,xfleming@example.org,001-279-732-2191x43907,"360 Matthew Turnpike Apt. 150
North Chadberg, MT 01669",MUMBAI,United Arab Emirates,02/17/1957,2024-01-02,2025-12-24,ACTIVE,122435.21
751,Jeffrey Ramos,Consultant,Johnson PLC,kbailey@example.net,747.659.7833,"7192 Justin Lodge
Hudsonview, MS 32281",Mumbai, France ,2003-03-04,2025-12-28,29-12-2025,Active,171739.96
752,Loretta Walker,HR Manager,Page Technologies,ymercer@example.com,+1-632-803-1726x65282,"272 Smith Valleys Apt. 208
Beckland, ME 87865", Dubai, Saudi Arabia,1992-03-11,2023-07-19,2024-10-28,ACTIVE,127238.78
753,Rita Sheppard,Research Scientist,Tyler Consulting,christopher08@example.com,532-871-6303x356,"10009 Alicia Ranch
North Angela, NC 15437", Sydney, Norway ,1991-04-03,12-06-2024,06/20/2025,INACTIVE,165526.85
754,Julia Gibbs,Business Analyst,Pacheco Technologies,melissa80@example.org,635.541.5892x90930,"1366 Amanda Row Apt. 812
Lake Cynthia, NC 09253",riyadh,Germany,"Sep 18, 1972",2025-09-25,29 Sep 2025,Active ,685257.02
755,Pamela Anderson,Sales Representative,Riggs Ltd.,kimberly47@example.org,(931)510-5833x096,"18914 Elizabeth Rest Apt. 765
Port Jessicafurt, AS 64178",MUMBAI,france,1976-07-21,2024-08-01,2025-07-24,Active,168623.01
756,Brian Byrd,Business Analyst,Vaughn LLC,hickstimothy@example.org,+1-988-836-3688x50162,"66678 Ashley Spurs
South Dawn, CO 52297", Stockholm ,south africa,2004-02-11,2024-10-29,2025-08-10,Active ,2069189.3
757,Mary Lyons,Marketing Manager,,andreadavidson@example.net,001-389-407-4993x598,"7265 James Burg Apt. 858
West Anthonyland, PW 93638",riyadh,Ireland,2001-09-29,2024-05-14,2025-11-27,ACTIVE,462926.02
758,Daniel Fields,IT Specialist,Carter Consulting,,978-393-9129x56518,"600 Ayala Avenue Apt. 449
New Stacie, OH 64893",MUMBAI,norway,1972-10-02,01-06-2025,2025-12-19,Active,373019.24
759,Kathryn Gray,Marketing Specialist,Ford LLC,simsdawn@example.org,001-830-211-2501,"069 Hernandez Falls
East Melissa, MT 79763",São Paulo, United Arab Emirates ,1965-12-15,2025-09-23,08/10/2025, Active ,179718.96
760,Michael Hopkins,Research Scientist,Wilson Technologies,cruzolivia@example.org,530.924.2662x4975,"USNV Gamble
FPO AP 43313", Toronto,Brazil,1979-11-15,2023-12-27,2024-11-07,ACTIVE,535104.28
761,John Hernandez,Data Analyst,Casey Solutions,romankathryn@example.com,(695)767-4068x7354,"146 Kemp Plain Suite 583
Williamport, OH 97679",toronto,netherlands,1997-07-30,01-11-2024,2025-07-13, Inactive ,219049.61
762,John Villa,Project Manager,Stanley Inc.,diana62@example.com,936.264.8532x0775,"PSC 9432, Box 6983
APO AP 85544",dubai,south africa,1967-12-19,10/28/2023,, Active,356969.95
763,Nicole Tyler,Operations Manager,Sanchez Technologies,sshea@example.com,+1-405-604-5050,"007 Juan Trace
New Brandon, NH 59068", Stockholm , India,1966-10-05,02/05/2024,2024-09-03, Inactive,1967076.87
764,Joshua Morales,Marketing Specialist,Rodgers Solutions,megangarza@example.com,+1-750-238-0162x5851,"5028 Larry Junctions
North Donald, NH 78701",New York,BRAZIL,1968-08-07,2024-12-06,2025-01-21,Suspended,306434.12
765,Richard Anderson,Product Manager,Sutton Ltd.,madisonchristensen@example.net,001-753-411-1235x90426,"86625 Heather Pine Suite 738
New Jennifer, MI 46187",CAPE TOWN,United Kingdom,1969-12-17,2024-08-25,2024-09-26, Active ,732699.79
766,Meghan Hopkins,Data Scientist,Blevins Holdings,crystal60@example.net,+1-919-235-1174x5553,"PSC 6272, Box 8167
APO AE 32934",MADRID,Singapore ,1977-04-18,2023-08-13,2024-05-28, Inactive ,200341.06
767,Sara Shepherd,Research Scientist,Cruz Holdings,meghancontreras@example.com,(362)964-1260x848,"906 Christopher Village
Allenbury, RI 78844",Singapore , South Africa,1972-02-03,2025-02-22,2025-09-18,ACTIVE,319818.22
768,Christopher Steele,Research Scientist,,teverett@example.com,5593982267,"USNS Ramirez
FPO AE 70102", Copenhagen, Singapore,"Sep 10, 2000",2024-01-21,12 Aug 2025,ACTIVE,1132072.35
769,Jennifer Christian,Business Analyst,Schmidt Ltd.,parkermax@example.org,+1-442-502-5936x45028,"75576 Lopez Ridge Apt. 154
Lake Justinview, ID 11652",New York ,FRANCE,1981-03-03,2023-10-03,2023-10-15, Inactive ,211318.78
770,Kevin Pena,Project Manager,Mann Solutions,john95@example.org,202-897-7115,"792 Berger Junction
South Jasonburgh, NY 15121",singapore,united arab emirates,1996-11-16,2023-10-06,2024-01-01,Inactive,"1,165,562.07 USD"
771,Sydney Daniels,CTO,Thomas Solutions,manningjessica@example.com,392.721.9836,"7105 Annette Springs Suite 707
Michaelland, MN 26256",SINGAPORE, South Africa ,1958-05-23,01/04/2024,2025-04-14,Inactive ,537899.14
772,Andrea Moore,Sales Representative,Hill PLC,,(568)638-7890,"95867 Williams Run
West Alanborough, KY 53989",NEW YORK,India ,1989-03-08,16-01-2024,2025-03-26,Active,221078.53
773,Michael Martinez,COO,,,001-423-368-8101x3827,"33460 Amy Estate Apt. 013
West Laura, HI 04633", Mumbai, Denmark,1993-05-27,2024-07-05,2025-08-30, Active ,510264.97
774,Adam Weeks,Marketing Specialist,Singh Technologies,keithemily@example.net,963-560-3891,"8947 Olson Cape
North Michaelland, KS 92087",RIYADH, Canada,1990-10-09,24/01/2025,2025-03-23, Active,
775,Michael Dudley,Business Analyst,Deleon Group,dgentry@example.org,(734)385-0895x12370,"445 Donovan Manor
Thomasfurt, MI 44859",Cairo ,brazil,1974-09-17,2025-08-10,21-12-2025,Active ,506493.6
776,Brandy Alvarado,Data Analyst,Wilson LLC,shawnjimenez@example.org,371.488.6263x956,"8305 Snyder Mount Apt. 388
Burgesston, GA 96109",Oslo , South Africa,06/22/1962,2024-10-01,2025-08-11, Inactive ,109189.77
777,Robert Moon,IT Specialist,Mcdaniel Systems,,(362)676-3304x1176,"2483 Carolyn Place
Clarkchester, KS 63310",copenhagen,Sweden ,1956-12-16,2025-08-18,2025-11-11, Active,197008.86
778,Lisa Bright,Marketing Specialist,Wright Consulting,nicholas96@example.net,570.836.8830x04837,"9229 Donna Expressway
Donovanfurt, MA 78922", Rome ,UNITED KINGDOM,1966-07-22,2024-09-14,22-09-2025, Active,"275,608.58"
779,Ronald Marshall,HR Manager,,brendan29@example.org,387-522-8247,"9607 Byrd Pine
Marissafort, MH 37838",são paulo,United States ,16/02/1984,2023-04-16,2025-02-17,active,311108.37
780,Jeremy Atkinson,Accountant,Cole Systems,stewartsarah@example.org,771-314-8656,"61735 Hensley Court
Gonzalezville, GA 78669",Rome , France,1978-03-19,2023-06-07,2025-10-26, Active,506090.34
781,Thomas Scott,Sales Representative,Friedman Group,shane26@example.org,(294)896-3788x11938,"013 Victor Meadow
Baileyburgh, DE 51490",Sydney ,India,1966-06-29,2023-01-30,09/16/2023, Inactive ,"USD 371,160.81"
782,Lisa Williams,Financial Analyst,Terrell Holdings,robertmartinez@example.org,679-285-4900,"545 Gordon Junctions
Mckeebury, TX 78842",Riyadh, Australia ,2000-07-24,2023-12-26,, Inactive ,128702.52
783,Vanessa King,Sales Representative,Kelley Holdings, HERNANDEZMELISSA@EXAMPLE.NET ,392.425.5174,"476 Rebecca Coves
Lake Jacob, AS 05392",PARIS,SAUDI ARABIA,1961-07-30,2023-06-22,2023-11-18,Inactive ,427683.41
784,Kristen Gonzalez,Marketing Manager,,ashleygreen@example.com,538-245-3156,"9685 Debra Meadow
Michaelshire, ND 61425", Amsterdam , India ,1962-04-09,2024-05-02,"Jul 27, 2025",Inactive,502529.7
785,Collin Gonzalez,Marketing Manager,Ramirez Group,hartkara@example.net,(317)373-5166,"736 Johnson Square
North Timothy, IN 93118",Dubai,Ireland ,1970-01-07,2023-08-26,2023-10-19,Active,484975.34
786,Sarah Smith,Research Scientist,Smith Systems,kevinsantos@example.net,(441)598-3063,"18144 Jackson Trace Suite 202
Johnstad, AL 91950", Riyadh ,ITALY,1985-01-26,2024-04-23,2025-05-17,ACTIVE,698399.46
787,Cheyenne Huff,Consultant,Gonzales Inc.,jacqueline11@example.net,001-986-715-6409x9414,"70542 Roberson Course
New Reginaburgh, MS 10474",dublin,NORWAY,1988-04-30,2024-08-14,2025-12-02,Suspended,587566.97
788,Ricardo Moore,Product Manager,Underwood Inc.,johnsonjames@example.com,894-429-9202x37666,"38619 Davis Circles Apt. 909
Port Laura, DC 37259",Singapore ,brazil,1987-08-29,2023-07-19,2025-01-14,Suspended ,451994.85
789,Laurie Hill,Software Engineer,Trevino Holdings,aaron62@example.net,001-534-963-3488x9334,"9408 Parsons Lake Suite 243
South Sherry, DC 73178",Rome ,INDIA,1971-10-14,2024-07-07,2025-04-07, Active ,312039.17
790,Justin Villarreal,Operations Manager,Smith PLC,james09@example.com,(588)895-9470,"5359 Mary Mountains Suite 504
Martinezside, NC 26900",SYDNEY,NORWAY,06 Nov 1955,2024-02-04,07/21/2025,active,102470.2
791,Mark Johnson,Software Engineer,Gill LLC,joshua88@example.com,944.696.6866,"170 Silva Corner Suite 971
North Tabithaborough, AS 69130",cairo, Germany,1968-05-26,25/01/2023,2025-05-17, Inactive ,442737.69
792,Stuart Perkins,Data Analyst,Bean Group,zgarcia@example.com,(866)950-5188x601,"234 Tara Land Suite 985
West Mariotown, SD 44426", New York,Brazil ,1993-12-03,2024-05-30,2024-12-14, Active ,379034.07
793,Omar Burns,Software Engineer,Ortiz PLC,toddcollins@example.org,001-342-686-1789x257,"USNS Rivera
FPO AP 32052", Toronto, Brazil,1982-01-12,2023-09-07,2025-09-02,active,396370.71
794,Jeffrey Coleman,Marketing Manager,Savage Consulting,lpatterson@example.com,581-763-8493x6806,"10127 Burke Corner
North Katherine, SD 66523", Rome , Sweden ,1997-10-01,14-01-2024,05/07/2024,active,134091.27
795,Kathy Adkins,Operations Manager,Hernandez Technologies,hstevens@example.com,001-670-536-5620x36344,"8963 Daniel Cliffs Apt. 335
Frazierland, NJ 94094",Rome,Australia,1996-11-22,2024-07-20,2025-10-01,Inactive,"$153,777.25"
796,Andrea Young,Operations Manager,Barrera Inc.,handrade@example.com,745-277-6262x6367,"4759 Sutton Run Apt. 485
New Michael, ID 58975",LONDON, Italy ,1992-05-15,2025-02-22,2025-09-09, Suspended,685022.52
797,Todd White,Sales Manager,Cobb Technologies,riverskristen@example.com,(776)387-4042x0767,"3411 Webster Trafficway Apt. 309
Port Antonioton, OK 36907",SÃO PAULO,IRELAND,1991-10-24,2023-05-23,2024-10-08,Active,318797.5
798,Karen Burke,Sales Representative,Hogan Ltd.,raymond82@example.org,001-444-853-8565x3523,"004 Johnson Ports
North Brianbury, GU 40827",berlin,United Arab Emirates ,1984-04-14,2025-06-02,28 Jul 2025,Inactive,528105.04
799,Joseph Miller,Accountant,Molina LLC,madison11@example.net,001-598-999-6511x815,"6144 West Course Suite 870
Jennifershire, MT 52916",dubai,UNITED STATES,1988-07-07,25 May 2023,, Inactive,334309.62
800,Robin Bowen,Research Scientist,Garrison Inc.,jkelley@example.net,+1-305-625-6599x508,"302 Tyler Heights
West Joshuafort, TX 32216",ROME,France,1986-02-27,2023-03-19,28 Jan 2025, Inactive ,334646.25
801,Luis Holland,CEO,Henderson Consulting,carlosbrown@example.org,918.566.0474,"7852 Gibson Way
Mariatown, ID 43402",Riyadh,SINGAPORE,1985-04-21,2023-01-08,2025-11-29, Active ,632097.33
802,Judy Andrews,Research Scientist,Campbell LLC,conradjulie@example.net,(838)673-5186,"PSC 7741, Box 3135
APO AE 66755",Riyadh, Germany,31 Aug 1988,2024-04-07,11-04-2024,Active,228380.57
803,Melissa Jones,Data Analyst,Smith Holdings,willie34@example.com,001-758-715-3988x52178,"841 Teresa Plaza
Riverahaven, MP 14997", Toronto , Denmark ,1974-02-01,2024-09-12,2025-04-06,ACTIVE,350559.08
804,Jeffrey Oliver,Sales Manager,Reed LLC,jasonharris@example.org,001-534-389-1800,"42924 Curtis Rest Suite 973
Port Brianaville, HI 08799", Sydney ,South Africa,1980-11-10,2025-07-30,,Active,"237,140.32"
805,Andrea Harrison,Research Scientist,Moore PLC,kennethbranch@example.com,001-561-233-1555x3015,"0778 Emily Courts Apt. 965
Elizabethmouth, MD 60350", Berlin,Denmark ,1975-07-23,2024-09-04,2025-08-27,Active ,241796.72
806,Jonathon Hoover,Data Analyst,Franco Technologies,zyoung@example.com,441-282-9912x69945,"106 Samantha Summit
Hendrixfurt, UT 81222",Amsterdam,united states,1960-03-12,2024-01-24,16-06-2024,INACTIVE,263967.04
807,Brandi Lee,COO,Brown Technologies,ernestwright@example.net,968-726-8221,"PSC 6269, Box 9620
APO AP 25870",STOCKHOLM,Saudi Arabia,1986-07-26,2025-03-07,2025-04-09,active,382886.41
808,Adam Gomez,Operations Manager,Crawford Technologies,reesealex@example.net,525.472.2870,"748 Gilbert Street
West Linda, OH 61197", London,norway,26-08-2001,2023-02-03,2023-04-20, Inactive ,"234,421.48"
809,Helen Carroll,Consultant,Thomas LLC,christopher52@example.net,2586028606,"40654 Baker Unions
Schwartzmouth, AZ 94612",cape town, France,10/01/1984,2024-03-09,27/08/2025,Inactive ,789400.67
810,Eric Blankenship,Project Manager,Scott LLC, WALTERSTERESA@EXAMPLE.NET ,956.964.3016x55623,"6993 Jamie Shoals Apt. 622
North Victoriaborough, OH 50595", Riyadh,United States,1956-01-27,2023-03-17,2025-04-09, Active ,175216.02
811,Rick Rowe,Data Scientist,Ramirez Inc.,elizabeth71@example.net,+1-503-480-3514x895,"USNV Parker
FPO AP 93732", Sydney ,United Kingdom,1992-07-18,2024-05-12,2024-09-23,Suspended,287560.87
812,Robert Jennings,Marketing Manager,Green LLC,kruegerjesus@example.com,(283)795-1673,"670 Lin Trace
Briggshaven, WA 54747", Mumbai,Canada ,1996-07-11,23/07/2025,2025-12-27,INACTIVE,240912.3
813,Deborah Patton,Sales Manager,Rivera Technologies,brittanyjackson@example.net,+1-582-228-2801x83235,"8467 Fowler Parkway Apt. 964
Lauriebury, NJ 35733",Singapore , Norway ,1991-08-06,2024-03-27,2024-05-31, Inactive ,902464.4
814,Mark Stewart,Marketing Specialist,Andrews Solutions,fcook@example.org,(631)975-5592x897,"Unit 1148 Box 6267
DPO AA 16269",cape town,FRANCE,1996-09-26,2024-10-26,2024-12-27,ACTIVE,376091.73
815,Anthony Jennings,Marketing Manager,Pearson PLC,vcoleman@example.org,996-855-1564x196,"93582 Mary Locks
Port Benjamin, WV 97023",Oslo ,canada,1971-08-30,2023-04-04,2024-12-02, Active ,"$674,880.68"
816,Nancy Alexander,Product Manager,Alvarez Solutions,geraldcampbell@example.org,,"80403 Renee Plaza
North Marymouth, VI 29228", Cape Town,AUSTRALIA,1977-02-12,2023-12-11,2025-11-24,active,115856.51
817,Jamie Villa,Sales Representative,Allen Inc., VROSS@EXAMPLE.COM ,455-844-6053,"4627 Brandon Isle Apt. 649
North Carolberg, VT 70062",DUBLIN,AUSTRALIA,1995-11-09,01-10-2023,2024-01-12,Active ,
818,Kevin Oconnell,Business Analyst,Bailey Inc.,rrodgers@example.org,750.421.5538x30775,"2643 Sanders Row
Keithfurt, AL 58934",Mumbai, Sweden,1983-02-14,2023-01-15,2024-01-18, Active ,610932.38
819,Jeffrey Knight,Project Manager,Frank Technologies,guerramaria@example.org,+1-699-619-8177x55129,"253 Ruben Harbor Apt. 838
Elizabethfort, KY 58169",ROME, Egypt,1977-06-05,"Sep 17, 2023",2024-04-16,ACTIVE,347180.05
820,Kimberly Davis,Marketing Manager,Bell Ltd.,brandi07@example.org,(354)794-3436x877,"09490 Sullivan Square
West Michelle, MI 28092", Riyadh,Brazil ,1973-04-06,19 Mar 2023,2024-11-19,Suspended ,690959.34
821,Theresa Berger,Data Scientist,Ford Group,mcknightelizabeth@example.org,554-377-3494,"872 Michael Lakes Suite 856
Dalemouth, KY 85456",CAPE TOWN,Spain,2002-12-24,2024-12-13,07/16/2025,Active,228181.83
822,Kevin Espinoza,CTO,Walters Consulting,cody85@example.net,(273)795-2328x555,"5816 Williams Turnpike Suite 136
East Jason, WA 86379",madrid,United Arab Emirates ,1994-03-12,2025-01-11,2025-10-15, Inactive ,879002.66
823,Lisa Henry,Software Engineer,Little Group,bsmith@example.com,946-597-1479,"Unit 1855 Box 9508
DPO AP 28911", Paris ,saudi arabia,1980-02-03,2023-04-19,, Active,1638396.68
824,Jose Christian,Product Manager,Campbell Inc.,djohnson@example.org,296.210.1759,"067 Andrews Overpass Suite 928
Leeville, MO 92727",Stockholm , Netherlands,1963-04-10,2023-04-21,2025-02-10, Active,254234.67
825,Ashley Hall,Data Analyst,Curry Technologies,beth38@example.net,(276)935-3673x55896,"88341 Jerry Key
Port Jamestown, CA 36166", Cape Town,Australia ,1964-11-29,2023-03-30,2023-07-15, Active ,239940.98
826,Debra Gibson,Financial Analyst,,frederick49@example.org,(263)957-9671x48030,"6582 Holloway Passage
Port Matthew, TN 54906",DUBAI,india,1967-04-02,2023-08-26,2023-11-07, Active ,$906521
827,Susan Cortez,Operations Manager,Blair Holdings,jasmine12@example.net,001-786-469-1122x32142,"97892 Patrick Way
Phillipmouth, NV 35117",madrid,germany,1986-06-16,2024-04-16,07 Aug 2024,Active,"990,237.91"
828,Kristen Wilson,Business Analyst,Nelson PLC,isabel25@example.net,244-711-8185x13673,"819 Sean Stravenue
Palmerville, ND 37130",Riyadh , India ,1997-11-11,2025-02-08,2025-06-01,Active,"227,293.63 USD"
829,Dana Johnston,Consultant,Crosby Ltd.,patrick22@example.org,348-333-3540,"360 Aaron Orchard
Moramouth, PW 63796",sydney,ireland,1957-11-21,2024-03-18,2025-12-03,active,244230.87
830,Joe Thomas,Sales Manager,Berry PLC,estanley@example.com,983-876-2950,"621 Thomas Haven
Hoffmanport, CT 66168",OSLO,France,1974-09-24,2025-01-04,2025-05-23,Active ,"269,076.44 USD"
831,Kellie Martinez,Consultant,Andrews Group,perezmargaret@example.org,(845)264-9674x1991,"064 Tammy Stravenue
Brewerbury, ME 17630",Dubai,singapore,1972-02-07,2023-10-07,,active,127884.74
832,James Perkins,Sales Representative,Stanley Group,thorntoncaitlyn@example.net,8184158913,"74215 Carl Gateway Suite 252
Flynnberg, HI 15322",Sydney, India ,1976-05-16,2023-11-18,2025-09-02, Suspended ,172291.59
833,Melinda Rivera,CTO,Moss LLC, PIERCEWILLIAM@EXAMPLE.COM ,580-329-3358x384,"3517 Morgan Glen Suite 935
North Nancyland, ME 06672",Riyadh, Netherlands ,2000-02-01,23/04/2025,2025-11-29,ACTIVE,"162,283.72 USD"
834,Karen Vasquez,Financial Analyst,Hubbard Group,rhondasanchez@example.org,001-555-789-7990,"77170 Antonio Loop Suite 094
East Jonfurt, AL 43749",MADRID,NORWAY,1960-03-11,2023-01-30,2025-06-25,Active,191480.59
835,Guy Smith,Data Scientist,Myers Consulting,kathleenwelch@example.net,233-276-8418x76776,"5973 Danielle Mountains
North Jeremy, HI 35129",Singapore ,United Kingdom ,1984-01-20,02 Nov 2023,2025-06-12,active,319886.2
836,Robert Harvey,CTO,Fisher Systems,wcook@example.com,551-304-8480x947,"0542 Williams Ranch Suite 947
Collierville, CT 07215", Dublin,Saudi Arabia ,1979-05-07,03/10/2023,2025-07-29, Inactive,386138.08
837,Sydney Hopkins,Financial Analyst,Kaiser LLC,cmyers@example.com,556-657-2897x2269,"039 Chelsea Green Suite 856
Port Ryanshire, VA 78811",TORONTO,south africa,1964-07-17,15-07-2025,2025-11-19,Inactive,970290.07
838,Tara Pitts,Product Manager,Glenn Solutions,hjones@example.org,(887)409-7777x95703,"9271 Brian Mill Apt. 512
Jacksonton, MT 71232",stockholm,Spain ,2003-01-01,2024-03-22,2024-08-05,ACTIVE,162942.42
839,Craig Williams,Consultant,Delgado Technologies,karlmartin@example.org,+1-830-623-9934x46060,"9523 Kim Lock
Kimberlyport, CO 18397",MUMBAI,India ,1980-05-30,2024-09-16,2024-12-08,Active ,$652800
840,Brooke Davis,Product Manager,Sanchez Ltd.,johnsonpatrick@example.com,288-654-8753x119,"2805 Terri Loop Suite 255
South Angelachester, OH 69973", Dubai ,United States ,1986-11-12,2025-04-10,2025-07-14,inactive,282153.86
841,Maria Peck,HR Manager,Griffin Holdings,ljohnson@example.org,392.721.3170,"99287 Moore Path Suite 314
Port Kyle, MN 54069", Singapore,Italy,1964-02-19,2025-12-23,12/24/2025, Inactive ,316593.98
842,Curtis Durham,Sales Representative,Roth Consulting,ksexton@example.com,241-260-3328x8807,"87451 Sheila Drive
Lake Jacqueline, WV 00976",Oslo ,United Kingdom ,1959-08-28,29/02/2024,2024-05-22,Active ,525640.94
843,Devon Villarreal,Research Scientist,Clay Holdings,kenneth41@example.com,787-292-1046x627,"69744 Marcia Forks Suite 078
Kellyside, AS 25226",Copenhagen,UNITED ARAB EMIRATES,1965-07-04,2023-04-16,2023-08-08, Active,149356.98
844,John Carter,Sales Manager,Berry Ltd.,william72@example.org,001-483-568-0601x457,"48581 Smith Lakes Apt. 196
Lynchfort, TN 17833", Paris ,Norway ,1956-12-24,2023-05-18,2024-12-13,active,428346.11
845,Frank Fox,Operations Manager,Anderson Technologies,duncanbrandon@example.net,(285)623-3297,"9582 Matthew Roads
Robinville, CA 56777", Copenhagen,italy,1996-11-24,2024-03-05,22/10/2024, Active ,368249.71
846,Angela Tran,Product Manager,Pham Inc.,mmiller@example.org,9755741424,"2591 Heather Fall
Denisefort, VA 59422", Dubai , Saudi Arabia ,1967-03-04,2023-05-10,2024-05-26, Active ,462645.27
847,Troy Hunter,COO,Bradshaw Technologies,derickson@example.com,(944)934-3549,"7156 Walker Path Apt. 299
Port Lindaview, ND 85340",STOCKHOLM,United Arab Emirates ,1956-07-17,25/12/2025,2025-12-31,Active,"USD 401,281.34"
848,Matthew Phelps,Business Analyst,Phillips LLC,thomas60@example.net,9095409165,"2662 Michael Ranch
North Jeffrey, WY 79091", Toronto,ireland,1966-12-10,2024-01-21,2025-05-04,INACTIVE,1827958.08
849,Jessica Perry,Accountant,Larson LLC,robbinsjoseph@example.net,4154273117,"7569 Natasha Roads
New Josephbury, IL 43749",berlin,FRANCE,1985-07-22,2023-08-12,28/01/2024,ACTIVE,209731.2
850,William Vaughn,IT Specialist,Mercer Systems,shane42@example.org,001-383-759-6677,"26247 Richard Branch
Lake Jamesshire, AK 75821",CAPE TOWN,france,1957-06-25,2023-02-16,2024-10-09,Active ,226002.68
851,Wendy Adams,Business Analyst,Mata Inc.,reynoldsmegan@example.com,744-627-8735,"423 Richard Park
Lake Janice, AR 96800",New York ,Spain,01 Nov 1976,2024-08-20,25-11-2024,INACTIVE,211885.57
852,Cheryl Sawyer,Operations Manager,Clements Holdings,sophia39@example.org,939-569-0453x9252,"81330 Hall Junctions
Lake Rachael, TX 27789",Oslo, Saudi Arabia ,1958-02-05,2025-04-23,2025-09-19,Active,
853,Sydney Allen,HR Manager,Odom Systems,lcollins@example.org,774-209-8537x2033,"0232 Davis Burgs
Ericksonstad, MI 43003", Mumbai ,france,1981-10-22,2025-06-30,26/10/2025,INACTIVE,209783.01
854,Matthew Bishop,Product Manager,Jimenez Group,cynthia04@example.org,(445)764-1199,"53807 Brenda Vista
Port Tiffany, FM 45754",STOCKHOLM, United Kingdom ,1999-11-23,2024-04-09,2025-08-18, Active,753369.86
855,Jason White,COO,Bailey Ltd.,jessicacollins@example.com,001-419-471-5755x71663,"Unit 6306 Box 1621
DPO AP 88268",STOCKHOLM, Australia ,"May 20, 1998",2023-11-26,2025-11-24,Suspended ,"885,894.35"
856,Kayla Benson,Software Engineer,Sandoval Ltd.,iyoung@example.org,001-707-861-5042x05986,"43360 Julie Ramp Apt. 101
Kathychester, VA 13090",London ,Norway ,1997-04-03,27/11/2023,2024-07-28, Active ,219800.94
857,Breanna Garcia,COO,Oconnor Holdings,,+1-818-593-0461,"8785 Alison Spur
Sarahton, MI 82776",London ,norway,1957-05-07,2024-01-13,2024-08-11,Suspended,183020.07
858,Randall Warner,HR Manager,Garza Technologies,victoria88@example.org,(672)980-0727x2081,"3564 Steven Fork
New Jeffreyfurt, PA 58624",Berlin, United States ,2002-04-16,2023-11-29,2025-05-29,Active ,455882.73
859,Wendy Bruce,Project Manager,Meyer Ltd.,dakota45@example.com,+1-883-867-1467x490,"5185 Barry Corner Suite 456
West Elizabethstad, GU 53214",New York ,south africa,1965-10-11,27-07-2025,17 Oct 2025, Suspended,222669.5
860,David Alexander,HR Manager,Torres Group,gordonsabrina@example.net,539.520.0258x565,"3031 Simpson Point Suite 192
Rodriguezport, OH 63479",Mumbai,France ,1988-08-13,08/28/2025,21/12/2025,Inactive,510452.2
861,Emily Rodriguez,Software Engineer,Smith Technologies,thomaselizabeth@example.org,(545)950-0549x080,"88724 Davis Forest Apt. 343
Port Emily, AK 04421", Riyadh ,United Kingdom ,1984-01-22,24-11-2024,2025-11-12,Active,377772.0
862,Cynthia Reed,Sales Representative,Carter Group,,6748179965,"973 Garcia Rest
Mooremouth, FL 59790", Madrid , United Arab Emirates,1993-09-30,20-02-2023,2025-05-23,Active,113434.3
863,Elizabeth Smith,CTO,Welch Consulting,smithdavid@example.org,(434)705-6771,"904 Sandra Vista Apt. 805
South Richardton, VT 71576", Madrid ,italy,1994-11-16,2024-02-04,2025-09-24,active,968257.79
864,Jeremy Davis,Research Scientist,Horn Technologies,bethfreeman@example.net,947-890-9863x6152,"4202 Lauren Green Apt. 488
Leeland, IA 60989",amsterdam,SAUDI ARABIA,02/15/1967,2023-06-28,2024-12-04, Active ,1152120.1
865,Michelle Garrett,Project Manager,Jones Inc.,bob11@example.net,5268691419,"47189 Mariah Via
Lake Leslie, MS 86717", Singapore,Denmark,1988-10-10,2025-01-09,2025-08-01,Active,213426.53
866,Patricia Henry,Consultant,Thomas Holdings,jessica68@example.net,+1-334-310-3414x13181,"32517 Kyle Mission Apt. 856
New Julieton, AS 51146",Cape Town, Canada,1977-11-01,2024-12-20,2025-05-27,active,249848.22
867,John Adams,Marketing Manager,Phillips Solutions,erose@example.org,414.956.4572,"407 Johnson Forest Suite 449
Smithbury, IA 80252",Singapore,SINGAPORE,1960-11-04,2025-06-25,2025-09-07,ACTIVE,400354.54
868,Rebecca Ryan,HR Manager,Perez LLC,christopher64@example.org,3602326753,"10108 Schneider Hill Suite 125
South Benjamin, LA 03295",riyadh, Egypt,"Aug 20, 1958",2023-10-22,2024-05-22,Suspended ,414206.43
869,Teresa Shah,Data Scientist,Alexander Consulting,tmarshall@example.net,(398)294-8481x7036,"Unit 7701 Box 7737
DPO AA 75752",singapore,Italy ,2000-02-03,2025-02-08,2025-03-26, Active ,519686.48
870,Tracy Vasquez,Marketing Manager,Larson Consulting,lisavilla@example.com,311.617.1960x04902,"5967 Perez Fort
Elizabethchester, UT 45385",Dublin, Sweden,1973-12-14,2023-10-08,2024-04-30,Active,1338611.15
871,Helen Massey,COO,Martin Group,castilloerin@example.org,001-735-530-0499x9266,"977 Dale Motorway
New Misty, WV 56543",Dubai , Spain,1989-08-27,2024-09-14,2025-05-25,active,289565.54
872,Angel Graham,CEO,Moore Group,jrobbins@example.org,001-385-686-5392x7687,"9317 Alexander Bypass
Smithstad, OH 84529",berlin, Sweden,1960-08-02,2024-09-06,2025-07-31,Active,187435.85
873,Karen Rodriguez,Accountant,Salas PLC,steven21@example.net,562-750-6989,"6398 Smith Hill Suite 570
New Jennifer, KS 87193", Riyadh ,CANADA,1962-02-09,2023-02-28,2023-10-31,active,124801.1
874,Matthew Villa,CEO,Dominguez Technologies,ramseyvalerie@example.com,001-292-255-2905x0926,"01561 Jones Prairie
Leeview, WY 33580",berlin,denmark,2003-01-21,2025-06-12,2025-08-18, Active ,196486.49
875,Joyce Williams,Data Analyst,Burgess Group,taylorchristopher@example.org,2088823846,"310 Ortega Pines
South Ericamouth, SC 32615",Paris, Norway ,1986-05-28,2023-11-30,,ACTIVE,320235.24
876,Tara Poole,Accountant,Gutierrez Holdings,tara61@example.net,(521)388-2206,"1761 Maria Drives Apt. 641
Lawsonchester, NY 25309",COPENHAGEN,SINGAPORE,1971-02-25,2023-12-01,2024-01-25, Active,1151056.19
877,Carrie Thompson,CTO,Garrett Inc.,gutierrezsteven@example.com,7324391932,"671 Oscar Rapids
South Brandy, PA 82370",TORONTO,Egypt,11 Jun 1983,2024-08-16,2025-01-13,Active,228130.27
878,Theresa Salinas,Operations Manager,Singleton LLC,sharonedwards@example.net,(644)548-4368x68111,"0980 Hoffman Neck Apt. 555
Port Daniellefurt, UT 22376",OSLO,Sweden,1993-11-05,09-12-2023,2025-06-18, Active ,383330.02
879,Joseph Jones,Marketing Specialist,Schmidt Holdings,jacksonmichael@example.org,001-820-246-3721x626,"8418 Gregory Island
Dianeshire, OK 64687",Copenhagen,FRANCE,1978-07-30,2023-07-16,2025-01-14,active,324001.68
880,Jade Oneill,Operations Manager,Perez Holdings,ycordova@example.net,495.679.5519,"111 Leonard Lock Suite 038
Hernandezstad, MO 86082", Sydney, Germany ,1978-04-25,2025-09-20,"Nov 12, 2025",ACTIVE,753041.25
881,Jason Kennedy,COO,Jordan PLC,martinstacy@example.com,001-423-430-0805x6308,"732 Benjamin Mountains
North George, NV 30585",BERLIN,Singapore ,09/21/1990,12 Dec 2025,2025-12-30, Active ,1921953.55
882,Barbara Reed,Product Manager,,amy22@example.org,320.819.7084x2874,"9636 Jones Road
Michaelland, TX 93480",Stockholm, Denmark ,1956-07-30,2023-02-05,2025-10-15, Active ,226022.96
883,Wesley Gibbs,Marketing Manager,,johnsondanny@example.com,001-284-922-6230x036,"0283 Janice Field
Feliciaview, ID 60387", Stockholm,UNITED STATES,11/03/1971,2025-12-07,2025-12-18,inactive,232673.72
884,Veronica Kennedy,Financial Analyst,Harris Ltd.,hooperkatrina@example.org,+1-809-816-6316,"403 Michele Glens Suite 441
South Coryfurt, KS 76560", Stockholm,france,1978-05-18,19-10-2023,2025-09-23, Active ,680724.27
885,Janet Reynolds,CEO,Johnson LLC,kelly58@example.org,451-276-4296,"15050 Gilbert Squares Suite 131
Marymouth, MN 21445",Singapore , United Kingdom ,1989-11-01,2023-06-09,29/06/2023, Active ,528249.53
886,Jeffrey Jennings,Software Engineer,Horton Systems,donnapetty@example.org,488-737-7435x40476,"501 Darrell Isle
Port Mark, NY 90393",Rome,United Kingdom ,1976-12-16,05/02/2023,2024-08-25,active,1193851.42
887,Jeremy Day,Sales Manager,White LLC,jpadilla@example.net,(260)531-7489,"809 Wilson Plains Suite 142
New Victoria, IN 48732",Mumbai ,Netherlands ,2002-07-14,2023-09-11,2025-05-20,ACTIVE,493239.3
888,Stuart Walton,Accountant,Murphy LLC,donna59@example.org,3553967577,"830 Blake Mountain Suite 274
Katieville, CO 51495", Mumbai,Denmark,1955-08-27,2023-10-26,2025-11-29,Active,254866.6
889,Melinda Daniels,Marketing Specialist,Hudson Consulting,tammy97@example.org,001-515-622-1336x89600,"89899 Adrian Park
Peterville, WA 15814", Toronto ,Germany,1992-04-06,2024-05-10,2025-10-10, Inactive,495567.27
890,Raven Murray,HR Manager,Cross Systems,mray@example.org,415.760.3387x885,"184 Tanya Mountain Suite 309
Lake Adambury, NM 77490", Sydney, South Africa,27-07-1969,2024-03-20,03-10-2024, Active ,712184.66
891,Jennifer Vaughn,CEO,Aguilar PLC,kimberly57@example.net,+1-744-641-0769x2626,"5916 Sharon Street Suite 359
New Zachary, SC 83971", Copenhagen ,india,1990-06-13,2025-10-29,2025-12-23,ACTIVE,582065.07
892,Mark Perry,Research Scientist,Bradley LLC,murraycatherine@example.net,(658)557-8375x68167,"Unit 0730 Box 7177
DPO AA 12811",singapore,netherlands,03/10/1998,2024-01-06,2025-01-04,active,$467471
893,Nicholas Riggs,Software Engineer,Parks Holdings,lesliejohnson@example.net,5785836922,"0336 Anderson Plaza Suite 023
Port Yvonneberg, GU 90072",Cairo , France,1994-11-19,2023-09-11,01/01/2025,ACTIVE,691537.24
894,Richard Brennan,Operations Manager,,stephenedwards@example.net,001-451-549-7249x032,"46950 Jennifer Island Suite 570
North Blake, DE 62139",Riyadh,germany,12/12/1967,2023-03-25,2023-06-18,active,743041.3
895,Emma Reed,COO,Lee Group,joseph59@example.com,861.721.8939x1270,"22283 Michael Hill Suite 685
Lake Adam, KS 49125",singapore,sweden,1973-09-28,2025-06-28,2025-08-25,Suspended ,862431.75
896,Kenneth Haynes,Product Manager,Shepherd LLC,,656.507.7789,"6399 Jose View
Johnsonhaven, HI 91501", Sydney, United States,1991-12-23,2025-09-01,31/12/2025,SUSPENDED,516121.21
897,Karen Phelps,CTO,Sanchez LLC,jle@example.com,001-702-222-0975,"067 Samantha Cliff Suite 120
East Brandyborough, KS 41046",toronto,germany,1985-08-05,2025-03-22,2025-11-02, Active,291564.74
898,Jason Bright,Marketing Manager,Bryant Consulting,hshannon@example.com,(418)833-3919,"05307 Erik Mall
Port Brianside, DC 19548",Toronto, Denmark ,1980-08-29,2023-07-28,2025-08-26,suspended,363196.61
899,Kristen Freeman,Financial Analyst,Pearson Consulting,lgoodman@example.com,001-205-849-8578x87282,"801 Robert Ports
West Jonathanchester, MN 66465",SINGAPORE, Saudi Arabia,10/01/1984,2025-04-07,2025-06-09,active,762651.36
900,Barbara Wright,Product Manager,Taylor Consulting,,001-906-947-2452x573,"8840 Smith Square Suite 657
Elliston, NE 11827",riyadh, Brazil,1962-08-06,2024-07-13,2025-08-27,SUSPENDED,"USD 185,006.28"
901,Emily Garrett,Consultant,Mendez Group,jashley@example.net,,"71860 Hughes Stravenue Suite 880
North Hannah, SD 53115",berlin,Germany ,1974-02-23,2023-10-29,2025-12-24,active,424247.09
902,Yolanda Warner,Data Analyst,Key Ltd.,cynthia27@example.net,331.324.2853x54160,"Unit 8480 Box 8701
DPO AA 00654",Toronto,saudi arabia,1989-07-16,2023-03-02,2023-09-22,inactive,"USD 248,864.25"
903,Frederick White,HR Manager,Chan Solutions,gtucker@example.com,(607)571-0740,"796 Lyons Rue Suite 610
Terriland, AZ 75297", São Paulo ,brazil,2000-12-16,31/10/2024,2025-01-18,ACTIVE,334409.44
904,Barbara Harrison,Sales Manager,Williams Systems,gwilliams@example.com,+1-650-920-5025,"920 Alexander Spring
New Rachel, NJ 48273", Stockholm ,SAUDI ARABIA,1999-12-12,05-10-2025,2025-12-04,ACTIVE,"$802,042.04"
905,Stacey Durham,IT Specialist,Gibbs Holdings,,001-453-896-5974x425,"204 Richard Creek Suite 374
Port Kristinstad, CO 25097",Berlin ,Ireland,"Apr 22, 1967",2023-02-06,2023-04-12, Active ,374658.17
906,John Mcdaniel,Data Analyst,Pineda Technologies,mirandaclarke@example.com,001-399-976-8160x8557,"8496 Joshua Radial
New Brianmouth, NY 53030",Sydney,south africa,1964-01-01,2025-07-30,2025-08-09, Inactive,338576.58
907,Steven Morales,Project Manager,Navarro Ltd.,sean45@example.org,,"911 Christopher Centers Suite 184
Byrdhaven, RI 73102",Stockholm,IRELAND,"May 16, 1988",2025-10-03,2025-11-28,ACTIVE,126513.04
908,George Romero,COO,Acosta Technologies,lorijones@example.com,001-261-283-0734,"642 Jensen Park
North Matthew, MA 39364", Sydney ,egypt,"May 30, 1982",2025-08-20,2025-12-20,Active,552593.26
909,Christopher Robertson,Product Manager,Martin Consulting,jmorse@example.org,001-892-214-7498x474,"1784 Hatfield Falls
West Russellmouth, HI 65910", Stockholm , Norway,1972-02-01,2025-02-12,2025-12-25, Active,514957.13
910,Mary Harrington,Marketing Specialist,Williams Ltd.,maurice29@example.org,(676)698-8979x88775,"4134 Darrell Ridge Apt. 936
Lake Markchester, HI 91645",new york,Norway,1977-11-08,2025-01-20,2025-07-18,ACTIVE,1489987.53
911,Kenneth Singh,Data Analyst,Alvarado Holdings,travisbonnie@example.com,(538)890-1248x4479,"1156 Taylor Curve Apt. 070
Rogersview, NC 04466", Madrid, Spain ,1998-01-29,2025-04-23,2025-07-22,Active ,264224.72
912,Jeffrey Duarte,HR Manager,Faulkner LLC,graydavid@example.org,443.630.3727x186,"3112 Jason Square Apt. 782
Ryanton, MH 52286",Berlin, Norway ,1976-01-08,2023-05-15,2025-10-21,ACTIVE,382087.62
913,Darrell Gibbs,Marketing Specialist,Flores Inc.,michael85@example.net,(463)756-5418x0288,"886 Silva Island
Peterhaven, WV 41154",Cairo,Singapore ,1964-03-24,01/08/2025,,ACTIVE,390260.05
914,Sydney Santiago,Research Scientist,Mason Consulting,victoriapittman@example.com,905.320.3132x988,"20366 Baird Crossroad
Noblefort, ND 51514",mumbai, Ireland ,1962-04-19,2023-02-15,2024-11-25, Active ,
915,Mitchell Lindsey,Sales Manager,Duffy Technologies,jacob28@example.com,001-360-232-0877x8347,"45573 Macdonald Extensions
Lake David, AS 59865",oslo,saudi arabia,1980-02-10,2023-07-24,01 Jul 2025,Active ,306598.12
916,Christina Schwartz,HR Manager,Reeves Holdings,brownmark@example.com,259.673.0273x22857,"25554 Boyd Stream Apt. 977
West Damonchester, NJ 73628",copenhagen,singapore,1981-12-17,2023-12-08,2025-08-29, Active,398441.14
917,Jill Anderson,Accountant,Best LLC,kristina64@example.com,+1-873-986-5690x4484,"29124 Bell Mountain
Johnsonchester, MH 21692",london, Sweden,1967-05-06,2024-03-14,2025-01-03, Suspended ,501584.6
918,Jason Strong,Marketing Specialist,Mendez PLC,brandi94@example.org,(540)576-0895x30120,"138 Davis Trace
Thomasbury, IA 47143",Berlin ,india,06/01/1976,2023-07-08,2025-07-12, Active ,373482.48
919,Nicholas Weeks,Sales Manager,Weber Systems,patricia81@example.org,+1-701-853-3743,"772 Jones Island
Diazchester, TN 81896",COPENHAGEN, Canada ,1973-08-30,2025-08-31,2025-10-25,inactive,239784.64
920,David Lopez,COO,Terry Group,michael75@example.net,399-655-0553x62917,"83952 Anderson Walk Suite 207
Port Katherine, MO 85712",OSLO,NETHERLANDS,1970-12-24,2025-06-05,2025-11-22,Active,375443.4
921,Natasha Thornton,Marketing Manager,Russo Systems,christophercollier@example.com,944.552.0302x7694,"0353 Jennifer Course
Lake Victoria, FM 37952", New York,EGYPT,1956-02-04,2025-07-17,2025-12-05,Inactive ,694913.2
922,Andrea Sandoval,COO,,yolandakim@example.com,+1-709-241-2180x5257,"9412 Rebecca Islands Suite 601
Port Danielport, WA 96165", São Paulo ,Singapore,2003-07-09,2025-08-15,2025-10-23, Suspended,
923,Judy Shepherd,Product Manager,,thomas33@example.net,001-396-327-6861x27342,"138 Victoria Canyon
West Brittanyport, OH 05005", Dubai , France ,1963-08-08,05-12-2025,2025-12-12,active,359719.12
924,Kyle Brennan,Operations Manager,Fox Group,hawkinsdeanna@example.net,396-264-5231,"335 Brandt Stream
North Scott, FL 31106", Toronto,Netherlands,1992-11-19,2025-06-10,2025-09-24,Inactive ,200770.04
925,Chad Massey,Sales Representative,Ibarra Group,tburns@example.net,001-917-610-3891x918,"33203 Cisneros Greens
Russellfort, CA 34068",Madrid,Ireland ,1999-06-14,2023-11-25,2024-08-14,Active ,756556.61
926,Robin Smith,Consultant,Wells Inc.,tcooper@example.com,252.557.2316x316,"05703 Heath Ford
South Raymondmouth, AK 02292",Riyadh ,SOUTH AFRICA,1972-07-19,2024-05-17,2025-03-31,suspended,112844.85
927,Angela Alexander,Accountant,Lawson Inc.,zsloan@example.com,+1-293-923-3700x71580,"0863 Ian Hills
Port Anthony, WV 53745",PARIS,United States ,1972-03-03,2024-02-18,07/31/2024, Active ,221627.81
928,Karen Terry,Data Analyst,Nichols Systems,scarter@example.net,001-988-439-2375x909,"258 Newton Knolls Suite 139
New Stephanietown, IL 41240", Riyadh,United States,1981-01-27,2023-12-27,2025-10-17, Active,426790.4
929,Joshua Rodriguez,Business Analyst,Martin Holdings,rossdaniels@example.org,+1-273-269-3238,"4758 Gutierrez Union
Zacharyfort, VT 35333",Singapore, Denmark ,"Jun 09, 1960",2024-09-02,2025-11-20,INACTIVE,980547.94
930,Jonathon Rubio,Software Engineer,Hall Solutions,andersonrichard@example.org,655.229.7760x145,"441 Gonzales Plains
Lake Larryborough, UT 50209", Mumbai ,Egypt ,04/26/1999,2023-10-15,2024-06-13, Suspended ,313005.12
931,Vanessa Morgan,CEO,Jones Consulting,twilson@example.com,2367118926,"5426 Noah Terrace Suite 377
West Lindsayborough, LA 89191", Toronto , Spain,1968-12-26,2025-12-11,2025-12-20, Active ,222206.04
932,Justin Lindsey,Research Scientist,Parks Holdings,victoria95@example.net,(560)803-0119x62272,"2173 Yates Fort Suite 095
Smithshire, ID 34401", Madrid ,singapore,1957-01-23,2024-11-05,2025-09-01,ACTIVE,1222990.87
933,Deborah Johnson,IT Specialist,Moran PLC,russellsamantha@example.com,6816136403,"770 Hannah Extensions
Reillymouth, VT 87108", Rome, India ,1983-11-14,16/07/2024,2025-10-10,active,118941.88
934,Sheila Gibson,IT Specialist,Walter LLC,torreshoward@example.com,849-466-9542x175,"001 Rasmussen Summit
Lake Victoriaborough, KY 40613",Riyadh , Spain,1978-03-19,2024-10-10,2025-07-17,SUSPENDED,70321.71
935,Phyllis Phillips,Product Manager,Bates Ltd.,heidi59@example.org,651.963.8326,"17078 David Station
Daisymouth, NV 53589",Stockholm,UNITED STATES,2002-04-11,2025-01-13,2025-09-14, Active ,"USD 445,971.41"
936,Luis Gibson,Financial Analyst,Rojas Inc.,blakenelson@example.net,984-414-2355x2833,"567 Donna Causeway Apt. 656
Danafort, CT 11352",Rome,South Africa,1972-05-13,2023-04-22,2025-03-30,Active ,230628.17
937,Sarah Perry,Financial Analyst,Castro Holdings, HOUSTONMICHELLE@EXAMPLE.COM ,3898410791,"4461 Yvonne Walks Apt. 097
Laurenburgh, VA 40081",dubai,Ireland ,1998-05-30,07/09/2023,03/08/2025,Active ,
938,Jeffrey Kerr,Financial Analyst,Burns Group,tara23@example.com,001-774-587-7007x8812,"18082 Richard Ports
New Robertfurt, MT 95923",Stockholm , Netherlands ,1956-07-31,2024-09-08,2024-10-25, Inactive ,"538,126.81 USD"
939,Brenda Hoffman,IT Specialist,Weaver Technologies,renee38@example.org,001-357-216-4682,"709 Sergio Valleys
South Abigail, AR 69671",London,Italy ,27/07/1986,2024-10-11,01 Dec 2025,INACTIVE,388737.85
940,Crystal Andrews,Operations Manager,Walton Technologies,tellison@example.com,001-493-820-7098x34849,"762 Bailey Walk Suite 445
Stewartberg, NE 62221",singapore, Germany,1974-12-27,2025-08-22,2025-12-06,Inactive,missing
941,Joseph Garcia,IT Specialist,Rhodes Systems,ayalawilliam@example.net,279-547-7950,"02626 Brian Crossroad
Alvaradoview, MI 23023",são paulo,south africa,2002-04-29,2023-05-16,2024-05-11,Inactive ,133757.93
942,Brooke Bright,Marketing Manager,Watson Inc.,awalker@example.net,001-407-440-6351x685,"751 Matthew Point Apt. 799
North Jenniferstad, MP 28018",Dubai ,France,1975-03-14,17 Apr 2023,2025-02-02,active,603632.07
943,Erin Hughes,Business Analyst,Glass Group,nburke@example.org,(776)833-4228,"2372 Matthew Prairie
North Austin, AS 30572", Berlin, Australia ,1990-10-13,2024-10-04,,ACTIVE,516660.27
944,Barbara Wood,Operations Manager,Summers Ltd., SMITHHEATHER@EXAMPLE.COM ,(534)503-7043,"188 Amanda Lakes
Waltersland, DC 47693",Dubai,SAUDI ARABIA,07/04/1987,2025-04-20,2025-11-09,inactive,305766.46
945,Leslie Garcia,HR Manager,Macdonald Ltd.,adamsjeffery@example.org,001-285-817-6968,"4215 Wade Plains Apt. 792
Robertsmouth, IL 93993",AMSTERDAM,CANADA,1962-10-02,2024-11-01,2025-12-16, Active,1193792.65
946,Robert Kerr,Data Scientist,Holloway Solutions,deborahewing@example.net,(988)959-3428x83903,"PSC 8331, Box 5032
APO AE 78339", Cape Town ,Brazil,1980-08-09,2024-04-04,2024-04-26,ACTIVE,154962.85
947,Amber Byrd,Marketing Manager,Todd Technologies,zmaynard@example.com,001-510-625-0666x86067,"49986 Douglas Prairie Suite 910
New Matthew, ME 19720",London, Ireland,1997-08-05,2024-02-11,11/06/2024,Active,112660.3
948,Rachel Garcia,Marketing Manager,James Ltd.,dakotagomez@example.com,674.739.6399,"PSC 4038, Box 9554
APO AA 47987",Mumbai ,GERMANY,1976-12-18,2023-07-02,2024-07-13,Active,201927.57
949,Alan Huff,Financial Analyst,Bates Technologies,james70@example.net,430.702.1027x3663,"22348 Adams Forest Apt. 660
New Davidtown, ME 72422",AMSTERDAM,Netherlands,1981-01-28,2025-10-09,2025-10-25,Suspended ,317454.5
950,John Haney,CEO,Foster Group,adkinsjared@example.net,(764)747-8937,"76090 Tyler Mall Suite 581
West Michaelfort, GU 32865",Dublin , France ,"Sep 12, 1990",08/12/2024,2025-08-30, Active ,388612.36
951,Danielle Reed,IT Specialist,Barnes PLC,jonathan73@example.net,287.780.5289,"83784 Ramos Ramp Apt. 743
Michaelfurt, NY 42301",sydney, Singapore,1985-12-15,08/02/2024,"Feb 12, 2025", Inactive ,276823.32
952,Debra Harrison,Financial Analyst,Gordon Group, UMOORE@EXAMPLE.ORG ,(430)689-9646,"USNV Hampton
FPO AE 47467", Copenhagen, India,1967-12-06,2024-04-27,2025-08-02,inactive,"419,340.61"
953,Joe Johnson,Operations Manager,Sullivan Inc.,gregory12@example.org,+1-656-803-8710x88035,"0490 Thomas Green Suite 476
Lake Judithland, NE 11126",dublin,Netherlands ,1964-10-01,2025-08-18,, Inactive,136478.5
954,Catherine Williams,Software Engineer,Wilson Consulting,bradley39@example.net,(555)586-8190x0415,"660 Lisa Passage
Leslietown, WI 03897",cape town,united kingdom,1963-10-29,2024-06-08,2024-08-22,active,900436.77
955,Brandy King,Sales Representative,Morgan Technologies,hlee@example.org,301-724-5718,"194 Jake Locks Suite 055
New Codyshire, IN 76049",London , United States ,1975-10-21,2024-12-26,2025-11-02, Active,309432.17
956,Christine Weber,Project Manager,Kim Group, FNORTON@EXAMPLE.ORG ,908.304.9293x2850,"93321 Joshua Knoll
East Bobby, VI 35259",Cape Town, United Kingdom ,1957-08-26,2025-03-19,2025-09-25,Active ,716481.05
957,Stacey Marshall,Consultant,Williams Systems,timothylowe@example.com,358.385.6274x8066,"2030 Vargas Village
Sherrychester, MD 64776", Paris , Canada,1988-08-22,2025-10-06,2025-11-19,ACTIVE,416610.8
958,Kevin Hayden,Operations Manager,Jackson Ltd.,spencerbrandon@example.net,581-212-3993,"879 Brian Turnpike Apt. 314
Carolside, TN 90616", London ,FRANCE,1980-05-13,2024-06-17,2024-10-15,ACTIVE,451227.65
959,Tanner Riley,HR Manager,Jacobs Group,singletonnicole@example.net,(419)268-0450x5211,"81641 Jon Summit Suite 081
Meadowsview, AZ 72827",Rome ,brazil,1996-10-28,2025-01-08,2025-08-17,Inactive ,488374.15
960,Robert Perez,Marketing Manager,Nelson Systems,joseph95@example.org,(509)758-0627x4566,"4294 Kevin Shores
West Christinemouth, VI 85768",OSLO,Saudi Arabia ,1977-05-02,2024-10-03,15/05/2025, Inactive,448379.83
961,Stephen Hill,Project Manager,Jordan Technologies,melanie84@example.com,(869)319-5301x6472,"685 Dennis Tunnel Suite 297
Millerfurt, MS 18471",LONDON,Spain,1993-04-17,04/19/2023,30 Oct 2023, Active ,513962.68
962,Robert Garcia,Software Engineer,Fernandez Ltd.,msmith@example.com,+1-782-846-8967x016,"740 Bryan Lakes Suite 231
West Earl, HI 27118",Riyadh ,United Kingdom,1972-04-17,2025-08-14,2025-12-04,Active ,$831018
963,William Sanchez,Software Engineer,Peterson Technologies,aguerra@example.net,289-749-6172x15052,"PSC 3531, Box 3184
APO AA 54726",PARIS, Germany ,1956-06-10,26-07-2025,30-11-2025,Active,"376,082.88"
964,Joseph Morgan,CTO,,keithhernandez@example.org,(510)391-2944,"140 Hunt Greens Apt. 779
Lake Morgan, AZ 99634",Rome ,India ,1962-11-27,05-01-2024,2024-06-26,INACTIVE,538370.7
965,Nicole Davis,Marketing Specialist,Reilly Consulting,jarias@example.org,237-299-8181,"42657 Cochran Springs Suite 587
Comptonstad, VI 17212", Sydney,Singapore ,"Jan 22, 1976",2023-01-09,22-12-2025, Suspended ,307793.69
966,Andrew Bruce,Data Scientist,Saunders Technologies,wayne82@example.org,001-972-454-4225x3511,"34553 William Mountains Apt. 047
Kennedyfurt, PW 50159",stockholm,GERMANY,1990-05-07,2023-07-13,14-06-2024,Active,898140.73
967,Mary Ortiz,Data Scientist,,tevans@example.net,571.320.7531x36859,"2107 Joseph Corner
Kristyview, IN 00998",toronto,united arab emirates,1986-10-08,2024-10-24,2025-01-11, Inactive ,204132.67
968,Lisa Landry,Operations Manager,Martinez Technologies,smiller@example.com,(599)564-5744,"15333 Floyd Mission Apt. 969
Johnsontown, WV 06492",London , Brazil ,1992-03-12,2024-07-05,2024-07-11,SUSPENDED,1156210.38
969,John Paul,Data Analyst,Conner Consulting,jeremy49@example.net,858.258.6188x8178,"USNS Wilson
FPO AP 77933",STOCKHOLM, Norway,1963-02-22,2023-09-22,2024-04-26,Inactive,318663.01
970,Jennifer Jackson,Research Scientist,Lawson Systems,stephenlevine@example.org,727.649.0331x22239,"47314 Lauren Point Suite 477
Scottmouth, AK 29491",ROME, Australia ,1975-05-11,2025-02-20,2025-04-09,active,120385.87
971,Aaron Francis,Sales Manager,Jenkins Solutions,richard07@example.com,001-822-482-1282x193,"2643 James Branch Suite 596
Lake Kathleen, MH 53230",sydney, Ireland,1975-04-09,2023-07-02,2023-07-24, Inactive,358496.11
972,Jason Alexander,CEO,Levy Ltd.,clayamy@example.org,323-344-3584,"Unit 4651 Box 2421
DPO AE 51461",SINGAPORE, Sweden,1992-05-06,2023-09-04,06 Jul 2024, Suspended,203467.96
973,Laura Yu,Product Manager,Mcdonald Holdings,wellsjasmine@example.com,+1-736-748-1165,"421 Victor Throughway Apt. 136
Lake Phillip, OK 65584",CAIRO,Netherlands,1964-04-23,16 Jul 2023,2025-11-15,ACTIVE,590337.97
974,Jonathon Coleman,Business Analyst,Ross Technologies,estone@example.com,(393)758-6134x174,"842 Buchanan Walk
East James, PA 02203", Singapore, Denmark ,1988-12-04,2024-07-03,2025-09-10,ACTIVE,207557.4
975,Amy Alvarado,CTO,Burns Solutions,bwilson@example.org,211-639-1548,"4792 Jose Prairie
North Aaronhaven, MO 13247",Oslo,United Arab Emirates,11/02/1994,2023-07-10,21 Aug 2023, Inactive ,239826.64
976,Joseph Johnson,CTO,,margaret90@example.com,,"2096 Brandon Falls Apt. 726
Jeffreyburgh, AR 48189", Toronto ,SWEDEN,1980-07-24,2025-10-11,2025-12-18,Active,87318.84
977,Janet Rodriguez,Project Manager,Hughes Technologies,rpollard@example.com,+1-371-355-7932x770,"917 Harris Valley Apt. 609
Romerochester, NY 72829",STOCKHOLM, Spain ,01/05/1989,2024-09-07,2024-11-23,active,238800.94
978,Debra Romero,CTO,Dillon Inc.,cwebster@example.net,697-935-8679x43364,"27676 Wheeler Valley Suite 587
Cruzview, GU 76964", Berlin, Egypt ,1986-08-23,06-06-2023,2023-07-23,ACTIVE,60071.12
979,Cynthia Davis,Accountant,Compton Consulting, BAILEYMEAGAN@EXAMPLE.NET ,747.545.0240,"084 Edwards Forks
Marvintown, IA 58294",Mumbai,CANADA,1995-01-22,2024-06-02,2025-06-01,INACTIVE,
980,Robert Patton,Research Scientist,Bailey Technologies,mejiatimothy@example.org,(338)533-8569x329,"8040 Walker Fords Apt. 415
Lake Nicholeborough, HI 93106", London,CANADA,1968-03-30,2024-01-03,08 Jul 2024,active,"558,098.23"
981,Jessica Everett,Sales Representative,Johnson Holdings,williamsjoanna@example.org,(858)638-7963x34674,"0332 Gonzalez Tunnel Suite 415
Port Brian, WV 75941",Rome , Norway ,1969-07-11,2025-07-20,2025-11-13, Suspended,568104.19
982,Jennifer Lawson,Business Analyst,Cabrera Ltd.,wileyandrew@example.net,960.978.1951x6484,"83306 Joseph Forge Suite 754
Riceborough, PR 45248", São Paulo ,Italy ,1956-09-30,2024-03-08,"Sep 14, 2024",Inactive ,441450.11
983,Deborah Huff,Research Scientist,Stokes Systems,elizabeth26@example.org,(270)968-7567,"92361 Ashley Crossroad
South Steven, MN 78911", Berlin ,UNITED STATES,19/03/1987,2023-02-06,2023-02-18,active,166560.97
984,James Walters,Sales Representative,Meyer Solutions,susan13@example.org,768.370.5807x9106,"0707 Kathleen Springs Suite 784
Port Alex, KS 68336",São Paulo , Denmark,08-11-1996,2025-09-23,2025-11-01,Inactive,316982.56
985,Anthony Welch,Project Manager,Bell Solutions,ryancline@example.net,304-949-2728x0903,"643 Ronnie Summit
Juliehaven, MP 35494", Paris, United States ,2002-02-01,"Sep 11, 2024",2024-10-26, Active,"USD 326,922.44"
986,Thomas Williams,CEO,Mcknight PLC,piercedonna@example.com,001-893-203-2075x6052,"30299 James Forges Apt. 923
Melissafurt, MI 35200",paris,SPAIN,2003-02-10,2023-02-24,28 Apr 2024,Active ,145676.65
987,Michelle Scott,HR Manager,Good Systems,alexanderdawn@example.org,(540)327-3201x295,"04231 Holly Trace Suite 820
Allisonville, WY 91349",dubai,FRANCE,1957-03-21,2024-01-26,2024-04-24, Active,938819.78
988,William Reed,Consultant,Young Ltd.,blankenshipmichael@example.net,673-785-7797x3982,"81518 Todd Wall Apt. 826
Melissashire, MI 13407",Riyadh,Saudi Arabia,1980-05-05,2023-11-09,2025-12-05,Active ,605708.18
989,Christopher Hoover,Marketing Specialist,Lopez PLC,michael76@example.net,615.659.0308x19695,"1504 Richards Crescent Suite 089
Lake Jonathan, MT 93803",Dublin,United Kingdom,10/11/1969,2024-02-17,,Active ,280779.54
990,Joseph Alvarado,CEO,Young Solutions,anthony69@example.com,(459)935-5881x082,"7777 Watson Well Apt. 541
East Willie, FL 38309", Mumbai,Brazil,1991-09-21,2025-05-01,2025-12-05, Inactive ,333974.56
991,James Smith,CTO,Burnett Technologies,timothyharrison@example.org,6708455948,"166 James Port Suite 671
West Michael, IN 45525",Mumbai, Brazil ,1999-10-22,03/29/2025,2025-12-03, Suspended,379218.55
992,Luis Byrd,CTO,Conrad Technologies,qjordan@example.net,001-306-641-2272x7653,"341 Escobar Route
North Matthewstad, MA 73335", New York , Singapore,"Jun 02, 1967",2024-04-19,2024-06-21, Active ,78494.64
993,Joseph Elliott,CEO,Roberts Group,cindy55@example.com,,"49108 Malone Center Suite 317
West Reneefort, OH 42582",berlin,saudi arabia,1993-02-27,2025-05-04,2025-12-18, Active,275674.43
994,Lisa Meza,Marketing Manager,Davis Technologies,oaguilar@example.com,+1-760-293-1608,"Unit 0558 Box 3911
DPO AE 48922",stockholm,Netherlands ,1996-11-05,2025-06-12,2025-06-18, Active,203335.18
995,Brian Warner,Operations Manager,Thompson Systems,richardwilliams@example.net,001-533-939-6379x020,"893 Campbell Mission
Port Katelynmouth, NE 53477",São Paulo , United Arab Emirates,"Oct 20, 1967",2024-03-25,2025-11-17,active,"162,570.33 USD"
996,Wanda Knight,Product Manager,Macias Solutions,jocelynstephens@example.com,212.642.6647x42644,"279 Russell Mills
Aprilside, NJ 58648", Riyadh ,australia,1996-01-16,2025-05-03,"Dec 03, 2025",ACTIVE,269205.36
997,Rodney Welch,Marketing Manager,Turner LLC,larryfox@example.net,,"6423 Smith Drives Suite 908
Adamsshire, MS 51681", Amsterdam ,Australia ,1976-02-14,2025-09-15,2025-10-02, Active ,1153579.84
998,Jason Jennings,Financial Analyst,Ferrell Solutions,benjamindavid@example.net,(929)423-2468,"73378 Brown Loaf
East Xavierfort, PW 39927",AMSTERDAM, South Africa,1990-04-06,2025-10-08,2025-11-16,ACTIVE,"$513,286.78"
999,Anthony Jones,Marketing Manager,Mayo Group,tyler30@example.com,759-765-7657x86800,"7644 Lewis Mall
East Steven, MN 54382", Sydney , Egypt ,1960-11-19,2025-01-01,2025-12-14,Active ,219734.37
1000,Amanda Branch,Financial Analyst,Hayden Solutions,james44@example.org,9043218674,"35191 Lambert Shoals
Port Matthewstad, SC 13776", Berlin ,SOUTH AFRICA,1967-02-28,2023-08-22,2025-05-16,ACTIVE,489337.61
1001,Natalie Oliver,COO,Stewart Holdings, BRANDON14@EXAMPLE.ORG ,(929)287-6632,"38106 Samantha Summit
Lake Madisonton, AZ 48162",rome,France,1963-01-11,2023-04-06,2025-06-03, Inactive,872876.02
1002,William Harris,Data Analyst,Morrison Consulting,michael49@example.com,(899)305-2702x599,"USNV Lewis
FPO AP 25894",Dubai , United Arab Emirates ,1957-10-25,2023-08-02,2025-07-26, Suspended ,626086.35
1003,David Martinez,COO,Dunlap LLC,burtontimothy@example.net,001-951-630-6109x2216,"1473 Bradley Gardens
New Davidport, IA 11902",LONDON, Egypt,1964-06-04,2023-07-28,11/18/2025, Active,341718.05
1004,Lisa Patterson,HR Manager,Coleman PLC,raymond02@example.org,461.665.5806,"2672 Emily Lodge Suite 027
Danieltown, FM 47194",DUBAI,Egypt ,1999-11-23,2025-01-10,2025-04-01,ACTIVE,208385.34
1005,Cheyenne Vaughn,Project Manager,Bruce Ltd.,cpierce@example.com,001-305-871-1218,"35393 Alvin Way
Josephport, VA 76884", Berlin,Netherlands ,1989-12-20,2025-01-14,2025-07-05,Active,534323.28
1006,Spencer Bruce,Operations Manager,Donaldson Inc.,drivera@example.com,001-643-421-8302,"8551 Douglas Bypass Suite 115
Amyton, WI 41927",Stockholm,Egypt ,1960-06-14,2024-05-17,2025-09-15,active,431679.96
1007,Chad Warner,Financial Analyst,Lawson Solutions,justinhampton@example.net,636.533.0575,"98416 Hall Mission
Lake Deborahville, WY 61111", Paris , Egypt,1956-02-24,2025-01-08,2025-11-27,Active ,"$613,315.80"
1008,Kenneth Zimmerman,IT Specialist,Levy Solutions,scott12@example.com,001-892-383-3971x785,"0591 Crane Freeway Apt. 010
Jennifershire, CO 50101", Dubai ,Egypt ,1985-05-07,2025-04-26,2025-12-18,Inactive,511253.21
1009,Matthew Chavez,Data Scientist,Kelley Inc.,jenniferjones@example.net,,"2593 Mcdonald Shore Suite 650
Philiptown, NJ 71015",cairo,Canada ,1998-10-13,2025-06-25,2025-08-02, Active,683298.37
1010,Crystal Parker,Research Scientist,Flores Ltd.,denisegriffith@example.com,892-260-2611,"360 Brittany Vista
Port Angelamouth, AR 06922",London , France ,1998-05-16,2025-06-07,2025-06-23, Suspended,225333.17
1011,Cassandra Hoover,Research Scientist,Vang Systems,qvaughn@example.org,805.487.7770x14972,"95696 Hamilton Overpass
Harrismouth, PA 47951",CAPE TOWN, Sweden,02/10/1974,2024-08-28,2025-03-31,INACTIVE,824206.06
1012,Chad Hall,CTO,Yates Holdings,mooneylisa@example.org,6514356397,"5167 Suarez Stravenue
Fowlerborough, MN 71455",são paulo,France,1961-07-15,01/17/2023,2024-08-12,Inactive ,376366.89
1013,Eric Kane,Product Manager,Anderson PLC,burnstyler@example.net,547.579.3599x584,"25201 Bryan Light Suite 691
South Lisa, DE 76172",Dublin ,Netherlands ,1959-12-27,2025-06-24,2025-12-20, Inactive,"1,400,980.09"
1014,Keith Smith,Project Manager,Fisher Systems,jasonallen@example.org,813.487.8305,"3355 Rodney Extension Apt. 294
Kinghaven, DE 15408",Cairo,South Africa,1964-10-02,2024-11-16,2025-06-04,Active ,202312.44
1015,Joshua Garrett,Operations Manager,Moore Systems, KELLYRICHARDSON@EXAMPLE.COM ,992.822.9317,"94750 Nguyen Orchard
Hardyshire, CO 60621",SYDNEY,United States ,1970-05-11,2024-10-01,25 Jun 2025,Active,1104799.76
1016,Zachary Gay,HR Manager,Jones Consulting,elizabethlewis@example.net,435-238-1157x50927,"369 Hayes Knoll
Lopezview, ID 26645",Singapore, Egypt ,"Nov 18, 1983",2024-06-13,2025-02-16,active,376448.88
1017,Lindsay Phillips,Product Manager,Russell Holdings,ywu@example.com,5886550694,"10427 Green Fields
Joshuashire, FL 15539",berlin,United Kingdom,2000-09-29,2024-06-15,2025-11-17,Inactive ,"207,732.69 USD"
1018,Adam Peterson,Data Scientist,Smith Technologies,wagnernatalie@example.net,(399)313-2935x75384,"34756 Dawn Ways Suite 426
West Marilyn, MA 42881",dubai,Norway ,1969-07-14,2024-09-02,23/06/2025,suspended,"$233,580.00"
1019,Emily Scott,Financial Analyst,Hays Consulting,barrsuzanne@example.org,646-592-2394x07173,"95470 Robert Underpass Apt. 981
South Belindastad, CT 51774",COPENHAGEN,Sweden,1964-12-05,2025-12-28,2025-12-31,ACTIVE,261910.18
1020,Jason Oliver,Research Scientist,Anderson Consulting,cynthia12@example.org,(224)717-5616,"541 Jeffery Flat
Myerstown, DC 68381",cairo,Spain,1972-04-24,"Oct 14, 2023",15-10-2025,Active ,441051.16
1021,Martha Romero,Software Engineer,Bentley PLC,murphyryan@example.com,+1-217-791-5782,"221 Dawn Cove Suite 299
Williamport, DE 37757", Paris,singapore,17 Dec 1955,"Jan 09, 2025",2025-08-30, Inactive ,472590.64
1022,Brandon Sanders,CEO,Miller Inc.,heather69@example.net,391.442.6520,"74020 Miles Mews
Powellport, ND 10213", Amsterdam ,UNITED ARAB EMIRATES,1989-06-27,2025-05-20,2025-06-23,Active ,219346.95
1023,Tammy Dudley,Accountant,Thomas Solutions,sheilagreene@example.org,+1-367-259-1644x91532,"08523 Michael Village
East Keith, ND 33361", Mumbai,Saudi Arabia ,2001-05-25,2025-11-28,2025-12-24,active,322207.74
1024,Breanna Jones,Marketing Manager,Dudley Technologies,dylanbarber@example.net,662-467-1320x253,"0776 Larry Dale Apt. 987
Ericksonfort, ME 07291", Paris , Egypt ,2003-03-23,2025-05-03,2025-11-30,Active ,1468260.98
1025,Paul Richards,Software Engineer,Haynes Ltd.,itucker@example.org,2757240033,"972 Yates Unions
West Joshua, NE 45898",AMSTERDAM, United Arab Emirates ,1969-10-20,2025-11-17,2025-12-21,active,1098306.73
1026,Kyle Adams,Sales Representative,Brown Systems,brittneywashington@example.com,001-839-585-2381x82893,"Unit 2786 Box 8070
DPO AA 24178", Singapore,Germany ,1987-07-06,2025-01-26,28 Mar 2025,active,444820.7
1027,Dana Harrison,Software Engineer,Hall Inc.,omejia@example.org,799.559.3116x99213,"050 Lucero Shoal Apt. 775
Lake Angelicaport, OK 37535", Copenhagen, Sweden,1987-11-25,2025-12-06,2025-12-11, Suspended ,336583.8
1028,Jeffrey Lopez,Project Manager,Lynch Technologies,wgonzalez@example.com,(686)662-1380x5951,"225 Rogers Flat Apt. 059
West Kellyshire, MT 27786",Mumbai , Singapore,1987-12-09,2023-02-27,2023-12-17,ACTIVE,356475.9
1029,Adrienne Jones,CEO,Gomez Group,johnsonrobert@example.com,513-963-6590x50417,"34267 Oneill Canyon
Port Erika, IL 83509",new york, Germany ,1996-01-29,17-03-2024,09/21/2024,Active,503562.23
1030,Nicholas Wilson,Marketing Specialist,Rodriguez Inc., ALEXANDEROLIVIA@EXAMPLE.NET ,+1-793-854-7521x127,"11493 Vicki Cove Apt. 886
East Brian, NE 96446", Stockholm, India ,1993-03-15,2025-05-05,06/09/2025,Active,160178.68
1031,Thomas Haney,Sales Representative,Harrington Solutions,emily00@example.org,+1-318-203-6485,"PSC 2182, Box 4140
APO AP 11936", Paris,France,1977-07-25,31-08-2025,2025-12-16,ACTIVE,273713.28
1032,David Matthews,Operations Manager,Taylor Technologies,teresa16@example.net,+1-978-273-2149,"43474 Jennifer Inlet
Davidton, MT 47847",Toronto ,BRAZIL,1958-11-16,2025-07-08,16-08-2025,inactive,101924.86
1033,Tricia Coleman,COO,Williams PLC,phillipsrandall@example.org,9416313555,"23956 Anderson Corner Suite 618
Espinozamouth, NM 56012",London , United Arab Emirates ,1978-12-15,2025-03-20,2025-09-10,INACTIVE,433417.26
1034,Lisa Byrd,COO,Kim Ltd.,michelle38@example.com,412.239.8189x397,"04519 Flores Streets Suite 817
West Daniel, OH 90362",BERLIN, South Africa,"Feb 15, 1957",2023-02-20,2024-11-14, Active,515574.53
1035,Carrie Rowe,Marketing Specialist,Nixon Systems,umaxwell@example.net,5313575859,"62054 Burke Trafficway Apt. 927
Lake Annaview, AK 54316", Cairo , Netherlands,1966-10-17,2023-04-19,2025-12-25, Inactive,233694.38
1036,Jason Chambers,COO,Edwards Inc.,amosley@example.org,,"535 Campbell Trace Apt. 789
Bryanthaven, VI 69396",sydney,United States ,1981-12-27,2023-09-04,2025-07-10,active,986373.86
1037,Danielle Gill,COO,Lang Consulting,,600-972-0409,"24617 Barnett Plain
West Codytown, UT 41215",São Paulo,Norway ,1982-09-02,2025-06-28,2025-07-20, Active,138963.15
1038,Eric Cordova,Marketing Manager,Ortiz Inc.,boydjonathan@example.com,(862)944-7049,"87703 Eric Mountain
Lake Justinport, IN 99423",Singapore ,United States,1957-01-19,2024-11-27,2025-07-09,Inactive,117587.45
1039,Jeremy Weber,Software Engineer,Sanchez Group,mary68@example.net,+1-974-490-3043x817,"7048 Daniel Springs
North Christopher, NE 38303",Cape Town, Australia,08/20/1967,2023-07-06,2023-11-01, Active ,383508.2
1040,Robert Bray,IT Specialist,,sandra65@example.org,612.575.9170x03437,"6740 Clark Dam
Christopherberg, IL 16684",Sydney, United Kingdom ,1959-03-16,2023-11-12,22/09/2024,active,682125.41
1041,John Lewis,Research Scientist,Rogers Inc.,walshdaniel@example.org,,"2673 Velasquez Points Suite 256
North Marissaville, TX 41483",Berlin, Norway ,1988-05-12,2023-04-30,03/01/2024,active,1065281.23
1042,Adrienne Obrien,Data Analyst,,joseph26@example.net,484-855-3758,"81499 Ponce Falls Apt. 235
Brittanystad, NY 07836",Amsterdam , Spain,1989-08-13,2025-02-08,2025-04-11,inactive,237703.89
1043,Rebecca Martinez,CTO,Rush Technologies, NANCY28@EXAMPLE.NET ,9505750781,"52477 Olson Heights Suite 964
North Kevin, LA 07430",Dublin, Germany ,1958-01-06,2025-11-07,2025-12-26,ACTIVE,697373.62
1044,Jeremy Davis,CEO,Smith Systems,peterpayne@example.org,001-275-353-7793x8546,"0725 Pacheco Knoll
New Ryan, CO 99547",New York,Singapore,1976-11-24,2025-04-13,2025-05-17,ACTIVE,319031.16
1045,Heather Ballard,Financial Analyst,Berry Inc.,donaldchen@example.com,307.892.6251x743,"50394 Emily Ranch
Stacieberg, NH 73483",CAPE TOWN,france,1983-09-18,2024-07-05,2024-10-17,Active,290442.5
1046,Nicholas Williams,Project Manager,Moore LLC,ronaldhartman@example.com,001-749-964-5495,"73174 Scott Coves
East Melissa, TX 37182",Copenhagen,South Africa ,1999-11-02,10/21/2025,2025-11-17,suspended,608384.25
1047,Scott Gill,Consultant,Martin Systems,phillipwade@example.org,361.376.4040x4655,"81105 Sharon Station Apt. 892
South Kimberlyport, TX 83919",LONDON,united states,18-03-1972,2025-05-17,2025-10-07,inactive,517428.18
1048,Ryan Lucas,Marketing Manager,Kelly Consulting,scottvelazquez@example.com,474.923.9354x3373,"692 Mallory Key
North Alexanderfurt, AL 64689", New York,United Kingdom,1977-03-27,2024-08-15,2025-07-16,suspended,108719.4
1049,John Hill,Product Manager,Martin Consulting,,001-565-337-1557,"Unit 5208 Box 9831
DPO AP 59899", Amsterdam, India ,1966-07-03,2024-05-28,2025-06-22, Inactive,$921334
1050,Rodney Harrington,HR Manager,Ortega Ltd.,brett93@example.org,773.212.9734x148,"PSC 2759, Box 0826
APO AP 94372", Toronto ,IRELAND,1956-07-13,2025-12-29,2025-12-30,Inactive,861184.42
1051,John Graham,Sales Manager,Lawson Systems,bhernandez@example.net,+1-871-221-8945x2395,"59987 Wilson Lake
Clarketown, ID 22435",São Paulo ,Egypt,1965-04-04,2024-07-26,2025-10-12, Suspended ,211526.62
1052,Jeremy Coffey,Accountant,Fuentes Holdings,bauermichelle@example.net,817-950-2413x0078,"5850 Andrews Court Suite 504
Thompsonbury, MO 54542",madrid,NORWAY,1986-02-07,2024-06-19,2025-09-26,active,432381.02
1053,David Garcia,Project Manager,Byrd Consulting,seanshaw@example.com,681-742-0438,"PSC 4621, Box 7643
APO AA 79769",New York, Brazil,1998-04-01,11/03/2024,2024-11-12,active,463156.89
1054,Justin Johnson,CEO,Garrison Ltd.,daniel67@example.com,7789869858,"06672 Roberts Course
Webershire, NV 71014",Dublin,South Africa,1985-07-28,2025-04-26,2025-09-16, Active ,"$393,356.51"
1055,Maria Fox,Software Engineer,Stewart LLC,ekennedy@example.org,993-216-4598x243,"0793 Cooper Unions
Brooksshire, HI 57138",COPENHAGEN, Ireland ,1999-09-22,2023-03-05,2025-09-02,Inactive ,222968.64
1056,Corey Coleman,Consultant,Orr Ltd.,katherinebass@example.org,+1-527-235-7125x67212,"8959 Michael Divide Suite 256
Smithshire, ND 95394",copenhagen, Netherlands,23/06/1997,2023-01-18,2023-10-01,ACTIVE,204815.25
1057,Guy King,Sales Manager,Hutchinson Inc.,sabrina83@example.com,+1-790-830-3413x6532,"977 Jill Unions Apt. 600
Nelsonfurt, CT 36938", Toronto ,BRAZIL,1994-03-13,2024-07-29,2025-07-31,Active,321937.32
1058,Jeffrey Brooks,Product Manager,Wright PLC,djohnson@example.com,001-991-874-4368x7163,"7740 Scott Landing
Pattersonhaven, FL 38573",london,ITALY,1992-11-18,2024-04-24,2025-09-12, Active,744829.28
1059,Jessica Wallace,Sales Manager,Ramsey Consulting,carlos27@example.net,(631)441-9887x263,"33998 David Port
North Stevenville, IL 18669", Dublin, Germany ,1988-01-21,04/03/2024,2024-03-12,inactive,"USD 479,510.04"
1060,Kellie Daniels,Sales Manager,Smith Technologies,stacy45@example.com,871.554.1766x045,"4576 Knapp Viaduct
Waltonfurt, MN 62607", Mumbai ,BRAZIL,19-11-1990,12/16/2023,2025-07-04,ACTIVE,252854.62
1061,Teresa Evans,Accountant,Cruz Ltd.,timothy60@example.net,(320)985-2964x552,"988 Moreno Ramp Suite 275
Joyberg, GA 01149",MUMBAI,SPAIN,1976-10-01,2023-05-14,2023-09-22,Inactive,562524.01
1062,Emily Haney,Data Scientist,Mcdaniel Group,heather69@example.org,+1-687-838-6400x672,"90321 Wright Fields Apt. 839
East Lori, MH 10853",Cape Town,brazil,1960-12-09,2024-01-28,, Active,
1063,Meghan Coffey,Data Analyst,Rodriguez Technologies,elizabeth65@example.com,385.758.7552x45296,"9745 Zimmerman Pike
West Charles, NV 75457",OSLO,SINGAPORE,1998-09-24,2023-01-05,2025-05-29,Inactive ,732439.48
1064,Nicholas Mccann,CEO,Gonzalez LLC,fmarquez@example.net,755.866.9633,"8256 Heather Rapid
Port Lynnchester, DC 35069", Copenhagen, Egypt,1997-10-20,2025-11-27,, Inactive ,96974.21
1065,Thomas Schmidt,IT Specialist,Villa PLC,cynthia62@example.net,968.942.6851,"901 David Viaduct Suite 190
Melissaberg, MP 01684", Cape Town ,United Arab Emirates,1964-10-30,2023-04-07,2024-01-17, Active,254305.44
1066,Tanya Vaughan,Marketing Specialist,Friedman Holdings,imoore@example.org,001-251-390-4562x44622,"3393 Johnson Drives Suite 326
West John, ND 12473",New York,SPAIN,2002-05-24,2023-06-17,2025-12-05, Suspended ,149676.42
1067,Angela Perry,Marketing Manager,Smith LLC,daylee@example.net,001-984-614-2024x84350,"328 Melissa Route
Johnsonview, KY 01013",OSLO, Sweden,1970-06-09,"May 26, 2024",2024-12-14,active,132418.54
1068,Michelle Jones,Data Scientist,French Inc.,johnsonchristine@example.com,718.723.5327x7376,"72757 Matthew Inlet Apt. 471
South Richard, CT 45011",Mumbai, Norway ,20/04/1999,2025-09-09,11/04/2025, Inactive,738649.47
1069,Andrew Burke,Data Analyst,Wright Technologies,laurenray@example.org,+1-542-570-2150x134,"79895 Patricia Valleys Suite 733
Port Davidton, IN 59473",Oslo, Egypt ,2000-08-27,2024-05-03,17-04-2025, Inactive ,236241.33
1070,Karen Lawson,Software Engineer,Barker Consulting,hernandezscott@example.net,395.857.1421,"USNS Bird
FPO AE 93063",DUBAI,INDIA,1974-10-24,17/06/2025,2025-12-30, Active,417714.19
1071,Tanner Caldwell,Business Analyst,Valdez Inc.,carly00@example.net,843-364-3644x432,"007 Frederick Mills
Robbinsbury, MD 21106",paris,united kingdom,03/04/1978,2025-02-11,2025-07-22, Suspended,317158.08
1072,Wesley Smith,Software Engineer,,udorsey@example.net,210.293.3853x0009,"258 Brewer Mountains
Dyerport, MO 48955",LONDON,south africa,1982-08-26,2025-06-03,2025-06-20, Active ,
1073,Brent Weber,IT Specialist,Martinez Solutions,angelaparker@example.com,+1-603-344-6332x4656,"351 Edwards Ford Suite 185
Port Jessicafort, MO 75065", Madrid,Brazil ,1988-09-06,2023-07-16,2025-04-09,inactive,345855.15
1074,Sarah Day,IT Specialist,Howard Technologies,robin65@example.com,8036375229,"09222 Davis Greens
Michaelshire, SC 48770",são paulo,Brazil ,1996-09-29,2025-02-25,2025-10-21,Active,133506.5
1075,Daniel Davis,Operations Manager,Gonzalez Inc.,jerrysanders@example.org,314-526-4302x970,"98210 Michael Throughway
West Patricia, TN 25429",Mumbai, Netherlands ,1985-04-29,2025-07-18,2025-11-28, Active,658280.74
1076,Patricia Burns,Project Manager,Martin LLC,antonio49@example.com,(284)907-6953,"476 Mcdaniel Burg
South Williamport, ME 52830", Cairo ,ITALY,27-09-1976,2024-02-01,2025-09-10,active,231971.64
1077,John Sparks,Financial Analyst,Myers Consulting,gwendolyn36@example.net,2947386825,"6297 Nicholas Port
East Lindsay, WI 19211", Paris , United Kingdom ,1971-09-01,2025-06-29,2025-08-16,ACTIVE,110237.53
1078,Jeffrey Hoover,Product Manager,Navarro Solutions,tonychen@example.com,001-668-692-7047x233,"6105 Sharon Hills Suite 180
Bergfurt, GA 66319", Stockholm , India,1995-07-02,2025-11-16,,inactive,242879.18
1079,Bethany Nelson,Sales Representative,Hughes Ltd.,nbender@example.org,749-840-3951x869,"440 Heather Freeway
New Johntown, DE 52279",Oslo,SWEDEN,"Jan 05, 1984",2025-08-19,07/11/2025, Active,937087.42
1080,Jill Pennington,Financial Analyst,Lee Consulting,efisher@example.org,+1-337-879-3980x1220,"00239 Michael Forge Apt. 336
Lake Carl, WI 01139", Cairo,south africa,1984-09-18,2023-10-24,22-12-2023,INACTIVE,594309.33
1081,Angela Singh,Sales Manager,Thompson PLC,toddwhite@example.org,+1-796-272-0129,"PSC 3177, Box 5690
APO AE 92140",toronto, Norway,27/11/1955,2024-02-15,02-12-2025,ACTIVE,256771.92
1082,Sarah Bright,Marketing Specialist,Garcia Technologies,beannicholas@example.com,924.348.3438,"4746 Daniel Road
Lake Hannahmouth, AL 17982",Oslo,Brazil,1979-04-11,2024-11-09,2025-09-02, Active ,256663.1
1083,Jason Miller,CEO,Patel LLC,rebeccaanthony@example.org,3934808349,"60059 Gregory Square
New Jesusstad, HI 93745",Madrid,UNITED STATES,1977-09-19,2025-07-19,30 Jul 2025, Active ,261674.19
1084,Tara Rivera,CEO,Martin Technologies,dianawilliams@example.org,431-516-7954,"0116 Wagner Creek Suite 786
New Adrian, MD 13064",Oslo,IRELAND,1971-12-12,2024-03-12,12-11-2024, Active,1402439.23
1085,Bryan Fuller,Business Analyst,Hunter Inc.,karen67@example.org,001-202-720-9941x75304,"841 Elizabeth Burgs
Morrismouth, AL 69656", Copenhagen ,United States ,03/05/1968,2025-01-13,2025-01-19,Active ,428203.92
1086,Nancy Harrison,Marketing Specialist,Flores Technologies,robert77@example.org,278.546.7970,"Unit 7644 Box 0583
DPO AA 43449",copenhagen,United Kingdom ,20/10/1990,2024-02-03,11 Nov 2025, Suspended,442868.94
1087,Jennifer Cortez,Accountant,Smith Group,corr@example.org,497.232.8290x183,"13406 Melissa Place
North Ninaton, MN 04363", Sydney, Norway ,1964-05-20,2023-12-23,08/04/2024,Inactive ,674143.6
1088,Mario White,Accountant,Williams PLC,caleb74@example.com,817-806-4857,"USS Martin
FPO AA 07842",Berlin ,united states,07/27/1977,2023-02-14,2024-02-10,Inactive,387376.52
1089,Jason French,HR Manager,Keller LLC,parkerkenneth@example.net,638-781-9011,"677 Barrera Prairie Suite 249
Rojasville, NJ 05614", Dubai ,SPAIN,1983-06-21,2024-11-24,12-03-2025,ACTIVE,273394.34
1090,Robert Harrison,Business Analyst,Tyler Ltd.,vhenderson@example.org,470.922.3804x5347,"3209 Fields Row
New Joseph, OK 73328",Berlin ,FRANCE,1978-11-13,2025-12-15,2025-12-29, Inactive,285659.3
1091,Jeremy Jennings,Research Scientist,Young PLC,dthompson@example.org,+1-893-835-7024x093,"4844 Erica Gateway Apt. 565
Lake John, CA 72993",COPENHAGEN,Norway,1991-07-18,2024-01-28,2025-07-27, Active ,311725.76
1092,Jill Gill,HR Manager,Butler Inc.,ysullivan@example.org,535.533.4062x0166,"42156 Jonathan Spurs
Gregorychester, IL 53080",PARIS, Norway ,1964-01-08,2024-01-23,2025-07-25, Active ,319318.54
1093,Lisa Garner,Marketing Specialist,Melton Group,nwhite@example.org,(670)444-4551x434,"5494 Frey Isle
Mayburgh, WV 11124",Riyadh,Netherlands,1986-08-01,2023-09-16,2025-02-18,Inactive ,545435.96
1094,Jason Santiago,CTO,Schmidt Consulting,hayden46@example.org,815.612.9116x47924,"47353 Brooks Rue Apt. 530
South Leslieville, KS 48812", Dublin , Egypt ,2003-09-22,13/05/2023,2023-11-01,Active,"USD 339,884.84"
1095,Jade Davis,Product Manager,Curtis Ltd.,melissacastillo@example.net,(530)357-8245,"46437 Case Inlet
Lake Brandon, GU 83822",Cairo , Saudi Arabia,1959-02-07,2024-10-21,2025-10-21,inactive,547352.37
1096,Stephen Rivera,Sales Manager,Adams Group,asmith@example.net,001-496-310-6963x7491,"065 Roger Vista Suite 715
North Danielburgh, MD 00792", Madrid,NETHERLANDS,1962-06-05,2025-04-01,2025-04-20,Active ,309743.06
1097,Kathryn Serrano,Research Scientist,Ritter PLC,perryaaron@example.com,001-202-872-8986x83212,"984 Nathan Vista Suite 966
Wagnerview, GA 04750",Mumbai,Australia ,2001-04-07,2024-09-18,2025-04-24,suspended,346294.43
1098,Joshua Bray,Business Analyst,Holland Systems,christopher42@example.com,(407)737-2386x1595,"5763 Park Rest Apt. 930
Leonardfort, OK 62003", Stockholm , United Arab Emirates,1987-12-21,23 Jun 2023,2023-11-08,active,80923.5
1099,Danielle Romero,Sales Representative,Burke Inc.,peterhamilton@example.com,510-259-3948x1504,"Unit 5602 Box 8586
DPO AP 83433", Oslo , Singapore ,2002-11-08,2025-08-10,2025-12-20,ACTIVE,622456.72
1100,Beth Martinez,Accountant,Coleman Holdings,bondrobert@example.com,476-807-5121x0184,"4418 Nancy Curve
Michaelport, AR 66261",dublin,united states,1972-09-23,2025-10-15,2025-11-25,ACTIVE,417709.68
1101,Eric Perez,HR Manager,Hartman LLC,marcbrooks@example.com,(843)777-9507,"3748 Luna Summit Apt. 512
West Sharon, WA 72696",cairo, Egypt,1996-04-08,2025-01-05,2025-02-17,ACTIVE,659084.53
1102,Janet Spence,Software Engineer,Barnes Group,millertravis@example.com,001-822-979-2949x65239,"03854 Samuel Circle
Katherinemouth, OK 94151",Toronto,denmark,1959-08-26,11 Apr 2024,2024-07-21,Active ,"43,157.92"
1103,Erin Ramos,HR Manager,Anderson PLC,robertsingh@example.com,838-351-3976x35294,"204 William Divide Apt. 633
Nicoleland, CA 69603", Rome,NETHERLANDS,1984-12-19,2024-11-05,2025-03-14,Inactive,1413899.85
1104,Jason Mcintyre,HR Manager,Fox Systems,shaneboyd@example.net,(859)233-8041x9171,"Unit 3308 Box 5441
DPO AP 85711", Stockholm , Denmark ,1970-05-23,2024-06-18,2024-06-27,Inactive ,297237.65
1105,Richard Santiago,CTO,Barnes Solutions,lbrown@example.net,4933137880,"7677 Gibson Walk
Petersonmouth, MS 41284", Paris, Ireland,1973-02-14,2023-01-25,2025-09-18,Active ,711925.09
1106,Amanda Ballard,CTO,Evans PLC,clarkrachel@example.net,495-843-5110,"3308 James Gateway Apt. 135
West Terrihaven, MD 44588",Mumbai,SOUTH AFRICA,19/03/1992,2025-08-29,2025-09-28, Inactive,158271.29
1107,Sara Fields,Operations Manager,Johnson Technologies,thomasjohn@example.com,(660)667-4151,"2164 Jessica Glens Apt. 797
North Grant, LA 07536",Amsterdam,SINGAPORE,1977-01-10,2024-11-28,2025-01-11,Inactive,503300.02
1108,Joseph Mason,COO,Murphy PLC,whull@example.org,+1-402-635-8937x71258,"949 Lynn Lights
Colleenland, WA 93151", New York, Denmark,1989-12-11,"Jun 17, 2025",2025-10-11, Active ,156781.61
1109,William Short,Product Manager,Hill Group,sdouglas@example.com,(845)923-9004x15242,"7018 Gill Rapid Suite 014
Hayeston, WA 81249", Oslo,SPAIN,1988-11-24,01/20/2023,2025-11-09,active,211792.38
1110,Amanda Byrd,Marketing Specialist,Perez Solutions,pthomas@example.com,2289004177,"31613 Smith Oval Apt. 164
Timothyburgh, NM 45761", New York,india,1969-10-07,2024-09-05,,inactive,1251460.65
1111,Robert Graham,Sales Representative,White Ltd.,mistywolf@example.com,985.315.0668x8155,"6166 Baird Port Apt. 636
Richardtown, MA 75038", São Paulo,india,1998-11-15,2024-11-07,25/08/2025, Inactive,286794.82
1112,Michelle Vaughn,Research Scientist,Edwards Solutions,ewilson@example.org,395.463.2245,"92126 Singleton Inlet Suite 978
Aliciashire, WV 67015",amsterdam,SAUDI ARABIA,1986-05-16,2023-05-11,2024-11-09,active,381628.54
1113,Kellie Burns,Marketing Manager,Mooney Technologies,christophercoleman@example.org,4524704369,"4230 Dennis Haven
Willistown, DE 64445",Berlin,South Africa,04 Oct 1974,2024-09-15,2024-11-02,Active,602623.2
1114,Heather Jones,Marketing Manager,Dudley Consulting,duncanwayne@example.com,870.485.5360,"3567 Danielle Knoll
Gibsonfurt, RI 96368",Amsterdam ,Canada,1969-10-20,2025-09-27,10/01/2025,suspended,"USD 463,692.70"
1115,Brent Henry,CTO,Miranda PLC,lauren04@example.org,001-903-627-3032x482,"52356 Darren Passage Apt. 038
Lake Meganshire, MA 66767",Toronto,united arab emirates,1988-04-08,2024-04-22,2025-02-15,ACTIVE,"$364,139.83"
1116,Jade Day,Research Scientist,Gutierrez Ltd.,donnahart@example.org,+1-811-812-8177x9036,"947 William Run Apt. 265
Matthewborough, ID 90137", Sydney ,Germany ,1979-09-13,2024-10-31,2025-05-30, Active,423146.06
1117,Susan Roberts,Project Manager,Williams LLC,elizabethburke@example.org,675.735.3132,"567 Brandi Junctions Apt. 305
Masonside, AR 60280",Amsterdam,SWEDEN,1994-04-27,2025-03-07,21 Jun 2025,Active,1762759.28
1118,William Morgan,Marketing Specialist,Martinez Technologies,srivera@example.net,289-318-5298x3882,"777 Adams Corners Apt. 616
Scottstad, DC 67104",STOCKHOLM,India ,1999-11-02,2023-11-22,2025-08-02,ACTIVE,314791.83
1119,Jonathan Brennan,Data Scientist,Jackson Technologies,jacquelineballard@example.com,695-649-0294,"577 Boyer Club Apt. 886
Colleentown, WI 97074", Paris , United Arab Emirates ,2002-07-02,2024-07-18,2025-02-10, Active,377289.97
1120,Todd Daniels,Marketing Specialist,Sexton PLC,terrybrooke@example.net,(678)332-3959x3601,"66185 Robert Squares Suite 807
North Elizabeth, AK 29794",RIYADH, United Arab Emirates ,2001-01-07,2025-12-12,23 Dec 2025, Active ,683825.52
1121,Linda Durham,Consultant,Joseph LLC,hardingeric@example.net,+1-666-676-3720x373,"6707 Beth Square Apt. 565
Trujilloborough, OR 53983", Copenhagen ,Sweden ,1979-08-05,2024-08-12,2025-07-09,active,710602.27
1122,Crystal Lawson,Marketing Manager,Johnson Ltd.,peter73@example.net,816.949.0954,"058 Ferguson Centers
West Jason, CT 18405", São Paulo,SINGAPORE,2003-01-15,2025-04-30,2025-07-03, Active,752323.14
1123,Jesse Moore,Data Analyst,Owen Ltd.,acombs@example.org,847-380-0958x04014,"000 Sabrina Skyway Apt. 073
Jonathanmouth, PW 99889",madrid,Australia ,1990-05-16,2023-07-15,2024-08-21,active,
1124,Theresa Davis,Sales Manager,Mccoy Group,zcampbell@example.net,790.889.4131,"13054 Sarah Plains
Dianaburgh, MI 83110",RIYADH,Singapore ,1958-12-11,2023-05-17,01-05-2025,SUSPENDED,147251.39
1125,Joseph Hunter,Software Engineer,Miller Holdings,gonzalezmichael@example.com,001-209-542-9412x5979,"88767 Phelps Camp
Guerrahaven, OK 42467",Cairo,norway,07/18/1999,2023-06-06,2025-07-19,ACTIVE,1028284.12
1126,Reginald Hardy,Consultant,Monroe PLC,kimberlydecker@example.org,+1-339-597-8387x4430,"939 Thornton Falls
Goodwinbury, NY 22369", New York , Canada,1998-08-15,2025-11-02,2025-11-05, Active,146907.47
1127,Michelle Ballard,Research Scientist,Kennedy Technologies,sarah81@example.net,913-931-1786x05776,"889 Kathryn Well
North Sandra, NC 58685",AMSTERDAM,Ireland ,15-04-1971,"Feb 19, 2025",2025-08-14, Active ,405082.01
1128,Natasha Patton,Consultant,Kim Ltd.,howardclaudia@example.org,903.360.6778,"9726 Peterson Mountain
East Sandraport, OK 54791",riyadh, United Arab Emirates ,"Dec 24, 1978",2024-10-31,10 Oct 2025, Active,
1129,Jennifer Pena,CEO,Green PLC,cody45@example.org,852.257.4488x252,"11567 Kristin Plains Suite 157
Mitchellchester, NM 05360",rome,Australia,"Jun 05, 1987",2025-06-15,2025-07-21,Active,313358.49
1130,Anthony Gibson,Software Engineer,Brown LLC,ipotter@example.org,+1-483-983-1934x650,"34563 Melissa Tunnel Apt. 349
Devonmouth, NV 07526", Cape Town ,ireland,1972-03-27,2023-12-29,2024-10-26,ACTIVE,412558.66
1131,James Fowler,Consultant,,jennifer82@example.com,388.803.2427,"86974 Butler Valley Apt. 370
Lake Angela, SD 37084", Copenhagen,Australia,1978-08-20,2024-07-13,2024-12-18, Active,410425.64
1132,Bridget Herrera,Data Analyst,Todd Systems,robertdavis@example.org,492-229-4123,"53941 Hill Land Suite 189
West Amber, NC 31831",Cairo,Germany,1959-10-25,2024-03-18,2025-06-14,active,"440,358.54"
1133,Brianna Adams,Research Scientist,Cannon Inc.,zamoramichael@example.org,6322826735,"865 Garcia Village Suite 213
Port Jocelyn, MN 08323", Amsterdam , Spain ,1981-04-29,2023-01-10,2023-04-20,active,1014187.02
1134,Kimberly Freeman,Data Scientist,Thompson LLC,usolomon@example.com,734-976-0882x3092,"7363 Randy Gardens Apt. 846
North Taylorfurt, MH 20456",New York,Norway ,1980-10-26,2023-02-02,2025-06-15, Inactive,"$450,212.07"
1135,Darlene Santos,Marketing Manager,Smith LLC,jacquelinesullivan@example.net,5846749116,"031 Jennifer Spurs
South Robertfurt, NE 23952",Sydney , United Kingdom ,2003-11-17,27/03/2024,2024-07-04, Active ,
1136,Chelsea Oliver,Sales Manager,Maddox Holdings,michael54@example.org,208-657-9622x9511,"66002 Macdonald Hill
Garzaville, NV 34821", São Paulo, Netherlands,21-08-1985,2024-10-22,,Suspended ,643618.23
1137,Melinda Davis,Sales Manager,Rogers Solutions,stoutjennifer@example.org,441-306-6788x4573,"42389 Michael Summit
Melanietown, NH 10497",Berlin ,DENMARK,1994-11-02,2023-09-05,2024-04-30,Active,753609.3
1138,Christopher Parker,Sales Manager,May Holdings,mcdanielkatelyn@example.net,750.523.0506x67148,"USNS Parsons
FPO AA 11062", Dubai ,spain,1968-02-09,2023-01-25,2025-04-02, Active,138784.07
1139,Thomas Terry,Business Analyst,Andrews Consulting,michael12@example.net,+1-324-792-2028,"89521 Salas Plaza
North Teresaburgh, MT 80098", Amsterdam, Singapore ,1976-09-13,25 Jan 2025,2025-02-17,Active,497912.7
1140,Kyle Sandoval,Software Engineer,Cook LLC,rosaleskatherine@example.com,001-732-249-1394x3032,"4962 Ann Parkways
Kennethbury, NJ 84696",são paulo,NORWAY,18-11-1974,2023-12-18,2024-09-01,SUSPENDED,535427.58
1141,Sydney Coleman,Operations Manager,Scott Ltd.,eric85@example.net,203.730.8641x48632,"48715 Mary Crest Apt. 377
North Brian, AR 63848", Riyadh ,Canada ,1968-01-11,"Nov 11, 2024",2025-02-09, Active ,266120.78
1142,Jason Johnson,CTO,Scott Consulting,ashleyholt@example.com,674-800-3456,"74496 Bennett Avenue Suite 236
Blairport, PR 62100", Madrid ,EGYPT,1968-07-11,07/08/2025,2025-10-14, Active ,858545.34
1143,Patricia Nelson,Financial Analyst,Hernandez Inc.,danielsjames@example.net,+1-538-725-2894x043,"69577 Anderson Meadows
Castroside, AR 28947",Singapore, Spain,12/04/1988,2023-09-12,2024-07-25,Active,295067.99
1144,Lindsay Zimmerman,Sales Manager,Garcia Holdings,richardmills@example.com,524-581-3537x64298,"95260 Lopez Rapid Suite 340
North Jonathanfort, MP 94847",PARIS,ireland,1970-07-20,2025-10-18,2025-11-25, Active ,357862.29
1145,Adam Martinez,Project Manager,Good Consulting, JESSICA37@EXAMPLE.COM ,3496909678,"9773 Davis Bypass Apt. 405
Harrisfurt, ND 96091",ROME, Norway,1984-01-27,27-06-2025,2025-09-20, Active,290352.13
1146,Erica Cooke,HR Manager,Nielsen Systems,carterdaniel@example.net,956.394.3072x1887,"916 Hunter Falls Apt. 634
North Antonioside, PR 43992",New York,Spain,1977-03-02,2025-04-29,,Inactive,"331,341.66 USD"
1147,David Lynch,Data Analyst,Peters PLC,hcole@example.org,(757)428-1829x1278,"608 Garcia Square
Ericaside, WI 44375",Madrid , Spain ,1998-07-14,26-02-2024,2025-09-01,active,"$152,147.76"
1148,Michelle Kim,Data Scientist,Lee Holdings,bryannorton@example.org,363.818.5596x707,"8144 Adam Summit Suite 075
Williamsbury, WI 16627",TORONTO,SAUDI ARABIA,1958-02-13,2024-01-11,2025-04-08,ACTIVE,119606.73
1149,Tasha Herring,Business Analyst,Henderson Ltd.,wallacevictoria@example.com,(696)482-2885,"449 Johnston Streets
Port Nicholas, AS 84659", Sydney,India ,2000-09-09,02/23/2024,07/01/2024,active,
1150,Zachary Shah,Business Analyst,Castillo PLC,lisarussell@example.com,475-787-8371x053,"7718 Lee Locks
Port Cynthiafort, LA 29913", Singapore,United Arab Emirates ,1989-12-16,2024-04-28,2025-09-30,Active ,181158.4
1151,Sara Cortez,Sales Representative,Scott PLC,michaelfinley@example.org,7414316677,"1279 Garcia Meadows
Lake Susan, AL 54297",Madrid ,Sweden,1998-06-03,2025-05-18,2025-07-03,Active ,163738.41
1152,Susan Johnson,Business Analyst,,yvonneellis@example.net,001-490-943-8817x6762,"3163 Lucas Inlet Suite 472
Robertport, MS 61763",copenhagen,IRELAND,2004-01-30,2024-07-10,"Nov 15, 2025", Active,$72593
1153,Brandy Key,IT Specialist,Hunt Solutions,flemingryan@example.org,(515)350-2613x4097,"066 Graham Islands
Dianamouth, IN 96954",PARIS,saudi arabia,1986-09-26,2025-10-31,2025-12-10, Active ,209551.91
1154,Michelle Morris,COO,Ramirez LLC,holtrobert@example.net,335-532-8617x805,"Unit 8057 Box 3213
DPO AA 58642", Paris , South Africa,1997-08-19,"Sep 06, 2024",2025-07-08, Inactive,129811.3
1155,Brian French,HR Manager,Todd Technologies,vphillips@example.com,(761)951-0705,"508 Schmidt Union
Keithberg, WI 25529",DUBLIN,South Africa,19/06/1972,18-09-2024,2025-05-09,Active,1034481.21
1156,Maria Ramos,Project Manager,Nunez Ltd.,urios@example.net,(392)763-5600x6255,"519 Thomas Pike Suite 953
Port Tiffanymouth, AS 26438", Amsterdam ,united states,1968-09-17,2025-08-19,2025-10-09, Active,664554.36
1157,Charles Miller,IT Specialist,Oneill Holdings,alyssa01@example.net,462.813.4616x4615,"22470 Tina Alley
West Allisonville, GA 76897",Dublin ,Denmark ,1990-12-07,2025-10-03,24 Nov 2025, Active ,202459.42
1158,Brianna Lawrence,Data Analyst,Jones Consulting,bradley89@example.net,537-248-1268x179,"8899 Mark Shoal
New Davidtown, ID 28895",Berlin ,ireland,1969-06-22,2023-05-26,2024-07-18, Suspended ,$1585967
1159,Rachael Vaughan,CTO,Franco Solutions,virginia81@example.net,001-505-363-5869x9021,"460 Susan Club Apt. 467
Parsonsberg, NY 15541",riyadh, Denmark ,1962-12-05,2024-06-06,29/05/2025, Inactive,651632.38
1160,Daniel Peck,CEO,Jennings Solutions, ASHLEE36@EXAMPLE.ORG ,3744988495,"33146 Butler Spur
Tylerville, WV 55494",LONDON,DENMARK,1974-10-09,05/20/2024,2025-01-24, Active,261089.37
1161,Tammy Walton,Project Manager,Henry Ltd., CLARKJUSTIN@EXAMPLE.NET ,+1-750-243-8964x164,"953 Kayla Vista
North Thomas, FL 36049", Rome ,Spain,1999-05-27,2024-06-19,2025-09-29,Active,56977.74
1162,Julie Costa,Business Analyst,Werner Ltd.,gcruz@example.org,(713)595-5745x86180,"83544 Emma Mountains Suite 988
New Georgechester, RI 50711", Dublin , Ireland,1973-11-23,2023-01-26,2023-09-23,INACTIVE,1629297.99
1163,Tanner Richards,IT Specialist,,mitchellsexton@example.com,(376)422-3683,"1839 Sanford Roads
Conleyton, GA 18091",SYDNEY,singapore,1999-06-08,2025-11-27,2025-12-10, Active,123908.57
1164,David Daniels,HR Manager,Smith Systems, RCRAWFORD@EXAMPLE.ORG ,(529)645-0269x44735,"391 Julia Ferry Apt. 186
Burchshire, SC 07046", Singapore, Canada ,1999-02-28,2025-02-22,2025-12-20,ACTIVE,103592.57
1165,Jose Young,Sales Manager,Henderson Holdings,qmoyer@example.com,920.411.0408x3843,"877 Floyd Terrace
Dawnborough, VI 98408",dublin,sweden,2001-04-25,2023-10-20,2024-07-22, Active ,670513.63
1166,Whitney Oliver,Business Analyst,Thomas Technologies,jason39@example.org,(942)657-7727,"21885 Christopher Haven Suite 603
Lopezbury, OR 52436",Singapore ,egypt,1990-06-28,"Jan 04, 2023",2023-07-22, Active ,$1808172
1167,Jessica Harvey,Product Manager,Ferguson Solutions,gregory04@example.com,498-735-8947x70693,"54616 Vargas Highway
Reesemouth, SD 59779", Sydney,france,1981-05-14,2023-12-16,2024-06-14,Active,863708.82
1168,Robert Gutierrez,Sales Manager,Mcguire LLC,,339-359-4592,"723 Ali Center Apt. 947
South Tony, NE 18541",SYDNEY, Netherlands,1975-04-11,2025-07-11,2025-12-04,Active ,"$486,375.57"
1169,Robert Lawson,Consultant,Gonzalez PLC,wware@example.com,001-399-277-9178x22008,"428 Contreras Ranch
South Ianland, MD 64522", São Paulo, Germany ,1971-06-21,2024-06-15,2025-08-08, Inactive,496991.42
1170,Jeffrey Weiss,Software Engineer,Peterson Group,michelle09@example.net,(471)408-0045x8724,"966 Padilla Crossroad Suite 830
Dannyville, OR 61416",ROME,canada,1963-03-27,2023-06-25,16/07/2024,Active ,595639.5
1171,Nicole King,Software Engineer,Rivera Technologies,denisehancock@example.com,935.936.7577,"5875 Jamie Cliff
West Jeanneshire, NV 79047",NEW YORK,united kingdom,1960-02-21,2025-09-20,2025-12-16,ACTIVE,557517.97
1172,Carrie Elliott,Sales Manager,,rjones@example.net,(680)861-9907,"747 Laura Summit Apt. 712
Kaylastad, MS 55970",cairo,United States,1980-02-24,2023-03-27,2023-07-05, Active,$399047
1173,Cheryl Burns,Operations Manager,Pacheco Group,robinsonmichael@example.org,(995)325-5876x7350,"83947 Adams Stream Suite 126
West Chelseaborough, TN 53569", São Paulo ,SINGAPORE,1988-06-18,2025-09-22,2025-11-22, Active ,352547.55
1174,Ricardo Gibbs,Financial Analyst,Young Holdings,cthompson@example.com,(544)239-0951x9566,"62105 Paul Centers Suite 870
Maryhaven, CT 12350", Copenhagen,ireland,1965-08-23,2024-10-07,2025-11-30,ACTIVE,313697.62
1175,Cassandra Foley,Software Engineer,Valdez Holdings,morganwatts@example.com,001-939-965-2729x5986,"5489 Thomas Falls
Lynchville, MD 38831", New York ,United Arab Emirates,1990-02-10,2024-11-07,2025-12-25,Inactive ,"193,343.71 USD"
1176,Jason Sparks,CTO,White Ltd.,qsmith@example.org,001-533-913-2689,"21368 Jones Parks Suite 129
New Josephstad, CA 95191",Rome ,Spain ,22-07-1984,2023-02-22,2023-11-01,ACTIVE,269285.5
1177,Richard Johnson,Sales Manager,Hogan Technologies,kennedyelizabeth@example.com,,"82933 Sampson Plains
Rosefort, CT 49595", New York, Norway,18 Mar 1991,2025-11-20,12/17/2025,Active,"100,200.68"
1178,Richard Taylor,Consultant,Lee Inc.,kevans@example.com,247.346.4550x72831,"Unit 5088 Box 0875
DPO AA 97498",MADRID, Brazil,1970-11-03,2024-10-28,2025-10-11,active,305945.5
1179,Lee Terry,CEO,Walls LLC,karen58@example.org,+1-605-680-1088x6797,"378 Bennett Village
Floydport, MS 43819", Berlin, Ireland,1967-06-30,2024-12-14,2025-07-22, Active,"164,059.79"
1180,Michelle Williams,Marketing Specialist,Robinson Ltd.,lisa74@example.net,001-463-337-9226,"0237 Clark Route
Sanchezmouth, AR 42854",Cairo,United Kingdom ,2002-11-05,2025-12-01,2025-12-30,Active ,151370.76
1181,Zachary Collins,Consultant,Wilson Group,alan04@example.com,(360)697-9629,"3660 Carpenter Rest Apt. 747
South Ryan, IL 80978",Berlin ,Saudi Arabia ,1977-03-30,2025-08-14,2025-09-27, Inactive,$371731
1182,Alyssa Herrera,Business Analyst,,alexandria48@example.net,+1-855-371-3198x444,"PSC 3952, Box 5747
APO AA 63857",BERLIN,Singapore ,1969-03-25,12/16/2023,2025-10-22, Suspended ,868394.69
1183,Debra Rivas,Financial Analyst,Gonzales Holdings,christopherwalker@example.com,977.556.1918x98755,"000 Lawrence Island
Michaelville, NV 30662",rome,saudi arabia,1974-03-27,2025-02-24,2025-07-18,Suspended,623323.94
1184,James Peterson,Business Analyst,Pierce Ltd.,antonio91@example.net,444.524.6271,"65335 Nancy Land
Edwardsshire, TN 71502",OSLO, Spain,1956-08-11,12/30/2025,2025-12-31,suspended,109168.69
1185,Kevin Blankenship,Operations Manager,Foster Consulting,williamcross@example.org,+1-960-587-8757x882,"09773 Mikayla Vista Suite 609
Sandovalfort, NY 43217",DUBLIN,ireland,2001-03-11,2023-05-13,2025-03-03,Inactive,163940.74
1186,Jason Sanchez,Accountant,Cherry Solutions,parkskelly@example.com,+1-407-429-6290x10793,"8254 Young Isle
Emilystad, NE 66020", Berlin ,Sweden ,1961-07-22,2024-04-22,2024-12-07,ACTIVE,$633199
1187,Jesse Oliver,Marketing Specialist,Ellis Consulting,james87@example.org,958-719-8708x840,"805 Judith Junction
Thomashaven, IL 81662", Copenhagen,France ,2001-12-16,01/21/2024,2024-05-19, Inactive ,164762.25
1188,Amy French,Data Analyst,Johnson Consulting,byang@example.com,430-369-6721,"702 Grimes Pike
Jeffreyshire, FM 73474", Mumbai, South Africa,1993-05-26,2023-01-04,02-10-2024,Active ,N/A
1189,Yvette Williams,Project Manager,Rodriguez Holdings,kylewalker@example.org,630.563.9085x8306,"Unit 6816 Box 7238
DPO AA 56280",Cairo , Brazil ,1972-02-02,2025-01-17,2025-12-31,ACTIVE,
1190,Deborah Serrano,Project Manager,Gutierrez Inc.,xwells@example.com,001-957-935-4105,"PSC 2504, Box 0258
APO AP 81090", Stockholm ,Spain ,1991-10-04,2025-08-01,2025-10-21,active,166401.51
1191,Emma Morton,Data Analyst,Kelley Consulting,fullerrhonda@example.com,472.635.7845x72080,"USS Mcguire
FPO AE 48977",são paulo, Norway,12-07-1958,"Aug 03, 2024",2024-12-31,Active ,352837.49
1192,Sheila Peterson,Sales Manager,Owens Group,bethany16@example.com,8813611556,"47500 Monica Inlet Suite 840
East Connie, AK 53734",Riyadh, Sweden ,1998-06-17,2025-09-06,2025-11-26,Inactive ,128821.39
1193,John Martinez,Sales Manager,Duncan Holdings,mcintoshpatrick@example.net,893-656-5803x6383,"5581 Johnson Stream
East Michael, WY 39401",MADRID,UNITED KINGDOM,1998-04-25,2023-11-09,12-11-2025, Suspended ,215139.65
1194,Bethany White,Marketing Manager,Contreras Technologies,joseph96@example.com,001-639-800-0453x980,"1409 Rodriguez Mill
New Bethanymouth, IL 10136",New York , South Africa ,07-01-1980,"Mar 13, 2025",2025-08-14, Active,409973.32
1195,Angela Stewart,Research Scientist,Smith Technologies,claytara@example.net,+1-313-403-8469,"16454 Cruz Drives Suite 731
Port Michael, MT 14657", Toronto ,EGYPT,1961-11-10,2024-12-14,2025-07-03, Inactive,107463.27
1196,Rodney Francis,Project Manager,Powell PLC,xfoster@example.org,001-995-379-4745x08098,"315 Davis Manors
West Geraldland, KS 33593",oslo,INDIA,1977-07-26,2025-03-17,2025-05-06,Inactive,446115.12
1197,Colin Mata,Marketing Specialist,Mosley Group,benjamin44@example.org,(726)644-5829x694,"78049 Poole Dale
New Jaimeside, AS 25710",Paris , United Arab Emirates,1977-05-24,2025-07-26,2025-09-06, Inactive,323273.35
1198,Larry Chambers,Sales Manager,Wheeler Ltd.,jill42@example.com,+1-560-774-1464x40261,"5561 Douglas Meadows
Port Christopher, ND 34033",NEW YORK,DENMARK,2001-08-18,2024-03-05,,INACTIVE,482503.27
1199,Joyce Garcia,Marketing Manager,Roy Ltd.,melvin09@example.net,(242)652-7505x688,"072 Jones Lock
East Kurt, UT 87527",London ,GERMANY,1964-08-28,2025-02-10,09/17/2025,Active,383363.88
1200,Alexandra White,Operations Manager,Montgomery Inc.,gmoreno@example.net,826.472.7332,"4695 Beverly Vista Suite 687
Goodwinshire, TX 20299", Mumbai ,singapore,2003-06-07,2023-08-29,07/02/2025,Suspended,851622.22
1201,Theresa Schmidt,Software Engineer,Roberts Solutions,kristinharris@example.com,(872)966-8490x536,"03161 Nancy Orchard
Carlsonmouth, IA 40138", Madrid ,IRELAND,1957-08-23,2024-05-16,2024-06-20, Active,357774.13
1202,Sheila Hernandez,Consultant,Clark Ltd.,jaimegarcia@example.com,+1-218-301-6648x02362,"895 Charles Knoll
Kimberlybury, OK 63943",dublin,Italy ,1982-04-16,2025-02-07,2025-03-25, Active,
1203,Melissa Hall,Business Analyst,Davis Inc., ZSANCHEZ@EXAMPLE.ORG ,691-806-6086x23650,"2247 Duane Junction
Lake Kimberlyberg, VI 56371",Berlin ,SAUDI ARABIA,2002-09-30,2023-09-03,01/01/2024,ACTIVE,357041.84
1204,Devon Avila,Accountant,Garcia PLC,matthewmoses@example.org,908-240-1579,"99752 Schmidt Manor
Brandonside, IL 55387",berlin,India,1982-09-09,2023-02-17,2025-10-27,Active,479408.64
1205,Randy Sawyer,Project Manager,Farmer Solutions,danielwilliams@example.org,430.287.1439x0390,"PSC 5626, Box 0702
APO AP 37796",berlin, Norway ,1979-10-03,2024-09-03,2025-06-23,Active ,339151.45
1206,Devon Olson,Data Scientist,Palmer Systems,patricia79@example.net,001-788-492-1327x381,"29725 Johnson Hill
New Gabriella, PR 39264", Dublin ,south africa,1979-08-08,2024-01-14,2025-03-05, Inactive ,337194.16
1207,Jason Gomez,CTO,Ware Systems,jimmy18@example.net,(845)594-7800x7924,"5550 Decker Junction
New Trevor, AZ 02285", Mumbai,SOUTH AFRICA,1998-06-23,2025-09-27,2025-10-06,INACTIVE,200507.28
1208,Laura Bryant,Marketing Manager,Porter LLC,ncosta@example.net,2316721135,"56964 Darrell Corner
Richardland, FM 81514",São Paulo, Australia ,1988-10-22,2024-02-29,29/06/2024,ACTIVE,206069.62
1209,Eric Obrien,Project Manager,Zhang Holdings,marksmith@example.com,(426)809-3164,"16140 James Avenue
South Christophermouth, DE 79414", Mumbai,netherlands,1994-07-13,2023-09-09,2023-10-20, Inactive,
1210,Christopher Sanchez,Software Engineer,Phillips Group, QMORSE@EXAMPLE.ORG ,519-795-0819x00567,"59517 Allen Falls Suite 130
Lake Jacob, NC 99735",Cairo,Sweden ,1974-01-25,13-03-2023,2023-09-03,ACTIVE,1115377.78
1211,Joseph Bishop,HR Manager,Gamble Solutions,sandersmark@example.com,9246923577,"057 Tyrone Fields Apt. 279
Bensonstad, GA 52112",London ,Egypt ,23/11/2003,2023-01-01,, Suspended ,137213.82
1212,Wanda Moore,Marketing Specialist,Stewart Systems,hacevedo@example.net,001-389-316-8317x151,"24845 Burch Mill Apt. 137
Lake Theodoreview, CO 75653",Riyadh ,norway,1999-04-21,2025-06-30,2025-08-05,ACTIVE,"$201,786.68"
1213,Jessica Gibson,Software Engineer,Smith Systems,umorales@example.com,908-257-0340x11761,"011 Shannon Place
Port Christopher, NC 83268",London,Spain,1996-03-18,2025-11-11,,Active,$198216
1214,Nancy Woods,COO,Miller PLC,anthonysanchez@example.com,496.856.4001x9154,"241 Robert Harbors Apt. 424
Port Davidfort, MD 38727",Amsterdam ,India ,1987-11-29,2023-10-02,2025-06-10,Active ,"$613,200.39"
1215,Kimberly Miller,COO,Bender Consulting,joshuamullins@example.org,,"59234 Myers Drive Apt. 746
Markbury, CT 57275",Rome, Italy ,1992-06-23,2025-05-14,2025-06-03,ACTIVE,266608.14
1216,Joseph Miller,Accountant,Nelson Solutions,albert05@example.net,211-937-1346x3107,"6018 Tracey Harbor Apt. 544
Torresfort, IA 31711",Singapore , France,24 Sep 1968,2025-07-23,2025-08-14,active,784984.66
1217,Maria Alvarado,Marketing Specialist,Walker Group,wwright@example.net,601.268.5253x1750,"0118 Howell Point
Adamstown, WA 81785",Cairo,Brazil ,1973-03-10,2024-01-30,2025-02-15,ACTIVE,204547.72
1218,Robert Graham,Data Scientist,Cunningham Holdings,jennifer50@example.net,(279)828-1847x266,"USNS Roberts
FPO AA 83790",SÃO PAULO,SPAIN,1960-04-09,2025-06-07,"Sep 13, 2025",ACTIVE,398433.51
1219,Gabrielle Moore,Operations Manager,Carlson LLC,austin62@example.net,389.908.8068x3112,"USNV Morrison
FPO AP 19967",Toronto ,Denmark,09-10-1993,2025-04-13,2025-05-17, Suspended,182637.22
1220,Diana Hill,Data Scientist,Gilmore Ltd.,johnmiller@example.com,(977)325-0385x6162,"USNV Davis
FPO AA 23368", Berlin ,Ireland ,1979-12-20,2024-04-07,13-01-2025,Suspended,1471222.71
1221,Guy Bradshaw,CTO,Erickson LLC,douglasstewart@example.com,674.421.4209,"4158 Jones Station
Douglaston, VI 87337",stockholm,india,"Oct 05, 1971",2023-09-10,2024-03-08, Inactive,142725.87
1222,Leslie Espinoza,Marketing Specialist,Knight Systems,jeremy09@example.com,(987)779-9364x273,"161 Brandy Corner
West Dale, TN 83946", Stockholm , South Africa ,1959-03-27,2024-12-15,2025-12-09,ACTIVE,407124.57
1223,Mitchell Chambers,Research Scientist,Rios Inc.,rodriguezthomas@example.org,(402)446-9484x123,"87385 Brown Trafficway
Jamieville, IA 63420",sydney,DENMARK,1956-03-17,2023-12-16,2024-11-06,INACTIVE,"USD 510,754.24"
1224,Joshua Johnson,Marketing Specialist,Rose Systems,anna78@example.org,292.513.1682x2608,"93178 Nelson Rapid Apt. 803
Littlemouth, FM 97550", Paris , Italy ,1995-01-08,2025-04-04,2025-12-05, Active ,437862.13
1225,Mike Flynn,Research Scientist,Stephens Ltd.,walkerjason@example.org,+1-249-746-2455x40770,"PSC 5588, Box 2348
APO AP 13754", Mumbai , Italy ,1988-04-25,2023-09-16,2024-02-10,Active,"287,879.89 USD"
1226,Jennifer Shaw,Consultant,, CONTRERASLISA@EXAMPLE.NET ,+1-738-950-2847x7982,"1564 Manuel Vista
East Julia, NV 02616",SYDNEY, United Arab Emirates ,1974-04-23,25-05-2024,,Suspended ,299277.2
1227,Cynthia Cook,IT Specialist,Butler Systems,qbrown@example.net,(533)211-9161x1955,"13403 Vasquez Club Suite 037
North Robert, AS 71077", Cairo,Spain ,1984-01-30,2024-08-10,2024-12-30,Active,337955.0
1228,Laurie Collins,Business Analyst,Koch Group,mitchellsamantha@example.net,(607)421-6247,"3255 Katrina Isle Apt. 990
Jenniferbury, MS 58324",Toronto,canada,1986-03-20,2025-04-12,2025-09-20,INACTIVE,295699.38
1229,Karen Sanders,HR Manager,Wilson Ltd.,olsenvalerie@example.net,001-309-857-8903x5508,"5657 Madison Mission Suite 420
Jorgestad, MH 11631",CAPE TOWN, Saudi Arabia,2003-05-05,2023-04-28,, Inactive ,$643524
1230,Erica Burns,Project Manager,Morse Solutions,robert40@example.net,(201)267-5993,"140 Rojas Plain Apt. 670
Port Jonathanview, NE 47601", Riyadh ,SAUDI ARABIA,1970-10-13,2025-11-07,2025-12-24,Active,1540112.62
1231,Tammy Diaz,Data Scientist,Scott Systems,smithpamela@example.org,5466454976,"2560 Holder Plaza Apt. 466
West Scott, AR 11400",SÃO PAULO,Netherlands ,2002-12-20,13-09-2023,11/02/2024,Suspended ,221849.78
1232,Kevin Elliott,Financial Analyst,Moreno Solutions,vmorrison@example.org,281-321-6525,"043 Matthew Brooks Suite 174
Lake Ryanview, NJ 63965",Cairo ,Brazil,1997-08-10,"Dec 30, 2025",2025-12-31, Active ,unknown
1233,Susan Russell,Marketing Manager,Arellano Ltd.,xhumphrey@example.org,+1-603-823-1976x7025,"4696 Diaz Row Apt. 441
East William, WI 09323", Toronto, Denmark,1998-02-06,2025-12-08,2025-12-16, Inactive,308107.05
1234,Eric Guerrero,Research Scientist,Chase Inc.,michellechen@example.com,001-647-292-9759x1448,"5846 Nicole Underpass Apt. 488
Castrofort, WV 32470",Sydney ,Denmark ,1979-01-25,2025-05-15,19/09/2025,suspended,1994285.77
1235,Kristen Henson,HR Manager,Wade PLC,qbarnes@example.net,937.380.5342x5191,"7676 Benson Locks Apt. 919
New Jakestad, GA 50380", Riyadh , Sweden,1996-09-19,2023-08-30,23 Jun 2024,active,186731.64
1236,Angel Durham,HR Manager,Martinez Consulting,danielgraham@example.net,808.956.7591x0563,"7771 Johnson Valley Suite 702
Wendytown, UT 11714", Cairo, United Kingdom,06-04-1973,2025-03-17,07/07/2025,Suspended,"1,032,384.53"
1237,Katie Rowe,Data Scientist,Estes Technologies,christine09@example.net,+1-685-775-2563x744,"766 John Junction Suite 205
New Rachelborough, WI 01793",são paulo,United Arab Emirates ,1989-03-25,2023-04-28,2024-04-27,Active ,1060647.97
1238,Emily Jefferson,Marketing Manager,Martin Inc.,oanderson@example.net,001-627-469-5887x089,"0366 Kristin Ferry Suite 644
Lake Rebecca, PA 37918",Dublin , Denmark,1965-04-03,2024-12-17,2025-12-22,Active,222456.81
1239,Tanya Cordova,CTO,Ward PLC,hornecarrie@example.com,465-637-7784,"9191 Lee Springs Suite 950
Langmouth, PA 23560",PARIS,Singapore,1972-06-29,2023-06-23,2024-12-16,active,488106.14
1240,Kevin Elliott,CEO,Garcia Ltd.,baileychloe@example.net,2793823070,"902 Stacey Neck Suite 326
Port Kimberly, RI 37385", Dublin ,denmark,"May 30, 1960",2024-05-27,2025-01-14, Active ,1024666.38
1241,Kenneth Smith,Consultant,Smith Ltd.,ochambers@example.com,+1-391-412-9464x031,"6595 Tiffany Shoal
North Lisa, GU 30711", Dubai,Australia,03/17/1983,2024-07-05,2024-10-25,active,251352.24
1242,Kyle Huff,Software Engineer,Bullock Inc.,haneycarrie@example.com,(469)642-3943x83754,"734 Brown Gardens Apt. 277
Lake Laura, NH 75927", Amsterdam ,Sweden ,1965-08-21,2025-01-05,2025-04-17, Active ,284217.12
1243,Melinda Miller,Sales Manager,Jones Holdings,michaelrush@example.com,(932)467-9924x483,"793 Valencia Common Apt. 867
New Tony, KS 65756",Riyadh, Italy,1994-04-05,2023-03-06,2024-01-29, Active,218124.95
1244,Leslie Jimenez,Research Scientist,Reyes Technologies,williamsandrew@example.com,001-529-369-6524x157,"04041 Steve Cove
East Brookeview, IA 90740",cairo,Ireland ,1967-10-20,2023-09-18,2024-08-16, Active,161082.23
1245,Jeffrey Burke,Product Manager,Brown Inc.,robertkim@example.org,396-235-5019x3531,"456 Bridges Wells Apt. 370
Lake Heidiland, TN 91341", Cairo , United States ,1978-03-23,2023-09-16,2024-02-23,INACTIVE,"$208,044.18"
1246,Amber Herring,Data Scientist,Bradley Holdings,steinshannon@example.com,,"010 Donna Highway Apt. 621
Port Erik, VA 89271", Singapore ,Saudi Arabia,1999-07-21,29 May 2025,2025-10-29,ACTIVE,139140.82
1247,Emily Rodriguez,CTO,Smith Solutions,perryjason@example.com,649-966-0251x43580,"45015 Sandra Station
New Sherrychester, AR 20306", Sydney,SPAIN,1979-03-29,"May 22, 2024",2024-10-26, Active,335661.48
1248,Frank Drake,Sales Manager,Burke Group,laurenpark@example.com,001-977-796-6054x85625,"24640 Garza Greens Suite 175
Nicholehaven, GA 65859",riyadh, Germany,15/09/1993,2024-05-21,2025-08-04, Inactive ,191189.19
1249,Jason Lopez,Project Manager,Rodriguez Ltd.,evansangela@example.org,(405)880-1975x5708,"0444 Rachel Harbors Apt. 942
Snydertown, NC 71124", Madrid , Germany ,1958-08-05,2024-01-22,19-09-2025,Active ,386022.19
1250,Adam Mccann,Data Scientist,Reed PLC,brownlori@example.org,686.326.8497x042,"2076 Scott Branch
South Amandaview, IN 56329",são paulo,netherlands,1973-04-06,2023-10-27,2025-01-06,active,110290.5
1251,Christopher French,Financial Analyst,Kennedy Solutions, CAITLINSANTOS@EXAMPLE.COM ,(861)205-4171x5007,"1800 Gaines Plaza Suite 284
Michaelchester, CT 69900", Madrid ,Norway,04 Apr 1986,2025-12-11,2025-12-21, Active ,413170.72
1252,Jessica Garrett,Software Engineer,Mccall Solutions,blloyd@example.com,221.492.2834x9143,"2597 James Village
Buckview, WY 90693",Rome, Denmark ,1958-04-16,2023-04-16,2024-02-22,Active ,587405.27
1253,Stuart Williams,Data Analyst,Warren Solutions,jacksonkaylee@example.com,001-294-347-6988,"6208 Robert Summit
Port Anitaton, FL 47382",Sydney ,UNITED KINGDOM,1979-09-05,2024-05-20,2025-04-13,Active ,81176.82
1254,Steven Scott,CEO,Barrett Holdings,hornnancy@example.org,001-306-737-0355x959,"1662 Liu Key Suite 360
Port Michael, VI 49746",Rome,Brazil,13-10-1980,2024-03-10,2024-12-28, Active,
1255,Bryan Hardy,HR Manager,Lopez Technologies,lisamontgomery@example.org,545-908-0694x09787,"PSC 8341, Box 0006
APO AA 42786", Berlin, Germany ,30-01-1982,2025-01-14,2025-07-05,Inactive,774031.84
1256,Ricardo Moran,Product Manager,Robertson Ltd., MELISSAFISCHER@EXAMPLE.NET ,200.946.0356,"9375 Justin Mountain Apt. 583
West Terryberg, NM 86333",mumbai,EGYPT,"Aug 01, 1981",2024-11-09,13 May 2025,Active,140540.54
1257,Amber Fox,Research Scientist,Johnson Group,xcoleman@example.org,900.750.1985,"808 White Inlet
South Ernestburgh, NY 43165",Toronto,Germany ,1994-01-17,2024-03-06,10/26/2025,ACTIVE,1056847.18
1258,Jennifer Arnold,Sales Manager,Wallace LLC,leroy20@example.com,001-628-951-5501x352,"875 Jennifer Crossing Apt. 918
Christophertown, MI 98629", Amsterdam ,UNITED ARAB EMIRATES,1960-02-29,2023-03-26,2024-11-16,SUSPENDED,439464.98
1259,Michelle Taylor,CEO,Roberts Systems,andrewreeves@example.org,940.845.1569x9332,"8994 Perez Mountain
North Ashley, FL 88894",AMSTERDAM, South Africa ,1973-09-26,2024-12-03,2025-05-07,Inactive,200083.83
1260,Matthew Short,Accountant,Rosales PLC,bennettbrett@example.com,,"125 Ashley Meadows Suite 943
Evanschester, MI 89366",cape town,Denmark,1989-08-07,2025-05-06,2025-09-24,inactive,315199.69
1261,Susan Alvarado,CEO,Miller LLC,rachel59@example.com,(568)315-0895x146,"3302 Alan Drives Apt. 338
North Doris, MS 01034", Singapore, Egypt ,1993-04-13,12 Jun 2025,2025-06-30,Suspended ,484478.74
1262,Jason Hill,Accountant,Nguyen Inc.,tylergreen@example.org,001-243-486-6684x70726,"896 Harris Parkway Apt. 537
New Brian, OH 69426",PARIS,Sweden ,2003-06-16,2023-12-08,, Active ,345657.53
1263,Joshua Caldwell,COO,Thomas PLC,nicolewilliams@example.com,2199982477,"10986 Richard Pines Apt. 816
Smithfurt, WI 52791",cairo, Canada,06/13/1997,2025-03-25,2025-12-04, Active ,"$477,886.81"
1264,Richard Avila,Sales Representative,Gordon Solutions,hutchinsonerik@example.net,2428528465,"792 Crystal Courts
Holdermouth, AL 28936",Rome , Netherlands,1961-09-01,2025-03-10,2025-10-02,Active,"$172,047.95"
1265,Jose Suarez,Consultant,Grant PLC,,+1-654-548-7890,"8672 Brown Courts Apt. 180
Warnerchester, ME 07855", Cairo , Egypt ,1971-04-25,2023-01-19,2025-12-05, Active,369000.24
1266,John Perkins,Marketing Manager,Bowman Group,treid@example.org,,"41557 Jimmy Street Suite 314
North Mary, TN 44832",Madrid,united kingdom,1974-08-16,03 Jul 2024,2024-11-02,Active ,121832.19
1267,Larry Cooke,Accountant,Taylor Ltd.,rwheeler@example.net,933-817-8273x059,"407 Espinoza Locks
Pennyville, MA 58463",london, Spain,1977-08-17,2024-07-22,06 Dec 2024, Suspended ,303198.13
1268,Ryan Pierce,Sales Representative,Sullivan LLC,mtaylor@example.net,001-778-856-5255x424,"299 Virginia Estates
Lake Robert, RI 36061",Copenhagen,norway,10/06/1957,2023-01-03,12/15/2024,Active,174079.03
1269,Lee Coffey,IT Specialist,Wade Systems,edwardskiara@example.org,582.573.8688,"986 Eric Rue
Rodneyhaven, WA 55717",São Paulo, Sweden ,1964-10-09,2024-06-24,"Nov 08, 2024",ACTIVE,195854.84
1270,Cassandra Shepherd,Accountant,Gutierrez Inc.,dbird@example.org,(665)474-8084x371,"50600 Edgar Meadow Suite 460
Joneston, OK 11456",Sydney, Italy,1955-12-08,2024-12-29,04/21/2025, Suspended ,778609.74
1271,Darrell Pena,Research Scientist,Harper Consulting,qmyers@example.net,645-443-0017x84627,"522 Ortega Plaza
Parksborough, AR 65915",ROME,BRAZIL,1993-07-16,2023-08-06,2025-08-15, Active ,"USD 703,566.08"
1272,Melissa Chambers,Sales Manager,Gonzalez PLC,jenkinsrandy@example.com,001-910-370-8611,"25006 Thompson Mount Suite 434
Kathrynchester, MA 18870",Mumbai,Ireland ,2000-08-03,"Oct 26, 2024",2025-03-13,ACTIVE,502020.73
1273,Chelsea Miller,CEO,Nunez Solutions,bruce53@example.com,974.711.6028x5953,"9204 Emily Islands Apt. 823
Port Michellefurt, KY 95991",toronto, Saudi Arabia ,1966-12-11,2025-01-24,2025-04-10, Active,152570.35
1274,Bryan Oliver,CEO,Kent Ltd.,courtneydavies@example.net,874.944.3329x4578,"047 Anderson Roads Suite 497
Port Miranda, WA 67339",sydney, Sweden ,1965-12-20,2024-01-22,2025-08-28, Active,262633.31
1275,Rachael Ballard,Business Analyst,Ayala Ltd.,hartalejandro@example.com,+1-410-509-9784x4298,"12826 Hunter Rapids Suite 024
North Matthewstad, NJ 74393", Paris ,CANADA,1983-09-14,2025-03-18,2025-06-23,Active,"766,176.92 USD"
1276,Brooke Hall,CTO,Davis Solutions,jeremy56@example.com,223-243-4407,"39594 Marcus Mission
Melodytown, WA 62443",Paris,UNITED STATES,1965-11-17,2023-07-25,2025-08-05,active,"USD 361,928.46"
1277,Sandra Guerrero,Data Scientist,Vazquez Inc.,moorefrank@example.net,712-664-2181,"893 Reid Motorway Apt. 705
South Anthonystad, SD 95073",London,france,1956-08-08,2023-08-14,2025-12-08, Active ,1661997.38
1278,Jeremy Smith,Software Engineer,Morales Ltd.,paulrobinson@example.com,(224)632-6572x0798,"8937 Simpson Isle
Lake Tara, ID 81807",CAPE TOWN,Norway ,1984-06-25,2023-01-28,2023-02-17,INACTIVE,431629.34
1279,Keith Chang,Marketing Specialist,Hamilton Ltd.,paultrujillo@example.net,454-841-9838x5792,"65159 Martin Haven
Phelpsside, MP 97623", Dubai,Australia ,2004-04-29,2025-09-10,12/17/2025, Active ,374907.42
1280,Jennifer Simon,Accountant,Rosario PLC,dawn33@example.org,879-331-3475,"176 Mccoy Divide Apt. 000
South Allison, ME 87390",Cape Town, Germany,1985-07-22,2023-04-25,2024-11-02, Active ,263977.32
1281,Matthew Garcia,CTO,Hart Systems,abrown@example.com,225-738-0631,"PSC 7693, Box 2879
APO AP 22490", Singapore,france,1990-05-13,2024-08-30,2024-10-22, Active ,359862.98
1282,Rita Juarez,Project Manager,,ymitchell@example.com,001-522-968-9753x11524,"5793 Lance Run
Johnview, AS 15579",COPENHAGEN,Sweden ,1984-09-19,2025-05-24,2025-08-31,Active,294569.76
1283,Phyllis Brennan,Marketing Manager,Cunningham Solutions,leslie96@example.org,+1-543-884-0927x7157,"705 Paula Drives
Christopherville, WY 04501", Berlin , Spain ,2001-07-28,2023-08-19,2025-01-04, Active,538033.48
1284,Carrie Oneill,Operations Manager,Davis Holdings,bchavez@example.com,(991)844-5661x966,"504 Joseph Alley
North Vanessafurt, SD 49264", Berlin,Denmark ,1972-05-23,"Jun 06, 2023",2025-02-26,Suspended,640299.7
1285,Rick Johnson,IT Specialist,Gray Inc.,steven66@example.com,001-773-229-7741x0506,"30946 David Squares
Fieldschester, MP 13303",Cairo,NORWAY,1996-09-03,2023-11-06,2024-05-07,active,"189,057.67"
1286,Joshua Reynolds,HR Manager,Sampson Ltd.,jeffrey73@example.org,234-828-9078x16293,"1066 Ray Center
South Melanie, NH 08061", Copenhagen ,Germany,1971-11-17,09/09/2024,2025-07-26,Active ,129073.45
1287,Wendy Harrison,Data Scientist,Brown Holdings,wilsondiane@example.net,+1-877-296-3199x4670,"612 Cassie Pass Apt. 087
Jennifermouth, PR 74318",Paris ,France ,1982-01-16,2024-06-27,2024-09-14,ACTIVE,90640.48
1288,Mary Williams,Marketing Specialist,,jonathanrobinson@example.com,+1-268-268-6274x823,"54759 Smith Valleys Apt. 367
Lake Diane, CA 43430",SINGAPORE,Italy,1974-05-03,18-05-2023,2023-09-11,ACTIVE,467705.42
1289,Chad Short,Operations Manager,Hubbard Ltd.,hillamanda@example.net,(846)749-1371,"231 Escobar Lodge Apt. 781
North Nicole, MP 80619",RIYADH, Singapore ,1958-09-12,2025-02-27,2025-08-27,Active ,"151,394.36 USD"
1290,Tanner Lyons,Financial Analyst,Rodriguez Consulting,fletcherpatrick@example.net,6046790464,"815 Cassidy Fork Suite 278
Port Jacquelineland, RI 90374", Dublin,SINGAPORE,1963-06-29,2024-11-13,23-01-2025,Active ,72618.62
1291,Darrell Pierce,Financial Analyst,Clarke Technologies,smithvincent@example.com,+1-906-481-4416x66117,"06708 Matthew Path Suite 824
West Cindyfort, NM 93783",DUBLIN,Canada ,1989-02-24,2025-12-26,2025-12-31,Active ,430199.8
1292,Wendy Dudley,Financial Analyst,Proctor Consulting,jacqueline24@example.org,3309315186,"24947 Baker Courts Suite 958
East Wendy, CA 79024",copenhagen,United States,1983-09-07,2024-03-25,2024-06-23,active,1876839.24
1293,Brent Williams,Project Manager,Miller Holdings,michellepacheco@example.org,749.622.7770,"8239 Figueroa Greens
Lake Joshua, ND 24334",BERLIN,United Kingdom,1960-02-07,2025-08-28,2025-12-29, Suspended ,326358.05
1294,Richard Ryan,Project Manager,Mills Ltd.,wilsonlawrence@example.com,469.541.5139x8553,"397 David Island
Port Luis, TX 94527", Cape Town,Singapore ,1966-06-04,2024-08-26,2025-04-19,Active,589449.04
1295,Heather Schmidt,Project Manager,Ramirez Inc.,holly13@example.net,(779)265-6280x733,"558 Yolanda Inlet Apt. 940
Hodgeside, GA 68578",Dublin ,United States,14-03-1974,2023-10-10,2024-02-08,INACTIVE,347069.58
1296,Jennifer Warner,Marketing Specialist,Diaz Inc.,adrienne29@example.org,001-770-762-5873x6080,"2316 Brooks Brooks
North Mitchellberg, SC 59383",Toronto ,Saudi Arabia ,1992-03-29,2023-08-06,2025-06-15,Inactive ,305827.73
1297,Cheyenne Adams,Project Manager,Mcneil Inc.,marywang@example.com,975.268.8637x137,"82898 Lauren Squares Apt. 396
Shawnstad, PR 26093", Toronto, Spain,1992-11-02,2023-10-28,2024-11-06, Active,623655.58
1298,Kellie Parker,Marketing Manager,Tucker Solutions,snelson@example.com,525-662-2208,"429 Martinez Path Apt. 718
Williamschester, OK 78177", Riyadh , France ,1994-09-13,2023-11-03,"Dec 26, 2025",inactive,267482.07
1299,Joseph Paul,Operations Manager,Harris Group,matthew06@example.net,438.929.2162x98604,"03630 Bennett Isle Suite 250
Austinland, DC 28584",Dubai ,united states,1971-04-06,2025-08-20,04/12/2025, Active,395210.82
1300,John Martinez,Marketing Manager,Payne Inc.,byrdsherry@example.net,001-886-208-1107x14923,"085 Green Trail Suite 372
Port Jameschester, PR 94080",New York , Ireland ,1990-06-16,2023-12-22,2025-05-21,INACTIVE,410523.5
1301,Darlene Paul,HR Manager,Chaney Technologies,jlewis@example.org,001-919-718-0438x43097,"USCGC Hunt
FPO AA 23645",Madrid,singapore,1961-05-15,2024-06-12,2025-11-08, Suspended ,205322.4
1302,David Sampson,Project Manager,Martinez LLC,jonesalicia@example.net,,"23121 Rose Mission
West Gregorybury, VI 18923", Amsterdam ,ireland,"Oct 30, 1979",12/04/2025,2025-12-17, Active ,656336.99
1303,Vincent Holland,Consultant,Edwards Ltd., SALASAMANDA@EXAMPLE.NET ,(406)930-4165,"89109 Perez Canyon Apt. 179
Port Mario, IN 52530", Riyadh,Norway ,1998-02-17,2023-06-08,2025-09-22,inactive,289968.67
1304,Brian Berger,Product Manager,Jackson Solutions,amysmith@example.org,+1-870-320-9819x40146,"0772 Moore Roads
Michaelshire, OH 01444",Singapore,netherlands,1976-11-20,2023-12-04,2024-01-29,ACTIVE,193102.88
1305,Sharon Wilson,Financial Analyst,Kirby Holdings,hannahclay@example.com,433.750.1626,"Unit 0494 Box 6173
DPO AE 48104", Stockholm,australia,1988-03-27,2024-11-18,2024-12-03,Active ,477136.02
1306,Teresa Davis,Sales Manager,Patrick Consulting,craig32@example.org,001-967-630-9240,"9665 Joel Causeway
Port Patrick, TN 68327",CAPE TOWN,Netherlands,2002-06-20,2023-01-23,2024-10-18, Active ,174743.14
1307,Jeffrey Wilson,Marketing Specialist,Cox Group,james91@example.net,380-600-8416x26750,"146 Smith Village
East Beckystad, VI 47785",LONDON, India ,1980-08-28,2023-06-24,28/01/2025,Suspended,334277.51
1308,Randy Harrington,HR Manager,Lowe Inc.,paul42@example.org,381-890-2320,"Unit 1988 Box 9060
DPO AP 15193",New York, Denmark,1997-05-10,2024-10-06,2024-11-23,Inactive ,325662.45
1309,Jeffrey Jones,Research Scientist,Cannon Systems,bryantmatthew@example.net,001-326-877-5046,"843 Reed Plain
Muellerburgh, AL 19137",COPENHAGEN, France ,1999-02-25,2024-02-04,2024-12-23, Inactive,"700,904.48"
1310,Michael Hayes,CTO,Scott Solutions,bmiller@example.org,(953)647-6414x4271,"5955 Susan Center
East Courtneytown, NE 94728", Paris ,United States,1984-03-06,2025-10-28,2025-11-10,active,456931.5
1311,Michelle Roberts,Marketing Manager,Torres Consulting,terricoleman@example.com,(272)494-3610,"814 Ortega Mills
East Marychester, AL 58132", Paris,UNITED ARAB EMIRATES,1970-02-09,18 Mar 2023,2024-01-10, Active ,322056.13
1312,Michelle Sanders,Marketing Manager,Vasquez PLC, LSMITH@EXAMPLE.COM ,(855)431-3417,"Unit 8095 Box 4175
DPO AA 89494", Cairo,Egypt,1957-03-04,2024-03-17,09/08/2024,SUSPENDED,580959.55
1313,Jason Bryant,Project Manager,Price Systems,wmendez@example.net,382-281-7393x396,"656 Derrick Circle
Mitchellview, VA 54082",Oslo ,Sweden,1996-08-16,2024-11-30,2025-07-18,ACTIVE,"$867,304.40"
1314,Stephen Clay,Research Scientist,Cooke Solutions,jgreen@example.com,(425)708-4501x4399,"928 Wilson Divide
Courtneyville, KS 31750",Madrid, Netherlands,"Jul 13, 1981",23 Mar 2023,09/21/2025,Suspended,484303.58
1315,Rachel Adkins,Data Scientist,Garrison Ltd.,frances20@example.org,(286)759-1819,"053 Tara Overpass
North Jessica, ND 29989", Paris,Sweden ,1995-05-29,2025-10-15,, Active,330131.66
1316,Richard Williams,Consultant,Perez LLC,andrew67@example.com,(292)719-1050x7197,"Unit 4454 Box 0691
DPO AA 32906", Oslo , Australia ,1980-08-10,2025-10-18,31 Oct 2025,suspended,130837.93
1317,Brenda Lyons,Business Analyst,Lindsey Group,pclark@example.com,915.456.7695,"632 Robinson Greens
South Katelyn, ID 89156",Toronto , Australia ,1997-11-07,2025-01-14,,Inactive,155503.02
1318,David Campbell,Project Manager,Gilbert Technologies,nguyenrichard@example.com,+1-914-813-4307x68329,"605 Brandy Mountains
East Erinburgh, VI 31662",Berlin , India,1976-08-02,2024-06-08,2025-09-04, Active,264697.44
1319,Michelle Scott,Sales Representative,Allen Group,jessica37@example.org,+1-301-531-8434,"168 Robert Circles Apt. 476
North Sean, KS 60959",PARIS, United Arab Emirates,1982-01-08,01-04-2025,2025-10-28, Active ,213916.59
1320,Gregory Thornton,IT Specialist,Blackwell Holdings,jessicacollins@example.com,856-847-3116x88592,"88943 Brandon Hills
Thomasville, MO 49459", Cairo , United Arab Emirates,1999-10-28,2025-02-04,2025-03-19,active,287540.81
1321,Maria Malone,Financial Analyst,Smith Inc.,wulaura@example.com,489-802-4462,"6087 Kathryn Mews
North Jose, ID 90881", Cape Town, United States ,1960-03-19,27 Apr 2023,2025-05-25,ACTIVE,341005.86
1322,Sharon Harrison,Research Scientist,Miller Solutions,wbartlett@example.org,001-538-604-5030,"4764 Jessica Flat
Petersville, IL 31154",Toronto, Spain,2000-12-28,2023-11-21,2025-06-27,ACTIVE,474864.57
1323,Pamela Santos,Consultant,Alvarez LLC,pamelamartin@example.com,001-581-281-5539x258,"USS Gonzalez
FPO AA 08818", Cape Town,united arab emirates,1975-08-15,2024-12-15,, Active,$311966
1324,Laura Pitts,Sales Manager,Pearson LLC,williamjones@example.net,887.660.2874x9072,"50391 Castillo Club
New William, IA 58727",Dublin,NORWAY,1985-06-30,2025-03-23,2025-10-31,Active ,460722.48
1325,James Daniels,Software Engineer,Walker Technologies,rebecca93@example.org,001-582-827-8146x95395,"20724 Garcia Springs
West Ryanburgh, IN 07314", Rome,united arab emirates,09-09-1995,11 Mar 2024,2025-07-12, Active ,342878.72
1326,John Paul,Sales Manager,Price Technologies,brownbarbara@example.com,201.541.2804x4712,"8748 Powell Forest
Stephensside, NE 92596",Oslo,India,1959-01-24,26 Oct 2023,12 Aug 2025,ACTIVE,82221.61
1327,Rachel Webb,Product Manager,Mcintosh Solutions,laurenstevens@example.com,2638951368,"1698 Newman Mall Suite 337
Robertland, MH 66980", Singapore,SAUDI ARABIA,1968-12-20,2023-05-08,2025-12-22,Active,169815.06
1328,Shawn Morgan,Accountant,,tchavez@example.com,959.629.4583x61883,"96042 Adams Avenue
West Marissa, MS 65582",SYDNEY,CANADA,1987-01-03,2025-05-16,2025-07-25,active,296303.25
1329,Thomas Carroll,Consultant,Moore LLC,lburnett@example.net,698-281-6103x76329,"3741 Samuel View
New Jessicamouth, MD 16245",Singapore ,egypt,1956-05-14,09/02/2024,2025-11-24,active,140535.26
1330,Adrienne Campbell,IT Specialist,Gutierrez Ltd.,mendezbrittney@example.org,783.693.1329x4027,"65755 Wells Pike
Lewisberg, OH 09838",Oslo, Sweden ,2003-04-13,21/04/2023,2023-07-25,Active,"$498,794.82"
1331,Rodney Taylor,COO,Jennings Solutions,wcaldwell@example.org,260-855-7384x10960,"PSC 1615, Box 3176
APO AA 03233",Sydney, Singapore,1995-01-18,13/09/2025,13 Nov 2025, Active ,956968.34
1332,Tara Suarez,Business Analyst,Martin Solutions,heather69@example.com,001-991-781-4336x975,"6068 Joseph Falls Suite 053
Port Alicia, GA 83030",mumbai,BRAZIL,1970-10-30,2023-01-21,2024-03-03,ACTIVE,769220.77
1333,Laura Massey,Consultant,Bush Holdings,ychapman@example.net,6813875880,"63487 Cook Dam
Martinezshire, FM 32106", Paris , Saudi Arabia,1998-02-02,2023-01-30,05 Dec 2023,inactive,282261.72
1334,Frank Knight,Data Scientist,Salazar Solutions,ericnewton@example.net,509.644.3121,"Unit 5579 Box 9900
DPO AA 24819", Dubai ,France,31-05-1972,22/06/2024,2025-12-08,Active,930528.79
1335,Sarah Wood,Sales Manager,Hughes Consulting,panderson@example.org,(336)557-8371x5104,"6795 Julia Stravenue Apt. 496
Robinsonland, OR 55770", Amsterdam ,singapore,1978-09-26,2023-07-19,2023-08-26,Inactive ,363693.67
1336,Russell Sanchez,Product Manager,,haguilar@example.org,6946540289,"9769 Blanchard Freeway
Hughesview, WI 72053",Amsterdam,NETHERLANDS,1981-02-24,2025-02-12,2025-06-03,SUSPENDED,"258,859.27"
1337,Andrea Moore,Data Scientist,Randall Inc.,amorrison@example.net,001-678-263-9141x83590,"7427 Shawn Lake Suite 452
Castroland, AR 79349", Stockholm, Sweden,1971-12-29,2025-01-28,"Aug 03, 2025", Active ,213334.82
1338,Patricia Peterson,IT Specialist,Stevens Technologies,andrearamirez@example.org,451.293.9146x037,"991 Anita Rue Suite 877
Smithfort, MI 04354", Copenhagen,denmark,1960-10-31,2025-07-22,2025-11-05, Inactive ,265208.4
1339,Eric Wolfe,Consultant,Johnston Holdings,maryburke@example.org,467-897-4631x77186,"861 Winters Underpass Apt. 863
East Alexborough, FL 98047", Singapore ,denmark,1994-10-18,2023-08-21,2024-02-18,Active ,249765.12
1340,Earl Miller,HR Manager,Anderson Systems,nturner@example.com,(565)649-7705x3644,"Unit 5412 Box 1762
DPO AE 71394",SINGAPORE,SWEDEN,"Aug 01, 1987",2025-06-11,09/17/2025, Inactive,369272.95
1341,Omar Blankenship,Software Engineer,Abbott LLC,michellegilbert@example.com,728.800.9205x36504,"001 Nancy Field Apt. 524
West Patriciaville, MD 84028",toronto, United States ,1977-12-23,2023-06-29,2025-10-02,Active ,366737.56
1342,Joseph Barton,Consultant,Palmer Technologies,heather27@example.com,661.427.7933x33569,"5766 Robert Views Apt. 950
Campbelltown, IL 10700",Cairo , India ,1981-10-27,2023-07-24,"May 03, 2025", Inactive,328447.48
1343,Jeremy Harrison,Consultant,Brown Solutions,qbarron@example.org,+1-265-523-4655x4612,"672 Green Spring Apt. 198
Lake Valerie, MH 79355", Cape Town,Ireland,1961-03-27,2024-03-09,24-10-2024, Active ,"USD 445,012.09"
1344,Stephen Santiago,IT Specialist,Evans LLC,margarethendrix@example.com,+1-642-956-2860x7813,"40749 Wesley Street
Andrewside, FM 18661",Dublin,UNITED STATES,1988-06-13,2024-12-19,2025-08-14,Suspended ,754229.81
1345,Scott Schmidt,Accountant,Williams Systems,emily54@example.com,001-751-920-6906x119,"53031 Nichols Lane Suite 394
Patriciaberg, OH 02653",STOCKHOLM, Singapore,1989-05-03,2024-08-03,2025-05-05,INACTIVE,637103.81
1346,Joshua Chambers,Data Scientist,King Solutions,brownveronica@example.net,001-231-295-0787x30539,"329 Nichole Divide Apt. 555
Sheilafurt, GU 19856",PARIS,Denmark,1999-02-22,2023-03-08,"Apr 09, 2023",Inactive ,115910.25
1347,Jade Le,Marketing Manager,Turner Consulting,ywatson@example.com,001-778-333-9399x4310,"Unit 8857 Box 8782
DPO AP 02483",Mumbai ,Singapore ,21/11/1988,2024-10-12,"Apr 02, 2025", Active,54844.39
1348,Tanner Holland,Marketing Specialist,Knight PLC,gwhite@example.org,+1-678-830-1898x659,"4562 Shelton Lane
Smithborough, PW 21019", Singapore ,FRANCE,1977-07-21,"Mar 16, 2025",2025-04-12, Suspended,630345.86
1349,Mary Jackson,CTO,Crosby Ltd.,ckelly@example.com,2986020752,"4390 Petersen Place
Timothyfort, ID 80963", Sydney,Singapore,1963-11-05,2025-04-05,2025-09-15,Active ,125892.66
1350,William Crawford,Marketing Specialist,Hernandez Ltd.,makayla40@example.net,531.897.1890x1120,"169 Reilly Meadows
Lake Kimberlyfurt, MT 87308",dublin,Italy ,1976-03-21,2025-10-29,2025-11-06,Inactive,280033.42
1351,Jose Paul,Business Analyst,Webb Holdings,burnsashley@example.com,(375)565-2083,"61832 Mark Port
North Maryfort, LA 09605",New York ,Singapore,1995-03-09,2024-02-22,2024-05-28,ACTIVE,144483.54
1352,Aaron Duarte,Marketing Specialist,Reyes Ltd.,rdawson@example.org,8869042831,"6447 Benjamin Causeway
Brownmouth, SD 31551", Dublin,United States ,1979-09-15,2023-02-26,2023-08-07,INACTIVE,92838.22
1353,Jeremy Moon,Financial Analyst,Chavez Holdings,charlesmartinez@example.org,2073290847,"56476 Ryan Land Suite 579
East Lindabury, MO 82870",Stockholm,Netherlands,1978-03-22,2024-01-18,2024-09-20,ACTIVE,478793.13
1354,Mario Sparks,Accountant,Chandler Solutions,kayla91@example.org,001-899-793-7848,"045 James Wells
North Joseph, GU 71878",Toronto, France ,1964-02-26,2024-06-17,2024-08-09,ACTIVE,557606.4
1355,Martin Perry,Sales Representative,Cobb LLC,smitheric@example.com,(454)775-3964x163,"30358 Christopher Unions Apt. 633
New Katieton, WY 98632", Berlin ,GERMANY,2000-08-10,2023-08-16,2024-11-29, Active,"218,915.86"
1356,Christopher Gibson,CEO,Tran Ltd.,nicholsheather@example.net,(911)425-8044x30657,"1681 Annette Court
Kiddchester, IN 48663",copenhagen,Netherlands,12/06/1961,2023-07-10,"Sep 28, 2023",active,53437.63
1357,Karen Garner,CEO,Cook Inc.,pwebb@example.com,810-670-6868,"47359 Patterson Port Suite 374
West Gerald, NH 58730",Toronto ,netherlands,2000-12-20,2025-04-27,, Inactive,223603.32
1358,John Gibbs,Marketing Manager,Ryan Holdings,zlove@example.org,+1-295-716-6032x37014,"715 Christine Light
East Jeffrey, SD 40734", Stockholm ,United States,1979-07-10,12-07-2025,2025-08-23, Suspended ,431172.19
1359,Lisa Weeks,Operations Manager,Henry Consulting,jennifer61@example.net,859-453-3841,"PSC 9062, Box 8815
APO AP 91673",Copenhagen,Saudi Arabia ,10/05/1991,2023-03-06,02/11/2023, Suspended,116396.98
1360,Rachel Wilson,Accountant,Sanders Inc.,anthonyconrad@example.net,5518834349,"087 Gilbert Throughway Apt. 472
Rachelview, CT 92753",Berlin ,Netherlands,1976-06-02,2023-11-21,09-05-2025,active,372633.99
1361,Dennis Murphy,Sales Manager,Hughes Systems,owentravis@example.com,509.464.7429,"487 Cassandra Route
New Melinda, CT 55633", Copenhagen,Germany,1988-07-21,11/14/2025,24 Nov 2025,Inactive ,324254.22
1362,Amy Perez,Project Manager,Castro Ltd.,hawkinsmichael@example.net,(762)377-3312,"6340 Salinas Road Suite 447
Petersonburgh, PR 17416",Rome,ITALY,1970-06-28,2024-03-26,2024-06-20, Active ,491641.0
1363,Amy Sanders,CEO,Kirk Holdings,vblack@example.org,(792)617-5171x35284,"500 Shaffer Mill
Feliciahaven, AZ 64031",Singapore , Egypt,1976-01-04,25-08-2024,2025-04-22,suspended,"$356,363.39"
1364,Robert Smith,Accountant,Edwards Group,hholmes@example.org,+1-531-527-6078,"224 Martinez Views Apt. 603
Lindsayport, CT 64359",dublin,GERMANY,1976-05-25,2023-12-21,2024-07-11, Active ,"$165,852.11"
1365,Kevin Campbell,CEO,Gallegos Group, RICHARD41@EXAMPLE.ORG ,+1-591-701-4739x1298,"012 Wells Dale Suite 715
Hollandmouth, ID 79350", Singapore,United Arab Emirates,1955-11-05,06/12/2023,, Active,757364.6
1366,Kyle Hill,Research Scientist,Garza Holdings,fcampbell@example.net,808-603-0892x290,"8402 Steven Glen Suite 265
Burchhaven, AL 22599",SINGAPORE,Netherlands ,1967-04-15,2023-08-09,2025-04-22,ACTIVE,293322.89
1367,Joshua Chambers,Data Analyst,Johns LLC,robert60@example.org,+1-205-298-0188,"53782 Grimes Street
Sotoberg, AR 99559", Cairo ,Italy ,2004-07-22,2025-07-09,2025-08-21, Active,321543.08
1368,Wanda Daniels,Data Scientist,Smith Systems, BROWNMICHELE@EXAMPLE.ORG ,001-369-722-3976x62154,"807 Mary Springs
South Jessica, RI 87421",Berlin ,AUSTRALIA,1963-10-16,12/22/2024,2025-07-14,Inactive,170537.83
1369,Kenneth Hill,Business Analyst,Underwood Ltd.,melinda28@example.com,958.634.9263,"109 Kelsey Summit Apt. 355
Stanleyberg, MH 68063", Amsterdam,Denmark,14 Jun 1987,2025-01-02,2025-05-08, Active ,240314.18
1370,Steven Hart,Data Scientist,Baker LLC,deborahcabrera@example.org,(319)605-5875x30296,"941 Mcdonald Islands
Lake Bobby, NH 78593",Oslo ,netherlands,1993-11-18,2023-01-20,03-11-2024,Active ,176422.70
1371,Zachary Duran,HR Manager,Romero PLC,hillmelissa@example.net,718-691-7284,"9400 Robert Plaza Suite 580
Douglastown, MP 07815", São Paulo ,netherlands,1982-12-10,2023-05-16,14 Jun 2024,Active,290377.7
1372,Joseph Sanchez,IT Specialist,Stanley Group,stephen01@example.net,243.657.5292x5556,"15812 Omar Drives
Janeport, RI 85110", Singapore , Norway ,2003-09-15,2023-06-03,"Jan 11, 2025", Inactive ,1086200.01
1373,Jennifer Miller,Data Analyst,Mitchell Inc.,agregory@example.org,(719)906-7244x609,"8774 Hughes Center
West Scott, TN 70833",Rome,Singapore ,1985-03-08,2025-10-08,2025-12-11, Active,125450.83
1374,Jacob Bishop,Research Scientist,Duffy Consulting,trevinoemily@example.org,001-463-447-4180x420,"757 Jason Trail Suite 828
Graymouth, MN 95877",MADRID, India,1973-02-16,2024-10-31,2025-08-30,Active ,105927.17
1375,Anthony Kane,HR Manager,Taylor Consulting,ygrant@example.net,(906)364-8782x648,"25546 Peterson Gateway
West Sean, NY 46261",Paris ,ireland,1962-04-20,2023-01-10,2025-08-13,ACTIVE,917877.51
1376,Sheila Walker,Data Scientist,Baker Systems,keith04@example.org,001-745-305-6337x069,"613 Foley Lakes
Markview, GA 23853",Toronto,Saudi Arabia ,1983-10-17,2023-03-22,2024-03-02,Active,283076.77
1377,Loretta Bender,Product Manager,Crosby Group,johngalvan@example.org,919-697-7118x0167,"USNS Gray
FPO AA 72001", Dublin ,canada,1986-03-10,2024-07-16,2025-06-06,active,205181.26
1378,Chad Powell,HR Manager,,cassandra71@example.com,,"861 Welch Course
Trujillofurt, ME 95813",Dubai ,SAUDI ARABIA,1971-02-16,2023-04-07,2024-05-14, Inactive ,"678,699.18 USD"
1379,Erin Johnson,Software Engineer,Craig LLC,jaime96@example.net,721-979-0053x12605,"845 Medina Mills
Berrystad, OK 12831", New York,Spain,1987-01-02,2025-02-04,2025-12-18,Active ,214500.88
1380,Erica Graham,IT Specialist,Perry LLC,pereztyler@example.org,731.483.5941x234,"802 Bailey Villages Suite 116
Port Holly, KY 27719",madrid, Australia ,1971-12-10,2024-10-23,2025-10-11,ACTIVE,1176679.21
1381,Amanda Richards,Accountant,Lozano Holdings,candice86@example.org,(470)323-1740,"76344 Jared Springs Suite 026
East Jenny, MO 36903", London,germany,"Mar 30, 1959",2023-01-11,,ACTIVE,526785.18
1382,Jeffrey Adkins,Sales Representative,,brittanykelley@example.com,7253215143,"685 Jose Summit
Amandaburgh, MS 07223",DUBLIN,Italy ,1986-09-01,2024-11-05,10/24/2025,INACTIVE,232922.72
1383,Jamie Zimmerman,Project Manager,Potter Consulting,matthewrios@example.org,(340)555-3061,"5892 Cox Roads
East Joseph, NY 64964",oslo,FRANCE,1957-05-18,2025-08-01,2025-09-01,INACTIVE,1483798.26
1384,John Mata,Software Engineer,Brooks Solutions,jefferydiaz@example.com,(938)659-8182x8439,"800 Moran Overpass Apt. 380
Hansonberg, MO 83032",Cairo,Egypt ,27 Aug 1974,2025-07-04,2025-12-23, Active,214485.96
1385,James Harrison,CEO,Lane Technologies,alejandro47@example.com,7172505665,"697 Frank Extension Suite 204
North Bryan, IA 90966",MADRID,canada,1958-10-06,2024-07-28,"Jun 23, 2025", Active ,550987.15
1386,Debra Williams,Financial Analyst,Garcia LLC,serranomelissa@example.com,436-235-9114,"Unit 2861 Box 2232
DPO AP 54392",Amsterdam , Canada,1988-11-29,2024-12-23,05-10-2025, Active,404135.22
1387,Stephen Martinez,Consultant,Hendricks PLC,adamsjennifer@example.org,+1-445-542-2492x2430,"01327 Amy Spring
West Eileen, MA 08545",DUBLIN, Netherlands ,1987-01-08,27/01/2023,2024-04-14,Active,815224.57
1388,Lindsey Henry,Operations Manager,Huff Consulting,kleinjesus@example.org,001-929-856-1762x94846,"9536 Rebecca Alley Apt. 070
South Johnbury, MS 07677", Stockholm,united arab emirates,1961-12-09,2025-12-16,2025-12-25,inactive,977797.47
1389,April Lopez,Product Manager,Fry LLC,griffithmatthew@example.com,001-926-917-3629x2459,"243 Caleb Meadows
New Ernest, HI 21553",Dublin,United Arab Emirates ,2001-12-27,2023-09-24,2024-05-06,Inactive ,"USD 335,173.27"
1390,Mike Chang,Accountant,Dickerson Solutions,alexahartman@example.org,,"Unit 4124 Box 5229
DPO AE 33483", Singapore ,australia,1995-05-13,2024-01-20,03/31/2024,Inactive ,193417.72
1391,Julie Wilson,Consultant,Hughes Consulting,boydmadison@example.net,593.550.4629,"1535 Jared Pike Suite 895
Lake Rebeccatown, MA 32260",berlin, Germany,1992-12-26,29/07/2023,2023-12-27,active,452245.52
1392,Adrienne Walters,CEO,Riley Ltd.,matthew75@example.net,(908)225-7232x300,"694 Long Motorway
Stevenstad, GA 97907",Cairo,United Arab Emirates,1985-12-29,2024-06-30,2024-07-30,Active ,203943.7
1393,Veronica Turner,IT Specialist,Adams Systems, JODYFINLEY@EXAMPLE.COM ,(708)669-2270x252,"05562 Good Divide
Kellermouth, MT 85023",amsterdam,France ,1980-06-27,2023-06-22,2024-06-19,ACTIVE,1341596.76
1394,Tanya Avila,Accountant,Hartman Holdings,stephanie59@example.com,870-733-6424x5320,"61434 Heather Ville
South Charles, FL 93727", Copenhagen,Germany,1968-09-06,2023-04-19,07/14/2024,Active ,360618.08
1395,Michelle Pitts,Sales Manager,Norton Solutions,franklinmatthew@example.com,+1-730-495-3122,"9747 Brown Mill Suite 442
Burtonbury, AZ 61669", Dublin,Australia ,2003-10-11,2024-02-02,2024-11-30, Active,"$253,793.17"
1396,Kevin Morris,Software Engineer,Mclaughlin Technologies,vwarren@example.org,001-410-312-4480x5694,"9004 Silva Views Apt. 072
Lake Charles, MP 38962",london,Spain,2000-08-01,2025-11-28,2025-12-26, Suspended,372978.56
1397,Vincent Patton,Accountant,Thompson Inc.,campbellcarolyn@example.org,001-564-304-1210x704,"0315 Dunn Camp Suite 606
Levystad, SD 15674",Madrid,CANADA,1968-09-20,15-03-2023,2024-10-25,Active,127645.43
1398,Andrea Coleman,Research Scientist,Baker Consulting,,4953142770,"611 Martinez Common
Thompsonfort, PR 13112", Berlin,SPAIN,03 Mar 1968,2025-04-08,2025-10-26,INACTIVE,"166,021.10 USD"
1399,Phyllis Mccall,Marketing Manager,Walton Group,josejohnson@example.org,+1-565-904-7255x3107,"PSC 2207, Box 2508
APO AP 40632", Amsterdam ,Denmark,1971-05-08,2025-10-11,2025-11-07,Active ,759404.41
1400,Lee Hernandez,Marketing Manager,Hardy Group,kevinsmith@example.net,(509)369-2533x60109,"400 Fred Stravenue
Davidville, WY 77470", Cairo ,BRAZIL,11-04-1962,2023-01-07,2023-07-20, Active ,$206938
1401,Matthew Schmidt,Business Analyst,Haynes PLC,zacharywest@example.com,001-415-894-9254x3450,"3869 Larsen Harbors
North Benjaminland, WI 22922",sydney, Australia ,1983-05-03,"Dec 15, 2023",2024-11-02, Active,157497.1
1402,Emma Gross,Operations Manager,Blair Inc., RHERNANDEZ@EXAMPLE.ORG ,9679779836,"0824 Wesley Turnpike
Lake Michael, VT 91545", New York,australia,1997-10-29,2025-08-29,2025-10-23,suspended,477183.76
1403,Julia Wilson,CEO,Robinson Ltd.,holdershawn@example.org,2823366162,"512 Newman Well
Brownside, PW 55351",Mumbai,United States ,25/03/2002,2023-01-20,2025-01-11, Active,751625.08
1404,Andrew Hodge,Data Scientist,Henderson LLC, MADDENMELISSA@EXAMPLE.ORG ,+1-840-939-0927,"86333 Williams Lock Suite 760
Michaelhaven, SD 03975",MUMBAI,Sweden ,1987-05-29,2023-04-03,2025-07-20,Inactive ,542133.37
1405,Destiny Gutierrez,Software Engineer,Morgan Ltd.,sheltonbrian@example.org,7697250980,"1994 Megan Green Apt. 616
West Alexanderburgh, PA 83822",berlin,sweden,1992-06-14,2023-10-28,2025-12-30,inactive,
1406,Ashley Pearson,Accountant,Silva Technologies,alexanderchristopher@example.org,001-481-349-8367x84903,"117 Gonzales Landing Apt. 043
Morganborough, WA 14291",riyadh,Italy,1971-11-30,19/12/2024,2025-09-25, Active,192961.01
1407,Patricia Berger,Operations Manager,Griffin Holdings,patriciaoliver@example.org,001-683-886-0390x367,"7535 Pamela Gateway Suite 743
South Aaron, CT 22885",CAIRO, Brazil,1958-05-28,2024-09-08,2025-09-07,Active ,121143.68
1408,Katie Johnson,IT Specialist,Gardner Systems,clarkamber@example.org,303-820-8234,"757 Wilson Locks
Millertown, NM 52437", Madrid ,france,1968-05-26,2023-02-12,2023-12-12,Active,$937464
1409,Amy Gill,Sales Manager,Adams Consulting,campbellkristen@example.com,001-761-662-2277x2610,"60284 Kelly Isle
North Jasmine, OR 42059",Toronto ,Netherlands ,1974-05-25,2025-06-01,2025-09-02,Suspended,261482.89
1410,Sandra Shaw,CTO,Hunter LLC,nleach@example.net,239.474.5391,"761 Torres Fork Apt. 736
New Tanyaton, NY 43661", Sydney,italy,07-02-1977,2024-07-14,2025-10-18, Suspended,274969.89
1411,Rodney Diaz,Accountant,Walker Holdings,cmorrison@example.com,001-931-783-4290x02492,"6151 Daniel Via
Vasqueztown, GU 69057",stockholm,Netherlands ,2001-04-06,2025-03-11,2025-10-11,active,830460.71
1412,Cheryl Schultz,Consultant,Ortiz Holdings,smithsonia@example.com,589-778-2425x65829,"445 Hannah Ports
Leeborough, WA 33761", Mumbai ,DENMARK,1974-02-05,2023-09-09,2024-11-26,active,483768.13
1413,Richard Johnson,Project Manager,Fry Technologies,bmorrison@example.net,844-798-6029,"Unit 2831 Box 5307
DPO AE 61619", Cairo, Sweden,1999-05-03,2023-10-29,2025-02-18,Active,450954.37
1414,Laura Miller,Business Analyst,Yates Group,williamsonlaura@example.net,478.460.1508x33451,"4183 Kimberly Points Apt. 474
West Andrew, AS 40938", Stockholm , United States ,1966-07-10,2025-09-24,2025-10-31,Active ,1491811.4
1415,Jose Oneill,CEO,Richard Consulting,hooverbrooke@example.net,2072867755,"576 Denise Lock
Clarkfurt, CA 35775",Stockholm,United States ,1964-06-25,2023-09-10,2023-11-04,ACTIVE,208884.6
1416,Steven Riley,Project Manager,King Inc.,christopher51@example.com,001-832-695-6614x8243,"8275 Wells Circle
Jonesfurt, AK 10990",Copenhagen, Sweden,1979-10-06,13-04-2023,2023-12-27,inactive,$627493
1417,Jason Morgan,Accountant,Scott Systems,larsonkristopher@example.net,8094256835,"877 Reyes Green
East Jeffreyfort, WV 16414",paris, Netherlands,1969-07-01,2023-11-14,2024-02-11,active,341092.57
1418,Rick Oconnell,CEO,Wilson Group,,001-828-426-5652x93675,"4034 Cassidy Lake Suite 536
Courtneyburgh, HI 90395",copenhagen,Spain,1958-01-11,24/03/2024,2024-04-26, Inactive ,395542.93
1419,Martin Peck,Accountant,Lane Solutions,qjohnson@example.com,965.283.9018x7692,"852 Brown Wells
Kaylahaven, IN 36076",stockholm, Brazil ,1987-07-19,2025-03-28,18-05-2025, Active,955440.62
1420,Rodney Johnston,Sales Manager,Wong Holdings,jeffrey29@example.net,001-673-285-4424x029,"869 Amber Mission Suite 342
Martinmouth, AS 61495", Rome ,France ,1960-09-13,2023-10-13,2025-09-12,Active ,467654.49
1421,Erin Short,Marketing Specialist,Bell Group,ylee@example.net,856-916-2173,"873 Kelly Square
North Ashley, MP 15884",Dubai ,South Africa,1975-02-12,2023-06-25,2024-04-25, Active,477732.99
1422,Scott Levy,CTO,Perry Solutions,colemanlance@example.net,+1-669-988-9676x21822,"47686 Williams Spur
Garciamouth, CO 84107",Dubai ,NORWAY,27/09/1968,2023-07-16,2023-12-05,ACTIVE,694366.46
1423,Tina Williams,IT Specialist,Wade Holdings,steve25@example.com,+1-252-535-2980,"73454 Wendy Neck
North Michaelmouth, NC 24839",Dubai,singapore,1997-08-23,2025-08-17,"Nov 16, 2025",suspended,253858.7
1424,Pamela Walton,Business Analyst,Fry Systems,serranomathew@example.com,590-370-6776,"5383 Ricardo Hill Apt. 550
West John, UT 97196", Paris,BRAZIL,31/03/1992,2023-02-24,2025-07-06, Suspended,"$182,144.07"
1425,Thomas Herrera,Project Manager,Levy Consulting,johnsonethan@example.com,001-967-959-1499x959,"705 Patel Stream
West Andrea, HI 05889", São Paulo,south africa,1958-11-27,2025-11-14,2025-12-08,Inactive ,157728.99
1426,Amy Lopez,Research Scientist,Baker Inc.,markwood@example.org,(679)388-3686x3644,"26739 Cynthia Lane Apt. 429
Dylanberg, WV 10510",NEW YORK,united arab emirates,1960-01-06,2025-03-15,2025-05-19,INACTIVE,82747.61
1427,William Pennington,Data Analyst,Gallegos Technologies,sean35@example.org,(497)282-0993x87211,"998 Briana View
North Migueltown, WI 87856", Rome , Germany,2002-03-17,2023-04-22,2023-07-18,ACTIVE,1382418.41
1428,Michael Hopkins,Operations Manager,Byrd Group, CHRISTY47@EXAMPLE.COM ,668-206-8030,"468 Christian Squares Apt. 143
South Aaron, MI 65198", London,germany,1968-06-18,13-09-2025,2025-12-11,INACTIVE,151411.13
1429,Michelle Garrett,Project Manager,Lopez Inc.,wilsonvalerie@example.com,001-359-892-9179,"136 Jones Row
Stewartshire, DC 02869",Cape Town, Saudi Arabia,2000-02-27,"Feb 24, 2024",2025-08-06, Active ,280722.65
1430,Courtney Villarreal,HR Manager,Serrano Ltd.,amber36@example.org,001-501-868-0115,"3945 Diana Rest Suite 320
Port Brandyton, DE 49209", New York ,Saudi Arabia,1965-04-02,"Sep 08, 2024",27 Jul 2025,Active,270014.43
1431,Erin Patton,Sales Representative,Harris LLC, HOWARDHAROLD@EXAMPLE.COM ,(624)788-8804x97046,"693 Jennifer Bypass
Patriciamouth, WV 88609",Berlin ,EGYPT,2002-05-06,2023-01-01,2023-11-11, Active ,406437.19
1432,Joseph Barton,Consultant,Roberts Technologies,buckariel@example.com,891.903.8916,"521 Rhodes Vista
Schmidtton, KS 91601", Dublin ,United Kingdom,05/28/2004,2023-02-20,2025-12-22, Suspended ,580134.96
1433,Zachary Carroll,COO,Obrien Technologies,brittanyjohnson@example.net,+1-989-225-8578x39803,"12058 Bradley Spurs Suite 853
South Johnathanmouth, OH 10677",ROME, Brazil,1995-01-05,2024-01-12,2024-09-09, Inactive ,598589.56
1434,Laurie Pena,Project Manager,Scott Consulting,sharpmichael@example.net,840-350-1813,"04854 Jennifer Trail
Lake James, KS 66867", New York , Australia ,12/17/2000,2023-09-10,2024-11-26, Active ,217911.83
1435,Kevin Pena,COO,Smith PLC,erika25@example.com,696.325.5614,"USCGC Brown
FPO AE 80737",Amsterdam , Saudi Arabia ,1964-12-21,12/16/2023,2025-05-23,ACTIVE,291564.0
1436,James Schwartz,Accountant,Anderson LLC,dustin41@example.com,(811)314-8324x09652,"9481 Aaron Circles Apt. 330
South Shawnfurt, MA 48824",Dublin,Ireland ,1986-04-13,2025-10-06,2025-11-23,Inactive ,399434.86
1437,Deborah Davis,Data Scientist,Price Solutions,lbullock@example.org,+1-636-884-1434,"074 Lee Flats
West Jessicastad, AL 81078", Stockholm,United Arab Emirates,1993-01-10,20/05/2025,27-06-2025,Active ,275382.47
1438,Mary Day,Sales Representative,Mora Consulting,evan16@example.net,962.457.7210,"59157 Nathan Junction
New Larrystad, VT 48742", Dubai,United Kingdom ,1963-10-31,2024-09-12,2024-09-30,Suspended ,1009677.88
1439,Emily Burns,Accountant,Coleman Ltd.,courtneytaylor@example.org,432.284.2487x2980,"726 Hampton Shoal
Lake Jose, AZ 41443",New York,Australia,1986-04-04,2025-08-16,12-12-2025, Active,462167.41
1440,Stephen Summers,CTO,Randall Systems,huertajohn@example.com,(262)253-0302x413,"46442 Julian Mountain
Shawtown, PR 49169",DUBLIN, Egypt ,1972-01-30,2024-03-07,28-02-2025,active,548210.41
1441,Michele Webb,Project Manager,Odonnell Holdings,joannesnow@example.com,9269049769,"9641 Jason Bridge Suite 649
Hayesmouth, VT 53307", Rome, Sweden ,1964-12-07,2024-11-25,2025-07-19, Suspended,521266.59
1442,Nicholas Herman,Sales Representative,Cunningham Technologies,doughertyscott@example.org,+1-947-250-5220x112,"59332 Kathryn Corner
Jesseville, MT 10250",Sydney ,INDIA,1976-10-05,2025-02-10,"Oct 10, 2025", Inactive,745217.72
1443,Sarah Young,Operations Manager,Sullivan Systems,tparker@example.com,001-770-371-1989,"7872 Brandi Flat
Wilsonstad, NC 53015", Mumbai ,India ,1956-02-20,2024-06-14,2024-10-25, Active,372024.54
1444,Richard Lucas,Data Scientist,Morales Solutions,jasonberg@example.net,958-784-6937x1478,"7117 Chen Harbors
North Ericfort, GU 34637", Sydney,Spain ,1993-07-18,19/05/2023,2023-07-05,ACTIVE,132219.36
1445,Deborah Sandoval,Financial Analyst,Guzman Technologies,joshuagiles@example.com,+1-336-366-0448x671,"773 Colon Mountain
Briannamouth, NC 97606",Madrid,Germany ,1969-12-01,2024-10-24,"Nov 18, 2025", Inactive,433558.31
1446,Brandon Jackson,Data Analyst,Graves Solutions, SKEMP@EXAMPLE.ORG ,+1-618-781-5675x4135,"707 Thomas Mills Apt. 455
North Vickie, CA 64062",São Paulo, Italy ,22-03-1965,2025-05-10,27/05/2025,active,207741.58
1447,Susan Ballard,Sales Representative,,damon72@example.com,001-421-629-8567,"2517 Roberts Place Suite 652
Parkerberg, WV 98654",New York,Australia ,1968-11-02,2025-06-23,2025-09-27,active,226379.56
1448,Joseph Ruiz,Marketing Specialist,Kim Solutions,,8222041064,"2014 Barnes Road Suite 737
West Arthur, OK 31777",CAPE TOWN,Netherlands ,2004-03-14,2023-09-30,2025-07-14, Active,494081.03
1449,Karen Sampson,Marketing Manager,,peter93@example.org,3507650696,"PSC 8445, Box 2364
APO AP 35154", Singapore , Egypt,1959-03-01,2024-04-06,2024-10-30,INACTIVE,779804.21
1450,Tasha Collins,Sales Manager,Whitehead Consulting,mcbridelaura@example.net,(208)896-7604,"51751 Kennedy Turnpike
New Ricky, MA 69053",LONDON,France ,1976-09-18,2023-02-19,2023-09-05,Inactive,332664.62
1451,Richard Webb,Marketing Manager,Young Solutions,erika34@example.org,(907)404-3107,"9958 Jessica Oval Suite 286
North Toddfurt, FM 91065", Cairo, Saudi Arabia ,1987-01-16,2023-05-28,2024-05-11,Active ,406843.19
1452,Daniel Suarez,Product Manager,Contreras Technologies,gmoses@example.net,4115130529,"23775 Joseph Underpass Apt. 632
Joshuafurt, OH 33314", São Paulo,south africa,1975-09-14,2025-10-22,2025-12-07,INACTIVE,1079005.63
1453,Loretta Lyons,Research Scientist,,howejennifer@example.com,565-954-2793,"6169 Larry Skyway
Jonesberg, RI 56503",Toronto ,INDIA,1988-01-24,05/25/2025,2025-11-02, Active,387909.45
1454,Scott Dunn,CEO,Wong Group,joseph19@example.net,9432770296,"6237 Tina Harbor
Contrerasmouth, AS 52565",madrid,UNITED KINGDOM,1956-02-04,2023-07-26,2023-11-24, Active ,2025198.3
1455,David Murphy,Accountant,Medina PLC,monica19@example.net,3653632267,"512 Morrison Extension Suite 291
Carlsonberg, WV 19615",dublin,denmark,1962-01-11,2024-08-16,2025-12-02,active,486920.8
1456,Jennifer Adams,Marketing Specialist,Charles Group,sandrawright@example.com,787-957-6176,"8836 Smith Prairie Apt. 340
Lake Lisa, ID 62354",Madrid, Egypt,1980-09-04,2023-06-03,2024-12-02, Suspended ,95555.84
1457,Charles Hernandez,Software Engineer,Long Solutions,bellcynthia@example.org,(768)566-8080x7956,"27509 Heather Shoals
West Thomastown, RI 20868",Mumbai,saudi arabia,1983-01-30,2023-04-27,2024-11-07,Suspended,555341.84
1458,Christopher Bowen,IT Specialist,Young Inc.,shaunmiller@example.org,+1-613-774-7279x39226,"2933 Simon Well Apt. 240
Thompsonhaven, CO 81380",rome,NETHERLANDS,1996-03-31,08 Mar 2023,2025-01-29, Active,427971.07
1459,Christina Martinez,Operations Manager,Carr Ltd.,mccoyelizabeth@example.org,+1-580-898-0988x04093,"44522 Howard Green Apt. 673
Lake Jane, VT 63988",London, Spain ,1964-06-01,2024-02-23,09/06/2025,Active ,808411.85
1460,Emily Paul,Business Analyst,Huang Consulting,mcbridewendy@example.org,(950)616-9932,"651 Smith Locks
Port Susan, MP 78212",Singapore , Brazil,01/02/1994,2023-03-14,2024-03-03, Inactive ,"$525,038.54"
1461,Rebecca Oconnell,Accountant,Koch Systems,jamescoleman@example.net,9573529664,"Unit 1813 Box 2072
DPO AE 97077",london, Germany,20/09/1983,2025-09-07,2025-09-24, Active,297473.62
1462,Sarah Coleman,HR Manager,Aguilar Holdings,medinateresa@example.com,(706)736-9851x676,"669 Sullivan Streets
East James, KY 40654", Madrid , United States,1983-08-29,2025-06-02,2025-10-03, Suspended,139105.96
1463,James Webb,Data Scientist,Berry PLC,gina43@example.com,+1-904-934-2491x62631,"422 Corey Ferry Suite 219
Leehaven, CO 88077",cape town, Saudi Arabia,10 Jul 1991,30-12-2025,"Dec 31, 2025", Active,283136.31
1464,Kevin Bradshaw,IT Specialist,Pham Ltd.,rangeljonathan@example.org,575-710-2958,"27104 Clark Islands
East Louischester, VA 26945", Cape Town,France,11/17/2003,2025-05-30,2025-11-26,active,180707.63
1465,Veronica Chambers,Sales Manager,Fletcher Consulting,camerongonzales@example.org,+1-516-433-5471x543,"6892 Antonio Plains
New Stacey, OR 95637", Oslo , Singapore,1968-02-08,2025-01-23,2025-07-23, Suspended ,
1466,Amber Warner,IT Specialist,Barton LLC,thompsonwilliam@example.com,(771)686-9198x162,"45365 James Path
Rodriguezbury, MT 61573",Cape Town ,India,1989-07-20,2023-01-21,,Active,"$494,847.49"
1467,Loretta Murray,Data Analyst,Allison PLC,jordanruben@example.org,943-237-0736x71274,"12178 Chase Shore Suite 972
Griffinberg, PR 07398",PARIS, United Arab Emirates,1968-12-29,2023-04-27,15/07/2023,Active ,1054875.34
1468,Matthew Hart,Project Manager,Spencer Holdings,,,"5504 Massey Mews
West Janiceside, PR 96600",São Paulo ,Ireland,1999-11-08,2024-05-15,2025-03-11,active,432038.54
1469,Angela Pena,COO,Nelson LLC,carrieowens@example.com,754.257.6909x4142,"60385 Martin Throughway Apt. 313
New Christine, NE 64227",AMSTERDAM,SAUDI ARABIA,1980-09-13,2023-06-06,18-02-2024,inactive,141900.57
1470,John Thompson,HR Manager,Shannon PLC,james58@example.net,+1-459-491-9776x38586,"76366 Wayne Court Apt. 716
Michellemouth, PA 99772", Copenhagen,South Africa ,1971-12-08,2025-06-27,2025-12-27,Active ,447406.06
1471,Monica Gill,COO,Rowland Systems, SARA06@EXAMPLE.NET ,001-889-558-2948,"972 Nguyen Road
Davidshire, IL 92357",Cairo, Germany,1996-06-07,2024-07-01,2025-05-24,Active ,757396.4
1472,Justin Barker,Business Analyst,Jensen Consulting,christopherprince@example.net,842-915-4409,"2857 Johnson Brooks
Erikfort, SC 91036", Amsterdam ,France ,1978-06-03,2025-09-22,10/28/2025,Inactive ,213876.06
1473,Cheryl Warner,Product Manager,Mcfarland Group,harrisjohn@example.com,(863)707-7997x51090,"407 Margaret Forks
Stephaniechester, CT 48021",paris, United Kingdom,21/03/1991,2024-03-07,2024-07-11,Suspended,298399.35
1474,Joseph Key,CEO,Nelson Technologies,porterwilliam@example.net,(220)292-5139,"11474 Thompson Ports Apt. 555
East Timothy, ID 91494",London ,ITALY,1985-11-28,2023-08-22,2023-09-13,Active ,331135.1
1475,Andrea Woods,Sales Representative,King LLC,scooper@example.com,868-744-2633x33884,"48308 Kenneth Fords
North Robertton, MO 87247", Dublin, Saudi Arabia,27-05-1993,2023-05-03,2024-02-13,Active ,189202.13
1476,Michelle Guerrero,Sales Manager,Scott Technologies,linda03@example.com,+1-393-441-7733x4307,"821 Lambert Mews
New Frederick, IN 09286",Dublin,AUSTRALIA,1981-07-02,2023-04-01,2023-11-17, Inactive ,515966.08
1477,Elizabeth Herring,Data Scientist,,leonarddoris@example.org,+1-902-238-8369,"579 Allen Knolls
Collinsland, MH 09611",São Paulo , Norway ,1985-04-22,2023-03-06,2025-02-16, Suspended,301141.73
1478,Amber Lee,Operations Manager,Maldonado Consulting,kelly72@example.net,(439)296-2402x3849,"591 Flores Rest Apt. 903
Katieberg, NC 49824",São Paulo, Singapore ,1985-10-18,2024-03-19,2024-04-17,Inactive,439622.95
1479,Scott Miller,Research Scientist,Mendez Inc.,barbarafowler@example.org,8677333827,"024 Myers Ridges Apt. 385
Jennyburgh, AK 10125",stockholm,South Africa,1955-09-14,2023-08-12,2025-03-01,ACTIVE,176090.87
1480,Jose Thomas,Marketing Manager,Livingston Consulting,erika44@example.net,579-420-7405x1870,"5990 Maxwell Glen Apt. 910
East Adam, KY 14371",dublin,United Arab Emirates ,1991-01-22,2025-11-28,2025-12-15,Inactive ,241295.88
1481,Jamie Martinez,Accountant,Hall Ltd.,wanderson@example.org,7293729575,"0079 Carrillo Shoal
East Jacqueline, WY 24183",toronto,Spain,1963-05-21,2023-02-01,2024-08-29,inactive,543435.85
1482,Debra Branch,Sales Representative,Garcia Consulting,ijordan@example.net,+1-721-727-4621x334,"5621 Carla Stream Suite 909
Nancyland, WV 39632",ROME,denmark,1980-01-19,2025-03-19,04/08/2025,active,252462.19
1483,Natasha Haney,HR Manager,Sellers Consulting,mpatterson@example.com,001-782-756-4858x64766,"051 Hensley Village Apt. 679
Mcleanmouth, CA 13534",mumbai,Norway,1973-12-14,2023-01-26,2023-10-08,Inactive ,1097861.44
1484,Susan White,Consultant,,christina56@example.net,204.626.4697x950,"63828 Johnson Hill Apt. 627
Aaronburgh, AK 84308", New York ,UNITED ARAB EMIRATES,"Sep 27, 1985",2025-08-05,2025-08-10, Active ,247769.63
1485,Corey Landry,Data Analyst,White Systems,danielcannon@example.org,+1-802-594-4627,"8749 Mccoy Island
East Emilymouth, KY 48958", Mumbai ,Canada ,24-07-1992,2024-03-22,2025-05-15, Active,
1486,John Moran,Marketing Manager,Castro Holdings,,+1-535-784-9999x1695,"PSC 9522, Box 8751
APO AE 01420", Rome, Italy ,1983-08-15,2023-05-12,2024-08-06, Active ,629583.38
1487,Stephen Short,Sales Representative,Williams PLC,crawfordkevin@example.net,331.211.4963x360,"5961 Yoder Grove
North Melaniestad, RI 64824",London,Spain ,1973-08-11,2023-12-24,2024-05-23,Active,"$121,436.16"
1488,Adam Peterson,Operations Manager,,rhonda45@example.net,001-842-710-4208x4182,"8725 Johnson Landing
Davidville, PA 06812",LONDON,South Africa ,1983-09-28,20/06/2025,2025-11-16,INACTIVE,95552.76
1489,Jessica Barnes,Product Manager,Ellis Group,amalone@example.com,001-560-761-6941,"483 Abbott Island
Briannastad, ND 21488",Cape Town,united kingdom,1979-05-12,2024-06-11,2024-06-28,Active,112649.96
1490,Stuart Burke,Software Engineer,Mclaughlin LLC,iaguilar@example.org,(891)356-9490x60827,"351 Anthony Road
Michaelshire, VT 50798",Cairo , Canada ,1984-03-21,2025-11-04,2025-12-03, Active ,793182.71
1491,John Suarez,IT Specialist,Cook Holdings,qharris@example.net,338-556-3375x984,"870 Ann Corners Apt. 133
Bishopburgh, IL 26982",Stockholm,FRANCE,21 Mar 1960,2025-05-01,20 May 2025,Active ,222726.38
1492,Rachel Barrett,Product Manager,Young Holdings,christopher70@example.net,212.378.7963x387,"08220 Campbell Hill
Port Louis, PA 64832",Riyadh, Sweden ,1980-11-08,2024-11-17,2025-06-14, Active ,1964482.68
1493,Brenda Hall,Project Manager,Mcdowell Inc.,perryjonathan@example.com,410.442.5990x0284,"0183 John Park
Jasonton, IN 08270",Mumbai ,United States,"Oct 07, 1996",2024-08-18,2025-12-08, Active,220803.11
1494,Shawn Lindsey,CTO,Rodgers Holdings,vberry@example.net,+1-417-233-3581x3682,"97968 Kidd Lodge Apt. 116
Smithton, MT 22013", Mumbai ,Denmark ,04/10/1957,2025-11-12,,Suspended ,372944.88
1495,Sandra Parker,Research Scientist,Taylor Consulting,colonjoseph@example.com,001-366-345-3629x21350,"689 Johnson Curve Apt. 848
Michaelshire, KY 96876",TORONTO,Canada,20 Sep 1984,2023-03-08,2024-01-10,Suspended ,964607.89
1496,Rita Reyes,Software Engineer,Taylor Systems,steven20@example.com,644.821.7563x9490,"4465 Collins Cliff Suite 525
Lake Paige, WV 67453",Cairo ,United Kingdom,1981-10-19,2025-05-06,2025-09-21,active,1334763.96
1497,Lisa Martinez,Accountant,Robles Systems,nicholas08@example.net,304.531.7842,"USS Walker
FPO AA 92632",Amsterdam ,INDIA,26 Jun 1985,2025-06-22,12/09/2025,active,1387553.25
1498,Aaron Mills,Consultant,Fry PLC,jorge39@example.org,777.227.1542x2412,"1247 Henry Way
Mcintyreton, NV 39497",Oslo, Germany,2000-05-30,2025-01-11,2025-05-10, Inactive,763643.52
1499,Melissa Harvey,Product Manager,Greene Solutions,jay70@example.net,9639239988,"10858 Tammy Mount Suite 582
Raymondburgh, CO 69634",CAPE TOWN,egypt,1985-03-15,11-01-2025,2025-02-21,ACTIVE,671214.32
1500,Matthew Bowen,IT Specialist,Mcbride Technologies,natasha08@example.net,(489)398-1811x994,"2064 James Radial
Matthewport, ID 25088",madrid,INDIA,13-07-1969,16/04/2024,, Inactive ,496217.13
1117,Susan Roberts,Project Manager,Williams LLC,elizabethburke@example.org,675.735.3132,"567 Brandi Junctions Apt. 305
Masonside, AR 60280",AMSTERDAM,Sweden ,1994-04-27,2025-03-07,2025-06-21,active,1762759.28
1369,Kenneth Hill,Business Analyst,Underwood Ltd., MELINDA28@EXAMPLE.COM ,958.634.9263,"109 Kelsey Summit Apt. 355
Stanleyberg, MH 68063",amsterdam,Denmark,1987-06-14,2025-01-02,2025-05-08,active,240314.18
423,Cynthia Coleman,Financial Analyst,Miller Holdings,michael88@example.com,2713553482,"08385 Shane Isle Suite 595
Michealhaven, OR 16661", Mumbai, Norway ,1998-12-02,2023-12-22,20 Jun 2024, Inactive,275329.85
414,Susan Lucas,Consultant,Scott Holdings,kingtammy@example.net,(501)634-7789x4896,"791 Kim Island Apt. 221
Kathleenton, AZ 09712",london, Australia,1969-03-20,2023-09-08,2023-10-22, Suspended ,801607.03
452,Tracy Jones,CTO,Edwards Systems, BWILLIAMS@EXAMPLE.COM ,7093004365,"266 Joe Drive Suite 835
Donnastad, ME 22814",dubai, United States ,1994-02-05,2024-10-29,2025-03-20,inactive,"639,600.87 USD"
862,Cynthia Reed,Sales Representative,Carter Group, ERIC49@EXAMPLE.ORG ,6748179965,"973 Garcia Rest
Mooremouth, FL 59790", Madrid ,United Arab Emirates ,1993-09-30,2023-02-20,2025-05-23,ACTIVE,113434.3
1064,Nicholas Mccann,CEO,Gonzalez LLC,fmarquez@example.net,755.866.9633,"8256 Heather Rapid
Port Lynnchester, DC 35069", Copenhagen,Egypt ,1997-10-20,27 Nov 2025,2025-12-27,inactive,$96974
742,Leonard Bruce,Sales Manager,Lewis LLC,ylowe@example.org,828.496.7136x05494,"4901 Dustin Road Suite 193
Brendantown, CA 14693", London,united arab emirates,1999-09-03,2025-11-23,2025-12-02,ACTIVE,133826.05
1273,Chelsea Miller,CEO,Nunez Solutions,bruce53@example.com,974.711.6028x5953,"9204 Emily Islands Apt. 823
Port Michellefurt, KY 95991", Toronto,Saudi Arabia ,1966-12-11,2025-01-24,2025-04-10,Active,152570.35
260,Joseph French,HR Manager,Walker Solutions,michael95@example.org,(410)692-2685x926,"1475 Cochran Station Apt. 022
Dylanmouth, VA 63210",london,SWEDEN,1995-07-18,07-12-2024,,Suspended,563681.04
889,Melinda Daniels,Marketing Specialist,Hudson Consulting,tammy97@example.org,001-515-622-1336x89600,"89899 Adrian Park
Peterville, WA 15814",Toronto, Germany ,1992-04-06,2024-05-10,2025-10-10,inactive,495567.27
1433,Zachary Carroll,COO,Obrien Technologies,brittanyjohnson@example.net,+1-989-225-8578x39803,"12058 Bradley Spurs Suite 853
South Johnathanmouth, OH 10677",rome, Brazil ,1995-01-05,2024-01-12,"Sep 09, 2024",Inactive ,598589.56
713,Jacob Rubio,Marketing Specialist,Moore Systems, RWATERS@EXAMPLE.COM ,(653)553-8962x98532,"9241 Wells Estate Suite 638
West Joseph, TN 38068", Cape Town,France,03 Oct 1975,2023-08-20,2024-02-21, Active,223810.87
1383,Jamie Zimmerman,Project Manager,Potter Consulting,matthewrios@example.org,(340)555-3061,"5892 Cox Roads
East Joseph, NY 64964",Oslo ,france,1957-05-18,2025-08-01,2025-09-01, Inactive,1483798.26
71,Jeffrey Taylor,Research Scientist,Becker Holdings,vwilliams@example.net,607.945.0544,"24754 Jacobs Corners
South Jason, GU 53869", Singapore ,South Africa,1991-12-07,2024-09-03,2025-09-24,inactive,422091.3
1269,Lee Coffey,IT Specialist,Wade Systems,edwardskiara@example.org,582.573.8688,"986 Eric Rue
Rodneyhaven, WA 55717", São Paulo , Sweden,1964-10-09,2024-06-24,2024-11-08, Active ,195854.84
1492,Rachel Barrett,Product Manager,Young Holdings,christopher70@example.net,212.378.7963x387,"08220 Campbell Hill
Port Louis, PA 64832",Riyadh ,sweden,1980-11-08,2024-11-17,2025-06-14,Active ,1964482.68
608,Kevin Powell,CEO,Meyer Consulting,martinezdavid@example.org,5919692327,"906 Amber Street Suite 481
Castilloview, MS 32606",Copenhagen,brazil,1957-08-13,2023-01-14,2023-04-11, Active,137137.82
434,Ryan Robinson,Software Engineer,Murphy LLC,staceysmith@example.org,001-642-344-6263x2514,"03142 Kathy Junction
New Katieside, NH 67449",new york, United Kingdom ,10-08-1961,2024-12-18,2025-04-29,active,541598.15
52,Andrea Johnson,CTO,Mullins Group,darlenebyrd@example.org,390.492.7532x69731,"6523 Newman Gateway Suite 043
Lake Peter, SD 07653", Dublin ,SOUTH AFRICA,1994-01-12,2024-12-20,11/14/2025,active,
1200,Alexandra White,Operations Manager,Montgomery Inc.,gmoreno@example.net,826.472.7332,"4695 Beverly Vista Suite 687
Goodwinshire, TX 20299",mumbai,Singapore,"Jun 07, 2003",2023-08-29,2025-02-07, Suspended,851622.22
1129,Jennifer Pena,CEO,Green PLC,cody45@example.org,852.257.4488x252,"11567 Kristin Plains Suite 157
Mitchellchester, NM 05360",Rome , Australia ,1987-06-05,2025-06-15,21-07-2025,Active ,313358.49
1191,Emma Morton,Data Analyst,Kelley Consulting,fullerrhonda@example.com,472.635.7845x72080,"USS Mcguire
FPO AE 48977",são paulo,norway,1958-07-12,2024-08-03,2024-12-31, Active ,352837.49
1250,Adam Mccann,Data Scientist,Reed PLC,brownlori@example.org,686.326.8497x042,"2076 Scott Branch
South Amandaview, IN 56329",São Paulo, Netherlands,04/06/1973,2023-10-27,01/06/2025,Active,"110,290.50 USD"
1420,Rodney Johnston,Sales Manager,Wong Holdings,jeffrey29@example.net,001-673-285-4424x029,"869 Amber Mission Suite 342
Martinmouth, AS 61495", Rome,france,1960-09-13,2023-10-13,2025-09-12,Active ,467654.49
433,Barbara Martinez,Business Analyst,Riley Holdings,hbaker@example.org,6378360601,"079 Amanda Plaza Suite 136
Gregoryborough, AL 90296",Oslo ,United Arab Emirates ,1976-09-02,2024-10-16,,ACTIVE,$271418
1453,Loretta Lyons,Research Scientist,Ramirez Technologies,howejennifer@example.com,565-954-2793,"6169 Larry Skyway
Jonesberg, RI 56503",Toronto, India ,01/24/1988,2025-05-25,2025-11-02,active,"$387,909.45"
1471,Monica Gill,COO,Rowland Systems,sara06@example.net,001-889-558-2948,"972 Nguyen Road
Davidshire, IL 92357",Cairo ,Germany ,1996-06-07,01 Jul 2024,2025-05-24,active,757396.4
1235,Kristen Henson,HR Manager,Wade PLC,qbarnes@example.net,937.380.5342x5191,"7676 Benson Locks Apt. 919
New Jakestad, GA 50380",riyadh,Sweden,1996-09-19,2023-08-30,2024-06-23, Active,"186,731.64 USD"
1282,Rita Juarez,Project Manager,Schaefer PLC,ymitchell@example.com,001-522-968-9753x11524,"5793 Lance Run
Johnview, AS 15579",copenhagen,Sweden,1984-09-19,2025-05-24,2025-08-31, Active ,294569.76
1086,Nancy Harrison,Marketing Specialist,Flores Technologies,robert77@example.org,278.546.7970,"Unit 7644 Box 0583
DPO AA 43449", Copenhagen , United Kingdom,20-10-1990,2024-02-03,2025-11-11,Suspended,"$442,868.94"
611,Ryan Kerr,CTO,Schmidt Ltd.,crawfordhaley@example.org,635.336.4235x700,"285 Ana Spur
Maysburgh, WY 83279", Dubai,norway,2003-05-19,2025-07-25,2025-08-25,Inactive,518168.6
1285,Rick Johnson,IT Specialist,Gray Inc.,steven66@example.com,001-773-229-7741x0506,"30946 David Squares
Fieldschester, MP 13303", Cairo , Norway ,1996-09-03,06-11-2023,"May 07, 2024", Active ,189057.67
1042,Adrienne Obrien,Data Analyst,Howell Group,joseph26@example.net,484-855-3758,"81499 Ponce Falls Apt. 235
Brittanystad, NY 07836",AMSTERDAM,Spain,1989-08-13,2025-02-08,2025-04-11,Inactive,237703.89
221,Gabriel Hart,Data Scientist,,gibsonmiguel@example.org,(956)362-1286,"34672 Matthews Parkway
Hilltown, FL 58923",sydney,SAUDI ARABIA,1958-10-04,2024-05-26,2024-09-20, Active ,1656572.05
340,Amy Welch,Data Scientist,Duncan Systems,michellewang@example.net,(886)553-6945x5158,"4722 Roberts Place Suite 721
Carpenterchester, MT 54279",RIYADH,Germany,1964-11-17,2023-11-05,2024-10-24, Active ,220883.97
424,Joseph Jones,Marketing Specialist,Blake Consulting,cgallagher@example.net,001-889-681-2657x42231,"40236 Robert Views
South Amy, KS 28106", Mumbai,france,1955-08-27,2023-02-27,2025-02-17, Active,646998.77
429,Thomas Short,IT Specialist,Holloway Holdings,lrodriguez@example.com,+1-381-994-2179x428,"65277 Lynn Inlet Suite 663
Elizabethborough, IA 60962",Riyadh, Norway ,29-11-1962,2023-10-07,2024-03-17,Active ,687555.02
1106,Amanda Ballard,CTO,Evans PLC,clarkrachel@example.net,495-843-5110,"3308 James Gateway Apt. 135
West Terrihaven, MD 44588", Mumbai,SOUTH AFRICA,1992-03-19,2025-08-29,2025-09-28, Inactive,158271.29
77,Julie Clark,Data Analyst,Hayes PLC,kathleenjackson@example.org,512.796.6667x6008,"USNV Sherman
FPO AP 25480",New York,spain,1956-07-02,2023-05-21,2025-07-29, Active,348339.53
1392,Adrienne Walters,CEO,Riley Ltd.,matthew75@example.net,(908)225-7232x300,"694 Long Motorway
Stevenstad, GA 97907",CAIRO, United Arab Emirates,29-12-1985,2024-06-30,2024-07-30,Active,203943.7
440,Allison Martinez,HR Manager,Mayo Systems,maldonadonancy@example.net,001-737-483-0639x6384,"443 Jasmine Glens Suite 016
Lake Johnny, DC 76079", Madrid,germany,1964-08-28,2024-06-27,12/04/2025, Active,$315249
1337,Andrea Moore,Data Scientist,Randall Inc.,amorrison@example.net,001-678-263-9141x83590,"7427 Shawn Lake Suite 452
Castroland, AR 79349",Stockholm,SWEDEN,1971-12-29,2025-01-28,2025-08-03,ACTIVE,213334.82
865,Michelle Garrett,Project Manager,Jones Inc.,bob11@example.net,5268691419,"47189 Mariah Via
Lake Leslie, MS 86717",singapore, Denmark,1988-10-10,2025-01-09,2025-08-01, Active ,$213427
1081,Angela Singh,Sales Manager,Thompson PLC,toddwhite@example.org,+1-796-272-0129,"PSC 3177, Box 5690
APO AE 92140", Toronto ,Norway,27 Nov 1955,2024-02-15,2025-12-02,Active ,256771.92
355,Daniel Adams,Marketing Specialist,Harris Technologies,craigferguson@example.org,001-528-551-5533x34264,"71607 Omar Mission
Rossborough, WI 50374", New York ,spain,18-07-1984,2023-12-09,2024-03-03,Active,323414.05
366,Elizabeth Villa,Consultant,Long Inc.,reedkristin@example.com,001-280-766-0392,"74555 Joshua Tunnel Apt. 574
East Angela, VI 72233",COPENHAGEN,canada,1987-05-24,2023-07-10,2025-07-28, Inactive ,247495.0
310,Alyssa Smith,Product Manager,Russell Consulting,catherineflynn@example.com,311-866-8297x32702,"120 Johnson Expressway Apt. 288
Strongstad, DC 53233", Rome,Ireland ,1989-10-10,2025-12-14,2025-12-23,Active ,284493.35
737,Robin Martinez,COO,Greer Inc.,ashleymedina@example.net,(831)832-4659,"8417 Laurie Parks
Petersonland, FM 45173", Sydney,india,1999-07-04,2024-11-25,2025-06-06, Active ,392079.86
999,Anthony Jones,Marketing Manager,Mayo Group,tyler30@example.com,759-765-7657x86800,"7644 Lewis Mall
East Steven, MN 54382",Sydney ,Egypt ,1960-11-19,2025-01-01,2025-12-14,Active ,219734.37
622,Mark Williams,HR Manager,Green LLC,zsmith@example.com,+1-851-669-1395x21501,"07033 Williams Via Suite 243
New Amandabury, OK 18451",dubai, France ,1969-10-06,2025-02-19,2025-12-31, Inactive ,455899.58
544,Adam Collins,Accountant,Le LLC,jennifer53@example.com,865.397.4669,"12545 Amanda Branch Suite 948
Port Matthewfurt, PA 19191", Cape Town ,CANADA,1971-06-16,04/22/2023,22/10/2023,Active,
1141,Sydney Coleman,Operations Manager,,eric85@example.net,203.730.8641x48632,"48715 Mary Crest Apt. 377
North Brian, AR 63848",riyadh, Canada,1968-01-11,"Nov 11, 2024",2025-02-09, Active,266120.78
1297,Cheyenne Adams,Project Manager,Mcneil Inc., MARYWANG@EXAMPLE.COM ,975.268.8637x137,"82898 Lauren Squares Apt. 396
Shawnstad, PR 26093", Toronto, Spain ,1992-11-02,2023-10-28,2024-11-06, Active,623655.58
555,James Ortiz,Sales Representative,Stevens PLC,heather88@example.net,786.653.3943x1916,"31202 Brenda Knoll Apt. 576
Victoriashire, SC 60282",Toronto ,Netherlands ,1994-10-21,2023-07-24,11-05-2024, Active ,415119.56
680,Randall Yu,Marketing Specialist,Martinez Holdings,moranphillip@example.com,932.926.2277,"8066 Blair Burgs
Smithside, MN 07363",London , South Africa ,1967-04-16,2023-06-19,2024-10-19,Active,798179.32
50,Chelsea Weber,Sales Manager,Knight Inc., RKRAMER@EXAMPLE.ORG ,8175012770,"Unit 2424 Box 1541
DPO AA 87599", Dubai, Denmark ,1999-11-30,21 Aug 2025,2025-10-17,ACTIVE,95403.63
491,Rodney Adams,Accountant,Carroll Solutions,david97@example.org,001-813-671-2436x58585,"04120 Veronica Center
Martinezburgh, NJ 30753", Riyadh ,FRANCE,1982-12-11,2023-09-11,2025-03-25, Active,325923.88
317,April Stephens,Project Manager,Gray Systems,rhonda81@example.net,,"6383 Barry Brooks Apt. 867
East Justintown, IN 83280", Toronto ,egypt,1993-06-22,2024-11-10,2025-05-26, Inactive ,528272.26
905,Stacey Durham,IT Specialist,Gibbs Holdings,dadams@example.net,001-453-896-5974x425,"204 Richard Creek Suite 374
Port Kristinstad, CO 25097",berlin, Ireland ,1967-04-22,2023-02-06,,Active,374658.17
637,Jonathan Durham,Accountant,Griffin Solutions,corywatson@example.net,(226)847-5286x4612,"09928 Stewart Dam
Bruceburgh, VT 14380",toronto, Singapore ,1958-09-13,2025-02-13,2025-06-06,ACTIVE,583161.48
561,Nicole Decker,Data Analyst,Rice Consulting,llee@example.com,+1-670-586-1993x1458,"6311 Sarah Plaza Suite 034
East Maria, GA 88417",Cape Town ,ITALY,1991-12-05,2025-04-09,2025-07-27, Active,401451.66
487,John Johnson,Product Manager,Stone Ltd.,nbailey@example.net,001-658-552-3860x0304,"PSC 1995, Box 1715
APO AE 28032",Amsterdam , Australia,1998-05-10,2024-12-02,2025-08-10, Suspended ,208438.43
68,Amber King,COO,Sanders Group,qjacobson@example.org,+1-686-525-6527x0477,"11586 Angela Ville
Cardenaschester, ND 90556",TORONTO, France ,1998-02-07,11/18/2024,2025-05-01,Active ,661637.45
812,Robert Jennings,Marketing Manager,Green LLC,kruegerjesus@example.com,(283)795-1673,"670 Lin Trace
Briggshaven, WA 54747", Mumbai,Canada,1996-07-11,2025-07-23,2025-12-27, Inactive ,240912.3
494,Deborah Travis,CTO,Harding PLC,hmartin@example.org,+1-208-315-7129,"Unit 0713 Box 8067
DPO AE 32810",Amsterdam, Denmark,1958-04-07,2024-02-14,2024-11-10, Inactive ,"$179,351.18"
311,Jeffrey Carroll,HR Manager,Allen Technologies,david59@example.net,+1-410-315-7676x472,"957 Flores Fall
Shirleyville, IN 39475", Toronto, United Kingdom,1979-10-18,2024-05-13,2024-12-31, Active,281425.53
1097,Kathryn Serrano,Research Scientist,,perryaaron@example.com,001-202-872-8986x83212,"984 Nathan Vista Suite 966
Wagnerview, GA 04750",Mumbai , Australia,2001-04-07,2024-09-18,2025-04-24, Suspended,"USD 346,294.43"
1248,Frank Drake,Sales Manager,Burke Group,laurenpark@example.com,001-977-796-6054x85625,"24640 Garza Greens Suite 175
Nicholehaven, GA 65859",Riyadh,GERMANY,15-09-1993,2024-05-21,2025-08-04,Inactive,191189.19
185,Caleb Oneill,Sales Representative,Donaldson Solutions,carpenterjorge@example.net,457.921.5862x4150,"564 Austin Trace Suite 856
West Jillian, NM 20327", London,norway,1982-11-08,2025-04-17,2025-10-08,Active,280288.88
307,Jill Torres,Data Analyst,Thomas Systems,halldiamond@example.org,+1-287-595-0830x44058,"718 Joel Islands
Mariachester, CA 84634",São Paulo, Brazil,1976-07-10,2025-07-22,2025-10-26,suspended,801600.33
853,Sydney Allen,HR Manager,Odom Systems,lcollins@example.org,774-209-8537x2033,"0232 Davis Burgs
Ericksonstad, MI 43003",Mumbai ,FRANCE,1981-10-22,2025-06-30,26/10/2025,INACTIVE,209783.01
793,Omar Burns,Software Engineer,Ortiz PLC,toddcollins@example.org,001-342-686-1789x257,"USNS Rivera
FPO AP 32052",Toronto,Brazil ,1982-01-12,2023-09-07,2025-09-02,Active ,$396371
290,Michael Hill,HR Manager,Meyer Holdings,mary16@example.com,001-654-410-7272,"40703 Petersen Crossing Apt. 740
Belltown, AR 33456", Paris ,Egypt,1962-05-16,2024-10-18,2025-02-17,Active,211950.99
707,Amy Sampson,Operations Manager,Lawrence Consulting,jason20@example.com,3955437766,"001 Hanna Corner Suite 391
Christopherland, KS 30495",dubai, Spain ,1976-11-06,30-09-2025,28-12-2025, Active ,133746.23
