subscription_id,user_id,plan,billing_cycle,start_date,end_date,monthly_fee,discount,status
SUB-000001,1183, Business,Annual,06/02/2025,22-08-2025,$280.82, 10% ,PAUSED
SUB-000002,107,Starter, Monthly,10/29/2025,,54.55,15%,ACTIVE
SUB-000003,326,professional, Annual ,"May 07, 2025",,USD 160.27,5%, Active 
SUB-000004,35,professional, Annual,2025-12-29,,USD 162.93, 20% ,Active 
SUB-000005,1495, Business,monthly,"Sep 10, 2025",,USD 290.18,0 %,active
SUB-000006,1081,STARTER,MONTHLY,27/07/2025,"Jun 18, 2026",$47.63,15 %,PAUSED
SUB-000007,1328, Professional ,MONTHLY,28 Feb 2025,,167.85 USD,5.0%, Active 
SUB-000008,1189,starter,annual,08 May 2025,,$48.51,0%, Active 
SUB-000009,809, Starter ,monthly,22 May 2025,2025-06-22,USD 44.87,20%, Paused
SUB-000010,220,STARTER,QUARTERLY,15-03-2025,,51.46, 0% , Active
SUB-000011,1359,starter, Annual ,16 Mar 2025,,45.63 USD,10 %, Active
SUB-000012,561,Professional,Quarterly,02 Jan 2025,,163.77, 5% ,active
SUB-000013,847, Starter,Quarterly,14-03-2025,,$52,5%,Active 
SUB-000014,931, Starter, Annual,04/25/2025,,54.82 USD,10 %,active
SUB-000015,898,enterprise,Monthly ,"May 01, 2025",,USD 875.87,15.0%,Active
SUB-000016,549,BUSINESS, Annual ,11-05-2025,2026-03-01,$277.48,10%,cancelled
SUB-000017,580,Starter ,monthly,09 Dec 2025,29-10-2026,$49,20%,paused
SUB-000018,41,Starter, Annual,11/10/2025,,53.59 USD,10%, Active 
SUB-000019,628,business, Quarterly ,09-05-2025,04 Apr 2026,$300, 10% ,Cancelled
SUB-000020,779,PROFESSIONAL, Monthly,06/05/2025,,$170, 10% , Active
SUB-000021,467,professional,annual,09-01-2025,2025-11-24,161.51 USD,0 %, Cancelled
SUB-000022,1096, Enterprise ,monthly,22/02/2025,04 Nov 2025,722.20 USD,20.0%,CANCELLED
SUB-000023,199, Free ,Monthly ,28-10-2025,,0.00 USD,10%,ACTIVE
SUB-000024,485,professional,Monthly,09-05-2025,26 Apr 2026,137.85,20.0%, Cancelled 
SUB-000025,1426,Business,Quarterly ,"Apr 21, 2025",11/07/2025,$280, 10% ,Cancelled
SUB-000026,875,Professional, Quarterly ,2025-08-20,,USD 161.46,5%, Active 
SUB-000027,564,starter,monthly,30/04/2025,09/07/2025,54.70,5%, Cancelled 
SUB-000028,921,STARTER, Monthly ,01/17/2025,,USD 50.67,5 %,active
SUB-000029,1409,FREE,Monthly,"Aug 31, 2025",,0.00 USD,5 %,Active
SUB-000030,174, Business,monthly,07 Feb 2025,,295.36 USD,, Active 
SUB-000031,1066,BUSINESS, Annual,29/09/2025,"Aug 24, 2026",$295,20.0%, Paused
SUB-000032,871,starter, Quarterly ,2025-05-23,,48.10 USD,20 %,ACTIVE
SUB-000033,770,Business,quarterly,16 Feb 2025,21 May 2025,$287,0%,Expired 
SUB-000034,982,Professional ,annual,"Oct 25, 2025",21/12/2025,156.78 USD,,Cancelled
SUB-000035,1042,Business,ANNUAL,"Feb 07, 2025",,$336,20%,ACTIVE
SUB-000036,535,starter,monthly,02/04/2025,,USD 47.86,15%,Active 
SUB-000037,303, Professional ,MONTHLY,05-08-2025,15/10/2025,USD 141.05, 20% ,CANCELLED
SUB-000038,62,Free,MONTHLY,14/01/2025,28 Feb 2025,USD 0.00,0%,Cancelled
SUB-000039,1409,STARTER,Monthly,13 Aug 2025,09 Aug 2026,$53,20%, Cancelled 
SUB-000040,307,ENTERPRISE,QUARTERLY,07/14/2025,09/07/2026,error,20.0%,Cancelled 
SUB-000041,1369,professional,quarterly,05/28/2025,,$140,0%,ACTIVE
SUB-000042,778,Professional ,Annual,2025-08-11,,USD 139.47, 0% ,active
SUB-000043,774,STARTER,Quarterly ,15/02/2025,,50.73,20 %,Active 
SUB-000044,252,STARTER, Monthly ,2025-05-18,,51.63, 10% ,active
SUB-000045,1182, Professional,monthly,10/10/2025,06-12-2025,$152,15 %,Cancelled 
SUB-000046,728,business,Monthly,2025-11-16,03/20/2026,$313.87,20%, Cancelled
SUB-000047,518, Business , Monthly ,10/12/2025,24 Mar 2026,282.58 USD,0 %, Paused
SUB-000048,510, Professional,QUARTERLY,07/04/2025,,151.97 USD,0%,active
SUB-000049,1427, Professional , Annual ,01 Jun 2025,19 Apr 2026,158.61,20 %,CANCELLED
SUB-000050,325, Free,quarterly,2025-03-08,,0.00, 20% ,Active
SUB-000051,947,BUSINESS,QUARTERLY,05/30/2025,2025-09-17,319.89 USD,15 %,paused
SUB-000052,1477, Professional ,Quarterly,06 Oct 2025,2026-02-11,150.91,10 %,CANCELLED
SUB-000053,843,Business ,Quarterly,20/09/2025,,USD 294.04,20%,ACTIVE
SUB-000054,495,PROFESSIONAL, Annual ,23/09/2025,,145.41,10%, Active 
SUB-000055,1410,starter,quarterly,18/12/2025,,49.13 USD, 10% ,active
SUB-000056,1078,starter,Quarterly,2025-12-29,,$44.38,5 %,Active 
SUB-000057,956,business,Monthly ,2025-10-06,,USD 319.07,5.0%, Active
SUB-000058,444,Starter, Annual ,2025-06-15,2026-02-08,$54,0 %,PAUSED
SUB-000059,798,Free,annual,28/07/2025,2025-08-31,$0.00,20%,CANCELLED
SUB-000060,850,starter, Monthly ,02-11-2025,,44.66,0 %, Active 
SUB-000061,1440, Professional , Annual,2025-05-26,"Aug 25, 2025",USD 170.86,20.0%, Expired
SUB-000062,754,Professional ,Quarterly,2025-03-10,"Sep 15, 2025",USD 143.92, 0% ,Expired
SUB-000063,1105,Starter,Monthly ,23/07/2025,,45.65,10.0%,active
SUB-000064,1481,Starter,monthly,07-11-2025,,48.63, 5% ,ACTIVE
SUB-000065,857,Free ,Quarterly ,19-01-2025,25 Apr 2025,$0.00, 10% , Cancelled 
SUB-000066,44, Business, Quarterly,02 May 2025,,$291.07,15%,Active
SUB-000067,264,professional,MONTHLY,22-01-2025,14-11-2025,$156,0%,Paused
SUB-000068,792,Starter,quarterly,07/02/2025,,49.19, 5% ,ACTIVE
SUB-000069,107,Business, Annual,09 Oct 2025,,277.90,20 %,Active 
SUB-000070,1320, Enterprise ,Annual,2025-04-18,13/10/2025,785.07,10%,Paused 
SUB-000071,917, Business ,Quarterly ,02/06/2025,,323.28,20%,active
SUB-000072,479, Professional, Annual ,05 Mar 2025,,$156.90,10%,Active 
SUB-000073,755,ENTERPRISE,Annual ,29/12/2025,,$743.03,10 %,ACTIVE
SUB-000074,1194, Business,Quarterly ,"Nov 03, 2025",19-10-2026,USD 281.31, 20% ,Cancelled 
SUB-000075,1315,Professional ,ANNUAL,13/12/2025,"Feb 26, 2026",157.97,15 %, Cancelled 
SUB-000076,1165,Starter ,QUARTERLY,"Oct 17, 2025",,$54,0.0%,active
SUB-000077,390,Starter ,Monthly ,2025-05-31,22-01-2026,$48,15%,Cancelled 
SUB-000078,969,Starter, Annual ,02-03-2025,,51.39 USD,15.0%,ACTIVE
SUB-000079,1151,ENTERPRISE, Annual ,27 Apr 2025,,$753, 5% , Active 
SUB-000080,500,BUSINESS,Annual,03/12/2025,19-04-2025,USD 292.38,20%,cancelled
SUB-000081,1424, Professional,Quarterly ,06/24/2025,,$135,5.0%, Active
SUB-000082,1354, Starter, Annual ,2025-07-15,,53.51 USD,10%,Active 
SUB-000083,987,Business ,MONTHLY,"Dec 11, 2025",04/17/2026,$299.08, 5% ,expired
SUB-000084,547,Professional ,MONTHLY,04 May 2025,,$164.50,10%,active
SUB-000085,980,Business , Monthly,04-01-2025,2025-09-13,$322.05,20%, Cancelled
SUB-000086,1032,STARTER,Monthly,2025-12-09,,$54.25,,Active 
SUB-000087,115,Professional, Quarterly ,02/11/2025,,error,20 %, Active
SUB-000088,363, Business, Annual ,11/04/2025,2026-04-04,USD 282.94, 15% ,expired
SUB-000089,1306,STARTER, Monthly,11/09/2025,,$56.01,20 %,active
SUB-000090,1487,PROFESSIONAL,Quarterly,"Dec 10, 2025",,$160.82,5 %, Active 
SUB-000091,1281,Business,QUARTERLY,2025-01-25,29-12-2025,$331, 20% ,Paused
SUB-000092,400,STARTER,QUARTERLY,29 Apr 2025,,44.26 USD,5.0%,ACTIVE
SUB-000093,822,starter, Annual ,2025-02-10,,$48.44,5.0%,Active
SUB-000094,778, Starter, Quarterly,"May 02, 2025","Aug 07, 2025",53.20,10 %,Expired
SUB-000095,390,STARTER,Monthly ,2025-12-08,,USD 45.06,10.0%,Active 
SUB-000096,662, Free,QUARTERLY,05/31/2025,,$0.00,0.0%, Active
SUB-000097,420,professional, Monthly,23 Jul 2025,,150.08,0.0%,active
SUB-000098,154,Free ,Monthly ,24/11/2025,,$0.00,15.0%,ACTIVE
SUB-000099,1064, Enterprise , Quarterly,29 Mar 2025,,USD 766.24,10 %,active
SUB-000100,873,Business ,monthly,"Oct 04, 2025",,USD 290.39, 0% , Active
SUB-000101,60, Starter ,Annual ,"Aug 19, 2025",28 May 2026,USD 45.47,0 %, Paused
SUB-000102,1395, Enterprise, Monthly,21/08/2025,,845.25,0.0%,Active
SUB-000103,748,business,quarterly,04 Oct 2025,,287.22, 5% , Active 
SUB-000104,327,FREE,Quarterly ,14-12-2025,2026-01-20,USD 0.00, 10% , Expired
SUB-000105,1167,Starter ,monthly,09/25/2025,"Dec 01, 2025",55.10,5 %,Cancelled 
SUB-000106,81,Professional ,Annual ,"Dec 16, 2025",,151.50,15%,active
SUB-000107,260, Business ,Monthly ,19-06-2025,13 Nov 2025,$298, 20% ,Cancelled 
SUB-000108,598,Professional ,Quarterly ,07 Nov 2025,,$161.06,20%,ACTIVE
SUB-000109,711, Professional , Annual ,17-09-2025,,$167.98, 0% ,active
SUB-000110,482,Business , Quarterly ,18/08/2025,,$270.97,5 %,ACTIVE
SUB-000111,780,Business ,Annual ,02-02-2025,12-11-2025,$303,15.0%,Cancelled 
SUB-000112,1177,ENTERPRISE,Annual ,"Sep 12, 2025",17/12/2025,841.10,5%, Cancelled 
SUB-000113,1090, Starter , Annual ,01/01/2025,,48.00,5%, Active 
SUB-000114,552, Business ,Annual ,07/04/2025,14 Feb 2026,326.84,15%,Cancelled
SUB-000115,1379,STARTER,QUARTERLY,10/05/2025,,56.00 USD,10 %, Active
SUB-000116,1216,professional, Monthly ,30/06/2025,27 Dec 2025,169.24 USD, 20% , Expired
SUB-000117,456,BUSINESS, Monthly,07/10/2025,12/28/2025,$288.98, 20% ,paused
SUB-000118,1092, Business,annual,"Sep 05, 2025",,286.02 USD,10 %,Active 
SUB-000119,454,Business,monthly,"Jun 25, 2025",,$340.67,10 %,ACTIVE
SUB-000120,750,Free ,ANNUAL,2025-09-08,,$0, 15% , Active
SUB-000121,1393, Starter ,Quarterly ,2025-04-25,,USD 46.65,10%,Active
SUB-000122,986,Professional ,monthly,01/25/2025,,$160.44,10%,ACTIVE
SUB-000123,431,PROFESSIONAL,MONTHLY,16/06/2025,,$144.69,0.0%, Active 
SUB-000124,356,Professional,monthly,03-08-2025,,144.05, 20% ,Active
SUB-000125,33,Enterprise,Quarterly,03/18/2025,09/09/2025,894.73,0 %,Cancelled 
SUB-000126,1084,Enterprise ,Monthly,"Dec 23, 2025",,USD 751.56,15.0%, Active
SUB-000127,14,STARTER, Monthly,01/05/2025,12/03/2026,44.89,20 %, Expired
SUB-000128,120,Enterprise , Annual,09/17/2025,,772.87,15.0%,active
SUB-000129,1010, Business ,ANNUAL,22 Jun 2025,"Apr 25, 2026",314.47, 10% ,PAUSED
SUB-000130,1460,Business ,Quarterly,2025-04-02,,USD 278.30,10 %,ACTIVE
SUB-000131,53,STARTER, Monthly ,21/01/2025,,$50,10.0%,Active
SUB-000132,485,Starter,MONTHLY,06/16/2025,30-10-2025,$51.78,0.0%, Expired 
SUB-000133,1297,PROFESSIONAL,Annual ,"Apr 04, 2025","Oct 06, 2025",165.72,10 %,Cancelled 
SUB-000134,1270, Enterprise, Quarterly,15 Mar 2025,,765.02, 5% , Active 
SUB-000135,847, Starter , Monthly ,08/03/2025,,54.11, 20% ,active
SUB-000136,143, Professional ,monthly,29/12/2025,,$142.85,0.0%,active
SUB-000137,1243,Starter,Annual,04-01-2025,,USD 52.39,20%,Active
SUB-000138,1065, Starter,QUARTERLY,2025-09-08,,$49,20.0%, Active
SUB-000139,828,PROFESSIONAL, Monthly,07-12-2025,,138.37, 5% , Active 
SUB-000140,744,Professional ,Quarterly,09/05/2025,,160.71 USD,5%,Active 
SUB-000141,1372, Business,Quarterly,"Dec 03, 2025",,285.38 USD,0 %,Active
SUB-000142,1322, Professional , Monthly ,23/08/2025,"May 06, 2026",USD 140.68,5.0%,Cancelled
SUB-000143,668, Starter , Monthly,23/10/2025,2026-03-11,USD 48.49,20 %,PAUSED
SUB-000144,1347,Business ,monthly,24/11/2025,,317.93 USD, 20% , Active 
SUB-000145,745,BUSINESS,Monthly ,10/23/2025,03/06/2026,286.59,, Expired
SUB-000146,1485,PROFESSIONAL,annual,2025-09-10,,$141, 15% ,ACTIVE
SUB-000147,520, Professional,Quarterly ,"Nov 09, 2025",11-03-2026,$134.47,0.0%,Cancelled 
SUB-000148,358, Professional,Monthly ,29-01-2025,,USD 151.67,20%,active
SUB-000149,1005,Business ,quarterly,12/03/2025,,301.14 USD,20%, Active 
SUB-000150,202,starter,quarterly,2025-07-23,2026-05-29,46.96,0 %,Cancelled 
SUB-000151,1405, Business,ANNUAL,15 Sep 2025,,273.11 USD, 20% , Active 
SUB-000152,1054,Professional,monthly,2025-11-23,,150.09, 0% ,active
SUB-000153,795,Professional,ANNUAL,21/10/2025,,163.46 USD,15%,Active
SUB-000154,306,PROFESSIONAL,monthly,28-10-2025,01/13/2026,USD 160.74,0.0%,Cancelled
SUB-000155,1254,Business,monthly,23 Oct 2025,,$333,15 %,Active
SUB-000156,1247, Enterprise ,monthly,2025-07-23,,721.01 USD,5.0%,Active
SUB-000157,1407,Enterprise,Quarterly,"Jul 29, 2025",,USD 912.14,5%,Active
SUB-000158,231,Professional , Monthly ,2025-03-08,07-06-2025,146.82 USD, 0% , Paused 
SUB-000159,1084,BUSINESS,Monthly ,12/04/2025,30-05-2025,343.13,,paused
SUB-000160,1099,Free,monthly,08/22/2025,14/06/2026,$0.00,10%,CANCELLED
SUB-000161,47,BUSINESS,Annual,"Jul 22, 2025",,USD 304.35, 5% ,active
SUB-000162,308,professional, Quarterly ,03/07/2025,,147.28,,Active
SUB-000163,1342,free, Monthly ,"Dec 08, 2025",,0.00,,Active
SUB-000164,469,ENTERPRISE,Monthly ,03/14/2025,,$887, 15% , Active
SUB-000165,629, Business ,monthly,2025-04-19,26/06/2025,324.89,10%, Expired
SUB-000166,253,PROFESSIONAL,Monthly,03/09/2025,,$171,15%, Active
SUB-000167,1473,Business, Monthly,09/08/2025,,314.96 USD,20.0%,ACTIVE
SUB-000168,1088, Professional , Monthly ,25 Jun 2025,,$151.36,5.0%, Active 
SUB-000169,1455,Business ,MONTHLY,08-05-2025,,275.83,0 %,ACTIVE
SUB-000170,867,Business , Quarterly ,11/15/2025,,343.59, 15% , Active
SUB-000171,354, Enterprise, Quarterly,2025-09-03,2026-02-08,$829.27,5%,Expired
SUB-000172,1054,starter,Monthly,14-01-2025,23-11-2025,52.68,15%, Expired
SUB-000173,332, Professional , Monthly ,10/06/2025,,149.25,0%,active
SUB-000174,1214,Free,annual,"Feb 25, 2025",2025-11-19,0.00,0 %,Paused
SUB-000175,505,FREE,ANNUAL,"Apr 28, 2025",,0.00,0 %,ACTIVE
SUB-000176,409,Business , Monthly,28/02/2025,04/07/2025,$282, 0% , Cancelled
SUB-000177,873,Business,Annual ,2025-05-10,,290.95,5.0%, Active 
SUB-000178,411, Professional,monthly,2025-08-14,04/02/2026,$140,15%,Paused 
SUB-000179,493,BUSINESS, Annual,01-09-2025,,328.32,0%,ACTIVE
SUB-000180,677,Professional , Monthly,04 Feb 2025,20-10-2025,$136.41, 0% ,Cancelled
SUB-000181,41,Business, Quarterly ,"Oct 27, 2025",,USD 275.20, 20% ,Active 
SUB-000182,7,Starter,ANNUAL,"Dec 29, 2025",,$48,5%,Active 
SUB-000183,610,Professional , Annual,12 Sep 2025,18/08/2026,USD 153.25,15%,paused
SUB-000184,949,Professional , Annual ,03/03/2025,2026-02-04,149.23,15 %,Expired
SUB-000185,305,STARTER,quarterly,26/01/2025,,44.65 USD, 20% , Active
SUB-000186,375,Starter ,Annual ,2025-09-21,"Mar 18, 2026",55.83,20%,Cancelled
SUB-000187,1458,business, Quarterly,2025-03-26,"May 08, 2025",340.33,5.0%,Expired
SUB-000188,183, Professional , Monthly ,12/05/2025,2026-11-22,$145,0%,cancelled
SUB-000189,757,Professional , Annual,20/10/2025,,$161.35,20%, Active
SUB-000190,46, Business ,Annual ,2025-09-15,,$312.35,10 %,ACTIVE
SUB-000191,623,Professional ,Monthly ,03 Mar 2025,,142.95 USD,10 %,Active 
SUB-000192,766,PROFESSIONAL,Monthly ,2025-10-04,,143.87,0 %,ACTIVE
SUB-000193,970,PROFESSIONAL,Monthly ,07-04-2025,,$152.40,0%,active
SUB-000194,1047,Business , Annual ,30-10-2025,,$300,, Active
SUB-000195,1488,Business,ANNUAL,2025-12-10,"Nov 30, 2026",290.87,15.0%, Paused 
SUB-000196,242, Starter,Monthly,25-10-2025,,$54,10.0%,active
SUB-000197,999, Starter , Annual,10/11/2025,,$50.00,10 %,Active 
SUB-000198,1349,Professional , Quarterly,04 Apr 2025,,USD 158.49, 0% ,Active 
SUB-000199,771,PROFESSIONAL, Monthly,"May 16, 2025",06/28/2025,141.15 USD,15%, Paused
SUB-000200,24,STARTER,Quarterly ,22/02/2025,,USD 50.64,5 %,ACTIVE
SUB-000201,1112,Professional , Monthly,"Sep 15, 2025",28 Feb 2026,$146,5.0%,Paused 
SUB-000202,85,Business , Monthly,"May 13, 2025",,$308,, Active
SUB-000203,46,Professional,Monthly ,15 Feb 2025,,163.19 USD, 5% , Active 
SUB-000204,1229,professional, Monthly,15 Apr 2025,11-09-2025,$162.74, 0% ,cancelled
SUB-000205,510, Free,QUARTERLY,14 Jun 2025,,$0.00,0.0%,ACTIVE
SUB-000206,571,Business, Quarterly,03/16/2025,,USD 321.00,20%,active
SUB-000207,1428, Starter, Monthly ,18-10-2025,,USD 55.63,0%,Active 
SUB-000208,260, Business ,Annual,"Oct 03, 2025",,$316,20%, Active
SUB-000209,946,BUSINESS, Monthly,"Feb 19, 2025",,$280.19,15.0%,ACTIVE
SUB-000210,1275,Starter , Quarterly,"Nov 17, 2025",,USD 52.43,10.0%, Active 
SUB-000211,1192, Professional,Annual ,10/09/2025,,USD 138.01,20%,ACTIVE
SUB-000212,697,Professional ,quarterly,04 Dec 2025,,$167,0.0%,Active
SUB-000213,1408,BUSINESS,Quarterly,2025-05-07,28-06-2025,$307.72,15 %, Cancelled 
SUB-000214,1492,free, Annual,10/03/2025,23/05/2026,0.00,,Cancelled
SUB-000215,1055, Professional,Quarterly,2025-07-10,,$136.22, 15% ,active
SUB-000216,612, Professional, Annual,09 May 2025,,148.28,10 %, Active
SUB-000217,1019,PROFESSIONAL,QUARTERLY,12-08-2025,,167.74,0 %, Active
SUB-000218,697,PROFESSIONAL,monthly,20/10/2025,,$135,10%, Active
SUB-000219,268, Starter ,quarterly,13-05-2025,08/17/2025,USD 49.91, 15% ,Cancelled
SUB-000220,223,Professional,Quarterly,06 Nov 2025,,USD 168.79,5 %,active
SUB-000221,383, Starter, Monthly,31 May 2025,,USD 48.94,15 %,ACTIVE
SUB-000222,822,Starter,Quarterly,10/11/2025,,49.35,0%,Active
SUB-000223,763, Enterprise , Annual,2025-05-09,,$834.67,20%,Active
SUB-000224,972,professional,Quarterly,04/09/2025,"Dec 08, 2025",$151, 20% , Cancelled
SUB-000225,28,ENTERPRISE,quarterly,17 Aug 2025,,752.78,15%,active
SUB-000226,1496,starter, Monthly ,28-01-2025,,44.33,10.0%, Active
SUB-000227,709, Professional,Annual ,07/17/2025,09 Sep 2025,156.82 USD, 20% ,EXPIRED
SUB-000228,1053,STARTER,MONTHLY,03/05/2025,12/17/2025,$55.38,5%, Cancelled 
SUB-000229,880,STARTER, Annual ,08/07/2025,,45.40 USD,15%,Active
SUB-000230,287,Enterprise , Monthly ,18 Aug 2025,,761.24,20%, Active
SUB-000231,898, Enterprise , Quarterly ,16 Apr 2025,,USD 793.05,10.0%, Active
SUB-000232,348,Free, Annual,10/03/2025,,USD 0.00,5%, Active 
SUB-000233,1112,FREE,MONTHLY,07 Nov 2025,28 Dec 2025,0.00 USD,5%, Cancelled
SUB-000234,1247,ENTERPRISE,Monthly ,16/06/2025,09/28/2025,895.29 USD, 20% ,Cancelled
SUB-000235,74, Business , Annual,21-11-2025,25-01-2026,$273, 20% ,Cancelled 
SUB-000236,138, Business ,QUARTERLY,03/30/2025,,339.44,10 %,Active
SUB-000237,1089,Starter ,annual,05-07-2025,08 Jun 2026,$51,15%,Cancelled
SUB-000238,1315,Professional,annual,"Dec 09, 2025",,158.64, 20% ,Active 
SUB-000239,791,Business ,Annual ,24/10/2025,,USD 296.58,,ACTIVE
SUB-000240,645, Professional, Annual ,10/03/2025,08/27/2025,163.23,0.0%,Expired
SUB-000241,184,business,ANNUAL,04/10/2025,12/03/2026,$282,15.0%,Cancelled 
SUB-000242,921,starter,Monthly,02 May 2025,,USD 44.70,0 %,Active
SUB-000243,803,Enterprise ,Monthly ,2025-10-18,,USD 798.10,5.0%,active
SUB-000244,299,Starter,Monthly,2025-01-08,,USD 54.56,5 %, Active
SUB-000245,889, Professional ,Monthly ,16 Jan 2025,,162.22,20 %,Active
SUB-000246,23,PROFESSIONAL,Quarterly,07 Apr 2025,,153.36 USD, 0% ,ACTIVE
SUB-000247,1331, Starter,MONTHLY,29-10-2025,,$51,0.0%,active
SUB-000248,645,Starter,annual,11 Jun 2025,2025-07-28,45.69,0 %,expired
SUB-000249,8, Professional,Quarterly,06/18/2025,2026-01-28,USD 165.42,20%, Paused
SUB-000250,887,Enterprise,Annual,19 Jul 2025,,876.30, 0% ,ACTIVE
SUB-000251,178,Business ,ANNUAL,2025-04-26,09-01-2026,$318, 0% ,Paused 
SUB-000252,962,free, Annual,08-01-2025,,$0,20.0%,ACTIVE
SUB-000253,1135,starter, Annual,"Oct 18, 2025",,55.91,15%,Active 
SUB-000254,480,Professional, Annual,"Oct 12, 2025",,USD 166.84,20 %,Active 
SUB-000255,149, Professional,Quarterly,"Oct 30, 2025",,158.11,10 %,Active
SUB-000256,1420, Professional ,MONTHLY,12-01-2025,19 Sep 2025,$148,5.0%, Paused
SUB-000257,31,starter,Monthly,11-10-2025,05/17/2026,51.67, 20% ,Expired
SUB-000258,944, Professional,QUARTERLY,28-12-2025,,$156,5.0%,Active
SUB-000259,198,Professional , Annual ,"Oct 10, 2025",,148.79,0.0%, Active
SUB-000260,546,Starter ,Monthly,05-11-2025,2026-08-24,USD 47.86, 10% , Paused 
SUB-000261,1498,PROFESSIONAL, Monthly,2025-02-23,08/22/2025,149.26,,Expired
SUB-000262,1184, Starter ,Quarterly,2025-09-12,21 Oct 2025,51.13,20.0%, Expired 
SUB-000263,701,PROFESSIONAL, Monthly,24/08/2025,,$150,5.0%,Active 
SUB-000264,1252, Starter,Annual ,24 May 2025,,$47,0.0%,active
SUB-000265,1411,Starter, Quarterly,"May 04, 2025",,53.42,15%, Active
SUB-000266,135,Free,Quarterly,"Oct 15, 2025",,0.00,0%,Active 
SUB-000267,365, Business,Monthly,03 Dec 2025,,$274.16, 5% ,active
SUB-000268,903, Free,Annual,11-03-2025,,$0, 0% , Active 
SUB-000269,31,Free ,QUARTERLY,"May 12, 2025",24 Feb 2026,0.00, 0% ,paused
SUB-000270,1323,Starter ,Annual ,25/09/2025,,53.35, 20% ,active
SUB-000271,1219,Starter , Quarterly ,"Mar 01, 2025",,48.06 USD,0 %,active
SUB-000272,637,BUSINESS,MONTHLY,2025-04-20,07/06/2025,339.23,0 %,paused
SUB-000273,1403, Starter,QUARTERLY,"Jun 01, 2025",,45.04 USD, 10% ,active
SUB-000274,862, Professional , Quarterly,20-05-2025,08/07/2025,$170,15.0%, Paused 
SUB-000275,515,business,ANNUAL,15/09/2025,,287.47, 10% , Active
SUB-000276,283,PROFESSIONAL, Quarterly ,2025-06-21,,134.44, 15% , Active
SUB-000277,1270,Starter ,monthly,06 Jul 2025,2025-11-18,$49,5%,Paused 
SUB-000278,683, Enterprise ,Quarterly,24 Feb 2025,,$791,10%,active
SUB-000279,205,Enterprise , Monthly ,2025-08-25,11/11/2025,826.78, 15% , Cancelled 
SUB-000280,912,Professional, Monthly,18 Dec 2025,"Dec 07, 2026",163.78,5.0%,CANCELLED
SUB-000281,549,Professional, Monthly ,16/12/2025,,165.48 USD,0 %,ACTIVE
SUB-000282,1159, Professional ,Monthly,2025-01-06,,149.05,15%,ACTIVE
SUB-000283,440, Business, Monthly ,"Jun 27, 2025",12/06/2025,$301.23,20 %,PAUSED
SUB-000284,90, Enterprise,Quarterly ,"Feb 21, 2025",2025-05-28,748.70, 5% , Cancelled 
SUB-000285,58,ENTERPRISE, Annual ,"Feb 03, 2025",,728.60 USD, 15% , Active 
SUB-000286,25,starter,Annual,02/03/2025,,51.95,10%,Active 
SUB-000287,1253, Professional ,Quarterly ,2025-02-02,,136.50 USD, 10% ,Active 
SUB-000288,1263,BUSINESS, Annual ,"Jul 03, 2025",,323.95,5.0%,Active
SUB-000289,741,Professional ,Monthly ,2025-01-31,,USD 154.18,15%, Active
SUB-000290,1170, Professional , Annual,31-01-2025,,141.50,15%, Active 
SUB-000291,495, Enterprise ,annual,"May 17, 2025",10/05/2025,826.87, 5% ,cancelled
SUB-000292,43,FREE,QUARTERLY,2025-08-23,,0.00 USD,5.0%, Active 
SUB-000293,713,BUSINESS,MONTHLY,10/09/2025,,301.90,15.0%,ACTIVE
SUB-000294,217, Professional ,Quarterly ,05 Apr 2025,,163.88 USD,5.0%,active
SUB-000295,631,Starter ,Monthly,05 Feb 2025,,49.76,0%,ACTIVE
SUB-000296,501,free,Annual,12/10/2025,2026-03-20,$0.00,20 %, Paused
SUB-000297,910, Starter,MONTHLY,"Nov 12, 2025","Jun 01, 2026",$53,10 %,PAUSED
SUB-000298,1159, Business,MONTHLY,29/03/2025,,283.06,20%,active
SUB-000299,493,PROFESSIONAL,MONTHLY,"Jan 05, 2025",26/09/2025,$161.61, 5% , Expired
SUB-000300,949,Business,Annual,11/02/2025,,304.93 USD,15.0%, Active 
SUB-000301,1128, Free ,Monthly ,09 Aug 2025,28 Oct 2025,0.00 USD,5%,CANCELLED
SUB-000302,1075,Business ,Annual,21-10-2025,2026-05-26,$332.74,0 %,paused
SUB-000303,1097,PROFESSIONAL,Annual ,09 Oct 2025,,160.50,20 %,active
SUB-000304,1442,PROFESSIONAL,quarterly,12-10-2025,,$135,0.0%,Active
SUB-000305,1122, Enterprise,annual,"Mar 21, 2025",,778.26, 20% ,ACTIVE
SUB-000306,110,professional,Annual,2025-03-12,,166.54 USD,15.0%,Active 
SUB-000307,604,Professional,ANNUAL,2025-04-28,,134.78, 5% , Active
SUB-000308,571,Professional, Annual,03/09/2025,"Jun 03, 2025",$154,20.0%, Paused 
SUB-000309,21, Professional ,annual,2025-11-18,01/05/2026,USD 161.21,5.0%,cancelled
SUB-000310,269, Starter ,Quarterly,12/09/2025,,51.72,5.0%,Active
SUB-000311,268, Professional,quarterly,2025-06-21,27 Nov 2025,$162.43, 15% , Expired 
SUB-000312,1219,Starter ,Quarterly,"Aug 22, 2025",,$53,15.0%,active
SUB-000313,146, Professional , Annual ,24 Mar 2025,2025-11-21,159.88, 0% , Paused
SUB-000314,1246,Free,Monthly,10/26/2025,16/03/2026,USD 0.00, 20% ,Cancelled
SUB-000315,1270,Professional, Monthly,19-03-2025,,$158.15,5%,ACTIVE
SUB-000316,832,Professional, Quarterly,02/08/2025,24 Apr 2026,149.09,15.0%,Expired
SUB-000317,1169,Professional ,QUARTERLY,07/05/2025,,151.68,10%, Active
SUB-000318,884, Professional ,monthly,"Dec 17, 2025",,160.80, 5% ,Active
SUB-000319,620,professional, Quarterly,27/03/2025,,166.74,5%,Active
SUB-000320,606, Enterprise ,Quarterly ,21 Apr 2025,11/12/2025,773.48,5.0%,Cancelled
SUB-000321,1391, Professional , Annual,"Nov 22, 2025",21 Sep 2026,$147,0%, Expired 
SUB-000322,1276, Enterprise ,Monthly,24 Nov 2025,,$905,10 %,ACTIVE
SUB-000323,452,starter,QUARTERLY,03 May 2025,2026-01-23,51.19,10.0%,expired
SUB-000324,503,Starter, Monthly ,01/18/2025,28 Mar 2025,$46,5 %, Expired
SUB-000325,58, Professional , Annual,17 May 2025,,$159, 15% , Active
SUB-000326,678,BUSINESS,quarterly,10/28/2025,18/10/2026,343.16, 10% ,Cancelled 
SUB-000327,968,Enterprise , Quarterly,2025-07-21,,883.58,20.0%,ACTIVE
SUB-000328,260, Free ,Quarterly,"May 27, 2025",,0.00, 20% ,Active 
SUB-000329,180,BUSINESS,Monthly ,24-07-2025,,284.65, 10% , Active
SUB-000330,373,starter,monthly,01/07/2025,,USD 54.83,10%,ACTIVE
SUB-000331,372,Professional ,Quarterly ,27/01/2025,25/01/2026,153.69 USD,10 %,Paused
SUB-000332,617,Business , Quarterly,20/04/2025,06 Jan 2026,335.57,0.0%,Cancelled
SUB-000333,1395, Enterprise,Monthly ,10/01/2025,,784.98 USD,0.0%,Active
SUB-000334,163,PROFESSIONAL,ANNUAL,17/08/2025,,136.41 USD, 20% , Active 
SUB-000335,573,BUSINESS,MONTHLY,10 Aug 2025,02 May 2026,USD 304.68,20 %,Expired
SUB-000336,231, Professional,ANNUAL,25 Mar 2025,19/01/2026,144.15 USD,0 %, Expired
SUB-000337,928,starter, Quarterly,2025-07-24,2025-11-27,52.86,15%, Cancelled 
SUB-000338,96, Enterprise,Annual ,2025-12-25,,$910.28, 5% ,ACTIVE
SUB-000339,1330, Professional, Monthly ,19/01/2025,,USD 159.84,5.0%,Active
SUB-000340,634, Starter,Quarterly,"Dec 06, 2025",03/07/2026,54.96 USD,5%,expired
SUB-000341,816,Professional,annual,2025-12-22,,150.98 USD,5 %,Active 
SUB-000342,709,Professional , Monthly ,23/09/2025,"Nov 05, 2025",USD 162.84,5 %,cancelled
SUB-000343,705,starter,quarterly,12/11/2025,,54.43 USD,5 %,active
SUB-000344,1433,PROFESSIONAL,ANNUAL,05-11-2025,,USD 160.58,0.0%,ACTIVE
SUB-000345,462,Starter, Quarterly,07-08-2025,,$50.32,10%,Active 
SUB-000346,941,Free ,monthly,19/07/2025,,0.00,0%,Active
SUB-000347,29,professional,Monthly ,22 Jul 2025,,$160,20.0%, Active 
SUB-000348,184,Enterprise ,QUARTERLY,08-12-2025,21-05-2026,769.65 USD, 15% , Cancelled
SUB-000349,538,starter, Monthly ,"Apr 21, 2025",2025-08-01,USD 54.02,5%,Paused 
SUB-000350,599,starter, Monthly ,27 Jun 2025,,USD 55.74,20.0%,active
SUB-000351,725,professional,QUARTERLY,04 Apr 2025,2025-10-23,151.43,20.0%, Expired 
SUB-000352,1479,Professional,MONTHLY,04-02-2025,03 Dec 2025,160.21, 0% ,Expired
SUB-000353,484,FREE,Annual,11 Jun 2025,,$0, 20% ,active
SUB-000354,28, Business ,Monthly,"Apr 23, 2025",12/14/2025,USD 318.60,5 %,cancelled
SUB-000355,1170,BUSINESS, Quarterly ,12/03/2025,,310.00,0%,ACTIVE
SUB-000356,653,Starter, Monthly,31 Mar 2025,11/04/2025,$54.90,0%,Paused 
SUB-000357,1379,Starter , Quarterly ,20-05-2025,,$50,0.0%,Active 
SUB-000358,658,Professional,quarterly,2025-07-03,04/03/2026,136.38 USD,,expired
SUB-000359,1366, Free , Annual ,2025-11-30,,0.00 USD, 5% ,Active
SUB-000360,414, Professional,Annual ,"Aug 09, 2025",02 Apr 2026,159.21,20 %,Paused
SUB-000361,1160, Enterprise, Quarterly,21/04/2025,,$888.74,15.0%,active
SUB-000362,897, Professional ,Annual ,"Jan 15, 2025",,$139,10 %, Active 
SUB-000363,1116,professional,Monthly,"Nov 23, 2025",2026-05-30,USD 135.25,20 %,PAUSED
SUB-000364,633,STARTER,annual,11/12/2025,2026-12-02,55.55 USD,20%,cancelled
SUB-000365,248,PROFESSIONAL,QUARTERLY,"Jan 13, 2025",24 Aug 2025,139.60, 15% , Cancelled
SUB-000366,15, Business, Monthly,03/13/2025,,329.62,20 %, Active
SUB-000367,822,Starter, Quarterly,31/10/2025,,54.18, 10% , Active
SUB-000368,1415,enterprise,QUARTERLY,06/19/2025,,USD 860.66,15.0%, Active
SUB-000369,408,Free ,annual,17-07-2025,22-03-2026,$0.00,20%, Paused 
SUB-000370,1159,professional,Monthly,19 Oct 2025,05/01/2026,$159,5 %, Cancelled 
SUB-000371,17, Starter, Quarterly,26 Feb 2025,,54.99 USD,5 %,ACTIVE
SUB-000372,481,Enterprise ,Quarterly ,"Nov 11, 2025",,804.10,20 %,ACTIVE
SUB-000373,577,PROFESSIONAL,QUARTERLY,07 May 2025,,149.50 USD, 10% , Active 
SUB-000374,528,Business ,Quarterly ,10/11/2025,,$302,20.0%, Active 
SUB-000375,530, Starter,QUARTERLY,2025-05-26,,$45,10.0%,active
SUB-000376,460, Free , Quarterly,14 Sep 2025,,0.00 USD, 20% ,Active
SUB-000377,511, Starter ,monthly,2025-10-20,,54.75,0%, Active
SUB-000378,670,STARTER,ANNUAL,28-06-2025,,$56,15.0%,active
SUB-000379,77,STARTER, Monthly,2025-06-04,,51.27 USD,15.0%,Active 
SUB-000380,112,business, Monthly ,02-07-2025,,325.25,0 %,ACTIVE
SUB-000381,1083, Business , Quarterly ,08-04-2025,,$284.25,10 %,Active
SUB-000382,1175,professional,MONTHLY,14 May 2025,11/12/2025,158.97,20 %,cancelled
SUB-000383,174,FREE,annual,09/10/2025,,0.00,5.0%, Active 
SUB-000384,278,free,MONTHLY,10-04-2025,,0.00 USD,10%,Active
SUB-000385,617,Starter ,Quarterly,2025-10-24,,$54, 15% , Active 
SUB-000386,1450,Business,annual,24 May 2025,,$339.25,20 %, Active
SUB-000387,586,FREE,Quarterly,07/04/2025,21/08/2025,$0, 10% ,Paused
SUB-000388,335,STARTER,annual,09-11-2025,06/27/2026,USD 54.74,15.0%,paused
SUB-000389,412,Starter,monthly,11/16/2025,23-02-2026,$45,0%,cancelled
SUB-000390,419, Business, Monthly,12-01-2025,,$332.34,10%, Active 
SUB-000391,877,business, Quarterly,"Jan 06, 2025",,$315, 15% ,ACTIVE
SUB-000392,511,business,Monthly,2025-03-30,,297.54 USD,10.0%, Active 
SUB-000393,1192,professional,QUARTERLY,07 Sep 2025,,136.21 USD,0%,active
SUB-000394,1107, Starter, Monthly ,25/10/2025,09/01/2026,USD 52.40,0.0%,EXPIRED
SUB-000395,107, Business ,Monthly ,13-08-2025,22 Jan 2026,$293.63,15 %, Expired 
SUB-000396,1303,Professional ,quarterly,05/14/2025,,$151.52,20 %,ACTIVE
SUB-000397,1311, Professional ,annual,08/14/2025,,$159,15%,active
SUB-000398,319, Starter,Monthly ,10/27/2025,11 Jun 2026,55.27,10.0%,cancelled
SUB-000399,995,starter,Monthly,20/08/2025,,$54.21,0%,Active
SUB-000400,245, Professional ,Annual ,22-01-2025,,USD 150.88,10%, Active 
SUB-000401,152, Professional ,monthly,"Sep 06, 2025",,148.54 USD, 0% ,Active
SUB-000402,1204,ENTERPRISE, Annual ,2025-05-09,10-04-2026,$767.00,5.0%,cancelled
SUB-000403,292, Enterprise,quarterly,11/05/2025,,$793.49, 20% ,ACTIVE
SUB-000404,307, Starter ,QUARTERLY,"Apr 01, 2025",,USD 45.46,10 %,active
SUB-000405,400,business,MONTHLY,12/21/2025,,341.69,5 %,Active
SUB-000406,625,PROFESSIONAL,Annual,09/13/2025,,155.48,20%,active
SUB-000407,22, Business ,ANNUAL,2025-12-16,,$279, 20% ,active
SUB-000408,1397, Professional, Quarterly ,16 Nov 2025,07/07/2026,147.24 USD, 5% , Cancelled
SUB-000409,478,starter,QUARTERLY,"Sep 12, 2025",,50.80 USD,5%, Active
SUB-000410,165,business,Quarterly,05 Oct 2025,,308.93,20.0%,active
SUB-000411,1214,Starter,monthly,"Jun 15, 2025",11/03/2025,44.53,15 %,paused
SUB-000412,893,Starter , Annual ,03/20/2025,,USD 55.75,5.0%,Active
SUB-000413,884,Professional, Quarterly ,06 Dec 2025,,$144, 20% ,Active
SUB-000414,399,STARTER,Monthly ,"Apr 25, 2025",16/06/2025,USD 44.30,0.0%,Cancelled
SUB-000415,1316,FREE, Monthly ,02/18/2025,"Apr 28, 2025",USD 0.00,5%, Paused 
SUB-000416,763, Professional,QUARTERLY,2025-10-06,,$155.71,15%,Active 
SUB-000417,670,starter, Annual ,2025-01-30,,$45.79,10 %,active
SUB-000418,1168,enterprise,QUARTERLY,"Aug 15, 2025",,727.43,, Active 
SUB-000419,823, Starter, Quarterly ,09/06/2025,10/05/2026,48.75,0.0%,Cancelled
SUB-000420,1251,starter,Quarterly,03/16/2025,,USD 51.73,5%,Active
SUB-000421,583,STARTER, Quarterly ,30-09-2025,,$45,0%,Active
SUB-000422,965,Business ,Quarterly ,"Mar 20, 2025",02/14/2026,$293,15%, Expired 
SUB-000423,330,professional, Monthly,26-02-2025,26-04-2025,$149.66,0.0%, Cancelled 
SUB-000424,5,free,Quarterly ,11-04-2025,30/10/2025,$0.00,,CANCELLED
SUB-000425,1294,free,Monthly ,19 May 2025,,$0.00, 20% ,Active 
SUB-000426,1412,Starter ,Quarterly,2025-11-12,,45.14,20 %,Active 
SUB-000427,1429,Professional ,quarterly,"Aug 12, 2025","Dec 10, 2025",135.83,5.0%,paused
SUB-000428,991, Professional ,Annual ,12-02-2025,,153.46 USD,0 %, Active
SUB-000429,215,Starter,annual,06/06/2025,06 Jul 2025,$47,0.0%,paused
SUB-000430,463,BUSINESS,monthly,20-02-2025,14 Jul 2025,$276,20%,Cancelled 
SUB-000431,977, Starter, Annual,2025-12-25,,error,, Active
SUB-000432,1289,Business ,Annual,27 Mar 2025,,337.51,20.0%,Active
SUB-000433,1273,Starter , Annual ,2025-08-16,05/08/2026,$53,0 %,Paused 
SUB-000434,1093,professional, Annual ,21 Dec 2025,,$164.48,15.0%, Active 
SUB-000435,801,Professional ,ANNUAL,"Jul 24, 2025",,$166.58,5.0%,ACTIVE
SUB-000436,918,STARTER,ANNUAL,17/09/2025,,$56, 5% , Active 
SUB-000437,892,Professional ,Monthly,16-08-2025,07/08/2026,USD 162.53,5 %,cancelled
SUB-000438,1265,Professional ,Annual ,05-06-2025,,156.76,15%,Active 
SUB-000439,8,PROFESSIONAL,Annual ,08/23/2025,,USD 147.71, 15% , Active
SUB-000440,565,Free, Annual,10-04-2025,11/10/2025,0.00,20 %,Expired 
SUB-000441,1291,Starter, Quarterly,10/25/2025,,$53,20%,ACTIVE
SUB-000442,594,Starter,ANNUAL,27/03/2025,2025-11-13,$56.29,20.0%, Cancelled
SUB-000443,286,Enterprise ,Monthly,2025-07-23,,$812,20.0%,ACTIVE
SUB-000444,1095,Business,Quarterly ,"Sep 24, 2025",,$323,5.0%, Active 
SUB-000445,85,Starter ,Quarterly ,08 Dec 2025,08-05-2026,50.16,20%,Expired 
SUB-000446,712,PROFESSIONAL,Monthly,2025-01-08,,$150.19,15.0%,Active
SUB-000447,1392,Starter ,QUARTERLY,14 Dec 2025,,49.13 USD,20%,ACTIVE
SUB-000448,794,Starter , Annual ,05/14/2025,23-01-2026,50.28,5%,Cancelled 
SUB-000449,983,enterprise, Monthly,01 Dec 2025,,$792.39,15%,Active
SUB-000450,1293,business,QUARTERLY,07/10/2025,09/02/2025,325.07,0.0%,Expired 
SUB-000451,1220, Enterprise,Quarterly ,05-09-2025,,893.74,10.0%,ACTIVE
SUB-000452,80,Professional ,Monthly ,01-03-2025,,166.99,10.0%,ACTIVE
SUB-000453,872,BUSINESS,monthly,03/04/2025,,USD 286.12, 0% , Active
SUB-000454,61,STARTER, Quarterly ,09/03/2025,07/07/2026,$55,10.0%,Paused 
SUB-000455,896,Starter, Monthly,2025-04-29,,48.28 USD, 10% ,ACTIVE
SUB-000456,1493,Starter, Monthly ,27/03/2025,24-05-2025,47.89 USD,20.0%,Cancelled
SUB-000457,140, Enterprise, Quarterly,02/05/2025,21-04-2026,864.27,5.0%,Paused 
SUB-000458,710,professional,annual,"Dec 12, 2025",,USD 145.45, 10% ,active
SUB-000459,1396,Business,Monthly ,12/31/2025,25-08-2026,273.06,, Expired
SUB-000460,137,FREE,Monthly ,2025-09-28,05/01/2026,0.00,0 %,EXPIRED
SUB-000461,552,PROFESSIONAL, Quarterly,"Nov 23, 2025",,USD 160.97, 5% ,Active
SUB-000462,945,starter,ANNUAL,06/03/2025,"Feb 23, 2026",48.11 USD,20%,CANCELLED
SUB-000463,474,Professional ,annual,16-01-2025,,$157.55,0%, Active 
SUB-000464,412,Starter,Annual ,24-09-2025,"May 30, 2026",$52,,Paused 
SUB-000465,140,Professional,MONTHLY,"Sep 03, 2025",,161.43,5.0%,ACTIVE
SUB-000466,1402, Free,MONTHLY,04 Mar 2025,,0.00 USD, 10% , Active 
SUB-000467,464,Professional,ANNUAL,26-01-2025,,USD 150.21,20 %,active
SUB-000468,600, Starter, Quarterly ,12-09-2025,,46.14 USD,15 %,Active 
SUB-000469,134,Enterprise ,Monthly ,04/18/2025,14-03-2026,USD 782.81,5 %,EXPIRED
SUB-000470,700, Free ,Annual,2025-10-22,,$0.00, 0% , Active
SUB-000471,467,Professional, Annual ,2025-04-30,"Aug 21, 2025",$161,10 %, Expired 
SUB-000472,1070, Starter ,Quarterly ,"Mar 29, 2025",09/16/2025,$44,15 %,Cancelled 
SUB-000473,760, Professional , Annual ,"Jul 09, 2025",01/23/2026,$146,15.0%,Expired 
SUB-000474,228, Business ,Monthly ,02-04-2025,,USD 327.39,15%,active
SUB-000475,613,Professional, Monthly,2025-11-24,,159.09, 15% ,ACTIVE
SUB-000476,674,Business , Quarterly,"Apr 16, 2025",,$323.80,5%,active
SUB-000477,1488, Starter,Monthly ,2025-04-18,,$54.04,10.0%,Active 
SUB-000478,1007,Business,Monthly,21 May 2025,"Apr 11, 2026",USD 327.65,10.0%,Paused
SUB-000479,912, Professional, Monthly,"Jul 09, 2025",,159.51 USD,20.0%,ACTIVE
SUB-000480,184, Professional , Annual,10 Jun 2025,2025-07-20,USD 150.48, 20% ,cancelled
SUB-000481,260,Professional ,Monthly,2025-03-04,,170.74 USD,5.0%,Active 
SUB-000482,972, Starter , Annual,2025-06-11,,$51,5%, Active 
SUB-000483,1088,STARTER,ANNUAL,2025-02-21,13/04/2025,46.58,0.0%, Expired 
SUB-000484,945,starter, Monthly,25-06-2025,05/04/2026,47.69,,paused
SUB-000485,1414,starter,ANNUAL,03/11/2025,,$53,5%, Active 
SUB-000486,15,PROFESSIONAL, Annual ,06/14/2025,29-08-2025,USD 168.55,15.0%,Paused
SUB-000487,1333,Starter ,quarterly,07/12/2025,,46.29,15%,Active
SUB-000488,778,Starter ,quarterly,14-12-2025,,45.11,5.0%, Active
SUB-000489,58, Business,Annual,11/01/2025,,334.99 USD, 15% ,active
SUB-000490,1068,Free,Quarterly,2025-05-12,,$0,15 %,ACTIVE
SUB-000491,1300,BUSINESS,Quarterly,10/02/2025,2026-05-29,$289.76,10.0%, Expired 
SUB-000492,1148,professional, Monthly,09-09-2025,21/02/2026,148.15,0.0%,Paused 
SUB-000493,210,Starter ,Quarterly ,13/12/2025,,$52, 0% ,active
SUB-000494,45,PROFESSIONAL, Annual ,23 Jan 2025,,$146,15%,Active 
SUB-000495,356,STARTER,ANNUAL,05/23/2025,2026-02-09,USD 54.85,20.0%,PAUSED
SUB-000496,1102,BUSINESS,quarterly,2025-03-11,28 Nov 2025,277.14,0%,Expired
SUB-000497,786,Business ,Quarterly ,"Jan 18, 2025",,$271.94,5 %,active
SUB-000498,1124,professional, Annual,07/03/2025,29-11-2025,141.87,5%,PAUSED
SUB-000499,194,STARTER,monthly,"Nov 06, 2025",,USD 47.60,0 %,Active
SUB-000500,382,Professional,QUARTERLY,2025-03-10,,USD 138.31,5.0%,active
SUB-000501,175,professional,Annual,12/01/2025,,136.55,15%,Active
SUB-000502,116,Business,Quarterly ,20/12/2025,,325.58 USD, 10% ,ACTIVE
SUB-000503,492, Business ,Annual ,02/08/2025,,$281.38,15.0%,active
SUB-000504,568, Professional,quarterly,15 Jan 2025,,168.14, 20% ,Active 
SUB-000505,834,STARTER,monthly,11/07/2025,,48.61,15%,ACTIVE
SUB-000506,1422,Professional ,Monthly ,2025-03-30,,$159.08,0.0%,ACTIVE
SUB-000507,784, Professional,Monthly,19/12/2025,,$142,0 %, Active
SUB-000508,1423,PROFESSIONAL,monthly,19-03-2025,16-02-2026,USD 143.05,0.0%,Cancelled
SUB-000509,1170,PROFESSIONAL, Quarterly,06-10-2025,,$156, 0% ,Active
SUB-000510,123,Free,Monthly,11-03-2025,,0.00 USD,20 %,Active
SUB-000511,389,Business,Monthly,02/12/2025,,$327,,Active 
SUB-000512,85,business,Quarterly,2025-02-08,05/21/2025,325.75, 15% , Cancelled 
SUB-000513,835,Business, Quarterly,2025-02-26,,319.23, 20% ,ACTIVE
SUB-000514,502,professional,MONTHLY,26/04/2025,2025-08-01,USD 150.83,10 %,Cancelled
SUB-000515,296,starter, Monthly ,28 Oct 2025,,USD 55.01,0%,Active 
SUB-000516,557,Starter,quarterly,31 Aug 2025,11/08/2026,51.73, 15% ,EXPIRED
SUB-000517,194,Starter ,MONTHLY,29 Aug 2025,,$56,15%, Active 
SUB-000518,275,STARTER,Quarterly,21-12-2025,,$54.14,20.0%,Active
SUB-000519,218,Professional,monthly,13-06-2025,"May 06, 2026",135.75, 20% , Paused 
SUB-000520,1243,Business , Quarterly ,11-05-2025,,293.06 USD,, Active
SUB-000521,777, Enterprise,MONTHLY,2025-09-14,,$833,10.0%, Active
SUB-000522,1347, Professional,MONTHLY,"Oct 17, 2025",,$161,0.0%,Active
SUB-000523,896,starter, Monthly,"Jul 26, 2025",,USD 50.84,20.0%,active
SUB-000524,668,ENTERPRISE, Quarterly,2025-10-04,,$876,15.0%,Active
SUB-000525,459,professional,annual,30 Jul 2025,,$144.63,15.0%,Active
SUB-000526,341,STARTER,ANNUAL,2025-09-09,16/10/2025,46.35 USD,,Cancelled
SUB-000527,43, Free , Annual ,12-07-2025,,0.00,10.0%,Active 
SUB-000528,228,Professional,Monthly,09/22/2025,,$155.46,20 %,Active
SUB-000529,48,professional,monthly,16 Jul 2025,,159.75,5.0%, Active
SUB-000530,1192, Professional,Annual,"Aug 24, 2025",15 Oct 2025,146.25, 20% ,Cancelled 
SUB-000531,169, Enterprise,annual,2025-08-06,,$841.66,10%,Active 
SUB-000532,1208,Professional, Annual ,23/04/2025,,136.04,0%,Active
SUB-000533,1072,BUSINESS, Quarterly ,02/17/2025,02/12/2026,$277,20.0%,Cancelled 
SUB-000534,633,Starter,MONTHLY,07/04/2025,,52.70,0.0%,ACTIVE
SUB-000535,846,Professional ,Quarterly ,06/14/2025,,147.81, 20% , Active
SUB-000536,885,professional,ANNUAL,28 Jan 2025,,USD 159.11,20%,active
SUB-000537,1447, Business ,monthly,"Dec 19, 2025",,331.27, 5% ,Active
SUB-000538,306,Enterprise ,Quarterly,14-03-2025,,889.41, 10% ,active
SUB-000539,958,starter,quarterly,11/23/2025,31-05-2026,$46.21,15%,PAUSED
SUB-000540,179,Starter,Monthly ,2025-10-14,01 May 2026,50.06,20%, Paused 
SUB-000541,362, Business , Quarterly,2025-06-27,,$323.96,10%, Active
SUB-000542,1233,Starter,Monthly,16/05/2025,,$54,0.0%,Active 
SUB-000543,294,professional,Monthly ,15 Feb 2025,27 Jun 2025,163.33,5%,CANCELLED
SUB-000544,184, Starter, Annual ,16-05-2025,20-06-2025,46.90,10.0%, Paused 
SUB-000545,530,starter,annual,24-01-2025,24-01-2026,46.46 USD, 10% , Paused
SUB-000546,52, Starter, Monthly ,20 Jun 2025,,USD 51.33,10.0%, Active 
SUB-000547,634, Professional,Monthly,13-05-2025,,161.71,20.0%,active
SUB-000548,651, Business ,annual,14-12-2025,,292.96,15%,Active 
SUB-000549,803,business,ANNUAL,2025-07-18,"Nov 03, 2025",276.93,15 %,Paused 
SUB-000550,906,Professional, Quarterly ,16/11/2025,,$161,15%, Active 
SUB-000551,426,PROFESSIONAL,Monthly ,"Jul 31, 2025",18-05-2026,145.26,0.0%,paused
SUB-000552,482, Starter , Quarterly,18 Apr 2025,,46.14,10.0%,Active
SUB-000553,309,free,ANNUAL,08/10/2025,"Mar 10, 2026",0.00 USD,20%, Expired
SUB-000554,1352, Professional , Quarterly ,"Nov 26, 2025",15-02-2026,145.83 USD,0%,Expired 
SUB-000555,301,professional,MONTHLY,09 Dec 2025,,$156, 10% ,Active 
SUB-000556,1030,Business , Annual,"Feb 03, 2025",,$295.89,10 %, Active
SUB-000557,532,business,Monthly,27/06/2025,08/18/2025,270.64,0.0%, Expired 
SUB-000558,572,Free, Annual ,06-04-2025,,$0.00, 0% ,Active 
SUB-000559,1082, Professional,Monthly,2025-09-12,,144.92 USD,20.0%,Active
SUB-000560,1432,Starter ,Annual ,2025-08-17,,$52.18,20%,ACTIVE
SUB-000561,67,enterprise,Monthly,02 Jun 2025,30-08-2025,USD 738.78,15%,Paused 
SUB-000562,956, Business , Annual,01/08/2025,,311.01,0%, Active 
SUB-000563,1040,Starter ,ANNUAL,11/28/2025,,$45.57,15%,Active
SUB-000564,422, Enterprise ,Quarterly,2025-04-25,,761.37,5.0%,Active 
SUB-000565,1083, Professional,Quarterly ,2025-09-25,03 Jan 2026,140.51 USD,15 %,Cancelled
SUB-000566,851, Starter,monthly,10/10/2025,20/09/2026,USD 44.92,0 %,CANCELLED
SUB-000567,986,professional,Monthly,02-10-2025,,159.11,10%,Active
SUB-000568,373,BUSINESS, Annual,"Jan 08, 2025",2025-08-13,$303.74,20.0%, Cancelled 
SUB-000569,527, Professional,quarterly,10/04/2025,2025-08-27,165.06,5%, Cancelled
SUB-000570,1234,PROFESSIONAL, Quarterly,10 Oct 2025,,137.78,15%, Active
SUB-000571,907,professional,Quarterly ,02/03/2025,,USD 139.49,0.0%,Active
SUB-000572,660,Free,Monthly,28-07-2025,2026-03-13,0.00 USD,5.0%,EXPIRED
SUB-000573,96,enterprise, Annual ,25 Sep 2025,18 Mar 2026,$872.08,5.0%,Cancelled 
SUB-000574,281,Starter,QUARTERLY,2025-09-15,,USD 47.85,0 %,Active 
SUB-000575,153,BUSINESS,Quarterly,28-04-2025,,299.63, 0% , Active 
SUB-000576,1127,enterprise, Annual ,"May 29, 2025",,779.35,5.0%,ACTIVE
SUB-000577,1127,FREE, Monthly,16-06-2025,,0.00,0.0%, Active
SUB-000578,1036, Business,annual,"Aug 06, 2025",02/15/2026,339.32,0%,expired
SUB-000579,1119,business,quarterly,"Sep 10, 2025",,310.10,0 %,Active 
SUB-000580,202, Starter ,Quarterly ,21-03-2025,,53.75 USD,, Active 
SUB-000581,786,FREE, Quarterly,30-05-2025,,0.00,10.0%,Active
SUB-000582,734,Free , Monthly,2025-01-14,,0.00,0 %,ACTIVE
SUB-000583,1336,professional,Annual,28-04-2025,,137.44, 0% ,active
SUB-000584,1086,FREE,Monthly ,08/15/2025,,USD 0.00,0 %, Active 
SUB-000585,371, Professional, Monthly ,"Oct 16, 2025",,139.89,10.0%, Active
SUB-000586,381,PROFESSIONAL,quarterly,2025-01-24,,149.54,15 %, Active 
SUB-000587,424,starter, Monthly ,"Dec 28, 2025",,51.81,10 %, Active
SUB-000588,1417, Starter, Annual ,"Mar 06, 2025",,53.68,20%, Active
SUB-000589,1376,Professional , Quarterly ,22/09/2025,11/05/2026,$159.62, 20% ,PAUSED
SUB-000590,482, Starter,quarterly,"Jan 14, 2025",28-04-2025,USD 52.33,20%,CANCELLED
SUB-000591,1221, Business , Quarterly ,12 May 2025,09/17/2025,280.24,10 %,Cancelled
SUB-000592,971,professional, Quarterly,2025-09-13,"Feb 20, 2026",USD 146.99,10%,cancelled
SUB-000593,1080, Starter ,monthly,02-09-2025,,USD 44.63,15.0%,active
SUB-000594,123,Business,Monthly,26-11-2025,,322.88,0 %, Active
SUB-000595,1243,STARTER,quarterly,"Feb 24, 2025",,$56, 0% ,Active
SUB-000596,592,Starter,ANNUAL,26/07/2025,,$47.34,5 %,Active 
SUB-000597,17, Starter , Monthly,"Apr 06, 2025",,$45,5%,Active
SUB-000598,546,Starter, Quarterly,"May 18, 2025",,$49.93,0%, Active
SUB-000599,952,business, Monthly,2025-04-21,12/11/2025,USD 333.14,,Expired
SUB-000600,597,professional,MONTHLY,04/05/2025,,154.66,15.0%,Active
SUB-000601,903,Starter ,Quarterly,"Aug 16, 2025",,44.67 USD,5%, Active 
SUB-000602,815,Business , Quarterly ,"May 14, 2025",,$342, 10% ,Active
SUB-000603,1432, Professional ,annual,06-11-2025,,164.97 USD,15%,active
SUB-000604,1173,STARTER,Quarterly ,24-04-2025,,$45.71,0.0%, Active
SUB-000605,1472, Professional,quarterly,"Nov 27, 2025",,USD 168.44,,ACTIVE
SUB-000606,421,Professional, Quarterly,16 Nov 2025,2026-06-25,$151,20 %,CANCELLED
SUB-000607,6,Professional,Quarterly ,2025-07-06,30 Oct 2025,USD 147.95,0%,Cancelled 
SUB-000608,352,professional,Monthly ,2025-04-06,10/06/2025,151.27,10%,Cancelled 
SUB-000609,462,starter,Monthly,28/06/2025,10/11/2025,54.32,5%,Paused
SUB-000610,316,Business,Annual ,19 Jun 2025,,318.40 USD, 0% ,ACTIVE
SUB-000611,673,Business ,Annual ,"Jan 18, 2025",,$274, 15% , Active 
SUB-000612,427, Professional,monthly,"Apr 09, 2025",12-09-2025,169.77 USD,10%,Expired 
SUB-000613,55,starter,ANNUAL,10/03/2025,2026-01-03,45.91 USD,5%, Paused
SUB-000614,683,Business ,quarterly,2025-06-10,2026-05-13,324.83 USD,20.0%, Paused
SUB-000615,823,STARTER,quarterly,2025-08-24,,$51.89,10 %,active
SUB-000616,1220, Business,QUARTERLY,"Nov 25, 2025",,$283.12,5.0%,active
SUB-000617,811,professional, Annual ,28-04-2025,,140.46 USD,10 %,ACTIVE
SUB-000618,970,STARTER, Annual,2025-09-18,,54.76 USD,15%,Active 
SUB-000619,872,starter, Monthly ,14 Jan 2025,,$49, 20% ,ACTIVE
SUB-000620,282, Starter ,monthly,03/27/2025,10/24/2025,$52.12, 0% ,Cancelled
SUB-000621,555,STARTER,monthly,21 Feb 2025,,$50.27,0 %, Active
SUB-000622,1211,PROFESSIONAL, Monthly ,14 May 2025,,161.19,5.0%,active
SUB-000623,192,Professional,Monthly ,29/12/2025,31 Oct 2026,$151.95, 10% ,Expired 
SUB-000624,990,professional,quarterly,10/09/2025,,144.80 USD,20 %,ACTIVE
SUB-000625,196, Professional ,Annual ,30 Jan 2025,,147.64,15 %,ACTIVE
SUB-000626,118, Business ,Quarterly ,"Nov 22, 2025",,333.32 USD,10.0%,ACTIVE
SUB-000627,1433,Professional, Quarterly ,"Mar 11, 2025",,151.53,5 %, Active
SUB-000628,257, Professional ,MONTHLY,05 Jul 2025,,142.05,5%,Active 
SUB-000629,803,Starter,Monthly,"Mar 30, 2025",,55.55 USD, 10% , Active 
SUB-000630,1360,enterprise,Quarterly ,28-03-2025,11/12/2025,$878, 10% ,cancelled
SUB-000631,1324,Free,MONTHLY,"Mar 25, 2025",,$0,10.0%,Active 
SUB-000632,24, Business , Annual,2025-12-26,22/04/2026,343.77,15 %,Cancelled
SUB-000633,538,enterprise,quarterly,2025-01-27,04-10-2025,857.91,10%,Paused
SUB-000634,1469,starter,monthly,01/26/2025,16/12/2025,$46,0.0%,cancelled
SUB-000635,329,starter, Quarterly,2025-02-17,,USD 47.01,20%, Active
SUB-000636,44,ENTERPRISE, Monthly,08/25/2025,,857.42,0%, Active 
SUB-000637,857,BUSINESS,monthly,31 Aug 2025,"Apr 18, 2026",USD 327.39, 5% ,Paused
SUB-000638,31, Professional,Monthly,26-08-2025,,143.00,10.0%,active
SUB-000639,1379,STARTER,MONTHLY,30 Jul 2025,,$47.25,20 %,ACTIVE
SUB-000640,282,ENTERPRISE,Annual,20 Feb 2025,,780.45 USD,10 %,active
SUB-000641,951,Professional, Quarterly,25 Sep 2025,,156.38 USD, 15% ,Active 
SUB-000642,599,STARTER,MONTHLY,2025-05-23,"Feb 19, 2026",$46,0 %,Expired
SUB-000643,178,business,QUARTERLY,14 Nov 2025,,276.89 USD,5%,active
SUB-000644,588,Professional, Quarterly,07/06/2025,,159.39 USD, 10% ,ACTIVE
SUB-000645,878, Business,Monthly ,2025-09-14,21/02/2026,327.34, 20% ,Expired 
SUB-000646,758,Business,QUARTERLY,12 Mar 2025,,306.54,20.0%,active
SUB-000647,1057,Professional,Annual ,05/17/2025,,147.65 USD, 0% , Active 
SUB-000648,641,professional,QUARTERLY,"Mar 31, 2025",,$150,10%,Active
SUB-000649,1192,Business,QUARTERLY,01-10-2025,,USD 298.13,15 %, Active 
SUB-000650,193,STARTER,quarterly,16-09-2025,2026-02-27,55.86,20 %,Paused
SUB-000651,1111, Business,annual,29 Jun 2025,26-02-2026,326.51 USD,10 %,Expired 
SUB-000652,138,Professional , Quarterly ,"Dec 22, 2025",,$142,10%,Active
SUB-000653,306,Professional,Annual ,03/27/2025,,148.41,0%, Active 
SUB-000654,931,PROFESSIONAL, Annual,17-07-2025,,$154.36, 5% ,Active
SUB-000655,467,business,quarterly,2025-05-17,03-03-2026,314.92,20 %, Paused 
SUB-000656,433,free,quarterly,30 Aug 2025,06/07/2026,0.00,0 %, Cancelled
SUB-000657,1177, Professional,Monthly ,11 Nov 2025,,$164,20 %,ACTIVE
SUB-000658,447, Professional, Quarterly,13/12/2025,,$163,0 %,active
SUB-000659,624,Professional , Monthly,23-12-2025,,$152.92, 20% , Active 
SUB-000660,661,business,Annual,23 Nov 2025,,332.97,5%,ACTIVE
SUB-000661,1327, Business , Quarterly ,25-12-2025,2026-08-17,325.24,20 %,cancelled
SUB-000662,383, Business,monthly,"Jul 25, 2025","Aug 31, 2025",327.30 USD,20%, Cancelled 
SUB-000663,1161, Business, Monthly ,09/09/2025,,340.59 USD,5.0%, Active
SUB-000664,186,Professional ,MONTHLY,01/10/2025,,144.03, 10% ,active
SUB-000665,62,Starter, Annual ,30/10/2025,,47.38, 5% , Active 
SUB-000666,1311,Professional , Monthly,27-02-2025,,$167.21,20 %,Active 
SUB-000667,368,FREE,QUARTERLY,"Oct 03, 2025",,$0,0.0%,ACTIVE
SUB-000668,476, Professional ,annual,23 May 2025,19 Jul 2025,USD 168.61,5%, Cancelled
SUB-000669,1485, Professional, Quarterly ,30-08-2025,,USD 136.45, 0% , Active 
SUB-000670,455,Professional, Quarterly,27 Nov 2025,,157.48,0.0%, Active 
SUB-000671,1047, Free,Monthly,"Apr 13, 2025",10/07/2025,0.00, 0% ,Paused
SUB-000672,914,Business,Monthly ,16 Jan 2025,,$306.77,20 %,active
SUB-000673,824, Starter ,MONTHLY,11/04/2025,"Mar 03, 2026",46.01,20%, Paused 
SUB-000674,40,professional, Annual ,17 Sep 2025,02-08-2026,USD 138.87, 10% ,Cancelled
SUB-000675,155, Professional,Monthly,05/08/2025,08-07-2026,134.55,0 %,paused
SUB-000676,32,Professional, Annual,2025-03-10,22 Feb 2026,157.58 USD,5 %,expired
SUB-000677,1378,Enterprise , Quarterly,24 May 2025,,USD 790.81,10.0%, Active 
SUB-000678,519,Starter,annual,2025-12-15,17 Jan 2026,USD 45.39, 15% , Expired 
SUB-000679,1348,Starter ,Monthly,"Dec 03, 2025",2026-07-29,48.05 USD,5.0%, Expired
SUB-000680,746, Starter, Monthly ,2025-10-10,28/06/2026,$46,20 %, Paused 
SUB-000681,920, Free ,QUARTERLY,2025-05-05,,0.00, 5% ,active
SUB-000682,1431,BUSINESS,QUARTERLY,14 Sep 2025,2026-05-27,293.02 USD,20 %, Cancelled 
SUB-000683,558, Business ,Annual ,07-10-2025,,294.06,10.0%,Active 
SUB-000684,757,starter,annual,24-07-2025,,$54.39,5 %, Active
SUB-000685,950,Professional,annual,09/28/2025,,$158, 20% ,Active 
SUB-000686,993,ENTERPRISE,annual,"Mar 31, 2025",,$861,0 %,active
SUB-000687,340, Enterprise, Annual,2025-11-14,,846.14,15 %,active
SUB-000688,388,Business , Quarterly ,"Nov 09, 2025",26 Feb 2026,$340,20.0%,paused
SUB-000689,657,Business , Annual,02 Sep 2025,13-07-2026,284.57,15.0%,EXPIRED
SUB-000690,889,Free,Monthly ,05/07/2025,,$0,5.0%,Active
SUB-000691,671,starter,annual,08-04-2025,2025-06-20,$54.28,20%,Paused
SUB-000692,594,Starter , Annual ,04 Dec 2025,2026-03-19,51.31,15.0%,Cancelled
SUB-000693,583,Business,annual,"Feb 06, 2025",,$319,0 %,ACTIVE
SUB-000694,312,Enterprise ,Annual ,29-08-2025,,USD 848.70, 20% , Active 
SUB-000695,786,Starter,ANNUAL,"Dec 08, 2025",07 Jun 2026,USD 44.82,,Paused
SUB-000696,1063, Starter, Quarterly,"Apr 29, 2025",,$46.77, 15% ,Active 
SUB-000697,1271,PROFESSIONAL, Annual,"Oct 07, 2025",04/10/2026,$169.91,0%, Paused
SUB-000698,1350, Professional,Annual,"Jan 02, 2025",,154.01, 15% , Active
SUB-000699,314,BUSINESS,annual,11/25/2025,28-12-2025,297.38,10%, Paused 
SUB-000700,335,STARTER, Monthly,2025-12-03,,$53.43,20%, Active
SUB-000701,1004,Professional,annual,28-03-2025,,$153.64,10.0%,Active
SUB-000702,301,Professional ,annual,"Oct 26, 2025",,134.59,0.0%,active
SUB-000703,942, Free,QUARTERLY,"Apr 05, 2025","Sep 22, 2025",$0.00, 10% , Expired
SUB-000704,884,free,ANNUAL,2025-10-01,,$0.00,5 %, Active
SUB-000705,659,FREE,Annual,06-02-2025,18 Dec 2025,0.00 USD,0.0%,Cancelled 
SUB-000706,1215,Starter,Quarterly ,2025-06-30,,$56, 10% ,Active 
SUB-000707,3, Starter,ANNUAL,02/10/2025,23 Aug 2025,$47,0 %, Cancelled 
SUB-000708,750, Starter, Annual,2025-03-01,2026-02-25,49.71,0%,Paused 
SUB-000709,504,Business,Monthly ,06/09/2025,,$277.68,10.0%,Active 
SUB-000710,1458,Professional , Monthly,11-02-2025,28/06/2025,USD 156.57,0%,expired
SUB-000711,1053, Professional , Annual ,11 Oct 2025,,$148.09,10 %,Active 
SUB-000712,1107,Free, Quarterly,06/14/2025,,USD 0.00,10 %, Active 
SUB-000713,1230,starter,monthly,2025-05-02,,54.23 USD,15 %,ACTIVE
SUB-000714,540,Business,Annual ,17 Sep 2025,"Jun 23, 2026",$270,15 %,Paused
SUB-000715,1222,Starter,Annual ,02 Mar 2025,,USD 53.87, 20% ,active
SUB-000716,162,Free,ANNUAL,"Mar 16, 2025",06/05/2025,$0, 15% ,Expired 
SUB-000717,97,Starter,Quarterly ,04 May 2025,,56.18,0%,ACTIVE
SUB-000718,932,business,Annual ,23-03-2025,,USD 313.16,10%, Active
SUB-000719,978, Enterprise , Quarterly ,2025-12-31,,$730,15.0%, Active 
SUB-000720,403,Free ,Monthly ,05/29/2025,,USD 0.00,0.0%,Active 
SUB-000721,558,professional,quarterly,07/18/2025,13 Mar 2026,$167,5 %,Paused
SUB-000722,745,STARTER,Monthly,12/03/2025,01/09/2026,54.40,0 %,Cancelled
SUB-000723,443, Enterprise,annual,2025-07-25,,788.19,0 %,active
SUB-000724,889, Business ,Quarterly,23 Jan 2025,,USD 315.30,20 %,ACTIVE
SUB-000725,17,Professional ,Annual,"Mar 03, 2025",,$152.34,,Active
SUB-000726,486,PROFESSIONAL,MONTHLY,06/07/2025,,USD 170.13,20.0%, Active
SUB-000727,760,Professional , Annual ,02/11/2025,,169.49,0%,Active
SUB-000728,1277,BUSINESS, Quarterly,01/23/2025,,USD 342.64, 15% ,ACTIVE
SUB-000729,560, Enterprise ,Annual ,"Mar 12, 2025",,892.17, 10% ,ACTIVE
SUB-000730,462,Professional, Monthly ,"Oct 13, 2025",,$168,20 %,ACTIVE
SUB-000731,1289, Professional, Monthly,26/05/2025,11/12/2025,$142, 10% ,expired
SUB-000732,253, Professional,Quarterly,27/01/2025,,165.06,15%, Active
SUB-000733,286, Starter, Quarterly ,16/01/2025,,52.78,10 %,Active
SUB-000734,269,Starter,MONTHLY,07/07/2025,,USD 55.89,0%,Active
SUB-000735,904,Starter,ANNUAL,22-11-2025,2026-09-02,51.10,15 %,Paused 
SUB-000736,127,professional,Monthly ,05/11/2025,,137.27,5 %,Active 
SUB-000737,544,Free, Quarterly ,05/16/2025,02 Oct 2025,0.00,10%,CANCELLED
SUB-000738,1481,Professional ,Annual ,10-02-2025,01-02-2026,USD 159.68,, Cancelled 
SUB-000739,829,Professional ,quarterly,19/06/2025,,142.31,0 %,ACTIVE
SUB-000740,1285,PROFESSIONAL, Quarterly ,22-07-2025,,$148.78,0.0%,active
SUB-000741,1422,Professional, Quarterly ,2025-02-15,,$156,,active
SUB-000742,53,professional, Quarterly ,08 Sep 2025,,$148,5 %,active
SUB-000743,1398,starter,Annual ,27/07/2025,,48.69,0.0%,active
SUB-000744,809, Enterprise ,quarterly,07/12/2025,,745.68 USD,20 %, Active
SUB-000745,485,PROFESSIONAL, Annual ,23/03/2025,,$169.14,20.0%,active
SUB-000746,1405,Starter, Annual,"Feb 18, 2025",,53.29 USD,,active
SUB-000747,1058,Starter ,Monthly ,"Apr 19, 2025",24/06/2025,$44,15%, Paused 
SUB-000748,990, Starter ,QUARTERLY,13/02/2025,,53.48,10%, Active
SUB-000749,663,Professional ,annual,2025-11-08,,$161.66,5%, Active 
SUB-000750,806, Business , Monthly ,20/04/2025,27/12/2025,269.83,5 %, Cancelled
SUB-000751,957, Starter, Monthly,08/01/2025,17 Sep 2025,48.63,20%, Expired
SUB-000752,8,STARTER,Quarterly ,01/27/2025,,51.53 USD, 0% ,active
SUB-000753,1291, Starter ,Annual,20/01/2025,,49.65, 10% ,Active
SUB-000754,1384,professional, Quarterly,31-08-2025,16-06-2026,163.08 USD, 10% ,Cancelled 
SUB-000755,5,business, Quarterly ,23-03-2025,,300.90 USD, 0% , Active 
SUB-000756,827, Business,QUARTERLY,07/30/2025,"Jun 18, 2026",280.60,10.0%,Cancelled
SUB-000757,1071,Enterprise , Annual ,12/24/2025,"Nov 13, 2026",$914.14, 15% ,Cancelled 
SUB-000758,1447,Professional,MONTHLY,"Oct 29, 2025",07 May 2026,USD 143.12,10.0%,cancelled
SUB-000759,854, Business ,quarterly,"Jun 01, 2025",,322.75,5 %,Active
SUB-000760,268, Starter ,Annual,08 Oct 2025,,$45.85, 20% ,Active 
SUB-000761,591, Professional ,Quarterly,27/04/2025,,USD 146.36,0 %, Active
SUB-000762,1432, Enterprise ,MONTHLY,12-03-2025,01/07/2026,807.40 USD,20.0%,PAUSED
SUB-000763,815,Business ,Annual ,16/09/2025,05/07/2026,283.47 USD,,Cancelled 
SUB-000764,1317,PROFESSIONAL,Quarterly,30-01-2025,,$151,20%, Active
SUB-000765,1429, Free ,ANNUAL,13-04-2025,03/03/2026,0.00, 10% , Cancelled
SUB-000766,51,Business ,QUARTERLY,"Sep 21, 2025",,310.89,15.0%, Active 
SUB-000767,1110,starter, Monthly,2025-11-14,2026-03-02,$52,15%,Expired 
SUB-000768,289, Professional,QUARTERLY,07/25/2025,,136.43,0 %, Active 
SUB-000769,1038, Professional,QUARTERLY,06/19/2025,,166.55,20 %,ACTIVE
SUB-000770,205,Enterprise,Monthly,2025-05-11,,756.08,,ACTIVE
SUB-000771,1068,BUSINESS,Quarterly,29-09-2025,27-11-2025,285.95, 10% ,EXPIRED
SUB-000772,219,Starter ,Quarterly ,04-06-2025,,52.20,20%,active
SUB-000773,414,starter,QUARTERLY,01-10-2025,2026-07-20,USD 49.84,0%, Paused
SUB-000774,41,ENTERPRISE,QUARTERLY,10/04/2025,,818.85 USD,20 %,Active
SUB-000775,356, Free ,Annual ,20/06/2025,2026-05-29,$0, 20% , Cancelled 
SUB-000776,142, Starter ,Annual,"Oct 24, 2025",,53.97,15 %,Active 
SUB-000777,998,Starter,quarterly,06/22/2025,06-12-2025,$52, 20% ,Paused 
SUB-000778,27, Starter , Monthly,08/26/2025,,$46,15%,Active 
SUB-000779,660,PROFESSIONAL,Annual ,25 Apr 2025,,$148,0%,active
SUB-000780,1348,enterprise, Monthly ,2025-03-28,12/09/2025,$880.98, 10% ,Cancelled 
SUB-000781,1230,Enterprise, Monthly,20/06/2025,,832.63,20.0%,Active
SUB-000782,466,Free , Annual,14-08-2025,02/06/2026,$0, 15% ,Cancelled
SUB-000783,1345,starter,Annual,"Aug 06, 2025","Nov 25, 2025",USD 48.67,20.0%,Cancelled 
SUB-000784,656,Business , Annual,22/07/2025,14/10/2025,USD 287.24,10.0%,cancelled
SUB-000785,880,FREE,annual,04-07-2025,17-06-2026,0.00, 15% ,Cancelled 
SUB-000786,430,free,Quarterly ,09/04/2025,01 Dec 2025,USD 0.00,15%,CANCELLED
SUB-000787,189,enterprise,ANNUAL,16/02/2025,,806.24, 20% ,ACTIVE
SUB-000788,1154, Starter,annual,08/10/2025,,49.41 USD,0 %, Active 
SUB-000789,296,Starter ,Quarterly,02/03/2025,,55.19 USD,20.0%, Active
SUB-000790,1392,BUSINESS, Monthly ,"Jan 19, 2025",29 Jul 2025,USD 312.17,15 %,Cancelled
SUB-000791,1375, Business ,QUARTERLY,2025-08-27,10 Mar 2026,311.42,20 %, Paused
SUB-000792,643,Starter ,Annual ,26 Sep 2025,,$47.31,20 %, Active 
SUB-000793,431, Professional,Monthly ,2025-06-30,,$157, 10% ,ACTIVE
SUB-000794,1045,Enterprise ,annual,"Nov 18, 2025",,834.14,, Active
SUB-000795,421,professional,monthly,"Jan 09, 2025",20-03-2025,USD 148.88,15%,cancelled
SUB-000796,235, Enterprise ,Annual,"Nov 05, 2025",,$917,10%,active
SUB-000797,1162,Professional ,annual,2025-09-25,,USD 166.95,0 %,Active
SUB-000798,823,Professional ,annual,19/01/2025,08-10-2025,162.02 USD,0.0%, Expired
SUB-000799,1134, Professional , Monthly,25 Apr 2025,,154.12,20 %,Active
SUB-000800,497,Business ,Monthly ,04-08-2025,,$304,15.0%,active
SUB-000801,693, Professional ,Quarterly,07/01/2025,06 Jun 2025,140.99 USD,15%,EXPIRED
SUB-000802,675, Starter ,Monthly,12/15/2025,27/08/2026,USD 47.85,10%,Expired 
SUB-000803,980,PROFESSIONAL,Annual,04/24/2025,,162.93,10.0%,Active
SUB-000804,157,starter, Quarterly ,09/05/2025,2025-12-22,49.66 USD,0 %,Paused 
SUB-000805,910,Starter, Annual ,2025-07-21,"Jun 24, 2026",USD 54.91,20 %, Expired
SUB-000806,1266, Professional ,MONTHLY,03/14/2025,,139.61, 10% ,ACTIVE
SUB-000807,844, Enterprise, Annual ,31-05-2025,,820.64,5%,Active
SUB-000808,885, Starter,Monthly ,10 Nov 2025,,52.03 USD,5%,ACTIVE
SUB-000809,1193, Enterprise , Quarterly ,20/08/2025,23 Jul 2026,822.34,5.0%,Cancelled
SUB-000810,1043,Professional,ANNUAL,"Apr 17, 2025",03/02/2026,USD 167.22, 5% , Cancelled 
SUB-000811,336, Enterprise, Monthly ,04/27/2025,,$916.77, 0% , Active 
SUB-000812,521,professional,ANNUAL,08/10/2025,05-05-2026,138.41, 0% , Cancelled
SUB-000813,362,BUSINESS, Quarterly ,2025-11-20,,USD 278.81,20 %,ACTIVE
SUB-000814,1249,starter,monthly,2025-08-15,,$46,0%, Active
SUB-000815,1157,PROFESSIONAL,ANNUAL,27 May 2025,20-10-2025,159.47,0%, Expired 
SUB-000816,1210,Starter, Annual ,15/04/2025,"Oct 09, 2025",USD 48.67,15.0%,Cancelled 
SUB-000817,830, Starter, Annual ,05/04/2025,19 Aug 2025,$53.08,0 %, Paused 
SUB-000818,384,Starter,Monthly ,01 Aug 2025,,49.07,15 %, Active
SUB-000819,892,ENTERPRISE,monthly,2025-03-13,13/08/2025,844.46 USD,15.0%, Paused 
SUB-000820,1432,Enterprise,quarterly,11 Nov 2025,,872.88,0 %,Active 
SUB-000821,453,Business, Quarterly,03-07-2025,,$310,0%,ACTIVE
SUB-000822,307,Professional,Quarterly ,26/07/2025,,154.20 USD,10.0%,ACTIVE
SUB-000823,129,professional, Quarterly,2025-07-04,,$137.39,10 %,active
SUB-000824,1003,BUSINESS, Quarterly ,22 Apr 2025,,299.81, 20% ,ACTIVE
SUB-000825,1194, Business,ANNUAL,2025-04-04,,309.90,15%,Active
SUB-000826,444, Enterprise ,ANNUAL,06/15/2025,,$811.38,5.0%,ACTIVE
SUB-000827,591,enterprise,Quarterly ,"Oct 09, 2025",,899.03 USD,5%,ACTIVE
SUB-000828,961,BUSINESS, Monthly,03 Feb 2025,,USD 336.86,10%,ACTIVE
SUB-000829,1407,Professional,ANNUAL,12 Apr 2025,,$165,0 %,Active 
SUB-000830,1059,PROFESSIONAL,Quarterly,"Apr 20, 2025",,148.08, 0% ,active
SUB-000831,903,Professional, Quarterly ,"Aug 06, 2025",,160.82,5%,Active
SUB-000832,205,business,Annual ,2025-09-03,03/11/2026,$298.65,0%,PAUSED
SUB-000833,469,Professional, Annual,"Jul 31, 2025",,$142.76,0 %,Active
SUB-000834,93,PROFESSIONAL,quarterly,11/20/2025,,146.87,15%, Active
SUB-000835,1316,professional, Monthly ,2025-03-15,07/24/2025,136.74,20.0%, Expired 
SUB-000836,402,free,Monthly ,28-01-2025,,0.00, 0% , Active 
SUB-000837,39,Professional,MONTHLY,28/03/2025,,$151.26,0 %, Active
SUB-000838,984,Free ,quarterly,2025-02-08,,$0.00,20 %, Active
SUB-000839,512,starter,ANNUAL,2025-09-23,,$47.94, 5% ,active
SUB-000840,1203,starter, Annual ,2025-04-01,,$55.16,15%,Active
SUB-000841,234,Business ,Quarterly,01/10/2025,,286.21 USD,5.0%,ACTIVE
SUB-000842,372,PROFESSIONAL,MONTHLY,20-04-2025,,USD 141.21, 20% ,ACTIVE
SUB-000843,259,Starter , Monthly,14-09-2025,,$50.46,10.0%,ACTIVE
SUB-000844,1196, Professional ,Quarterly ,04/09/2025,,159.15 USD,0 %, Active
SUB-000845,1304,Professional , Annual ,05 May 2025,,135.75,20.0%,Active 
SUB-000846,967, Business ,quarterly,27-07-2025,13-02-2026,285.62, 0% ,Expired 
SUB-000847,136, Starter ,Quarterly ,2025-03-22,,$50,5 %, Active
SUB-000848,615,Starter , Quarterly ,07/09/2025,,48.15 USD, 15% , Active
SUB-000849,555,enterprise,Quarterly ,"Aug 11, 2025",02 Mar 2026,USD 861.45,5 %,cancelled
SUB-000850,1299,BUSINESS,annual,10 Oct 2025,26-01-2026,307.31,5.0%,EXPIRED
SUB-000851,212,starter, Monthly ,22 Mar 2025,,$46,15.0%,ACTIVE
SUB-000852,556,Starter , Annual ,27-05-2025,,55.06 USD,10%, Active
SUB-000853,208,Professional , Annual ,17/03/2025,,$145,15%, Active
SUB-000854,197, Professional,Monthly ,11 Dec 2025,02/03/2026,USD 161.33,0 %,Paused
SUB-000855,60,Starter, Quarterly,17 Apr 2025,,53.65 USD,15%,Active
SUB-000856,561,professional, Quarterly,04 Sep 2025,07/15/2026,$170,0.0%,Paused
SUB-000857,270, Enterprise, Quarterly,23/07/2025,01/21/2026,USD 818.68, 20% ,cancelled
SUB-000858,1185,ENTERPRISE, Annual,26/03/2025,,842.11 USD,10%, Active
SUB-000859,285,Business,annual,29-10-2025,,$294, 10% ,Active 
SUB-000860,1362, Free , Annual,26 Feb 2025,,0.00,15 %,Active
SUB-000861,1271,professional,annual,01/14/2025,,151.36 USD,20%,Active
SUB-000862,215,Enterprise,Monthly,28-03-2025,,USD 806.52,20.0%,Active 
SUB-000863,1233,starter,annual,01/18/2025,05/27/2025,54.58 USD,0 %, Cancelled 
SUB-000864,859,Business,ANNUAL,2025-04-16,"Feb 13, 2026",$273, 10% ,Paused
SUB-000865,1492,Free,Monthly,08/11/2025,,$0,5%,Active
SUB-000866,821,Free,Quarterly,10/24/2025,04 Jan 2026,0.00 USD,20%,cancelled
SUB-000867,1085,Professional, Quarterly ,2025-08-02,"Jun 06, 2026",$153,15%,paused
SUB-000868,598,STARTER,Monthly ,05/13/2025,,50.10 USD,10%,active
SUB-000869,654, Starter,Quarterly ,2025-02-01,21/04/2025,$49,20 %,Cancelled
SUB-000870,164,Starter,quarterly,20/02/2025,30 Nov 2025,$56.28, 0% ,Expired
SUB-000871,278,Starter , Quarterly ,2025-12-09,10/01/2026,$45.46,5%,expired
SUB-000872,1093, Professional ,Annual,"Jun 03, 2025",,156.09 USD,15 %, Active
SUB-000873,1045,Professional,quarterly,"May 31, 2025",2026-05-05,$159.49,5 %,EXPIRED
SUB-000874,1259,ENTERPRISE,annual,14/07/2025,,USD 905.73,20.0%,Active
SUB-000875,714,starter,MONTHLY,2025-02-08,28-08-2025,$54,0 %, Cancelled 
SUB-000876,380,PROFESSIONAL,quarterly,10/08/2025,,158.08 USD,10 %, Active 
SUB-000877,639, Business, Monthly ,2025-03-13,,USD 277.83,10 %,Active 
SUB-000878,1112, Professional, Annual,"May 22, 2025",,148.02,10.0%,Active
SUB-000879,63, Professional,ANNUAL,18 Nov 2025,27-07-2026,139.27 USD, 10% ,CANCELLED
SUB-000880,1034, Starter,monthly,05-04-2025,,54.89,0.0%, Active 
SUB-000881,741, Professional,Monthly,13 May 2025,,$162.02,0%,ACTIVE
SUB-000882,1340,Enterprise , Monthly ,24-04-2025,,870.42 USD, 15% ,Active
SUB-000883,1435, Professional,Monthly ,"Jan 03, 2025",,$158.40, 15% ,Active
SUB-000884,996,starter,Monthly ,04 Jan 2025,,$50.31,5%,ACTIVE
SUB-000885,1351,starter,Monthly ,15/03/2025,,45.94,5%,Active 
SUB-000886,569,Professional ,Monthly ,09/27/2025,,$146.38,20%,ACTIVE
SUB-000887,189,free,ANNUAL,2025-05-18,,USD 0.00,0%,active
SUB-000888,711,professional,quarterly,10 Apr 2025,,$161,15.0%,Active
SUB-000889,895,Starter ,Annual,"Dec 25, 2025",01-10-2026,$46,,Paused
SUB-000890,262,Enterprise,Monthly ,02/07/2025,,USD 859.35, 10% ,active
SUB-000891,618, Free ,QUARTERLY,03/06/2025,23-05-2025,$0,20 %, Cancelled
SUB-000892,590,Business, Annual ,"Mar 07, 2025",,USD 303.43,5.0%,Active
SUB-000893,790, Starter ,Quarterly,12 Sep 2025,05/09/2026,45.76,20%, Paused 
SUB-000894,299,free, Annual ,14-11-2025,"Apr 21, 2026",$0,15%,CANCELLED
SUB-000895,680,PROFESSIONAL, Quarterly ,2025-09-10,"Jul 29, 2026",146.02,20.0%,Cancelled 
SUB-000896,2, Business ,ANNUAL,08/09/2025,,321.45 USD,0 %,Active
SUB-000897,773,free,monthly,18-07-2025,,0.00, 15% , Active
SUB-000898,89,free, Quarterly,15 Mar 2025,,$0,0%,ACTIVE
SUB-000899,1204,Business ,MONTHLY,13/03/2025,,325.99,0 %,Active 
SUB-000900,1258, Starter, Annual,23/07/2025,,46.38,10%,Active 
SUB-000901,578,PROFESSIONAL,Monthly ,2025-03-14,2025-07-30,160.89,5%, Paused
SUB-000902,1453,Starter ,Monthly,06/19/2025,,$52, 15% ,ACTIVE
SUB-000903,940,Starter , Annual,2025-01-15,,53.26 USD, 15% ,active
SUB-000904,756,Professional ,MONTHLY,20 Apr 2025,,$141, 5% ,ACTIVE
SUB-000905,372,Enterprise , Monthly,14/06/2025,,$750.58, 5% ,Active
SUB-000906,287,Professional, Quarterly,05/04/2025,2026-03-08,142.91, 20% ,paused
SUB-000907,1230, Starter,Monthly ,14/01/2025,,$48.58, 15% , Active 
SUB-000908,494,Professional, Quarterly,15/07/2025,,163.66 USD, 15% ,Active
SUB-000909,442,STARTER,Monthly ,10/28/2025,,$53.14,0.0%,active
SUB-000910,93,professional, Annual ,27/10/2025,,168.57 USD, 20% ,Active 
SUB-000911,463,Professional, Quarterly ,2025-02-13,,136.28 USD, 0% , Active
SUB-000912,204, Professional , Monthly,2025-06-24,,$135, 10% ,ACTIVE
SUB-000913,1229,starter,annual,2025-08-19,,52.66, 20% , Active 
SUB-000914,445,Starter ,Monthly,02/12/2025,11/07/2025,47.52, 15% , Paused
SUB-000915,590,BUSINESS,QUARTERLY,07/01/2025,17 Dec 2025,$294,0%,Cancelled
SUB-000916,1373,Professional,QUARTERLY,08/08/2025,28 Feb 2026,154.47,15 %,Paused
SUB-000917,257, Free,Annual ,2025-03-23,,0.00,10%, Active 
SUB-000918,1280, Free, Monthly,06 May 2025,,$0,0 %,Active
SUB-000919,792,professional,quarterly,20/11/2025,,146.21 USD,10 %,Active
SUB-000920,1105,Professional , Monthly ,02/06/2025,27 Jan 2026,$158, 15% , Expired
SUB-000921,452,Enterprise ,MONTHLY,12/02/2025,,$885.69,5%,Active
SUB-000922,502,Professional , Quarterly ,06/05/2025,,140.47 USD,20%,active
SUB-000923,294, Starter,Quarterly ,03/11/2025,15/06/2026,55.50, 20% ,Cancelled
SUB-000924,1006,Professional ,Monthly,12/16/2025,,153.87 USD,10.0%,Active
SUB-000925,194,free, Quarterly ,08-12-2025,06-07-2026,0.00,15.0%, Expired
SUB-000926,912, Business,monthly,07/08/2025,,284.63, 5% ,active
SUB-000927,510,Professional , Quarterly,11-12-2025,,156.62,15 %,Active 
SUB-000928,602,PROFESSIONAL, Monthly ,03/26/2025,,$149.14,,ACTIVE
SUB-000929,834,Professional , Quarterly,01/03/2025,09-04-2025,$163, 20% ,Paused
SUB-000930,293, Business , Monthly,04/08/2025,"Apr 04, 2026",314.39 USD, 15% , Cancelled 
SUB-000931,45,professional,Annual,21/04/2025,,$153,10%,ACTIVE
SUB-000932,896,business,ANNUAL,10-07-2025,23-10-2025,$337,5%,PAUSED
SUB-000933,707,ENTERPRISE,Annual,"Oct 18, 2025",,794.43,5%, Active
SUB-000934,50,STARTER, Annual,"Nov 09, 2025",,USD 46.79,0.0%,active
SUB-000935,396,PROFESSIONAL,Annual,21 Mar 2025,05-09-2025,156.75,20 %, Cancelled 
SUB-000936,912,Free , Monthly,28/07/2025,,$0.00,5%,Active
SUB-000937,284,BUSINESS,Monthly ,01/14/2025,05/11/2025,301.92, 0% ,Expired 
SUB-000938,417,Starter,Monthly ,05/08/2025,18 Mar 2026,$50,20 %, Expired
SUB-000939,1483,BUSINESS, Monthly ,24 Dec 2025,,340.83, 0% , Active
SUB-000940,1228, Starter ,Annual,2025-07-09,25/05/2026,53.08 USD, 10% ,Paused 
SUB-000941,757, Business ,Monthly,2025-10-16,2025-12-10,277.37, 10% , Paused
SUB-000942,225,Professional,annual,"Dec 20, 2025",22 Oct 2026,$142,0%,EXPIRED
SUB-000943,523,Professional,MONTHLY,25-05-2025,,170.44, 5% ,Active
SUB-000944,1408,STARTER,Quarterly ,08 Apr 2025,,53.00 USD,0 %,ACTIVE
SUB-000945,939, Starter ,Annual,2025-01-26,,55.31, 20% , Active
SUB-000946,578,Professional,Quarterly ,2025-08-19,,145.42 USD,0 %, Active 
SUB-000947,211, Professional ,Annual,27-09-2025,2026-07-01,$161.73, 5% ,Cancelled 
SUB-000948,798,Professional , Annual,05-08-2025,,160.70, 20% ,Active 
SUB-000949,1460, Professional,Annual,12 Apr 2025,,145.08,0%,ACTIVE
SUB-000950,1099,Starter,Monthly ,05/11/2025,,50.85, 20% , Active
SUB-000951,1446,starter,Quarterly ,07 May 2025,,$52,5.0%,ACTIVE
SUB-000952,327,PROFESSIONAL,Annual ,2025-03-14,,$152.02, 15% ,Active 
SUB-000953,549,Enterprise,quarterly,2025-10-08,,884.33 USD,,active
SUB-000954,323, Enterprise,Quarterly ,"Apr 02, 2025",,USD 885.47,15.0%,ACTIVE
SUB-000955,649,free,Quarterly ,12/30/2025,,0.00,10 %,Active
SUB-000956,489,Free , Annual,28/08/2025,28 Jun 2026,$0.00,0 %,expired
SUB-000957,1138, Business ,Monthly,2025-09-05,"May 26, 2026",305.58,15.0%,CANCELLED
SUB-000958,263,professional,Quarterly,"Dec 01, 2025",,$148.31,15%, Active
SUB-000959,170,starter,MONTHLY,14 Mar 2025,06/24/2025,54.28,10.0%, Cancelled 
SUB-000960,107,Starter,Annual ,05 Sep 2025,02-06-2026,$50.10,15 %,Expired
SUB-000961,771, Professional, Annual,11-08-2025,,143.28,15%,Active 
SUB-000962,1249,BUSINESS,Quarterly,2025-09-26,"Mar 22, 2026",USD 307.02, 5% ,expired
SUB-000963,331,enterprise, Quarterly,"Mar 12, 2025",14/10/2025,USD 747.43,15.0%,paused
SUB-000964,181,Professional,QUARTERLY,05 May 2025,01/24/2026,159.86,0.0%, Paused
SUB-000965,103,Business,QUARTERLY,2025-09-10,07 Dec 2025,USD 294.21,20%,Cancelled
SUB-000966,142,Professional,monthly,03-08-2025,,143.81,20.0%, Active 
SUB-000967,536,business,quarterly,11/03/2025,,340.60,20.0%,ACTIVE
SUB-000968,1008, Business, Annual,"Apr 06, 2025",,$327.17, 20% , Active
SUB-000969,497, Enterprise ,annual,16/09/2025,2026-03-10,876.32 USD,15%, Paused
SUB-000970,1419,Starter ,annual,07/28/2025,,51.74, 5% ,ACTIVE
SUB-000971,1213,Enterprise,Annual,13 Sep 2025,14 Oct 2025,USD 886.72,10.0%,Cancelled
SUB-000972,1119,Professional,MONTHLY,2025-02-14,,$162,15%,Active 
SUB-000973,693,starter, Monthly ,2025-09-11,09 Sep 2026,USD 51.43,15.0%,expired
SUB-000974,656,Business,Annual,2025-04-22,,$340.94,5%,Active 
SUB-000975,108, Professional,Annual ,2025-10-29,,USD 141.24,20%,ACTIVE
SUB-000976,1089,ENTERPRISE, Monthly ,09/27/2025,,$907.54, 5% ,Active 
SUB-000977,1230,Business,ANNUAL,16 Dec 2025,,299.11 USD,5 %, Active
SUB-000978,870,Free ,Quarterly,21/07/2025,,0.00 USD,0 %,Active 
SUB-000979,137,Starter,ANNUAL,05 Jun 2025,24/02/2026,$45.60,10%,Cancelled
SUB-000980,715,Professional , Monthly,12-12-2025,15/01/2026,$154,5 %,Cancelled 
SUB-000981,1032, Starter ,MONTHLY,18/02/2025,,USD 51.59,0 %,Active 
SUB-000982,477, Professional, Quarterly,02-07-2025,,171.26,0%,Active 
SUB-000983,1015, Professional,monthly,03-12-2025,,$170, 5% ,Active
SUB-000984,180,business,Quarterly ,24/11/2025,,341.34 USD,15 %, Active
SUB-000985,891, Professional, Annual ,21-09-2025,,$147.08,5 %,ACTIVE
SUB-000986,347,Starter, Annual,11/05/2025,"Oct 12, 2026",$56,,CANCELLED
SUB-000987,1159, Professional, Monthly,15/06/2025,,151.07, 15% ,Active 
SUB-000988,1016, Professional ,Monthly ,2025-10-09,05/16/2026,$165.83,20%, Expired 
SUB-000989,596, Starter,Quarterly ,"Feb 25, 2025",11/09/2025,$47,15%,expired
SUB-000990,1209,Enterprise ,Quarterly ,22-07-2025,,$820.14,0%,ACTIVE
SUB-000991,1077,Professional, Monthly ,"Nov 30, 2025",,170.08 USD, 0% ,ACTIVE
SUB-000992,1218,BUSINESS, Monthly ,25-09-2025,2026-07-03,USD 339.89,20.0%, Paused 
SUB-000993,35, Business ,annual,04/11/2025,,USD 320.21,0%,Active
SUB-000994,1319,Professional ,Annual,19-01-2025,,USD 163.82, 5% ,active
SUB-000995,372, Starter ,Monthly ,2025-07-28,,46.26,0.0%,Active
SUB-000996,28,BUSINESS,quarterly,24-11-2025,,USD 323.04,5 %,active
SUB-000997,532, Business , Annual ,08/20/2025,,$315.30, 15% , Active
SUB-000998,1414,FREE, Annual,22 May 2025,,0.00, 20% ,Active
SUB-000999,1476,PROFESSIONAL,QUARTERLY,17/04/2025,,138.32, 10% , Active 
SUB-001000,135,STARTER,Annual ,08/08/2025,09 Apr 2026,USD 45.43, 20% ,Expired 
SUB-001001,407,Business , Annual,28 Apr 2025,28/04/2026,323.25,10 %,cancelled
SUB-001002,890,Enterprise, Quarterly ,23-09-2025,,747.41, 5% ,Active 
SUB-001003,965, Free , Annual,"Nov 08, 2025",,$0,5.0%, Active 
SUB-001004,1329,Starter,MONTHLY,2025-08-09,09 Jun 2026,48.47, 10% ,Paused
SUB-001005,740, Enterprise, Monthly,02/11/2025,,USD 829.06,10%,Active
SUB-001006,938, Starter , Monthly,05-11-2025,28/12/2025,USD 52.75,20 %,cancelled
SUB-001007,1209,Starter ,Annual,2025-06-26,26-11-2025,52.49 USD, 0% ,Cancelled 
SUB-001008,720,STARTER,MONTHLY,2025-12-13,,USD 50.42,0.0%,Active 
SUB-001009,193,Starter ,QUARTERLY,27 Apr 2025,19 Jan 2026,USD 49.79,5.0%,expired
SUB-001010,1007,Professional,quarterly,07/04/2025,,USD 148.92, 0% ,Active 
SUB-001011,60,STARTER,monthly,"Jul 25, 2025",,54.66,15 %,active
SUB-001012,1368,starter,Annual ,27/01/2025,,$48, 15% ,ACTIVE
SUB-001013,600,Starter,Monthly ,13 May 2025,,$47.28,15.0%,ACTIVE
SUB-001014,193,FREE, Annual ,05/06/2025,,USD 0.00,10 %, Active 
SUB-001015,65,Enterprise, Quarterly,11-03-2025,,790.96 USD,20.0%, Active
SUB-001016,513, Professional, Monthly ,14 Feb 2025,23 Sep 2025,165.65 USD,15 %,CANCELLED
SUB-001017,208,Starter,Quarterly ,15 Jan 2025,,48.12,20 %,active
SUB-001018,29,Professional , Monthly,06/08/2025,,$160.25,0.0%,Active 
SUB-001019,1225,STARTER,Monthly,12 Aug 2025,02/17/2026,USD 44.65,0.0%,cancelled
SUB-001020,1387,business,quarterly,08/14/2025,,297.92 USD,0%,ACTIVE
SUB-001021,1029,Starter,monthly,12/03/2025,,$48,5.0%, Active
SUB-001022,610,Professional,annual,03/16/2025,,164.52 USD,5 %,ACTIVE
SUB-001023,760,Professional, Quarterly ,04/05/2025,,170.12,0%, Active 
SUB-001024,585, Professional ,MONTHLY,13/02/2025,,151.27, 5% ,active
SUB-001025,174, Business,Annual,01 Dec 2025,04 Sep 2026,$330.76, 20% ,Expired
SUB-001026,836,starter, Annual,02/28/2025,2026-02-02,52.67,15.0%,paused
SUB-001027,1043, Starter ,Quarterly ,14-03-2025,10/05/2025,$56,0.0%,cancelled
SUB-001028,201,PROFESSIONAL, Monthly,23/07/2025,,USD 164.31,0 %, Active
SUB-001029,992, Starter , Monthly,03-07-2025,,$45.05,20 %, Active 
SUB-001030,599,starter,Annual,11/13/2025,06/22/2026,52.84,0%,Expired
SUB-001031,364,Free , Annual,"Jul 13, 2025","Dec 14, 2025",$0.00,20.0%, Cancelled 
SUB-001032,635, Professional, Monthly,29-03-2025,,$134.71,20.0%, Active 
SUB-001033,98, Starter ,ANNUAL,04/16/2025,,USD 47.18,15%,Active 
SUB-001034,1457,Business,Monthly,06/08/2025,,$338,0.0%, Active
SUB-001035,354, Free,Quarterly,2025-02-21,,$0, 10% ,active
SUB-001036,305,free,monthly,2025-10-02,"May 05, 2026",USD 0.00,5.0%, Cancelled 
SUB-001037,1498,free, Annual,2025-07-18,,0.00 USD,15%, Active 
SUB-001038,1437, Professional ,Monthly ,"Jul 14, 2025",,USD 164.14, 15% , Active 
SUB-001039,996,professional,Monthly,01/24/2025,,USD 134.48,10%,Active
SUB-001040,971,Enterprise ,QUARTERLY,2025-02-28,,USD 776.59, 10% ,Active
SUB-001041,370,Starter ,Monthly,"Sep 28, 2025",,44.48, 0% ,ACTIVE
SUB-001042,532, Enterprise,QUARTERLY,11/07/2025,,737.90,20%,Active 
SUB-001043,382, Professional , Quarterly ,2025-02-10,,USD 142.25,15 %,active
SUB-001044,872, Starter, Quarterly,"Jul 25, 2025",,50.27 USD,15%,ACTIVE
SUB-001045,745, Professional, Quarterly ,02/20/2025,,$165.67,20.0%, Active 
SUB-001046,287,STARTER, Annual,28-05-2025,28/11/2025,54.66,0 %,cancelled
SUB-001047,1490, Starter,Quarterly,15 Dec 2025,,51.65,15.0%, Active 
SUB-001048,1375,Starter , Monthly,"Jun 01, 2025",,USD 55.47,0 %,active
SUB-001049,852,Starter ,Monthly ,09-05-2025,,$50,15 %,Active
SUB-001050,444,Professional ,annual,29-04-2025,,USD 167.22,10.0%, Active
SUB-001051,1493, Starter ,monthly,26 Jun 2025,,$50,5%, Active 
SUB-001052,1319,STARTER,Monthly,2025-07-16,,47.50,5%, Active
SUB-001053,1405,starter,Monthly ,11/02/2025,,55.33,5 %,Active
SUB-001054,1063, Starter, Monthly ,2025-10-02,,48.85, 20% , Active 
SUB-001055,918,PROFESSIONAL,Annual ,"Sep 24, 2025",25-06-2026,$153,20%,CANCELLED
SUB-001056,331,ENTERPRISE,Monthly ,24-02-2025,,784.79,0 %,ACTIVE
SUB-001057,1059,Business, Annual,2025-11-14,,318.65,0.0%, Active 
SUB-001058,1403,Business, Annual,10/06/2025,,$343.48,5.0%,Active 
SUB-001059,945, Enterprise , Quarterly,2025-06-30,,724.20, 5% ,Active 
SUB-001060,841,starter,Annual ,17 Sep 2025,,USD 55.12,20%, Active
SUB-001061,1087, Enterprise ,Monthly,24-12-2025,,$719.88,5 %, Active
SUB-001062,713,starter, Annual ,23/12/2025,,48.56,15%,active
SUB-001063,158,Professional,ANNUAL,18 Jun 2025,,$140,0%,active
SUB-001064,976,PROFESSIONAL,Annual ,02/07/2025,04/22/2026,USD 162.31,10 %,cancelled
SUB-001065,1393, Professional,ANNUAL,08 Oct 2025,24/01/2026,$136,0.0%,cancelled
SUB-001066,660,Business,Quarterly ,24 Feb 2025,,USD 310.47,10.0%,ACTIVE
SUB-001067,1143, Business,monthly,2025-11-19,28 Aug 2026,291.15 USD,10.0%, Cancelled
SUB-001068,77,STARTER,ANNUAL,07/22/2025,,$45.74,20.0%, Active 
SUB-001069,1137,Starter,Monthly ,18/02/2025,,$53.55,5 %,Active 
SUB-001070,820, Professional ,Annual ,22-06-2025,14 Aug 2025,USD 142.20, 20% ,CANCELLED
SUB-001071,1187,Professional , Monthly ,"Nov 19, 2025",,$142,0.0%, Active 
SUB-001072,221, Professional, Annual,"Apr 07, 2025",,$144.35,0%,active
SUB-001073,442, Enterprise, Quarterly ,09/04/2025,2025-05-23,836.31,15.0%, Paused 
SUB-001074,602, Enterprise ,annual,03 Apr 2025,,850.87,5%, Active 
SUB-001075,1264, Professional ,annual,28/04/2025,24 Dec 2025,134.76 USD,0 %,EXPIRED
SUB-001076,632,ENTERPRISE,MONTHLY,06/10/2025,,767.41, 10% ,active
SUB-001077,1371,Enterprise, Monthly ,"Mar 22, 2025",10/26/2025,805.19,5 %,CANCELLED
SUB-001078,1437, Business ,Monthly,03/02/2025,05-11-2025,293.92,20%,Cancelled 
SUB-001079,1180,Starter ,Quarterly ,11 Sep 2025,,$54.93,20.0%, Active
SUB-001080,80,Starter, Annual ,10 Mar 2025,,$54,10%,Active 
SUB-001081,367, Professional ,monthly,12/08/2025,20-01-2026,157.41, 0% ,paused
SUB-001082,1184,professional, Monthly,19-01-2025,,USD 146.69,5 %, Active
SUB-001083,1195,Professional ,QUARTERLY,04/11/2025,,160.20 USD,5 %,Active
SUB-001084,1165, Starter ,Monthly,"Nov 17, 2025",24/10/2026,54.43,5.0%,EXPIRED
SUB-001085,1339, Professional ,monthly,"May 31, 2025",,USD 156.26,15.0%,ACTIVE
SUB-001086,840,starter,quarterly,12/12/2025,,53.71 USD,20 %,ACTIVE
SUB-001087,210,ENTERPRISE, Annual ,2025-09-27,,$869,20 %,ACTIVE
SUB-001088,590,starter,Monthly ,10/15/2025,,51.10,20%, Active
SUB-001089,551, Starter ,Monthly ,"Oct 23, 2025",09/04/2026,$48, 5% , Expired
SUB-001090,1294, Business,MONTHLY,10/19/2025,,324.85 USD,,Active 
SUB-001091,197, Business,Quarterly,"Jul 27, 2025",,$285,10.0%,Active
SUB-001092,78,Business , Annual,24/06/2025,,327.37, 20% , Active 
SUB-001093,1495, Professional, Quarterly,"Dec 08, 2025",,$164, 15% , Active
SUB-001094,34,Professional ,Monthly,2025-08-23,05/01/2026,$165,0 %,Cancelled
SUB-001095,166,Free,MONTHLY,26-09-2025,,0.00, 15% , Active
SUB-001096,886, Business ,Monthly ,01-12-2025,,$283.49,20%, Active
SUB-001097,1007,PROFESSIONAL, Quarterly ,16/10/2025,02/27/2026,$138,,Expired 
SUB-001098,1060,STARTER, Quarterly,15-06-2025,10 Jun 2026,$53,0.0%, Cancelled
SUB-001099,703,Starter , Monthly,2025-12-31,01-05-2026,USD 54.96,,CANCELLED
SUB-001100,913,Starter ,MONTHLY,08 Mar 2025,,52.07,5 %, Active 
SUB-001101,354, Business,quarterly,"Sep 21, 2025",08 Sep 2026,279.88,0.0%, Paused 
SUB-001102,834,Business ,MONTHLY,10/12/2025,,$338.98,10%,Active
SUB-001103,163,Business ,MONTHLY,2025-08-13,,$343,15.0%,Active
SUB-001104,603, Professional,ANNUAL,"Jul 08, 2025",,150.24,15 %,Active
SUB-001105,443, Professional , Quarterly,17/03/2025,,156.26, 5% , Active 
SUB-001106,577, Starter, Annual ,13 May 2025,,USD 53.62,20.0%,active
SUB-001107,215, Professional, Annual ,19-03-2025,,$161.53,10 %, Active 
SUB-001108,98,PROFESSIONAL, Monthly,05-03-2025,25-08-2025,170.15 USD,10 %,expired
SUB-001109,795,Starter ,Quarterly ,"Aug 16, 2025",,$46,0 %, Active
SUB-001110,543, Business ,quarterly,11/10/2025,,$313, 10% ,active
SUB-001111,1204,professional, Monthly,17-08-2025,30-09-2025,159.87,10 %,CANCELLED
SUB-001112,52, Starter,MONTHLY,2025-01-12,09/14/2025,$55,15 %,PAUSED
SUB-001113,410,starter,Monthly,"Jun 12, 2025","Jun 10, 2026",$54.81,5%, Cancelled 
SUB-001114,1470,FREE, Quarterly ,"Jan 18, 2025",08/09/2025,0.00 USD, 10% , Cancelled 
SUB-001115,540,starter,ANNUAL,20/06/2025,23/01/2026,USD 50.37,15.0%, Cancelled
SUB-001116,881,ENTERPRISE, Annual,2025-12-16,"Feb 02, 2026",USD 885.04,0%,Paused
SUB-001117,123,Business,Quarterly,"Oct 27, 2025",29 Jun 2026,$301,10 %,PAUSED
SUB-001118,165, Free , Monthly,12/16/2025,05-05-2026,0.00,20%,EXPIRED
SUB-001119,1496, Starter , Quarterly,"Aug 06, 2025",31-07-2026,USD 47.20,20%,PAUSED
SUB-001120,1476,Professional ,annual,30 Jul 2025,,$165,15%, Active 
SUB-001121,764,Business ,QUARTERLY,2025-07-26,,$343,20%,ACTIVE
SUB-001122,1472,Starter , Monthly ,21/12/2025,,47.24,5 %,ACTIVE
SUB-001123,36, Starter,quarterly,15/12/2025,,$44.79, 20% ,Active
SUB-001124,727,FREE, Monthly,09/30/2025,,0.00,0.0%,active
SUB-001125,1131,PROFESSIONAL,monthly,05/10/2025,,157.20, 20% ,ACTIVE
SUB-001126,263,Free, Quarterly ,07 Nov 2025,,0.00 USD,0.0%,Active 
SUB-001127,985, Professional,QUARTERLY,12-02-2025,,143.50, 15% ,Active
SUB-001128,418,Free,monthly,07/07/2025,,$0, 5% ,active
SUB-001129,548,ENTERPRISE,quarterly,"Jun 12, 2025",,$817, 0% , Active 
SUB-001130,344,Professional ,Quarterly ,2025-10-09,,$137, 10% , Active 
SUB-001131,1388,BUSINESS,MONTHLY,"Mar 29, 2025",2025-11-06,288.67,20 %,PAUSED
SUB-001132,1272,starter,ANNUAL,"Apr 16, 2025","Mar 12, 2026",$45.64,0%, Paused 
SUB-001133,114,ENTERPRISE,annual,03 Feb 2025,"Jun 09, 2025",763.87 USD, 15% ,expired
SUB-001134,211,Professional,Quarterly ,22 Oct 2025,,$138.05,5.0%,Active
SUB-001135,1055,STARTER, Quarterly ,09-04-2025,,$55.79,0.0%,active
SUB-001136,172,Starter,ANNUAL,02/07/2025,,$47.51,0.0%,Active
SUB-001137,630,Starter,Quarterly ,14 Aug 2025,,49.54, 0% ,Active 
SUB-001138,1125,starter, Quarterly ,06/13/2025,,55.11,,Active
SUB-001139,1144, Business,Monthly ,"Nov 02, 2025",,319.73, 5% ,active
SUB-001140,113, Professional,Annual,12 Feb 2025,25 Mar 2025,157.12,0 %, Paused 
SUB-001141,1262, Free ,MONTHLY,26/12/2025,16 Apr 2026,$0.00,5 %,Cancelled 
SUB-001142,290, Professional , Annual,03/06/2025,,USD 164.97,0 %,active
SUB-001143,1332,Business ,annual,19 Oct 2025,12/03/2025,334.71,5%, Cancelled 
SUB-001144,8, Free,annual,28/04/2025,,$0,10 %,Active
SUB-001145,1441,STARTER,Monthly ,01/16/2025,,$55,15 %, Active 
SUB-001146,264,starter,Monthly ,10/12/2025,,$50.66, 0% ,ACTIVE
SUB-001147,382,Enterprise, Monthly ,19/06/2025,12 Jun 2026,$774,20 %,Cancelled
SUB-001148,779,FREE,Annual,15-01-2025,,0.00, 5% , Active
SUB-001149,540, Professional ,Quarterly ,2025-12-21,02/10/2026,$154.27, 10% , Paused
SUB-001150,804,ENTERPRISE, Quarterly ,04/15/2025,,900.10,15.0%,active
SUB-001151,1055,PROFESSIONAL, Annual,18 Sep 2025,"May 01, 2026",$136,15.0%,Paused
SUB-001152,422,Professional ,Monthly,2025-08-02,,$148.91,5.0%,Active 
SUB-001153,783,Free,Quarterly ,"Sep 04, 2025",2026-05-20,0.00 USD,10%,expired
SUB-001154,675,STARTER, Annual ,12/05/2025,"Apr 07, 2026",47.16 USD, 20% ,EXPIRED
SUB-001155,151, Professional ,Monthly,05/13/2025,,169.17 USD, 20% , Active
SUB-001156,263,professional, Annual ,2025-07-03,"Apr 01, 2026",169.63,15.0%,expired
SUB-001157,1347,Business , Quarterly,05 Jan 2025,"Oct 23, 2025",USD 335.04,10 %,EXPIRED
SUB-001158,779, Professional ,monthly,31/10/2025,"Aug 30, 2026",155.10 USD,10%,Expired
SUB-001159,1080,Starter ,Monthly ,07/11/2025,,52.03, 15% , Active 
SUB-001160,866,Professional , Quarterly,11/24/2025,,166.49,0.0%, Active
SUB-001161,551,business,Annual,16/06/2025,01/03/2026,USD 327.10,15.0%,Expired
SUB-001162,979, Starter ,quarterly,"Dec 17, 2025",19 Nov 2026,$52,,CANCELLED
SUB-001163,1101,BUSINESS,Quarterly ,14-02-2025,04 Feb 2026,342.52 USD,0 %, Paused
SUB-001164,662,Business , Annual,30-11-2025,,320.35, 20% ,active
SUB-001165,550, Professional , Quarterly,06/12/2025,,$170.44,10 %, Active
SUB-001166,1085,professional,MONTHLY,05 Jan 2025,"Nov 20, 2025",136.24 USD,0%,Paused
SUB-001167,812, Business, Monthly ,13 Feb 2025,03/01/2026,279.49 USD, 10% ,cancelled
SUB-001168,259,professional, Annual,21-04-2025,,150.92,20%,Active 
SUB-001169,1288, Professional ,Quarterly ,2025-08-12,10/23/2025,$148.44,0.0%,cancelled
SUB-001170,615,PROFESSIONAL,Monthly ,20-06-2025,20-11-2025,USD 163.26,15 %,Expired
SUB-001171,709,Starter ,quarterly,02-08-2025,2026-01-04,$46,10 %, Expired
SUB-001172,548,Enterprise, Quarterly ,11/21/2025,28 Feb 2026,914.08 USD,15 %, Cancelled 
SUB-001173,613, Professional ,Monthly ,02/24/2025,,145.84,5 %, Active 
SUB-001174,1284,enterprise,Monthly,09/14/2025,,804.78,0.0%,Active 
SUB-001175,504,Business ,annual,2025-09-12,,289.64 USD,10 %,active
SUB-001176,854,STARTER,ANNUAL,09 Jul 2025,,51.20,, Active
SUB-001177,1150, Professional ,Monthly ,2025-09-04,"Jul 19, 2026",$136,0%, Expired
SUB-001178,990,PROFESSIONAL,Monthly,03/20/2025,,$140,10.0%,ACTIVE
SUB-001179,422,Professional , Quarterly ,22/05/2025,,$162, 5% , Active 
SUB-001180,1169,PROFESSIONAL,Quarterly ,2025-08-16,,141.05,15%,ACTIVE
SUB-001181,668, Starter ,ANNUAL,15/05/2025,,46.99,5 %, Active 
SUB-001182,1009, Starter ,Quarterly,"Oct 16, 2025",,53.81,5%, Active
SUB-001183,830,ENTERPRISE,annual,05/04/2025,,$738,0 %, Active
SUB-001184,256, Enterprise ,ANNUAL,25-01-2025,,806.49,10.0%,ACTIVE
SUB-001185,1259, Enterprise ,Monthly ,06-12-2025,,723.71 USD,10.0%,ACTIVE
SUB-001186,749,professional,ANNUAL,06/22/2025,,USD 147.02,0 %,ACTIVE
SUB-001187,196,Professional , Quarterly ,11/29/2025,,160.14 USD,5.0%,active
SUB-001188,1099,PROFESSIONAL, Quarterly,28 Jun 2025,,$137, 20% , Active
SUB-001189,742,enterprise,Monthly ,12/01/2025,,USD 896.54,0%,active
SUB-001190,841,Starter,MONTHLY,2025-12-02,16-08-2026,$55.24, 10% , Cancelled
SUB-001191,1215, Enterprise ,Quarterly ,21-11-2025,30 Aug 2026,USD 740.07,10.0%,CANCELLED
SUB-001192,255,Professional , Annual ,13/06/2025,,171.00, 0% ,ACTIVE
SUB-001193,1463,Business , Monthly,2025-03-04,,$291.34,5%, Active
SUB-001194,713, Professional ,Monthly,04-12-2025,15-08-2026,$137, 0% ,Expired 
SUB-001195,69,PROFESSIONAL,QUARTERLY,25 Dec 2025,,$134.29,20 %, Active 
SUB-001196,320,Starter , Quarterly,24-10-2025,31-08-2026,USD 49.10,5.0%,EXPIRED
SUB-001197,406, Business ,Quarterly ,"May 03, 2025",,316.18,10%, Active
SUB-001198,119,Professional,monthly,01/10/2025,,146.47,10%,active
SUB-001199,1254,FREE,quarterly,08-04-2025,,USD 0.00, 15% ,Active 
SUB-001200,465, Professional, Annual,2025-04-26,,USD 160.79, 20% ,Active 
SUB-001201,46,STARTER, Annual ,06-01-2025,06/01/2025,$48,15.0%, Cancelled
SUB-001202,52, Professional , Quarterly,"Apr 03, 2025",09/01/2025,USD 161.45,15%,paused
SUB-001203,1038,Business,Annual,19/07/2025,,USD 339.40,20.0%,active
SUB-001204,341, Free,Annual,2025-12-03,,$0,5 %, Active 
SUB-001205,1120,PROFESSIONAL, Monthly,06/20/2025,06 Feb 2026,USD 145.50, 10% , Expired
SUB-001206,763,BUSINESS,Monthly,2025-07-11,"Dec 31, 2025",$303.73, 10% ,Cancelled
SUB-001207,438, Professional ,QUARTERLY,07/04/2025,,$152.65,0.0%,Active 
SUB-001208,1328, Professional , Monthly,"Dec 20, 2025",,154.30,15%,Active 
SUB-001209,573,business,Monthly,2025-05-14,,291.57,,active
SUB-001210,498,starter,Monthly ,19/02/2025,,52.27,15%,active
SUB-001211,4,Professional, Quarterly ,"May 30, 2025",,$158.13,15 %, Active 
SUB-001212,1362, Professional,monthly,06 Oct 2025,,$156, 15% ,Active
SUB-001213,990,Professional, Quarterly,19/12/2025,2026-04-22,138.34,,Expired 
SUB-001214,102,professional,Monthly,14/09/2025,,USD 151.87,20.0%, Active
SUB-001215,610,PROFESSIONAL,Quarterly,"May 12, 2025",,$147,15%, Active
SUB-001216,76, Starter,ANNUAL,"Apr 29, 2025",,$50.12,0 %, Active 
SUB-001217,32, Starter, Monthly ,2025-06-22,2026-05-23,$55,0%, Expired 
SUB-001218,766,professional,Monthly ,07-04-2025,,152.00,, Active
SUB-001219,568, Starter , Quarterly,07 May 2025,,44.27 USD, 5% ,active
SUB-001220,823, Business ,Monthly,"Mar 31, 2025",,USD 301.90,20 %,ACTIVE
SUB-001221,566,Professional ,monthly,"Nov 05, 2025",,164.67,10.0%, Active 
SUB-001222,1273,PROFESSIONAL,Monthly,29-07-2025,,163.16, 5% ,ACTIVE
SUB-001223,773,professional, Annual ,2025-12-28,,153.22,0%,Active
SUB-001224,309,ENTERPRISE,Monthly ,07 Apr 2025,,$769,10 %,Active 
SUB-001225,1185,Free, Monthly,23-06-2025,2026-03-12,0.00,20%,expired
SUB-001226,67,Starter,annual,08/20/2025,21 Feb 2026,51.01,20%,PAUSED
SUB-001227,191,ENTERPRISE,quarterly,04/10/2025,01-09-2026,918.82, 20% ,Expired
SUB-001228,1142,Professional,Quarterly,23-08-2025,,158.10,15.0%,ACTIVE
SUB-001229,665, Enterprise ,annual,2025-10-28,18 Oct 2026,857.78,15.0%,Cancelled
SUB-001230,467, Starter,QUARTERLY,10/25/2025,2026-05-13,$50.12, 15% ,Cancelled 
SUB-001231,576, Business ,monthly,2025-10-28,,$296,15%,ACTIVE
SUB-001232,793, Free,Quarterly ,"May 29, 2025",,0.00, 0% , Active
SUB-001233,847, Business, Monthly,02/25/2025,,306.10, 20% ,ACTIVE
SUB-001234,1380,Business , Quarterly,24/06/2025,,343.45 USD,20 %, Active 
SUB-001235,1181,starter,Annual ,2025-06-22,,$50, 0% , Active 
SUB-001236,779, Professional, Quarterly ,"Aug 02, 2025",,USD 136.63,15.0%, Active 
SUB-001237,1471,Business , Monthly,2025-04-22,,$320,15 %, Active
SUB-001238,935,Professional ,Quarterly ,28-08-2025,,135.84 USD,5 %,active
SUB-001239,1018,Professional, Monthly,16/08/2025,,143.43,0%,active
SUB-001240,1135,Professional , Monthly ,06/04/2025,11/30/2025,147.28 USD,0.0%,cancelled
SUB-001241,395,Professional ,monthly,01/27/2025,01/07/2026,161.65,5%, Cancelled
SUB-001242,1451, Business ,Quarterly,17-10-2025,"Mar 12, 2026",306.04,10.0%,paused
SUB-001243,699,Professional,quarterly,"Jun 15, 2025",12/18/2025,135.17 USD,20 %, Cancelled 
SUB-001244,100,FREE,QUARTERLY,"May 16, 2025",,0.00, 20% ,active
SUB-001245,219,STARTER,annual,11/20/2025,12/25/2025,49.14,20.0%,Cancelled 
SUB-001246,14,STARTER,QUARTERLY,2025-07-30,04-11-2025,$55,10 %,Cancelled 
SUB-001247,1086,Professional,quarterly,06 Oct 2025,,$153,5.0%,active
SUB-001248,251,Starter , Monthly ,09/04/2025,,$53,0 %, Active
SUB-001249,428,Enterprise ,Annual ,05-12-2025,,762.82 USD,15 %,active
SUB-001250,1433,free,Monthly ,2025-06-08,,0.00,15 %,ACTIVE
SUB-001251,616,Starter ,Monthly ,"May 01, 2025",,$52.93,5 %,Active
SUB-001252,40,STARTER,ANNUAL,22 Jan 2025,,$55.18,15.0%,Active
SUB-001253,302, Professional , Annual,12/27/2025,03/09/2026,135.36, 0% ,Cancelled
SUB-001254,816,Starter,QUARTERLY,14-11-2025,,49.58,0.0%, Active
SUB-001255,655, Professional , Monthly ,"Feb 20, 2025",,159.40, 15% ,ACTIVE
SUB-001256,350,BUSINESS,MONTHLY,23 Jul 2025,,$276,20.0%,active
SUB-001257,28, Professional ,Quarterly ,17/09/2025,15-02-2026,$149,5%, Paused
SUB-001258,101,business,quarterly,21/06/2025,,339.53,20 %,Active
SUB-001259,549,Business , Annual ,25-06-2025,,$301.69,0%,ACTIVE
SUB-001260,91, Business ,annual,2025-08-10,,$343,15.0%,ACTIVE
SUB-001261,151, Professional , Monthly ,03/03/2025,08/01/2026,136.22 USD,5.0%, Expired 
SUB-001262,306,enterprise, Quarterly,"Jan 02, 2025",12/29/2025,$862,20.0%,Expired 
SUB-001263,212, Starter,annual,"Jul 10, 2025",17 Sep 2025,51.22,0%,PAUSED
SUB-001264,1232,STARTER, Monthly ,2025-08-27,,50.23,15.0%,ACTIVE
SUB-001265,1150,business,MONTHLY,"Oct 26, 2025",,$341.67,15.0%, Active 
SUB-001266,144,starter, Annual ,22-10-2025,09 Jul 2026,45.69,15 %,paused
SUB-001267,529,STARTER,Annual ,06-06-2025,,$55,10 %,active
SUB-001268,1237, Enterprise, Quarterly ,07/05/2025,,857.18 USD,10%,active
SUB-001269,1257, Enterprise ,Monthly,26 Apr 2025,,770.83,20.0%,ACTIVE
SUB-001270,965,Professional ,QUARTERLY,2025-01-26,,$168,0%, Active
SUB-001271,1432,professional, Monthly,02-09-2025,,USD 150.09,10.0%,active
SUB-001272,750,starter,Monthly,"Jan 17, 2025",,$54.07, 20% , Active 
SUB-001273,121,Enterprise, Annual ,2025-06-20,,796.77,5.0%,active
SUB-001274,812, Starter,Monthly ,2025-05-13,,$54.52,10%,Active 
SUB-001275,545,Starter ,Annual ,25 Apr 2025,,51.90,10 %,ACTIVE
SUB-001276,336,Starter , Annual,23 Nov 2025,,45.83,10 %, Active
SUB-001277,169,enterprise, Monthly,01/11/2025,,USD 848.87, 5% , Active
SUB-001278,1493,business,Quarterly ,"Jun 16, 2025",,$283.40,5%, Active 
SUB-001279,1303,FREE,quarterly,21-08-2025,,$0,10 %,active
SUB-001280,1446, Starter ,quarterly,2025-12-04,03-04-2026,$46,10 %,Paused 
SUB-001281,295,BUSINESS,Annual ,01/02/2025,"Sep 05, 2025",270.75 USD, 15% ,cancelled
SUB-001282,1401, Professional , Annual ,"Jan 10, 2025",,141.99 USD, 5% ,active
SUB-001283,1052,professional,Annual ,2025-04-24,,154.08 USD,5.0%,Active
SUB-001284,986,Starter,quarterly,08/05/2025,,50.00, 5% ,Active
SUB-001285,367,Starter ,QUARTERLY,10/05/2025,,USD 50.24,20 %,active
SUB-001286,113, Starter,Quarterly,23/01/2025,,47.13 USD,0.0%,ACTIVE
SUB-001287,197,BUSINESS,Quarterly ,29-12-2025,,$320.32, 10% , Active 
SUB-001288,1431, Free,MONTHLY,2025-03-19,2025-10-09,$0,10.0%,EXPIRED
SUB-001289,763, Business,Monthly ,2025-06-14,,$296,0%,active
SUB-001290,708,ENTERPRISE,Quarterly,"Apr 25, 2025",02 Apr 2026,895.11,10%,CANCELLED
SUB-001291,1418, Professional, Quarterly,03/07/2025,,158.09 USD,0.0%,ACTIVE
SUB-001292,839, Starter , Quarterly ,"Mar 03, 2025",10 May 2025,52.83,5 %,cancelled
SUB-001293,648,STARTER,Monthly,08/23/2025,,47.50 USD,0%,ACTIVE
SUB-001294,1244, Professional, Quarterly,2025-09-14,08/14/2026,134.12 USD,15.0%, Expired 
SUB-001295,866,Free,Annual,2025-01-22,03/12/2025,0.00,20%,Cancelled
SUB-001296,444,Professional,Quarterly ,"Sep 20, 2025",,164.74 USD,20%,ACTIVE
SUB-001297,801, Professional,Quarterly ,05-05-2025,,USD 138.69, 0% ,Active
SUB-001298,1081, Business ,Quarterly,04 Aug 2025,"Mar 01, 2026",297.06, 0% , Paused
SUB-001299,1141,Professional,Monthly,14-07-2025,,158.73 USD,20 %,active
SUB-001300,4,business, Annual ,27/02/2025,13-11-2025,317.85 USD, 10% , Cancelled
SUB-001301,580,free,Annual,25-04-2025,"Feb 22, 2026",0.00, 0% ,Cancelled
SUB-001302,1314, Starter,Quarterly,11/08/2025,,45.82,15 %,ACTIVE
SUB-001303,1156, Free,QUARTERLY,2025-07-14,,$0, 15% , Active
SUB-001304,207, Free ,Quarterly ,07/01/2025,,0.00,10.0%,ACTIVE
SUB-001305,510,enterprise,Monthly ,15/09/2025,,$796.92,15%,active
SUB-001306,716,professional, Quarterly,08 Aug 2025,,134.66,5 %,active
SUB-001307,38, Professional,Monthly,"Jul 13, 2025",,167.56 USD,20 %,Active
SUB-001308,761,starter,QUARTERLY,11 Dec 2025,,$50.56,0.0%,ACTIVE
SUB-001309,595,STARTER,Monthly ,2025-12-03,,$55,10%, Active 
SUB-001310,1155, Professional, Annual ,17-04-2025,,136.33 USD,15 %,active
SUB-001311,635,professional,Quarterly ,20/04/2025,,USD 142.57,10%,Active
SUB-001312,62,PROFESSIONAL,Quarterly ,25/04/2025,,$143.76,20 %, Active 
SUB-001313,1463,STARTER,QUARTERLY,18-10-2025,,48.84,15.0%,Active 
SUB-001314,1269, Professional,monthly,03/07/2025,,164.01,20.0%, Active
SUB-001315,671,Professional,monthly,03/01/2025,,148.50,5%,ACTIVE
SUB-001316,783, Business ,QUARTERLY,"Feb 22, 2025",,$284,0%,ACTIVE
SUB-001317,210,ENTERPRISE,Annual,26-03-2025,01-05-2025,732.08,20%, Cancelled 
SUB-001318,1111,Business ,Monthly ,04/22/2025,,275.04,15 %, Active 
SUB-001319,1258,FREE,annual,15-07-2025,25-09-2025,$0, 15% ,Cancelled 
SUB-001320,578, Starter ,Monthly ,08/01/2025,,49.55,10 %,active
SUB-001321,1484,FREE,Quarterly,01/05/2025,,$0.00,,Active 
SUB-001322,65,Professional,QUARTERLY,2025-12-14,,$160,20.0%, Active 
SUB-001323,1176,Professional,Quarterly ,"Feb 13, 2025",,USD 139.14,,Active
SUB-001324,1189,business,ANNUAL,06 Mar 2025,05-02-2026,279.78,15.0%,CANCELLED
SUB-001325,130,enterprise,Monthly,"May 15, 2025",,$869.98,0%,Active 
SUB-001326,1298,STARTER, Monthly ,2025-06-25,13-10-2025,$53,5%,PAUSED
SUB-001327,639, Professional ,ANNUAL,2025-07-04,,148.18,20 %,Active
SUB-001328,607,Professional,annual,2025-08-23,,136.98, 0% , Active
SUB-001329,557,Starter ,MONTHLY,2025-03-20,,44.25, 15% ,Active
SUB-001330,456,Starter ,Quarterly ,16-05-2025,,$47.63,20.0%,active
SUB-001331,1247,Starter,monthly,21 Jul 2025,14-01-2026,44.21,20%,Cancelled
SUB-001332,790,free,Monthly,07 Aug 2025,04 Mar 2026,$0,15%,CANCELLED
SUB-001333,1002,Enterprise,Quarterly,"May 04, 2025",,$803,0 %, Active 
SUB-001334,681,Starter, Monthly,03/26/2025,,$45.59,15%,ACTIVE
SUB-001335,903,Starter , Annual,24 Jul 2025,,USD 45.38, 10% ,Active 
SUB-001336,517,Professional,Quarterly,2025-01-07,01-09-2025,167.49,5%,Expired
SUB-001337,911,PROFESSIONAL,Monthly ,01/12/2025,,155.91 USD,, Active
SUB-001338,1081,Starter,Monthly,08/15/2025,,$56,15%,active
SUB-001339,191,Starter , Quarterly,14-02-2025,09/03/2025,48.34 USD,10.0%,paused
SUB-001340,1364, Professional ,QUARTERLY,12/06/2025,,159.32 USD,15.0%,Active 
SUB-001341,224,professional,Annual,2025-01-14,08/16/2025,$142,5.0%, Expired
SUB-001342,1284, Professional, Quarterly ,20-04-2025,30/03/2026,$157.13,0 %,cancelled
SUB-001343,1164, Business, Quarterly ,22 Dec 2025,07/10/2026,278.79 USD, 10% ,Paused 
SUB-001344,771, Business , Annual,"May 05, 2025",04-02-2026,USD 269.26,5%,EXPIRED
SUB-001345,1437, Free,Monthly ,21-05-2025,,0.00,0%, Active
SUB-001346,13,PROFESSIONAL, Annual,"Nov 25, 2025",,154.77 USD,5%, Active 
SUB-001347,249,Professional ,Quarterly ,13/01/2025,,168.63, 20% , Active
SUB-001348,620,Professional,ANNUAL,01 Oct 2025,07 Nov 2025,USD 146.54, 15% ,CANCELLED
SUB-001349,996, Free, Monthly ,2025-11-03,08 Feb 2026,$0,10 %, Cancelled
SUB-001350,1195,ENTERPRISE,Quarterly,"Jun 14, 2025",,799.13 USD,0 %,Active
SUB-001351,15,FREE, Monthly,2025-02-26,09-05-2025,$0.00,0 %,cancelled
SUB-001352,1151,starter,Quarterly,16/11/2025,,$51.03,0%, Active 
SUB-001353,1139, Professional , Annual,"Apr 09, 2025",,$169,10%, Active 
SUB-001354,1407,enterprise, Annual ,15/10/2025,2026-01-18,$724.18, 15% , Expired 
SUB-001355,538,professional, Quarterly ,13-12-2025,11/29/2026,160.48,15 %,Expired
SUB-001356,1241,Starter, Monthly,29/09/2025,,$48.15,5 %,ACTIVE
SUB-001357,249,Professional,monthly,23/11/2025,,140.81, 5% ,Active
SUB-001358,1414,PROFESSIONAL, Annual ,"May 03, 2025",,$153,5%, Active
SUB-001359,948, Professional ,Monthly,05 May 2025,,$153,20.0%, Active 
SUB-001360,368, Enterprise,Monthly,01/10/2025,,746.47,15.0%, Active
SUB-001361,1195,starter,ANNUAL,18/10/2025,,$47,5 %,ACTIVE
SUB-001362,529, Starter, Annual ,23 May 2025,"May 10, 2026",49.10,5%,Cancelled
SUB-001363,153,Starter,Monthly ,24 Apr 2025,,$49,10%,ACTIVE
SUB-001364,1151,Professional , Monthly ,20 Jun 2025,,USD 145.93,10%, Active 
SUB-001365,796,Professional,monthly,09/04/2025,,$140,, Active 
SUB-001366,312,free,Annual,17-05-2025,10/02/2026,USD 0.00,5 %, Paused
SUB-001367,1485,Free,Monthly ,2025-04-08,,0.00 USD, 10% ,ACTIVE
SUB-001368,1348, Professional , Annual,"Sep 08, 2025",,169.25 USD, 5% , Active
SUB-001369,1186,STARTER, Quarterly ,04-02-2025,,50.02,5%,Active
SUB-001370,132,professional, Monthly ,"Jul 20, 2025",25-08-2025,171.17 USD, 15% , Paused
SUB-001371,1338,Professional ,QUARTERLY,23 Feb 2025,,159.19 USD,10.0%,active
SUB-001372,63,Business, Annual ,"Jan 22, 2025",,USD 274.25,5.0%,Active 
SUB-001373,341,professional,annual,2025-10-14,,$138.49,15 %, Active 
SUB-001374,1467,professional, Monthly ,12-02-2025,,168.23, 15% ,Active 
SUB-001375,715,Starter , Monthly,2025-08-30,,$52, 0% ,active
SUB-001376,1116, Professional,Annual ,05 Feb 2025,,165.51,5.0%, Active 
SUB-001377,811,STARTER,Monthly,16 Nov 2025,14 Jun 2026,$55.10,10%,CANCELLED
SUB-001378,166,FREE, Monthly ,13/11/2025,,0.00 USD,20 %,active
SUB-001379,426,professional,monthly,18/04/2025,,135.91,15%,active
SUB-001380,1340, Professional ,MONTHLY,28/12/2025,09-04-2026,141.11,10.0%,Paused 
SUB-001381,235,Enterprise ,Annual,14-03-2025,28 Apr 2025,732.40,20.0%,Expired
SUB-001382,865, Business, Quarterly ,10 Nov 2025,,283.21,20%,active
SUB-001383,423,Business,Quarterly,11-07-2025,,$299.79,10 %, Active
SUB-001384,541, Professional ,MONTHLY,"Jan 16, 2025",2025-07-13,$138.50, 10% , Cancelled 
SUB-001385,1344, Free ,quarterly,"Jun 03, 2025",,$0.00,15.0%,ACTIVE
SUB-001386,197,Starter ,Monthly ,12 Jun 2025,05-02-2026,$49.56,20.0%,Expired
SUB-001387,676, Business ,annual,19/06/2025,,USD 294.53,5%,ACTIVE
SUB-001388,1031,business,MONTHLY,08/22/2025,,USD 304.06,10%, Active 
SUB-001389,1461,STARTER,Quarterly,2025-03-31,2026-03-01,$49.36, 5% ,paused
SUB-001390,665, Starter ,Annual ,"Aug 11, 2025","Apr 26, 2026",51.99 USD,15 %,Expired
SUB-001391,453,free,Quarterly,05/22/2025,,0.00,0%, Active 
SUB-001392,1215,professional,annual,"Aug 10, 2025",,138.12 USD,, Active 
SUB-001393,673,Enterprise,QUARTERLY,05 Dec 2025,04/06/2026,$739,20 %, Cancelled
SUB-001394,658, Professional ,annual,07-11-2025,"Jan 30, 2026",$166,0.0%,Paused
SUB-001395,1452, Starter,QUARTERLY,08/28/2025,,USD 50.30,5%,Active
SUB-001396,797,Free,Annual,07/02/2025,26 Mar 2026,0.00 USD,,Paused
SUB-001397,421,Starter,Annual,"Sep 25, 2025",,46.74 USD,, Active
SUB-001398,887,Professional ,Monthly ,08 Mar 2025,27/12/2025,$164.98,20 %,CANCELLED
SUB-001399,800, Enterprise , Annual,"Mar 01, 2025","Feb 03, 2026",903.64 USD,20 %,Cancelled
SUB-001400,1298,enterprise,quarterly,"Dec 23, 2025",,USD 846.04,0 %, Active 
SUB-001401,1108,BUSINESS, Annual ,30 Jun 2025,"Apr 18, 2026",$277,5 %,Expired 
SUB-001402,1336, Starter ,quarterly,2025-05-01,19 Dec 2025,$55,15%, Paused 
SUB-001403,9,Professional , Quarterly ,28 Oct 2025,,163.62, 20% ,ACTIVE
SUB-001404,948,PROFESSIONAL,Annual,2025-12-04,,162.07,10 %,Active 
SUB-001405,349,BUSINESS, Monthly ,17/07/2025,,271.85,10 %,ACTIVE
SUB-001406,1164,STARTER,Quarterly ,16 Jan 2025,"Jun 22, 2025",53.89 USD, 10% , Paused 
SUB-001407,1305, Business ,Annual ,28-01-2025,,279.41, 20% , Active
SUB-001408,1040,Business, Annual,12-09-2025,,$286, 20% ,active
SUB-001409,628, Professional , Quarterly ,2025-12-22,,USD 155.60,15 %, Active
SUB-001410,795, Free , Annual ,2025-11-23,05-01-2026,$0,10.0%, Expired
SUB-001411,1196,STARTER,Monthly,12/04/2025,23/10/2025,52.20, 20% ,cancelled
SUB-001412,1136, Starter , Monthly,04/06/2025,,51.55 USD,5.0%, Active
SUB-001413,488,STARTER,Annual ,30-12-2025,,45.42 USD, 0% ,Active 
SUB-001414,1414, Free,Monthly,03/07/2025,,0.00, 15% ,Active
SUB-001415,1199,Starter,quarterly,2025-06-10,,$55.42,15 %,Active
SUB-001416,964,Starter ,MONTHLY,03-08-2025,05-03-2026,$46.07,10.0%,Paused
SUB-001417,1129, Professional, Annual ,02 Nov 2025,,$156.34,5 %,ACTIVE
SUB-001418,61,Professional , Quarterly ,22/02/2025,08 Jun 2025,USD 146.83,5%,PAUSED
SUB-001419,791,STARTER,QUARTERLY,10/13/2025,11/14/2025,49.73, 5% ,Cancelled
SUB-001420,259, Enterprise, Monthly,28-12-2025,,$776, 0% ,active
SUB-001421,476, Professional ,Quarterly ,2025-07-29,06/19/2026,USD 147.29,,Expired
SUB-001422,60, Professional , Annual ,06/05/2025,,135.18,15%,active
SUB-001423,1405, Starter ,Monthly,16-10-2025,,$56.12,10 %,Active 
SUB-001424,77, Professional ,Quarterly,13/01/2025,2025-08-05,$157.37,0.0%,Paused 
SUB-001425,428, Starter,annual,2025-01-17,,50.23,20.0%, Active 
SUB-001426,152,Professional , Monthly ,18 Dec 2025,,$148.39,5.0%,Active 
SUB-001427,774,business,Annual,17-03-2025,,$309.42,10.0%,active
SUB-001428,856,Free ,monthly,14 Oct 2025,,0.00,5 %, Active 
SUB-001429,573,STARTER, Monthly,11 Jun 2025,,$49,20 %,active
SUB-001430,1122, Enterprise , Monthly ,"Jul 24, 2025",,USD 811.77,5%,Active
SUB-001431,343,PROFESSIONAL, Annual,11 Oct 2025,,144.38, 10% ,Active 
SUB-001432,1188,Starter , Annual,19 May 2025,,$46.31,0 %,ACTIVE
SUB-001433,902,STARTER, Annual,12/05/2025,09-09-2025,$51,10 %, Paused 
SUB-001434,514,Professional, Annual ,02 Oct 2025,,$165, 15% , Active
SUB-001435,652,Professional ,Quarterly ,"Jan 28, 2025","May 10, 2025",139.79,0.0%,Paused 
SUB-001436,628,starter, Annual,01 Feb 2025,20 Nov 2025,$44.50,5 %,CANCELLED
SUB-001437,245,Professional, Monthly ,"Jun 24, 2025",,143.29,15%,ACTIVE
SUB-001438,793,Business, Quarterly ,05 Oct 2025,,342.33,5 %,ACTIVE
SUB-001439,967, Enterprise,Annual ,"Jul 08, 2025",,884.64 USD,5%,active
SUB-001440,538, Starter , Annual ,07/04/2025,,$51.40,10 %,Active
SUB-001441,174,Professional ,Monthly,"Nov 12, 2025",,168.71,10%, Active 
SUB-001442,243,Professional,ANNUAL,21/09/2025,2026-06-26,150.69,15 %, Cancelled 
SUB-001443,212,business,monthly,30-08-2025,"Feb 21, 2026",$343, 0% , Expired 
SUB-001444,907, Professional,Quarterly,25 Dec 2025,,$145.14, 10% ,Active
SUB-001445,188,Free,Annual,01-01-2025,,$0, 15% ,Active
SUB-001446,1488,Starter , Quarterly,25/01/2025,,USD 51.92,10.0%, Active 
SUB-001447,1399,Professional , Monthly,02/11/2025,,$148,5 %,ACTIVE
SUB-001448,1328,professional,Annual ,01-12-2025,11/23/2026,$157,10 %, Cancelled 
SUB-001449,634, Starter ,MONTHLY,27 Jun 2025,,USD 47.84,20.0%,Active
SUB-001450,577, Free,QUARTERLY,2025-02-27,,USD 0.00, 5% ,Active
SUB-001451,385, Starter ,Annual ,28 Apr 2025,"Dec 16, 2025",47.48,15 %,Expired 
SUB-001452,236, Business,Quarterly,03-01-2025,07/27/2025,$273,10%,EXPIRED
SUB-001453,1067,STARTER,ANNUAL,"Jul 20, 2025",,$55,0%,Active 
SUB-001454,120, Starter ,Quarterly,15 Sep 2025,,54.92,10 %,ACTIVE
SUB-001455,544,starter,annual,11/13/2025,,55.99,15.0%,ACTIVE
SUB-001456,298,Enterprise, Annual ,2025-10-30,,USD 862.23, 0% , Active 
SUB-001457,146,Enterprise , Quarterly ,30 Jul 2025,07/07/2026,$855,20.0%,cancelled
SUB-001458,157,Starter, Annual ,30-07-2025,,USD 50.95,5.0%, Active 
SUB-001459,564,professional, Annual ,05-01-2025,04/24/2025,138.79 USD, 0% ,Expired 
SUB-001460,1015,PROFESSIONAL,Monthly ,05/01/2025,,$141,10 %,Active 
SUB-001461,209, Business ,MONTHLY,"Feb 02, 2025",30 Oct 2025,$291, 10% , Expired
SUB-001462,625,Professional, Quarterly,31 Mar 2025,,$167, 15% , Active 
SUB-001463,972, Enterprise,monthly,11-02-2025,,753.65,0%,ACTIVE
SUB-001464,705,Business ,Annual ,"Apr 03, 2025",,USD 338.08,15 %,Active 
SUB-001465,1110,Professional ,QUARTERLY,19-06-2025,,153.57,10%,active
SUB-001466,569, Free,Annual,11 Mar 2025,07/28/2025,$0,20 %,cancelled
SUB-001467,1425,PROFESSIONAL, Annual,02/02/2025,"Jun 18, 2025",$138,20%,Paused
SUB-001468,314,business, Annual,27 May 2025,01 May 2026,289.21,15 %,Cancelled
SUB-001469,144, Enterprise ,quarterly,2025-10-11,16-01-2026,$910.56,5 %,EXPIRED
SUB-001470,1257,Starter,monthly,11 Jun 2025,20/01/2026,47.36, 0% ,paused
SUB-001471,509,Free,Quarterly ,12-12-2025,,USD 0.00,15.0%,ACTIVE
SUB-001472,611,Professional,quarterly,03 Aug 2025,,$141.46,0.0%,Active 
SUB-001473,1431,Free ,Annual,06-04-2025,,0.00,15%,ACTIVE
SUB-001474,1428, Business, Quarterly,15/11/2025,09/03/2026,286.54, 10% , Expired 
SUB-001475,608, Free ,Monthly ,26/03/2025,,0.00,20.0%,Active
SUB-001476,351,Enterprise ,Annual,12/27/2025,,$810, 15% , Active
SUB-001477,1207,Enterprise ,annual,27 Sep 2025,"Jul 28, 2026",829.71,5 %,Cancelled
SUB-001478,673,Starter ,Monthly ,10-02-2025,2026-01-21,USD 45.60,5.0%,cancelled
SUB-001479,327,ENTERPRISE,monthly,10-08-2025,20 Apr 2026,879.32,20 %,paused
SUB-001480,876,enterprise,Annual ,06-12-2025,03 Sep 2026,875.72,5%, Cancelled 
SUB-001481,499,STARTER, Annual,2025-09-05,,USD 44.36,5%, Active
SUB-001482,373, Professional , Monthly ,04/24/2025,,148.39,10.0%,ACTIVE
SUB-001483,871, Starter , Annual ,2025-03-08,2025-12-18,44.94, 15% ,expired
SUB-001484,696,professional, Annual,27/10/2025,,USD 163.61,0.0%,active
SUB-001485,1128,STARTER,Quarterly,12 Jan 2025,,53.13 USD, 5% ,ACTIVE
SUB-001486,692,Starter , Quarterly,24-09-2025,,USD 55.15,5%,ACTIVE
SUB-001487,214,STARTER,Quarterly ,13-10-2025,,USD 47.00, 0% , Active
SUB-001488,1321,Professional ,Annual,07/20/2025,03/01/2026,$151, 10% , Expired 
SUB-001489,1375,Professional ,Annual,27 Apr 2025,,140.97 USD, 5% ,Active 
SUB-001490,1234,Starter, Annual ,27-08-2025,10/10/2025,48.65 USD, 15% ,PAUSED
SUB-001491,1194,Business, Annual,23-05-2025,2025-11-09,USD 308.14, 15% ,paused
SUB-001492,122,Free ,Annual ,2025-01-25,,USD 0.00,5%,active
SUB-001493,1478,Enterprise ,quarterly,16/02/2025,05/30/2025,861.90,15%,EXPIRED
SUB-001494,1123,Business,MONTHLY,20/01/2025,,309.71 USD,0 %,ACTIVE
SUB-001495,405, Starter,quarterly,"Jan 11, 2025",,54.25,15%,ACTIVE
SUB-001496,781, Professional ,Quarterly ,04 Dec 2025,,144.22, 15% , Active
SUB-001497,698,Professional,ANNUAL,10/19/2025,,USD 167.75,10.0%, Active 
SUB-001498,1289,Professional,ANNUAL,"Dec 30, 2025",,171.30, 15% ,Active
SUB-001499,1146,starter,Quarterly,24-03-2025,27 Oct 2025,$55,5.0%,Cancelled
SUB-001500,808,Professional,MONTHLY,02/04/2025,,163.08, 5% , Active 
SUB-001501,606, Starter, Monthly ,15-04-2025,,$54, 5% , Active
SUB-001502,415,free, Annual ,10/08/2025,,USD 0.00,0.0%,active
SUB-001503,1482, Enterprise , Monthly ,26/05/2025,"Jun 29, 2025",757.08 USD,10 %,expired
SUB-001504,594, Professional ,Monthly,"Oct 22, 2025",,$159.32, 5% , Active 
SUB-001505,1352,Starter, Quarterly ,2025-10-20,,52.83,20 %,Active 
SUB-001506,518, Free,Annual,2025-05-02,"Nov 02, 2025",$0,10%,Paused
SUB-001507,418, Business ,ANNUAL,30-04-2025,,$309.56,20.0%,active
SUB-001508,1231,Business , Annual,2025-08-10,15/04/2026,289.38,15.0%,CANCELLED
SUB-001509,264,Starter ,Monthly,19 Mar 2025,,USD 52.47,5.0%,Active 
SUB-001510,172,Enterprise ,Monthly,17/02/2025,,$915,10%,Active 
SUB-001511,1117,PROFESSIONAL,ANNUAL,05/02/2025,,140.70 USD,15%,Active 
SUB-001512,221, Professional ,annual,19/01/2025,,146.24,0 %,Active 
SUB-001513,1490,business, Monthly,18 Feb 2025,,unknown,5 %,Active
SUB-001514,616,Enterprise, Annual ,23/12/2025,06 Mar 2026,$753,15%,Paused 
SUB-001515,236,Business,quarterly,29 May 2025,,270.76 USD,0.0%,Active
SUB-001516,510, Starter,Quarterly,10/31/2025,,$48,0 %, Active
SUB-001517,707,FREE, Annual ,11 Sep 2025,,0.00,5.0%,active
SUB-001518,155,business, Annual ,17-04-2025,,USD 272.35,0%,Active
SUB-001519,1336,Enterprise,annual,"Jan 29, 2025",,$805,15 %,active
SUB-001520,124,Professional ,QUARTERLY,12-01-2025,,$162,20 %, Active
SUB-001521,1406, Professional , Annual,2025-03-12,2025-07-31,169.61,5%, Paused 
SUB-001522,1396,STARTER, Monthly ,2025-01-14,,$56,0 %,active
SUB-001523,512,Starter , Quarterly,04/21/2025,11/09/2025,USD 49.27,15.0%,Expired 
SUB-001524,1334,Starter , Quarterly,21/06/2025,,55.74 USD, 0% ,Active 
SUB-001525,1419,STARTER,Quarterly,09/10/2025,"May 09, 2026",$44.53,10 %,Paused
SUB-001526,440, Enterprise,Annual ,"Mar 26, 2025",30/11/2025,$868,5 %,cancelled
SUB-001527,812,Business ,Annual,2025-04-09,,317.15,5.0%, Active
SUB-001528,523,Professional , Annual,09 Jun 2025,,143.39,,Active
SUB-001529,805,Starter, Monthly,03/08/2025,,50.31,5.0%,Active 
SUB-001530,906,PROFESSIONAL,Monthly,"Mar 04, 2025",,$138.93,20%, Active 
SUB-001531,552,Starter, Monthly ,07/09/2025,,USD 54.78,20.0%, Active 
SUB-001532,777,Business,MONTHLY,01-08-2025,,$295.85,0.0%, Active
SUB-001533,156,FREE,ANNUAL,03/27/2025,,USD 0.00, 0% , Active
SUB-001534,719, Enterprise,Monthly ,07/23/2025,,750.82 USD,5 %, Active
SUB-001535,184, Enterprise , Monthly ,04/12/2025,,760.28, 10% ,Active 
SUB-001536,726,Professional,Quarterly,"Jan 15, 2025",,171.05,0.0%,active
SUB-001537,1017, Business,MONTHLY,25 Sep 2025,,325.39 USD,20%, Active 
SUB-001538,1489,enterprise,Quarterly ,04/17/2025,,USD 911.25,20%,Active 
SUB-001539,666,business,ANNUAL,2025-08-19,,USD 291.21,20%, Active
SUB-001540,1399,enterprise, Quarterly,17 Jan 2025,,751.97,0%,active
SUB-001541,564, Business , Annual,09-05-2025,,$306.70,5%, Active 
SUB-001542,861,STARTER, Quarterly ,2025-10-20,,50.16,20.0%,Active 
SUB-001543,728,STARTER,annual,2025-07-18,,USD 46.24,10 %, Active 
SUB-001544,1430,Enterprise ,Quarterly,2025-03-08,,$865.56,5 %, Active 
SUB-001545,1472, Business,Annual ,17 Aug 2025,,296.14, 10% ,Active 
SUB-001546,378,starter,annual,02-03-2025,01/08/2026,USD 46.38,5 %, Expired 
SUB-001547,187,Professional, Annual,"Jan 24, 2025",,$146.47,15.0%, Active 
SUB-001548,1459,Professional, Annual ,02 Dec 2025,,155.10 USD,15%,ACTIVE
SUB-001549,1160, Starter , Quarterly ,16 Feb 2025,14/06/2025,53.00, 10% ,cancelled
SUB-001550,1110, Starter, Monthly ,09/05/2025,,50.00,20 %,Active 
SUB-001551,1137, Starter,MONTHLY,25 Jan 2025,09-08-2025,USD 50.54,,Paused
SUB-001552,170, Starter,Annual,08 Mar 2025,"Dec 31, 2025",$46, 0% ,Expired
SUB-001553,1478,Enterprise,Quarterly,10/23/2025,,901.81, 15% ,ACTIVE
SUB-001554,782,Business,Monthly ,22-02-2025,07/25/2025,338.52,20.0%, Paused 
SUB-001555,619, Business ,QUARTERLY,19 Apr 2025,22/02/2026,320.19 USD,20 %, Paused 
SUB-001556,1371,Professional,Quarterly,14-10-2025,"Jul 05, 2026",$135,15%, Cancelled 
SUB-001557,302, Starter , Monthly ,"Jun 21, 2025",2025-09-03,$51,,paused
SUB-001558,832, Professional, Annual ,2025-01-31,,157.54 USD,15 %,ACTIVE
SUB-001559,1473,Business, Annual,04/21/2025,11-01-2026,USD 343.45,10.0%,Expired
SUB-001560,1469, Free ,Monthly ,2025-04-07,11-05-2025,$0.00,15.0%, Cancelled
SUB-001561,1066, Business , Annual ,20-11-2025,,$333,15.0%,active
SUB-001562,75,professional,ANNUAL,"Jan 18, 2025",,136.48,20.0%, Active 
SUB-001563,1424, Professional ,quarterly,"Jun 05, 2025",,169.61,,Active
SUB-001564,973, Business,annual,18-05-2025,26-11-2025,314.90, 15% , Expired 
SUB-001565,566, Free,Annual ,09/19/2025,,0.00,0 %,Active 
SUB-001566,717,free,Monthly,10/04/2025,,0.00,5.0%, Active
SUB-001567,1253, Enterprise ,MONTHLY,01/30/2025,,782.95 USD, 15% , Active
SUB-001568,457,Starter, Annual ,17-01-2025,28/06/2025,49.77,15%, Paused
SUB-001569,1055, Starter , Annual,03/18/2025,,$45.90,15.0%,ACTIVE
SUB-001570,1451,Professional, Quarterly ,11/21/2025,,147.40 USD,0 %, Active 
SUB-001571,836,professional,monthly,04/10/2025,,166.05 USD,15.0%,Active 
SUB-001572,727,professional, Monthly,24 Sep 2025,,135.51 USD,5.0%,ACTIVE
SUB-001573,1188,Starter,Monthly ,30 Apr 2025,"Jun 26, 2025",45.95,15.0%, Expired 
SUB-001574,426,starter,monthly,15/04/2025,28/09/2025,USD 45.63,0%, Cancelled 
SUB-001575,1284, Professional, Annual ,2025-04-18,,149.11 USD, 10% , Active 
SUB-001576,998, Business,Annual,"Jan 07, 2025",,$344, 5% , Active 
SUB-001577,1388, Starter , Quarterly ,20-10-2025,11/27/2025,46.22, 20% ,CANCELLED
SUB-001578,620, Business , Annual ,"Mar 15, 2025",,279.97 USD,15 %,Active 
SUB-001579,1370, Starter , Quarterly,16/01/2025,,USD 55.31,5 %,Active 
SUB-001580,1085,Professional ,monthly,15 May 2025,"Mar 10, 2026",$166.96,5.0%,Cancelled 
SUB-001581,936, Professional ,annual,2025-08-28,16 Jan 2026,135.30,20%,paused
SUB-001582,338,FREE,Annual,11 Jul 2025,02 Feb 2026,USD 0.00,15%,cancelled
SUB-001583,680, Free , Quarterly ,2025-08-11,05-04-2026,USD 0.00,20 %,expired
SUB-001584,610, Professional ,Quarterly ,17-02-2025,08/01/2026,162.70 USD, 20% , Expired 
SUB-001585,1261,free,ANNUAL,01/01/2025,,0.00,10 %,active
SUB-001586,313,STARTER,quarterly,"Oct 17, 2025",30 Jun 2026,56.24,5.0%,Cancelled 
SUB-001587,1237,Starter ,Quarterly ,11/02/2025,,44.64, 5% , Active
SUB-001588,742, Professional,Annual,"Dec 01, 2025",,142.83,0.0%,Active
SUB-001589,110, Starter, Monthly ,09-01-2025,23/05/2025,USD 48.96,15.0%,CANCELLED
SUB-001590,800, Professional ,quarterly,04/15/2025,"Aug 10, 2025",150.85, 5% ,Cancelled 
SUB-001591,438,Professional ,Monthly,2025-08-07,"Oct 25, 2025",$168.42, 0% ,Cancelled 
SUB-001592,1064, Professional,ANNUAL,01/12/2025,30-04-2025,$155,5.0%, Cancelled 
SUB-001593,961,Professional, Annual,05-07-2025,,$135.78,10%,Active 
SUB-001594,406,Professional ,Quarterly,2025-05-30,05/21/2026,149.29,10 %,paused
SUB-001595,1466,starter, Quarterly ,22/10/2025,"Jul 31, 2026",49.20,10%, Expired 
SUB-001596,1458, Starter, Annual,10/21/2025,,$55.93,10.0%, Active
SUB-001597,1111,Business ,Quarterly ,"Aug 19, 2025",,313.89 USD,20 %,ACTIVE
SUB-001598,503,Business ,QUARTERLY,"Jan 23, 2025",,316.61 USD,15%, Active
SUB-001599,324,Business , Monthly ,"Mar 18, 2025",,USD 322.42,20 %,ACTIVE
SUB-001600,806,BUSINESS,annual,03/26/2025,,326.66,5 %,Active 
SUB-001601,676,Starter,monthly,"Apr 06, 2025",21-11-2025,$51.88,10%,Expired 
SUB-001602,1119, Free, Quarterly,2025-06-08,,0.00,10%,active
SUB-001603,977,Professional, Quarterly ,22 May 2025,,$166.66,20 %,Active
SUB-001604,382, Starter , Quarterly,23 Jan 2025,12/13/2025,53.07,5 %, Paused 
SUB-001605,1030,Business,ANNUAL,2025-02-05,,324.55,0.0%,active
SUB-001606,444,Professional,annual,"Aug 01, 2025",08/31/2025,171.22,15%,Cancelled
SUB-001607,343,Professional,Quarterly,09/04/2025,07/02/2025,163.99,0 %,Cancelled
SUB-001608,1110,Free ,QUARTERLY,"Oct 14, 2025",,$0,0%,active
SUB-001609,822,PROFESSIONAL,Annual,"Jul 11, 2025",,$169.54,10.0%,Active 
SUB-001610,844,Professional, Monthly,2025-09-14,,$140,15%, Active 
SUB-001611,638, Professional ,MONTHLY,2025-11-02,13-09-2026,USD 152.64,5%,Expired 
SUB-001612,866,Free,annual,04/23/2025,,$0, 5% ,active
SUB-001613,277, Free ,Quarterly,22-01-2025,23-10-2025,0.00, 5% , Cancelled
SUB-001614,317,Business,Quarterly,04 Oct 2025,,331.85 USD,15 %, Active 
SUB-001615,269,BUSINESS,Annual,28-04-2025,03/27/2026,326.09,15%,paused
SUB-001616,226,Starter,Quarterly,25 Jan 2025,28 Nov 2025,52.93 USD,0.0%, Expired 
SUB-001617,1259,BUSINESS,Monthly ,11 Apr 2025,,$344,,Active 
SUB-001618,1476,ENTERPRISE, Monthly ,08/08/2025,"Nov 04, 2025",770.91,5%,Cancelled
SUB-001619,1194,Business ,Annual,02/25/2025,,324.08,15%,ACTIVE
SUB-001620,335,Free ,Monthly,26-01-2025,02/28/2025,$0.00,,EXPIRED
SUB-001621,523, Business,Quarterly,01/22/2025,2025-12-30,$292,0.0%,EXPIRED
SUB-001622,871,Professional, Quarterly,2025-05-24,,$140, 10% ,Active 
SUB-001623,72, Professional, Monthly,"Dec 21, 2025","Jul 13, 2026",167.47 USD, 10% ,Paused 
SUB-001624,1340,Free,QUARTERLY,14/03/2025,,USD 0.00,10%,ACTIVE
SUB-001625,1271,professional, Annual ,15 Aug 2025,"Feb 22, 2026",164.83,5 %, Paused
SUB-001626,800, Professional,ANNUAL,26-06-2025,,154.41 USD,0 %,Active
SUB-001627,962,ENTERPRISE,Annual ,2025-12-31,,763.04 USD,20 %,active
SUB-001628,1247, Business,quarterly,13 Feb 2025,,$294,15 %, Active
SUB-001629,17, Business,Quarterly ,"Nov 02, 2025",,USD 297.62,10 %, Active
SUB-001630,1333, Free , Quarterly,09 Jul 2025,,0.00,15%,active
SUB-001631,129,BUSINESS,quarterly,03/09/2025,,269.52 USD,5.0%,ACTIVE
SUB-001632,311,STARTER, Annual ,"Jul 19, 2025","May 11, 2026",56.17,0 %,Expired
SUB-001633,927,Starter, Quarterly ,01/29/2025,,USD 56.11,5.0%,ACTIVE
SUB-001634,408, Business,Monthly,03/02/2025,,$344,10.0%,ACTIVE
SUB-001635,1360,Starter ,Monthly,06/03/2025,"Apr 08, 2025",49.94, 0% , Cancelled 
SUB-001636,464,BUSINESS,Quarterly,"Dec 24, 2025",,341.14,0.0%,ACTIVE
SUB-001637,1423,Enterprise ,Monthly ,15/12/2025,17 Sep 2026,798.12,15%,expired
SUB-001638,198,enterprise, Quarterly,"Sep 29, 2025",,$724,0%,Active 
SUB-001639,224,PROFESSIONAL,monthly,15-12-2025,,142.46,5 %,Active 
SUB-001640,1263, Business, Quarterly,04/22/2025,02/04/2026,339.76 USD,10 %,cancelled
SUB-001641,1439, Starter ,annual,09/30/2025,,44.27, 15% , Active 
SUB-001642,381, Starter,Quarterly ,14 Apr 2025,,$51,0.0%,Active 
SUB-001643,52,Starter , Monthly ,"May 09, 2025",,45.03 USD,5 %,active
SUB-001644,15, Enterprise, Quarterly ,2025-07-23,,$776,15.0%,Active 
SUB-001645,1119,Enterprise, Quarterly ,14 Jun 2025,27/02/2026,$736.70,20 %,CANCELLED
SUB-001646,426,free,Monthly,07/19/2025,,USD 0.00,20.0%, Active
SUB-001647,263, Free ,Annual,01/18/2025,,0.00,10.0%,Active
SUB-001648,1302,BUSINESS,monthly,"Jul 18, 2025",,$337,10 %,ACTIVE
SUB-001649,722,Business ,Quarterly ,19-05-2025,2025-07-23,$320.55, 5% ,paused
SUB-001650,466, Business,Quarterly ,25-10-2025,2026-10-08,$341.68,5%,Paused
SUB-001651,422,Business , Quarterly,04/26/2025,,USD 307.21, 20% ,Active 
SUB-001652,1469, Professional,Monthly ,29-09-2025,,$157.89,0.0%,Active
SUB-001653,751, Professional, Monthly,13/09/2025,,$156,5.0%, Active
SUB-001654,591,professional,monthly,18/04/2025,,$152, 5% ,ACTIVE
SUB-001655,1141, Free ,Quarterly,01/08/2025,,USD 0.00,5.0%, Active
SUB-001656,1138,Professional, Quarterly,2025-08-30,06/02/2026,158.11,15 %, Cancelled
SUB-001657,724,professional,Monthly ,11/12/2025,2026-03-22,163.95 USD,15.0%,Paused
SUB-001658,1190,business, Monthly,"Sep 15, 2025",,327.88,20 %,active
SUB-001659,874,STARTER, Monthly ,11/03/2025,,USD 46.44,0 %,Active 
SUB-001660,341,Professional,MONTHLY,"Jul 25, 2025",,158.32,15.0%,Active
SUB-001661,373,Starter , Annual ,05/16/2025,,$47,10%,Active
SUB-001662,1067,professional,Quarterly,2025-06-29,,155.83,10.0%, Active
SUB-001663,1142, Professional , Quarterly ,29/12/2025,,159.33, 20% , Active 
SUB-001664,1084,FREE, Annual ,"Jul 30, 2025",24 Feb 2026,USD 0.00, 20% ,Cancelled 
SUB-001665,529,Starter,annual,07-05-2025,,44.47 USD,5 %,ACTIVE
SUB-001666,1181, Professional, Quarterly,24-07-2025,,137.50,20.0%,ACTIVE
SUB-001667,1145,Professional ,Monthly,"Jun 08, 2025",,136.97,10.0%,Active 
SUB-001668,49, Enterprise,annual,06/10/2025,14/06/2026,$799,5%, Cancelled 
SUB-001669,1004,Business,Monthly,06/07/2025,"Sep 22, 2025",$330.51, 0% ,EXPIRED
SUB-001670,1077, Enterprise,QUARTERLY,25-05-2025,,$888,5.0%,Active
SUB-001671,536, Enterprise,Annual,07-01-2025,,866.31,20 %, Active 
SUB-001672,1241,FREE, Annual,04/12/2025,,$0,, Active
SUB-001673,931, Professional, Annual,15/07/2025,,$146.13,5 %,Active
SUB-001674,93,business, Monthly ,23/08/2025,,$275.69, 10% ,Active 
SUB-001675,793, Professional,Quarterly,23 Mar 2025,05 Mar 2026,136.27, 10% , Expired 
SUB-001676,910,Professional, Monthly ,09/08/2025,,165.84,0%, Active
SUB-001677,1385,Professional , Annual,"Apr 04, 2025",05/06/2025,161.31,15 %,Cancelled
SUB-001678,72,ENTERPRISE,Annual ,25-06-2025,04-11-2025,$859, 15% ,cancelled
SUB-001679,1428,Enterprise,quarterly,21-05-2025,,786.95 USD,15.0%, Active
SUB-001680,811, Business,ANNUAL,06 Aug 2025,07/06/2026,$297,10 %, Expired 
SUB-001681,794, Professional ,Quarterly,10/26/2025,,169.79,15.0%,ACTIVE
SUB-001682,908,ENTERPRISE,Quarterly,11/28/2025,,731.84 USD,5 %, Active
SUB-001683,348, Professional,MONTHLY,14/10/2025,21 Sep 2026,$163, 20% ,CANCELLED
SUB-001684,56, Starter,Quarterly ,2025-05-24,,47.89,0.0%,Active 
SUB-001685,443,starter, Annual ,"Jul 10, 2025",2025-11-13,44.58 USD,20 %,Paused 
SUB-001686,778,Starter, Annual,26/09/2025,,53.20,10.0%,Active
SUB-001687,563,Free,MONTHLY,2025-07-17,,$0.00,10.0%, Active
SUB-001688,740,professional,annual,08/20/2025,,161.00,15 %,ACTIVE
SUB-001689,1327,professional,annual,21-07-2025,24/12/2025,$160,0 %,EXPIRED
SUB-001690,229,Starter,Monthly,2025-01-28,2025-07-22,50.65 USD,20 %, Cancelled
SUB-001691,92,Professional, Annual,02/26/2025,"Sep 11, 2025",163.06,20 %, Cancelled
SUB-001692,1159,Professional, Monthly,2025-09-23,,155.74, 5% ,active
SUB-001693,659,Professional ,Annual ,10/07/2025,,144.78,15%,ACTIVE
SUB-001694,1370,business, Annual,2025-12-18,,USD 323.98,0 %,Active 
SUB-001695,964, Starter ,Quarterly,31/01/2025,,$51,20.0%,active
SUB-001696,1473,professional, Monthly,22-04-2025,,134.57, 5% ,Active 
SUB-001697,1321,professional, Quarterly,11-12-2025,,$168,5 %,Active
SUB-001698,685,Enterprise, Annual ,06-01-2025,,USD 828.09, 0% ,Active
SUB-001699,62,Business ,quarterly,"Jan 21, 2025",,USD 334.03, 15% , Active
SUB-001700,1088,Business ,ANNUAL,11-04-2025,18/09/2025,335.08, 5% , Expired 
SUB-001701,584, Professional,monthly,"May 30, 2025",2025-09-03,$151,20%,expired
SUB-001702,242,BUSINESS,annual,17 Sep 2025,,$307.05,15 %, Active
SUB-001703,1064,Starter,Annual ,"Sep 15, 2025",28 Feb 2026,$49, 10% , Expired 
SUB-001704,1204, Starter ,MONTHLY,06-04-2025,2025-12-28,USD 49.61, 0% ,paused
SUB-001705,867, Professional ,Monthly,05/03/2025,"Jul 18, 2025",$167,5 %, Cancelled
SUB-001706,402,STARTER,ANNUAL,2025-03-26,15/11/2025,$53.75,10 %,Paused 
SUB-001707,1317, Professional , Quarterly,21/05/2025,20/09/2025,$138.81,0%,expired
SUB-001708,1287,Professional,Monthly,02/17/2025,,156.83 USD,10.0%,Active
SUB-001709,1361,Enterprise ,monthly,2025-12-25,,918.03,15%, Active 
SUB-001710,67, Professional , Monthly,27/06/2025,,$156, 10% , Active
SUB-001711,995, Professional ,MONTHLY,28 Oct 2025,14 Apr 2026,163.37,5.0%,Expired 
SUB-001712,215, Professional ,monthly,"Oct 02, 2025",,162.75 USD,5 %,ACTIVE
SUB-001713,270,PROFESSIONAL, Monthly ,16-09-2025,,USD 147.15,10 %,Active 
SUB-001714,1078,professional,Monthly,"Jun 22, 2025",2025-08-12,$148,20 %, Paused 
SUB-001715,1489, Business, Annual,2025-06-18,31 Mar 2026,323.22,10%, Expired 
SUB-001716,603,Professional ,Quarterly ,27/10/2025,11 Dec 2025,152.72, 10% , Cancelled
SUB-001717,1458,Starter ,MONTHLY,06/20/2025,,51.09,15.0%,ACTIVE
SUB-001718,682, Professional ,monthly,01-02-2025,,160.66, 5% ,ACTIVE
SUB-001719,916,BUSINESS,QUARTERLY,"Nov 18, 2025",,327.22 USD, 15% ,ACTIVE
SUB-001720,1451, Starter ,Monthly ,21/09/2025,,47.43,10 %,Active 
SUB-001721,79,FREE,Monthly ,12/30/2025,,$0, 10% ,Active 
SUB-001722,1410, Business,quarterly,16/05/2025,24 Jan 2026,$291, 0% , Paused
SUB-001723,1350,business,MONTHLY,2025-03-20,,307.04 USD,20 %, Active
SUB-001724,915,starter,annual,11-01-2025,,48.29 USD,0 %, Active
SUB-001725,739,starter,MONTHLY,2025-05-25,11-05-2026,USD 51.06,0%,Expired
SUB-001726,695,STARTER,QUARTERLY,"Jun 22, 2025",,44.75,, Active
SUB-001727,384,ENTERPRISE, Quarterly ,13-10-2025,24 Feb 2026,820.92,5 %,Paused 
SUB-001728,111,Professional,Annual,"Jul 02, 2025",25-05-2026,USD 147.81,,CANCELLED
SUB-001729,412,FREE,monthly,2025-07-09,21 May 2026,USD 0.00,15 %,Paused 
SUB-001730,475,Starter, Annual ,16 Jul 2025,17-12-2025,$49.28, 20% , Expired 
SUB-001731,1392,free,Monthly ,2025-01-18,,$0.00,20%,ACTIVE
SUB-001732,420,Starter , Monthly ,27/07/2025,,USD 55.18,0.0%, Active 
SUB-001733,445,enterprise,Quarterly,05 May 2025,,USD 756.01,0.0%,Active 
SUB-001734,1148,Professional ,Annual ,28/03/2025,"Feb 07, 2026",159.48, 0% , Paused
SUB-001735,1065, Free ,QUARTERLY,20/08/2025,,USD 0.00,5%,Active 
SUB-001736,477, Starter , Annual,17-02-2025,,50.70,5 %,ACTIVE
SUB-001737,305,BUSINESS, Quarterly,07 Jun 2025,,$335,0.0%, Active 
SUB-001738,341,Business , Annual ,08/11/2025,,$278,15%, Active 
SUB-001739,1420,professional,QUARTERLY,04-06-2025,,$152,20 %, Active 
SUB-001740,181,Starter , Quarterly ,07/16/2025,02/06/2026,$49.70, 5% ,EXPIRED
SUB-001741,896,Professional,annual,15 Mar 2025,,134.40,10%,Active 
SUB-001742,1158, Business ,Quarterly ,2025-10-29,,$302.23,15.0%,active
SUB-001743,1181, Business,Monthly ,05-05-2025,18/10/2025,296.68 USD,5%,cancelled
SUB-001744,958,Starter, Quarterly,28 Dec 2025,,USD 52.31,10%,active
SUB-001745,1055, Professional,Quarterly ,28/12/2025,2026-07-13,169.05, 20% ,EXPIRED
SUB-001746,1197, Professional ,QUARTERLY,12-12-2025,"Dec 10, 2026",137.30,15%,Cancelled
SUB-001747,723, Starter,ANNUAL,09 Mar 2025,03/07/2026,$48, 15% ,paused
SUB-001748,849,Enterprise,MONTHLY,28-08-2025,,807.80,,ACTIVE
SUB-001749,519, Starter, Monthly,05/30/2025,,49.68,20%,ACTIVE
SUB-001750,282,Free ,Quarterly ,02/12/2025,,USD 0.00,0%,ACTIVE
SUB-001751,838,PROFESSIONAL,Monthly,"May 01, 2025",,$150.62, 20% ,active
SUB-001752,381, Business, Annual,16 Oct 2025,,271.13 USD,15.0%, Active
SUB-001753,1376,professional,Annual ,2025-01-25,2025-06-10,160.55,5%, Cancelled 
SUB-001754,1036,professional,monthly,"Sep 09, 2025",,$167.06, 10% ,ACTIVE
SUB-001755,941,ENTERPRISE,Annual ,"Jun 01, 2025",,$821.75, 15% ,active
SUB-001756,969,Free,Monthly,06/29/2025,,0.00 USD, 15% ,Active 
SUB-001757,397,Free,monthly,2025-11-18,,0.00,10%,Active
SUB-001758,1220, Business,MONTHLY,02/25/2025,,285.59 USD,20 %,Active
SUB-001759,579,Enterprise,Monthly ,21/03/2025,,766.08, 5% ,active
SUB-001760,179,starter,quarterly,30/07/2025,,49.38,0%, Active
SUB-001761,729,STARTER,MONTHLY,08/03/2025,22/04/2026,55.47,10 %,cancelled
SUB-001762,111, Professional, Quarterly ,11/19/2025,2026-03-02,$153.54,0%,EXPIRED
SUB-001763,1404,Enterprise,ANNUAL,07-09-2025,,$757.47,20%,active
SUB-001764,171,professional,monthly,16/07/2025,,144.01,20.0%,Active 
SUB-001765,471,BUSINESS,Monthly ,01/09/2025,,USD 297.81, 10% ,Active
SUB-001766,858,starter,Monthly,15 Aug 2025,,$52,5.0%,Active
SUB-001767,303,STARTER, Quarterly ,16 Dec 2025,,49.49,20%,Active 
SUB-001768,51,STARTER, Monthly ,06/05/2025,,$49,0%,ACTIVE
SUB-001769,202, Free ,monthly,08/04/2025,,0.00,10.0%,active
SUB-001770,14, Starter ,Annual,2025-07-08,"Apr 02, 2026",$47, 5% ,Cancelled
SUB-001771,831,Business, Quarterly ,30 Apr 2025,,275.00 USD,15%, Active
SUB-001772,22,business,ANNUAL,19 May 2025,,USD 270.92,0.0%,Active 
SUB-001773,1393,Business, Monthly,19 Apr 2025,"Jan 14, 2026",287.88,20 %,Paused 
SUB-001774,223,Professional ,Annual,16-08-2025,,USD 137.51,10.0%, Active 
SUB-001775,1153,Starter ,Annual,05-02-2025,"Sep 08, 2025",$48,10.0%,paused
SUB-001776,1470,PROFESSIONAL, Quarterly ,29-10-2025,,$162.89,, Active 
SUB-001777,615,free, Quarterly ,12/27/2025,"Jul 26, 2026",0.00 USD, 10% , Cancelled
SUB-001778,44, Professional,quarterly,2025-07-08,,156.86, 10% , Active
SUB-001779,302, Professional ,annual,04-04-2025,,$165.86,20.0%, Active 
SUB-001780,1347,Professional ,Annual,03 Feb 2025,,$144.61,15%,Active 
SUB-001781,452,PROFESSIONAL,Monthly ,2025-10-28,,$167,20%, Active 
SUB-001782,958, Free ,monthly,"Mar 11, 2025",,$0.00, 15% , Active 
SUB-001783,1366,Professional,QUARTERLY,27 Aug 2025,"Oct 21, 2025",149.03,15.0%, Expired 
SUB-001784,790, Professional , Monthly ,23 Feb 2025,,$149,15 %,ACTIVE
SUB-001785,889,Free ,QUARTERLY,19-08-2025,,USD 0.00,10%,Active 
SUB-001786,343,starter, Quarterly ,"Mar 03, 2025",24 Oct 2025,USD 56.05,10 %,PAUSED
SUB-001787,1497,Professional, Annual,11/09/2025,,$139.26,0 %, Active
SUB-001788,545,business,ANNUAL,"Sep 26, 2025",,$294.58,15.0%, Active 
SUB-001789,232, Professional, Quarterly,"May 15, 2025",,145.99 USD, 10% ,Active 
SUB-001790,1276,Professional ,quarterly,12/02/2025,,136.88,5 %,Active
SUB-001791,364, Professional , Monthly,02/11/2025,,139.77,0%,active
SUB-001792,782,Business ,Monthly ,23/10/2025,,272.45 USD, 15% ,active
SUB-001793,1390, Free,Annual ,09/02/2025,,$0.00, 20% , Active 
SUB-001794,806,PROFESSIONAL,ANNUAL,02/09/2025,,166.38,5.0%,Active
SUB-001795,279,Professional ,Quarterly,2025-10-09,11/07/2026,$147,10.0%, Paused
SUB-001796,1211,Business, Annual,11/04/2025,,$278,10.0%,active
SUB-001797,282, Professional,MONTHLY,2025-08-14,,158.15 USD, 20% , Active 
SUB-001798,1478,BUSINESS, Quarterly,11 Jul 2025,18 Jan 2026,343.60,0 %,Expired 
SUB-001799,162,PROFESSIONAL, Monthly ,02/07/2025,25/06/2025,142.75,10.0%,Paused 
SUB-001800,1425,Free ,annual,19-06-2025,,0.00 USD,0%,Active 
SUB-001801,557, Professional, Annual ,04/07/2025,,170.30,10.0%,Active 
SUB-001802,526, Starter,Annual,"Feb 21, 2025",,$46, 15% ,ACTIVE
SUB-001803,34,PROFESSIONAL,QUARTERLY,2025-04-27,2026-04-21,USD 153.14,20%,Cancelled
SUB-001804,615,starter,QUARTERLY,10/31/2025,,$47,20.0%,Active
SUB-001805,3, Starter,Annual ,"Feb 06, 2025",,USD 55.52,20%,active
SUB-001806,319,BUSINESS,annual,"Oct 28, 2025",,342.47,15%,Active
SUB-001807,183,STARTER, Quarterly,2025-01-20,11 Oct 2025,$54.08,10 %,EXPIRED
SUB-001808,1408,STARTER, Monthly,04/06/2025,2025-12-16,47.96 USD,10%,expired
SUB-001809,700, Business ,quarterly,"Nov 15, 2025",02/26/2026,$299.26,5 %,Cancelled
SUB-001810,911,Starter,Quarterly ,04/28/2025,,47.07,15 %, Active 
SUB-001811,102,Business ,Monthly ,2025-08-02,,$335.68,5 %,Active 
SUB-001812,733, Starter , Monthly ,2025-06-22,,USD 55.30,10.0%,Active
SUB-001813,350,Starter, Annual,"Feb 24, 2025",,$49.23, 15% , Active
SUB-001814,519,Professional,monthly,28/09/2025,15 Mar 2026,158.56 USD,10 %, Cancelled
SUB-001815,737,Business,MONTHLY,13-03-2025,,USD 281.48, 20% ,Active 
SUB-001816,239,professional,Annual ,2025-02-20,27 Dec 2025,150.30,15.0%, Cancelled 
SUB-001817,623, Professional ,Monthly,13 Feb 2025,02/07/2026,157.62 USD, 0% ,Expired 
SUB-001818,232,STARTER, Quarterly ,04 Jan 2025,23-10-2025,$49,5.0%,Cancelled 
SUB-001819,248,Starter,monthly,31 Jul 2025,,$48.48,0%, Active
SUB-001820,619, Business ,MONTHLY,27 Jan 2025,,269.17,20 %,Active 
SUB-001821,1031,PROFESSIONAL,Annual ,2025-07-20,,USD 164.06,20.0%, Active
SUB-001822,383, Enterprise, Annual ,03/05/2025,,$897,15%, Active
SUB-001823,640,enterprise,annual,24 Nov 2025,,$912.75,10%,Active
SUB-001824,202,STARTER, Annual,"Jun 11, 2025",01/09/2025,52.91 USD, 5% ,expired
SUB-001825,1113, Starter,annual,07-01-2025,14-06-2025,$50.82,,cancelled
SUB-001826,21,enterprise,Quarterly ,07-05-2025,26-08-2025,$772.89,10 %, Paused
SUB-001827,789, Free , Monthly ,13 Nov 2025,"Nov 11, 2026",$0,5 %, Paused 
SUB-001828,1447,ENTERPRISE,Quarterly,"Dec 29, 2025",,USD 836.90,15 %, Active
SUB-001829,275, Free ,Quarterly,2025-11-29,,0.00 USD,10.0%, Active 
SUB-001830,74, Business , Quarterly,07/02/2025,,320.11,20 %,active
SUB-001831,706, Starter, Quarterly ,27 Jun 2025,,$54,0.0%,Active 
SUB-001832,365,PROFESSIONAL, Quarterly ,30/12/2025,07/11/2026,$134,20%,Cancelled 
SUB-001833,347, Business ,annual,23 Oct 2025,,USD 285.56,15.0%, Active
SUB-001834,1125,PROFESSIONAL,annual,11 Jan 2025,,158.89 USD, 0% , Active
SUB-001835,1333,starter,Annual,2025-11-11,,USD 55.07,, Active 
SUB-001836,1185,PROFESSIONAL, Annual ,11-02-2025,18 Jul 2025,$159.63, 10% ,Cancelled
SUB-001837,962,Enterprise, Annual ,"Jan 02, 2025",,$802, 10% ,Active 
SUB-001838,579,PROFESSIONAL, Annual,10-11-2025,"Mar 21, 2026",147.57,,cancelled
SUB-001839,145,Starter ,MONTHLY,"Jun 16, 2025",08/22/2025,USD 53.14, 10% ,PAUSED
SUB-001840,351,starter,quarterly,26 Oct 2025,,$53.18, 0% ,Active 
SUB-001841,138,Professional, Monthly ,25 Oct 2025,,$156.71,10%,Active 
SUB-001842,842, Professional,QUARTERLY,24 Feb 2025,"Jul 21, 2025",$144.96, 15% , Cancelled 
SUB-001843,63,starter,quarterly,05/02/2025,,55.43 USD,5 %, Active 
SUB-001844,998,business, Quarterly ,"Jan 21, 2025",2025-05-19,310.35 USD,5%, Paused
SUB-001845,130,BUSINESS,ANNUAL,15 Nov 2025,11-04-2026,USD 328.19, 20% ,cancelled
SUB-001846,246,free, Monthly,14/08/2025,2026-04-17,$0.00, 20% ,Cancelled 
SUB-001847,422,starter,monthly,2025-01-09,02-09-2025,USD 48.31, 20% ,Paused 
SUB-001848,532,Professional,Monthly ,2025-01-14,,166.68 USD,20 %,ACTIVE
SUB-001849,1121,Enterprise,Annual ,17/02/2025,05/24/2025,$729.11, 0% ,Cancelled
SUB-001850,1115,Free, Monthly,10 Mar 2025,,$0,15 %,Active 
SUB-001851,913,PROFESSIONAL,Annual ,"Apr 09, 2025",,$152,0 %,Active
SUB-001852,430, Professional , Monthly,05/24/2025,,162.08 USD,10.0%,ACTIVE
SUB-001853,626,Starter,MONTHLY,30-07-2025,,$47.55,0%,Active
SUB-001854,1289,STARTER, Monthly ,04-03-2025,,$47, 10% ,active
SUB-001855,97,BUSINESS, Monthly,17 Dec 2025,17-11-2026,338.33 USD,5%, Cancelled
SUB-001856,774,Business ,Monthly ,"Dec 30, 2025",,311.84,20 %, Active
SUB-001857,868, Professional, Quarterly,09 Jul 2025,2026-04-21,138.00 USD,5.0%,Expired 
SUB-001858,1100,Free,ANNUAL,"Apr 25, 2025",,0.00,5.0%,Active
SUB-001859,564, Professional,Annual ,2025-05-10,,USD 171.31,20 %, Active 
SUB-001860,458,Starter , Annual ,12-10-2025,07/24/2026,USD 46.50,0%,expired
SUB-001861,1283,PROFESSIONAL,Monthly ,28/06/2025,"Apr 15, 2026",$156.84, 10% ,expired
SUB-001862,1356,PROFESSIONAL,Monthly ,17/01/2025,,149.75 USD,10.0%, Active
SUB-001863,167,professional,Quarterly ,05/09/2025,,167.09,15 %,Active
SUB-001864,288,enterprise, Annual,"Aug 28, 2025",27 Mar 2026,869.94,0.0%,Paused
SUB-001865,1407,business, Quarterly ,12/16/2025,,313.72, 10% ,Active
SUB-001866,922, Business, Annual,29 Dec 2025,,$270,15.0%, Active 
SUB-001867,1466, Business,monthly,24 Feb 2025,14 Apr 2025,$334.86,,Cancelled
SUB-001868,1267,Starter, Monthly ,05-03-2025,10/27/2025,USD 49.55,10 %,Cancelled 
SUB-001869,1419,Free , Quarterly,18-02-2025,26-08-2025,$0.00,0 %,PAUSED
SUB-001870,560,Starter, Quarterly ,03/06/2025,"Dec 15, 2025",$50,10 %, Cancelled
SUB-001871,169,Starter,monthly,02/03/2025,,52.60 USD, 15% , Active
SUB-001872,97, Professional,annual,31/05/2025,,136.68,0 %, Active 
SUB-001873,867, Business ,Annual,11/11/2025,14 Oct 2026,$324.80,,expired
SUB-001874,1052,Enterprise ,Quarterly ,15/08/2025,,786.61,20 %,Active 
SUB-001875,330, Starter ,monthly,2025-05-25,2025-08-16,$48,0 %,EXPIRED
SUB-001876,502,Starter,Monthly ,2025-05-16,22/12/2025,45.55, 15% ,Paused 
SUB-001877,166,business, Quarterly,01/30/2025,,280.08 USD,10.0%,ACTIVE
SUB-001878,781,business, Quarterly,01/06/2025,,282.99,10%, Active 
SUB-001879,1376, Starter ,Monthly,2025-02-07,"May 03, 2025",$48.12,10.0%,Expired
SUB-001880,777,Free,Monthly,05/07/2025,18/09/2025,0.00 USD,20%, Cancelled 
SUB-001881,634,starter, Annual ,08/06/2025,05/08/2026,$49, 15% , Cancelled 
SUB-001882,279,Starter, Quarterly ,03/03/2025,,USD 52.97, 15% ,ACTIVE
SUB-001883,291,PROFESSIONAL,annual,13-02-2025,,137.18,10.0%, Active
SUB-001884,1086,Starter,ANNUAL,"Nov 16, 2025",,$51, 20% ,Active
SUB-001885,375,Business ,monthly,04/10/2025,,$305,, Active 
SUB-001886,423,Enterprise ,Annual ,2025-11-18,,914.45,5%, Active
SUB-001887,648, Free , Quarterly ,07-12-2025,,0.00 USD, 20% ,ACTIVE
SUB-001888,604, Enterprise, Quarterly,03-04-2025,,809.95, 15% ,ACTIVE
SUB-001889,1159,PROFESSIONAL,Annual,2025-05-06,,162.97,15%, Active
SUB-001890,1164, Professional,annual,11 Mar 2025,,USD 141.29,20 %,ACTIVE
SUB-001891,748,BUSINESS, Quarterly ,08/25/2025,,USD 311.13,20 %,Active
SUB-001892,1194, Starter,monthly,01/12/2025,02/23/2025,45.01,10.0%,Expired 
SUB-001893,892,free,quarterly,31 Jan 2025,,USD 0.00, 20% , Active
SUB-001894,64, Professional , Monthly,07/23/2025,14/10/2025,$142.51,10 %,Paused
SUB-001895,446,starter, Monthly ,29 Nov 2025,"May 30, 2026",$53, 20% ,EXPIRED
SUB-001896,317, Professional,Annual,03-07-2025,,$152, 5% ,Active 
SUB-001897,849, Business ,Quarterly ,06/06/2025,,325.24,10%,active
SUB-001898,919, Business , Annual ,25 Feb 2025,,307.62 USD,10 %, Active 
SUB-001899,219,professional,monthly,"Mar 16, 2025",27/04/2025,137.32,10.0%, Paused
SUB-001900,794,STARTER, Quarterly ,19-05-2025,07/08/2025,USD 53.11, 10% ,Cancelled
SUB-001901,166,Starter,QUARTERLY,2025-04-29,,54.31 USD,0.0%,Active 
SUB-001902,1472,PROFESSIONAL,Monthly ,09/02/2025,23/08/2026,$168,10.0%, Cancelled
SUB-001903,861,PROFESSIONAL, Quarterly ,04/04/2025,,155.41 USD,5.0%, Active 
SUB-001904,936,Starter , Monthly,14 Aug 2025,,$53,5.0%,Active
SUB-001905,706, Starter,monthly,2025-03-12,,53.31,15.0%, Active 
SUB-001906,1284, Starter , Annual,09/25/2025,,46.01 USD,20 %,Active
SUB-001907,740,ENTERPRISE,quarterly,2025-05-08,,$752,0.0%,Active
SUB-001908,1139, Professional,Monthly ,07/12/2025,01/02/2026,136.74,10 %,expired
SUB-001909,216, Enterprise ,ANNUAL,"Sep 01, 2025",11/13/2025,$783.00,, Paused 
SUB-001910,1414,Professional ,quarterly,07-11-2025,,$152,0%,Active
SUB-001911,1245,Free,monthly,2025-03-30,,$0, 15% ,ACTIVE
SUB-001912,369,Starter,annual,25/12/2025,,49.38 USD,15%,ACTIVE
SUB-001913,1272, Enterprise,ANNUAL,22-09-2025,"Dec 19, 2025",$864.17,10.0%,cancelled
SUB-001914,403,Free,Annual ,09/27/2025,,$0.00,15 %,ACTIVE
SUB-001915,25,Starter,Annual,24-05-2025,,$47,5 %, Active
SUB-001916,1331,STARTER,Annual,"Sep 06, 2025",,44.82,20%,ACTIVE
SUB-001917,687, Free, Annual,"Aug 13, 2025",,0.00,5 %,active
SUB-001918,913,STARTER, Quarterly ,23/06/2025,,$52.68, 0% ,active
SUB-001919,1334,professional,Annual,15-06-2025,05-02-2026,171.28,10.0%,PAUSED
SUB-001920,1239, Business,ANNUAL,2025-05-27,,295.91,15 %,Active 
SUB-001921,1047,BUSINESS,Annual ,2025-07-04,,$336.10,15%, Active
SUB-001922,1323,BUSINESS,Quarterly,"Aug 23, 2025",,297.65,15.0%, Active 
SUB-001923,1186,Professional,Annual,12/06/2025,,159.78,15.0%,Active
SUB-001924,884,BUSINESS,quarterly,13-12-2025,"Mar 28, 2026",$313.82, 20% , Cancelled
SUB-001925,6,STARTER,Quarterly,"Nov 18, 2025",,44.75, 15% , Active
SUB-001926,1188,starter, Quarterly ,23 Dec 2025,16/02/2026,45.06,,PAUSED
SUB-001927,1017,starter,quarterly,2025-07-19,2025-09-24,$44, 5% , Expired
SUB-001928,1352,professional,annual,28 Jun 2025,02/01/2026,147.91 USD, 0% , Cancelled
SUB-001929,780, Free,Annual ,04/10/2025,22-04-2026,USD 0.00,0%, Cancelled 
SUB-001930,421, Free,QUARTERLY,07 Feb 2025,29/01/2026,0.00 USD, 5% , Expired
SUB-001931,1500, Enterprise , Quarterly,2025-11-12,27 Jul 2026,840.12,20%, Expired
SUB-001932,91,free,quarterly,13-07-2025,,$0.00,10%,ACTIVE
SUB-001933,1211, Free,Annual ,07-09-2025,2026-01-15,USD 0.00,10 %,paused
SUB-001934,1032,ENTERPRISE, Quarterly,12 Aug 2025,,878.58, 0% ,Active
SUB-001935,666,Starter ,quarterly,09/14/2025,,$54,0 %,ACTIVE
SUB-001936,138, Starter ,Quarterly,09/17/2025,,$50.53,5 %,active
SUB-001937,857, Starter ,quarterly,18/12/2025,,47.59 USD,0.0%,Active 
SUB-001938,1199,Business,Annual,23-03-2025,,USD 329.61,20%,active
SUB-001939,284,PROFESSIONAL, Monthly,29-05-2025,07-11-2025,$141.03, 20% , Cancelled 
SUB-001940,545,STARTER,QUARTERLY,29-11-2025,"Jan 01, 2026",$48,15.0%,Cancelled 
SUB-001941,174, Business, Quarterly ,18-12-2025,25-07-2026,USD 282.85,10 %, Expired
SUB-001942,763, Business, Annual,2025-08-10,,$319, 10% ,active
SUB-001943,18, Professional,ANNUAL,06/25/2025,05/21/2026,159.66 USD,, Expired
SUB-001944,745,Free ,annual,"Nov 16, 2025",,$0,,active
SUB-001945,959, Professional,Annual,22 May 2025,,USD 149.58, 0% , Active 
SUB-001946,84, Professional, Annual ,29/03/2025,,USD 137.83,20 %, Active 
SUB-001947,565, Free,quarterly,"Sep 03, 2025",,$0.00,15.0%,active
SUB-001948,180,Starter ,monthly,10/04/2025,,$50.32,5%,Active
SUB-001949,230,BUSINESS,Annual ,"May 15, 2025",12/12/2025,299.52,15 %,CANCELLED
SUB-001950,761,Starter,QUARTERLY,2025-07-02,,51.31,15.0%, Active
SUB-001951,1247,professional,QUARTERLY,2025-06-27,,141.28,20.0%, Active 
SUB-001952,1028, Professional, Monthly,"Dec 03, 2025",,139.04,, Active 
SUB-001953,417, Business, Annual ,12/31/2025,2026-11-01,299.41,10.0%,EXPIRED
SUB-001954,1398, Professional ,Monthly ,2025-12-21,,USD 142.56,20 %,active
SUB-001955,541, Business ,annual,"Jun 06, 2025",,287.36 USD,15 %, Active 
SUB-001956,1100,Starter , Quarterly,26/09/2025,01-07-2026,55.03,0%,Expired
SUB-001957,9, Starter ,Quarterly ,02/09/2025,,USD 50.60,0.0%,Active
SUB-001958,385,Professional,ANNUAL,21 Aug 2025,,$152.11,5%, Active 
SUB-001959,562, Business ,ANNUAL,15-07-2025,,USD 320.64,10.0%,active
SUB-001960,74,Free ,quarterly,06 Aug 2025,,0.00,5%,Active 
SUB-001961,319,starter, Annual ,"Mar 09, 2025",,$45.47, 10% ,Active
SUB-001962,482,Free ,QUARTERLY,2025-06-10,,USD 0.00, 20% ,active
SUB-001963,126,Starter, Quarterly,09/28/2025,,51.25,10%, Active 
SUB-001964,1230, Starter ,Monthly ,"Apr 05, 2025",,45.89,20%,active
SUB-001965,543,Starter, Quarterly,14-04-2025,,$47.74,20.0%,active
SUB-001966,1388, Starter, Annual ,04 May 2025,08/02/2026,50.01,5 %,PAUSED
SUB-001967,703,STARTER, Quarterly,03/02/2025,,52.57, 15% ,ACTIVE
SUB-001968,1142, Enterprise, Quarterly,2025-08-28,04/14/2026,USD 767.56,5.0%,Paused 
SUB-001969,445, Business, Annual ,2025-03-07,,309.08 USD,5%,ACTIVE
SUB-001970,121,enterprise,Monthly ,2025-04-17,07-04-2026,855.86 USD,5 %,Expired 
SUB-001971,1106, Enterprise, Annual,19/06/2025,,808.74 USD,10%,active
SUB-001972,1235, Business ,Monthly ,2025-04-24,,333.61 USD,0 %,ACTIVE
SUB-001973,1228,STARTER,annual,2025-07-05,,USD 54.75,0%, Active
SUB-001974,1380, Starter , Monthly ,01/18/2025,"Jan 17, 2026",$49.87,15%,Expired
SUB-001975,1469, Starter,QUARTERLY,04/08/2025,,56.02,5.0%,active
SUB-001976,1154,business, Quarterly ,29 Oct 2025,,$274.75,5%, Active
SUB-001977,1289,starter, Quarterly,"Jul 23, 2025",2026-02-01,USD 44.14,5 %,Cancelled 
SUB-001978,655,professional,Monthly ,01/29/2025,,148.28 USD,5%,Active
SUB-001979,90,PROFESSIONAL,Monthly ,07 Dec 2025,,156.49,5 %, Active
SUB-001980,678,starter,Quarterly ,10 Oct 2025,,51.81,15 %, Active 
SUB-001981,57,starter, Quarterly ,08/04/2025,,49.94, 5% , Active 
SUB-001982,1373,PROFESSIONAL, Annual ,26-05-2025,13 Dec 2025,138.75 USD, 0% ,Paused
SUB-001983,954,STARTER,Monthly,10 Jun 2025,30-03-2026,46.19,0 %,PAUSED
SUB-001984,1442,Business,Quarterly,24 Oct 2025,,332.80 USD,15.0%, Active
SUB-001985,645, Starter ,annual,2025-07-22,2025-12-30,$55,,cancelled
SUB-001986,262,Starter , Annual ,05/16/2025,,USD 52.36,15.0%, Active
SUB-001987,1314,Starter,QUARTERLY,23/07/2025,,52.24, 10% ,active
SUB-001988,118, Starter,quarterly,24/01/2025,,$51,5.0%,Active
SUB-001989,34,PROFESSIONAL, Monthly ,05/07/2025,,$142,5.0%,active
SUB-001990,1244, Professional,monthly,"Feb 14, 2025",12/31/2025,$150.05,, Cancelled
SUB-001991,1387,Professional , Annual,"Jun 18, 2025",,160.02 USD, 0% , Active
SUB-001992,826,Professional ,annual,01/13/2025,,154.11,15 %, Active
SUB-001993,804, Professional ,Quarterly,19 Dec 2025,,$135, 15% ,active
SUB-001994,1061,PROFESSIONAL,MONTHLY,"Dec 16, 2025",13/10/2026,169.62,0 %,cancelled
SUB-001995,1170,professional,monthly,07/13/2025,,165.57,5.0%, Active
SUB-001996,502, Professional,Quarterly,31 Jul 2025,22 Nov 2025,143.81,20 %,paused
SUB-001997,395, Business, Annual,04-05-2025,,$315.18,10%,ACTIVE
SUB-001998,206,Enterprise ,Quarterly,03-11-2025,"Jan 16, 2026",903.52,15.0%,Cancelled 
SUB-001999,1125,professional,ANNUAL,09/24/2025,"Sep 04, 2026",137.68,15%,cancelled
SUB-002000,1394,Enterprise , Annual,"Dec 13, 2025",23 Feb 2026,819.58,10 %,Paused
SUB-002001,471, Professional , Quarterly ,25/01/2025,2025-06-20,$151,20.0%,Expired 
SUB-002002,57,Starter ,Annual,08/04/2025,,USD 49.13,15.0%, Active
SUB-002003,1012,Professional, Monthly ,20/11/2025,21/12/2025,$165.23,20%, Paused
SUB-002004,441,free,Quarterly ,2025-04-03,,0.00,5.0%,active
SUB-002005,150, Enterprise ,Monthly,07/22/2025,,$731.82,5.0%,Active
SUB-002006,344, Professional, Monthly,06/05/2025,,$136.55,,active
SUB-002007,1275, Starter, Monthly ,05/06/2025,,44.62,15%,Active
SUB-002008,1432, Free, Monthly,12/02/2025,,0.00 USD,0.0%,ACTIVE
SUB-002009,633,Professional,QUARTERLY,2025-04-22,01/23/2026,160.86,20 %,CANCELLED
SUB-002010,892, Professional,Monthly,27/08/2025,05-07-2026,141.69 USD,0.0%,Paused
SUB-002011,522,Free , Annual ,02/05/2025,06/05/2025,USD 0.00,20%,cancelled
SUB-002012,420,Starter , Quarterly ,08/12/2025,17/07/2026,52.52,,Cancelled 
SUB-002013,479, Starter,annual,06/29/2025,,47.23 USD,15%,active
SUB-002014,181, Starter ,MONTHLY,12/08/2025,,$51,10.0%,active
SUB-002015,792, Professional,Monthly ,2025-02-21,2025-10-14,159.61,0 %, Cancelled 
SUB-002016,1100,Professional,MONTHLY,03/11/2025,,$151,10 %,ACTIVE
SUB-002017,347,Professional ,Monthly ,01/09/2025,,$146.64,0 %, Active 
SUB-002018,693,starter,Monthly,"May 25, 2025","Dec 25, 2025",51.68,0%,Paused
SUB-002019,1362,STARTER,Quarterly ,06/15/2025,11/04/2026,$56,, Cancelled
SUB-002020,1003, Professional,Monthly ,12-09-2025,,$150.00,15%,Active 
SUB-002021,1342, Business ,MONTHLY,2025-11-30,,298.38,10.0%,ACTIVE
SUB-002022,672, Business,monthly,13-02-2025,,USD 303.80,5 %,active
SUB-002023,1485,starter,monthly,2025-10-17,,45.03,20%,Active
SUB-002024,323, Free,Monthly ,2025-05-11,,$0.00,5%,ACTIVE
SUB-002025,61, Starter , Monthly,25 Jul 2025,,USD 48.13, 0% , Active
SUB-002026,160,BUSINESS, Quarterly,"Jan 26, 2025",28-11-2025,$278,10 %,cancelled
SUB-002027,1292,Professional,MONTHLY,11 May 2025,04/15/2026,$151,15%,expired
SUB-002028,1111,Enterprise,ANNUAL,03/03/2025,,USD 719.78,0 %, Active
SUB-002029,1424,professional,QUARTERLY,"Aug 02, 2025",21-02-2026,USD 149.07,20%,Paused
SUB-002030,992,FREE,Monthly,18-02-2025,,0.00,10%,active
SUB-002031,313,professional,ANNUAL,03-01-2025,,$135,10.0%, Active
SUB-002032,943,PROFESSIONAL, Quarterly ,"Apr 08, 2025",20 Mar 2026,USD 164.81,0.0%,Cancelled 
SUB-002033,549, Professional,annual,31-08-2025,14/06/2026,$168,10.0%,cancelled
SUB-002034,1288, Business ,ANNUAL,2025-08-30,"Dec 21, 2025",284.62 USD,0 %, Expired 
SUB-002035,868,STARTER,Annual ,09/28/2025,,50.71,15.0%, Active 
SUB-002036,932, Starter ,ANNUAL,30/04/2025,,USD 47.50,15.0%,Active 
SUB-002037,159,professional, Annual,02/08/2025,11/25/2025,152.49 USD,15.0%,CANCELLED
SUB-002038,7, Enterprise, Annual,22/03/2025,,806.32 USD, 0% ,Active
SUB-002039,239,STARTER, Monthly ,02/17/2025,,47.40 USD,5 %,active
SUB-002040,822,starter,ANNUAL,12-10-2025,,$52.68, 5% ,ACTIVE
SUB-002041,546,PROFESSIONAL,ANNUAL,02/03/2025,2025-07-14,$138.81,10%, Cancelled
SUB-002042,696,STARTER, Annual,16 May 2025,,44.75,20.0%,Active
SUB-002043,1294, Professional,annual,"Jun 03, 2025",,$162.70, 10% ,Active
SUB-002044,331, Professional ,Monthly ,28/07/2025,,158.91,15 %,ACTIVE
SUB-002045,365, Professional ,annual,08/15/2025,,152.67 USD,15 %,ACTIVE
SUB-002046,1322,Professional, Monthly,07/04/2025,,$151.53, 0% ,ACTIVE
SUB-002047,1334,free, Annual ,23/04/2025,2026-03-10,0.00,15 %,Expired 
SUB-002048,352,Starter,annual,04/11/2025,23-01-2026,49.45,0.0%, Paused 
SUB-002049,980, Professional ,Annual,16 Jul 2025,2025-11-28,148.74,10 %,Paused
SUB-002050,872, Professional,Annual ,30 Oct 2025,,152.71,0.0%, Active 
SUB-002051,914,Enterprise , Annual,"Feb 22, 2025",25 Apr 2025,USD 824.67,5%, Expired
SUB-002052,693,Free ,Monthly,2025-05-17,,$0.00,10.0%,ACTIVE
SUB-002053,5,STARTER,Monthly,11/02/2025,,52.81,0.0%,Active 
SUB-002054,1272,professional,Annual,"Apr 27, 2025",,148.17,0%,ACTIVE
SUB-002055,1438,Professional , Quarterly,14-03-2025,,$150,15 %,Active 
SUB-002056,536,STARTER,MONTHLY,28/11/2025,,48.68,,Active
SUB-002057,1315, Professional,Quarterly,28 Mar 2025,,154.09, 20% ,active
SUB-002058,1063, Business,QUARTERLY,03 Nov 2025,21-04-2026,USD 302.99,20 %,cancelled
SUB-002059,1004,Business,ANNUAL,09/15/2025,,335.60,5 %,Active 
SUB-002060,961, Professional, Annual,25-11-2025,,$160.04,5 %,ACTIVE
SUB-002061,1475,PROFESSIONAL, Monthly ,08 Jul 2025,,$168,20%,ACTIVE
SUB-002062,10,BUSINESS, Monthly,19 Oct 2025,,$322.11,5.0%,Active 
SUB-002063,729, Business, Annual ,2025-07-29,,$342,15 %,active
SUB-002064,732,STARTER,Quarterly,21/07/2025,,$51.89,15%,Active
SUB-002065,1025, Starter ,QUARTERLY,2025-03-26,"Oct 01, 2025",$55.90,15.0%,CANCELLED
SUB-002066,708, Professional ,monthly,09/14/2025,,139.99, 20% ,active
SUB-002067,689, Starter ,Quarterly ,11/25/2025,,$44.74,15 %, Active 
SUB-002068,855, Enterprise,QUARTERLY,"Jun 15, 2025",,USD 834.78, 5% , Active 
SUB-002069,317, Starter, Monthly,"Mar 29, 2025",23 Sep 2025,$56.15,20%, Paused 
SUB-002070,1008,business,Monthly ,03/22/2025,"Mar 11, 2026",USD 300.32,20 %,EXPIRED
SUB-002071,332,Starter ,Annual ,2025-07-23,,46.70 USD,20%,active
SUB-002072,1362,Professional ,QUARTERLY,2025-01-20,,153.53,0%,active
SUB-002073,580,starter, Annual ,"Jun 13, 2025",,52.05,10%, Active 
SUB-002074,414,PROFESSIONAL,annual,"Sep 04, 2025",,145.84,5 %,Active
SUB-002075,640,Starter ,QUARTERLY,27/03/2025,,$52.86,0 %,active
SUB-002076,419, Starter,Quarterly ,09-02-2025,,56.05 USD,20 %,active
SUB-002077,1068, Starter ,Quarterly ,2025-06-28,11/16/2025,$55.09,5%, Paused
SUB-002078,175,Business,Quarterly ,01/25/2025,06/22/2025,290.90,5%,Paused 
SUB-002079,1332, Starter ,quarterly,01 Dec 2025,2026-01-27,USD 48.10,15.0%,Expired
SUB-002080,456, Professional ,Annual,2025-10-04,,$148,5.0%, Active
SUB-002081,995, Business, Annual,31/07/2025,,298.59, 15% , Active
SUB-002082,774,starter,QUARTERLY,"Jun 02, 2025",,$45.33, 0% , Active 
SUB-002083,513,starter, Annual,"Feb 26, 2025",,53.43 USD, 0% ,ACTIVE
SUB-002084,421,starter, Monthly ,03/10/2025,,48.58 USD,5%,active
SUB-002085,748,PROFESSIONAL, Monthly ,2025-06-09,17-12-2025,$166.87,20.0%, Paused
SUB-002086,513,FREE, Monthly ,2025-08-05,,0.00,15%, Active 
SUB-002087,609, Starter,ANNUAL,"Sep 02, 2025",,44.40 USD, 0% , Active 
SUB-002088,279,Professional ,ANNUAL,2025-08-21,,170.92, 5% , Active
SUB-002089,346,Starter ,Annual ,18/01/2025,,52.80,10 %,Active
SUB-002090,330,Professional ,Monthly,"Oct 02, 2025",,USD 153.48, 20% ,Active 
SUB-002091,734,Enterprise, Quarterly ,14 Dec 2025,07 Nov 2026,$797, 20% ,CANCELLED
SUB-002092,807,professional,quarterly,"Jun 02, 2025",,$153.41,10%,ACTIVE
SUB-002093,149, Enterprise,Monthly ,06/05/2025,01/13/2026,783.94,20 %,Expired
SUB-002094,142,Professional,Quarterly,07 Sep 2025,,157.30,10 %, Active
SUB-002095,90,business, Annual ,12/14/2025,2026-09-20,USD 276.05,15.0%,Cancelled 
SUB-002096,1429, Free ,Annual,08 Jun 2025,12-03-2026,0.00 USD, 15% , Cancelled 
SUB-002097,868, Free ,MONTHLY,2025-02-24,,USD 0.00,5 %,Active 
SUB-002098,1266,STARTER, Annual,02/14/2025,,44.32 USD,10 %,ACTIVE
SUB-002099,592,Professional , Annual,15-09-2025,18 Dec 2025,$155, 5% ,Cancelled
SUB-002100,728,Professional,QUARTERLY,07/20/2025,,USD 155.65,20 %,Active
SUB-002101,1419, Starter,Quarterly ,"Dec 13, 2025",,49.33,15%,Active 
SUB-002102,491, Professional ,Annual,05/03/2025,,$137, 15% ,ACTIVE
SUB-002103,245,PROFESSIONAL, Monthly,06/02/2025,,167.38 USD,20.0%,ACTIVE
SUB-002104,761, Enterprise,Annual,"Mar 18, 2025",,841.23 USD,20%,active
SUB-002105,1314, Business , Annual,"Aug 19, 2025",30-06-2026,$278, 10% ,Expired 
SUB-002106,987, Professional ,annual,2025-11-18,,$153,15 %,active
SUB-002107,120, Starter,Quarterly ,18/11/2025,,50.19 USD, 5% ,Active 
SUB-002108,1499,free, Quarterly,03/10/2025,,0.00,0%,Active
SUB-002109,1000, Professional,monthly,07-11-2025,,USD 156.71,20%,Active 
SUB-002110,744,professional,monthly,2025-07-18,,164.21,5.0%,ACTIVE
SUB-002111,855, Professional,Annual ,30 Jun 2025,,162.00,10.0%,Active 
SUB-002112,1067,starter, Monthly ,01/01/2025,18-02-2025,46.59 USD,0%,cancelled
SUB-002113,262,starter, Annual ,03/31/2025,11/11/2025,USD 54.66,10.0%,CANCELLED
SUB-002114,847,free,Annual ,2025-09-21,27 Oct 2025,0.00, 5% ,Cancelled 
SUB-002115,1365,enterprise, Monthly ,05 Dec 2025,,$908.17,10%,Active
SUB-002116,1344,Enterprise,annual,10 Feb 2025,,733.43,20 %, Active
SUB-002117,806,Starter ,Annual,12 Nov 2025,,50.06 USD,5.0%, Active
SUB-002118,669, Professional , Quarterly,"Jun 22, 2025",,$156.34,5.0%, Active 
SUB-002119,1360,PROFESSIONAL, Monthly ,26 Apr 2025,,143.32 USD,5%, Active 
SUB-002120,412, Starter ,QUARTERLY,25-06-2025,,53.55,15%,Active 
SUB-002121,1294,Starter , Annual,"May 08, 2025",,$51.78,15 %,Active
SUB-002122,258,BUSINESS,Quarterly ,"Jun 18, 2025",,$270.45, 20% ,active
SUB-002123,1482,Professional, Annual ,2025-05-02,,156.76,5%,ACTIVE
SUB-002124,1203,professional, Quarterly,31 Jul 2025,,$152.41,0 %,ACTIVE
SUB-002125,903,professional, Quarterly ,12-03-2025,,$141.40, 5% , Active 
SUB-002126,551,BUSINESS,Annual ,12/08/2025,"Oct 22, 2026",343.53,5.0%, Expired 
SUB-002127,525, Business,Quarterly,23 Aug 2025,,336.16 USD,15 %,ACTIVE
SUB-002128,1281, Starter ,ANNUAL,"Jan 18, 2025",04/04/2025,USD 47.68,, Cancelled 
SUB-002129,909,Professional ,monthly,17-04-2025,,$154.25,10%,Active 
SUB-002130,584,Free,Annual ,08/24/2025,,USD 0.00,, Active
SUB-002131,71,business,Quarterly,01 Oct 2025,,327.07 USD,15%,active
SUB-002132,1299,business,Annual,"Oct 09, 2025",,$339,0 %, Active
SUB-002133,977,professional, Monthly ,15-08-2025,,147.47 USD, 0% ,ACTIVE
SUB-002134,1031, Starter, Quarterly ,2025-07-05,,$54,0%,ACTIVE
SUB-002135,831, Professional, Quarterly,09-09-2025,2026-08-06,152.67, 5% , Expired
SUB-002136,923,Starter,Monthly ,08 Feb 2025,,48.96, 20% , Active
SUB-002137,1126,Professional ,Quarterly ,04-05-2025,"Dec 01, 2025",$169.06,0%,cancelled
SUB-002138,677, Starter,monthly,03/11/2025,11/12/2025,50.35,5%, Paused 
SUB-002139,67,PROFESSIONAL, Annual,2025-01-27,,151.51,0 %, Active 
SUB-002140,27,free,Monthly ,"Oct 24, 2025",07/11/2026,0.00,0 %, Cancelled
SUB-002141,1453,Starter ,quarterly,"Sep 12, 2025",,USD 47.30,15%,Active 
SUB-002142,1238,Starter , Monthly,24-02-2025,,$48.08,10.0%,active
SUB-002143,224, Starter ,MONTHLY,29 Jun 2025,,USD 55.52,20.0%,ACTIVE
SUB-002144,1291,Free ,MONTHLY,26 Oct 2025,2026-05-24,$0, 5% ,cancelled
SUB-002145,1356,Professional ,Monthly ,03 Apr 2025,,$165,15%, Active 
SUB-002146,1400, Starter , Monthly,07-05-2025,,47.42,15 %,Active
SUB-002147,1296,Professional,monthly,09/26/2025,,$154.36,10.0%,Active 
SUB-002148,1254,BUSINESS,QUARTERLY,09 Oct 2025,,USD 341.71,15.0%,Active
SUB-002149,1082, Free ,monthly,28 Jul 2025,,$0,20 %, Active 
SUB-002150,18, Starter,Quarterly,05/05/2025,,46.07,0%,Active 
SUB-002151,668,Starter , Monthly,2025-02-23,,50.36,15 %, Active
SUB-002152,832,Business ,Quarterly ,06/02/2025,,$298.09,20.0%,Active
SUB-002153,320,PROFESSIONAL,Quarterly ,"Jun 13, 2025",30/07/2025,140.04 USD,10%,expired
SUB-002154,856,Free , Quarterly ,08/09/2025,,0.00,0 %, Active 
SUB-002155,359,PROFESSIONAL,Quarterly ,27-08-2025,,171.00, 15% , Active 
SUB-002156,745,FREE,annual,06/08/2025,,0.00, 15% ,ACTIVE
SUB-002157,1389,business, Annual ,30-09-2025,,USD 327.01,10%, Active 
SUB-002158,231,BUSINESS, Quarterly ,23-02-2025,21-05-2025,333.31 USD,0.0%,Cancelled 
SUB-002159,706, Free,Quarterly,08 Aug 2025,,0.00,15%, Active 
SUB-002160,848,Business , Annual ,05/01/2025,2025-05-18,$272,20.0%,PAUSED
SUB-002161,889, Starter,Monthly,01/04/2025,16 Jan 2026,46.03, 10% , Cancelled
SUB-002162,416,PROFESSIONAL,Monthly ,10/04/2025,,136.74 USD, 5% ,ACTIVE
SUB-002163,926,Free , Monthly ,12/06/2025,09-03-2026,0.00 USD,10%, Expired 
SUB-002164,415,Business, Quarterly,2025-12-13,06 Sep 2026,$292,5 %,cancelled
SUB-002165,1465, Enterprise ,ANNUAL,20-11-2025,,797.47,15.0%,active
SUB-002166,1296, Professional,Monthly ,17-12-2025,,USD 143.08,10.0%, Active
SUB-002167,1079, Free ,Monthly ,03/04/2025,2025-07-03,USD 0.00,5.0%, Cancelled 
SUB-002168,457,STARTER,annual,01 Jan 2025,"May 05, 2025",50.59,15%,Expired 
SUB-002169,739,Starter ,quarterly,05/23/2025,,$47,20.0%,Active
SUB-002170,536,Business,monthly,29/04/2025,,$329,5.0%, Active
SUB-002171,973, Starter,Annual ,"Jun 05, 2025",09-12-2025,44.20,0 %,Expired
SUB-002172,874,business,annual,27 Oct 2025,01/12/2026,$332.08,5 %,cancelled
SUB-002173,1106,PROFESSIONAL, Annual,10-06-2025,,$169.66,5.0%,active
SUB-002174,42,Professional , Quarterly ,06 Oct 2025,,160.78,20 %, Active
SUB-002175,1361,Starter,Monthly ,02/09/2025,,53.09,5%,Active
SUB-002176,961,starter,quarterly,19 Mar 2025,,55.54, 0% ,Active 
SUB-002177,101,Professional, Quarterly ,2025-12-08,,141.89,20.0%,ACTIVE
SUB-002178,1336,Business, Annual ,18 Jan 2025,,$343.44,, Active
SUB-002179,482,BUSINESS,QUARTERLY,04/02/2025,01/25/2026,$326.92, 5% ,Paused
SUB-002180,1093,professional,Quarterly ,11/12/2025,2026-02-27,$161.16,15%,Paused 
SUB-002181,640, Professional ,Monthly,19 Jan 2025,,USD 147.55,15%,active
SUB-002182,798, Business,QUARTERLY,"Aug 03, 2025",,USD 309.90, 0% ,active
SUB-002183,1047,BUSINESS,ANNUAL,2025-02-24,2025-06-02,317.98,15 %, Paused 
SUB-002184,1007,Professional, Quarterly,06/13/2025,2025-09-26,157.21 USD, 5% ,paused
SUB-002185,434,Business, Annual,2025-04-10,,$321.80,10%, Active 
SUB-002186,951,business, Annual ,22 Sep 2025,,$275.26, 5% , Active 
SUB-002187,63,BUSINESS,quarterly,16/08/2025,,USD 295.68,20.0%,Active
SUB-002188,1024,BUSINESS,QUARTERLY,22 Aug 2025,,$301.54,10.0%,Active 
SUB-002189,1132,professional,Quarterly ,24 Oct 2025,,$144,0%,ACTIVE
SUB-002190,1339,Starter, Annual,28-10-2025,"Feb 06, 2026",$46.21,10%,expired
SUB-002191,855, Professional, Monthly ,21/06/2025,19 Aug 2025,139.28 USD, 10% , Paused 
SUB-002192,1230, Free ,annual,06/01/2025,,$0.00,5.0%, Active
SUB-002193,514,PROFESSIONAL,MONTHLY,2025-05-03,,USD 152.48,20.0%, Active
SUB-002194,1316,PROFESSIONAL,quarterly,18 Apr 2025,,$136, 20% , Active 
SUB-002195,1075,Free,MONTHLY,"Jan 14, 2025",,0.00,10.0%,active
SUB-002196,1210,PROFESSIONAL, Annual ,"Jun 13, 2025",11-08-2025,USD 162.61,10%,EXPIRED
SUB-002197,1198, Free, Quarterly,02/03/2025,,$0.00,5%,Active 
SUB-002198,107,Professional ,Quarterly,12 May 2025,,$140.54,,Active
SUB-002199,993,ENTERPRISE, Annual,"Jan 06, 2025",,USD 839.71, 10% ,Active 
SUB-002200,812,Starter , Quarterly,17-04-2025,,50.59,10%, Active
SUB-002201,277,Starter,quarterly,2025-01-30,"Jul 13, 2025",$56.14,15%,cancelled
SUB-002202,894,professional,Monthly ,14 Sep 2025,,$162, 10% ,Active
SUB-002203,627,starter, Monthly,"Jul 06, 2025",,USD 51.15, 0% , Active
SUB-002204,904,Professional ,Annual,09/08/2025,,USD 165.79,10%, Active
SUB-002205,403,PROFESSIONAL, Annual ,"Feb 05, 2025",,$139.88,5.0%,ACTIVE
SUB-002206,500,professional,Quarterly ,22/03/2025,,$134.67,20.0%,Active 
SUB-002207,733,Starter , Quarterly ,"Mar 11, 2025",05/01/2025,52.56 USD,15.0%,Cancelled 
SUB-002208,1145,Business,MONTHLY,"May 29, 2025","Aug 14, 2025",276.45, 0% , Cancelled
SUB-002209,674,Starter,QUARTERLY,"Apr 14, 2025","Jan 06, 2026",$45.51,, Cancelled
SUB-002210,1094,Free , Quarterly,06-07-2025,24/01/2026,$0,15 %,Expired
SUB-002211,65,professional, Annual,"May 09, 2025",,USD 144.18,15%,Active
SUB-002212,1063, Business,Monthly ,31 May 2025,12/07/2025,316.09 USD,15%, Expired
SUB-002213,1462, Enterprise, Monthly ,17-12-2025,,$902.35,20 %,Active 
SUB-002214,1205, Starter,quarterly,09/17/2025,,$47.98,5%,Active
SUB-002215,541,Professional,quarterly,14-08-2025,05/01/2026,142.19,15.0%,Paused 
SUB-002216,137,Professional ,Monthly ,28 Oct 2025,"Aug 05, 2026",$138, 5% , Expired 
SUB-002217,338,Starter, Annual ,"Oct 26, 2025",,45.70,15%, Active 
SUB-002218,1425, Starter ,annual,2025-06-21,16 Mar 2026,44.86,5.0%, Expired
SUB-002219,853, Starter,Annual,14-06-2025,,$45.17,15 %,Active 
SUB-002220,524,Starter,Annual,2025-02-18,,USD 49.39, 10% ,Active
SUB-002221,911,Professional, Monthly ,18-03-2025,,146.05,0%, Active
SUB-002222,1244,professional, Annual ,"Jul 30, 2025",,$160, 5% , Active 
SUB-002223,626, Starter , Monthly,"May 17, 2025",,USD 54.76,20.0%,ACTIVE
SUB-002224,236, Business, Annual,02 Nov 2025,,327.76, 5% , Active
SUB-002225,751,Professional,Quarterly,14 Oct 2025,07/18/2026,153.87 USD,5.0%,CANCELLED
SUB-002226,1327,Business,Monthly ,08/09/2025,01/05/2026,USD 276.76,15 %,Cancelled
SUB-002227,1301,starter,QUARTERLY,25-04-2025,2025-06-25,$52.79, 10% ,Cancelled
SUB-002228,412, Enterprise,QUARTERLY,16/12/2025,,791.58,15%, Active
SUB-002229,227, Enterprise, Quarterly,22/10/2025,12 Jan 2026,736.21,15%, Paused
SUB-002230,606,Starter, Annual ,08/23/2025,,54.42 USD,20%, Active
SUB-002231,1474,Professional,quarterly,11 Mar 2025,11/20/2025,146.70,5.0%,Paused
SUB-002232,812,PROFESSIONAL, Monthly,10/22/2025,,142.23,20.0%,ACTIVE
SUB-002233,858, Free ,Quarterly,16 Jul 2025,03/11/2025,0.00,20%, Expired
SUB-002234,1421, Enterprise ,quarterly,30-12-2025,2026-02-14,899.30 USD, 10% ,Cancelled
SUB-002235,1437,professional, Quarterly ,2025-04-26,,USD 146.73,5 %, Active
SUB-002236,900, Professional , Quarterly ,27/05/2025,10/23/2025,147.32 USD,10%, Cancelled 
SUB-002237,844,Enterprise , Quarterly ,24-04-2025,,$834.88,5 %,Active 
SUB-002238,1364,Free,ANNUAL,04-02-2025,,0.00 USD,20.0%,Active
SUB-002239,458,PROFESSIONAL,QUARTERLY,10/13/2025,05/28/2026,136.45 USD,20 %,Cancelled
SUB-002240,646, Starter,Quarterly,01/06/2025,11/08/2025,$51, 10% ,Paused
SUB-002241,1152,professional,QUARTERLY,17 May 2025,,$170,5 %, Active 
SUB-002242,355, Enterprise,quarterly,10/15/2025,,771.45,5%,Active
SUB-002243,785,Professional, Quarterly,"Dec 07, 2025",,167.95, 10% ,Active
SUB-002244,1199,Starter,annual,09-05-2025,,55.74 USD, 5% ,ACTIVE
SUB-002245,685, Professional, Monthly ,09/12/2025,,$144.13,15.0%,ACTIVE
SUB-002246,854,business, Quarterly ,22-05-2025,12/01/2025,325.48 USD,,cancelled
SUB-002247,262,Business,Quarterly,2025-08-19,,286.95,20%,active
SUB-002248,1194,Business,Monthly ,"Nov 12, 2025",,USD 324.24,,active
SUB-002249,917, Business,Quarterly ,2025-10-11,18-01-2026,$329,0.0%,Cancelled
SUB-002250,1491,Free ,Monthly,06/15/2025,,USD 0.00,20%,Active 
SUB-002251,248,STARTER,Monthly,"Apr 21, 2025",,USD 52.87,0%, Active 
SUB-002252,1479, Business ,Quarterly ,12 Jul 2025,01 Feb 2026,329.80,5%, Paused 
SUB-002253,378,Enterprise ,MONTHLY,05-02-2025,,$790.73,15.0%, Active 
SUB-002254,154,starter,Quarterly ,2025-08-09,18/01/2026,USD 46.15, 15% ,Paused 
SUB-002255,1073,Business ,Quarterly ,"Mar 23, 2025",,275.97, 10% ,Active 
SUB-002256,154,business,quarterly,2025-01-03,02 Feb 2025,312.11,5 %,EXPIRED
SUB-002257,855, Enterprise,QUARTERLY,11-09-2025,"May 13, 2026",USD 914.48,0%,cancelled
SUB-002258,47,STARTER,annual,"Nov 16, 2025",,$54,0 %,ACTIVE
SUB-002259,1330,starter, Quarterly ,30 Jun 2025,,$49, 15% ,active
SUB-002260,267,BUSINESS, Monthly ,"Jan 12, 2025",,309.21,5 %,ACTIVE
SUB-002261,193,ENTERPRISE, Quarterly,02/20/2025,09/24/2025,$775,20 %,Expired
SUB-002262,1033,business,ANNUAL,2025-06-15,"May 06, 2026",281.29 USD, 5% ,EXPIRED
SUB-002263,1298,Business ,QUARTERLY,"Mar 14, 2025","Jan 01, 2026",$305,15%,Cancelled 
SUB-002264,353,free,annual,07/16/2025,,USD 0.00,20 %,active
SUB-002265,939,professional,Monthly,13/03/2025,,153.54,,active
SUB-002266,521, Starter , Monthly,"Nov 10, 2025",01 Jun 2026,$55.77,10.0%,cancelled
SUB-002267,1053, Free,quarterly,"Sep 12, 2025",,0.00, 0% ,Active
SUB-002268,274,business,ANNUAL,20 Oct 2025,,314.38 USD, 15% ,Active
SUB-002269,1316,starter,monthly,15 Nov 2025,,USD 45.67,5%,Active 
SUB-002270,884,Business, Annual,07-08-2025,29 Jul 2026,343.59, 20% , Paused
SUB-002271,988, Professional ,Monthly,01/27/2025,2025-04-07,$163,0.0%,Cancelled 
SUB-002272,513,Starter, Quarterly ,"Oct 13, 2025",,54.85,0 %, Active 
SUB-002273,975,business,quarterly,11/26/2025,,300.07 USD,10.0%,Active 
SUB-002274,266, Starter,monthly,04-07-2025,04-04-2026,50.25, 15% , Expired
SUB-002275,1382,STARTER,monthly,2025-02-24,2025-12-20,50.50, 20% , Cancelled
SUB-002276,72, Starter, Quarterly ,"Apr 08, 2025",,46.48, 20% ,active
SUB-002277,33,Business ,annual,05/27/2025,,USD 320.64, 20% , Active
SUB-002278,973,free,Quarterly ,10/23/2025,19/09/2026,0.00 USD,5%,cancelled
SUB-002279,650,STARTER, Monthly,03 Aug 2025,02-07-2026,USD 46.11,15 %,Cancelled 
SUB-002280,1361,business, Annual ,19-10-2025,,USD 275.55,15%,active
SUB-002281,1176,starter, Annual ,2025-05-29,2026-04-23,USD 53.14, 10% , Cancelled 
SUB-002282,898,Starter ,ANNUAL,20-06-2025,02/09/2025,47.45,0 %,Paused 
SUB-002283,866, Starter,ANNUAL,04/11/2025,,$52,20 %, Active 
SUB-002284,952,professional,Annual,2025-09-03,,$160,5%,Active
SUB-002285,62, Free , Quarterly,"Apr 02, 2025",,$0.00,15 %,active
SUB-002286,655,FREE,Quarterly ,2025-06-15,,$0,0 %, Active
SUB-002287,202, Professional ,ANNUAL,08 Jan 2025,02/07/2025,$155,0 %,cancelled
SUB-002288,559, Starter, Monthly,09/05/2025,02 Aug 2026,USD 54.75,10.0%,Expired 
SUB-002289,610, Business,Monthly,"Jan 23, 2025",21-04-2025,326.16 USD, 10% ,Paused
SUB-002290,369,professional, Quarterly,16-04-2025,10/30/2025,USD 166.45,5 %, Cancelled 
SUB-002291,992,PROFESSIONAL,Monthly ,09-05-2025,12/23/2025,$134.85,5.0%, Paused 
SUB-002292,143,Free,ANNUAL,2025-11-28,,0.00,20 %,Active
SUB-002293,1290,Business, Annual ,"Apr 04, 2025","Dec 01, 2025",$275.83,0 %,EXPIRED
SUB-002294,808, Professional ,ANNUAL,31-07-2025,,150.57 USD,15%, Active
SUB-002295,246, Business,Monthly ,29 May 2025,13/01/2026,USD 335.62,,cancelled
SUB-002296,315, Starter ,monthly,07/18/2025,02/23/2026,$50,20 %, Paused 
SUB-002297,778,Professional, Quarterly ,2025-01-06,,USD 165.75,20 %,active
SUB-002298,1071, Professional,ANNUAL,01 Nov 2025,,146.29,15%,active
SUB-002299,1393, Professional , Quarterly,09 Nov 2025,23/03/2026,$146.75,20 %,cancelled
SUB-002300,904,Starter,Annual ,06/02/2025,,$55.07, 20% , Active
SUB-002301,822,starter, Monthly ,2025-02-01,2025-09-18,49.32,5%, Cancelled
SUB-002302,531,Free ,Annual,2025-08-25,24/02/2026,USD 0.00,,expired
SUB-002303,1409, Business,ANNUAL,20/11/2025,25-10-2026,USD 286.79,5.0%,Paused 
SUB-002304,650, Professional ,Annual,07/20/2025,,169.44, 15% ,Active 
SUB-002305,1214, Professional ,Monthly ,"Aug 31, 2025",,155.50,5%,ACTIVE
SUB-002306,599,Business ,monthly,02/09/2025,,USD 325.86,,active
SUB-002307,264, Professional,Annual,10/04/2025,,$137.43,10.0%, Active
SUB-002308,1117,Business, Quarterly ,08/02/2025,,USD 305.93,15%,Active 
SUB-002309,545,STARTER, Annual,2025-11-27,,55.14,20 %, Active 
SUB-002310,747,STARTER,annual,22 Mar 2025,,$55, 10% ,Active 
SUB-002311,1005,professional,Quarterly ,10 Apr 2025,,135.84 USD,5.0%,active
SUB-002312,731,Enterprise,ANNUAL,13 Aug 2025,,779.76 USD, 15% ,Active 
SUB-002313,1329, Professional , Quarterly,03/22/2025,,150.61, 10% , Active 
SUB-002314,738,starter,Quarterly,2025-12-17,,$46.21, 20% , Active 
SUB-002315,1402, Free, Annual ,01/26/2025,08/05/2025,$0.00, 15% ,Paused 
SUB-002316,228,Professional , Quarterly ,"Sep 29, 2025",,USD 140.97,, Active
SUB-002317,1218,Professional ,quarterly,10-05-2025,,$147,0 %, Active
SUB-002318,398,business,annual,01/06/2025,,318.68,10 %, Active
SUB-002319,567,Business ,quarterly,28/04/2025,,USD 305.14,15 %,active
SUB-002320,1029, Starter,MONTHLY,26/06/2025,,$53,5 %,active
SUB-002321,591,ENTERPRISE,Monthly,06/15/2025,18 May 2026,$911.10, 0% , Paused
SUB-002322,268, Business,monthly,"Nov 16, 2025",,$277.81, 20% ,ACTIVE
SUB-002323,1204,Professional , Monthly ,07/29/2025,,$161,20%,Active 
SUB-002324,1141, Free,QUARTERLY,06/09/2025,"Apr 23, 2026",0.00, 5% ,Paused 
SUB-002325,923,BUSINESS, Annual,2025-11-01,01/11/2026,$300.08, 10% ,CANCELLED
SUB-002326,541,enterprise,Annual ,11/04/2025,14/07/2026,725.66,0 %,PAUSED
SUB-002327,978,Professional,quarterly,02/05/2025,,$139, 5% ,Active 
SUB-002328,933,Professional ,Quarterly ,"Feb 07, 2025",19-04-2025,146.01, 20% , Cancelled
SUB-002329,1214,Business ,Annual,24 Apr 2025,,$294.66,5%,ACTIVE
SUB-002330,1207, Free,QUARTERLY,"Jun 29, 2025",11/23/2025,0.00,15%,CANCELLED
SUB-002331,1494,PROFESSIONAL, Annual,25/04/2025,,USD 161.73,5 %,Active
SUB-002332,276,STARTER,monthly,07/05/2025,12/31/2025,56.01 USD, 0% ,Paused 
SUB-002333,968, Starter,annual,"Dec 10, 2025",,51.44 USD,20%,Active 
SUB-002334,827, Enterprise , Annual,"Sep 08, 2025",,USD 767.38,10.0%, Active 
SUB-002335,976, Enterprise, Quarterly,06/08/2025,,$785,20.0%, Active
SUB-002336,789,PROFESSIONAL,ANNUAL,2025-09-13,2026-06-27,USD 146.01, 15% ,CANCELLED
SUB-002337,746,professional,Quarterly ,27 Dec 2025,,USD 146.26,15%, Active 
SUB-002338,168, Free ,quarterly,10-11-2025,,0.00,5.0%, Active
SUB-002339,1059,Starter ,QUARTERLY,17 Jul 2025,,$50.60,, Active
SUB-002340,1024,Starter , Quarterly ,15-08-2025,,48.82 USD, 20% , Active 
SUB-002341,647, Professional ,Annual,"Oct 30, 2025",22 Jul 2026,$140, 20% ,Cancelled
SUB-002342,1014,starter, Quarterly ,13-04-2025,11/15/2025,$44,0 %,cancelled
SUB-002343,896, Professional , Annual ,2025-07-09,,142.25,15%,active
SUB-002344,94,Professional ,Quarterly,08/18/2025,,138.10,5.0%,Active 
SUB-002345,922,business, Monthly,"Sep 05, 2025","Mar 24, 2026",327.81 USD,20%,EXPIRED
SUB-002346,1485, Professional,quarterly,2025-02-13,,138.29,0.0%,Active 
SUB-002347,73, Business,Annual ,07/10/2025,,USD 323.24,0.0%, Active
SUB-002348,1057, Enterprise, Quarterly,08/15/2025,,USD 796.14,20 %,Active
SUB-002349,818,professional, Quarterly ,06/29/2025,,136.83,15%,Active
SUB-002350,653,ENTERPRISE,Annual,12/09/2025,2026-03-15,881.44 USD, 15% , Expired 
SUB-002351,1092, Professional ,Annual ,09/15/2025,,155.69,0 %,active
SUB-002352,433,starter,Annual,"May 30, 2025",2026-05-17,46.99 USD, 15% ,Cancelled
SUB-002353,34, Business ,MONTHLY,"Jul 09, 2025",,335.98 USD,15%, Active
SUB-002354,777,Free,ANNUAL,02 Mar 2025,,0.00,0 %, Active
SUB-002355,183,STARTER,Quarterly,2025-01-09,2026-01-09,46.57, 15% ,Cancelled 
SUB-002356,617, Free , Annual,2025-10-11,,0.00,5%, Active 
SUB-002357,788, Starter ,QUARTERLY,16 Nov 2025,,USD 52.79,15%, Active 
SUB-002358,462,BUSINESS, Quarterly,19/04/2025,,290.72 USD, 15% ,ACTIVE
SUB-002359,667, Business ,annual,19/02/2025,,273.74,20%,ACTIVE
SUB-002360,1317, Professional , Quarterly ,20-05-2025,,166.06,20.0%, Active 
SUB-002361,1245,Free , Monthly ,"Jan 18, 2025",,$0.00,, Active 
SUB-002362,1484,PROFESSIONAL,Annual,08/02/2025,,$141.39,5 %,Active
SUB-002363,897, Free,Annual,"Sep 15, 2025","Nov 21, 2025",$0.00,5 %, Paused
SUB-002364,1093,Enterprise ,MONTHLY,25-04-2025,"Apr 10, 2026",$900.92,5.0%,Expired 
SUB-002365,197, Professional, Monthly,15/07/2025,,135.72,10 %,active
SUB-002366,229, Starter, Quarterly,"Apr 23, 2025",,$53,5 %, Active
SUB-002367,353, Business , Monthly ,"Oct 27, 2025",,311.89,15 %,ACTIVE
SUB-002368,746,Free , Monthly,2025-11-20,,0.00,20.0%, Active 
SUB-002369,452,Free,QUARTERLY,11/09/2025,,0.00,15%,ACTIVE
SUB-002370,518,PROFESSIONAL,Quarterly,06/20/2025,,170.08 USD,10 %,ACTIVE
SUB-002371,582,Enterprise , Annual,04 Dec 2025,,$765, 5% , Active 
SUB-002372,756, Starter , Annual,"Dec 11, 2025",2026-05-02,45.86,0 %, Expired
SUB-002373,277,Free , Monthly,10/08/2025,13 Mar 2026,0.00 USD, 15% ,expired
SUB-002374,974,PROFESSIONAL, Monthly,12/27/2025,03/28/2026,$159.02,10.0%, Expired
SUB-002375,1421,STARTER,QUARTERLY,08-04-2025,,$49.47,10.0%,active
SUB-002376,882, Business ,MONTHLY,04/17/2025,,$311.95,0%,Active 
SUB-002377,1367, Professional,MONTHLY,2025-11-18,,161.87,5 %,Active 
SUB-002378,1031,professional, Annual ,2025-05-21,,162.90,20.0%, Active
SUB-002379,148, Starter ,Monthly ,16/04/2025,,55.37,5%, Active 
SUB-002380,509,starter, Quarterly,23/03/2025,,49.33,5 %, Active 
SUB-002381,880,Professional ,Quarterly,"Nov 11, 2025",,USD 145.03, 20% , Active
SUB-002382,1101,Enterprise , Annual ,28/12/2025,,$847, 10% ,ACTIVE
SUB-002383,1244, Professional , Monthly,14/04/2025,,USD 149.59,10 %, Active
SUB-002384,1034, Starter, Annual ,03-01-2025,30-05-2025,USD 51.38,10.0%,paused
SUB-002385,66, Starter, Quarterly,"Mar 05, 2025",2025-05-28,49.24,5.0%,PAUSED
SUB-002386,85,enterprise,Annual,15 Dec 2025,,749.66,5%,Active 
SUB-002387,33,starter,quarterly,24-05-2025,,49.85 USD,0%,Active
SUB-002388,1223,STARTER,annual,2025-12-21,2026-12-15,52.56, 20% , Cancelled 
SUB-002389,494,PROFESSIONAL,Annual,02/18/2025,,$164,5%,Active
SUB-002390,1380,professional, Quarterly ,07-01-2025,,152.48,5%,ACTIVE
SUB-002391,814,FREE, Monthly,"Jul 30, 2025",10 Nov 2025,$0,5.0%,paused
SUB-002392,690, Starter ,Annual,23/12/2025,,49.18,, Active
SUB-002393,257, Free,Annual ,"May 29, 2025",,0.00,10%, Active
SUB-002394,279, Business, Annual ,02/02/2025,,299.96 USD,20 %,Active 
SUB-002395,811,Professional ,Quarterly,26-01-2025,"Sep 27, 2025",USD 160.05,5.0%,Paused
SUB-002396,596, Free , Monthly,2025-08-30,06/25/2026,0.00 USD,0%,paused
SUB-002397,1268,free, Monthly,2025-01-14,01-09-2025,$0.00,10.0%, Paused 
SUB-002398,583,Professional , Annual ,"Jun 17, 2025","Jun 01, 2026",$164,15.0%,Expired
SUB-002399,474,starter,monthly,"Sep 30, 2025",,45.13 USD,10.0%,active
SUB-002400,1178,Professional,Annual,03/31/2025,"Sep 08, 2025",USD 153.65,10.0%,Paused 
SUB-002401,1401,enterprise, Quarterly ,2025-09-08,"Mar 06, 2026",$761,10 %,CANCELLED
SUB-002402,740, Professional ,Quarterly ,07/10/2025,,USD 136.60, 15% , Active
SUB-002403,444,PROFESSIONAL, Annual ,25 Sep 2025,,152.83,10%,ACTIVE
SUB-002404,689, Professional , Annual,10 Sep 2025,,152.71,0%,Active 
SUB-002405,1191,Free, Monthly ,2025-03-01,,0.00 USD, 5% ,Active 
SUB-002406,1448,PROFESSIONAL, Quarterly ,09-04-2025,,$162,0 %,ACTIVE
SUB-002407,38,Starter , Monthly ,09/06/2025,,53.02 USD, 0% ,active
SUB-002408,15, Business ,Quarterly ,27/03/2025,2025-05-23,299.71, 15% ,paused
SUB-002409,792,PROFESSIONAL,Monthly,"Apr 29, 2025",,157.63 USD,0.0%,Active
SUB-002410,16,Free ,MONTHLY,12/20/2025,,0.00, 20% ,Active
SUB-002411,685,Business,Annual ,2025-12-07,,$301,10%,Active
SUB-002412,682, Professional,quarterly,04/30/2025,,$156, 5% ,Active
SUB-002413,967,business, Monthly ,2025-07-05,,339.91 USD,0.0%,Active 
SUB-002414,771, Professional , Monthly,2025-01-28,,141.29 USD, 10% ,Active 
SUB-002415,344,Enterprise, Quarterly ,08/17/2025,,$900,10%,ACTIVE
SUB-002416,965, Free ,Quarterly ,"Apr 09, 2025",,0.00, 15% ,active
SUB-002417,807,Enterprise , Quarterly ,"Sep 27, 2025",,$781,20%, Active
SUB-002418,1493,PROFESSIONAL,Monthly,2025-02-20,,$144.83, 0% ,active
SUB-002419,1482,STARTER,MONTHLY,30-05-2025,05-12-2025,51.77 USD,20%, Cancelled 
SUB-002420,418,Professional ,Annual,29 Aug 2025,14-11-2025,138.99, 10% ,EXPIRED
SUB-002421,651,professional,ANNUAL,2025-06-30,,$166.97,0%, Active
SUB-002422,826,business, Monthly ,2025-08-25,,$331.03,0%, Active 
SUB-002423,258, Professional ,Annual,24-04-2025,12/04/2026,$158.39,20.0%,EXPIRED
SUB-002424,963,Professional,Quarterly ,2025-08-05,,USD 151.18, 0% ,ACTIVE
SUB-002425,266,business,ANNUAL,2025-01-30,2025-12-09,338.84, 15% ,cancelled
SUB-002426,556,BUSINESS, Monthly,06/05/2025,09/05/2025,USD 331.20,0 %, Paused
SUB-002427,296, Starter , Annual,03/16/2025,,50.22 USD,0%,Active
SUB-002428,866,Enterprise ,QUARTERLY,2025-07-24,,USD 859.30, 20% ,Active 
SUB-002429,305,Starter, Annual,08/05/2025,,51.04, 5% ,ACTIVE
SUB-002430,386,BUSINESS,Monthly,20-02-2025,2026-01-13,313.05, 10% ,Paused
SUB-002431,197, Professional , Monthly ,09/01/2025,23 Jan 2026,146.43,0.0%, Paused 
SUB-002432,216, Business , Monthly,"Sep 12, 2025",,303.64, 0% , Active
SUB-002433,770,FREE,Annual,27 Sep 2025,,USD 0.00, 0% , Active 
SUB-002434,570,PROFESSIONAL, Quarterly ,06/06/2025,11/04/2025,USD 147.41,5 %,expired
SUB-002435,885,Business ,QUARTERLY,18/01/2025,,321.11,15.0%,Active
SUB-002436,1364,BUSINESS,Annual,"Sep 05, 2025",29/10/2025,340.35,10%,Cancelled
SUB-002437,237,PROFESSIONAL, Annual ,2025-07-23,,USD 169.97, 15% ,active
SUB-002438,1157,FREE, Annual,"Dec 03, 2025",04/11/2026,$0,0%,Paused 
SUB-002439,547, Professional,monthly,19 Jul 2025,,$157,0.0%,ACTIVE
SUB-002440,158,PROFESSIONAL,Annual,18 Feb 2025,,USD 141.02,10 %,active
SUB-002441,1000, Professional , Annual ,14 Jan 2025,,$160.00,20 %,Active 
SUB-002442,413,Free ,MONTHLY,"Mar 18, 2025",08/12/2025,$0,0.0%,paused
SUB-002443,430, Starter,monthly,04/05/2025,,$47.59,15.0%,Active 
SUB-002444,705, Enterprise ,Quarterly,03/05/2025,,$852.61,15.0%,ACTIVE
SUB-002445,358,PROFESSIONAL, Annual ,11-09-2025,,145.66 USD,5 %,ACTIVE
SUB-002446,369,Enterprise ,MONTHLY,13/12/2025,2026-01-18,729.06,5.0%, Expired
SUB-002447,535, Starter ,Annual ,09/18/2025,,54.29 USD, 20% ,Active
SUB-002448,1357, Starter ,Annual,"Mar 11, 2025",08/03/2025,47.90,10 %, Cancelled
SUB-002449,1245, Business ,annual,07-11-2025,,273.82 USD,10 %,Active 
SUB-002450,714, Professional ,Monthly,24/09/2025,"May 28, 2026",136.89 USD,0%,cancelled
SUB-002451,657,Starter,Annual,2025-11-22,,47.18, 5% ,active
SUB-002452,764, Enterprise,Annual ,01/23/2025,,$755, 10% , Active 
SUB-002453,1499,business,monthly,19/04/2025,,$326.98,5 %,active
SUB-002454,1073,BUSINESS,annual,"Aug 31, 2025",,$293.15,20.0%, Active
SUB-002455,25, Enterprise,Quarterly ,15/10/2025,2026-02-27,879.84 USD,20%, Expired
SUB-002456,1135,Starter ,Quarterly ,29/11/2025,,46.23,0%,ACTIVE
SUB-002457,219, Professional ,Monthly ,"Aug 18, 2025","Feb 02, 2026",152.46 USD,10%,expired
SUB-002458,910,Professional,Annual,13/08/2025,17/06/2026,159.73,5%, Expired 
SUB-002459,513,PROFESSIONAL,QUARTERLY,2025-03-28,,158.39,10 %,Active
SUB-002460,32,Starter ,monthly,02/07/2025,,51.46,20%, Active 
SUB-002461,255,Business , Monthly ,08 Dec 2025,,338.23 USD, 5% ,Active
SUB-002462,280,Business ,annual,05/24/2025,,$286,20 %, Active 
SUB-002463,726,Starter,MONTHLY,10/07/2025,,50.15 USD,10%, Active
SUB-002464,34, Professional , Quarterly ,15-12-2025,10/12/2026,167.03 USD,0%,Expired
SUB-002465,1174,BUSINESS,MONTHLY,09 Aug 2025,07/07/2026,$274.92,0.0%, Cancelled
SUB-002466,421, Business,Monthly ,2025-05-11,14-02-2026,$273.28,5.0%, Cancelled
SUB-002467,1172,Professional ,monthly,2025-01-15,,$142.79, 20% ,ACTIVE
SUB-002468,1060,STARTER, Quarterly,15 Mar 2025,07/16/2025,51.85 USD, 15% , Expired
SUB-002469,1145,Starter, Quarterly,05/05/2025,,47.28 USD,10%,ACTIVE
SUB-002470,1468,business,Quarterly,14-08-2025,,283.32 USD,0%,Active 
SUB-002471,708,PROFESSIONAL, Annual ,06 Nov 2025,,151.19,5%,Active 
SUB-002472,203,PROFESSIONAL, Quarterly,10/04/2025,25 Mar 2026,156.96,10%, Expired 
SUB-002473,916, Starter ,MONTHLY,2025-01-18,03/17/2025,USD 47.14, 10% , Paused
SUB-002474,992,Business,Quarterly,05 Jan 2025,,291.58,5 %,ACTIVE
SUB-002475,1232,Business,annual,05/05/2025,,USD 314.96,0%,ACTIVE
SUB-002476,69,Starter,Annual ,2025-10-03,,55.69, 15% , Active
SUB-002477,736,STARTER,Quarterly,2025-01-03,02/22/2025,USD 52.37,0 %,PAUSED
SUB-002478,735,STARTER, Quarterly ,"Jul 17, 2025",,53.69, 5% ,active
SUB-002479,740,PROFESSIONAL, Quarterly,10-10-2025,,147.76 USD, 5% , Active
SUB-002480,865,Free ,MONTHLY,29 Sep 2025,,$0.00,15%,Active 
SUB-002481,230,Starter,Monthly ,16 Jul 2025,,$49.66, 10% ,Active 
SUB-002482,676, Professional,Quarterly,04-05-2025,,164.17,0%, Active 
SUB-002483,887,Professional, Quarterly ,2025-09-05,09 Jan 2026,151.10 USD,15.0%, Expired 
SUB-002484,507,STARTER,QUARTERLY,25-07-2025,,$54.47,5 %,Active 
SUB-002485,521,ENTERPRISE, Quarterly ,"Jul 14, 2025",,$917,10.0%,ACTIVE
SUB-002486,1400,Starter,Annual,05/10/2025,,44.98,20.0%,ACTIVE
SUB-002487,1399,Professional , Quarterly,31 Dec 2025,,USD 135.79, 5% ,Active 
SUB-002488,190,Business,Quarterly,"Jun 03, 2025",06 Dec 2025,280.28,20 %,PAUSED
SUB-002489,1115, Starter , Quarterly ,05/01/2025,"Aug 18, 2025",USD 48.81,20 %,Expired 
SUB-002490,38, Professional,QUARTERLY,"May 05, 2025",,138.98,15.0%, Active
SUB-002491,1088,Free ,Monthly,"May 21, 2025",16-08-2025,$0.00,10 %,expired
SUB-002492,1103, Professional, Quarterly,15 Aug 2025,,134.96,15%, Active 
SUB-002493,1251,free, Monthly,11/04/2025,,0.00 USD, 10% ,Active 
SUB-002494,1348, Professional,Monthly,"Feb 27, 2025",,140.98,20 %, Active
SUB-002495,653, Professional ,monthly,18 Nov 2025,,$169,15 %, Active
SUB-002496,96,Professional,QUARTERLY,2025-08-17,,159.04,15 %, Active
SUB-002497,114,STARTER,QUARTERLY,"Jan 10, 2025",08/16/2025,$55.27, 10% , Cancelled
SUB-002498,664,STARTER, Quarterly ,"Nov 19, 2025",,56.01, 10% ,ACTIVE
SUB-002499,690,business,annual,08/31/2025,,USD 306.26, 15% ,active
SUB-002500,7,Business, Quarterly ,14-01-2025,03/06/2025,286.62,10 %,paused
SUB-002501,1082,PROFESSIONAL, Annual ,"Mar 15, 2025",,$141,20 %,Active
SUB-002502,1470,Professional,quarterly,22-03-2025,13-11-2025,$142,15%, Cancelled 
SUB-002503,384,business, Quarterly ,"Dec 15, 2025",10/17/2026,322.07 USD, 10% ,Expired
SUB-002504,116,enterprise, Annual,23-07-2025,19-02-2026,USD 727.18, 15% ,expired
SUB-002505,570,Professional ,Quarterly,28-05-2025,,136.01 USD,0 %,Active 
SUB-002506,684,free,ANNUAL,2025-08-30,2026-08-05,0.00,10%,EXPIRED
SUB-002507,875,professional,annual,2025-02-01,,158.02,20%,Active
SUB-002508,1073,free,monthly,07-06-2025,07/16/2025,0.00 USD,20.0%, Expired
SUB-002509,1176,Business ,Monthly,2025-05-23,,USD 296.90,0 %, Active 
SUB-002510,1183,Professional ,ANNUAL,10-11-2025,,164.12,5%,active
SUB-002511,140,Enterprise,ANNUAL,21-03-2025,,825.69, 20% ,Active
SUB-002512,169,PROFESSIONAL,Monthly ,07-04-2025,06-06-2025,USD 138.03,20 %, Expired 
SUB-002513,1188,Starter , Monthly ,21/10/2025,24 Feb 2026,53.86, 10% , Paused 
SUB-002514,588, Business, Annual ,14-09-2025,,340.34 USD, 5% , Active 
SUB-002515,1127, Professional, Quarterly,28/01/2025,29 May 2025,$136.34,0 %,Cancelled 
SUB-002516,419,BUSINESS,quarterly,23/03/2025,,298.35,10 %,Active 
SUB-002517,1242,starter, Annual ,21-11-2025,,50.07 USD,20 %,Active 
SUB-002518,1472, Professional ,Annual ,07 Sep 2025,,$140, 5% ,Active 
SUB-002519,163, Business, Annual,08/12/2025,,333.96,,Active 
SUB-002520,171,Free , Monthly,"Aug 15, 2025",,0.00, 5% ,active
SUB-002521,577,Starter,quarterly,2025-09-06,,53.69,20%,ACTIVE
SUB-002522,159,business,Monthly ,08/24/2025,28/10/2025,USD 319.26,20.0%, Expired
SUB-002523,116,Enterprise,MONTHLY,"Aug 05, 2025",,838.56,20.0%,ACTIVE
SUB-002524,651, Free ,Annual,2025-04-18,,$0.00, 0% ,Active 
SUB-002525,619, Professional,Quarterly,26 Apr 2025,2025-09-15,USD 142.32,0%, Paused 
SUB-002526,1420,PROFESSIONAL, Annual,2025-04-08,,135.86,,Active
SUB-002527,379, Enterprise,annual,25/12/2025,"May 13, 2026",767.18,15%,Paused
SUB-002528,12,Free,Quarterly ,"Oct 17, 2025",,0.00 USD,5.0%, Active 
SUB-002529,1388,Business , Monthly,01/01/2025,,331.38,5 %, Active
SUB-002530,109,STARTER,Annual ,10 Jun 2025,2025-11-14,48.59,10 %,Expired
SUB-002531,132,BUSINESS,Annual,2025-01-16,07/20/2025,USD 325.51,0.0%,Paused
SUB-002532,1450,starter, Quarterly,09-11-2025,"Jan 07, 2026",49.48 USD, 15% , Paused
SUB-002533,993,PROFESSIONAL, Quarterly,26/01/2025,11/09/2025,163.34, 10% ,Expired
SUB-002534,560,Starter ,QUARTERLY,25 Jul 2025,10 Mar 2026,USD 56.06,0 %,Expired
SUB-002535,1493, Business, Quarterly,2025-05-13,2025-09-01,287.03,20%, Expired
SUB-002536,114, Professional ,ANNUAL,01/11/2025,23-10-2025,$166.22,20.0%, Paused
SUB-002537,1008, Business ,QUARTERLY,2025-06-16,12/01/2025,315.58,10.0%,Expired 
SUB-002538,534,Business ,Annual ,2025-07-27,,USD 330.19, 0% ,Active
SUB-002539,133, Starter , Monthly,27/04/2025,,52.08, 20% ,Active 
SUB-002540,910, Free ,Monthly ,2025-05-11,,0.00,,Active
SUB-002541,912,Enterprise, Annual,"Oct 03, 2025",,$764.66, 0% ,active
SUB-002542,873, Professional , Quarterly ,20-03-2025,18-02-2026,136.71,5%, Cancelled 
SUB-002543,98,Starter, Monthly,24-08-2025,2025-10-12,$50.66,10 %,CANCELLED
SUB-002544,228, Business,Annual ,01/04/2025,,343.13 USD, 15% ,ACTIVE
SUB-002545,743, Professional,Monthly,29-09-2025,,161.59,15 %,active
SUB-002546,1410,free,ANNUAL,"Mar 23, 2025",2026-01-30,0.00,5.0%,Cancelled
SUB-002547,1301,professional, Monthly ,02/26/2025,,$165,,Active 
SUB-002548,455, Starter ,Quarterly ,2025-05-24,18/03/2026,USD 53.52,0%,CANCELLED
SUB-002549,1215, Professional ,Quarterly ,"May 27, 2025",2026-04-24,$144.59,15.0%, Cancelled 
SUB-002550,339, Starter,Quarterly,08 Mar 2025,,$44.28,5%,active
SUB-002551,733,professional, Annual ,2025-01-20,17 Jan 2026,USD 138.50,15 %, Cancelled 
SUB-002552,494,Professional ,Monthly,07/10/2025,2026-02-05,166.78,20 %, Paused
SUB-002553,158,Professional , Quarterly,19 Mar 2025,12/10/2025,165.26,15%,paused
SUB-002554,737,Starter,Quarterly ,20/09/2025,,47.72 USD, 5% ,ACTIVE
SUB-002555,737,Free,Annual ,11-01-2025,,$0,,active
SUB-002556,1331, Business ,QUARTERLY,2025-02-19,2025-07-01,$328.37,20%, Expired
SUB-002557,798, Starter ,Quarterly ,21/09/2025,,$55.59,5%,ACTIVE
SUB-002558,882, Free ,Annual ,"Jun 10, 2025",10 Jul 2025,USD 0.00,15 %,Expired
SUB-002559,787,Starter,ANNUAL,05/06/2025,,51.52,20%, Active 
SUB-002560,645,business, Monthly,30 Jan 2025,,$287,0%,active
SUB-002561,933,PROFESSIONAL, Quarterly ,2025-02-28,2025-04-23,$154, 0% , Paused
SUB-002562,673,Starter ,MONTHLY,05/10/2025,,46.96, 0% ,Active
SUB-002563,784, Starter,monthly,09/14/2025,,54.00,0.0%,active
SUB-002564,27,PROFESSIONAL,Monthly,2025-10-02,,148.51 USD, 10% ,active
SUB-002565,518, Professional ,MONTHLY,2025-08-13,,USD 165.16,,Active
SUB-002566,427, Enterprise ,ANNUAL,2025-12-21,,$795,20%,ACTIVE
SUB-002567,190, Business,MONTHLY,07 Mar 2025,,$330.71, 0% , Active 
SUB-002568,766,free,quarterly,25-10-2025,,0.00,5.0%, Active
SUB-002569,1151, Professional,Annual ,16/05/2025,,$150.49,20.0%, Active 
SUB-002570,758,STARTER, Monthly,05/11/2025,,51.64,0%, Active
SUB-002571,166,STARTER,Monthly ,2025-04-15,,44.96 USD, 20% ,Active 
SUB-002572,143, Professional,QUARTERLY,19/07/2025,,169.42, 5% , Active 
SUB-002573,1420,STARTER,ANNUAL,06-06-2025,"May 07, 2026",$51.13, 10% ,Paused
SUB-002574,1113, Professional ,Monthly,"May 31, 2025",,153.02,5 %, Active
SUB-002575,468,STARTER,annual,24/01/2025,,54.38 USD,0.0%, Active 
SUB-002576,1062,professional,MONTHLY,2025-02-23,"Mar 27, 2025",USD 166.35,15.0%, Cancelled
SUB-002577,34, Starter, Monthly,08-06-2025,,$50, 20% , Active
SUB-002578,83, Business,ANNUAL,20-03-2025,,USD 338.41,5 %, Active
SUB-002579,415,professional,Monthly ,2025-07-02,,$137,15.0%,active
SUB-002580,389,Business ,Monthly ,"Oct 16, 2025",,277.56 USD, 0% , Active
SUB-002581,1024, Free , Annual,27/08/2025,,$0.00,20%,Active 
SUB-002582,1039,Professional , Annual ,31/07/2025,"Apr 22, 2026",USD 147.29,15%, Expired
SUB-002583,1116,Enterprise , Quarterly ,"Jan 06, 2025",,$811.83,15.0%, Active
SUB-002584,1205, Free ,ANNUAL,25-03-2025,,0.00,, Active
SUB-002585,1119, Business ,ANNUAL,2025-08-19,,USD 299.35,5 %,Active 
SUB-002586,907,free,MONTHLY,"Jan 22, 2025",,USD 0.00,20%,Active 
SUB-002587,1119, Enterprise,Quarterly ,"May 13, 2025",,$837.65, 20% ,Active 
SUB-002588,506, Starter , Quarterly ,12/06/2025,,56.32,,active
SUB-002589,205, Starter , Annual ,16-09-2025,05/20/2026,$53.74, 15% , Cancelled 
SUB-002590,1241,Business,Quarterly ,22-11-2025,14 Nov 2026,$290,5%, Cancelled 
SUB-002591,434,Professional,monthly,25-11-2025,06 Aug 2026,$144,5 %,Cancelled
SUB-002592,589,Enterprise , Monthly ,2025-06-20,26/03/2026,USD 786.20,10 %,cancelled
SUB-002593,1464,free,MONTHLY,03-03-2025,"Oct 17, 2025",$0, 10% , Expired 
SUB-002594,517,starter, Monthly ,2025-09-12,05/30/2026,USD 44.43,5 %, Paused
SUB-002595,891,STARTER, Annual ,08-06-2025,03/31/2026,$46.92,15%,EXPIRED
SUB-002596,906,Professional , Quarterly ,17-07-2025,,$168, 20% , Active
SUB-002597,703,PROFESSIONAL,QUARTERLY,"Jun 25, 2025",09-10-2025,157.94,10 %,cancelled
SUB-002598,1250, Starter , Annual,29-01-2025,"May 08, 2025",46.88,5%, Paused
SUB-002599,1365,free, Quarterly,14 May 2025,,0.00 USD,, Active 
SUB-002600,1101,Professional , Monthly ,"Nov 12, 2025",,$166,5 %,active
SUB-002601,318,professional,Quarterly ,05-08-2025,,167.39,15%,Active
SUB-002602,465,Professional,Quarterly ,09/12/2025,,143.64 USD,20 %, Active 
SUB-002603,163,business, Annual ,03/24/2025,,$300.53,15 %,Active
SUB-002604,108, Business, Monthly ,2025-08-08,,$331,10 %,Active
SUB-002605,584,Professional,Monthly ,2025-10-18,20-11-2025,162.82, 0% , Paused 
SUB-002606,1215,Business,Quarterly,23-06-2025,"Aug 11, 2025",329.94,5 %,paused
SUB-002607,1341, Business ,QUARTERLY,02/06/2025,04 Jul 2025,307.85 USD, 5% , Expired 
SUB-002608,1382, Professional,annual,23/08/2025,2025-10-20,168.06,5 %,CANCELLED
SUB-002609,819,Professional , Monthly ,24 Jan 2025,10-01-2026,$146.24,0%, Cancelled
SUB-002610,191,Starter,Quarterly,01-01-2025,,46.02,10.0%,active
SUB-002611,939, Enterprise ,QUARTERLY,06 May 2025,,860.67, 20% ,active
SUB-002612,883, Professional, Quarterly,01 Feb 2025,07/26/2025,$154.19,5%, Expired
SUB-002613,31,starter, Quarterly ,"Dec 25, 2025",,$55,10 %,ACTIVE
SUB-002614,736,Professional,ANNUAL,10 Sep 2025,2026-01-13,USD 137.12, 20% ,PAUSED
SUB-002615,336, Enterprise,ANNUAL,26 Mar 2025,14/06/2025,$887.63,0.0%, Cancelled 
SUB-002616,275,PROFESSIONAL,quarterly,23/08/2025,17 Aug 2026,145.03 USD, 10% ,CANCELLED
SUB-002617,1391,PROFESSIONAL, Quarterly,13-09-2025,09/11/2025,158.49,10 %, Cancelled 
SUB-002618,562, Enterprise ,QUARTERLY,2025-03-18,"Aug 03, 2025",$727.12,20 %, Cancelled
SUB-002619,1286,Business , Annual,"Feb 08, 2025",,314.67, 20% ,active
SUB-002620,1257, Professional ,ANNUAL,19/10/2025,,$160.82,15.0%,Active 
SUB-002621,260,professional,ANNUAL,"Jun 28, 2025","Aug 22, 2025",$147.84,15%,PAUSED
SUB-002622,1318,Professional , Annual ,10/21/2025,,142.12 USD, 10% , Active 
SUB-002623,719,business,QUARTERLY,03/01/2025,2025-08-24,USD 309.29,5 %, Cancelled 
SUB-002624,55, Professional ,monthly,"Aug 01, 2025",10/06/2025,$165, 5% ,expired
SUB-002625,661,Enterprise, Annual ,02-12-2025,14/11/2026,USD 783.73,10%,paused
SUB-002626,1072,STARTER, Annual ,21/02/2025,2025-10-10,USD 47.19,,CANCELLED
SUB-002627,525, Starter, Quarterly ,11-10-2025,,$47.52,5 %,Active
SUB-002628,758, Business , Quarterly,13/01/2025,,340.05,0.0%,active
SUB-002629,909, Professional,QUARTERLY,03-12-2025,09/03/2026,$147.48,,Expired 
SUB-002630,1076,Free , Annual ,09 Sep 2025,,0.00 USD,20 %,Active 
SUB-002631,1060,Professional ,Annual ,"Jun 18, 2025",,163.22,5.0%, Active
SUB-002632,1159,Business, Annual ,"Jun 03, 2025",,$321,10.0%,Active 
SUB-002633,743, Professional,annual,19 Oct 2025,,$139,5%,Active
SUB-002634,859,BUSINESS,quarterly,23-02-2025,,342.72,20 %,Active 
SUB-002635,1012,enterprise,quarterly,2025-11-26,,USD 840.56,5 %,Active 
SUB-002636,467,FREE, Annual,2025-04-20,,$0,15 %, Active 
SUB-002637,195,Business,Quarterly,2025-07-04,,$297.67,5.0%, Active
SUB-002638,1083, Professional , Annual,2025-11-09,2026-09-02,167.58,10%, Cancelled 
SUB-002639,257, Enterprise,monthly,2025-09-20,"Sep 17, 2026",USD 767.83,0%,EXPIRED
SUB-002640,442, Business, Quarterly ,"Nov 03, 2025",,USD 290.46,20.0%, Active 
SUB-002641,1020, Starter ,Quarterly ,06-04-2025,,45.60,20.0%,Active
SUB-002642,158, Business,quarterly,25 Mar 2025,2026-01-24,325.84, 5% , Cancelled
SUB-002643,1235, Starter ,Monthly ,06/08/2025,2025-11-13,$51,10 %, Expired 
SUB-002644,554, Starter ,ANNUAL,22 Oct 2025,19/02/2026,$52, 15% ,Paused
SUB-002645,1177,ENTERPRISE, Annual,14/03/2025,21 May 2025,USD 762.74,15 %,Cancelled 
SUB-002646,679,Free ,quarterly,01/31/2025,,$0.00,0%,Active
SUB-002647,393, Free,ANNUAL,"Aug 11, 2025",,$0.00, 0% ,ACTIVE
SUB-002648,765, Professional , Monthly,14 Nov 2025,,147.43,15%,Active
SUB-002649,1475,Starter,Annual,19/05/2025,,53.92, 0% ,ACTIVE
SUB-002650,929,PROFESSIONAL, Quarterly ,25-08-2025,,147.09 USD,15.0%,Active 
SUB-002651,1317, Professional,Quarterly ,02/12/2025,"Mar 15, 2025",$162.34,10.0%,cancelled
SUB-002652,500,FREE, Quarterly ,07-08-2025,05 Nov 2025,$0.00,5 %,Cancelled
SUB-002653,769,Enterprise,QUARTERLY,23/04/2025,09/12/2025,829.20 USD,15%, Expired
SUB-002654,1453,Professional,Annual ,02 Aug 2025,,170.21,5%,ACTIVE
SUB-002655,116,Professional ,Monthly,10/08/2025,,170.65,15 %,Active
SUB-002656,680, Professional , Quarterly ,02-03-2025,,144.60,20 %, Active 
SUB-002657,416,Starter ,Annual ,26-05-2025,,USD 49.51,0%,Active 
SUB-002658,945,Starter ,quarterly,2025-02-05,"Jan 10, 2026",USD 44.87,5 %,Expired 
SUB-002659,1059,Starter ,quarterly,08/20/2025,06/06/2026,54.80, 20% ,Expired 
SUB-002660,826,enterprise, Annual,07/20/2025,,$833,15.0%, Active 
SUB-002661,480,FREE, Monthly,10/19/2025,"May 03, 2026",0.00,0%,Cancelled
SUB-002662,399, Business , Monthly ,2025-07-16,,$277.53, 5% , Active
SUB-002663,914,business,Annual ,03/02/2025,,339.87,20 %,ACTIVE
SUB-002664,1248, Professional,MONTHLY,2025-11-25,,$154, 0% , Active 
SUB-002665,1311, Starter, Monthly ,05/12/2025,,47.57,20%,active
SUB-002666,242, Business ,Annual,02 Feb 2025,,295.28 USD,20 %,Active 
SUB-002667,48, Free ,QUARTERLY,11/01/2025,,$0, 15% ,Active
SUB-002668,711,professional,Annual ,02/03/2025,,156.52 USD,20 %,Active 
SUB-002669,1157, Business,Annual ,"Nov 17, 2025",2026-03-09,$338.61,20 %, Paused 
SUB-002670,103,Professional, Annual,07 Feb 2025,13-08-2025,USD 166.01,10 %,Expired
SUB-002671,211,PROFESSIONAL,quarterly,2025-12-17,,151.25,20 %,Active
SUB-002672,1141,enterprise,QUARTERLY,23 Sep 2025,2026-08-02,884.19,, Cancelled
SUB-002673,1458,Professional,Annual,15/06/2025,2025-12-07,149.86 USD,5%,CANCELLED
SUB-002674,133,Business ,Annual ,"Jul 31, 2025",,287.96,10.0%,active
SUB-002675,1406, Starter ,Quarterly,"Nov 21, 2025",05/05/2026,$56, 15% ,Paused 
SUB-002676,434,Starter,Quarterly,08/02/2025,,47.82,0.0%,active
SUB-002677,538, Enterprise , Monthly,2025-03-16,,$784, 15% ,Active 
SUB-002678,627,Business , Monthly ,05 Aug 2025,,343.08, 5% ,ACTIVE
SUB-002679,407,Professional , Quarterly ,2025-10-03,2026-03-05,$139.09, 0% , Cancelled 
SUB-002680,695,professional,Annual ,"May 22, 2025",08/12/2025,162.43,10.0%,cancelled
SUB-002681,420,professional,Monthly,16-09-2025,06/26/2026,168.96 USD, 20% ,cancelled
SUB-002682,1396, Enterprise ,monthly,2025-03-17,,USD 821.33,10.0%,Active 
SUB-002683,716,business,Quarterly ,2025-10-22,02-07-2026,269.29 USD,10.0%,EXPIRED
SUB-002684,39, Free ,Annual ,2025-05-13,11/25/2025,$0,10.0%,Expired 
SUB-002685,600,free,ANNUAL,05 Oct 2025,,0.00,15 %, Active 
SUB-002686,369,professional, Annual ,20 Aug 2025,,149.60,15 %, Active 
SUB-002687,446,professional, Annual ,31/01/2025,,163.53,20.0%,active
SUB-002688,1448,Professional,Quarterly,08/24/2025,,150.44 USD,0.0%, Active 
SUB-002689,921, Business,MONTHLY,03-06-2025,15 Feb 2026,$301,,cancelled
SUB-002690,999,Free,Quarterly ,2025-10-30,,USD 0.00, 15% ,active
SUB-002691,1037, Starter ,annual,09 Oct 2025,06/02/2026,USD 51.23,0 %,CANCELLED
SUB-002692,928,PROFESSIONAL,QUARTERLY,04/10/2025,2025-11-25,166.00 USD, 15% , Cancelled
SUB-002693,317,ENTERPRISE, Monthly,01/07/2025,,USD 780.69, 5% ,active
SUB-002694,1205,Professional, Annual,2025-07-17,,$165,20 %,Active
SUB-002695,1493,PROFESSIONAL,ANNUAL,2025-11-30,,$155.18,20 %, Active 
SUB-002696,1084, Starter,annual,"Mar 19, 2025",,$48,0 %,Active
SUB-002697,627,Professional,Quarterly,17/09/2025,,145.09,15.0%, Active 
SUB-002698,26,PROFESSIONAL, Annual ,2025-06-20,18 Oct 2025,$148,15 %,Cancelled 
SUB-002699,615,Free ,Monthly ,"Jun 13, 2025",,USD 0.00,20%, Active 
SUB-002700,1124,Business,Annual,16-07-2025,2025-09-19,286.35,20.0%,cancelled
SUB-002701,1442, Professional ,MONTHLY,"Jul 31, 2025",,USD 168.38, 20% ,ACTIVE
SUB-002702,558, Starter, Quarterly ,10 Mar 2025,06-07-2025,51.14,5 %,cancelled
SUB-002703,1145,Business,MONTHLY,07/02/2025,"Nov 22, 2025",337.87,0.0%,Cancelled
SUB-002704,1211,Enterprise , Annual ,09/07/2025,,728.37 USD,15%,Active 
SUB-002705,249, Professional,monthly,"Feb 03, 2025",2025-07-25,USD 146.86,15.0%,Expired
SUB-002706,252,STARTER, Quarterly,2025-07-02,,44.38 USD,15%,active
SUB-002707,1406, Starter,Monthly,02/06/2025,,47.44 USD,0.0%,active
SUB-002708,1012,Business ,ANNUAL,"Oct 06, 2025",,333.53 USD,0%, Active
SUB-002709,448, Free,quarterly,01-03-2025,,$0.00,5%,Active
SUB-002710,1178, Starter,Monthly ,22 Jan 2025,,49.44 USD, 0% ,Active
SUB-002711,462, Professional ,Annual,2025-03-28,,138.48 USD,,Active
SUB-002712,362,FREE,Annual,2025-12-01,11/01/2026,0.00,0 %,Expired
SUB-002713,1443, Starter,quarterly,2025-01-19,02 May 2025,USD 54.38, 15% ,PAUSED
SUB-002714,100, Professional , Annual ,10/10/2025,,157.31 USD,5.0%,active
SUB-002715,743,FREE,Quarterly,2025-12-30,,0.00, 5% , Active
SUB-002716,245,professional,monthly,05 Jul 2025,24/09/2025,$147.10,10 %, Cancelled
SUB-002717,416, Free,ANNUAL,2025-03-18,,USD 0.00,0.0%,ACTIVE
SUB-002718,1162,Professional ,Quarterly,01/08/2025,,160.52,5.0%, Active 
SUB-002719,1060,Enterprise ,Quarterly,"Sep 04, 2025",,803.35,5%, Active 
SUB-002720,24, Free , Annual,02-06-2025,,0.00,5%,Active
SUB-002721,1461, Starter,ANNUAL,2025-05-04,,$55.35,10.0%,Active 
SUB-002722,524, Business, Quarterly ,07/04/2025,,USD 312.19,10.0%,Active
SUB-002723,201,professional,Annual,2025-11-03,,160.41,,Active
SUB-002724,1229,Professional ,Annual,04-01-2025,,149.63,0%, Active
SUB-002725,704, Starter, Annual ,10/24/2025,2026-07-17,46.84,15 %,Paused
SUB-002726,802,PROFESSIONAL,annual,16 Mar 2025,"Mar 02, 2026",USD 161.05,20 %,CANCELLED
SUB-002727,871,professional,Annual,22/11/2025,,$156.74, 15% ,Active 
SUB-002728,996,free,MONTHLY,27-04-2025,,0.00, 10% ,Active
SUB-002729,518, Starter ,Monthly ,30-12-2025,03/28/2026,51.74,15.0%,Expired
SUB-002730,608,Professional,Quarterly,01/07/2025,,USD 141.86,, Active
SUB-002731,1473, Professional,QUARTERLY,29/08/2025,,163.67,10.0%,Active 
SUB-002732,521,Starter,Annual ,"Feb 17, 2025",,55.71 USD, 20% ,ACTIVE
SUB-002733,117,Professional,monthly,16/05/2025,27-01-2026,$167.29,10 %,CANCELLED
SUB-002734,231,professional,QUARTERLY,01/07/2025,,146.07 USD,10%,active
SUB-002735,522,Business ,Quarterly,"Aug 04, 2025",,299.45, 5% ,Active
SUB-002736,1008, Professional,Annual ,2025-01-17,,164.21, 5% ,Active 
SUB-002737,338,Professional , Quarterly ,07-04-2025,,$156,5%,Active
SUB-002738,1113,Starter,annual,2025-08-05,14-04-2026,50.81,10 %,CANCELLED
SUB-002739,1477,PROFESSIONAL, Quarterly,12/07/2025,,168.62,20%,Active 
SUB-002740,536,enterprise,Monthly ,"Dec 15, 2025",,$826,10.0%,ACTIVE
SUB-002741,960,Business,Annual,24/10/2025,"Jul 02, 2026",307.59, 20% ,Expired
SUB-002742,514,starter,Annual,20/03/2025,,44.61 USD,10 %,ACTIVE
SUB-002743,1156,STARTER,monthly,"Oct 16, 2025",03/12/2025,$45,20%,CANCELLED
SUB-002744,399, Free , Quarterly ,"Sep 08, 2025",,0.00 USD,0%,active
SUB-002745,1152, Enterprise , Quarterly,10-01-2025,,901.52,15.0%, Active 
SUB-002746,1411,BUSINESS,Annual,28-11-2025,,$299.63,0 %,Active
SUB-002747,1233, Professional ,QUARTERLY,2025-05-31,25-12-2025,$152,10%,PAUSED
SUB-002748,507,professional,Quarterly,30 Aug 2025,,USD 165.59, 10% , Active 
SUB-002749,764,Professional ,quarterly,"Nov 08, 2025",,156.79,15.0%, Active 
SUB-002750,838,starter, Annual,2025-09-01,,51.57 USD,10%,Active 
SUB-002751,1366, Enterprise ,Quarterly,07/29/2025,,$778.33,10.0%,ACTIVE
SUB-002752,392,free,Quarterly ,"Jul 23, 2025",,0.00,5 %, Active 
SUB-002753,1121, Free , Annual ,2025-08-09,,$0,10%, Active
SUB-002754,16, Starter,QUARTERLY,06 Apr 2025,06 Sep 2025,44.75 USD,15 %,expired
SUB-002755,1094,free,MONTHLY,2025-02-08,,0.00 USD, 10% , Active 
SUB-002756,987,Business,Quarterly,15 Oct 2025,,289.11,0 %, Active
SUB-002757,350,free, Monthly ,05/11/2025,,0.00,15%,ACTIVE
SUB-002758,663,Enterprise, Quarterly ,2025-06-06,,853.04, 5% ,Active 
SUB-002759,361,Professional,Monthly ,31 Aug 2025,,$142, 0% ,active
SUB-002760,1124, Starter,Monthly ,02 Jun 2025,,$52.39,10 %,ACTIVE
SUB-002761,888,Free , Annual ,"Jan 25, 2025",2025-03-31,USD 0.00,10.0%,EXPIRED
SUB-002762,583, Enterprise,Annual,05-04-2025,,748.50 USD, 5% , Active 
SUB-002763,774,free,Annual,08/23/2025,,$0,, Active 
SUB-002764,192, Professional ,monthly,"Aug 20, 2025",17 Jul 2026,$168.44, 5% ,PAUSED
SUB-002765,14,PROFESSIONAL,Monthly ,2025-11-25,,USD 166.12,5%, Active
SUB-002766,587,professional,Quarterly ,25 Oct 2025,,170.19,15%,active
SUB-002767,479, Enterprise , Quarterly,29 Nov 2025,,$849,5%,Active 
SUB-002768,154, Professional ,Monthly ,"Dec 04, 2025",,159.27 USD,10%,active
SUB-002769,181,starter,Quarterly ,02/02/2025,,$51.76,5 %,Active 
SUB-002770,932,Professional, Monthly,19/09/2025,,157.30, 20% ,Active 
SUB-002771,1043,Free, Quarterly,22-12-2025,,$0,20%,active
SUB-002772,1088,Professional , Monthly ,"Aug 16, 2025",,154.35,5.0%,Active
SUB-002773,1140,Business,MONTHLY,18-08-2025,,$298, 20% ,active
SUB-002774,1216,starter,quarterly,2025-10-30,,49.52,5.0%, Active 
SUB-002775,616, Business, Quarterly ,20/02/2025,12/09/2025,$308.24,0 %, Expired
SUB-002776,1132,Free,Annual,10/22/2025,,USD 0.00,15%,active
SUB-002777,1150,business,Monthly,"May 11, 2025",,295.97 USD,0 %,active
SUB-002778,584,professional, Quarterly,"Sep 15, 2025",,USD 136.46,5 %, Active 
SUB-002779,144,Professional, Monthly ,08-03-2025,01/11/2025,$171, 15% , Cancelled 
SUB-002780,136,Business, Quarterly,10/13/2025,,277.96, 20% ,Active
SUB-002781,1430, Professional, Annual ,09/05/2025,,USD 143.73,15.0%, Active
SUB-002782,761,PROFESSIONAL, Monthly,17-09-2025,,167.30,5 %,Active 
SUB-002783,742,Professional ,annual,09-11-2025,,$152.08,10.0%, Active
SUB-002784,598, Starter,Annual,03/27/2025,,45.76 USD, 20% ,ACTIVE
SUB-002785,665,free,Quarterly,19-07-2025,,$0,0.0%,Active 
SUB-002786,682, Business,Annual,12 Oct 2025,,$277.76,0.0%, Active
SUB-002787,1477,Professional , Monthly ,2025-10-29,,141.56,5.0%, Active
SUB-002788,524,Free,Monthly ,12 Aug 2025,,0.00, 20% ,ACTIVE
SUB-002789,247, Free,Quarterly,22-02-2025,,USD 0.00,,Active 
SUB-002790,424,professional, Monthly ,07-03-2025,,164.15, 0% ,active
SUB-002791,736,ENTERPRISE,MONTHLY,26-07-2025,,836.15,10 %,active
SUB-002792,1300,STARTER, Monthly,2025-01-06,02/06/2025,51.53,15 %,cancelled
SUB-002793,1072,Business,Quarterly,01 Mar 2025,,284.09,15 %,Active
SUB-002794,836, Business, Annual,04-02-2025,2025-04-15,USD 294.81,5.0%,CANCELLED
SUB-002795,598,Professional,Quarterly ,2025-11-04,,165.59,20.0%,active
SUB-002796,1415,BUSINESS,QUARTERLY,11/14/2025,05-08-2026,$275.67,10 %,Paused 
SUB-002797,391,starter,Monthly ,"Aug 02, 2025",,54.61 USD, 5% ,Active 
SUB-002798,1443,Professional , Quarterly ,29 Oct 2025,,USD 152.12,0%,Active 
SUB-002799,955,BUSINESS, Annual ,2025-10-12,,331.68 USD,0 %,active
SUB-002800,627,Professional,Quarterly ,20/06/2025,,145.95,15%,active
SUB-002801,324, Professional ,ANNUAL,04/17/2025,13/04/2026,$146.72,20.0%,Expired
SUB-002802,405,Starter ,Annual ,"Jun 15, 2025",,$53.31,15%, Active
SUB-002803,380,Starter, Quarterly,13 Oct 2025,,53.72 USD,5 %,ACTIVE
SUB-002804,915,Business,MONTHLY,2025-08-15,08/11/2025,286.27,10 %, Cancelled
SUB-002805,990, Enterprise , Quarterly ,07 Nov 2025,,913.43 USD,20.0%, Active 
SUB-002806,272,Starter,Annual ,16-07-2025,,45.14, 15% ,ACTIVE
SUB-002807,925,PROFESSIONAL,MONTHLY,03/09/2025,,USD 136.65,20%,active
SUB-002808,1103, Business ,Annual ,23/05/2025,04-04-2026,$314,5 %, Paused
SUB-002809,1171,STARTER,Monthly ,"May 01, 2025",04-02-2026,$53,15 %,Cancelled 
SUB-002810,17,Professional,QUARTERLY,2025-09-23,,$170,20.0%,ACTIVE
SUB-002811,1197, Free ,ANNUAL,11/16/2025,,0.00,0 %,ACTIVE
SUB-002812,382,PROFESSIONAL, Quarterly ,12/03/2025,,135.04,10 %,Active
SUB-002813,125, Professional,QUARTERLY,2025-08-24,01-07-2026,156.56,5%,Expired 
SUB-002814,504,Professional ,quarterly,"Jul 15, 2025",2026-03-31,144.89 USD, 5% , Cancelled
SUB-002815,1072,Enterprise , Annual ,19 Dec 2025,,805.58,0 %, Active
SUB-002816,941,free,Annual ,29 Aug 2025,,USD 0.00,0.0%,Active 
SUB-002817,1286, Starter, Quarterly ,07/21/2025,29 Jun 2026,44.89,15.0%,Paused
SUB-002818,982, Business, Monthly ,23-09-2025,,USD 305.43,15 %,Active
SUB-002819,827,Enterprise,monthly,2025-10-15,,804.26 USD,, Active 
SUB-002820,840,Starter,Annual ,11/11/2025,,52.83,10 %,ACTIVE
SUB-002821,567,PROFESSIONAL,QUARTERLY,16/01/2025,09/04/2025,$158, 5% ,CANCELLED
SUB-002822,212,Starter , Annual ,2025-08-27,,$46.37,0.0%,Active 
SUB-002823,1262,Starter, Quarterly ,"Sep 17, 2025",,46.63 USD,0%,ACTIVE
SUB-002824,505, Business,Quarterly ,14-01-2025,,$288,10 %,Active 
SUB-002825,81,free,Monthly,11/04/2025,,0.00 USD, 5% ,Active
SUB-002826,558,Business , Monthly ,06/10/2025,,USD 318.23,10.0%, Active
SUB-002827,867, Professional ,Monthly ,30 Nov 2025,16/08/2026,171.14 USD,15.0%,expired
SUB-002828,674,Professional ,ANNUAL,06/09/2025,08/25/2025,158.39,0 %, Paused
SUB-002829,172,Professional, Annual ,09-12-2025,07/13/2026,$156.70,20%,paused
SUB-002830,160, Professional ,monthly,22 Nov 2025,26-04-2026,149.37,15.0%,cancelled
SUB-002831,524, Professional, Quarterly ,2025-07-09,30/12/2025,USD 145.74,10%,cancelled
SUB-002832,1110,STARTER, Quarterly ,2025-08-21,2026-01-31,$55,15.0%, Cancelled 
SUB-002833,1045,BUSINESS, Monthly ,06/03/2025,19/10/2025,341.53,10 %,cancelled
SUB-002834,1092,Professional,quarterly,"Nov 28, 2025",,152.60,20 %,ACTIVE
SUB-002835,150,Starter ,Quarterly,"Jan 23, 2025",,USD 47.65, 10% ,Active
SUB-002836,767, Professional ,ANNUAL,03/12/2025,05-10-2025,USD 162.79, 0% ,Cancelled
SUB-002837,269,Free,Annual ,12 Jan 2025,04/07/2025,$0,15 %,cancelled
SUB-002838,1310,PROFESSIONAL,Quarterly ,05/03/2025,01-08-2025,162.62,5.0%,Cancelled 
SUB-002839,513,STARTER, Monthly ,2025-10-08,,$54.13,10.0%, Active 
SUB-002840,432,starter,Quarterly,01/25/2025,05 Nov 2025,45.63 USD,20%,Paused
SUB-002841,492, Business ,Annual ,20/11/2025,,342.12,5.0%,Active
SUB-002842,678,Professional ,ANNUAL,"Jul 08, 2025",21-10-2025,170.81,15 %,CANCELLED
SUB-002843,907,Professional ,MONTHLY,28/04/2025,,$168.99,20%,Active 
SUB-002844,1397,Professional , Annual,"Sep 16, 2025",,152.58 USD,15%, Active 
SUB-002845,1159,Starter ,monthly,2025-09-18,,USD 47.11,15%,Active 
SUB-002846,1234,PROFESSIONAL, Quarterly,20 Nov 2025,,USD 155.78,20%, Active
SUB-002847,599, Starter,Quarterly,22/03/2025,14/03/2026,49.24,15%,Cancelled 
SUB-002848,1309,Professional,Quarterly ,"Sep 24, 2025",,$141.77,10.0%,Active
SUB-002849,995,Starter ,Annual,06-03-2025,,49.29,15.0%,Active 
SUB-002850,43,professional,Quarterly ,30/09/2025,,$158.83,15.0%,ACTIVE
SUB-002851,1289,Business,Quarterly ,07-01-2025,2025-12-28,$274,5%,Cancelled
SUB-002852,139,Starter , Monthly ,23 Jul 2025,,$48.18,5 %,Active 
SUB-002853,1291, Starter, Monthly ,10-08-2025,,44.32,15 %,Active
SUB-002854,60,PROFESSIONAL, Annual,04/23/2025,,162.02 USD,15%,Active 
SUB-002855,508,Starter, Annual ,09-04-2025,,$51.95,0.0%,active
SUB-002856,186,STARTER,Annual,24 Jan 2025,,44.87,15 %, Active 
SUB-002857,1425,starter,Monthly ,09 Oct 2025,,55.92 USD,10%, Active
SUB-002858,1006,STARTER, Monthly,2025-06-03,,$44.38,10 %,Active
SUB-002859,806,Free ,Quarterly ,"Nov 26, 2025",,0.00 USD,,ACTIVE
SUB-002860,251,Professional,Monthly ,31 Jan 2025,,163.02,20 %,Active 
SUB-002861,1092, Business ,ANNUAL,23-02-2025,04/25/2025,328.00,15 %, Cancelled 
SUB-002862,678,Professional,quarterly,21 Aug 2025,20/07/2026,135.38,15 %, Cancelled 
SUB-002863,656,Professional,Annual ,"May 24, 2025",04 Aug 2025,N/A,20.0%, Cancelled 
SUB-002864,990,Professional,Annual ,2025-07-25,,168.31, 5% ,active
SUB-002865,397,starter,Monthly,13-01-2025,,$50.98,20%,Active
SUB-002866,316,PROFESSIONAL,quarterly,28 Jun 2025,,$152,15 %,ACTIVE
SUB-002867,1457,Free,Quarterly,18-04-2025,,0.00 USD,10.0%,Active
SUB-002868,395,business, Quarterly,17/09/2025,,USD 311.11,,Active
SUB-002869,1115,Business , Monthly ,"May 13, 2025",,USD 299.70,0 %, Active 
SUB-002870,162, Starter ,quarterly,2025-09-15,,53.57, 10% , Active 
SUB-002871,952,Enterprise, Monthly ,17-02-2025,,$800,15%,Active
SUB-002872,1157,professional,MONTHLY,04/12/2025,2026-08-10,159.56,15.0%, Expired
SUB-002873,992, Starter,Annual,20-08-2025,,$45,0 %,Active 
SUB-002874,1321,professional,QUARTERLY,"Jun 07, 2025",,139.05,15 %,Active 
SUB-002875,1166,STARTER,annual,08/27/2025,,45.81,, Active
SUB-002876,1103, Professional ,Annual ,11/24/2025,2026-04-16,135.80,15 %,Cancelled
SUB-002877,460, Business ,Annual,2025-11-30,,309.56,15%,Active 
SUB-002878,723,BUSINESS, Monthly ,2025-12-14,,$328,0 %, Active 
SUB-002879,1367, Professional, Monthly,14/03/2025,,156.84,10 %,Active
SUB-002880,1438, Free , Annual ,25 Nov 2025,,0.00 USD,10.0%,Active 
SUB-002881,597,free,Monthly ,16 Dec 2025,"Aug 25, 2026",$0.00, 0% , Expired 
SUB-002882,1425,Business ,Quarterly ,2025-01-28,03/12/2025,$294.49,5.0%,CANCELLED
SUB-002883,410, Starter,Annual ,2025-04-15,,USD 48.53,10 %, Active
SUB-002884,1261, Professional ,MONTHLY,2025-05-26,,USD 145.81,10 %, Active
SUB-002885,794,Starter , Annual,09/09/2025,19-10-2025,52.82,5.0%,Cancelled 
SUB-002886,1312,Starter , Quarterly,2025-09-28,,$46,,Active 
SUB-002887,688,Starter,Annual ,03/28/2025,,44.26, 20% ,Active 
SUB-002888,317,professional,QUARTERLY,"Sep 02, 2025",2025-11-23,156.31 USD,5 %, Paused
SUB-002889,825, Starter ,MONTHLY,05/12/2025,23-01-2026,55.64, 20% , Cancelled 
SUB-002890,373, Business,Monthly ,06/05/2025,,$314.65,20 %,Active 
SUB-002891,365,FREE, Quarterly ,06 Feb 2025,,0.00 USD, 5% ,ACTIVE
SUB-002892,534,Professional, Monthly ,2025-12-31,,159.16,10 %,ACTIVE
SUB-002893,1399,STARTER,Annual ,23-01-2025,,$50, 15% ,Active
SUB-002894,463,Professional, Monthly,"Mar 02, 2025",,160.86 USD,,ACTIVE
SUB-002895,1243,STARTER,monthly,11/23/2025,"May 03, 2026",$54,5%, Paused
SUB-002896,32, Professional, Quarterly ,05/08/2025,,142.47,15 %,Active
SUB-002897,537,Free,ANNUAL,24 Oct 2025,23-10-2026,0.00 USD,0%, Cancelled 
SUB-002898,347,Business ,ANNUAL,11/30/2025,,$286,10%, Active 
SUB-002899,203, Starter, Quarterly ,2025-02-07,,49.64,15 %, Active 
SUB-002900,1028,Enterprise, Monthly ,05-11-2025,,895.89, 20% , Active
SUB-002901,1168,Enterprise,Quarterly ,"Jan 08, 2025",16 May 2025,788.06 USD,0.0%,Paused 
SUB-002902,1301, Free,QUARTERLY,"May 14, 2025",25 Apr 2026,0.00,20%,expired
SUB-002903,1423, Professional, Quarterly ,08/04/2025,,$166,5 %,active
SUB-002904,1075,FREE, Monthly,02/05/2025,,0.00,15%,Active
SUB-002905,1136,Free ,Annual ,"Oct 06, 2025",,$0.00,0%, Active 
SUB-002906,507,Free , Quarterly,"Apr 10, 2025",,USD 0.00,5 %, Active 
SUB-002907,329,Business, Annual,2025-11-18,,$305.77,5%, Active
SUB-002908,1170, Business, Monthly ,15-04-2025,09/01/2026,$320.05, 20% ,EXPIRED
SUB-002909,142, Starter,Annual,04 Feb 2025,05/04/2025,45.15,20.0%,Paused 
SUB-002910,1359, Starter ,Annual ,01-11-2025,,46.29 USD, 5% ,Active 
SUB-002911,487,Starter , Monthly ,"Dec 27, 2025",08-11-2026,USD 49.05, 5% ,Expired 
SUB-002912,664,professional,MONTHLY,01/28/2025,,$153, 5% , Active
SUB-002913,305, Business ,Annual ,"Apr 24, 2025",,$341.29,5 %,Active
SUB-002914,1358,PROFESSIONAL,quarterly,2025-06-14,20 Mar 2026,USD 170.26,20.0%,Paused 
SUB-002915,839, Free ,Annual ,10/27/2025,,$0.00,0 %, Active
SUB-002916,1160,Starter ,Annual ,"Mar 22, 2025",14 Dec 2025,USD 47.97,,CANCELLED
SUB-002917,673,Business, Annual,11 Feb 2025,22/01/2026,$341, 20% ,EXPIRED
SUB-002918,1057,Starter,Annual,"Sep 05, 2025",,52.54 USD,10 %,active
SUB-002919,1132,Enterprise, Annual,23 Jul 2025,,797.59 USD,20%,Active
SUB-002920,1142,Professional,Monthly ,02-07-2025,,160.24,0.0%, Active 
SUB-002921,1361,ENTERPRISE,QUARTERLY,14 Jun 2025,09/17/2025,USD 722.40,20 %,Cancelled 
SUB-002922,51, Business ,Annual,2025-05-18,,$280.03, 20% , Active 
SUB-002923,1338,PROFESSIONAL, Monthly ,19/04/2025,,165.01, 5% , Active
SUB-002924,1390, Free, Monthly ,26-06-2025,,0.00 USD, 0% , Active 
SUB-002925,552,business,MONTHLY,"Nov 15, 2025",20-08-2026,296.32, 15% , Paused
SUB-002926,792, Starter,monthly,18 Dec 2025,,$50,10%,Active 
SUB-002927,194,business,ANNUAL,30 Jan 2025,,336.76, 15% , Active 
SUB-002928,1383, Free ,monthly,16/05/2025,08/07/2025,$0.00, 5% ,Expired 
SUB-002929,977,Business , Quarterly ,08/05/2025,,$299,15 %, Active
SUB-002930,705,Enterprise , Quarterly,"Jul 02, 2025",,743.14,10 %,Active 
SUB-002931,738, Free,Quarterly ,16/07/2025,,USD 0.00,20 %,ACTIVE
SUB-002932,1045,PROFESSIONAL,MONTHLY,01/24/2025,,170.54, 5% ,ACTIVE
SUB-002933,511,Starter ,QUARTERLY,15 Nov 2025,,USD 49.46,,ACTIVE
SUB-002934,933,FREE, Monthly ,19 Dec 2025,05-02-2026,0.00 USD,10.0%, Cancelled
SUB-002935,83,Professional ,Quarterly,"Nov 29, 2025",,152.67,0%,active
SUB-002936,1096,Professional ,QUARTERLY,02/12/2025,,167.03 USD,10%, Active 
SUB-002937,392, Starter ,Annual ,19-03-2025,,51.50,20%,Active
SUB-002938,1065,FREE,monthly,22-12-2025,,$0.00, 15% ,Active 
SUB-002939,1278, Enterprise,Annual,09/24/2025,,796.89 USD,5 %,Active 
SUB-002940,556, Professional, Annual ,"Apr 16, 2025","Jan 16, 2026",$135,10.0%, Paused 
SUB-002941,1036, Professional, Quarterly,11/20/2025,23 Aug 2026,168.78,20%,Cancelled 
SUB-002942,600, Starter ,Annual,01 Aug 2025,,55.73,5%, Active 
SUB-002943,57,Business,MONTHLY,12/06/2025,,USD 340.05,,ACTIVE
SUB-002944,128,Starter ,ANNUAL,"Sep 30, 2025",20-04-2026,55.66, 10% ,CANCELLED
SUB-002945,1158,Business,monthly,2025-11-24,,330.04,20.0%, Active
SUB-002946,430,STARTER,Annual,22/12/2025,14 Nov 2026,52.49 USD, 10% ,CANCELLED
SUB-002947,1194, Business ,monthly,04/01/2025,05/29/2025,332.23,20 %,Expired
SUB-002948,209,BUSINESS,Monthly,12/25/2025,,$314,5.0%,Active 
SUB-002949,844,Starter, Quarterly,12/25/2025,,USD 45.75,5%,active
SUB-002950,1075, Business,monthly,07/14/2025,,298.34,15.0%,active
SUB-002951,574,professional,monthly,03 Apr 2025,,170.28,15 %,ACTIVE
SUB-002952,152, Business , Annual,2025-04-02,,295.35 USD, 20% ,active
SUB-002953,194,PROFESSIONAL,Annual,15-02-2025,,166.43 USD,5.0%, Active 
SUB-002954,781,Enterprise ,QUARTERLY,23/01/2025,,737.72,10%, Active 
SUB-002955,291,business,monthly,06/20/2025,,$294.08, 15% , Active 
SUB-002956,738,business,Monthly ,2025-01-24,2025-04-23,295.33, 0% , Cancelled 
SUB-002957,1088,enterprise,MONTHLY,2025-08-31,,$729,5 %,Active
SUB-002958,767,PROFESSIONAL, Annual,26/04/2025,,$139, 10% ,Active 
SUB-002959,1137,Free ,Monthly ,12-10-2025,,0.00,5 %,Active 
SUB-002960,1148,free,Quarterly ,2025-07-04,,0.00,5.0%, Active
SUB-002961,1290,PROFESSIONAL, Annual,12/11/2025,,$136.46,10%, Active
SUB-002962,645,Free ,Quarterly ,"Dec 14, 2025",27 Jun 2026,USD 0.00,10%, Expired 
SUB-002963,815,starter,quarterly,30/10/2025,,44.22,5.0%,Active
SUB-002964,517,Starter ,Monthly,2025-07-24,,52.62,0 %,Active
SUB-002965,505,PROFESSIONAL, Monthly ,24/06/2025,,$157.21,0.0%,Active 
SUB-002966,815, Starter ,Monthly,04/21/2025,,$52.00,15.0%, Active 
SUB-002967,589,enterprise,quarterly,03/11/2025,,793.88 USD,20%,active
SUB-002968,474,professional,annual,29-01-2025,,$142,0.0%,Active 
SUB-002969,1351, Professional ,Quarterly ,06-12-2025,,$161,0%, Active 
SUB-002970,478,Starter, Monthly ,06-11-2025,,54.04,15.0%,Active 
SUB-002971,575, Business,ANNUAL,2025-09-23,,$279,15 %, Active
SUB-002972,1188,Enterprise,Monthly ,12/07/2025,,$816.34,10 %,Active
SUB-002973,1224, Free,monthly,2025-05-02,,USD 0.00, 5% , Active
SUB-002974,963, Business,monthly,"Aug 04, 2025",,281.67 USD, 5% ,ACTIVE
SUB-002975,1226,Professional , Annual ,29 Aug 2025,06/01/2026,USD 161.45, 15% ,cancelled
SUB-002976,1030,starter,quarterly,10/08/2025,,$51,5.0%,active
SUB-002977,1070,business, Monthly ,11/04/2025,,285.26 USD, 10% ,Active 
SUB-002978,58, Professional ,QUARTERLY,2025-12-15,,USD 145.65,20%,ACTIVE
SUB-002979,613,free,QUARTERLY,06/23/2025,21-05-2026,0.00,5%,Paused 
SUB-002980,1363, Business , Annual ,04/23/2025,,$332.54, 5% , Active
SUB-002981,321,PROFESSIONAL,Annual,12/21/2025,,166.88 USD, 15% ,Active 
SUB-002982,1490, Business ,Monthly ,04/17/2025,"Feb 01, 2026",$303.49,15%,CANCELLED
SUB-002983,497, Business,ANNUAL,"Nov 24, 2025",10/07/2026,$315.73,10.0%,CANCELLED
SUB-002984,977, Starter,Monthly,"Dec 24, 2025",25-01-2026,$48.72,0 %,Cancelled 
SUB-002985,622, Professional , Quarterly ,07/21/2025,15/04/2026,USD 136.99,10%,CANCELLED
SUB-002986,1122,Starter,Quarterly ,27 Nov 2025,,49.01,10.0%, Active 
SUB-002987,286, Professional , Annual ,01/01/2025,07 Apr 2025,USD 156.23, 10% , Cancelled 
SUB-002988,212,BUSINESS, Annual ,08-12-2025,,290.56 USD, 10% ,Active
SUB-002989,293,Professional, Quarterly ,"Aug 17, 2025",,165.69,20%, Active 
SUB-002990,642, Professional,QUARTERLY,05/09/2025,,139.73, 5% ,active
SUB-002991,1465,starter, Quarterly,13 Jun 2025,,$48.60, 5% ,active
SUB-002992,612,Business,ANNUAL,07/12/2025,07 Sep 2026,278.44,5.0%,Paused
SUB-002993,89,professional, Quarterly ,2025-12-13,"Oct 12, 2026",USD 149.18, 15% ,expired
SUB-002994,1489,enterprise, Monthly ,06-04-2025,,727.02,10 %,ACTIVE
SUB-002995,898,PROFESSIONAL,MONTHLY,11/08/2025,,$144,15 %, Active 
SUB-002996,477, Free ,Annual,16 Jan 2025,,$0.00,0%,Active
SUB-002997,277,Starter , Quarterly ,09/26/2025,14/05/2026,$49.96,10%, Cancelled 
SUB-002998,1043,PROFESSIONAL,Annual ,2025-10-28,2026-04-19,USD 154.35,0%, Cancelled
SUB-002999,348,professional,Annual,02/06/2025,"Dec 24, 2025",$144,10.0%,Cancelled
SUB-003000,1461,Enterprise,Quarterly,29-01-2025,2025-05-05,USD 823.58, 0% , Expired 
SUB-003001,424,FREE, Quarterly ,"Jul 09, 2025","Sep 22, 2025",0.00, 5% ,Cancelled
SUB-003002,793,Professional,QUARTERLY,2025-08-16,08/12/2026,$146,10.0%,PAUSED
SUB-003003,148, Starter ,monthly,18-10-2025,,54.27,10%, Active 
SUB-003004,320,FREE,Monthly,2025-10-04,,$0.00,0 %,active
SUB-003005,1485,Professional ,monthly,05/12/2025,,$146.48,10%, Active
SUB-003006,216, Professional , Quarterly,16/06/2025,,169.39, 10% ,active
SUB-003007,249,business,monthly,2025-09-12,,332.27,0.0%,ACTIVE
SUB-003008,66,Professional,Quarterly ,"Jun 14, 2025",14-12-2025,USD 170.70,5%, Expired 
SUB-003009,1249,professional, Annual,2025-03-07,,$159.89,5%,Active 
SUB-003010,1342, Professional ,MONTHLY,2025-02-08,2025-04-29,$148,20%,expired
SUB-003011,1473,business, Quarterly ,29 Dec 2025,,USD 290.09,20.0%,Active 
SUB-003012,1067,PROFESSIONAL,Quarterly ,09/02/2025,,158.81, 20% , Active 
SUB-003013,393,STARTER, Quarterly ,23/01/2025,,56.12,,Active 
SUB-003014,1454,Professional,Annual,2025-07-21,05/27/2026,$157.45,10.0%,Expired 
SUB-003015,1312,business,Annual,28 Aug 2025,,335.00,10 %, Active
SUB-003016,1020,Professional ,Monthly,2025-12-06,,146.36,15%,Active 
SUB-003017,1416, Business ,QUARTERLY,2025-01-28,,USD 299.52,5.0%,active
SUB-003018,199,enterprise, Quarterly ,23/10/2025,,900.13,20 %,Active
SUB-003019,1456,Professional ,MONTHLY,09 Jan 2025,,$162.29,5.0%, Active
SUB-003020,1320,Business , Quarterly,2025-01-30,2025-10-01,$342.46, 20% ,Expired
SUB-003021,1380, Starter, Monthly,18/10/2025,,53.59,15%,Active 
SUB-003022,855,STARTER,Monthly,22-04-2025,18-04-2026,USD 49.59,20 %, Expired 
SUB-003023,1011, Professional ,Annual,24 Jun 2025,,$153.88, 20% ,Active
SUB-003024,1391,professional,ANNUAL,2025-04-22,,USD 167.64,,ACTIVE
SUB-003025,760, Business ,QUARTERLY,2025-06-09,28/04/2026,310.34,20.0%, Cancelled
SUB-003026,135,Professional ,Quarterly ,2025-01-07,28-12-2025,143.61,20%,Cancelled 
SUB-003027,241,Business ,annual,26-02-2025,03-02-2026,$302, 10% ,Cancelled 
SUB-003028,30, Starter ,Monthly,2025-08-19,,50.42,20 %, Active
SUB-003029,682, Professional,ANNUAL,08 Dec 2025,13/04/2026,USD 137.70,10%,CANCELLED
SUB-003030,913,Professional, Annual ,"Mar 09, 2025",19/09/2025,$162,20 %,Expired
SUB-003031,406,Enterprise , Monthly,20-04-2025,,740.94,10 %, Active
SUB-003032,753, Business , Quarterly ,08-02-2025,07/20/2025,299.37 USD,, Expired
SUB-003033,3, Professional ,Monthly,30/01/2025,,164.07,0%,Active
SUB-003034,237,free,annual,03/15/2025,2025-12-27,0.00,0%,Expired 
SUB-003035,1404,Professional ,ANNUAL,2025-08-26,,165.47,20 %,Active
SUB-003036,1153,Free,QUARTERLY,14/05/2025,,$0, 20% , Active 
SUB-003037,1376,business, Quarterly ,08/02/2025,,340.68,5 %,active
SUB-003038,884, Starter , Quarterly,2025-05-18,11 Sep 2025,46.67 USD, 0% , Cancelled
SUB-003039,729,BUSINESS, Annual,"Mar 14, 2025","Feb 07, 2026",271.96, 20% ,Paused 
SUB-003040,1180,BUSINESS,monthly,"Dec 09, 2025",,$334.31,10%,active
SUB-003041,478,PROFESSIONAL,ANNUAL,14/08/2025,,USD 162.12,10.0%, Active 
SUB-003042,1385,Business,Monthly ,07/13/2025,25-06-2026,286.44,, Cancelled 
SUB-003043,959, Professional ,quarterly,20 Jul 2025,05/16/2026,170.78 USD,,Cancelled
SUB-003044,325,STARTER,annual,26/03/2025,,50.25,20 %, Active 
SUB-003045,1349, Free, Monthly,23 Mar 2025,,$0.00,15 %,Active
SUB-003046,182, Free,Quarterly ,12 Jun 2025,,0.00 USD, 20% ,active
SUB-003047,757,business,Quarterly ,10/10/2025,,304.37,20%, Active 
SUB-003048,1350,Starter ,Quarterly ,17-11-2025,,49.60 USD,5.0%, Active 
SUB-003049,520,PROFESSIONAL,QUARTERLY,"Nov 05, 2025","Feb 04, 2026",146.57,20%,cancelled
SUB-003050,1240, Business ,quarterly,2025-04-26,,308.99,20.0%,Active
SUB-003051,982, Free ,Annual ,23 Feb 2025,,0.00,10 %,Active
SUB-003052,156,PROFESSIONAL,ANNUAL,2025-12-30,31/05/2026,$135,5.0%,Cancelled 
SUB-003053,1323,business, Quarterly,"May 20, 2025","Oct 03, 2025",$288.57, 20% , Cancelled 
SUB-003054,1007,Business, Annual,06/07/2025,,285.03 USD,10.0%,Active
SUB-003055,410,Professional , Annual,31-01-2025,14-10-2025,166.41, 0% ,Cancelled
SUB-003056,71, Business ,Monthly,13 Jun 2025,,313.87 USD,15 %, Active
SUB-003057,428, Starter,QUARTERLY,2025-02-04,,53.46,10%, Active
SUB-003058,459, Starter ,QUARTERLY,"Aug 12, 2025",,USD 55.82,0.0%, Active 
SUB-003059,542, Professional,Quarterly ,04/06/2025,,USD 158.09,0 %, Active 
SUB-003060,741,Business,QUARTERLY,14-04-2025,,$342.55,15%, Active
SUB-003061,1372, Starter ,Monthly,2025-11-01,,USD 47.92,0.0%,ACTIVE
SUB-003062,845, Professional , Monthly,13/12/2025,,141.04,20.0%, Active 
SUB-003063,1141,professional,quarterly,07/15/2025,,149.12,0%,ACTIVE
SUB-003064,706,starter,Monthly ,20 Aug 2025,,49.87 USD,0 %,ACTIVE
SUB-003065,1321, Business,QUARTERLY,03-04-2025,,336.03 USD,15 %,ACTIVE
SUB-003066,516,Starter , Quarterly ,"Jan 08, 2025",,$51,10.0%,Active 
SUB-003067,920, Professional ,quarterly,18/06/2025,,USD 144.98,10%,Active 
SUB-003068,537,PROFESSIONAL,Quarterly ,12 May 2025,31 Dec 2025,161.76 USD,15%,Expired
SUB-003069,1152, Business,Quarterly,07/17/2025,08/11/2025,$307, 20% , Cancelled 
SUB-003070,301, Business ,Annual ,19/08/2025,,281.22,,active
SUB-003071,51,Starter ,ANNUAL,11/14/2025,04/15/2026,51.17 USD, 15% ,Cancelled
SUB-003072,320,Professional ,Quarterly ,02-10-2025,06 Jun 2026,USD 168.05,,Cancelled 
SUB-003073,1459,professional,MONTHLY,11-05-2025,14-02-2026,$165.49,5%,PAUSED
SUB-003074,913,PROFESSIONAL, Monthly,2025-09-03,15-11-2025,155.96 USD,20%, Cancelled 
SUB-003075,1002, Starter , Quarterly,13/02/2025,,$48.72, 20% ,Active
SUB-003076,1431, Professional, Monthly,08-02-2025,,USD 137.34,0%, Active
SUB-003077,348,Starter , Annual ,"Dec 05, 2025",,USD 49.85,20 %, Active
SUB-003078,806,STARTER, Annual,"Feb 08, 2025",,USD 53.31,5.0%,active
SUB-003079,528, Professional , Annual,2025-10-10,,147.52,0 %,Active
SUB-003080,1307,starter,ANNUAL,20-10-2025,,$47, 20% , Active 
SUB-003081,354,Starter,Quarterly ,19/03/2025,,55.51,0%,active
SUB-003082,905, Starter,Quarterly,2025-05-18,,54.16, 10% ,Active 
SUB-003083,381,BUSINESS,Monthly,13-10-2025,,$316.81,, Active
SUB-003084,54,professional,Quarterly,01/12/2025,,$139.20,20 %,ACTIVE
SUB-003085,641,starter,MONTHLY,04/09/2025,,$45.88,10.0%,ACTIVE
SUB-003086,502,Starter,annual,03/31/2025,05/16/2025,USD 45.36,0 %, Expired
SUB-003087,671, Business ,Annual ,02/05/2025,,$315,20 %, Active
SUB-003088,87,Starter , Annual ,03 Sep 2025,,45.52 USD, 15% ,Active 
SUB-003089,402,STARTER,MONTHLY,17-05-2025,01/12/2025,54.42,5 %,Expired 
SUB-003090,1046, Professional, Monthly ,08/12/2025,,USD 171.09, 5% , Active 
SUB-003091,634,business,annual,01-03-2025,,296.48,15.0%,Active 
SUB-003092,286,Professional ,QUARTERLY,30/12/2025,"Apr 10, 2026",$151,10.0%,Cancelled
SUB-003093,184, Professional , Monthly ,05/17/2025,,$160.61,5 %,Active 
SUB-003094,1360,Professional , Monthly,31/01/2025,,$169.01,5%,active
SUB-003095,38,Starter ,Monthly ,2025-10-31,,$55.05, 5% ,Active
SUB-003096,1365, Enterprise, Annual,2025-07-08,,730.60,10%, Active 
SUB-003097,1287, Enterprise ,Annual,2025-01-18,07/25/2025,USD 752.87, 0% , Paused
SUB-003098,1067,free,annual,13-04-2025,,$0.00, 10% , Active
SUB-003099,537,STARTER,Monthly ,02/25/2025,,$53,10.0%,Active 
SUB-003100,168, Business,Quarterly ,01 Nov 2025,2026-10-02,$279,0%,cancelled
SUB-003101,777,starter,Quarterly,11/26/2025,,$50, 20% ,Active 
SUB-003102,1300, Starter,Quarterly ,2025-01-13,2025-03-22,$53.66, 0% , Paused 
SUB-003103,444,enterprise,Quarterly ,01/10/2025,,762.80,10.0%, Active 
SUB-003104,547,Business , Quarterly,2025-04-17,,$334.23, 0% ,active
SUB-003105,686,STARTER, Annual,15 Jan 2025,,44.75 USD, 5% , Active 
SUB-003106,1149,PROFESSIONAL,Annual ,28-11-2025,2026-01-05,163.24,20 %,PAUSED
SUB-003107,1130, Business , Quarterly,"Jun 15, 2025",,USD 315.13,0.0%,active
SUB-003108,1470,Starter, Quarterly ,"Nov 23, 2025",12/02/2026,47.96,10.0%,Expired 
SUB-003109,202,Professional, Monthly ,20-09-2025,,160.95,20 %, Active
SUB-003110,1408,FREE, Annual ,"Jul 04, 2025",,0.00,20%,ACTIVE
SUB-003111,1424,Enterprise,Annual ,14 May 2025,,USD 905.65,0.0%,ACTIVE
SUB-003112,1106,Business , Quarterly ,"Sep 05, 2025",,$296.59,5.0%, Active
SUB-003113,49,STARTER,Quarterly ,"Apr 16, 2025",11-06-2025,$53, 5% ,Cancelled 
SUB-003114,727,Starter ,Monthly,22/08/2025,,51.48,15%, Active 
SUB-003115,1214,Starter, Annual ,2025-03-02,"Sep 11, 2025",$50.53,0.0%, Paused 
SUB-003116,1454,Professional ,QUARTERLY,01/18/2025,,USD 167.27,10%, Active 
SUB-003117,277,Professional, Annual ,"May 09, 2025",,134.22, 0% ,active
SUB-003118,652,STARTER,MONTHLY,25-12-2025,,$47.56, 5% ,ACTIVE
SUB-003119,208, Enterprise,Annual,2025-12-21,2026-10-24,$827,20.0%, Cancelled 
SUB-003120,265, Starter,Monthly,2025-10-29,,$46.28, 15% ,Active 
SUB-003121,480,starter, Annual ,20-01-2025,,$55.22,10.0%,Active
SUB-003122,795, Business , Quarterly ,2025-10-16,,$317.51,0%,Active
SUB-003123,338, Business,Monthly ,23-12-2025,,304.82, 15% , Active 
SUB-003124,800, Professional,Monthly ,04/06/2025,,$164.45,,active
SUB-003125,630,STARTER, Monthly ,"Mar 31, 2025",04 Jan 2026,$49.62, 0% ,expired
SUB-003126,1050, Professional ,Annual ,10/20/2025,2026-05-13,$155, 0% ,cancelled
SUB-003127,1075,PROFESSIONAL, Quarterly,06-10-2025,,134.20 USD,5%,Active
SUB-003128,1434,Professional,MONTHLY,"Aug 28, 2025",,$147.72, 0% , Active 
SUB-003129,944,ENTERPRISE,ANNUAL,2025-09-18,"Apr 27, 2026",746.82, 0% , Cancelled 
SUB-003130,754,starter,quarterly,2025-05-12,,52.55,10.0%,active
SUB-003131,1130,Starter ,Quarterly ,2025-09-26,,USD 49.97,5.0%,Active
SUB-003132,318,Professional, Annual ,23 Aug 2025,01/03/2026,USD 145.34, 15% ,paused
SUB-003133,68,starter,Quarterly,09/09/2025,,49.83,0 %,active
SUB-003134,1478,PROFESSIONAL,Monthly,22/04/2025,,$141.91,5%,Active
SUB-003135,232,starter,Quarterly,08/06/2025,,55.43 USD,10 %, Active 
SUB-003136,980, Professional ,Annual ,15/01/2025,04 Aug 2025,136.11 USD,10 %, Paused
SUB-003137,49,Enterprise , Monthly,07-08-2025,,$892,10 %,Active 
SUB-003138,1196, Business ,Annual ,19-08-2025,12 Apr 2026,307.32,10%,Cancelled
SUB-003139,434,Starter ,Quarterly ,20-12-2025,,51.68,10.0%, Active 
SUB-003140,916,Business,Monthly,22-04-2025,,$291.72,20%,Active 
SUB-003141,579,professional,monthly,2025-12-03,2026-11-23,$170.11,10.0%, Paused
SUB-003142,17, Business ,monthly,07/03/2025,22 Jan 2026,USD 290.17,10.0%,paused
SUB-003143,1131,Free, Quarterly,29-04-2025,,USD 0.00,15 %,ACTIVE
SUB-003144,1389,Starter,Quarterly,"Oct 26, 2025",,$56, 15% ,Active
SUB-003145,226,Starter ,Quarterly,07/10/2025,08-03-2026,$54.89, 5% , Paused 
SUB-003146,756,ENTERPRISE,annual,25/07/2025,,826.23,15.0%, Active 
SUB-003147,620, Starter ,Annual ,03/10/2025,13-05-2026,$56.23, 10% , Cancelled
SUB-003148,1325,PROFESSIONAL, Quarterly ,14 Jan 2025,,160.23,0%,Active
SUB-003149,1020,professional, Annual ,07-06-2025,,141.87, 0% ,active
SUB-003150,566, Starter, Monthly,15-08-2025,,$49.07, 5% ,ACTIVE
SUB-003151,1104,Business ,Annual,23-08-2025,,$294.10,, Active 
SUB-003152,1004, Business,ANNUAL,"Apr 23, 2025",,294.82,15 %,Active 
SUB-003153,598, Professional , Monthly ,2025-08-25,18 Aug 2026,$162,5%,EXPIRED
SUB-003154,851, Professional , Quarterly ,03/03/2025,08/21/2025,USD 155.86,10 %,Expired 
SUB-003155,936, Professional, Monthly,24 Aug 2025,,$135.52, 0% , Active 
SUB-003156,1311,professional,Monthly,01/14/2025,2025-10-19,166.78 USD,0 %,paused
SUB-003157,720,PROFESSIONAL, Monthly,23-11-2025,,USD 145.16,20.0%,ACTIVE
SUB-003158,108,Professional, Quarterly,27-11-2025,06/12/2026,USD 171.24, 5% , Paused
SUB-003159,657, Starter ,ANNUAL,26/07/2025,,55.79, 5% ,active
SUB-003160,1035,BUSINESS,Monthly,2025-01-13,,339.40, 0% ,Active 
SUB-003161,832, Free ,Monthly,12 Jul 2025,,0.00,, Active
SUB-003162,97,Professional,Quarterly,"Apr 29, 2025",,142.32 USD,10.0%,Active
SUB-003163,1174,Starter,ANNUAL,15 Nov 2025,,$50.62,5 %, Active 
SUB-003164,712,Free ,Annual ,07/18/2025,02/04/2026,USD 0.00, 0% ,paused
SUB-003165,446,Professional, Annual ,16/05/2025,,$143.77,0 %, Active
SUB-003166,828,business,quarterly,2025-01-30,05/13/2025,$314.77,15 %,PAUSED
SUB-003167,256,Professional,QUARTERLY,"Oct 30, 2025",25-06-2026,135.62,20.0%,Cancelled
SUB-003168,555, Professional,Monthly,05/19/2025,04/07/2025,$170.21,5%, Expired
SUB-003169,937,Starter ,MONTHLY,"Oct 15, 2025",,$55,20.0%, Active 
SUB-003170,820,Professional,Quarterly,26-03-2025,,148.28,15 %, Active 
SUB-003171,1086,Professional,Monthly,2025-09-15,13/11/2025,$153.30, 20% ,cancelled
SUB-003172,1408,enterprise,monthly,17/04/2025,,812.21,10 %,ACTIVE
SUB-003173,91, Starter ,annual,01/16/2025,,54.91,5 %,Active 
SUB-003174,513,Professional, Quarterly,26 Feb 2025,28 Oct 2025,159.75, 5% , Paused 
SUB-003175,637,Starter , Annual,2025-05-07,,47.51 USD,20%,ACTIVE
SUB-003176,1373,PROFESSIONAL, Annual,17 Jul 2025,,150.74,0%,Active
SUB-003177,305,ENTERPRISE,Quarterly,"Dec 05, 2025",18 May 2026,$804.79, 10% ,cancelled
SUB-003178,1003, Professional,Monthly,03/27/2025,,$169.84,15.0%,ACTIVE
SUB-003179,847, Business, Monthly ,05/02/2025,10/19/2025,282.20,5%,PAUSED
SUB-003180,1101,Business, Quarterly,02/14/2025,,275.80,,active
SUB-003181,382,Professional, Quarterly,"Nov 06, 2025",,166.90,0%,active
SUB-003182,712,Professional, Monthly,"Dec 15, 2025",,167.50,20.0%,active
SUB-003183,268,BUSINESS,Annual,"Mar 14, 2025",17-01-2026,334.26,5 %, Paused
SUB-003184,178, Professional ,QUARTERLY,12/14/2025,,$153,5.0%, Active
SUB-003185,887,Free,Annual ,14/10/2025,,USD 0.00,10.0%, Active
SUB-003186,1048,starter, Annual,27-02-2025,,$51,20 %, Active
SUB-003187,1320, Professional,ANNUAL,12/01/2025,,$136.69,10%,Active
SUB-003188,382, Business , Quarterly,06 Jul 2025,,$313.64, 5% , Active
SUB-003189,12, Professional,Annual,01/19/2025,,134.61 USD,5%,active
SUB-003190,968,starter, Monthly ,13/09/2025,05 Aug 2026,48.08, 5% ,Expired 
SUB-003191,672,starter, Quarterly ,02 Aug 2025,10/07/2026,55.52,5.0%,cancelled
SUB-003192,634,Free ,QUARTERLY,"Mar 31, 2025","Jun 12, 2025",$0.00,20 %,Cancelled
SUB-003193,1362,Professional ,Annual ,17 Sep 2025,2026-08-20,169.11,0%,Expired 
SUB-003194,426,STARTER,ANNUAL,01/04/2025,,47.16 USD,10 %,ACTIVE
SUB-003195,1234, Starter , Quarterly ,08 Sep 2025,,USD 47.95,5 %,active
SUB-003196,380,BUSINESS,Monthly,2025-06-11,23-09-2025,$316,5.0%,paused
SUB-003197,1161, Enterprise , Quarterly ,10-05-2025,,871.23,0%, Active
SUB-003198,9,professional,monthly,"Jun 01, 2025",24-08-2025,152.78,10%, Expired 
SUB-003199,699, Business, Quarterly ,03/18/2025,,335.04,15%, Active 
SUB-003200,192,professional, Monthly ,"Mar 10, 2025",2025-06-27,$136,15%,Cancelled 
SUB-003201,539, Enterprise,Quarterly ,06 Jul 2025,24 Nov 2025,$903, 15% ,Expired
SUB-003202,775,PROFESSIONAL,Annual ,"Aug 04, 2025",,$141,10%,Active 
SUB-003203,777, Enterprise ,quarterly,27/10/2025,,895.73 USD,0 %,ACTIVE
SUB-003204,628, Professional, Annual ,2025-06-27,24 Nov 2025,149.03,10.0%, Cancelled 
SUB-003205,516,enterprise, Quarterly,07/11/2025,,$885.44,15 %, Active
SUB-003206,962,Business,annual,20 May 2025,,319.31,5.0%, Active 
SUB-003207,221,Business, Annual ,03 Sep 2025,,USD 282.25,20%,active
SUB-003208,528, Professional ,monthly,"Aug 21, 2025",,168.30,0.0%, Active 
SUB-003209,1146,Starter,Annual,04/16/2025,,47.11,15.0%, Active 
SUB-003210,661,free,Monthly,12 Jun 2025,09-12-2025,$0.00,5%, Cancelled
SUB-003211,472, Enterprise ,MONTHLY,06/28/2025,,881.73 USD,0.0%, Active 
SUB-003212,1298, Professional,Monthly ,"Jun 15, 2025",,138.04 USD,15.0%,Active
SUB-003213,816,ENTERPRISE,Monthly ,19 Oct 2025,2026-03-28,763.45 USD, 20% ,PAUSED
SUB-003214,944,Starter , Annual ,02 Aug 2025,,$50,0%, Active
SUB-003215,361,PROFESSIONAL,QUARTERLY,02/11/2025,,USD 165.04,0 %,ACTIVE
SUB-003216,205, Starter, Annual,11 Aug 2025,,45.91,5 %,Active
SUB-003217,883, Starter, Monthly ,2025-06-13,,50.81,5.0%, Active
SUB-003218,962, Free,Quarterly ,12/25/2025,,0.00 USD,0%,active
SUB-003219,222, Professional , Annual ,01-11-2025,,$166,0 %,active
SUB-003220,1217, Professional,monthly,"Jan 27, 2025",,168.95 USD,20%,Active 
SUB-003221,217, Professional , Quarterly ,"Oct 10, 2025",18-04-2026,USD 163.33, 15% , Paused
SUB-003222,530,free,Monthly,08-11-2025,06/02/2026,0.00,10%,EXPIRED
SUB-003223,801,Business , Quarterly ,02/27/2025,,$301.51,5.0%,Active 
SUB-003224,955, Starter, Quarterly,"Sep 02, 2025",,USD 45.47,10%,Active 
SUB-003225,603,FREE, Monthly,02/07/2025,12-06-2026,USD 0.00,0%,paused
SUB-003226,1044,starter,quarterly,2025-03-24,,56.26 USD,20.0%,Active 
SUB-003227,1270,enterprise,QUARTERLY,"Sep 20, 2025",,USD 866.27, 10% ,Active 
SUB-003228,1186,starter,Annual ,08/26/2025,"Apr 22, 2026",44.30,15.0%,expired
SUB-003229,685,business, Annual,19-05-2025,,306.20 USD,15 %,Active
SUB-003230,158, Professional ,MONTHLY,"Aug 12, 2025",,157.00, 5% ,active
SUB-003231,1241,Starter ,Quarterly ,01/25/2025,,$53,20.0%,Active 
SUB-003232,540, Professional ,monthly,"Feb 01, 2025",,160.91, 15% , Active 
SUB-003233,1286,STARTER,quarterly,2025-10-25,,50.94,20%,ACTIVE
SUB-003234,326,Enterprise , Quarterly,10-05-2025,,763.72,0.0%,ACTIVE
SUB-003235,293,Professional,QUARTERLY,11/09/2025,,USD 169.20,10 %, Active 
SUB-003236,1415, Professional, Monthly,13/04/2025,,$160.05,15 %, Active 
SUB-003237,905,Professional ,Annual,08-09-2025,,USD 142.92, 0% ,Active
SUB-003238,1273,BUSINESS, Monthly,2025-09-07,,293.19,5%,ACTIVE
SUB-003239,243,Business ,monthly,13/09/2025,,$338.01,5.0%,ACTIVE
SUB-003240,181,Business , Monthly ,11/13/2025,,$335.44,5%, Active 
SUB-003241,192,Starter ,Quarterly ,2025-12-12,11 Apr 2026,49.06, 15% ,EXPIRED
SUB-003242,260,Starter , Annual,04/07/2025,13-09-2025,USD 44.57, 0% ,CANCELLED
SUB-003243,772,enterprise,quarterly,26/05/2025,,728.79 USD, 15% , Active 
SUB-003244,849,Starter ,annual,2025-01-22,,$48,10.0%,ACTIVE
SUB-003245,183, Starter , Monthly ,08/05/2025,"Jan 12, 2026",$51.81,15.0%,CANCELLED
SUB-003246,1309, Business , Monthly,29 May 2025,03 Mar 2026,312.77 USD,0.0%,PAUSED
SUB-003247,1472,Professional,Monthly ,29 Dec 2025,,157.71 USD,15%, Active 
SUB-003248,1089, Starter ,quarterly,"Dec 10, 2025",,52.89 USD,15.0%,Active
SUB-003249,1082, Enterprise ,Quarterly,"Nov 22, 2025",2026-02-03,722.90 USD,0.0%,Cancelled 
SUB-003250,1141, Starter ,QUARTERLY,23-10-2025,"Feb 01, 2026",45.39,0.0%,CANCELLED
SUB-003251,867, Starter ,annual,02/02/2025,02/02/2026,48.50,20.0%,Paused 
SUB-003252,801,Starter, Annual ,26/12/2025,,46.00 USD, 10% ,Active 
SUB-003253,295,Free,MONTHLY,09/01/2025,,$0.00,20%,Active 
SUB-003254,1317,Free , Monthly,"Nov 15, 2025",23/02/2026,$0, 15% ,cancelled
SUB-003255,1181,enterprise,monthly,13/01/2025,,$882,15.0%, Active
SUB-003256,787, Enterprise ,Quarterly,21/04/2025,21 Feb 2026,869.44,10 %, Paused
SUB-003257,1068,PROFESSIONAL,Annual ,03/29/2025,,USD 164.53, 20% , Active 
SUB-003258,374,FREE,MONTHLY,"Dec 15, 2025",06/21/2026,0.00,10.0%,Paused
SUB-003259,915,Starter,quarterly,23 Feb 2025,18/11/2025,53.11 USD,, Cancelled 
SUB-003260,1335,PROFESSIONAL,QUARTERLY,12 Nov 2025,,USD 144.22,5.0%,Active 
SUB-003261,153,Free, Monthly ,2025-04-01,,0.00 USD,10 %,active
SUB-003262,1041,business,Monthly ,03/18/2025,05-12-2025,282.79, 20% ,Paused
SUB-003263,319,Professional , Quarterly,29 Jan 2025,,USD 142.09,15.0%,active
SUB-003264,1438, Free, Monthly,23-03-2025,,$0,,Active
SUB-003265,337,professional,QUARTERLY,03/24/2025,,$170, 5% ,Active 
SUB-003266,363,Professional,Quarterly ,23/07/2025,"Nov 11, 2025",USD 170.91, 15% ,Paused 
SUB-003267,68,Professional,ANNUAL,18-10-2025,,163.71,10.0%, Active
SUB-003268,876, Business,QUARTERLY,"Oct 12, 2025",05/08/2026,$316,5 %,PAUSED
SUB-003269,1020, Professional, Annual ,2025-07-03,04/13/2026,$153.47,10 %,EXPIRED
SUB-003270,108,PROFESSIONAL,Annual,2025-10-25,,170.26,10%,ACTIVE
SUB-003271,1263,STARTER,quarterly,31-07-2025,,52.62,0 %,Active 
SUB-003272,1024, Professional , Monthly,07-10-2025,,$169.29,10 %,active
SUB-003273,1039,Business, Monthly,16/09/2025,,292.76, 10% ,Active
SUB-003274,1290,PROFESSIONAL,monthly,2025-11-24,,146.53 USD,5.0%,Active 
SUB-003275,26,starter, Annual,25-05-2025,,54.57 USD, 15% , Active 
SUB-003276,197, Business, Quarterly ,2025-09-19,,280.30,20%,active
SUB-003277,1379,Professional ,quarterly,22 May 2025,,$169,,active
SUB-003278,1295,Enterprise ,Monthly ,19 Jun 2025,,$820,, Active
SUB-003279,1210,starter,quarterly,"Nov 27, 2025",,USD 55.45,10 %, Active 
SUB-003280,1392,Starter,Monthly ,2025-01-04,,48.23, 0% ,Active 
SUB-003281,937, Starter,monthly,04/03/2025,,52.87,20%,Active 
SUB-003282,1112,PROFESSIONAL, Monthly ,01/28/2025,,$152,0 %, Active 
SUB-003283,209, Professional ,QUARTERLY,"Nov 29, 2025",12-01-2026,157.45,0.0%,PAUSED
SUB-003284,1378,Enterprise, Quarterly ,11/04/2025,18/01/2026,$819.85, 5% ,Cancelled
SUB-003285,1053,Starter, Annual,"Jul 28, 2025",,55.95,20.0%,ACTIVE
SUB-003286,674,Free ,Quarterly,"Jun 09, 2025",,0.00 USD,0 %,ACTIVE
SUB-003287,917, Business ,Monthly,15 Aug 2025,27-03-2026,$287.89,20 %,Expired 
SUB-003288,565,STARTER,Quarterly ,21/02/2025,,55.24, 20% ,ACTIVE
SUB-003289,1205, Business , Annual,"Mar 23, 2025",,$291,0.0%,active
SUB-003290,852, Professional , Annual ,02/26/2025,"Jan 10, 2026",$147.94,15 %,Expired
SUB-003291,1073,professional, Quarterly ,06/08/2025,,137.90,0%, Active 
SUB-003292,282, Free , Annual,"May 13, 2025",,$0.00, 20% , Active
SUB-003293,421, Business , Annual ,14-05-2025,07/12/2025,290.49 USD,20 %,EXPIRED
SUB-003294,1162,business, Annual ,"May 18, 2025",,USD 288.45,0 %, Active 
SUB-003295,1083, Professional , Monthly ,27 Feb 2025,,USD 168.38,0%,Active
SUB-003296,1477,starter,quarterly,2025-11-09,,53.97,5.0%,active
SUB-003297,565, Free,Quarterly ,07-01-2025,"Apr 21, 2025",0.00,0.0%,cancelled
SUB-003298,1045, Professional ,Annual,27/11/2025,,USD 162.76,20.0%,active
SUB-003299,104,Business ,MONTHLY,03 Apr 2025,24 Sep 2025,337.35 USD, 10% ,Expired
SUB-003300,1237,Professional ,ANNUAL,20-02-2025,,$137.02,10%,ACTIVE
SUB-003301,290, Professional , Quarterly ,15/11/2025,,$165, 0% ,active
SUB-003302,273,Starter , Monthly ,13/09/2025,,USD 50.81,0%,active
SUB-003303,1013,Professional,QUARTERLY,18 Apr 2025,,USD 159.03,5 %,Active 
SUB-003304,350,starter,ANNUAL,"Feb 16, 2025",,$50.14,5.0%, Active
SUB-003305,1026,starter,Monthly ,25 Jan 2025,,52.65,10 %,Active 
SUB-003306,754, Enterprise,Quarterly,31 Mar 2025,,$725.91,15 %,active
SUB-003307,90, Professional , Monthly,09-03-2025,,162.51, 15% , Active 
SUB-003308,437, Professional ,ANNUAL,2025-03-07,,USD 135.34,5%,Active
SUB-003309,492,STARTER,Annual,"Jul 13, 2025",,49.68 USD,20%,Active 
SUB-003310,585, Professional , Annual ,"Oct 31, 2025",,139.72,10 %,active
SUB-003311,721, Starter,MONTHLY,12/04/2025,30/05/2026,USD 54.19,0%, Expired
SUB-003312,739, Professional,ANNUAL,2025-05-12,,145.78, 10% ,ACTIVE
SUB-003313,625,PROFESSIONAL, Quarterly ,09/06/2025,,151.01 USD,,active
SUB-003314,1441, Business,ANNUAL,2025-10-01,"Apr 01, 2026",$301,15.0%,Cancelled
SUB-003315,513,Starter,monthly,"Sep 01, 2025",2025-12-19,53.56 USD,10 %, Paused 
SUB-003316,1248,Professional ,quarterly,24-06-2025,,152.02,5 %,active
SUB-003317,904,Business,quarterly,05/09/2025,2025-10-17,USD 328.07,5.0%,Expired 
SUB-003318,1388,starter,monthly,06-04-2025,,45.00 USD,5%, Active
SUB-003319,610,Enterprise, Annual ,2025-09-05,,757.37,15.0%,active
SUB-003320,481, Professional,annual,13/10/2025,07/20/2026,154.64 USD,20%,Cancelled
SUB-003321,1088,STARTER, Annual ,"Apr 07, 2025",10/11/2025,55.70,15.0%,paused
SUB-003322,180,Professional ,QUARTERLY,"Jul 09, 2025","May 20, 2026",USD 136.88,0%,Expired 
SUB-003323,251,Enterprise, Annual,14 Nov 2025,,$728,20.0%,ACTIVE
SUB-003324,277, Business ,Monthly ,30 Jul 2025,,USD 280.80, 5% ,ACTIVE
SUB-003325,386, Business ,Monthly,"Apr 07, 2025",,317.03,15.0%, Active 
SUB-003326,26,starter,ANNUAL,12/12/2025,09 Jun 2026,$48.99,5%,Paused 
SUB-003327,1322,free,annual,24/08/2025,,0.00,15.0%,Active
SUB-003328,1347,PROFESSIONAL, Annual,"Sep 12, 2025",17/03/2026,$137,5%, Cancelled
SUB-003329,244,Business ,Monthly ,27-03-2025,,$284,20%,Active
SUB-003330,301,starter,MONTHLY,10/19/2025,17 Jul 2026,$48, 5% ,paused
SUB-003331,77,PROFESSIONAL,annual,"Oct 26, 2025",,157.45 USD,0%,Active
SUB-003332,1159, Professional,ANNUAL,2025-10-23,,$159.62,15%,Active
SUB-003333,763,Starter,Monthly,15 Mar 2025,,45.62 USD,15.0%,Active
SUB-003334,797,Starter,quarterly,08-07-2025,,55.66, 0% , Active
SUB-003335,640, Starter, Quarterly ,2025-11-26,,USD 48.28, 10% ,ACTIVE
SUB-003336,1030,free,Quarterly ,2025-04-27,"Jul 20, 2025",0.00 USD,5.0%, Expired
SUB-003337,397,Enterprise,quarterly,"Mar 10, 2025",,USD 823.81,0%, Active 
SUB-003338,422,enterprise,annual,14-02-2025,,$763.60, 15% ,Active
SUB-003339,786, Business ,ANNUAL,31/05/2025,,332.36 USD,5.0%,ACTIVE
SUB-003340,577, Business,quarterly,2025-06-22,01-04-2026,$330,10%,PAUSED
SUB-003341,759,professional,ANNUAL,28 Jan 2025,,148.85,10.0%,active
SUB-003342,904, Starter ,quarterly,12/08/2025,,51.31,15 %, Active
SUB-003343,152,PROFESSIONAL,ANNUAL,14/08/2025,,143.70 USD, 10% , Active 
SUB-003344,350,PROFESSIONAL,QUARTERLY,"Nov 02, 2025",15-02-2026,$160,10%, Cancelled
SUB-003345,557, Starter , Monthly ,13/11/2025,01/02/2026,$48,15 %,expired
SUB-003346,142,starter,Monthly ,"Mar 04, 2025",,54.44,10.0%,Active
SUB-003347,197,BUSINESS,Annual,2025-12-16,,285.35,5%, Active 
SUB-003348,535, Starter ,Annual ,27-08-2025,,$44,,Active 
SUB-003349,1049,starter, Annual,07/09/2025,07/04/2026,47.39,20 %,EXPIRED
SUB-003350,1256,PROFESSIONAL, Annual ,12/31/2025,,141.22 USD,5%, Active 
SUB-003351,622,Starter ,ANNUAL,"Mar 27, 2025",18-11-2025,USD 50.33, 10% ,Cancelled
SUB-003352,1419,business,QUARTERLY,25/09/2025,2026-06-28,$284,15%,EXPIRED
SUB-003353,1086,FREE,QUARTERLY,2025-08-13,,$0.00,20.0%, Active 
SUB-003354,326,Business ,Quarterly ,04/09/2025,,287.14, 20% ,active
SUB-003355,444,PROFESSIONAL,Monthly ,11 Jan 2025,25-12-2025,160.43 USD,,Expired
SUB-003356,1146,business,Quarterly,"Aug 20, 2025",,USD 312.34,5.0%, Active
SUB-003357,157, Starter,ANNUAL,2025-01-11,,$56,10 %,active
SUB-003358,1455,professional, Annual,28-05-2025,,171.35,0%, Active
SUB-003359,1164,BUSINESS,Monthly,2025-03-20,2026-02-15,334.10,20%,cancelled
SUB-003360,70,Business,Annual ,09/06/2025,,325.91,,Active 
SUB-003361,117, Professional ,Quarterly,24-12-2025,,$148,5.0%, Active
SUB-003362,707,Professional,Quarterly,2025-06-08,,162.16,0 %, Active
SUB-003363,599,Free ,annual,19/12/2025,,0.00,0 %, Active
SUB-003364,147,professional, Quarterly,2025-02-18,,$134.97,10 %,Active
SUB-003365,43,starter, Monthly ,13-03-2025,,$51,0.0%,Active 
SUB-003366,86,Starter ,Annual,19 Jan 2025,,46.77,0.0%,ACTIVE
SUB-003367,1488,Professional , Monthly,2025-07-15,2026-06-25,$154.88, 15% ,Paused 
SUB-003368,625, Free ,quarterly,04/28/2025,2025-08-12,$0,20 %,EXPIRED
SUB-003369,277,Enterprise, Annual,18-06-2025,,834.11 USD,15%,Active
SUB-003370,993,Free , Monthly,06/17/2025,,0.00,10%,active
SUB-003371,1447, Starter ,annual,03/22/2025,01/11/2026,USD 55.86,0%,PAUSED
SUB-003372,1425,professional,QUARTERLY,13/11/2025,12/14/2025,USD 154.67,10.0%, Expired
SUB-003373,441, Starter ,QUARTERLY,04/02/2025,,$54,15 %, Active
SUB-003374,256, Business,Monthly,20 Mar 2025,,293.01 USD,0.0%,Active
SUB-003375,482,STARTER,ANNUAL,"Aug 01, 2025",,49.47 USD,15.0%,Active 
SUB-003376,1002,PROFESSIONAL,Quarterly ,10-04-2025,,151.62 USD,0%, Active 
SUB-003377,1185,Enterprise , Quarterly,2025-07-20,16 Nov 2025,774.78 USD,15 %, Expired 
SUB-003378,639, Business , Annual,2025-02-05,16-07-2025,297.49, 0% ,PAUSED
SUB-003379,657, Professional, Quarterly ,2025-06-05,01/03/2026,USD 156.39,10 %,Paused
SUB-003380,706,starter, Monthly ,27/08/2025,,$51,20 %,active
SUB-003381,300,ENTERPRISE, Monthly ,"Aug 28, 2025",10 Mar 2026,846.23,15.0%, Cancelled
SUB-003382,625,BUSINESS, Quarterly ,2025-08-08,25/07/2026,USD 295.40,10%, Cancelled 
SUB-003383,58,STARTER,Monthly ,06/03/2025,,47.97,15.0%,Active 
SUB-003384,1133, Starter ,monthly,11/03/2025,09/27/2025,51.59,10 %,Paused 
SUB-003385,332, Enterprise, Annual ,11/03/2025,06/07/2026,$746,15.0%, Paused 
SUB-003386,11,Enterprise,monthly,25/12/2025,,USD 769.64,0 %, Active 
SUB-003387,813,Free,Annual,02/09/2025,2025-11-12,$0.00,15%,PAUSED
SUB-003388,1083,starter,Quarterly ,03/20/2025,,44.99 USD,10%,Active
SUB-003389,734,Professional, Annual,27/07/2025,,$143,20 %, Active 
SUB-003390,747,FREE,Quarterly,2025-11-07,06 Feb 2026,$0,5%,Cancelled
SUB-003391,63,professional, Quarterly,31-05-2025,,143.24 USD,0.0%,Active
SUB-003392,1388, Professional , Quarterly,17 Oct 2025,,158.50 USD,15%, Active 
SUB-003393,1078, Starter ,monthly,26 Mar 2025,24 Nov 2025,$44.85,15%,EXPIRED
SUB-003394,505,Free , Monthly,2025-08-23,,0.00,20%,ACTIVE
SUB-003395,381, Professional, Quarterly ,03/10/2025,,USD 168.11,0 %,Active
SUB-003396,577, Enterprise, Annual,04/14/2025,15 Jun 2025,USD 877.16,20.0%, Expired 
SUB-003397,1107,BUSINESS, Quarterly ,09-06-2025,04/07/2026,291.93 USD, 10% , Expired
SUB-003398,689, Starter ,ANNUAL,10/29/2025,,$55,5 %,Active 
SUB-003399,1139,ENTERPRISE,ANNUAL,02 Apr 2025,,784.95,10%, Active 
SUB-003400,1334,ENTERPRISE, Monthly ,"Mar 04, 2025",,$734,0 %,Active
SUB-003401,225,BUSINESS,quarterly,"Aug 17, 2025",,USD 343.41,10%, Active 
SUB-003402,710, Professional , Annual,"Oct 07, 2025",,166.51 USD,5.0%,active
SUB-003403,1161, Starter ,MONTHLY,05 Jan 2025,,49.81,5.0%,Active 
SUB-003404,686, Business, Monthly,24 Nov 2025,,USD 318.91,5.0%,Active
SUB-003405,360,Business,Monthly,09/06/2025,,$319.27,15%,Active
SUB-003406,912,professional, Quarterly,02/05/2025,03/13/2026,$141,10.0%,Cancelled
SUB-003407,690,Free , Quarterly,"Oct 24, 2025",,0.00,5%, Active
SUB-003408,141, Starter ,Annual ,2025-11-08,,$49.85, 20% ,ACTIVE
SUB-003409,1103,business,Monthly ,19-06-2025,,337.24,15.0%, Active 
SUB-003410,414,Business ,Quarterly ,12/02/2025,"Feb 06, 2026",269.85,0 %,Cancelled 
SUB-003411,601,STARTER,annual,30-08-2025,,USD 53.69,0 %,active
SUB-003412,97, Professional,Quarterly ,"Jul 01, 2025",,$136.24,15.0%, Active 
SUB-003413,1120,STARTER,ANNUAL,2025-07-22,,49.96, 20% ,Active 
SUB-003414,485,STARTER,MONTHLY,2025-02-14,,51.91 USD,20 %, Active 
SUB-003415,257, Free,monthly,21/07/2025,23/12/2025,USD 0.00, 0% , Cancelled 
SUB-003416,251, Professional,MONTHLY,16-03-2025,,$136.28,0.0%, Active 
SUB-003417,127,Business, Annual ,04 May 2025,01/13/2026,$300, 20% , Cancelled 
SUB-003418,659, Enterprise ,QUARTERLY,04/12/2025,,USD 835.72,15 %, Active 
SUB-003419,1001, Professional, Quarterly ,03/04/2025,,$136.56,10.0%,Active
SUB-003420,823, Starter , Monthly,07/07/2025,,$45.75, 5% , Active
SUB-003421,724, Professional,Annual,14/07/2025,,158.82,0%, Active
SUB-003422,1473,Enterprise , Quarterly ,07 Aug 2025,,823.30,15%,Active 
SUB-003423,740,Business , Quarterly,02/11/2025,11/30/2025,USD 281.20,15.0%,paused
SUB-003424,790, Business , Quarterly ,09/12/2025,,$309.11,, Active 
SUB-003425,558,FREE,Quarterly ,11/04/2025,,0.00,20 %,Active
SUB-003426,15,Free , Monthly,2025-10-10,12-11-2025,USD 0.00,5.0%,Cancelled 
SUB-003427,1130,Starter,Monthly ,2025-12-30,"Sep 30, 2026",$52,5.0%,Cancelled 
SUB-003428,217, Enterprise,ANNUAL,2025-09-02,2025-11-20,$734,5%, Expired
SUB-003429,742,Professional , Annual,05 Jan 2025,,134.34, 0% , Active 
SUB-003430,257,STARTER,monthly,06 Jun 2025,,$46,0.0%,active
SUB-003431,1046, Starter, Quarterly,12/08/2025,,$49.28,0.0%,Active
SUB-003432,1259,business,QUARTERLY,29/05/2025,,USD 329.08,0 %, Active 
SUB-003433,874, Business, Quarterly ,06/25/2025,,$290.16,15%,Active 
SUB-003434,262,starter,Quarterly ,2025-11-17,01-07-2026,51.76 USD,0 %,Cancelled
SUB-003435,676,Starter, Annual ,10/04/2025,,49.14,20%,active
SUB-003436,684,FREE,Monthly ,26-05-2025,,USD 0.00,15 %,ACTIVE
SUB-003437,914,STARTER, Annual ,06/01/2025,,$50,10.0%,Active
SUB-003438,1056, Business ,quarterly,2025-04-22,,328.71 USD, 20% ,ACTIVE
SUB-003439,1045,PROFESSIONAL,Quarterly,30/08/2025,,$165.11, 0% ,Active
SUB-003440,426, Starter , Annual ,14-07-2025,,54.47,20 %,Active 
SUB-003441,1153,ENTERPRISE, Annual,23-04-2025,,$786.73,,ACTIVE
SUB-003442,178, Starter , Annual ,03/05/2025,,53.82,20%,Active
SUB-003443,869, Professional, Quarterly,11-03-2025,,142.00,20 %,active
SUB-003444,1461,Business ,quarterly,13/09/2025,,324.30,5 %, Active 
SUB-003445,998,PROFESSIONAL,quarterly,"Feb 18, 2025",,169.43,20%, Active 
SUB-003446,230,Professional,Annual ,29 Jan 2025,18/07/2025,134.61,5.0%, Paused
SUB-003447,1402,starter,Quarterly,12 Apr 2025,2025-06-08,49.49,5 %, Cancelled
SUB-003448,577,ENTERPRISE, Annual,"Jul 04, 2025",,$848,20 %, Active 
SUB-003449,1316,PROFESSIONAL,Annual ,09 Oct 2025,,USD 160.24,10 %,Active 
SUB-003450,729,Professional ,Annual,02-09-2025,,$141, 10% , Active
SUB-003451,138,professional, Annual ,28 Jan 2025,"May 28, 2025",170.31,20%,Paused
SUB-003452,1104, Business, Annual,"Apr 15, 2025",03-02-2026,$315, 15% ,paused
SUB-003453,37, Free ,monthly,2025-07-17,09/15/2025,0.00 USD, 10% ,Paused
SUB-003454,198,Starter,monthly,21/01/2025,08/30/2025,44.35 USD, 15% ,Cancelled 
SUB-003455,766, Professional ,Monthly,2025-05-08,"Jan 06, 2026",163.28,, Cancelled 
SUB-003456,1210,Professional , Quarterly,12-06-2025,,$137.07,15.0%, Active 
SUB-003457,1163,PROFESSIONAL,QUARTERLY,12 Jul 2025,,139.35,5 %,Active
SUB-003458,575,business, Monthly ,06/26/2025,"Jun 11, 2026",USD 312.07, 20% ,cancelled
SUB-003459,136,Starter ,Monthly,01/17/2025,,$51.49,10%,active
SUB-003460,573, Starter ,ANNUAL,19/08/2025,,52.51 USD,15 %, Active 
SUB-003461,509,Starter,MONTHLY,03 Jun 2025,09-12-2025,$48.92,5 %, Expired
SUB-003462,333, Business ,quarterly,29 Aug 2025,,$327,10.0%,Active
SUB-003463,72,Business ,quarterly,2025-03-11,,USD 341.93,,Active
SUB-003464,984,Business,monthly,09/09/2025,02/06/2026,USD 289.36,15%, Cancelled 
SUB-003465,1489, Enterprise , Annual ,19 Jul 2025,03/20/2026,$859.53,20 %, Expired
SUB-003466,352,PROFESSIONAL, Quarterly ,"Jun 29, 2025",,USD 168.69,15 %,Active 
SUB-003467,893, Starter,Monthly,15 Aug 2025,,52.51,15%,active
SUB-003468,135, Professional, Annual,10 Apr 2025,23 Jun 2025,159.47,20%, Expired 
SUB-003469,1003,Professional , Monthly,07/03/2025,,USD 142.44, 15% ,ACTIVE
SUB-003470,690,starter,Annual ,"May 29, 2025",03-07-2025,$51,0%, Paused
SUB-003471,588,Professional, Quarterly ,"Oct 16, 2025",,155.05, 20% ,Active 
SUB-003472,1334, Professional ,annual,2025-05-20,,160.18 USD,5.0%,active
SUB-003473,775, Professional,QUARTERLY,09/14/2025,,USD 171.23,5 %,Active 
SUB-003474,754,BUSINESS,quarterly,2025-06-17,,$272,15.0%,ACTIVE
SUB-003475,858,starter,monthly,09/16/2025,,44.90, 5% ,Active
SUB-003476,530, Free ,MONTHLY,04 Aug 2025,,$0.00, 5% ,ACTIVE
SUB-003477,758,ENTERPRISE,Annual ,26/11/2025,,USD 867.51,0 %, Active
SUB-003478,364,Starter,annual,"May 10, 2025",,45.77 USD,15%, Active
SUB-003479,144, Free , Monthly,05/11/2025,,$0.00,20 %, Active 
SUB-003480,1204,starter, Annual ,19 Jul 2025,,48.08 USD,20.0%,active
SUB-003481,1036,Starter ,Monthly ,27/09/2025,,$50,15 %,Active 
SUB-003482,1190,business,Monthly ,26 Jun 2025,,285.22,15%, Active
SUB-003483,714, Starter ,Monthly ,08 May 2025,,USD 54.71,15.0%, Active
SUB-003484,1113,Enterprise ,Monthly ,"Nov 20, 2025",,$836.18,0 %,Active 
SUB-003485,524,enterprise,ANNUAL,26/07/2025,,$908, 5% ,Active
SUB-003486,1109,professional,Monthly ,2025-03-20,,$155.50,15 %, Active
SUB-003487,902, Professional ,Quarterly ,03-10-2025,2026-02-27,$139,15%,Expired 
SUB-003488,93,Professional ,Annual ,"Aug 13, 2025",,140.46 USD,15.0%,Active
SUB-003489,741,starter,QUARTERLY,24/05/2025,,56.22,15%,Active
SUB-003490,1453,starter, Monthly,05/24/2025,2026-03-05,$53, 15% ,Paused 
SUB-003491,228,Professional ,QUARTERLY,2025-07-21,,135.94,5.0%,ACTIVE
SUB-003492,968,STARTER, Quarterly,26/07/2025,02-06-2026,USD 52.72, 20% ,Expired
SUB-003493,24, Professional , Annual ,13 Dec 2025,09/29/2026,$149,5%,Cancelled
SUB-003494,1186,professional, Annual ,09/19/2025,,USD 145.54,, Active 
SUB-003495,34,Enterprise , Monthly,17 May 2025,,749.87 USD, 10% , Active 
SUB-003496,1244, Professional,QUARTERLY,"Apr 26, 2025","Sep 23, 2025",165.39,10%, Expired 
SUB-003497,126, Professional,annual,21/10/2025,,136.48 USD,15.0%, Active 
SUB-003498,880,starter,quarterly,2025-12-12,,$47.65,10.0%, Active
SUB-003499,23,Starter , Quarterly,31 Jan 2025,02-10-2025,USD 47.85,15.0%,Expired 
SUB-003500,1417,Free , Quarterly,25 Feb 2025,,$0,5%,Active
SUB-003501,891,PROFESSIONAL,Monthly,2025-03-21,2025-12-30,153.03,0%,CANCELLED
SUB-003502,750, Professional ,quarterly,19/10/2025,,134.54, 20% ,ACTIVE
SUB-003503,729,Enterprise,QUARTERLY,04 Apr 2025,,$779, 5% ,ACTIVE
SUB-003504,172, Starter, Annual,"Oct 22, 2025",,$56,0.0%,active
SUB-003505,107,Starter ,Monthly,12-06-2025,,$47.90, 10% , Active 
SUB-003506,1351,Professional, Quarterly,03/11/2025,,147.53,0%, Active 
SUB-003507,131, Business ,Annual,2025-09-06,,304.47,20.0%,Active
SUB-003508,1407,PROFESSIONAL,ANNUAL,28/04/2025,"Jul 02, 2025",155.02,5 %,expired
SUB-003509,1035,PROFESSIONAL,Monthly,01/04/2025,12/11/2025,$164.22, 5% ,Cancelled
SUB-003510,657,Professional,monthly,14 Oct 2025,01-09-2026,$141.19, 0% , Paused 
SUB-003511,1495,PROFESSIONAL,Annual ,"Sep 28, 2025",,$166.57, 10% ,ACTIVE
SUB-003512,32,PROFESSIONAL, Monthly,2025-10-06,"May 04, 2026",162.32 USD,15 %, Paused 
SUB-003513,106,Professional , Quarterly,2025-05-10,,161.02,10 %, Active
SUB-003514,314,Starter , Annual ,01/25/2025,02/27/2025,USD 45.16,15 %,Expired
SUB-003515,739,Free, Monthly,12-03-2025,29 Sep 2025,0.00,5 %, Expired
SUB-003516,114,Business ,QUARTERLY,15 Jan 2025,02/24/2025,USD 313.50,20 %, Paused
SUB-003517,676, Professional ,annual,"Apr 19, 2025",2026-03-08,$166,, Expired
SUB-003518,546,STARTER,monthly,2025-10-18,22 Feb 2026,$51,0 %,Expired
SUB-003519,1214, Starter,Monthly,08/22/2025,,46.71 USD, 10% , Active 
SUB-003520,1336,Starter,monthly,21-02-2025,,USD 45.21,20 %, Active 
SUB-003521,274,starter,quarterly,2025-04-09,"Jul 03, 2025",$53,20.0%,Paused
SUB-003522,539,professional,MONTHLY,08-05-2025,,160.99 USD,, Active 
SUB-003523,371, Professional,QUARTERLY,21-11-2025,,$141,10 %, Active
SUB-003524,1089,Free, Annual ,06/20/2025,"Aug 05, 2025",$0, 0% , Paused 
SUB-003525,441,PROFESSIONAL,QUARTERLY,29/08/2025,14 Nov 2025,$149, 0% , Expired
SUB-003526,1107, Starter ,ANNUAL,"Jan 26, 2025",08 Jan 2026,$51.24, 15% ,Paused 
SUB-003527,1065,BUSINESS, Monthly,27-06-2025,2025-12-25,$322, 0% ,CANCELLED
SUB-003528,227, Professional,monthly,02-01-2025,06-08-2025,164.27, 15% ,EXPIRED
SUB-003529,643, Professional, Monthly,21-11-2025,09/01/2026,$157,,Cancelled 
SUB-003530,1228,free,Annual ,2025-04-28,,0.00,5.0%,active
SUB-003531,781,Professional,Quarterly ,19 Sep 2025,14-09-2026,$159.53, 20% , Expired
SUB-003532,329,Professional ,Monthly,26 Jul 2025,,170.76,10.0%,active
SUB-003533,178,PROFESSIONAL, Monthly,2025-11-19,,$167.83,5 %,Active
SUB-003534,336, Professional,Quarterly ,01/09/2025,,166.57,10.0%, Active 
SUB-003535,360,Starter,Annual ,26 Feb 2025,,47.80,15.0%,active
SUB-003536,710,Professional,quarterly,08 Dec 2025,17 Apr 2026,162.07,10 %,PAUSED
SUB-003537,31,professional,Quarterly ,17-08-2025,,165.80 USD,15 %,Active
SUB-003538,998,Starter, Quarterly,2025-08-13,,$52,20.0%, Active 
SUB-003539,593,Starter ,QUARTERLY,03/05/2025,,47.17, 0% ,Active
SUB-003540,1199,business,Annual ,06-03-2025,,340.40 USD, 10% ,Active 
SUB-003541,515, Free , Quarterly,02/14/2025,"Feb 11, 2026",$0.00, 0% ,CANCELLED
SUB-003542,667,Starter,Monthly,09/10/2025,09-01-2026,$46,10%,CANCELLED
SUB-003543,892,ENTERPRISE, Monthly,14/07/2025,21/09/2025,741.03,10 %,Cancelled 
SUB-003544,554, Free , Annual,"Feb 15, 2025",,$0.00,0%,Active 
SUB-003545,12, Professional ,ANNUAL,07/11/2025,,$150.40, 0% ,Active 
SUB-003546,735,free,Annual ,20-12-2025,18/10/2026,0.00,10%, Cancelled
SUB-003547,359,Professional ,QUARTERLY,09/02/2025,"Apr 05, 2025",$162,20%, Expired
SUB-003548,1108,Starter,Monthly ,"Aug 28, 2025",2026-08-26,53.89,5%,CANCELLED
SUB-003549,1482,Enterprise, Quarterly ,2025-05-09,,864.00,5%,ACTIVE
SUB-003550,733,Business ,Monthly,"Dec 12, 2025",,284.22,0.0%,active
SUB-003551,109, Free,quarterly,23/11/2025,04/03/2026,0.00,5.0%, Expired
SUB-003552,1256, Business,Monthly,05/15/2025,"May 12, 2026",$269.90, 5% , Expired
SUB-003553,479,PROFESSIONAL,Quarterly ,14/03/2025,,$145.47, 10% ,active
SUB-003554,1154, Professional , Monthly ,06/06/2025,"Oct 13, 2025",$149,0 %,EXPIRED
SUB-003555,298,Professional ,Annual ,14 Jul 2025,21-06-2026,165.21 USD,0 %,EXPIRED
SUB-003556,23, Business,MONTHLY,2025-05-13,2025-08-09,$298,5%, Cancelled 
SUB-003557,410,PROFESSIONAL,quarterly,08-06-2025,2026-01-08,$134.52,5 %,cancelled
SUB-003558,1106,Business ,ANNUAL,04/12/2025,,295.44,5 %,Active 
SUB-003559,1262,STARTER,ANNUAL,"Nov 02, 2025",,$50,20.0%,active
SUB-003560,668,Free ,QUARTERLY,"May 23, 2025",20-09-2025,0.00, 10% , Expired
SUB-003561,751, Starter ,MONTHLY,21-09-2025,02/09/2026,$56,20.0%, Expired
SUB-003562,1005, Professional ,Quarterly,2025-08-21,,140.84 USD,0.0%, Active 
SUB-003563,147,starter, Annual ,25 Dec 2025,07/25/2026,46.37 USD,15%,PAUSED
SUB-003564,589, Business,MONTHLY,"Jun 21, 2025",,$281,10.0%,Active 
SUB-003565,871,BUSINESS,MONTHLY,15/10/2025,2026-01-30,$328,10.0%,CANCELLED
SUB-003566,1412, Starter,quarterly,30 Mar 2025,05/31/2025,44.17,10 %,Paused
SUB-003567,886, Enterprise ,ANNUAL,21-10-2025,,$744.50, 5% , Active
SUB-003568,658,Professional,monthly,2025-01-09,,154.14 USD,0.0%,Active
SUB-003569,1466,Starter, Annual,"Jun 23, 2025","Oct 22, 2025",47.13 USD,0.0%,paused
SUB-003570,314,professional, Quarterly,20/02/2025,,USD 137.54,5.0%, Active
SUB-003571,262,Starter,QUARTERLY,13 Jun 2025,,$48.51, 15% ,ACTIVE
SUB-003572,256, Business,Quarterly ,"Sep 08, 2025",,$289.60,15%, Active 
SUB-003573,256,Professional ,ANNUAL,21/02/2025,,153.14 USD,15.0%, Active 
SUB-003574,1406, Professional ,Quarterly,01/07/2025,08/06/2026,USD 170.58,15 %, Cancelled 
SUB-003575,1153,Business,Monthly ,18-01-2025,02/10/2025,278.39 USD,10.0%, Expired 
SUB-003576,1123,Starter , Quarterly ,24-06-2025,,48.67,15.0%, Active 
SUB-003577,781,Free, Monthly ,"Apr 21, 2025",,0.00 USD,10%,Active 
SUB-003578,1254,Business , Annual ,08/10/2025,,$334.65,0 %, Active 
SUB-003579,1149,Professional ,annual,20 Jul 2025,,$149,20%,Active 
SUB-003580,1324,STARTER, Annual,2025-10-18,,52.66 USD,15.0%, Active 
SUB-003581,171,Professional,ANNUAL,01/05/2025,,$137.37,10 %,ACTIVE
SUB-003582,1065,business,monthly,20-08-2025,,$322.36,5.0%,Active 
SUB-003583,1215,PROFESSIONAL,Quarterly ,11 Aug 2025,,170.34,20.0%,Active
SUB-003584,183,Professional,MONTHLY,31 Jan 2025,"Aug 30, 2025",154.12,15 %,cancelled
SUB-003585,1257,Enterprise,Annual,07/06/2025,11/15/2025,818.67,10 %,Cancelled
SUB-003586,1358, Free,MONTHLY,"Dec 15, 2025",,0.00,5%,Active 
SUB-003587,1290, Professional,Annual ,19/06/2025,,157.71, 20% ,active
SUB-003588,524,ENTERPRISE,monthly,21 Feb 2025,,$837.04,10.0%,ACTIVE
SUB-003589,1449, Business ,Annual,"Aug 10, 2025",,$318,5%,Active 
SUB-003590,92,Professional ,Monthly,12/01/2025,,$135.07, 20% , Active 
SUB-003591,213, Starter ,Quarterly,31 Jan 2025,,50.82 USD, 0% , Active
SUB-003592,1289,STARTER,Monthly,04/11/2025,04/07/2026,51.39, 5% , Cancelled
SUB-003593,278, Starter ,quarterly,12/19/2025,,46.64,20.0%,Active 
SUB-003594,1483,Professional, Quarterly,03/06/2025,,USD 141.86, 20% ,active
SUB-003595,753, Professional ,ANNUAL,25 Dec 2025,21/10/2026,144.39,15 %,Cancelled 
SUB-003596,363,free,monthly,10/08/2025,,0.00,0 %,Active
SUB-003597,532,Business,annual,2025-01-21,,$314,15 %,Active 
SUB-003598,1446, Free ,QUARTERLY,"Dec 12, 2025",,$0.00,0%, Active
SUB-003599,700, Professional ,MONTHLY,02/03/2025,,145.11 USD,5 %,Active 
SUB-003600,971, Free, Quarterly,01/27/2025,,$0,5 %,active
SUB-003601,754,STARTER,monthly,10/09/2025,,53.21 USD,0%,Active
SUB-003602,409,ENTERPRISE, Monthly,06/22/2025,2026-02-19,798.00 USD,20.0%,Paused
SUB-003603,206,PROFESSIONAL,Annual ,01 Aug 2025,,137.65,20.0%,active
SUB-003604,845,Professional,Monthly ,"Feb 14, 2025",,$143.67,5.0%, Active 
SUB-003605,1338,ENTERPRISE, Annual,19 Oct 2025,,910.21,0.0%, Active 
SUB-003606,777, Professional ,monthly,04/17/2025,,$145.66, 15% ,ACTIVE
SUB-003607,346, Starter ,annual,03/11/2025,,$48, 10% , Active 
SUB-003608,383, Business ,ANNUAL,"Aug 17, 2025",02-01-2026,283.27,20 %, Cancelled
SUB-003609,646, Professional ,Annual ,24-04-2025,,$164.16,0 %,ACTIVE
SUB-003610,14,ENTERPRISE,QUARTERLY,2025-02-15,,774.16 USD, 0% ,ACTIVE
SUB-003611,943, Professional,monthly,20/08/2025,12-11-2025,USD 146.40,0%,expired
SUB-003612,1333, Starter ,MONTHLY,10/05/2025,,49.18,0 %,active
SUB-003613,847, Enterprise,MONTHLY,26 Aug 2025,12/29/2025,805.74,0.0%, Paused
SUB-003614,997, Professional, Annual ,09/04/2025,,149.42,15 %, Active 
SUB-003615,381, Professional ,annual,29/07/2025,12/10/2025,152.86 USD,0 %,Cancelled 
SUB-003616,1149,Business,annual,09 Oct 2025,27-06-2026,USD 329.98,0 %,Paused
SUB-003617,1235,Professional,Monthly ,06/01/2025,2026-05-16,164.62,10 %,EXPIRED
SUB-003618,866,Enterprise ,QUARTERLY,22 Jan 2025,15/07/2025,878.56,20%, Cancelled
SUB-003619,1056, Business , Monthly,2025-09-14,,276.66,10%,Active
SUB-003620,1159,enterprise,Quarterly ,05/02/2025,15/01/2026,USD 878.84, 10% , Cancelled
SUB-003621,1081, Professional,Annual ,2025-09-16,,138.58 USD,0%, Active 
SUB-003622,456,starter,Annual,05/09/2025,14-11-2025,45.63 USD,, Cancelled 
SUB-003623,285,Enterprise ,ANNUAL,17 Nov 2025,2026-11-08,USD 908.44,10.0%,Expired 
SUB-003624,1283,Starter,monthly,26/08/2025,,54.14,5.0%,active
SUB-003625,460, Professional ,Annual,12/12/2025,,USD 154.68,, Active 
SUB-003626,962,enterprise, Monthly,"Oct 05, 2025",08-09-2026,893.88,15 %,Expired 
SUB-003627,321,starter,monthly,"Nov 22, 2025",,56.22,10 %,ACTIVE
SUB-003628,214, Starter,ANNUAL,14/05/2025,2025-12-03,51.58,15.0%,Cancelled
SUB-003629,783,PROFESSIONAL,Quarterly ,"Dec 13, 2025",03 Dec 2026,$156.93,20 %,cancelled
SUB-003630,104,Starter,Annual,"Sep 21, 2025",,53.34,5.0%, Active 
SUB-003631,448,Professional,Quarterly,13 Feb 2025,,USD 142.75,20 %,Active 
SUB-003632,841, Starter,MONTHLY,"Jan 11, 2025",,46.15,0%,ACTIVE
SUB-003633,580,starter,Monthly ,"Aug 14, 2025",,USD 53.40,20%,active
SUB-003634,1447,Professional, Annual ,16-05-2025,"Jan 10, 2026",146.95 USD,0 %,cancelled
SUB-003635,560, Business , Annual,27/09/2025,27/09/2026,279.20 USD,0%,cancelled
SUB-003636,1004,Free,Annual,13/06/2025,,0.00,10 %,active
SUB-003637,359, Professional ,ANNUAL,21/06/2025,,147.46,0.0%,Active 
SUB-003638,717,Free,Quarterly,30-04-2025,,0.00, 20% , Active 
SUB-003639,889,professional, Annual ,"May 21, 2025",2025-09-25,$160.10,0%,expired
SUB-003640,1237,Professional,Quarterly ,09/24/2025,"Dec 24, 2025",$153.87,10%,Cancelled
SUB-003641,193,starter,MONTHLY,09 Mar 2025,,$56,10 %,Active 
SUB-003642,334,Professional,monthly,19 Feb 2025,21/12/2025,167.74,0 %,cancelled
SUB-003643,168,Professional, Quarterly,"Jul 22, 2025",,$153,15.0%, Active
SUB-003644,1083,Business , Annual ,12-10-2025,,$336.80,15%,Active 
SUB-003645,408, Business ,Annual,04/28/2025,,$299.32,15%, Active 
SUB-003646,1468,starter,Monthly ,01/01/2025,2025-02-15,46.92 USD,20%, Paused 
SUB-003647,162, Professional ,ANNUAL,30 Mar 2025,,142.77 USD,0%,ACTIVE
SUB-003648,606,STARTER,annual,08/26/2025,,$52,20 %,active
SUB-003649,616, Professional,Monthly ,11 Jan 2025,29 Sep 2025,$153,20.0%,paused
SUB-003650,567,Professional, Monthly ,2025-05-13,,158.65 USD,10%,active
SUB-003651,54, Professional, Quarterly ,2025-07-19,,159.66,0 %,Active 
SUB-003652,549, Business ,Quarterly,"Dec 20, 2025",,$271,5 %,active
SUB-003653,1088, Starter,Annual ,06-02-2025,,$45,20.0%,active
SUB-003654,576,starter,QUARTERLY,29-01-2025,,50.63,15.0%,Active
SUB-003655,456,Business, Quarterly ,"Apr 11, 2025",2025-07-28,283.38,, Cancelled 
SUB-003656,559,professional,Quarterly,"Feb 26, 2025",,$157.66,5%, Active
SUB-003657,115,professional, Quarterly,05/08/2025,2026-03-15,USD 154.67, 20% ,Paused 
SUB-003658,1180, Starter,Quarterly,09/20/2025,25 Mar 2026,51.28,0%,paused
SUB-003659,854, Starter , Quarterly,07/16/2025,05-10-2025,47.81,10 %, Expired
SUB-003660,195, Starter,Monthly,2025-02-12,"Apr 02, 2025",USD 51.94,5%, Expired 
SUB-003661,692, Professional, Annual ,"Apr 09, 2025",11/12/2025,165.00,20.0%,CANCELLED
SUB-003662,1478,BUSINESS,Monthly,26 Jun 2025,,USD 343.71,0.0%,active
SUB-003663,712,Business ,Annual,"Nov 18, 2025",,331.77,,Active 
SUB-003664,883,Professional,ANNUAL,20/12/2025,,154.87,5.0%,active
SUB-003665,1214,professional,Annual,11 Sep 2025,,USD 141.31,5%,Active
SUB-003666,1459,Starter,Annual ,2025-10-06,,52.45,5%,Active
SUB-003667,507, Professional ,Quarterly,2025-06-26,,169.03,20%,ACTIVE
SUB-003668,887, Starter,Monthly,17 Mar 2025,21 Jan 2026,$47,15%,Expired 
SUB-003669,666,Professional,MONTHLY,16-12-2025,30/10/2026,143.64,20%,Paused 
SUB-003670,1179,Enterprise ,Annual ,09/04/2025,22-09-2025,748.86 USD,15 %,Cancelled 
SUB-003671,850, Free , Annual,2025-04-10,,0.00,15 %,ACTIVE
SUB-003672,380, Professional ,annual,15 Dec 2025,,149.24,10%,ACTIVE
SUB-003673,558,Business , Annual ,2025-11-11,,USD 273.79, 20% ,Active
SUB-003674,1414,STARTER,Quarterly,"Mar 25, 2025",12-05-2025,54.82, 15% ,Cancelled
SUB-003675,660,Professional , Quarterly ,01 Jun 2025,11 Aug 2025,$155,20 %, Expired
SUB-003676,1058,Enterprise ,Annual,"Jul 08, 2025",30/11/2025,$785,0 %,Expired
SUB-003677,898,Enterprise,Annual,11/02/2025,,787.81, 5% ,active
SUB-003678,1131,ENTERPRISE,Annual,03/31/2025,,777.08,0.0%,ACTIVE
SUB-003679,973,professional, Annual,11 Apr 2025,13/08/2025,151.07,,cancelled
SUB-003680,98,PROFESSIONAL,ANNUAL,06-01-2025,,USD 146.65, 10% ,active
SUB-003681,366,BUSINESS,Annual ,22-01-2025,"Aug 04, 2025",310.06,20%, Expired
SUB-003682,944,Business ,Annual,"Apr 07, 2025",,$327,15%, Active 
SUB-003683,1477, Professional, Annual,21-11-2025,2026-05-12,159.22,20%,Cancelled 
SUB-003684,1177, Professional, Monthly ,21/01/2025,,145.07,10 %, Active 
SUB-003685,815,Starter ,Monthly,11/17/2025,,50.58, 5% ,ACTIVE
SUB-003686,48,FREE, Monthly,12-05-2025,,USD 0.00,0.0%,Active
SUB-003687,767,business,Monthly,12/09/2025,,$274.20,5 %,ACTIVE
SUB-003688,1108,PROFESSIONAL,annual,19-04-2025,,$137.02,0%, Active 
SUB-003689,465,professional,Annual,20 Jul 2025,09/04/2026,154.82 USD, 0% ,Cancelled 
SUB-003690,1245,STARTER, Monthly,27-04-2025,,51.93, 15% , Active
SUB-003691,795,BUSINESS,Quarterly ,04/15/2025,13/07/2025,284.90,10%, Expired
SUB-003692,904,Professional ,ANNUAL,27 May 2025,,USD 161.86,10 %,Active 
SUB-003693,762,professional,QUARTERLY,07/07/2025,,158.17,20.0%,ACTIVE
SUB-003694,791,PROFESSIONAL,Monthly,01-12-2025,,168.49,20.0%,active
SUB-003695,1367, Professional, Monthly,"Jun 17, 2025",,140.39,20.0%,ACTIVE
SUB-003696,1285,FREE, Quarterly,14-10-2025,26/06/2026,$0,15 %, Paused 
SUB-003697,1477, Free,monthly,09-04-2025,,0.00,20 %,Active
SUB-003698,840, Professional ,annual,2025-09-25,03/18/2026,USD 155.16,15%, Cancelled 
SUB-003699,665, Professional,quarterly,07/26/2025,,154.66, 0% ,Active
SUB-003700,1089,business,Quarterly,02/28/2025,,$298.13,0.0%, Active 
SUB-003701,1068,Starter ,Annual,"Sep 14, 2025",,USD 54.45,15 %, Active 
SUB-003702,1043,Professional,Monthly,24-11-2025,,$134.26, 15% ,Active 
SUB-003703,486,PROFESSIONAL, Quarterly ,19/01/2025,,153.48 USD,10 %,ACTIVE
SUB-003704,160,business, Quarterly ,17 Jul 2025,03 Feb 2026,$285, 10% , Paused 
SUB-003705,996,professional,monthly,2025-06-12,,161.80 USD,20.0%, Active
SUB-003706,1468,Starter,monthly,2025-12-01,,USD 44.63,,Active 
SUB-003707,1063,FREE,ANNUAL,01-10-2025,,USD 0.00,10 %,active
SUB-003708,595,Professional ,Monthly,18/03/2025,,165.32 USD,5%,Active 
SUB-003709,1300,Starter ,quarterly,10/25/2025,"Oct 09, 2026",$54,10%,Expired 
SUB-003710,557, Professional,ANNUAL,"Sep 12, 2025",,139.78, 20% , Active
SUB-003711,291,PROFESSIONAL,ANNUAL,08-04-2025,,$158, 5% ,ACTIVE
SUB-003712,1155, Professional,Annual,"Jan 15, 2025",,134.64,15 %,Active 
SUB-003713,407, Enterprise, Quarterly ,03/17/2025,"Sep 11, 2025",$888,15 %,paused
SUB-003714,549,starter, Quarterly ,"Jul 19, 2025",29 Sep 2025,52.96,5.0%, Paused 
SUB-003715,88, Professional ,Monthly ,2025-08-23,,$154,5%, Active 
SUB-003716,164, Starter ,Monthly,04/04/2025,25 Oct 2025,USD 53.05, 0% ,Paused
SUB-003717,431, Professional , Quarterly,17 Jan 2025,,137.61,0.0%,active
SUB-003718,1001,Free,Annual ,2025-08-20,,$0.00,10.0%,active
SUB-003719,325, Enterprise,Quarterly ,14 Jan 2025,,777.28,10.0%,active
SUB-003720,873, Professional ,quarterly,2025-09-30,,$170.33,10.0%,active
SUB-003721,448, Enterprise, Annual ,06-12-2025,09-05-2026,890.31 USD,10%, Expired 
SUB-003722,729, Professional ,ANNUAL,03/31/2025,,$161,15 %,Active 
SUB-003723,305,STARTER,MONTHLY,"Feb 17, 2025","Jun 03, 2025",$56,0.0%, Paused 
SUB-003724,1264,STARTER,Monthly,11/01/2025,,48.35,0 %,Active
SUB-003725,1358, Professional , Monthly ,23 Aug 2025,,USD 167.66,20.0%,ACTIVE
SUB-003726,520, Business ,Quarterly ,03-06-2025,2025-12-16,$293.41,15.0%,Cancelled
SUB-003727,766,Business, Annual ,2025-08-01,16/12/2025,323.88,15.0%, Expired
SUB-003728,606, Starter,Annual ,08/08/2025,01/28/2026,$53,20.0%, Expired 
SUB-003729,204,Business , Annual ,01/08/2025,,$270,10 %,active
SUB-003730,775,starter, Monthly,22 Dec 2025,2026-02-07,$49,10.0%, Expired
SUB-003731,627, Starter,annual,"Jan 04, 2025",,$44,20%, Active
SUB-003732,511,Professional, Quarterly,23 Nov 2025,,$171, 15% ,Active 
SUB-003733,1455, Professional, Annual ,16 Dec 2025,,138.65,20.0%, Active 
SUB-003734,1356,Enterprise ,MONTHLY,2025-06-26,,827.53 USD,5%,Active
SUB-003735,248,Business,Annual,"Aug 30, 2025",,328.19 USD,0.0%,active
SUB-003736,113,professional,Monthly ,27 Mar 2025,,141.60,20 %,Active
SUB-003737,1084, Professional,Monthly,2025-05-30,,$152.17, 0% , Active
SUB-003738,1099,Starter, Quarterly,30/06/2025,"Sep 19, 2025",$51.54,20 %, Expired
SUB-003739,664,FREE, Quarterly,21 Sep 2025,,0.00,20%,active
SUB-003740,953,ENTERPRISE,Monthly,04/03/2025,,USD 874.62, 5% ,ACTIVE
SUB-003741,32,professional,MONTHLY,2025-03-06,30 Sep 2025,145.25, 0% , Cancelled 
SUB-003742,643, Professional, Quarterly,15 Jul 2025,,USD 141.96, 15% , Active
SUB-003743,1258,BUSINESS,Monthly,2025-05-23,,$310.83,20%, Active 
SUB-003744,225,STARTER, Quarterly,15 May 2025,,$49.13,20%, Active
SUB-003745,493, Professional , Monthly ,08 Apr 2025,"Oct 21, 2025",USD 168.38,5.0%,paused
SUB-003746,985,PROFESSIONAL,MONTHLY,2025-11-25,2026-04-24,166.88, 5% ,Cancelled
SUB-003747,965, Professional,Quarterly,2025-08-25,,USD 152.10,15%,Active
SUB-003748,39, Business,annual,14 Feb 2025,12 Dec 2025,295.95,0 %,Expired 
SUB-003749,489,Professional,ANNUAL,2025-04-16,07/03/2026,146.23,20 %,paused
SUB-003750,177,Enterprise, Annual ,2025-06-27,,$773,20 %,ACTIVE
SUB-003751,1021,Business,Quarterly ,18/06/2025,,USD 309.80,5.0%,active
SUB-003752,1006, Free,Annual ,03 Oct 2025,,0.00,10%,Active
SUB-003753,1368, Starter , Annual ,02/14/2025,,$47.91, 10% ,active
SUB-003754,1262,Starter, Quarterly,24-05-2025,16/07/2025,46.43 USD,15 %, Paused 
SUB-003755,78,FREE,QUARTERLY,05 Jul 2025,,$0,0 %,Active
SUB-003756,377,professional, Monthly,10/02/2025,,USD 136.67,20 %, Active
SUB-003757,643, Professional ,Annual,03-11-2025,,USD 160.22,20%,ACTIVE
SUB-003758,238, Professional, Annual,2025-07-18,,$153.41,10.0%,Active 
SUB-003759,1183,STARTER,Monthly ,28-12-2025,,50.18,15.0%,ACTIVE
SUB-003760,1152,business, Monthly ,27-10-2025,,291.56 USD,5%,ACTIVE
SUB-003761,1185,Business ,Monthly,"Sep 14, 2025",,USD 336.72,15 %,Active
SUB-003762,1351,PROFESSIONAL,ANNUAL,22 Jul 2025,,137.47,5 %,ACTIVE
SUB-003763,1368,Professional , Monthly ,15/01/2025,,166.50, 20% ,Active 
SUB-003764,493, Free,MONTHLY,29-06-2025,,USD 0.00,20.0%,ACTIVE
SUB-003765,594,professional,ANNUAL,"Jan 21, 2025",,$167,10.0%,Active
SUB-003766,1246, Business,Monthly ,14/08/2025,05/02/2026,$323.57,5 %,Cancelled 
SUB-003767,1405,Professional ,Monthly,12-03-2025,21 May 2025,137.98,20%, Paused
SUB-003768,926,professional,Monthly,04-01-2025,,165.07 USD,0 %,Active
SUB-003769,1021,Starter,Quarterly ,05/14/2025,,USD 52.46,20%,Active
SUB-003770,128, Free , Monthly ,16/02/2025,,USD 0.00,0%,ACTIVE
SUB-003771,1122, Professional ,Quarterly ,05/01/2025,,$139.08, 5% , Active 
SUB-003772,1304, Professional,annual,02/09/2025,,157.78,, Active 
SUB-003773,919, Business , Quarterly ,06/15/2025,,318.63,20%,ACTIVE
SUB-003774,1410,PROFESSIONAL,Annual ,11-04-2025,,161.91,15 %,Active
SUB-003775,1290,Enterprise ,monthly,30 May 2025,,USD 862.97,0%,Active 
SUB-003776,460, Starter,Annual,"Mar 09, 2025",02-10-2025,$52,15 %,Expired 
SUB-003777,145, Starter, Quarterly ,"Jul 30, 2025","Oct 28, 2025",53.49 USD,20 %, Cancelled
SUB-003778,1381,FREE, Annual,11/21/2025,,$0,,ACTIVE
SUB-003779,1223, Professional, Annual,13-06-2025,,143.81 USD,15%,Active
SUB-003780,947, Starter , Annual ,30/07/2025,,55.28,5.0%,active
SUB-003781,1160, Starter,Quarterly ,"May 25, 2025",01-02-2026,44.32,5 %,Cancelled
SUB-003782,915,Starter, Annual ,08 Jul 2025,,48.59,15.0%,Active
SUB-003783,942,Enterprise, Monthly ,03/11/2025,,$865,5 %, Active 
SUB-003784,1148,professional, Annual ,18 Sep 2025,,150.01 USD, 0% ,ACTIVE
SUB-003785,1024,professional, Monthly,29 Jan 2025,,$135.03,20 %,Active 
SUB-003786,1499,professional,monthly,22 Dec 2025,22 Aug 2026,USD 136.56,0%,CANCELLED
SUB-003787,578, Starter,QUARTERLY,31-05-2025,,$52.05, 20% ,Active 
SUB-003788,814,PROFESSIONAL,Monthly ,"Dec 27, 2025",,USD 170.04, 5% ,Active 
SUB-003789,773,Starter ,MONTHLY,2025-08-05,,50.86,0.0%, Active 
SUB-003790,1426,Business ,Quarterly ,22-08-2025,,306.98 USD,0 %,Active
SUB-003791,171, Business, Monthly,2025-03-15,2025-11-03,USD 292.89,10%,Expired 
SUB-003792,953, Starter ,Monthly ,"Jan 04, 2025",,$47,10.0%, Active 
SUB-003793,93,professional,monthly,2025-09-22,02/11/2025,$134.88,20 %,Expired
SUB-003794,642, Free,quarterly,07/17/2025,,$0.00,0 %, Active 
SUB-003795,526,ENTERPRISE,QUARTERLY,2025-07-28,01/03/2026,808.81 USD,10.0%,EXPIRED
SUB-003796,746, Professional , Quarterly,04-06-2025,29/12/2025,$141.47,0.0%, Cancelled
SUB-003797,410,Starter,Quarterly,07-06-2025,,45.17, 10% ,active
SUB-003798,667,Starter, Quarterly,11/30/2025,,52.89 USD,20 %,ACTIVE
SUB-003799,945, Free , Quarterly ,30-11-2025,,0.00,15%,active
SUB-003800,543,Free , Quarterly,03/18/2025,,$0,10%, Active 
SUB-003801,648,starter,MONTHLY,20 Oct 2025,,$51.67, 10% ,Active
SUB-003802,776, Enterprise , Annual ,20-03-2025,,729.64,10%,active
SUB-003803,297, Enterprise ,Monthly ,2025-01-26,,867.09 USD,20 %,ACTIVE
SUB-003804,483,Enterprise,Quarterly ,30/08/2025,13 Jul 2026,$741.09, 20% ,Cancelled
SUB-003805,1241, Free ,quarterly,19-04-2025,,0.00 USD, 5% ,Active 
SUB-003806,451,Starter, Annual ,"Aug 08, 2025",,53.65 USD, 0% ,Active 
SUB-003807,222, Starter,annual,19/04/2025,,$53,0%,Active 
SUB-003808,434,Enterprise, Annual,15-11-2025,,$909,10%, Active
SUB-003809,922,Professional ,Annual,2025-10-21,,161.60,15.0%,Active 
SUB-003810,306, Starter ,annual,06/17/2025,,52.59 USD,5%,ACTIVE
SUB-003811,507, Professional ,MONTHLY,12/31/2025,10 Apr 2026,USD 143.85,15%,CANCELLED
SUB-003812,1472,ENTERPRISE, Annual,15 Jan 2025,,903.82,0%, Active
SUB-003813,1128,Starter , Annual ,09/11/2025,,46.30, 0% , Active
SUB-003814,1122,Starter , Monthly,2025-07-24,,55.18 USD,5 %, Active 
SUB-003815,584,professional,annual,04 Dec 2025,,145.75 USD,15.0%,active
SUB-003816,283, Starter ,quarterly,13-04-2025,,$46,20%,active
SUB-003817,698,Starter ,QUARTERLY,25-06-2025,03/30/2026,$54,20%,PAUSED
SUB-003818,529,professional,ANNUAL,02/16/2025,,$134.19,10%,ACTIVE
SUB-003819,939,professional,ANNUAL,18/01/2025,,165.10 USD,10.0%, Active 
SUB-003820,263,STARTER, Quarterly ,12/06/2025,,$47.31, 5% ,ACTIVE
SUB-003821,11,BUSINESS,ANNUAL,24-12-2025,,335.23 USD,15%, Active 
SUB-003822,660, Professional ,Monthly,2025-08-08,,USD 159.86,10 %,active
SUB-003823,384,FREE,Monthly ,12/04/2025,"Mar 07, 2026",0.00,15.0%,EXPIRED
SUB-003824,1061,Starter , Monthly ,08 Aug 2025,,48.58 USD,5%,ACTIVE
SUB-003825,871,Professional ,annual,2025-01-27,22 Mar 2025,136.31,20%,Expired 
SUB-003826,1028,PROFESSIONAL,monthly,29 Mar 2025,2025-07-03,$165.02, 20% ,paused
SUB-003827,401,professional,Annual,13 May 2025,,140.47 USD,0 %,Active 
SUB-003828,268,Professional,Annual,06 Jan 2025,,147.97 USD,0.0%, Active
SUB-003829,1225,Professional ,Monthly ,04/07/2025,05/22/2026,$156, 20% ,expired
SUB-003830,346,PROFESSIONAL,Monthly,"Apr 29, 2025",,$152.06,5 %, Active
SUB-003831,1315,Free,MONTHLY,2025-09-04,12-06-2026,$0, 0% ,cancelled
SUB-003832,602,PROFESSIONAL,Annual ,19/09/2025,14 Aug 2026,$139.34, 20% ,Expired
SUB-003833,734, Free, Monthly,2025-03-13,,$0.00,20 %, Active 
SUB-003834,594,Professional ,Monthly,22/02/2025,01-10-2025,166.25,0 %,cancelled
SUB-003835,966,starter,QUARTERLY,"Nov 11, 2025","Feb 03, 2026",44.49, 0% ,Cancelled 
SUB-003836,1413, Starter , Monthly ,24-12-2025,,$56,20 %, Active 
SUB-003837,1005, Free ,Quarterly ,"Dec 03, 2025",06/24/2026,0.00,20%,Expired 
SUB-003838,619,Professional,Annual ,2025-09-12,,USD 138.21,15%,active
SUB-003839,751,Starter, Quarterly ,25-04-2025,09/08/2025,51.17 USD, 20% ,Paused
SUB-003840,694, Business , Monthly,10-07-2025,,275.08 USD,20%, Active 
SUB-003841,1330,Starter,Monthly,10/05/2025,,51.48,15.0%,Active
SUB-003842,231,Business ,ANNUAL,"Sep 25, 2025",16 Apr 2026,$332.68,20.0%, Cancelled 
SUB-003843,1455,professional,annual,25-10-2025,,USD 135.88,15 %, Active
SUB-003844,626,PROFESSIONAL,Quarterly,25 Apr 2025,,$163.90,15%,Active 
SUB-003845,1120,free,Monthly ,25/02/2025,,0.00 USD, 15% ,ACTIVE
SUB-003846,482,Starter, Quarterly ,"May 16, 2025","Nov 22, 2025",USD 46.05,20%, Paused 
SUB-003847,1187,Professional, Annual,"Dec 06, 2025",,$140.66, 10% ,ACTIVE
SUB-003848,489,PROFESSIONAL,Annual ,21 Jan 2025,07/08/2025,$168,5.0%,Expired
SUB-003849,581,Professional,Monthly,26-09-2025,,$138, 0% , Active
SUB-003850,1256,Professional, Annual,02-10-2025,"Feb 06, 2026",166.39 USD,5 %, Cancelled
SUB-003851,590,Free,ANNUAL,"May 02, 2025","Nov 25, 2025",$0,15%, Cancelled 
SUB-003852,882,Starter,Annual,"Mar 01, 2025",,$44.58,15 %,Active 
SUB-003853,770,Professional , Monthly,06/16/2025,,151.40 USD,0 %,ACTIVE
SUB-003854,1187,starter,Annual,"Jul 02, 2025",06/01/2026,USD 54.11,5 %, Cancelled
SUB-003855,1469,Starter ,Annual,06/05/2025,,53.00,15%,Active
SUB-003856,961,Professional,Annual,"Oct 13, 2025",10-02-2026,$152.31,5.0%,Expired
SUB-003857,1005,professional,annual,03 Mar 2025,,166.14 USD, 15% ,ACTIVE
SUB-003858,1088,Professional,monthly,28 Nov 2025,25-11-2026,138.58,20 %,Cancelled
SUB-003859,743,BUSINESS,ANNUAL,16/01/2025,,337.12,20 %, Active
SUB-003860,891,BUSINESS,Monthly ,01-02-2025,,332.37, 5% , Active
SUB-003861,190, Starter,Quarterly ,02 Jun 2025,12/03/2025,$52.78,20 %,Expired
SUB-003862,521,Professional, Annual ,"Jan 10, 2025",2025-06-24,164.57, 0% , Paused 
SUB-003863,616,starter,Annual,05-08-2025,,50.76,10.0%,Active 
SUB-003864,1260, Professional, Annual,22 Apr 2025,11-01-2026,159.25, 0% , Cancelled 
SUB-003865,311,Business,ANNUAL,02-06-2025,,$311,5 %,Active
SUB-003866,829,ENTERPRISE,QUARTERLY,2025-10-13,,790.10,5 %,Active 
SUB-003867,479, Professional ,Quarterly ,2025-01-22,2025-09-24,$155,20.0%,cancelled
SUB-003868,942, Starter ,quarterly,08/01/2025,,47.25 USD,20 %,Active
SUB-003869,174,PROFESSIONAL,ANNUAL,"Aug 18, 2025",,$150.50,15.0%,active
SUB-003870,891,Free,Quarterly,02 Dec 2025,"Aug 20, 2026",0.00 USD,5.0%,cancelled
SUB-003871,1324,Business,monthly,11/26/2025,,USD 278.29,0.0%,Active
SUB-003872,565,Business, Annual,2025-07-24,,$293, 10% ,active
SUB-003873,477,starter,MONTHLY,24-06-2025,,54.54 USD,20 %,ACTIVE
SUB-003874,396,professional, Annual,05/13/2025,,$148,,Active
SUB-003875,706,Starter , Annual,2025-10-28,,53.26,,active
SUB-003876,1331,professional,Annual,25-01-2025,,$141,5%, Active
SUB-003877,7, Free,MONTHLY,12 Feb 2025,2025-09-02,0.00 USD, 10% ,Expired
SUB-003878,366,Starter, Annual ,2025-04-08,03-10-2025,$46,5%,Paused 
SUB-003879,623, Starter, Annual,30 Dec 2025,,45.80,10 %,active
SUB-003880,705, Starter ,quarterly,2025-02-22,,51.66 USD, 0% ,ACTIVE
SUB-003881,1414,ENTERPRISE, Annual,05/18/2025,,$840,15.0%,active
SUB-003882,12,free,monthly,05-04-2025,,$0.00,5 %, Active
SUB-003883,638,Starter ,Monthly ,"Dec 05, 2025",16-02-2026,USD 49.91,10.0%,Cancelled
SUB-003884,136,Free , Monthly ,"Nov 11, 2025",,0.00 USD,0%, Active
SUB-003885,965, Professional ,Quarterly,06-03-2025,,USD 140.59,0.0%,Active
SUB-003886,83, Free,Annual,2025-02-28,,0.00,10.0%, Active 
SUB-003887,96, Starter ,QUARTERLY,2025-07-18,2026-03-10,52.09 USD, 20% ,expired
SUB-003888,968,professional,Monthly ,11/03/2025,,USD 136.09,20%,active
SUB-003889,698,Business ,Monthly,07-06-2025,,342.35,20 %,ACTIVE
SUB-003890,948,PROFESSIONAL,Quarterly ,11/06/2025,,$157,20%,ACTIVE
SUB-003891,868, Starter ,monthly,03/27/2025,18-10-2025,49.86,10%,Expired
SUB-003892,832, Free ,Annual,"May 16, 2025",20/03/2026,0.00 USD,15.0%,cancelled
SUB-003893,1317,BUSINESS, Annual,19 May 2025,,311.94, 10% ,Active 
SUB-003894,728,BUSINESS,Quarterly,14 Nov 2025,05/17/2026,275.87 USD,10%, Cancelled 
SUB-003895,754, Professional, Annual ,2025-10-28,,168.74,5%,active
SUB-003896,416,business, Monthly,19-05-2025,,315.87,20 %,Active
SUB-003897,271, Starter , Annual ,30/06/2025,,46.35,10%,active
SUB-003898,905, Starter ,monthly,2025-07-31,"Jul 22, 2026",USD 50.99,15 %,Cancelled 
SUB-003899,55,Starter , Annual,10/11/2025,2026-07-02,USD 45.73,10 %,CANCELLED
SUB-003900,435,Professional ,annual,"Feb 14, 2025",21 Jun 2025,$135,20%,Cancelled 
SUB-003901,1478,Starter ,Annual ,06/14/2025,,$52, 5% ,ACTIVE
SUB-003902,23, Professional ,Quarterly,09/18/2025,,158.26,0.0%, Active
SUB-003903,1029, Starter , Annual,28/07/2025,,USD 51.25,15 %, Active 
SUB-003904,363,STARTER, Annual,03/05/2025,2025-08-19,USD 46.35, 10% ,Paused 
SUB-003905,1234,PROFESSIONAL, Monthly,29 Nov 2025,,156.58 USD,10.0%,Active 
SUB-003906,536, Starter ,quarterly,20/06/2025,2025-09-22,$45, 0% ,Cancelled 
SUB-003907,206,Starter,Monthly ,"Jan 28, 2025","Jul 02, 2025",$52,20.0%,Paused
SUB-003908,1159,business, Annual ,04/05/2025,,$310.51,0 %, Active
SUB-003909,835,Enterprise ,annual,13 Aug 2025,,$850,15.0%,Active 
SUB-003910,338, Professional ,Quarterly,"Aug 18, 2025",,USD 167.46,0 %, Active
SUB-003911,454, Starter ,Quarterly ,10/25/2025,"May 30, 2026",$54.52,5%,cancelled
SUB-003912,186,STARTER,quarterly,04/07/2025,,USD 56.11,5.0%, Active
SUB-003913,1493, Starter, Quarterly,25 Oct 2025,,56.06,0 %,ACTIVE
SUB-003914,595,free,Annual,2025-02-14,,$0, 5% ,ACTIVE
SUB-003915,1430,professional,Monthly,27-06-2025,,USD 169.73, 5% ,ACTIVE
SUB-003916,650,Free,QUARTERLY,"Nov 02, 2025",,0.00 USD,10 %,Active
SUB-003917,948,Starter ,annual,"Sep 15, 2025",,53.01 USD,20 %, Active
SUB-003918,1036, Professional ,monthly,"Feb 20, 2025",,136.91, 10% ,ACTIVE
SUB-003919,401,Free,MONTHLY,2025-12-05,,0.00,15.0%, Active 
SUB-003920,912, Free ,annual,2025-03-24,,$0.00, 10% ,Active
SUB-003921,376,Professional ,quarterly,"Jan 03, 2025",20-11-2025,152.34,15%,Expired
SUB-003922,538, Professional ,ANNUAL,02/21/2025,04/04/2025,164.44,20 %,Paused 
SUB-003923,579,PROFESSIONAL,Quarterly,23 Feb 2025,"May 17, 2025",$146,15 %, Cancelled
SUB-003924,1181,Business ,monthly,15/06/2025,"May 23, 2026",$298.82,, Cancelled
SUB-003925,1295,Business ,MONTHLY,18 Nov 2025,,$321.44, 20% , Active 
SUB-003926,979, Business ,Annual ,05/01/2025,,337.52,20%,ACTIVE
SUB-003927,210,ENTERPRISE,annual,23-10-2025,,736.63,20 %, Active
SUB-003928,570, Starter , Quarterly,04-05-2025,"Dec 28, 2025",54.65,10 %,cancelled
SUB-003929,1401, Professional , Quarterly ,2025-06-01,,$163.64,0 %,Active 
SUB-003930,756,Professional, Quarterly,"Mar 12, 2025",,145.85, 15% , Active
SUB-003931,1122,starter,QUARTERLY,2025-11-23,,$48.45,5%,Active
SUB-003932,56,STARTER,Annual ,25 Sep 2025,,$44.67, 0% ,Active
SUB-003933,110, Free , Annual,03/08/2025,,0.00, 0% , Active 
SUB-003934,1148,Free,Quarterly ,12/18/2025,,0.00 USD,15.0%,Active 
SUB-003935,116,starter,MONTHLY,30-03-2025,,USD 45.27,20%,Active 
SUB-003936,52, Business ,MONTHLY,27-10-2025,,283.60,20.0%, Active
SUB-003937,1422, Starter , Quarterly,2025-05-21,,54.47 USD,10 %,Active 
SUB-003938,222,Professional , Annual ,30/05/2025,,$155.37,15 %, Active 
SUB-003939,357, Professional ,Monthly ,09 Mar 2025,06-06-2025,$157.70,5 %, Cancelled 
SUB-003940,494, Starter,QUARTERLY,2025-05-22,,$46,20.0%,Active 
SUB-003941,1340, Free ,Monthly ,"Sep 20, 2025",2026-05-07,0.00 USD, 10% ,CANCELLED
SUB-003942,4, Enterprise ,monthly,19 Aug 2025,,892.48, 15% ,Active 
SUB-003943,607,Starter,ANNUAL,05/31/2025,02-05-2026,50.51,15%,EXPIRED
SUB-003944,481, Business,Annual,"Nov 07, 2025",,337.31 USD,0.0%, Active 
SUB-003945,1060,Starter , Annual,"Jan 09, 2025",,$54.45,5 %, Active 
SUB-003946,987,BUSINESS, Annual ,03/13/2025,,323.77 USD,15%,Active 
SUB-003947,302,Starter, Monthly,"Mar 03, 2025",,$53.09,20.0%,ACTIVE
SUB-003948,1099,business,monthly,03/18/2025,,276.98,15.0%,ACTIVE
SUB-003949,147,Business , Quarterly ,30 Jan 2025,,$289.34, 20% ,Active 
SUB-003950,1197,professional, Quarterly ,05/10/2025,27/01/2026,136.59 USD, 5% , Paused
SUB-003951,810,Starter , Annual ,2025-10-18,,$44,0 %,active
SUB-003952,301, Enterprise ,MONTHLY,03 May 2025,,USD 750.72,15.0%,Active
SUB-003953,533,starter, Quarterly,2025-06-04,,USD 54.89,5%,ACTIVE
SUB-003954,1057,ENTERPRISE,ANNUAL,23/11/2025,,767.01 USD, 15% ,Active 
SUB-003955,1399,Business ,MONTHLY,17 Jan 2025,,$341.62,10.0%, Active
SUB-003956,551, Business ,Monthly,26 Jan 2025,"Sep 17, 2025",313.75 USD,0%, Cancelled 
SUB-003957,932,Professional ,QUARTERLY,"Dec 07, 2025",,$143,10 %, Active
SUB-003958,192,business,annual,06/12/2025,,306.26 USD,5.0%, Active
SUB-003959,1208,ENTERPRISE, Monthly ,2025-05-07,,762.86,20 %,Active 
SUB-003960,1498, Starter, Quarterly ,"Jul 14, 2025",2025-11-07,56.15 USD,20%, Cancelled
SUB-003961,1241,Professional ,MONTHLY,24/05/2025,,165.66 USD, 20% , Active 
SUB-003962,273, Business ,quarterly,07-08-2025,,271.06 USD,15%,Active
SUB-003963,975,BUSINESS, Annual ,01/12/2025,,339.95,15 %, Active
SUB-003964,942, Business, Quarterly,07 May 2025,,323.00, 0% ,ACTIVE
SUB-003965,1417, Professional , Annual,2025-09-18,,USD 137.17,0 %, Active
SUB-003966,1286,Professional,annual,12/31/2025,,$159,5.0%,active
SUB-003967,1382,PROFESSIONAL,Monthly,"Jan 05, 2025",,158.20,5%,ACTIVE
SUB-003968,1448, Starter ,annual,2025-01-10,21/12/2025,$47,5%,paused
SUB-003969,757,Starter,monthly,08 May 2025,,$53, 5% , Active 
SUB-003970,60,Business ,Quarterly ,10-10-2025,03 Jan 2026,275.61,20 %,expired
SUB-003971,283,Professional ,Annual,"Oct 26, 2025",,$152,15.0%,Active 
SUB-003972,482, Business,annual,"Dec 06, 2025",,$269.84,20%, Active
SUB-003973,366,Free,quarterly,"Aug 24, 2025",,$0.00,5 %,Active 
SUB-003974,139, Enterprise, Quarterly ,07-10-2025,,USD 869.22,0 %,ACTIVE
SUB-003975,559,Business,Annual,2025-02-02,,280.97, 10% , Active 
SUB-003976,341,professional,Monthly,15 Jun 2025,,$146.83,15%,Active 
SUB-003977,1013,Starter,annual,04/06/2025,,USD 46.07,5 %,active
SUB-003978,993,professional, Quarterly,23 Mar 2025,,USD 162.66,10.0%,active
SUB-003979,142, Business , Annual,17-05-2025,,273.50 USD,0.0%, Active
SUB-003980,947, Professional, Quarterly,2025-10-26,,USD 165.41, 15% , Active
SUB-003981,55, Professional,ANNUAL,2025-06-04,"May 26, 2026",169.20,10.0%,PAUSED
SUB-003982,1415,Professional, Quarterly,17 Nov 2025,,159.30,15 %,active
SUB-003983,1258, Starter,Monthly,09/12/2025,,46.71 USD,5%,Active 
SUB-003984,132,Free ,monthly,2025-01-12,,$0,15.0%, Active 
SUB-003985,837, Starter, Annual ,09 May 2025,,$49.95,20.0%,active
SUB-003986,381,starter,Annual ,21 Sep 2025,,51.51 USD,5.0%, Active
SUB-003987,529,PROFESSIONAL, Quarterly,16/05/2025,07-11-2025,$159,10 %, Cancelled 
SUB-003988,1229, Business,QUARTERLY,2025-05-25,01-08-2025,310.53,15 %, Cancelled
SUB-003989,1165, Business , Annual,2025-05-14,,295.36 USD,0 %, Active
SUB-003990,1248,Enterprise ,monthly,04/08/2025,,USD 897.06,0.0%,Active
SUB-003991,1116,professional,Quarterly ,2025-10-16,,137.13 USD,0%,active
SUB-003992,832, Starter,Annual,2025-10-12,,49.81 USD,,active
SUB-003993,350,BUSINESS, Annual,22/02/2025,,$327, 5% ,ACTIVE
SUB-003994,471,PROFESSIONAL,Monthly,05 Oct 2025,,$136.37,20.0%,ACTIVE
SUB-003995,1428,Starter ,Monthly,"May 16, 2025",,52.74 USD,0%,active
SUB-003996,598,Professional ,annual,2025-07-23,17/04/2026,$164.63,15 %,cancelled
SUB-003997,1223,BUSINESS,Monthly,11/11/2025,,318.50,15 %, Active 
SUB-003998,1096, Enterprise ,Quarterly ,29 Sep 2025,,721.68,0 %,Active 
SUB-003999,1259,Business,Monthly ,12/10/2025,,$282.57, 10% ,Active 
SUB-004000,874,PROFESSIONAL,Annual,06/22/2025,,146.84, 20% , Active 
SUB-004001,711,Professional, Annual,04/20/2025,09/07/2025,$143,0 %, Cancelled 
SUB-004002,1246, Professional , Monthly ,13 Mar 2025,12/09/2025,$169.96,10.0%,expired
SUB-004003,689,professional,ANNUAL,03/02/2025,11/30/2025,USD 158.37, 5% ,CANCELLED
SUB-004004,1281,Free ,annual,01/07/2025,,0.00,10 %, Active
SUB-004005,902,Starter ,annual,"Jul 12, 2025",,$55.49,15 %,ACTIVE
SUB-004006,165, Professional, Annual,"Jan 03, 2025",,161.69,5%,Active 
SUB-004007,1423,professional,Monthly ,24 Aug 2025,,$144.70,5 %, Active
SUB-004008,562,PROFESSIONAL,MONTHLY,2025-07-24,,USD 148.21,10.0%,Active 
SUB-004009,164, Enterprise ,ANNUAL,05 Jul 2025,,$759, 0% ,Active 
SUB-004010,616,Free ,annual,05/19/2025,,USD 0.00,5 %,Active
SUB-004011,1453, Starter , Annual,04/30/2025,"Jul 10, 2025",USD 50.44,0 %,paused
SUB-004012,851, Professional,Annual,24-01-2025,,$167.48, 10% ,active
SUB-004013,691,Professional, Monthly,07/09/2025,,147.01,5%,Active
SUB-004014,1109,PROFESSIONAL, Quarterly,17 Jun 2025,,$166,0 %,Active
SUB-004015,368,Professional , Monthly,09/28/2025,,136.11, 20% ,active
SUB-004016,969, Professional, Annual ,02-09-2025,"Nov 12, 2025",USD 170.68,,Paused 
SUB-004017,829,Starter , Monthly,10/22/2025,,USD 55.27, 20% , Active 
SUB-004018,973,Starter ,MONTHLY,02/12/2025,,48.55,15 %,ACTIVE
SUB-004019,977, Enterprise ,QUARTERLY,12 Jan 2025,,873.85,20.0%,ACTIVE
SUB-004020,1107, Business, Quarterly ,05/26/2025,09/18/2025,$325.33,5%, Cancelled 
SUB-004021,659, Professional ,MONTHLY,31-08-2025,,167.67 USD,0 %, Active
SUB-004022,1278,professional, Monthly,"Oct 04, 2025",,145.55 USD,10%,Active
SUB-004023,1144, Starter , Quarterly,2025-05-02,21-10-2025,USD 49.80,15 %, Expired 
SUB-004024,633,PROFESSIONAL, Monthly ,"Mar 24, 2025",,166.32 USD,10.0%, Active 
SUB-004025,461,STARTER,MONTHLY,"May 15, 2025",,53.64,5.0%,Active 
SUB-004026,1291,starter,MONTHLY,21-07-2025,,$49,10 %, Active 
SUB-004027,180,Free,Monthly,2025-01-11,,$0.00,20.0%,active
SUB-004028,857, Professional ,Monthly ,27-08-2025,,135.85, 20% , Active 
SUB-004029,1280, Enterprise, Annual ,05-02-2025,,875.31, 5% ,Active
SUB-004030,303,Business,Annual,01/06/2025,29/12/2025,$285,5%,PAUSED
SUB-004031,413,Professional,Quarterly ,17-06-2025,20-03-2026,USD 144.76,5 %,Paused
SUB-004032,770,Starter ,Monthly,2025-11-07,25 Mar 2026,$50.14,5 %, Cancelled 
SUB-004033,92,Starter ,quarterly,05/31/2025,,$50,0 %,ACTIVE
SUB-004034,1177,starter,Annual,15/06/2025,,50.48 USD,20.0%,Active
SUB-004035,654,business,Monthly,20-05-2025,,309.82,15%, Active 
SUB-004036,62,BUSINESS,Annual,24-04-2025,,293.88,0 %, Active 
SUB-004037,788,Professional , Annual ,14-10-2025,,USD 140.63,5.0%, Active 
SUB-004038,268,PROFESSIONAL, Quarterly ,"Jan 17, 2025",,162.73,20.0%,ACTIVE
SUB-004039,751,Enterprise, Annual ,"Dec 08, 2025",20 Mar 2026,$799,0%,PAUSED
SUB-004040,1386,PROFESSIONAL,Annual ,06/28/2025,,152.94 USD,5%,Active
SUB-004041,1173,Professional ,QUARTERLY,10/19/2025,05/09/2026,USD 158.11,0%,CANCELLED
SUB-004042,642,Starter ,Monthly ,03 Jan 2025,,55.24,5%, Active 
SUB-004043,926,free,Annual,22/11/2025,,$0.00,10%,Active
SUB-004044,587,Professional,Quarterly,2025-11-08,,$136, 5% ,Active 
SUB-004045,884, Starter ,Monthly ,27-06-2025,05/03/2026,54.37 USD,10.0%,Cancelled 
SUB-004046,113, Enterprise,Annual,2025-06-14,08/31/2025,916.72,,expired
SUB-004047,1230,Business, Annual,2025-04-21,10-03-2026,304.42,15 %,cancelled
SUB-004048,1465,Starter, Annual,04/07/2025,24 Oct 2025,55.98 USD,20%,PAUSED
SUB-004049,952, Professional , Monthly,06-06-2025,,154.49 USD,0 %,active
SUB-004050,349,professional,Monthly ,07/10/2025,,151.22 USD,10 %,active
SUB-004051,262, Starter,quarterly,17 Apr 2025,,USD 48.16,5.0%,active
SUB-004052,6,Free,quarterly,"May 12, 2025",,$0.00, 10% , Active 
SUB-004053,605,Business,monthly,"Oct 05, 2025",,286.28,5%,Active
SUB-004054,248,Professional,MONTHLY,2025-05-22,"Oct 10, 2025",$138,5%,Cancelled 
SUB-004055,1204, Business, Monthly ,2025-05-11,,$271.14,20 %, Active
SUB-004056,1032, Starter ,ANNUAL,20/07/2025,,47.68 USD, 20% ,active
SUB-004057,952, Professional , Annual,06/30/2025,,148.84,10.0%,Active 
SUB-004058,360,professional,QUARTERLY,12/01/2025,,USD 154.66,5 %, Active
SUB-004059,640, Professional, Monthly,2025-04-06,"Jun 21, 2025",145.00,5.0%,cancelled
SUB-004060,1043, Business ,QUARTERLY,08/11/2025,,USD 342.66,0%, Active 
SUB-004061,1435,starter,Quarterly,22/08/2025,08/05/2026,$47.67, 15% ,Expired 
SUB-004062,503,Professional, Annual,04/20/2025,,USD 150.53, 5% ,active
SUB-004063,447, Business, Monthly ,20-11-2025,,276.82 USD,15%, Active 
SUB-004064,890, Starter,ANNUAL,07/02/2025,,USD 47.29,15 %,Active 
SUB-004065,1202,Enterprise , Quarterly,13/12/2025,,USD 728.75,20%, Active 
SUB-004066,502, Business , Annual ,14 Jun 2025,28 Nov 2025,310.92,0.0%,Paused 
SUB-004067,1074,Business,Monthly ,2025-07-29,,325.24, 15% ,Active
SUB-004068,649,Professional,Monthly,27-06-2025,01/29/2026,$141,10%,Paused 
SUB-004069,1068,Professional ,Annual ,"Jul 15, 2025",2026-02-20,$147.80,0 %,Expired
SUB-004070,1030,Professional, Monthly ,31/10/2025,,134.72,0.0%, Active 
SUB-004071,240,professional,Quarterly,28-03-2025,,$165.37, 10% , Active 
SUB-004072,142,Business ,Quarterly,11/16/2025,07/17/2026,327.40 USD, 15% ,cancelled
SUB-004073,831, Business , Monthly,2025-02-04,,$274,10%, Active 
SUB-004074,269,professional,monthly,09/12/2025,11-06-2026,147.69,0.0%,Cancelled
SUB-004075,371,Starter , Monthly ,2025-04-14,03/23/2026,55.80, 20% ,expired
SUB-004076,168, Professional,monthly,2025-01-30,,$148.70,10 %, Active 
SUB-004077,932,Business ,annual,02/04/2025,,$308.43, 15% ,ACTIVE
SUB-004078,605,Professional,monthly,02/25/2025,,147.33,5 %,Active
SUB-004079,1183, Professional ,Monthly,05/12/2025,12/11/2025,USD 156.31,5%, Expired
SUB-004080,844, Starter ,quarterly,26 Feb 2025,,$56, 15% ,active
SUB-004081,838,professional,Monthly ,04/08/2025,,$171,10%, Active
SUB-004082,274,BUSINESS,QUARTERLY,"Sep 30, 2025",07/22/2026,$327.01,10.0%,expired
SUB-004083,331,Professional ,Quarterly,13-07-2025,30-09-2025,149.16,5.0%,CANCELLED
SUB-004084,363,PROFESSIONAL,Monthly,26 May 2025,,$153,10%, Active
SUB-004085,902,Professional ,annual,2025-03-15,,147.39,0.0%, Active 
SUB-004086,567,STARTER,annual,09/08/2025,,56.17, 20% ,ACTIVE
SUB-004087,380,Business , Quarterly,03/05/2025,,322.01,10 %,Active 
SUB-004088,1268,enterprise,ANNUAL,29/11/2025,03/23/2026,$808.77,5.0%,cancelled
SUB-004089,917,Enterprise,quarterly,30/11/2025,,$722, 20% , Active
SUB-004090,227, Starter , Quarterly ,05-01-2025,,USD 50.48, 15% ,active
SUB-004091,334,Starter, Monthly ,12/16/2025,2026-02-07,USD 56.15,5.0%,expired
SUB-004092,1356, Enterprise, Monthly ,25/01/2025,,$824, 20% ,ACTIVE
SUB-004093,431, Professional , Monthly ,28-01-2025,,140.90 USD,10.0%, Active
SUB-004094,774,Professional , Quarterly,24 Nov 2025,"Jun 15, 2026",134.92,15%,Cancelled 
SUB-004095,1182, Professional , Annual ,06/14/2025,11/03/2025,147.31, 0% ,expired
SUB-004096,1426,STARTER,Quarterly ,09/12/2025,,55.35 USD,15.0%,Active
SUB-004097,1032, Professional, Annual,03/12/2025,,171.22 USD, 15% ,active
SUB-004098,1049, Business ,Annual,11-02-2025,,$340,10.0%,ACTIVE
SUB-004099,1241,Business,Quarterly,03 Jan 2025,22 Nov 2025,323.62,10%, Cancelled
SUB-004100,761, Professional, Quarterly,23 Jul 2025,,USD 154.89, 5% ,Active 
SUB-004101,36,professional,MONTHLY,06/28/2025,,156.10,20.0%,Active 
SUB-004102,443,Starter,ANNUAL,04 Nov 2025,,$51,10.0%,active
SUB-004103,1444, Enterprise, Monthly,2025-01-27,,860.33,10 %, Active
SUB-004104,837,ENTERPRISE,Quarterly ,"Dec 10, 2025",04 Apr 2026,802.77 USD,0.0%,CANCELLED
SUB-004105,529, Free , Quarterly ,06/09/2025,"Jul 30, 2026",$0,15.0%,CANCELLED
SUB-004106,1377, Starter,annual,02/21/2025,15 Jul 2025,USD 45.59,20.0%,Expired 
SUB-004107,98, Professional , Monthly ,"Feb 13, 2025",01-10-2025,144.00, 0% ,CANCELLED
SUB-004108,918,Professional, Quarterly,2025-09-27,"Jan 02, 2026",$165.24,5%, Paused
SUB-004109,1264, Starter,Monthly ,06-12-2025,,USD 55.17,5%,Active 
SUB-004110,1465, Business ,Annual ,"Jan 30, 2025",25 Jun 2025,309.39, 10% ,Cancelled
SUB-004111,719,Business ,MONTHLY,23 Oct 2025,,USD 271.46, 20% , Active 
SUB-004112,249,BUSINESS,quarterly,28/05/2025,,338.39, 0% ,Active
SUB-004113,608,Professional ,Monthly ,27 Mar 2025,,160.25 USD,10 %,Active
SUB-004114,1147,starter,Annual,"May 01, 2025",,$49,10%,Active
SUB-004115,61,Starter,annual,"Apr 02, 2025",,USD 51.43, 0% ,ACTIVE
SUB-004116,1368, Professional,annual,2025-11-24,,USD 150.11, 5% ,Active
SUB-004117,1049,FREE, Annual ,11/08/2025,,USD 0.00, 0% , Active 
SUB-004118,920, Professional,MONTHLY,14/06/2025,,USD 167.13,0.0%,active
SUB-004119,738, Professional,Annual ,24 May 2025,2026-02-26,$140,20 %,EXPIRED
SUB-004120,1062,professional,QUARTERLY,"Feb 08, 2025",25-05-2025,$137.96, 0% ,Paused 
SUB-004121,1318,starter,quarterly,01/22/2025,16/10/2025,44.13, 5% , Cancelled 
SUB-004122,430, Professional,Monthly,06 May 2025,03/05/2026,145.80,20%, Expired
SUB-004123,332,BUSINESS,Annual ,24-05-2025,,$280.12,10%,Active 
SUB-004124,882,STARTER,Monthly ,17/05/2025,,$47, 20% , Active
SUB-004125,1480, Free, Quarterly,05-08-2025,,$0, 20% ,active
SUB-004126,281,Starter,quarterly,22 Jun 2025,06-11-2025,$46.88,20.0%,cancelled
SUB-004127,775, Business ,MONTHLY,05 Oct 2025,31-12-2025,USD 293.97,,paused
SUB-004128,388,Business, Annual ,13/04/2025,,271.46,20%, Active
SUB-004129,150,PROFESSIONAL, Quarterly,2025-10-03,23 Jun 2026,156.74 USD,0%,EXPIRED
SUB-004130,848,starter, Quarterly ,13-07-2025,,USD 51.07,15.0%, Active
SUB-004131,400,enterprise, Annual ,08/12/2025,19/11/2026,738.48 USD,5%,CANCELLED
SUB-004132,375,Free ,monthly,2025-09-09,,0.00,20 %,Active 
SUB-004133,1468,business,quarterly,01/24/2025,23-05-2025,USD 343.75,0.0%, Paused 
SUB-004134,1013,professional,Annual ,27/06/2025,,$169,0.0%,Active 
SUB-004135,317, Business ,MONTHLY,04/30/2025,,269.30, 0% , Active 
SUB-004136,15,Professional , Quarterly ,2025-01-26,2025-07-26,163.73 USD,15.0%,Paused 
SUB-004137,276,Starter ,quarterly,"Oct 24, 2025",,48.43 USD,10 %,Active 
SUB-004138,460,Free ,annual,08/01/2025,14-06-2025,USD 0.00,5 %, Cancelled 
SUB-004139,407,ENTERPRISE, Quarterly,05 Feb 2025,,778.22,0%,Active 
SUB-004140,591,Business,Quarterly ,2025-02-14,15 Dec 2025,$293.15,10%, Paused
SUB-004141,1433,enterprise,annual,28/05/2025,2026-04-19,USD 823.62,5 %, Cancelled 
SUB-004142,1034,professional, Quarterly ,13 Dec 2025,,158.73 USD,20%,Active
SUB-004143,80, Enterprise,annual,03/11/2025,06/12/2025,USD 868.72,0.0%, Cancelled 
SUB-004144,1378,enterprise,Quarterly,2025-06-03,"Mar 25, 2026",768.22, 15% ,Paused
SUB-004145,13,PROFESSIONAL,annual,04/15/2025,,146.09 USD,10 %,ACTIVE
SUB-004146,284,Starter ,QUARTERLY,17-02-2025,04 Sep 2025,47.88,20%,expired
SUB-004147,441,Professional,Annual ,2025-12-10,,147.61,0 %,Active
SUB-004148,1224, Business,Monthly ,30 May 2025,,343.82 USD,20.0%,ACTIVE
SUB-004149,186,FREE,Annual,03/20/2025,"Jul 01, 2025",USD 0.00,10 %,paused
SUB-004150,218,FREE,QUARTERLY,2025-03-22,,$0,20 %, Active
SUB-004151,885, Business, Annual ,"Nov 09, 2025",,unknown,15.0%,Active 
SUB-004152,855, Starter,MONTHLY,04 Jun 2025,,$49,20%,Active
SUB-004153,192,Professional , Quarterly ,02/02/2025,,148.62,0.0%,active
SUB-004154,97,professional,MONTHLY,2025-03-01,,152.30,,Active 
SUB-004155,1053,Free,MONTHLY,06/08/2025,,0.00,15%,ACTIVE
SUB-004156,89, Professional ,Annual,26-11-2025,,USD 164.96,10%,ACTIVE
SUB-004157,258,Business , Quarterly,"Sep 03, 2025",,$304,0 %,ACTIVE
SUB-004158,260,PROFESSIONAL,Monthly,26/03/2025,02/09/2025,USD 145.11,20.0%,EXPIRED
SUB-004159,1131, Professional, Monthly ,16-12-2025,2026-05-05,$162.96,0.0%,paused
SUB-004160,440, Starter,monthly,12-04-2025,,54.57,0%, Active 
SUB-004161,758,professional,Monthly ,18-09-2025,2026-01-29,149.76,20%, Paused
SUB-004162,205,Starter ,Quarterly,24 May 2025,,USD 52.28,10.0%,ACTIVE
SUB-004163,709,professional,quarterly,2025-05-27,10/23/2025,$136.29,10.0%,Cancelled
SUB-004164,1365,Professional ,Annual,06/23/2025,,USD 153.82, 0% ,active
SUB-004165,703,Free , Quarterly ,2025-03-06,,USD 0.00, 10% ,Active 
SUB-004166,130,enterprise,annual,2025-05-09,16/09/2025,$725,15.0%, Cancelled 
SUB-004167,1087,PROFESSIONAL, Quarterly ,2025-06-22,,156.93 USD,20.0%,Active
SUB-004168,1308, Professional, Quarterly ,08 Apr 2025,,$145,10.0%, Active
SUB-004169,1217,PROFESSIONAL,Monthly,"Apr 05, 2025",23/11/2025,USD 161.76, 10% ,Paused 
SUB-004170,204, Starter ,MONTHLY,2025-11-19,,USD 55.08,0 %,Active 
SUB-004171,1038,Enterprise, Quarterly ,10 Jan 2025,,746.94,15%,Active
SUB-004172,64,PROFESSIONAL,Annual ,23 Apr 2025,"Sep 23, 2025",161.09,15.0%,cancelled
SUB-004173,196,PROFESSIONAL,monthly,2025-11-30,24-08-2026,153.27,20.0%,Cancelled 
SUB-004174,770, Starter , Monthly ,2025-12-05,,$45.47,0.0%,ACTIVE
SUB-004175,1176,starter,ANNUAL,2025-06-21,19 Apr 2026,$52.08,0.0%,expired
SUB-004176,1149,Professional , Annual,05/17/2025,,USD 156.80,20 %, Active 
SUB-004177,1059, Business ,Monthly,28 Apr 2025,,307.64 USD,20 %,ACTIVE
SUB-004178,372, Starter ,Quarterly ,10/27/2025,,$55.45,20 %, Active 
SUB-004179,477, Enterprise ,Annual ,23/05/2025,16-02-2026,USD 823.19,15 %,Expired 
SUB-004180,408,PROFESSIONAL, Monthly ,03 Jan 2025,,171.00,0%,ACTIVE
SUB-004181,728,BUSINESS,Monthly ,04/29/2025,,$307,5%,ACTIVE
SUB-004182,1162,PROFESSIONAL,ANNUAL,15/03/2025,10/12/2025,USD 138.42,20 %,cancelled
SUB-004183,229,enterprise,Annual,2025-01-06,,$813,0%, Active 
SUB-004184,16,Starter, Monthly,02/05/2025,,46.33,10 %,Active 
SUB-004185,895, Starter , Quarterly ,04/21/2025,,51.41 USD,10%,ACTIVE
SUB-004186,437,Starter,Quarterly ,21/11/2025,20/06/2026,$53,10.0%,Paused 
SUB-004187,1301, Professional ,Monthly,"Jul 21, 2025",,151.55,15%, Active
SUB-004188,463,business,MONTHLY,09/06/2025,,276.40,15.0%,Active 
SUB-004189,626, Professional,annual,2025-08-01,,151.56 USD,20.0%,active
SUB-004190,1076,Starter ,MONTHLY,06/03/2025,,45.10 USD,10 %, Active 
SUB-004191,600,Free ,quarterly,06/30/2025,,0.00,10%,active
SUB-004192,483,Business ,MONTHLY,03 Mar 2025,,328.18,0%,ACTIVE
SUB-004193,1397, Business,quarterly,01-05-2025,29 Aug 2025,341.04,20%,Cancelled 
SUB-004194,1174,Starter, Quarterly ,12/09/2025,05/09/2026,45.92,20%, Paused
SUB-004195,307,business,ANNUAL,05/26/2025,21-10-2025,308.90 USD,0.0%, Paused
SUB-004196,121,starter,QUARTERLY,14 Jun 2025,,$51,15%,ACTIVE
SUB-004197,235, Business ,Annual,"Jun 30, 2025",,$338.06,15 %,ACTIVE
SUB-004198,1157, Starter, Annual,11/27/2025,08/11/2026,$52, 5% , Paused 
SUB-004199,216, Professional,MONTHLY,10/31/2025,,USD 139.52,5 %,ACTIVE
SUB-004200,765,Professional, Annual,30-11-2025,08/07/2026,150.35 USD,, Cancelled 
SUB-004201,473,Professional,monthly,2025-07-11,04/20/2026,158.49,5.0%,Cancelled
SUB-004202,1023,Free,MONTHLY,08/11/2025,"Mar 23, 2026",0.00,20.0%,paused
SUB-004203,491, Free,MONTHLY,26-07-2025,,0.00, 10% ,Active 
SUB-004204,410,Professional, Quarterly,2025-04-27,,$141,5.0%,ACTIVE
SUB-004205,95,Starter,Annual ,31/10/2025,,USD 55.76,10.0%,ACTIVE
SUB-004206,1256,professional,ANNUAL,20/07/2025,,$136, 20% , Active
SUB-004207,336,business, Annual,16-06-2025,,$342.64,15.0%, Active
SUB-004208,979, Free, Monthly,09-08-2025,,0.00 USD,0.0%,active
SUB-004209,247,BUSINESS,Annual ,08/23/2025,,$318.46, 15% ,ACTIVE
SUB-004210,997,professional, Monthly,13 Jan 2025,07-06-2025,$161,10 %,Cancelled 
SUB-004211,208,professional,Monthly ,24-08-2025,,USD 136.81,10%, Active
SUB-004212,453,free, Quarterly ,29/10/2025,,USD 0.00,5%, Active
SUB-004213,1025,professional,Monthly ,07/12/2025,,$137.89,15%,Active 
SUB-004214,930,Professional , Monthly,16-07-2025,,137.35 USD, 20% , Active 
SUB-004215,1377,starter,MONTHLY,06/30/2025,23-03-2026,$51,,Expired
SUB-004216,76,professional,Quarterly ,12/11/2025,11 Oct 2026,142.13,15%, Cancelled
SUB-004217,843, Business,Annual ,26/12/2025,"Oct 30, 2026",333.40,0 %,paused
SUB-004218,1326,business,Quarterly ,08-09-2025,,302.42,15.0%,ACTIVE
SUB-004219,263,PROFESSIONAL,QUARTERLY,2025-01-06,,160.01,15%, Active 
SUB-004220,1145,Starter ,Annual,2025-04-11,2026-01-22,52.10, 5% ,paused
SUB-004221,1115, Professional, Monthly,25 Nov 2025,,$146,0 %,Active
SUB-004222,1058,STARTER,Quarterly,28/12/2025,,$47,15%,active
SUB-004223,1149, Free,Monthly,02 Apr 2025,16-11-2025,0.00,10%, Cancelled
SUB-004224,1432, Business,ANNUAL,10-08-2025,,$328.65, 5% ,active
SUB-004225,1116, Business , Monthly ,"Apr 11, 2025",08/20/2025,$312.92,5%,cancelled
SUB-004226,810,Business ,Monthly ,08/22/2025,,288.05,,ACTIVE
SUB-004227,344,Professional, Quarterly ,18 Oct 2025,,USD 164.56,10 %,Active
SUB-004228,1480,Business ,quarterly,03-06-2025,,273.19,0 %, Active 
SUB-004229,671,BUSINESS, Annual,2025-07-31,,$321,20%, Active 
SUB-004230,880, Professional ,Monthly,2025-09-08,,$150.46,0 %,Active 
SUB-004231,965,professional,Quarterly,2025-12-09,,USD 161.34,5.0%, Active 
SUB-004232,1435,professional,MONTHLY,04/22/2025,,168.65 USD,5.0%,Active
SUB-004233,1234, Starter , Monthly ,2025-05-14,16/09/2025,USD 53.29,15%,paused
SUB-004234,740,Starter,annual,"Jan 14, 2025",,49.51, 0% ,ACTIVE
SUB-004235,713,STARTER, Annual,10 Jun 2025,,$46,15.0%, Active
SUB-004236,621,business,Quarterly ,"Jan 14, 2025",09-09-2025,329.37,5 %,expired
SUB-004237,122, Enterprise ,annual,2025-04-09,02-10-2025,$811.13, 0% ,cancelled
SUB-004238,364, Professional,Quarterly,"Sep 28, 2025",,USD 136.91,10%, Active
SUB-004239,1225,professional,annual,08-10-2025,,$160.88,20%,ACTIVE
SUB-004240,622,PROFESSIONAL, Quarterly,"Feb 19, 2025","Oct 23, 2025",$144.97,5 %, Cancelled 
SUB-004241,1091,business,Quarterly ,2025-09-21,,272.75 USD,0 %, Active
SUB-004242,1266,BUSINESS,Quarterly,08 Apr 2025,18 Jan 2026,$337, 20% ,paused
SUB-004243,1496,business,Monthly ,23 Oct 2025,,305.21,0 %,active
SUB-004244,476,ENTERPRISE, Monthly ,16/01/2025,,775.22 USD,0 %, Active 
SUB-004245,1405,Professional,ANNUAL,09/06/2025,,160.79 USD,0.0%,Active
SUB-004246,69,BUSINESS,Annual ,16-12-2025,,335.32 USD,15.0%,active
SUB-004247,532,professional,Annual,2025-02-04,,134.11,10 %, Active 
SUB-004248,579,Professional, Quarterly ,07 Sep 2025,,159.72,,ACTIVE
SUB-004249,860,free,Monthly,14 Feb 2025,,$0,5 %,Active 
SUB-004250,316,STARTER,Quarterly,23/12/2025,09/15/2026,USD 46.67,0.0%, Cancelled 
SUB-004251,77,Free, Quarterly,16/07/2025,,0.00,10.0%,ACTIVE
SUB-004252,115,professional, Quarterly,18/06/2025,,USD 137.43,5%, Active 
SUB-004253,211,Business ,quarterly,29/01/2025,"Jan 22, 2026",$325,20.0%,Paused
SUB-004254,1210,Starter,MONTHLY,25 Apr 2025,,54.48,15%,active
SUB-004255,1328,ENTERPRISE,quarterly,2025-01-09,,740.71,20.0%,Active 
SUB-004256,937,STARTER,Quarterly,"Jun 21, 2025",,54.10,20.0%,Active 
SUB-004257,1499,Starter, Annual,2025-07-16,,USD 53.55,5.0%, Active
SUB-004258,1051, Professional,ANNUAL,01 Jun 2025,,147.02,15%,active
SUB-004259,1086,business,Quarterly,2025-11-07,2026-05-18,USD 320.70, 10% ,expired
SUB-004260,162, Professional, Monthly ,"Jun 21, 2025",,USD 134.10, 15% ,Active 
SUB-004261,909,Business ,monthly,18 May 2025,,$339,5%,Active
SUB-004262,554, Starter ,monthly,10/10/2025,,50.84,10 %,ACTIVE
SUB-004263,1411,BUSINESS,QUARTERLY,07/01/2025,,$315, 20% ,Active 
SUB-004264,1054,Business,ANNUAL,22/12/2025,"Nov 10, 2026",$319,15 %,Expired 
SUB-004265,1082, Professional ,Annual ,10/24/2025,,155.01,20%, Active
SUB-004266,80, Starter ,QUARTERLY,"Oct 24, 2025",09/11/2026,$54.60, 0% , Cancelled 
SUB-004267,1319,starter,Annual,27-09-2025,,51.57,0 %,active
SUB-004268,105,professional,Annual ,16/02/2025,,167.91 USD,0.0%, Active
SUB-004269,953,professional,QUARTERLY,14/03/2025,,$156, 20% ,Active
SUB-004270,1445,business,annual,08/18/2025,,281.89 USD,0.0%,active
SUB-004271,1440,Professional, Annual,18/09/2025,22-03-2026,168.13,0.0%,cancelled
SUB-004272,200, Starter ,MONTHLY,02/15/2025,18 Aug 2025,$52, 10% ,Cancelled
SUB-004273,299, Professional,Quarterly ,2025-12-24,,$160.15,0 %,Active
SUB-004274,506,business,Quarterly,"Dec 14, 2025",,USD 342.76, 15% ,Active
SUB-004275,1445,starter,Quarterly,01/06/2025,,$45.02,15.0%, Active 
SUB-004276,365,Enterprise,quarterly,2025-01-05,,804.71, 0% , Active
SUB-004277,1450,Enterprise,MONTHLY,12/02/2025,07/24/2026,$766.86,5%,cancelled
SUB-004278,1229,Free , Monthly,12-02-2025,22-10-2025,0.00, 20% , Paused
SUB-004279,602,professional,annual,14/09/2025,2026-04-27,$164, 5% ,Cancelled 
SUB-004280,194,Professional , Quarterly ,"Apr 08, 2025",,$170.10,20 %,Active
SUB-004281,138, Business , Quarterly ,27/02/2025,27-04-2025,USD 303.08,15.0%,Paused 
SUB-004282,266,Starter,QUARTERLY,25 Aug 2025,,53.73, 5% ,active
SUB-004283,684,BUSINESS, Annual ,22/09/2025,"Jan 02, 2026",337.65,5 %, Cancelled 
SUB-004284,1480,starter,annual,10/12/2025,,52.47,15.0%,ACTIVE
SUB-004285,1212,business,monthly,06/11/2025,,287.24,0%, Active
SUB-004286,148,Professional,ANNUAL,11-11-2025,,$157,15.0%, Active
SUB-004287,517,ENTERPRISE, Monthly ,"Jul 07, 2025",18/06/2026,912.85,15%, Cancelled
SUB-004288,1194, Free ,Quarterly,24/04/2025,,0.00,20%,active
SUB-004289,656, Business, Monthly,2025-02-12,,317.12,,Active
SUB-004290,609,STARTER, Monthly,28/05/2025,,54.97,15%, Active
SUB-004291,113, Starter,quarterly,05/07/2025,,46.55,0 %, Active
SUB-004292,1413,Free , Quarterly ,22-04-2025,,$0,5.0%, Active
SUB-004293,582, Professional , Quarterly,05/11/2025,08/03/2026,USD 169.60,15.0%,CANCELLED
SUB-004294,346, Professional , Quarterly,21 Dec 2025,,139.14,20%,active
SUB-004295,1034,Starter ,Monthly ,23-03-2025,,46.44, 20% , Active 
SUB-004296,1035,Free,quarterly,21-12-2025,10/29/2026,0.00,15%, Expired 
SUB-004297,22,starter,MONTHLY,"Oct 14, 2025",,51.32, 5% ,Active 
SUB-004298,147,FREE, Monthly,"May 22, 2025",,0.00 USD,,ACTIVE
SUB-004299,143,enterprise,Monthly ,2025-06-22,,USD 777.42,10 %,Active 
SUB-004300,863, Business,Quarterly ,26-08-2025,22/11/2025,$337.92,0.0%, Cancelled 
SUB-004301,491,starter, Monthly ,"Sep 09, 2025",2026-04-17,55.31 USD,15 %,Paused 
SUB-004302,1215,STARTER,QUARTERLY,20/12/2025,,48.90,5%,active
SUB-004303,1206, Enterprise,quarterly,04 Jul 2025,,$806,,Active 
SUB-004304,746,STARTER,Monthly,23 Jun 2025,2025-12-12,USD 52.71,0 %, Expired 
SUB-004305,781,Business ,MONTHLY,"Jul 11, 2025",,318.66 USD, 0% ,active
SUB-004306,1187, Professional ,Annual ,15/09/2025,,148.34 USD,20.0%,ACTIVE
SUB-004307,1002, Free, Monthly ,2025-02-24,,0.00 USD,15.0%,Active 
SUB-004308,192, Starter, Annual ,"Nov 07, 2025",,USD 48.36,10%, Active 
SUB-004309,988, Professional,Quarterly,13 May 2025,2025-09-16,142.87,20.0%,Cancelled 
SUB-004310,452,Starter ,quarterly,07/18/2025,09-01-2026,USD 49.71, 10% ,cancelled
SUB-004311,108,Starter , Annual ,03/14/2025,,52.51,15 %, Active
SUB-004312,1499,Enterprise , Monthly ,2025-02-25,17-10-2025,$867.31,10 %,CANCELLED
SUB-004313,1376, Free,Quarterly,19 Sep 2025,,$0.00,15 %,Active 
SUB-004314,323, Professional,annual,2025-07-15,01-07-2026,148.06,10%,expired
SUB-004315,935,Professional,Annual,"Dec 31, 2025","May 13, 2026",162.58, 15% , Cancelled
SUB-004316,764, Business , Monthly,02/24/2025,,$270, 10% ,active
SUB-004317,1133, Professional , Quarterly,"Jun 05, 2025",07/16/2025,$151.87, 20% ,EXPIRED
SUB-004318,955,Business ,Quarterly,06/27/2025,04 Nov 2025,328.44,15 %,Paused 
SUB-004319,1220, Enterprise,Annual,09/03/2025,,USD 844.95,10%,active
SUB-004320,1285,Starter ,Monthly,04-09-2025,22 Jan 2026,USD 49.91, 15% ,Expired 
SUB-004321,1023, Starter , Annual ,19-08-2025,,52.00,15 %,ACTIVE
SUB-004322,1024,STARTER,Monthly,"Dec 12, 2025",07-05-2026,$55.21,10 %, Paused 
SUB-004323,705,STARTER,QUARTERLY,2025-06-11,,51.04,5%,active
SUB-004324,242,Free , Monthly,"Jul 16, 2025",24-03-2026,0.00,, Expired
SUB-004325,1033, Professional,monthly,20-04-2025,,170.63 USD,5%,Active 
SUB-004326,846,Business ,Monthly,05/06/2025,,$321.84,20%, Active
SUB-004327,969,Professional,ANNUAL,18-08-2025,,$155,15%, Active 
SUB-004328,618,Business ,quarterly,08 Jan 2025,,$272, 20% , Active 
SUB-004329,731, Starter ,Quarterly,05/22/2025,,$48.69,15%, Active
SUB-004330,1311,professional,Quarterly,2025-06-27,01/12/2026,155.16, 20% , Paused
SUB-004331,1424,professional,quarterly,01/10/2025,12/09/2026,USD 163.80,10%,Expired
SUB-004332,789, Enterprise , Quarterly,12/14/2025,,USD 806.61,15%,ACTIVE
SUB-004333,558,starter,MONTHLY,12/02/2025,,$55.86,0 %, Active 
SUB-004334,1126, Professional , Monthly,04-02-2025,"Jul 27, 2025",144.22,0%, Paused 
SUB-004335,1470,business,Annual,2025-03-03,17-10-2025,324.76,20%,cancelled
SUB-004336,482, Free,QUARTERLY,"Dec 23, 2025",,$0,5%, Active 
SUB-004337,1382, Professional ,Monthly,28/07/2025,02-06-2026,152.20,10.0%,cancelled
SUB-004338,314, Enterprise ,Monthly,06/10/2025,,$879.40,0.0%,Active
SUB-004339,1453,Professional ,MONTHLY,20-10-2025,"Sep 23, 2026",145.13 USD, 5% ,Paused 
SUB-004340,1121,free,QUARTERLY,23 Jul 2025,,0.00, 20% ,Active
SUB-004341,960,Professional, Quarterly ,17-04-2025,,153.48,10 %, Active
SUB-004342,790,free,annual,"Jul 23, 2025",,0.00 USD, 5% ,Active
SUB-004343,235,enterprise,annual,2025-09-05,25-10-2025,878.33,0%,Expired 
SUB-004344,942, Starter ,Annual,"Sep 01, 2025",08/11/2025,$56,10.0%, Cancelled 
SUB-004345,127, Professional, Quarterly ,24-06-2025,,136.16 USD,0%,Active 
SUB-004346,498,FREE,Monthly ,2025-01-17,,0.00,20.0%, Active
SUB-004347,466, Starter,annual,13/08/2025,04/10/2026,$52.45,10.0%,Expired 
SUB-004348,798,Enterprise,Annual,2025-01-13,21 Jul 2025,$916, 20% ,Cancelled 
SUB-004349,1238,professional, Monthly ,03/23/2025,,169.21, 20% ,Active
SUB-004350,1469,business, Quarterly ,13/02/2025,31/01/2026,$322.36,20 %, Expired
SUB-004351,1436, Professional ,Annual ,17/07/2025,,153.54, 5% , Active 
SUB-004352,1205,starter,MONTHLY,04/01/2025,03-01-2026,USD 46.08,0%,EXPIRED
SUB-004353,158, Professional,Monthly,27-09-2025,,$148,20%,Active 
SUB-004354,1013, Enterprise ,MONTHLY,24-06-2025,,835.98 USD,20.0%,ACTIVE
SUB-004355,318, Enterprise,ANNUAL,"Jul 03, 2025",,863.96,5.0%,ACTIVE
SUB-004356,980, Free ,Annual ,06/04/2025,"Apr 05, 2026",$0.00, 15% , Cancelled 
SUB-004357,882,Business, Annual ,12-11-2025,,322.48 USD,0%, Active 
SUB-004358,467, Professional, Monthly,2025-12-26,,150.09,0 %,active
SUB-004359,1019, Free,monthly,2025-05-30,,$0.00,5.0%,Active
SUB-004360,1126,STARTER, Monthly ,10/01/2025,25 Mar 2025,$45.86,20.0%,Cancelled 
SUB-004361,523,Business ,quarterly,07/05/2025,2026-02-25,281.25,0.0%,Paused
SUB-004362,472,professional,Monthly ,18-10-2025,,140.17,15%,active
SUB-004363,84,Starter ,Monthly,17 Sep 2025,,$55,15%,Active
SUB-004364,992,business, Annual ,23-08-2025,,274.78,,Active 
SUB-004365,948,Professional ,Quarterly,18/03/2025,,$164, 20% ,ACTIVE
SUB-004366,140,STARTER,Annual ,24 Aug 2025,,USD 46.96, 10% , Active 
SUB-004367,249, Business ,quarterly,10/05/2025,,304.12, 5% ,Active
SUB-004368,359,PROFESSIONAL,Annual,2025-12-01,,$168,10.0%, Active 
SUB-004369,212,PROFESSIONAL,monthly,2025-09-25,07/26/2026,$156,10 %,CANCELLED
SUB-004370,1381, Business ,annual,01/06/2025,,284.81,15 %, Active
SUB-004371,1021, Starter,Annual ,08/10/2025,,47.58,15.0%,active
SUB-004372,564, Professional,monthly,2025-02-27,,$168,,ACTIVE
SUB-004373,584, Professional ,MONTHLY,16 Feb 2025,,USD 150.01,0%, Active
SUB-004374,589, Professional ,ANNUAL,11/11/2025,,155.97,0%,Active 
SUB-004375,1416, Professional, Annual ,03-04-2025,,$151.23,0%,Active
SUB-004376,981,professional,ANNUAL,31-05-2025,,148.20,10%,Active 
SUB-004377,447, Free ,Annual ,2025-11-30,"Apr 10, 2026",0.00, 15% ,expired
SUB-004378,697,professional,ANNUAL,14 Oct 2025,,$160, 10% ,Active
SUB-004379,483,starter,monthly,29/07/2025,12/01/2026,52.90,10 %,Cancelled 
SUB-004380,450,Professional ,monthly,03 Aug 2025,,144.34,20 %, Active
SUB-004381,324,Business ,Quarterly ,"Apr 28, 2025",28 Jul 2025,328.08,15.0%, Paused
SUB-004382,228,BUSINESS,ANNUAL,11/16/2025,,USD 332.98,15.0%,Active 
SUB-004383,333,Professional , Monthly,04/15/2025,22 Dec 2025,168.40, 15% ,PAUSED
SUB-004384,1,professional,ANNUAL,01/11/2025,,140.11 USD,10.0%, Active
SUB-004385,1192, Starter , Annual ,"Oct 11, 2025",,47.82,0.0%,Active
SUB-004386,1333, Starter ,Annual,04/07/2025,25-05-2025,USD 54.64, 5% , Cancelled
SUB-004387,337,Professional,Annual ,08-08-2025,2025-10-01,$141,15%,cancelled
SUB-004388,1492, Enterprise , Quarterly,"Dec 13, 2025",,719.79,,ACTIVE
SUB-004389,155, Professional,quarterly,01/24/2025,,$166.54,15.0%,Active
SUB-004390,1050,Business, Quarterly,28/10/2025,,293.50 USD,10.0%,Active 
SUB-004391,641,professional,monthly,04/28/2025,,149.54 USD,0%, Active
SUB-004392,1292,professional,Monthly ,"Feb 24, 2025",,$150.73,20.0%,Active
SUB-004393,1435,Starter,MONTHLY,21 Mar 2025,,$54,20%,ACTIVE
SUB-004394,942, Enterprise ,ANNUAL,22-10-2025,,786.59 USD,0.0%,active
SUB-004395,73,Professional ,Quarterly ,10/23/2025,16 Jun 2026,167.34,15.0%,CANCELLED
SUB-004396,1318,PROFESSIONAL,QUARTERLY,16-06-2025,,157.08 USD,20 %,active
SUB-004397,509,STARTER, Monthly,2025-01-22,,50.56,0 %,active
SUB-004398,483,Starter,annual,01 Apr 2025,,$48,0%,Active 
SUB-004399,591,FREE,monthly,2025-02-25,,0.00,20%,Active 
SUB-004400,1014, Business, Quarterly,20 Feb 2025,,315.75 USD,10 %,Active
SUB-004401,1011,free, Quarterly,20 Dec 2025,,0.00,15%,ACTIVE
SUB-004402,484, Professional, Monthly ,14/06/2025,,168.02 USD,10.0%, Active 
SUB-004403,1097,Business,Quarterly,"Aug 23, 2025",08-04-2026,305.85,15%,Cancelled 
SUB-004404,187,Professional ,Quarterly,02/25/2025,,$153.16, 10% ,Active
SUB-004405,1115,Business,QUARTERLY,"Nov 15, 2025","Jan 13, 2026",300.25, 10% , Expired
SUB-004406,16,Professional ,QUARTERLY,16-10-2025,,USD 163.50,10 %, Active
SUB-004407,739,Professional,Monthly,24 Mar 2025,,149.93,0.0%,active
SUB-004408,1255,Free, Quarterly,13-01-2025,,0.00 USD, 10% ,active
SUB-004409,48,Free,Annual ,02/25/2025,,0.00 USD, 5% ,active
SUB-004410,384,Free , Monthly ,06/02/2025,04-05-2026,0.00,0 %,paused
SUB-004411,592,Starter, Annual ,03 May 2025,16-09-2025,51.35 USD, 5% , Paused
SUB-004412,204,PROFESSIONAL,Quarterly ,05-02-2025,,$157, 15% ,active
SUB-004413,1399,PROFESSIONAL,MONTHLY,14 Jun 2025,,USD 160.88, 5% ,Active
SUB-004414,645,STARTER,quarterly,"May 08, 2025",,47.94,0.0%,ACTIVE
SUB-004415,482, Free ,Annual,20-09-2025,,0.00,15%,ACTIVE
SUB-004416,615,Business ,quarterly,20/12/2025,,329.69, 15% , Active 
SUB-004417,995,Professional,Monthly ,"Feb 21, 2025",,$138.90,10 %,active
SUB-004418,1174, Starter ,QUARTERLY,20 Jun 2025,,USD 52.94,0.0%,Active 
SUB-004419,797, Starter, Quarterly ,"Jan 24, 2025",2025-10-23,$45, 10% , Expired
SUB-004420,1124,starter,QUARTERLY,01/28/2025,,$48.70,20.0%, Active
SUB-004421,743,professional,Annual ,09/09/2025,2026-02-27,136.45 USD,0.0%, Cancelled
SUB-004422,1180,Starter,Annual,2025-04-26,,50.50, 5% ,ACTIVE
SUB-004423,1169,Professional, Annual,11/17/2025,04/07/2026,158.43,10.0%,Expired
SUB-004424,1271, Professional, Quarterly,2025-04-12,,140.49, 0% , Active
SUB-004425,921,ENTERPRISE, Annual ,10/22/2025,,793.33 USD,10 %,active
SUB-004426,455, Starter ,annual,17 Nov 2025,2026-01-23,USD 55.50,5%,Paused 
SUB-004427,255,starter, Monthly ,"Apr 22, 2025",,$49.52,15%, Active
SUB-004428,1023,Business , Annual ,04-11-2025,"Jan 21, 2026",329.09,20%, Cancelled 
SUB-004429,853,business,Quarterly,18-09-2025,01/28/2026,$338.41,10.0%,cancelled
SUB-004430,1091,Free , Monthly ,2025-09-09,,$0.00,,Active
SUB-004431,738,Starter ,Annual ,"Apr 28, 2025",,55.10,20 %, Active 
SUB-004432,503, Professional,quarterly,05/08/2025,,USD 145.92,5%,Active
SUB-004433,689, Business,annual,2025-07-08,,$341.05,20.0%,active
SUB-004434,461, Free, Monthly ,"Feb 27, 2025",06-06-2025,$0.00,20%, Paused
SUB-004435,470,Professional,QUARTERLY,2025-12-20,,USD 165.28,10%, Active 
SUB-004436,956, Business,quarterly,02/16/2025,,270.23,, Active
SUB-004437,1013,Professional,Annual ,2025-01-02,2025-03-17,USD 169.65,0.0%, Expired 
SUB-004438,805, Business ,Annual ,22-02-2025,,327.26, 10% , Active
SUB-004439,545,Starter, Monthly,09-09-2025,,$54,5%,Active
SUB-004440,743, Business,quarterly,31/03/2025,23-10-2025,275.19 USD, 15% ,paused
SUB-004441,630,Professional,Annual,07/02/2025,,142.76,0.0%,Active
SUB-004442,148, Business, Quarterly,25/08/2025,,341.03, 0% , Active
SUB-004443,1115,PROFESSIONAL,Quarterly ,02/26/2025,,152.75 USD,20%, Active
SUB-004444,360, Enterprise ,Quarterly ,05/10/2025,2025-07-18,USD 798.57, 5% , Cancelled
SUB-004445,1141,Business, Annual,2025-02-14,,USD 331.89,15 %,Active 
SUB-004446,604,Business , Annual ,2025-09-15,,USD 275.63,20.0%, Active
SUB-004447,483,PROFESSIONAL,Annual,03/06/2025,,149.63, 20% ,Active
SUB-004448,1210, Professional,Monthly,11/04/2025,"Feb 01, 2026",148.09 USD, 20% ,expired
SUB-004449,1214,Professional , Annual,21 Mar 2025,,USD 147.13,10.0%,ACTIVE
SUB-004450,627,ENTERPRISE, Quarterly,04/18/2025,"Nov 30, 2025",780.56, 10% ,Expired 
SUB-004451,249,starter,monthly,08 Jan 2025,,$46.67,10%,ACTIVE
SUB-004452,1198, Professional, Annual ,"Sep 30, 2025",,$141,5 %, Active
SUB-004453,68,PROFESSIONAL,Annual,2025-03-30,,157.96 USD, 5% , Active 
SUB-004454,339,STARTER, Annual,2025-05-16,,55.36 USD,10%, Active
SUB-004455,824,professional,monthly,01/29/2025,28-01-2026,$153.05,0 %,expired
SUB-004456,117, Professional,QUARTERLY,10-02-2025,,145.20, 5% , Active 
SUB-004457,561,enterprise, Quarterly ,29/11/2025,,$750.89,15%, Active
SUB-004458,694, Professional,Quarterly ,2025-09-17,,165.02,10%, Active
SUB-004459,801, Enterprise,quarterly,"Jun 21, 2025",,913.16, 0% ,active
SUB-004460,157,BUSINESS, Quarterly,28/01/2025,15/04/2025,USD 295.20,15.0%,Expired 
SUB-004461,1416, Business ,QUARTERLY,2025-04-13,06-12-2025,290.85, 20% ,Paused
SUB-004462,1121,PROFESSIONAL, Quarterly ,18/05/2025,"Mar 09, 2026",USD 156.51,0%, Expired 
SUB-004463,1359, Professional, Monthly ,2025-01-10,21 Dec 2025,$163,15%, Cancelled 
SUB-004464,1261, Professional ,Annual,30/10/2025,,$151.06,20%,Active 
SUB-004465,1024,FREE, Annual,09/25/2025,,USD 0.00,0%, Active
SUB-004466,996,Free , Quarterly,10-08-2025,,0.00, 20% ,Active
SUB-004467,1499,PROFESSIONAL,monthly,12 Jan 2025,,$170, 20% , Active
SUB-004468,1254, Starter ,Monthly,03 Feb 2025,07/30/2025,$46.12,10 %,Expired 
SUB-004469,1199,Professional, Monthly,24 Feb 2025,,171.25,,active
SUB-004470,557,Professional , Monthly,14-10-2025,22-03-2026,148.71,0 %, Cancelled 
SUB-004471,206,professional,quarterly,2025-10-20,,161.04 USD, 0% ,active
SUB-004472,1406,Professional ,MONTHLY,10-11-2025,2026-10-06,155.42 USD, 15% , Cancelled
SUB-004473,45, Free ,quarterly,08/10/2025,10 Dec 2025,0.00,10%,paused
SUB-004474,453,Professional,quarterly,"Oct 02, 2025",,$160.10, 5% , Active 
SUB-004475,954, Professional ,monthly,21 May 2025,,148.84,15.0%,Active 
SUB-004476,329, Starter,annual,2025-12-31,,$45.64, 15% ,active
SUB-004477,372, Business, Monthly,08/13/2025,04/21/2026,$306,0%,EXPIRED
SUB-004478,1183, Professional,MONTHLY,05/04/2025,,USD 153.54,5%,Active 
SUB-004479,1441,Professional ,MONTHLY,"Jul 25, 2025",,$141.62,5 %,Active
SUB-004480,570,ENTERPRISE,annual,03-08-2025,,USD 905.99,20%,Active 
SUB-004481,144,Professional,MONTHLY,20-08-2025,03/10/2025,$142.57,20.0%, Cancelled 
SUB-004482,1494, Professional,Annual ,13-10-2025,2026-09-04,$149,5 %, Cancelled
SUB-004483,80, Business ,quarterly,12/08/2025,,280.68,10.0%,Active
SUB-004484,91,Enterprise,Monthly,14/11/2025,,826.13,5 %, Active 
SUB-004485,541, Business , Monthly ,10/29/2025,,292.10 USD,10 %,Active
SUB-004486,1207,Professional,monthly,12/21/2025,26/10/2026,$152.33,0 %,Expired
SUB-004487,619,BUSINESS, Annual ,11/25/2025,,285.89,0%,Active 
SUB-004488,271, Enterprise , Annual,"Jul 03, 2025",05/07/2026,$730,20%,Cancelled 
SUB-004489,1011, Starter , Annual,12/15/2025,"Aug 15, 2026",53.65 USD,10.0%,cancelled
SUB-004490,351,Business,QUARTERLY,11-05-2025,,317.02,10 %,Active
SUB-004491,1427, Enterprise,ANNUAL,"Dec 25, 2025","Apr 05, 2026",787.16,10%, Cancelled
SUB-004492,892,Business, Monthly,19 May 2025,,$272.65,0%,active
SUB-004493,1305,Starter, Monthly,11-10-2025,,54.70 USD,15%,Active
SUB-004494,1197, Enterprise, Quarterly ,09/11/2025,,$753.02,5 %,Active 
SUB-004495,556,professional,Annual,01/10/2025,,$168.77,15%,Active 
SUB-004496,268,Starter, Monthly ,04/04/2025,,49.96,10 %,ACTIVE
SUB-004497,304,ENTERPRISE, Quarterly,05/03/2025,01-07-2025,USD 787.09,15.0%,Cancelled
SUB-004498,1075,BUSINESS,ANNUAL,09-09-2025,,324.55 USD,0%,active
SUB-004499,908,Starter ,Quarterly,01 Jul 2025,,54.84,20 %,active
SUB-004500,577,Professional,ANNUAL,2025-02-07,,147.91,0%,active
SUB-004501,895,Professional, Quarterly,2025-11-02,,149.27 USD,20.0%,Active 
SUB-004502,598, Starter,Monthly,23-04-2025,22 Oct 2025,49.41,5.0%,cancelled
SUB-004503,262,Starter,Quarterly,02/19/2025,,$55, 10% ,active
SUB-004504,540, Starter,MONTHLY,23-11-2025,,52.58,10.0%,Active 
SUB-004505,986, Free,annual,22/01/2025,03/15/2025,0.00, 5% , Expired 
SUB-004506,1185,PROFESSIONAL, Quarterly,14-11-2025,,140.99,15 %,ACTIVE
SUB-004507,776,PROFESSIONAL,Quarterly ,13 Jul 2025,,$142.68,15.0%,ACTIVE
SUB-004508,1439,professional,quarterly,10/27/2025,02/12/2025,143.92 USD,10%, Cancelled
SUB-004509,1437, Starter , Quarterly ,13/04/2025,2025-10-06,46.92,10 %,Cancelled
SUB-004510,28,Free,Annual,09/21/2025,,$0,20%,Active 
SUB-004511,1149,Starter,QUARTERLY,"Feb 08, 2025",01 Jan 2026,$45.52,15.0%, Cancelled
SUB-004512,846,Professional,ANNUAL,23-08-2025,,$149,0.0%,ACTIVE
SUB-004513,187,FREE,Monthly,12 Sep 2025,,0.00 USD, 20% ,ACTIVE
SUB-004514,763,STARTER,quarterly,21 May 2025,,47.66 USD,20%, Active 
SUB-004515,1388,Professional,annual,14 Jun 2025,,$136.53, 5% ,ACTIVE
SUB-004516,1175,PROFESSIONAL,Annual,"Jul 08, 2025",,USD 137.15,5 %,Active
SUB-004517,888,Professional,Quarterly ,2025-04-21,,$138.79,0 %,Active
SUB-004518,420,starter,Monthly ,10/12/2025,,54.34,10%,ACTIVE
SUB-004519,548,Enterprise ,annual,2025-12-29,,USD 850.51,15 %,ACTIVE
SUB-004520,151, Starter,Annual ,03-03-2025,30/08/2025,44.89,0%,Expired
SUB-004521,1011,Starter ,MONTHLY,03/30/2025,,$48.89,5.0%,ACTIVE
SUB-004522,668,professional, Annual ,2025-07-23,06/10/2025,$144.48,5.0%,Paused
SUB-004523,1480, Business, Monthly ,08-06-2025,,312.31 USD,,active
SUB-004524,1423,BUSINESS,MONTHLY,2025-02-10,,308.18,20%,Active
SUB-004525,597, Professional ,Monthly ,12/23/2025,,$152, 10% ,ACTIVE
SUB-004526,926,Professional, Annual,04/13/2025,,$146,0%,active
SUB-004527,1404,Starter ,MONTHLY,2025-04-19,24-12-2025,45.79,5%,Paused 
SUB-004528,61,Professional ,quarterly,12/06/2025,,161.75, 10% ,Active 
SUB-004529,489, Professional ,ANNUAL,"Jul 12, 2025",,166.87,5%,ACTIVE
SUB-004530,10, Professional,monthly,"Jan 22, 2025",03/24/2025,USD 169.27, 20% , Cancelled
SUB-004531,509,Professional , Quarterly ,15-08-2025,,USD 136.28,5.0%, Active 
SUB-004532,1064,PROFESSIONAL, Monthly,2025-10-06,,$161.66,10%,active
SUB-004533,172,Starter ,annual,"Jul 03, 2025",,53.00,5.0%, Active
SUB-004534,349,Professional,ANNUAL,18-03-2025,01/03/2026,USD 169.38,20 %,Paused
SUB-004535,602, Free, Annual,2025-12-03,,0.00, 10% ,Active 
SUB-004536,162,Starter ,Quarterly ,13/09/2025,,53.19, 5% ,active
SUB-004537,475,business,Monthly ,27/07/2025,,$273,10.0%, Active 
SUB-004538,1274,professional,Quarterly ,25 Dec 2025,,157.61 USD,15.0%,Active 
SUB-004539,225, Professional , Annual ,01-06-2025,,147.17, 20% ,ACTIVE
SUB-004540,738, Professional , Annual ,"Dec 30, 2025",01-04-2026,$163,5 %,EXPIRED
SUB-004541,1193, Starter ,annual,"Nov 02, 2025",29 Jan 2026,54.68, 20% ,EXPIRED
SUB-004542,583, Professional , Monthly ,08/24/2025,,$148,20%, Active 
SUB-004543,250, Professional,ANNUAL,05/15/2025,,USD 153.68,5 %, Active
SUB-004544,330,PROFESSIONAL,Monthly,05 Oct 2025,,$138.47, 10% , Active
SUB-004545,1428, Free,Monthly,12-04-2025,,USD 0.00,,ACTIVE
SUB-004546,1049, Business ,monthly,16-12-2025,2026-05-29,USD 296.07,10%,CANCELLED
SUB-004547,740,STARTER,Monthly,31/03/2025,2026-02-13,USD 46.34,20 %,PAUSED
SUB-004548,1308,ENTERPRISE,Quarterly,"Jul 11, 2025",26/02/2026,897.77,5%,PAUSED
SUB-004549,940, Free ,monthly,04/09/2025,2026-04-09,0.00,0.0%,Expired
SUB-004550,282,Free , Monthly ,08 Jul 2025,,0.00, 5% ,Active
SUB-004551,1275,BUSINESS,annual,08/10/2025,,$335.64, 10% ,ACTIVE
SUB-004552,1038,Professional,Monthly ,30 Apr 2025,"Mar 30, 2026",$168, 10% ,EXPIRED
SUB-004553,321,Business,annual,03/21/2025,,USD 328.39, 15% ,ACTIVE
SUB-004554,1148,BUSINESS,QUARTERLY,26 May 2025,,$282,0 %,active
SUB-004555,1184, Starter,annual,16/09/2025,09 May 2026,54.11,20.0%, Cancelled
SUB-004556,59,Business, Quarterly ,2025-04-21,,289.77,0%,Active 
SUB-004557,725,Enterprise ,QUARTERLY,02 Sep 2025,2025-12-08,903.35,5 %,cancelled
SUB-004558,145,BUSINESS,Annual ,05 Aug 2025,,322.10,15.0%, Active
SUB-004559,579, Business, Monthly,02/05/2025,,$328,5 %, Active 
SUB-004560,1446, Free , Quarterly,11/17/2025,,$0, 0% ,Active
SUB-004561,684,STARTER,Monthly ,09/30/2025,,51.24 USD,15.0%,Active 
SUB-004562,1054,PROFESSIONAL, Quarterly,2025-03-05,,$164.69,15.0%,ACTIVE
SUB-004563,185,Free , Quarterly,2025-10-15,10/02/2026,0.00,20%, Paused
SUB-004564,177,PROFESSIONAL,QUARTERLY,2025-12-10,2026-08-24,$135,20 %,Cancelled
SUB-004565,875, Starter ,Annual,13 May 2025,,55.60 USD, 15% ,active
SUB-004566,590, Enterprise ,MONTHLY,19/02/2025,,727.76,10%,active
SUB-004567,900,Professional ,Annual,2025-04-05,,156.99 USD,,Active 
SUB-004568,1336, Business, Annual ,"Jun 29, 2025",,320.93,,ACTIVE
SUB-004569,261,Starter ,Monthly ,15-05-2025,,$45.41,0 %,Active
SUB-004570,445,Professional, Quarterly,2025-07-16,29-05-2026,$135.89, 0% , Expired 
SUB-004571,123,Business ,quarterly,15/01/2025,,$328,,Active
SUB-004572,1429,Business ,Annual,05/31/2025,17/02/2026,$298,0.0%,CANCELLED
SUB-004573,462,STARTER, Monthly ,03/16/2025,09/06/2025,45.41 USD, 15% , Expired 
SUB-004574,1453,Free,monthly,14-05-2025,,USD 0.00,20.0%, Active
SUB-004575,758,professional,Monthly ,17/06/2025,15 Mar 2026,USD 165.73,5 %,Paused 
SUB-004576,1119,STARTER, Monthly,"Jul 29, 2025",12 Jan 2026,51.30,20 %,Paused
SUB-004577,1244, Business ,Monthly ,14-11-2025,,281.15,20%,active
SUB-004578,1295,Starter ,annual,2025-05-10,17-10-2025,USD 44.29,,EXPIRED
SUB-004579,931, Business ,annual,15/05/2025,,$321.48,0 %, Active
SUB-004580,235, Business ,Quarterly,02 Dec 2025,,USD 310.22,,Active 
SUB-004581,865, Free,Monthly ,2025-02-09,,$0.00,15%,Active 
SUB-004582,1458, Professional,Monthly ,2025-12-22,,$164.39,5%,Active
SUB-004583,584, Professional ,ANNUAL,12/02/2025,,150.27,10.0%, Active 
SUB-004584,275,Starter , Quarterly ,03/10/2025,,$45.63,0%,Active
SUB-004585,1164,STARTER,Annual ,18 Dec 2025,10/08/2026,$55.61,5 %,CANCELLED
SUB-004586,731,Free,Quarterly ,"Mar 30, 2025","Apr 29, 2025",USD 0.00,0 %, Cancelled 
SUB-004587,863,starter,monthly,07/06/2025,,$52,,ACTIVE
SUB-004588,880,Business ,annual,12/17/2025,,338.87,10%, Active 
SUB-004589,92, Business ,Quarterly,"Apr 13, 2025",,USD 338.74,15%,active
SUB-004590,917,enterprise,QUARTERLY,07 May 2025,,833.38 USD,0 %, Active 
SUB-004591,653,BUSINESS,Annual,23 Apr 2025,,291.35,20%, Active 
SUB-004592,606, Professional, Monthly,07/12/2025,,171.24 USD,10 %,Active 
SUB-004593,1069,professional,Monthly,23 Feb 2025,,$159.46,20 %, Active
SUB-004594,1397, Free , Annual ,23 Oct 2025,23 Aug 2026,0.00,10%,PAUSED
SUB-004595,296, Professional , Annual,13-08-2025,12 Jul 2026,154.95 USD,15.0%,PAUSED
SUB-004596,556,professional,Quarterly ,16 Jan 2025,18-02-2025,149.59 USD,15 %,expired
SUB-004597,429,Professional, Quarterly,22 Aug 2025,,167.19,5.0%,Active 
SUB-004598,788, Professional,quarterly,09/25/2025,,152.07 USD,, Active 
SUB-004599,544, Starter,Annual,16 Jun 2025,11 Dec 2025,USD 54.19,10 %,Cancelled 
SUB-004600,1080,professional,Annual,"Nov 06, 2025",,$165.40,5.0%,active
SUB-004601,65,ENTERPRISE,quarterly,03/06/2025,,USD 883.76, 20% , Active
SUB-004602,516,business,ANNUAL,2025-01-08,,323.08, 15% ,Active
SUB-004603,829,Enterprise, Monthly,2025-08-06,2026-01-30,$889.86,15.0%,cancelled
SUB-004604,903,Professional,quarterly,14 Aug 2025,,$148.52,5 %, Active 
SUB-004605,809,FREE, Annual,"Sep 14, 2025",,$0.00,20.0%, Active 
SUB-004606,1146,Professional ,Monthly ,2025-11-18,,165.48,20.0%,ACTIVE
SUB-004607,308, Enterprise , Quarterly,18-06-2025,,818.61 USD,20.0%, Active
SUB-004608,1226,PROFESSIONAL,Quarterly ,16 Aug 2025,,138.84,20%,Active
SUB-004609,666,BUSINESS,MONTHLY,"Sep 28, 2025",,$277.72,, Active 
SUB-004610,797,Professional,quarterly,12-09-2025,2026-01-06,USD 140.03, 20% ,cancelled
SUB-004611,832, Free ,Monthly ,20-09-2025,,$0,0.0%, Active 
SUB-004612,1461,BUSINESS,Quarterly ,13 Mar 2025,11/21/2025,322.24,,Expired
SUB-004613,505, Starter , Annual,16/06/2025,,46.60,20%,active
SUB-004614,38,business,QUARTERLY,15 Dec 2025,29-07-2026,$332,5%, Paused 
SUB-004615,683,STARTER,Annual ,2025-11-26,"Dec 29, 2025",47.55,5 %,cancelled
SUB-004616,578,Free, Quarterly,13 Jul 2025,,USD 0.00,0%,Active 
SUB-004617,712,business, Monthly ,12/07/2025,,$306,20 %,ACTIVE
SUB-004618,396, Enterprise ,Quarterly,"Feb 27, 2025",,$865.23,0 %,Active 
SUB-004619,744, Business, Monthly ,2025-08-26,,297.61 USD, 5% ,Active
SUB-004620,584,Starter ,Annual ,04 Dec 2025,2026-02-21,48.35 USD, 15% ,Expired
SUB-004621,672,business,monthly,"Feb 04, 2025",,331.99,20.0%,Active
SUB-004622,93,Professional , Monthly,"May 01, 2025",,USD 135.42, 20% , Active
SUB-004623,466, Professional ,Quarterly,2025-07-08,,$170, 10% ,ACTIVE
SUB-004624,283, Free ,Monthly,22/06/2025,,0.00,10 %,ACTIVE
SUB-004625,1197,Starter ,MONTHLY,09 Apr 2025,03/08/2026,49.40,0.0%, Paused 
SUB-004626,277,business,quarterly,"May 29, 2025",11/05/2025,$316.05, 20% ,Paused
SUB-004627,482,Business , Annual,2025-04-14,,278.27 USD,10.0%, Active 
SUB-004628,389, Enterprise ,monthly,2025-01-06,,$821.78,0%, Active 
SUB-004629,1344, Professional , Quarterly ,"Mar 13, 2025",2025-12-08,$171,15.0%, Paused 
SUB-004630,256,Enterprise,Annual,2025-07-09,2025-10-24,$766,,Cancelled 
SUB-004631,1125,Starter ,annual,26/01/2025,,52.95 USD,20%,Active 
SUB-004632,1337, Business , Monthly ,"Sep 22, 2025","Dec 03, 2025",301.61,20%,expired
SUB-004633,37, Business , Annual ,20 Mar 2025,,$318,,Active 
SUB-004634,245,starter,Monthly ,12/06/2025,02/12/2026,$47,20%,PAUSED
SUB-004635,1112,Professional ,Quarterly,06-09-2025,17-05-2026,$152,20 %,Cancelled 
SUB-004636,106,starter, Quarterly ,08/03/2025,,$56,5 %,ACTIVE
SUB-004637,1054,Starter,annual,"Oct 26, 2025",,$46.49,15 %,ACTIVE
SUB-004638,524,Enterprise ,Monthly,2025-11-24,,846.23,20 %, Active
SUB-004639,1108,Professional,MONTHLY,"Jul 25, 2025",,155.54, 20% ,Active 
SUB-004640,769,PROFESSIONAL,Annual ,02/24/2025,,155.15, 5% ,ACTIVE
SUB-004641,495,professional,annual,04/07/2025,12/06/2025,USD 157.01,5 %,Cancelled
SUB-004642,1038, Professional, Monthly,2025-08-31,,USD 152.81, 20% ,ACTIVE
SUB-004643,1352,Professional , Quarterly ,"Sep 23, 2025",22 Nov 2025,134.73,20 %,Cancelled
SUB-004644,101,professional,quarterly,01 Mar 2025,,167.63 USD, 0% ,Active 
SUB-004645,856,free,quarterly,"Sep 24, 2025",,0.00,10%,Active 
SUB-004646,1376,Starter ,Monthly ,08/11/2025,,$46,10 %, Active 
SUB-004647,136, Professional, Quarterly,"May 26, 2025",,149.49 USD,10 %, Active 
SUB-004648,438,Business , Annual ,24-12-2025,09/10/2026,USD 326.70,0%,cancelled
SUB-004649,869, Professional,ANNUAL,25-12-2025,19-09-2026,170.61,0.0%,expired
SUB-004650,610,ENTERPRISE,ANNUAL,2025-12-28,2026-07-10,USD 909.09,0.0%,cancelled
SUB-004651,399, Business , Quarterly,27 Apr 2025,08/03/2025,$336,15 %, Cancelled 
SUB-004652,459,Free,annual,02-07-2025,,$0.00,10%,Active
SUB-004653,680,business,Quarterly,2025-03-19,,337.46, 5% , Active
SUB-004654,971,PROFESSIONAL,ANNUAL,25/05/2025,,$166.82,0%,Active
SUB-004655,1062,professional, Annual ,03/30/2025,,$148.14,15%,Active 
SUB-004656,1118,Free,Annual ,2025-08-13,"Jan 21, 2026",USD 0.00,15.0%, Expired
SUB-004657,163,PROFESSIONAL,Annual ,22/02/2025,20 Jan 2026,$151,0.0%, Cancelled
SUB-004658,850,professional,QUARTERLY,18-04-2025,25 Dec 2025,$158.54,10 %, Cancelled 
SUB-004659,1101, Business,QUARTERLY,05/24/2025,,288.60,5%,ACTIVE
SUB-004660,1418,Enterprise ,quarterly,2025-04-05,,USD 723.68,15%, Active
SUB-004661,152, Starter ,monthly,06 Aug 2025,,$45.83, 0% ,ACTIVE
SUB-004662,554, Enterprise ,Monthly ,23-04-2025,,807.01,20%,ACTIVE
SUB-004663,1389, Starter,Annual,22/06/2025,21-04-2026,47.55,20.0%,paused
SUB-004664,499, Professional, Monthly,07/24/2025,,162.58, 20% , Active 
SUB-004665,1027, Starter ,Monthly ,"May 25, 2025",,45.41, 0% , Active
SUB-004666,835, Business , Monthly,14 Dec 2025,,337.68,15.0%,Active 
SUB-004667,1160, Business , Quarterly ,2025-10-03,19 May 2026,336.03,5%, Cancelled 
SUB-004668,1162, Professional, Annual ,01 Oct 2025,"Nov 08, 2025",$168,5.0%, Paused 
SUB-004669,499,professional,MONTHLY,2025-02-25,"Oct 19, 2025",USD 161.65,5.0%,Paused
SUB-004670,1249, Starter, Annual,03/18/2025,08/28/2025,45.41,15 %, Cancelled 
SUB-004671,396,BUSINESS,MONTHLY,16 Mar 2025,26-04-2025,301.85, 10% ,Paused 
SUB-004672,1139, Business,MONTHLY,11/07/2025,,$278.92,10%,active
SUB-004673,1092, Enterprise , Annual,2025-03-18,,916.39,5.0%, Active 
SUB-004674,583,starter, Annual ,04-12-2025,,48.18 USD, 0% ,Active 
SUB-004675,322,Professional , Quarterly,01/17/2025,10-09-2025,155.90 USD, 20% ,cancelled
SUB-004676,1285,professional,Monthly,04/01/2025,"Jan 04, 2026",USD 163.13,0%,PAUSED
SUB-004677,787,free,monthly,18 Mar 2025,,USD 0.00,0%,active
SUB-004678,1494, Business,Quarterly ,10/01/2025,2025-11-30,$326,0 %,EXPIRED
SUB-004679,304,PROFESSIONAL,Monthly,14-10-2025,29 Apr 2026,$159,10.0%,paused
SUB-004680,16,FREE,ANNUAL,29 Sep 2025,,USD 0.00,5%,active
SUB-004681,81, Professional , Monthly,2025-01-01,,156.65,10%,Active 
SUB-004682,386,PROFESSIONAL,Monthly,2025-07-15,,$138,0.0%,active
SUB-004683,349,STARTER,Monthly,2025-12-10,2026-10-31,54.93 USD,5.0%,cancelled
SUB-004684,399, Business , Monthly ,03/03/2025,,USD 309.75, 20% ,Active 
SUB-004685,247,starter,monthly,2025-09-11,,USD 44.59, 0% ,Active 
SUB-004686,174,Professional ,MONTHLY,27/01/2025,30 Dec 2025,168.37 USD,0%,Cancelled
SUB-004687,674, Professional ,Annual ,2025-11-25,,152.33,5.0%, Active 
SUB-004688,663, Business , Annual ,2025-12-01,,$334,10 %,Active 
SUB-004689,1101,Business , Quarterly ,28 Jul 2025,,$333.15,0%,ACTIVE
SUB-004690,566,Business, Monthly ,02/28/2025,2025-04-25,$330.08, 15% , Expired 
SUB-004691,1147, Professional,monthly,28 Jul 2025,,USD 136.39,10%, Active 
SUB-004692,53,professional, Monthly,11/20/2025,,143.30 USD,15.0%,Active 
SUB-004693,934, Starter,ANNUAL,26-12-2025,,USD 54.83,10 %,Active 
SUB-004694,1468, Free,Quarterly ,08/16/2025,11/26/2025,USD 0.00,0%,Paused
SUB-004695,468,free, Annual ,19 Aug 2025,,0.00 USD, 5% , Active 
SUB-004696,1195,Professional , Monthly,"Aug 23, 2025","Apr 12, 2026",150.49,0 %,Cancelled
SUB-004697,1177,Starter , Monthly ,12/31/2025,04/12/2026,$46.25, 5% ,Cancelled
SUB-004698,290,PROFESSIONAL, Monthly ,2025-08-08,2026-01-15,170.17,20 %, Expired 
SUB-004699,1337,Starter ,Quarterly,04-10-2025,,$46.71, 0% ,ACTIVE
SUB-004700,1321,BUSINESS, Annual,2025-04-06,06/08/2025,USD 283.37,20 %,CANCELLED
SUB-004701,1255,Business,annual,19-02-2025,"Jan 12, 2026",$318,5%,EXPIRED
SUB-004702,500,starter,Quarterly,"Apr 26, 2025",,USD 47.07,10.0%, Active
SUB-004703,1232,Professional, Annual ,30/11/2025,,$169.07, 0% , Active 
SUB-004704,313,Free ,Quarterly,24/07/2025,,0.00, 20% ,Active
SUB-004705,698,PROFESSIONAL,Quarterly,"Aug 12, 2025",,134.31, 20% , Active 
SUB-004706,500, Business , Quarterly ,18 Jan 2025,,USD 306.84, 10% , Active 
SUB-004707,1434,PROFESSIONAL,MONTHLY,12/18/2025,,152.28,10%,active
SUB-004708,1078,Starter ,MONTHLY,08/20/2025,11/02/2026,46.10 USD,20.0%,expired
SUB-004709,1279,PROFESSIONAL,quarterly,08-12-2025,,$153,15 %, Active 
SUB-004710,450,Free ,QUARTERLY,11-11-2025,"Dec 22, 2025",USD 0.00,10 %, Expired 
SUB-004711,584,Free , Quarterly ,2025-04-11,,$0.00, 5% , Active 
SUB-004712,1155,Business ,Quarterly ,22 Feb 2025,,269.79,0 %,active
SUB-004713,502,ENTERPRISE, Monthly,11/08/2025,18 Mar 2026,914.11,15.0%,Paused
SUB-004714,100,Enterprise ,Quarterly,2025-12-14,06/25/2026,843.82, 5% ,Expired
SUB-004715,939,Professional ,ANNUAL,2025-07-06,02/27/2026,139.76,10 %,expired
SUB-004716,697, Professional,monthly,12/20/2025,,135.84,20 %,ACTIVE
SUB-004717,1434, Starter, Quarterly ,04-03-2025,10/06/2025,50.69,15 %,EXPIRED
SUB-004718,28, Professional,Monthly,16-07-2025,,$142.85,20%,Active
SUB-004719,866,professional,Quarterly ,24/08/2025,,145.32,20 %,active
SUB-004720,465,Starter ,MONTHLY,2025-08-05,,47.10,5 %,active
SUB-004721,1461, Professional ,QUARTERLY,2025-11-03,20-07-2026,USD 158.32,15.0%,cancelled
SUB-004722,1433,Starter , Annual,29-01-2025,,50.88,15%,ACTIVE
SUB-004723,440, Starter ,Quarterly,19-01-2025,,USD 45.06, 20% ,ACTIVE
SUB-004724,1252, Business , Annual,2025-11-18,"Nov 04, 2026",308.46,0 %,PAUSED
SUB-004725,1136, Business ,QUARTERLY,12-07-2025,,328.24,, Active
SUB-004726,53,Starter , Quarterly,14-04-2025,19/07/2025,45.09 USD,10 %,Cancelled
SUB-004727,1274, Enterprise, Monthly ,02/14/2025,,896.83,15 %, Active
SUB-004728,475,enterprise, Monthly,13 Jul 2025,19-04-2026,834.62 USD,0.0%, Paused
SUB-004729,765, Business,QUARTERLY,08 Feb 2025,17 Oct 2025,340.16,15%, Paused
SUB-004730,523,free,MONTHLY,"Mar 22, 2025",,USD 0.00, 5% ,ACTIVE
SUB-004731,1489, Professional, Quarterly,12/19/2025,,$171,0.0%, Active
SUB-004732,198,Starter ,ANNUAL,22 Nov 2025,,51.99,20%,Active 
SUB-004733,501,starter, Annual ,09/01/2025,,USD 51.05,,ACTIVE
SUB-004734,807, Business , Quarterly ,2025-01-05,,$308, 5% ,Active
SUB-004735,1228,Professional , Annual,13 Dec 2025,,134.98 USD, 15% ,Active 
SUB-004736,1122,Enterprise,quarterly,2025-08-02,"Oct 03, 2025",$907,0 %,CANCELLED
SUB-004737,1082,Professional,ANNUAL,12/21/2025,2026-06-01,158.09,0%, Cancelled
SUB-004738,832, Professional,annual,02/20/2025,,137.51, 0% ,active
SUB-004739,1175,Enterprise ,Monthly,"Nov 19, 2025","May 16, 2026",$723.29, 0% , Expired 
SUB-004740,980,BUSINESS,Annual ,26 Oct 2025,,272.90,15%,active
SUB-004741,615,Business ,Monthly ,"Sep 14, 2025",,314.65 USD,5 %,Active 
SUB-004742,1410,STARTER,Annual ,25 May 2025,"Nov 08, 2025",$51.62, 10% , Cancelled 
SUB-004743,897,Enterprise , Monthly ,"Nov 30, 2025",,818.91,0.0%, Active
SUB-004744,154,Business ,annual,06/30/2025,06/22/2026,USD 292.03,, Cancelled
SUB-004745,468,Professional, Monthly,03/07/2025,,153.91,20 %,active
SUB-004746,183,ENTERPRISE, Monthly,"Apr 11, 2025",21 Feb 2026,822.23 USD,5 %,Cancelled 
SUB-004747,1300, Starter ,Monthly,20 Nov 2025,06/06/2026,44.34,0.0%,Expired
SUB-004748,878,Starter,monthly,04/13/2025,15/08/2025,47.56 USD, 15% , Cancelled
SUB-004749,182,BUSINESS,Monthly ,09/01/2025,2025-10-15,273.08 USD,10 %,Expired
SUB-004750,779, Professional , Annual ,"Nov 10, 2025",,167.63,5%,active
SUB-004751,517,Professional, Quarterly ,2025-12-19,,161.11,5 %, Active 
SUB-004752,1198, Business,Quarterly,"Jan 16, 2025",,$344,20 %, Active
SUB-004753,627,STARTER,ANNUAL,15 Jun 2025,07-11-2025,$47.80,20 %, Paused 
SUB-004754,1379,starter,quarterly,29-11-2025,,$54.86,15 %, Active 
SUB-004755,167, Free ,annual,11/12/2025,,$0.00,5.0%,active
SUB-004756,45,STARTER, Quarterly,12/09/2025,,$49.65,20%, Active
SUB-004757,1218,enterprise,Monthly,25-06-2025,,763.56 USD, 10% , Active 
SUB-004758,1080,BUSINESS,Quarterly,11 Mar 2025,,$324.29,20 %,Active 
SUB-004759,1474,PROFESSIONAL,monthly,27 Oct 2025,,167.78,0 %,Active 
SUB-004760,709, Professional, Monthly,10-04-2025,23 Nov 2025,142.87,10.0%,Paused 
SUB-004761,426,free,Monthly ,07-09-2025,,0.00, 0% , Active
SUB-004762,551,starter,ANNUAL,24 Jun 2025,,52.63,20%,ACTIVE
SUB-004763,545,business,QUARTERLY,28 Jun 2025,,$342,20 %, Active 
SUB-004764,521,Starter,MONTHLY,10/25/2025,,USD 53.29,,Active 
SUB-004765,1329,Business,Annual,"Sep 19, 2025",,290.37,5%,Active 
SUB-004766,59,business, Quarterly ,08 Jul 2025,27 May 2026,$300, 5% , Cancelled
SUB-004767,925, Business,Quarterly,"Jan 05, 2025","May 07, 2025",297.83 USD,10 %,PAUSED
SUB-004768,598, Business ,annual,18 Nov 2025,,332.79 USD,10%, Active 
SUB-004769,752, Starter , Quarterly,29-04-2025,,$54,0%,ACTIVE
SUB-004770,910,PROFESSIONAL,ANNUAL,01/02/2025,,$156,10.0%,ACTIVE
SUB-004771,1055,Starter,Quarterly ,25-10-2025,,47.47, 20% ,Active 
SUB-004772,355,FREE,Annual ,21-10-2025,,0.00,0 %,Active 
SUB-004773,1494,Starter, Quarterly,02/03/2025,,USD 52.10,10 %,Active
SUB-004774,533,Starter,QUARTERLY,10-10-2025,08-01-2026,55.99 USD,10.0%, Cancelled
SUB-004775,366,BUSINESS, Quarterly ,22 Apr 2025,22 Aug 2025,312.46,0 %,PAUSED
SUB-004776,477,starter, Annual,2025-07-16,,54.16 USD,15.0%,Active
SUB-004777,228, Professional,Annual,03/27/2025,,164.39,20 %,Active 
SUB-004778,1184, Enterprise ,QUARTERLY,2025-05-16,"Mar 20, 2026",$786,0 %,Cancelled 
SUB-004779,417, Professional ,Quarterly,"Aug 03, 2025",30/06/2026,170.01 USD,20 %,Paused
SUB-004780,57, Professional ,Quarterly ,"Jan 06, 2025",2025-05-31,134.92,5 %, Paused 
SUB-004781,503, Starter , Quarterly,04/04/2025,,$54,5%,Active
SUB-004782,873,Starter,Annual ,07/19/2025,2026-04-03,$55.93, 20% , Paused 
SUB-004783,905,Professional ,monthly,"Jul 16, 2025",,$146.72,10 %,active
SUB-004784,1333,Business , Quarterly ,"Sep 19, 2025",2025-12-05,$318,0.0%,Cancelled 
SUB-004785,473, Professional, Quarterly ,31 Dec 2025,2026-04-06,USD 155.04,,CANCELLED
SUB-004786,1356, Professional , Annual ,05/10/2025,03/28/2026,USD 162.47, 15% ,Cancelled
SUB-004787,1043,BUSINESS,Annual ,05/29/2025,,USD 333.85,,Active 
SUB-004788,367,PROFESSIONAL,quarterly,"Aug 28, 2025",16-05-2026,156.56,15%,CANCELLED
SUB-004789,702,enterprise, Monthly ,30/10/2025,12-01-2026,882.08 USD,10.0%,expired
SUB-004790,810,PROFESSIONAL,MONTHLY,"Sep 24, 2025",,$146,10%,active
SUB-004791,49,Professional ,Monthly,"Aug 28, 2025",,142.61 USD,20%,ACTIVE
SUB-004792,976, Enterprise ,Annual ,08/08/2025,"Jan 26, 2026",805.13,10%,expired
SUB-004793,26,Business,Quarterly,2025-03-17,"Dec 01, 2025",$319.76,20 %,cancelled
SUB-004794,586, Professional ,quarterly,19/03/2025,03/05/2026,141.07,0.0%,PAUSED
SUB-004795,595, Starter, Quarterly,03/20/2025,05/08/2025,52.43,5 %, Expired 
SUB-004796,1306, Professional,Quarterly,2025-01-28,2025-03-23,$149, 15% , Paused 
SUB-004797,748,PROFESSIONAL, Quarterly ,30-04-2025,"Aug 04, 2025",163.74,20.0%, Paused
SUB-004798,191, Enterprise , Quarterly ,28-11-2025,"Jun 25, 2026",$726.46,20%, Cancelled 
SUB-004799,1474,PROFESSIONAL,Annual ,2025-02-11,,158.98,15%,Active 
SUB-004800,1292,Enterprise ,MONTHLY,2025-05-01,,$849,15 %,Active
SUB-004801,1178,Professional,Monthly,2025-06-26,09/18/2025,169.15,5%,Expired 
SUB-004802,597,Free ,Annual,2025-06-18,07/01/2026,0.00,20%,Expired 
SUB-004803,854,Enterprise ,Monthly,2025-06-04,,878.16 USD,5 %, Active 
SUB-004804,601,starter,quarterly,2025-09-17,,USD 55.18, 15% , Active
SUB-004805,9, Enterprise , Monthly ,21/07/2025,"Mar 16, 2026",853.94 USD,10 %, Cancelled
SUB-004806,1205,starter,MONTHLY,18/07/2025,,$47.65, 0% , Active 
SUB-004807,1044,Business , Quarterly,28/04/2025,,$334,20%,Active
SUB-004808,1129,Free ,MONTHLY,29/10/2025,,0.00,20%,active
SUB-004809,716, Enterprise ,MONTHLY,11-12-2025,,$804,15.0%,ACTIVE
SUB-004810,679,Professional, Monthly ,08/11/2025,,160.57 USD,20%, Active
SUB-004811,305,Starter ,monthly,11 Oct 2025,,USD 54.73,5 %,ACTIVE
SUB-004812,628,FREE,MONTHLY,09/29/2025,,$0.00, 10% , Active 
SUB-004813,609,professional, Quarterly,"Apr 09, 2025",,$169.58,0 %,Active
SUB-004814,324,BUSINESS, Quarterly ,2025-10-26,,$293.42,0 %,Active
SUB-004815,967,BUSINESS, Quarterly ,21/09/2025,,USD 300.62,15 %,Active
SUB-004816,2,STARTER,quarterly,05-06-2025,,45.44,20.0%, Active
SUB-004817,440,professional, Monthly,23/07/2025,02/14/2026,143.32, 20% ,Expired 
SUB-004818,976,BUSINESS,Monthly,03/25/2025,20 Feb 2026,USD 335.06,15.0%, Paused
SUB-004819,1224,STARTER, Monthly ,"Jan 31, 2025",,48.52,5.0%,ACTIVE
SUB-004820,105,STARTER,quarterly,"Jan 09, 2025",,USD 51.70,20 %,Active
SUB-004821,892,PROFESSIONAL,Monthly ,"Feb 09, 2025",,158.91,15 %,Active 
SUB-004822,267,PROFESSIONAL, Monthly,2025-09-09,,$163.22, 5% , Active 
SUB-004823,1171,PROFESSIONAL, Annual ,05/05/2025,,140.91, 0% ,Active
SUB-004824,671,FREE,Annual ,12/19/2025,,$0,0%, Active
SUB-004825,125, Starter,Quarterly,03-08-2025,,$49.59,5%, Active 
SUB-004826,742,Free , Annual ,02/20/2025,,0.00 USD,,active
SUB-004827,1139,Business ,Quarterly ,"Sep 05, 2025","Oct 08, 2025",342.57,10 %,Paused 
SUB-004828,905, Professional ,MONTHLY,02/08/2025,11 Sep 2025,$165.20,0 %,CANCELLED
SUB-004829,440,Business ,Annual ,25/11/2025,,304.96,5 %,Active
SUB-004830,84, Professional,Quarterly ,23/02/2025,"Dec 30, 2025",USD 166.85,20 %, Expired 
SUB-004831,723, Professional,monthly,28 Oct 2025,02 Sep 2026,147.05 USD,20%, Cancelled 
SUB-004832,900,Starter, Quarterly,08/31/2025,"Aug 28, 2026",53.73,15%, Expired 
SUB-004833,403,business,Monthly,14-11-2025,,285.82,5 %,active
SUB-004834,45,professional, Quarterly,2025-09-07,,$163, 20% , Active 
SUB-004835,169, Business,monthly,03 Apr 2025,"Mar 04, 2026",USD 303.22,5%,expired
SUB-004836,893,starter,Annual,12/02/2025,2026-01-28,USD 45.42,20.0%,cancelled
SUB-004837,883,starter,Annual ,13 Feb 2025,06 Nov 2025,47.45 USD, 15% , Cancelled
SUB-004838,1088,starter,Monthly,08/01/2025,,USD 49.03,5.0%,active
SUB-004839,671,Starter , Monthly ,2025-01-21,,53.28 USD,0.0%,Active
SUB-004840,984,starter,annual,2025-10-15,02/10/2026,44.99,0.0%, Cancelled 
SUB-004841,1398,Business,Quarterly,29-06-2025,28 Aug 2025,318.40, 0% ,paused
SUB-004842,97,Business,Annual,"Jan 27, 2025",,USD 322.62,20 %,Active
SUB-004843,659, Professional ,Annual,07/10/2025,,$158.46, 0% ,Active
SUB-004844,340,Business,annual,"Jun 25, 2025",,325.96, 0% ,Active
SUB-004845,1068,Starter , Quarterly,22/01/2025,,$46,0%, Active
SUB-004846,1263,Professional ,Quarterly,2025-11-06,01/30/2026,155.97,15%,PAUSED
SUB-004847,251, Starter,ANNUAL,03-10-2025,,$55.63,0%,Active 
SUB-004848,716,Professional,quarterly,04-10-2025,09/04/2026,156.85 USD,10 %, Cancelled 
SUB-004849,379,starter,quarterly,11 Nov 2025,10/06/2026,USD 51.59, 0% , Paused
SUB-004850,692,FREE, Annual ,05-02-2025,13/06/2025,USD 0.00,20 %,EXPIRED
SUB-004851,72,Enterprise ,Annual ,2025-12-09,,$785.66, 10% ,ACTIVE
SUB-004852,923,PROFESSIONAL, Quarterly,12-01-2025,,160.19,15.0%, Active
SUB-004853,147,FREE,annual,2025-07-19,,0.00 USD,0%, Active
SUB-004854,424,Enterprise ,annual,"Jun 28, 2025",,$721.28, 15% ,Active 
SUB-004855,957,Professional, Monthly,"Aug 28, 2025",2026-04-11,$166.51, 20% ,paused
SUB-004856,534,BUSINESS,Quarterly ,2025-06-11,,285.44, 15% ,ACTIVE
SUB-004857,486,business, Quarterly,24-05-2025,,303.18 USD,20 %,active
SUB-004858,1223, Business ,monthly,"Oct 27, 2025",20/01/2026,332.81 USD, 20% , Paused 
SUB-004859,1261, Professional ,Monthly ,13/06/2025,02-05-2026,164.79,5 %, Paused 
SUB-004860,930,Free, Quarterly,2025-10-01,,$0.00,15%,active
SUB-004861,214,Starter,Annual ,17-11-2025,,USD 55.62,15 %, Active 
SUB-004862,1451,Professional,Annual ,2025-03-26,,150.76,5 %,active
SUB-004863,655, Professional,monthly,27 Jan 2025,,158.55,0%,Active 
SUB-004864,557,Professional, Quarterly,"Dec 08, 2025",,$149,10%,active
SUB-004865,745, Business,annual,22-03-2025,20 Feb 2026,$295, 20% ,Expired
SUB-004866,906,PROFESSIONAL,Quarterly,28-02-2025,,USD 150.18,5%, Active
SUB-004867,918,enterprise,Monthly,"Sep 13, 2025",,$867.53, 15% ,active
SUB-004868,399,Business,Monthly ,12-12-2025,,306.58,10 %,Active
SUB-004869,530,Professional,annual,12-06-2025,,USD 164.42, 5% , Active 
SUB-004870,555,business, Monthly,2025-06-26,08/21/2025,USD 324.81,10%,Paused
SUB-004871,992,Starter ,annual,2025-04-24,2026-01-02,44.35 USD,5%,expired
SUB-004872,1470,Enterprise, Monthly,13 Jun 2025,09 Oct 2025,844.99,15 %,Expired 
SUB-004873,748, Business,Quarterly ,10-06-2025,25/03/2026,301.73,0%,Cancelled
SUB-004874,894, Business, Quarterly ,06 May 2025,,USD 303.23, 20% ,Active 
SUB-004875,1427,Starter,Annual,2025-04-18,,USD 54.13,10%, Active
SUB-004876,1050,Starter,Monthly ,18 Jun 2025,30/05/2026,USD 50.81,0 %, Expired
SUB-004877,1473,Starter,Quarterly ,"Jul 04, 2025",,54.95 USD,20 %, Active
SUB-004878,45,PROFESSIONAL,ANNUAL,26 Dec 2025,,$160.65,5 %,ACTIVE
SUB-004879,1108,Starter ,monthly,09-11-2025,,50.87,15%,Active 
SUB-004880,404,Starter,annual,"May 20, 2025",,$53, 10% , Active 
SUB-004881,641,Professional, Monthly,01/29/2025,,135.53,15 %, Active 
SUB-004882,1397, Starter ,Quarterly ,2025-10-25,,$44,5 %,Active 
SUB-004883,414, Starter , Monthly ,28-08-2025,07/07/2026,45.12,5.0%, Paused
SUB-004884,7,Starter ,Monthly ,21-07-2025,19 Nov 2025,49.46 USD,20.0%,EXPIRED
SUB-004885,1172,Enterprise , Quarterly,16-02-2025,23 Aug 2025,USD 766.13,5 %,Paused
SUB-004886,198,starter,MONTHLY,11/16/2025,,56.16 USD,15%,Active
SUB-004887,644,business,monthly,07-10-2025,2026-04-26,USD 309.64,15%, Paused
SUB-004888,1086,STARTER,Quarterly ,08/12/2025,,$52.21, 15% ,active
SUB-004889,1304, Business,ANNUAL,"Feb 12, 2025",,289.94,5.0%, Active
SUB-004890,614, Professional ,quarterly,02/07/2025,,$146,0 %, Active
SUB-004891,1311,Business, Monthly ,14/06/2025,,$294.18,5%,active
SUB-004892,1194,Enterprise ,annual,"May 04, 2025",28-08-2025,858.67,0 %, Expired 
SUB-004893,362,Starter,monthly,09/11/2025,2026-09-05,USD 49.90,0.0%,expired
SUB-004894,834,professional, Annual,"May 28, 2025",02/05/2026,153.38,10 %, Expired
SUB-004895,572,Starter,Monthly ,03/28/2025,12/14/2025,51.35,10 %,Paused 
SUB-004896,519,Professional, Quarterly ,18/12/2025,,$163,10%, Active
SUB-004897,1024,STARTER,MONTHLY,17/07/2025,09 Jan 2026,$45,20.0%,Paused 
SUB-004898,776,STARTER,monthly,"May 20, 2025",,USD 53.62, 0% ,ACTIVE
SUB-004899,1482, Business,quarterly,2025-03-01,,311.20,0%,Active 
SUB-004900,90,Professional , Annual ,"Apr 03, 2025",,159.02,5 %, Active
SUB-004901,1421,Professional ,Quarterly ,"Apr 12, 2025",,146.30 USD,20%,Active 
SUB-004902,984,Business ,Quarterly ,11/07/2025,,$299.70, 10% ,Active 
SUB-004903,376,Starter ,Quarterly ,2025-12-16,18/02/2026,USD 46.93, 0% , Paused
SUB-004904,926,Free ,monthly,"Aug 05, 2025",,0.00,15 %,active
SUB-004905,1047, Free , Annual,22/07/2025,,$0.00, 0% ,Active
SUB-004906,1149,Starter,QUARTERLY,02/03/2025,,56.30, 10% ,Active 
SUB-004907,1040,enterprise,ANNUAL,2025-01-11,06 Aug 2025,$816.93,15%, Cancelled
SUB-004908,750,Professional ,Quarterly,10/31/2025,2026-07-18,142.29 USD,10 %, Cancelled
SUB-004909,49, Free,Annual ,04/07/2025,,USD 0.00,20.0%,Active 
SUB-004910,345, Professional ,Monthly,04 May 2025,,$136,0 %,ACTIVE
SUB-004911,1337, Business,monthly,"Sep 11, 2025",,USD 336.73, 5% ,active
SUB-004912,343,ENTERPRISE, Annual,07-09-2025,,882.61 USD, 5% ,ACTIVE
SUB-004913,299,STARTER, Quarterly,30/03/2025,"Dec 01, 2025",52.99 USD,5.0%,expired
SUB-004914,625,business,monthly,20/11/2025,,USD 314.68,5 %,ACTIVE
SUB-004915,769, Starter ,ANNUAL,01 Jul 2025,,$51.20,10 %,active
SUB-004916,52,Professional, Annual ,23 Dec 2025,,$171,20.0%,ACTIVE
SUB-004917,1499,Enterprise , Annual,14/03/2025,,774.63,5 %,ACTIVE
SUB-004918,330,Starter ,annual,"Sep 18, 2025",,53.65, 0% ,Active 
SUB-004919,1121, Free, Monthly,07-11-2025,,$0, 5% ,Active
SUB-004920,565,ENTERPRISE,QUARTERLY,19 May 2025,11/24/2025,914.03 USD,20 %,cancelled
SUB-004921,1002,starter,ANNUAL,"Apr 07, 2025",,54.24 USD,5.0%, Active
SUB-004922,1380, Professional,Annual ,08/18/2025,,$171.30,5.0%,Active 
SUB-004923,402,enterprise,Monthly,24/02/2025,10-09-2025,836.62, 15% , Expired
SUB-004924,1423,BUSINESS, Quarterly,2025-08-16,02-10-2025,$284.39, 15% ,Paused 
SUB-004925,1323,FREE, Annual,25/04/2025,20 Sep 2025,USD 0.00, 5% ,PAUSED
SUB-004926,36, Starter , Quarterly ,10/10/2025,,USD 52.81, 0% ,Active
SUB-004927,160, Business , Quarterly ,09 Apr 2025,21/05/2025,326.98 USD,5%,Expired
SUB-004928,933, Starter,Annual ,31-03-2025,20 May 2025,$44,15 %, Expired
SUB-004929,472,FREE,Quarterly ,"Jan 09, 2025",,0.00,15.0%,Active 
SUB-004930,1251,Professional ,quarterly,"Jun 10, 2025","Aug 29, 2025",142.86,20%,Paused
SUB-004931,37,Starter ,annual,06/06/2025,,$54.82,5.0%,active
SUB-004932,908,Professional , Monthly ,13-11-2025,10/05/2026,USD 139.80,20.0%,Cancelled
SUB-004933,1428,enterprise,monthly,07/01/2025,"May 17, 2025",USD 852.22,10 %,Expired 
SUB-004934,145, Business ,Annual,2025-10-13,,288.99,10%, Active 
SUB-004935,790,Starter ,annual,09/12/2025,"Jun 27, 2026",48.47, 15% ,Expired 
SUB-004936,968,Professional,Quarterly,10/27/2025,,169.14,20%,active
SUB-004937,384,STARTER, Monthly ,07/01/2025,"Nov 05, 2025",$47.05,20.0%, Expired 
SUB-004938,548,professional,Monthly ,"Mar 02, 2025","Oct 04, 2025",USD 137.64,0.0%,Expired
SUB-004939,330,Professional ,monthly,09/06/2025,29 Sep 2025,136.68,10%, Expired
SUB-004940,69, Business ,Monthly ,"Dec 06, 2025",21 Mar 2026,306.82 USD,15.0%,Paused
SUB-004941,259,Business,Annual,18-02-2025,,$317.07,10 %,Active 
SUB-004942,620, Professional ,Annual,"Jan 14, 2025",,146.29,5 %, Active 
SUB-004943,831,Business,Quarterly ,12/10/2025,01/25/2026,320.70 USD,0%,Expired 
SUB-004944,1490,business, Annual,11/20/2025,,USD 273.66,5.0%,active
SUB-004945,969,Free, Quarterly,22-12-2025,,0.00 USD,10.0%,active
SUB-004946,261,ENTERPRISE,QUARTERLY,"Jul 10, 2025",,882.21 USD,10%, Active
SUB-004947,1364,Enterprise,Annual,25-10-2025,2026-06-24,915.95,5 %, Expired 
SUB-004948,1458,professional,annual,16 Jan 2025,10/11/2025,168.98, 5% ,Paused 
SUB-004949,536,Professional,Quarterly,17/04/2025,,$147,15%,Active
SUB-004950,295, Professional ,quarterly,12/10/2025,,USD 148.97, 5% ,Active 
SUB-004951,880,starter,quarterly,14-03-2025,09/09/2025,$53.24,5%,Cancelled
SUB-004952,530, Professional,MONTHLY,09-04-2025,20-11-2025,139.09,10%, Expired 
SUB-004953,828, Starter,ANNUAL,19/03/2025,,47.95,0.0%,Active
SUB-004954,58,Professional ,monthly,12 Nov 2025,,$139,20%,active
SUB-004955,1444,Starter ,Annual,30/07/2025,,49.67,15 %,ACTIVE
SUB-004956,1146, Starter , Annual ,17 Nov 2025,,50.86,15%,active
SUB-004957,575, Professional ,Annual ,12-07-2025,24-01-2026,141.97, 20% , Paused
SUB-004958,1155,starter,Quarterly ,08/07/2025,,44.43,0 %, Active 
SUB-004959,610,PROFESSIONAL, Quarterly,06-10-2025,,160.90 USD, 10% ,ACTIVE
SUB-004960,927, Professional, Monthly ,21-01-2025,,$135,5.0%,ACTIVE
SUB-004961,327, Enterprise,annual,12 Dec 2025,,913.54,5.0%,Active
SUB-004962,590,Professional, Quarterly ,27-04-2025,16 Aug 2025,$142.35, 10% , Paused
SUB-004963,276,Professional,Quarterly,21/08/2025,,USD 158.83,5%,active
SUB-004964,79,Starter ,Monthly,25 Jan 2025,2025-10-19,USD 49.43,15%,paused
SUB-004965,183,BUSINESS,Monthly,"Apr 03, 2025",,$274, 20% ,ACTIVE
SUB-004966,694,Free,Quarterly,24-03-2025,,0.00 USD,20%,Active 
SUB-004967,1095, Professional, Quarterly ,06-10-2025,,153.35,15 %,active
SUB-004968,1304,Professional, Annual,01/17/2025,2025-07-31,165.94 USD,15 %,CANCELLED
SUB-004969,513, Enterprise ,Monthly,09/05/2025,,$865.39, 5% ,active
SUB-004970,483,Professional,Quarterly,"Sep 28, 2025",,$137, 0% ,ACTIVE
SUB-004971,709, Free , Annual,02-11-2025,,0.00 USD,10.0%,Active 
SUB-004972,1342,starter, Monthly,2025-06-15,14-06-2026,47.92 USD,5%,expired
SUB-004973,1011, Enterprise , Monthly,2025-03-08,,742.35,0.0%, Active
SUB-004974,487, Enterprise,Quarterly ,02 Oct 2025,,810.37,0 %,Active
SUB-004975,920,Business,MONTHLY,05/18/2025,"Jun 28, 2025",342.68 USD,15%,Expired 
SUB-004976,1187,Starter, Monthly ,21 May 2025,,50.40,20%,ACTIVE
SUB-004977,1265,free, Annual,13 Aug 2025,,0.00 USD,20.0%,ACTIVE
SUB-004978,689,ENTERPRISE, Quarterly ,06/05/2025,18 May 2026,$855.52,0%, Expired
SUB-004979,787, Free ,Quarterly,30 Apr 2025,,0.00,20%, Active
SUB-004980,1159,STARTER,MONTHLY,12/04/2025,,$47,5%,ACTIVE
SUB-004981,1364,STARTER,Monthly ,2025-07-17,,53.33, 10% ,Active 
SUB-004982,560,Professional ,Monthly,06/18/2025,"Feb 12, 2026",$166.93, 20% , Expired
SUB-004983,956,STARTER,Monthly ,2025-11-19,,46.20,20%, Active
SUB-004984,34,Professional, Annual,2025-02-20,,147.02 USD,15.0%,active
SUB-004985,544, Enterprise,Annual,25-12-2025,,912.88, 10% ,Active 
SUB-004986,804,Business, Monthly ,"Jan 10, 2025",13 May 2025,327.46,0 %, Cancelled 
SUB-004987,864, Starter ,Annual ,16-08-2025,,USD 47.56,10%,Active
SUB-004988,827,starter,MONTHLY,14-03-2025,,$51, 15% ,Active
SUB-004989,289, Business , Monthly ,2025-08-05,18/05/2026,299.32,5%,CANCELLED
SUB-004990,367, Enterprise,Annual ,06-12-2025,,$817, 10% ,Active
SUB-004991,432,Professional, Annual ,02/07/2025,,147.33,20 %,active
SUB-004992,690,professional,Monthly ,2025-01-22,09-10-2025,$144.51, 5% ,Cancelled
SUB-004993,217,Starter ,Monthly ,09 Nov 2025,,$52, 10% ,Active
SUB-004994,1195, Enterprise, Quarterly ,21 Nov 2025,,874.61 USD,5%,active
SUB-004995,1409,Starter, Quarterly ,"Aug 06, 2025",,54.81 USD, 20% ,active
SUB-004996,223,enterprise,annual,01/05/2025,,$750,10.0%,Active
SUB-004997,135,STARTER, Monthly,"Apr 26, 2025",,USD 54.18,10 %, Active 
SUB-004998,1494, Business ,Monthly ,12 May 2025,11/03/2026,$288.15,20.0%,Expired
SUB-004999,776,professional, Quarterly ,28/04/2025,,$150, 10% ,ACTIVE
SUB-005000,1320,Free , Monthly,02 Nov 2025,"Mar 19, 2026",$0, 20% ,cancelled
SUB-005001,158, Free, Quarterly,10/20/2025,16/08/2026,0.00,10.0%,Expired
SUB-005002,13,Professional, Monthly,21 Feb 2025,,$141,15.0%,active
SUB-005003,1169,starter,Quarterly ,2025-01-29,,$46.06,15 %,Active 
SUB-005004,71,Enterprise , Quarterly,05/04/2025,26 Jul 2025,USD 813.58,20%, Paused
SUB-005005,1006, Starter, Annual,10/12/2025,,USD 53.44,0%, Active 
SUB-005006,685,Professional,quarterly,30-04-2025,,USD 171.25,0 %,Active
SUB-005007,844, Free ,Monthly ,"Aug 23, 2025",,0.00, 5% ,active
SUB-005008,1391,Free , Annual,"Nov 19, 2025","Jan 25, 2026",$0.00, 0% , Cancelled 
SUB-005009,353,Professional ,monthly,2025-09-17,,$161.96, 5% , Active 
SUB-005010,563,Professional , Monthly,25-10-2025,,USD 167.45,20%, Active
SUB-005011,842, Business ,Monthly,2025-10-02,,$274.80,0.0%,Active
SUB-005012,974,STARTER, Annual ,24-12-2025,,$55.49, 10% ,ACTIVE
SUB-005013,989,Starter , Monthly,04/08/2025,,$48.96,5 %, Active
SUB-005014,1017, Enterprise,annual,25-11-2025,22/11/2026,903.19,5%, Paused
SUB-005015,392, Starter ,ANNUAL,2025-04-23,,USD 45.03,0%,Active
SUB-005016,1241,Professional ,annual,25 Feb 2025,,160.74,20 %,Active
SUB-005017,447,Professional ,Monthly,01-01-2025,,161.50,10%,Active
SUB-005018,1209, Free ,Monthly ,18/12/2025,,$0,10 %,Active 
SUB-005019,738,PROFESSIONAL,quarterly,04/26/2025,,USD 162.74, 10% , Active
SUB-005020,1120, Enterprise , Annual ,2025-08-02,,$795.52,5.0%, Active
SUB-005021,478,Professional,Quarterly ,2025-12-16,09/16/2026,$154.86,10%, Paused 
SUB-005022,933,Professional ,annual,26-04-2025,,$147.75, 15% , Active 
SUB-005023,1463,starter,Quarterly,2025-07-01,2026-01-26,46.50 USD,15 %, Paused
SUB-005024,1145,PROFESSIONAL, Quarterly,2025-06-08,03/07/2026,$143,5%,expired
SUB-005025,764,Starter , Annual,"Feb 20, 2025",07/03/2025,46.82,10 %,CANCELLED
SUB-005026,20, Free,Annual ,06/20/2025,,$0,15.0%, Active
SUB-005027,328,PROFESSIONAL,Quarterly,28/03/2025,12/07/2025,$167.85,5%,expired
SUB-005028,332, Business,Annual,25 Oct 2025,,337.33,20%,Active
SUB-005029,98,STARTER, Annual ,07/05/2025,,USD 44.77,0%,Active
SUB-005030,1165, Starter ,Monthly,"Aug 15, 2025",30/07/2026,$45,10.0%,expired
SUB-005031,606, Professional , Monthly ,27-02-2025,,$143.23,15.0%,ACTIVE
SUB-005032,1276, Free , Quarterly,23 Oct 2025,"Apr 23, 2026",0.00,5 %, Expired
SUB-005033,293,Professional ,quarterly,2025-05-20,30 Jan 2026,137.63,15.0%,Cancelled
SUB-005034,995, Business,Monthly ,2025-02-07,,USD 298.14,5%, Active
SUB-005035,1051,professional,QUARTERLY,05/29/2025,,USD 155.99,15 %, Active
SUB-005036,391,Professional,Quarterly,2025-09-20,26/01/2026,155.64, 15% , Expired 
SUB-005037,1254, Starter,ANNUAL,07/15/2025,,50.76 USD,10%,active
SUB-005038,336, Enterprise,Monthly ,11/07/2025,21/11/2025,786.75 USD,0.0%,Paused 
SUB-005039,1456,FREE, Quarterly,09 Aug 2025,,USD 0.00,20 %,ACTIVE
SUB-005040,69,Professional , Quarterly,"Sep 28, 2025","Dec 22, 2025",$165,0 %,Paused
SUB-005041,1000,ENTERPRISE, Monthly ,04/10/2025,14-12-2025,788.27,20%,Cancelled
SUB-005042,736, Business, Monthly ,10 Sep 2025,,275.49 USD,,Active
SUB-005043,490,starter,quarterly,30/01/2025,06-07-2025,47.73 USD,15%, Expired 
SUB-005044,1458,Business,Annual,22/08/2025,,$279.37,0 %,active
SUB-005045,862,Professional , Annual,"Dec 27, 2025",,151.51,0 %,Active 
SUB-005046,138,Professional, Quarterly,"Jul 14, 2025",,139.91 USD,10 %, Active 
SUB-005047,1413,professional,Quarterly,22/01/2025,,151.34,5%, Active 
SUB-005048,1488, Enterprise, Monthly ,2025-07-01,,$763,20 %,active
SUB-005049,940,Starter ,Quarterly ,01/09/2025,,$53, 10% ,active
SUB-005050,884,Professional,QUARTERLY,02/17/2025,"Aug 09, 2025",135.13,20%,expired
SUB-005051,36,professional, Monthly,2025-07-13,,$154.76, 15% ,ACTIVE
SUB-005052,1267,Professional , Annual ,"Aug 22, 2025",,USD 140.41,10.0%, Active
SUB-005053,1137,business,annual,16 Mar 2025,"Dec 30, 2025",USD 269.17,20%,Cancelled 
SUB-005054,1007, Business,ANNUAL,24/10/2025,,$334.07, 20% ,Active
SUB-005055,166,Enterprise , Monthly ,2025-12-29,31 Jan 2026,853.24 USD,0.0%, Expired
SUB-005056,998,Starter , Annual ,29/06/2025,,45.31,20 %, Active 
SUB-005057,1284,professional, Monthly,22 Mar 2025,,158.84,10 %, Active
SUB-005058,434, Free, Quarterly ,"Mar 10, 2025",18 Jun 2025,0.00,10.0%,EXPIRED
SUB-005059,77, Enterprise , Quarterly,07-02-2025,20-05-2025,813.65,15 %,Cancelled 
SUB-005060,1462, Business,QUARTERLY,2025-09-25,,300.44 USD,10%, Active 
SUB-005061,48,professional,Quarterly ,01/23/2025,11/02/2025,$167.14,20.0%, Cancelled 
SUB-005062,727, Business ,MONTHLY,"Nov 04, 2025",,$287.42,0 %,Active 
SUB-005063,147, Free ,QUARTERLY,17 Nov 2025,,$0.00,20.0%, Active 
SUB-005064,818, Business,ANNUAL,2025-03-17,,293.70, 5% ,active
SUB-005065,316, Enterprise,Annual ,08/03/2025,,873.15,5.0%,ACTIVE
SUB-005066,114,PROFESSIONAL,Annual ,22 Sep 2025,,168.24,,Active 
SUB-005067,990, Business, Monthly ,2025-03-15,,$332.62, 0% , Active
SUB-005068,627,Free,MONTHLY,"Jul 31, 2025",,0.00,10 %,Active 
SUB-005069,652, Professional ,QUARTERLY,2025-01-12,,170.86, 15% ,Active
SUB-005070,930, Starter ,quarterly,"May 13, 2025",,52.64 USD,15%,ACTIVE
SUB-005071,1137, Business ,Annual,07/21/2025,,325.24 USD,10 %,ACTIVE
SUB-005072,596,Business, Monthly ,30/10/2025,24 Dec 2025,342.56 USD,15.0%, Paused
SUB-005073,1396,Enterprise ,quarterly,31-12-2025,,720.50,20.0%,ACTIVE
SUB-005074,470,BUSINESS,Annual ,19 Feb 2025,23 Apr 2025,$316.50,20 %,EXPIRED
SUB-005075,1493,Professional ,annual,15 Jul 2025,,$161.63,15%,Active 
SUB-005076,456, Business,QUARTERLY,2025-10-03,,337.71 USD,10.0%, Active 
SUB-005077,1041, Professional,Quarterly,"Jan 07, 2025",13-07-2025,$167, 10% , Cancelled 
SUB-005078,131,Starter,Annual ,27-01-2025,,54.41 USD,20.0%,ACTIVE
SUB-005079,1491, Business,Annual,"Sep 04, 2025",,339.80 USD,5%,Active 
SUB-005080,171,BUSINESS,annual,02/02/2025,,309.27 USD,20.0%, Active 
SUB-005081,591, Starter ,Quarterly,01-08-2025,,$44, 5% , Active
SUB-005082,845,Business ,Monthly ,11/11/2025,,269.93,5%,Active
SUB-005083,158,Business,annual,09-03-2025,,$309.81, 10% ,ACTIVE
SUB-005084,521, Business ,QUARTERLY,2025-12-20,,$301.64, 0% ,ACTIVE
SUB-005085,280,Business ,Annual ,2025-08-30,,$303,15%, Active 
SUB-005086,1398,Starter,ANNUAL,22 Dec 2025,,$49.00, 15% ,ACTIVE
SUB-005087,788,Starter,Monthly,14/04/2025,,55.34 USD,20.0%,Active
SUB-005088,621,Starter ,Annual,27/07/2025,"Mar 30, 2026",48.50, 15% ,PAUSED
SUB-005089,1116,STARTER,annual,27-12-2025,09/11/2026,54.59,20%,Expired
SUB-005090,710,professional,Annual ,25 Dec 2025,,$167.73,5%, Active 
SUB-005091,191, Professional ,annual,"Nov 01, 2025",11 Oct 2026,152.71,5 %,Paused
SUB-005092,399,professional, Quarterly,02/22/2025,,USD 150.75,0.0%,Active
SUB-005093,308,Enterprise,Annual,03 Aug 2025,18 Mar 2026,871.11,20 %, Paused 
SUB-005094,672, Professional,monthly,05 Jul 2025,,160.47 USD, 10% , Active
SUB-005095,853,STARTER, Quarterly,"Dec 27, 2025",,48.12,10%,Active 
SUB-005096,689,STARTER,Annual ,"Oct 09, 2025",2026-09-04,45.36,0 %,Paused
SUB-005097,441, Business ,Quarterly,2025-07-27,16/02/2026,$288.90, 5% ,cancelled
SUB-005098,52,PROFESSIONAL, Monthly,03-05-2025,,138.98,5 %, Active 
SUB-005099,1279, Business ,Annual,01-12-2025,,291.13,15%,Active
SUB-005100,1041, Free ,annual,"Dec 05, 2025","Sep 01, 2026",USD 0.00,0 %, Paused
SUB-005101,351, Starter , Annual,2025-06-23,,51.91 USD, 10% ,active
SUB-005102,580,Business,monthly,13 Aug 2025,07 Oct 2025,340.45,0 %, Expired 
SUB-005103,84,STARTER,annual,27 Apr 2025,26-03-2026,52.50,10 %,CANCELLED
SUB-005104,121,Professional , Quarterly ,13/10/2025,"Aug 27, 2026",168.62,5.0%, Paused
SUB-005105,1193,PROFESSIONAL,monthly,05/09/2025,10-07-2025,163.31,0%, Paused 
SUB-005106,818, Professional ,monthly,2025-08-09,12/25/2025,161.21,10%, Paused 
SUB-005107,828, Professional,Quarterly ,21/02/2025,,149.52,5.0%,ACTIVE
SUB-005108,833,Business , Monthly ,16/11/2025,,USD 293.38,0.0%,ACTIVE
SUB-005109,149, Free, Quarterly,02/03/2025,,$0.00,5 %,ACTIVE
SUB-005110,322, Business ,monthly,25-06-2025,,USD 336.78,20.0%, Active
SUB-005111,15,Professional ,QUARTERLY,01/21/2025,,$150.93,20.0%,Active
SUB-005112,49,Business , Annual,19/10/2025,,269.78, 20% ,Active
SUB-005113,289,STARTER,ANNUAL,30/08/2025,17-05-2026,USD 53.81,15 %,Expired
SUB-005114,1245,Professional ,MONTHLY,2025-03-11,,144.72,5%,active
SUB-005115,225, Starter ,annual,"Feb 11, 2025",,$44.22, 5% ,ACTIVE
SUB-005116,565,FREE, Monthly,09/02/2025,26/03/2026,0.00 USD, 0% ,CANCELLED
SUB-005117,1164,starter, Monthly ,2025-09-13,,50.44,,ACTIVE
SUB-005118,161,Professional , Quarterly ,12 Dec 2025,,159.62,5.0%,active
SUB-005119,1306,professional,Quarterly ,15 Jun 2025,,$168.17,0 %, Active
SUB-005120,118,Business ,Annual ,07/01/2025,29 Nov 2025,309.55,0 %,Expired
SUB-005121,136, Professional , Monthly,07/08/2025,12/20/2025,$152.84,20%,Cancelled
SUB-005122,651,starter,monthly,25 Nov 2025,,47.66, 5% ,Active 
SUB-005123,381, Starter , Quarterly ,26 Mar 2025,,47.84,10%,active
SUB-005124,1032,Professional ,Monthly ,06/05/2025,,163.77 USD,10.0%,active
SUB-005125,654,starter, Quarterly ,01-09-2025,,49.60,5%, Active
SUB-005126,590,PROFESSIONAL, Monthly ,26 Jun 2025,,140.19,10.0%, Active
SUB-005127,82,Starter ,Monthly ,09/15/2025,"Apr 12, 2026",$45,10%, Paused 
SUB-005128,1303, Professional ,MONTHLY,04/23/2025,13 Jan 2026,$152, 15% ,Paused 
SUB-005129,685,starter,Annual,"Feb 23, 2025",,49.80 USD,0.0%, Active 
SUB-005130,168, Business,monthly,08/07/2025,,$317.95,15 %,active
SUB-005131,1391, Free ,monthly,17/03/2025,2026-01-05,0.00 USD,20 %,CANCELLED
SUB-005132,290,Professional ,Monthly ,"Jan 01, 2025",25 Jun 2025,USD 139.44,15 %,Paused
SUB-005133,20,Professional ,Annual,2025-05-30,,$153,5 %, Active
SUB-005134,841,Starter ,annual,09-02-2025,,55.21 USD,5.0%,active
SUB-005135,494,Enterprise ,MONTHLY,07/17/2025,,$751, 15% , Active
SUB-005136,737,Professional ,Annual ,"Mar 15, 2025",,159.79,10%, Active
SUB-005137,435, Starter , Quarterly ,"Nov 04, 2025",,USD 51.37,5%, Active
SUB-005138,977,starter,Annual,"Mar 07, 2025",,$53,5 %, Active
SUB-005139,300,Professional,monthly,2025-06-24,2025-07-29,$140,,Cancelled
SUB-005140,975, Professional,annual,20 Sep 2025,,169.17, 5% ,Active 
SUB-005141,1264,Starter , Monthly,"Sep 11, 2025",,USD 51.71,10 %,active
SUB-005142,560, Free , Quarterly,30-04-2025,,0.00,15%, Active 
SUB-005143,386, Business,annual,"Apr 08, 2025",,$287.53,15.0%, Active
SUB-005144,908, Business , Annual,22 Oct 2025,03/29/2026,$324.37,20%,paused
SUB-005145,396,enterprise, Quarterly ,"Sep 27, 2025",,875.11,5 %,Active
SUB-005146,1111,Starter ,MONTHLY,11 Aug 2025,,48.97 USD,5 %,ACTIVE
SUB-005147,633,FREE,ANNUAL,"Aug 31, 2025",20 Aug 2026,$0, 15% ,Cancelled
SUB-005148,1027,Professional ,Quarterly ,"Sep 21, 2025",25 Jul 2026,USD 158.60,0%,Cancelled 
SUB-005149,396, Starter ,Quarterly ,2025-11-03,,45.24, 10% ,ACTIVE
SUB-005150,266, Business ,annual,04/28/2025,,324.09,0.0%,ACTIVE
SUB-005151,58,enterprise, Monthly ,27-01-2025,,727.67,15%, Active 
SUB-005152,358,professional,annual,2025-08-31,,USD 141.20, 5% ,Active 
SUB-005153,429,professional,Monthly ,01/21/2025,,$159,20 %, Active
SUB-005154,556, Starter ,Annual ,"Jul 16, 2025",,$45,20.0%,active
SUB-005155,804, Starter ,ANNUAL,2025-12-18,,56.01,15%, Active 
SUB-005156,1210,Starter ,Quarterly,03 Feb 2025,,USD 54.74,20 %, Active 
SUB-005157,1280,Professional ,Quarterly,02/06/2025,20/04/2025,$157,5 %, Expired
SUB-005158,411, Business , Quarterly,10 May 2025,,330.32 USD,20 %,ACTIVE
SUB-005159,797,business, Monthly,22-08-2025,,$335, 0% ,Active 
SUB-005160,251,Professional ,quarterly,13/06/2025,"Apr 21, 2026",$143.77,20 %, Paused 
SUB-005161,297,Professional ,QUARTERLY,16-11-2025,,165.74 USD,0.0%,active
SUB-005162,423,professional,Annual ,2025-05-02,,$141.36,15.0%, Active
SUB-005163,288, Enterprise , Annual ,"Jun 07, 2025",,USD 801.67, 0% ,Active
SUB-005164,1486,PROFESSIONAL,QUARTERLY,02/14/2025,,154.90 USD,15%, Active 
SUB-005165,17, Starter, Annual ,2025-03-28,,$53,10.0%,Active 
SUB-005166,1397,starter,Annual,21-03-2025,,$44,0.0%, Active 
SUB-005167,1018,FREE, Annual ,29-07-2025,2026-07-04,0.00 USD, 5% , Cancelled 
SUB-005168,1001,professional,Annual,06 Dec 2025,11-04-2026,$156.77,5.0%,Cancelled
SUB-005169,1105,business, Annual ,2025-04-05,2025-11-27,295.81,10%,cancelled
SUB-005170,1489,Free,monthly,26-01-2025,19-07-2025,$0.00,0 %, Paused
SUB-005171,1118,enterprise,monthly,20/12/2025,05/26/2026,849.27, 20% ,paused
SUB-005172,1355, Starter , Annual,"Apr 16, 2025",2026-01-15,46.97,0.0%,Cancelled
SUB-005173,1493,STARTER, Monthly,2025-09-01,,45.89,15 %,active
SUB-005174,139,Professional, Monthly ,29/07/2025,,$157.53, 10% ,active
SUB-005175,169,Enterprise,Quarterly,30 Nov 2025,,809.08, 10% ,ACTIVE
SUB-005176,692,ENTERPRISE,Monthly,04 Jan 2025,,752.85 USD, 20% ,ACTIVE
SUB-005177,736,STARTER,monthly,02-11-2025,,$48.10,15.0%,active
SUB-005178,1048,professional,annual,23 Sep 2025,08/09/2026,USD 145.39,5 %, Expired
SUB-005179,901,business,ANNUAL,10/10/2025,,277.18,10%, Active
SUB-005180,123, Starter ,annual,2025-06-12,,50.80, 0% ,ACTIVE
SUB-005181,276,Starter , Annual,2025-11-13,,53.45 USD,,Active
SUB-005182,828,Free, Annual ,25/09/2025,2025-11-29,USD 0.00,10.0%, Paused
SUB-005183,252, Free ,Annual,2025-12-24,,USD 0.00,15.0%, Active 
SUB-005184,1171, Business ,Quarterly ,30-08-2025,,278.64,15%,active
SUB-005185,583, Professional ,Monthly ,23/02/2025,,USD 150.33, 5% ,Active 
SUB-005186,483,PROFESSIONAL, Quarterly,06/09/2025,,156.80,20%, Active
SUB-005187,907, Starter , Quarterly,07/29/2025,,52.38 USD,20.0%,active
SUB-005188,1461,Starter , Quarterly ,2025-10-28,,52.62,0 %,Active
SUB-005189,1202,professional,ANNUAL,27/11/2025,,$161.25,15.0%, Active
SUB-005190,323,Free,QUARTERLY,20/09/2025,,$0.00,0 %,active
SUB-005191,1106, Starter,monthly,04 Dec 2025,,45.25 USD,20.0%,ACTIVE
SUB-005192,978,Free ,Annual ,25 Mar 2025,,USD 0.00,20 %, Active
SUB-005193,480,professional,Monthly ,2025-02-22,"Nov 07, 2025",$161, 20% , Cancelled 
SUB-005194,1094,Starter,Quarterly ,2025-05-04,28 Sep 2025,$56,, Cancelled 
SUB-005195,918, Business , Quarterly,21 Jul 2025,,320.93, 20% , Active 
SUB-005196,1127, Business , Quarterly ,01 Feb 2025,,320.44,10.0%, Active 
SUB-005197,273,ENTERPRISE, Annual,10-09-2025,,USD 821.93,10.0%,Active
SUB-005198,97,Business , Annual ,"Apr 30, 2025",,$333.98,20 %,ACTIVE
SUB-005199,452,Starter,Annual ,06-05-2025,21-06-2025,56.31,5 %, Expired 
SUB-005200,163,Starter,ANNUAL,18/05/2025,26 Jul 2025,$53.64,10%,paused
SUB-005201,1439, Professional,monthly,2025-08-16,,156.92,15.0%, Active
SUB-005202,257, Starter, Quarterly,08/21/2025,07/14/2026,$45.07,20 %,Paused
SUB-005203,885, Starter, Annual ,03/21/2025,27 Jun 2025,53.00, 10% , Expired 
SUB-005204,1296,Professional,Quarterly,16/08/2025,,$160.49,20%,ACTIVE
SUB-005205,859,Business, Annual ,12 Jun 2025,,327.07,5%, Active
SUB-005206,1474,starter, Annual ,01-11-2025,,$45.63,15 %, Active 
SUB-005207,741,PROFESSIONAL,monthly,27/04/2025,,$158, 5% ,ACTIVE
SUB-005208,1135,Enterprise,Monthly,07 May 2025,03-04-2026,$778.17,20%, Cancelled
SUB-005209,413, Professional,Monthly ,"Dec 19, 2025",24/10/2026,$162,0.0%,Expired 
SUB-005210,1404, Business ,ANNUAL,25-06-2025,13 Dec 2025,USD 287.07,5%,cancelled
SUB-005211,1145,STARTER,Monthly ,"Sep 17, 2025",,52.48,0%,ACTIVE
SUB-005212,1257,Business , Monthly ,18-10-2025,,291.15 USD,0.0%,active
SUB-005213,394,starter,annual,18/06/2025,,44.21, 15% ,Active
SUB-005214,1383, Professional ,Annual ,"Oct 18, 2025",27/08/2026,157.69 USD,5.0%,cancelled
SUB-005215,913, Professional ,Quarterly ,2025-04-15,10/29/2025,$138,5.0%,Cancelled 
SUB-005216,1289,Business , Annual ,"Sep 29, 2025",,$318.38, 10% ,Active 
SUB-005217,1099, Free, Annual,06/21/2025,,0.00, 10% ,active
SUB-005218,375,PROFESSIONAL, Monthly,2025-01-20,,170.20,15 %,Active
SUB-005219,602, Business ,Annual ,"Nov 17, 2025",,$286.74,10.0%,Active 
SUB-005220,598, Enterprise , Quarterly ,15-08-2025,,880.75,5.0%,Active 
SUB-005221,39,enterprise, Quarterly,21-01-2025,,$789.72, 0% ,Active 
SUB-005222,223,Professional,MONTHLY,10-09-2025,,$168,15 %,active
SUB-005223,205,free, Monthly,30/03/2025,,0.00 USD, 0% ,ACTIVE
SUB-005224,996,professional,monthly,2025-10-16,,$136.85,5.0%, Active 
SUB-005225,1039, Professional, Annual,2025-11-25,05-10-2026,$149.27, 0% ,Paused
SUB-005226,1416,Business, Quarterly,"Sep 11, 2025",,294.31, 10% ,ACTIVE
SUB-005227,1430, Business ,Annual,19 Jul 2025,,$327.79, 20% ,active
SUB-005228,1495,BUSINESS,Monthly ,06/07/2025,,USD 299.77,15.0%,Active
SUB-005229,1408,PROFESSIONAL,MONTHLY,30-08-2025,01/25/2026,$159.60,20.0%,Cancelled 
SUB-005230,1365,FREE, Quarterly ,12/08/2025,,0.00 USD,15.0%,Active 
SUB-005231,769, Starter,Annual ,2025-10-21,,USD 56.05,0.0%, Active
SUB-005232,202, Starter ,monthly,20-08-2025,,55.59 USD,5 %,Active
SUB-005233,959,starter,ANNUAL,"Feb 02, 2025",,$49.34,20 %,Active 
SUB-005234,195,Free,quarterly,03/20/2025,,0.00,10.0%,ACTIVE
SUB-005235,637,Starter , Monthly,2025-12-27,09/25/2026,54.26, 10% ,Expired
SUB-005236,124,STARTER,annual,2025-10-19,,55.11,20.0%,active
SUB-005237,994,BUSINESS, Annual,02/13/2025,,274.19,15%, Active
SUB-005238,757,Business, Monthly,"Jan 05, 2025",,USD 291.68,0 %,ACTIVE
SUB-005239,1335, Starter ,MONTHLY,26/01/2025,,48.02 USD, 0% , Active
SUB-005240,20,Starter,Annual,01/06/2025,,49.42,10 %,active
SUB-005241,606,Starter,Annual ,11/12/2025,,USD 46.17,0 %,ACTIVE
SUB-005242,297,FREE,ANNUAL,26 Apr 2025,,0.00, 20% ,active
SUB-005243,203,Free , Annual,01-03-2025,13 Apr 2025,0.00,5.0%, Cancelled 
SUB-005244,736, Professional,annual,2025-12-26,"Oct 18, 2026",USD 152.63,15.0%, Paused
SUB-005245,1186,professional,Annual ,04/09/2025,,$159,5%, Active
SUB-005246,544,STARTER,Annual,2025-11-16,,44.91,15 %,ACTIVE
SUB-005247,569, Professional, Quarterly ,17 Jan 2025,,$167,0%,ACTIVE
SUB-005248,938,Starter ,Quarterly,2025-06-09,07/02/2026,$55.60,20%,cancelled
SUB-005249,1160, Free ,Annual,30 Nov 2025,08/22/2026,0.00,,PAUSED
SUB-005250,1275,Starter ,QUARTERLY,2025-01-20,,54.90 USD,20 %,active
SUB-005251,139,Enterprise ,Annual,"Apr 15, 2025",,USD 745.36, 0% ,Active 
SUB-005252,272,professional,Quarterly,"Jan 09, 2025",10-09-2025,163.80 USD, 10% ,cancelled
SUB-005253,285,starter,Quarterly ,20 Jul 2025,,45.56,10 %,Active 
SUB-005254,293,PROFESSIONAL, Monthly,05/05/2025,,149.30 USD,10.0%, Active 
SUB-005255,1243,Professional ,quarterly,08/18/2025,,$146.16,5 %,ACTIVE
SUB-005256,1423, Enterprise ,MONTHLY,04/07/2025,03/01/2026,836.07 USD,0 %,Cancelled 
SUB-005257,271,Professional,monthly,06/04/2025,09 Aug 2025,USD 145.33,5 %, Expired 
SUB-005258,17,Professional ,Monthly ,"Nov 21, 2025",15 Sep 2026,157.84,5%, Expired 
SUB-005259,371,enterprise,Annual,11-08-2025,,$792.49,10%,Active 
SUB-005260,589, Starter , Monthly ,17-07-2025,04/15/2026,54.64 USD,15.0%,cancelled
SUB-005261,1126, Professional, Annual ,11/24/2025,,157.71 USD,5%, Active
SUB-005262,1120,Starter , Annual ,30 Aug 2025,,$46.74, 5% , Active 
SUB-005263,1426,starter, Annual ,15/02/2025,,$48,10%, Active 
SUB-005264,1097,Professional ,Monthly ,2025-10-25,21-12-2025,165.67, 20% ,PAUSED
SUB-005265,1438,Starter,Quarterly,06/13/2025,,$48.83,15%,active
SUB-005266,411,Starter,Quarterly,23-03-2025,,$51,10.0%, Active
SUB-005267,966, Professional ,monthly,10 Oct 2025,,USD 158.27,0 %, Active 
SUB-005268,529, Professional,Monthly ,"Aug 10, 2025","Oct 17, 2025",147.06,15.0%,Cancelled 
SUB-005269,1333,Starter ,ANNUAL,01/16/2025,,47.70,0%,ACTIVE
SUB-005270,994,business,Quarterly ,2025-09-22,,USD 304.63,0 %,Active
SUB-005271,991, Business,Quarterly ,29/05/2025,,285.16 USD,,Active 
SUB-005272,758,Starter, Quarterly ,05/08/2025,,47.58,5 %,active
SUB-005273,1409,Free ,quarterly,2025-03-27,,$0, 15% ,Active 
SUB-005274,696, Starter,annual,11/30/2025,,47.82 USD, 20% , Active
SUB-005275,438,professional,ANNUAL,03/10/2025,,USD 146.05, 5% ,Active 
SUB-005276,118,professional, Monthly,11/05/2025,,169.93, 20% ,ACTIVE
SUB-005277,1149,STARTER, Quarterly ,"Feb 27, 2025","Sep 02, 2025",51.32,,Paused
SUB-005278,1220, Starter, Quarterly,09/09/2025,18 Jul 2026,53.75,5 %, Cancelled 
SUB-005279,1101,Enterprise,Quarterly,10-04-2025,,$728.16,15 %,Active 
SUB-005280,46,PROFESSIONAL, Quarterly,15/06/2025,18/02/2026,138.07 USD,5%,EXPIRED
SUB-005281,845, Professional,MONTHLY,24-01-2025,,$164,15 %, Active
SUB-005282,933,STARTER, Monthly ,12/20/2025,,51.74,5 %, Active 
SUB-005283,779, Business, Monthly ,23/07/2025,07-03-2026,$283,20 %,Cancelled
SUB-005284,373, Enterprise, Monthly,14-05-2025,20 Feb 2026,USD 799.96, 20% ,Paused
SUB-005285,518,PROFESSIONAL,Monthly,22 Jul 2025,"Nov 14, 2025",USD 154.17,20%,Cancelled
SUB-005286,711,professional, Quarterly,25 Jun 2025,"Jun 05, 2026",$165.52,5.0%, Paused
SUB-005287,295, Starter, Annual,"Jan 06, 2025",14/09/2025,44.84 USD,10.0%,Cancelled 
SUB-005288,696,Business , Monthly,19 Mar 2025,,313.70 USD,15 %,active
SUB-005289,1385,business, Quarterly ,"Feb 15, 2025",,322.70, 0% ,Active
SUB-005290,614,Business ,Monthly,09-01-2025,17-03-2025,342.20,0.0%, Expired
SUB-005291,1116, Starter, Annual,2025-05-01,,$53.99, 10% ,ACTIVE
SUB-005292,1089,BUSINESS,Annual,2025-12-08,"Sep 23, 2026",$289.75,5%,Cancelled
SUB-005293,731, Business, Monthly ,27-03-2025,,322.14,15 %, Active 
SUB-005294,208,professional,Quarterly ,15/07/2025,,162.53,5.0%,active
SUB-005295,252,Free,quarterly,2025-11-19,2026-07-11,0.00,15 %, Expired
SUB-005296,391,Professional,MONTHLY,05/01/2025,,$164.65,10.0%, Active
SUB-005297,757, Professional,annual,2025-10-02,,$168,5.0%,ACTIVE
SUB-005298,336,Enterprise , Monthly,03/21/2025,,738.76, 20% , Active 
SUB-005299,820,PROFESSIONAL, Annual ,"Jan 29, 2025",,138.00,15%,Active
SUB-005300,272,business,ANNUAL,2025-01-10,2025-02-25,328.63,15.0%,Paused 
SUB-005301,858,Free,MONTHLY,05/01/2025,,0.00,0.0%, Active
SUB-005302,1140,Free ,Annual ,17-06-2025,,0.00 USD, 0% ,Active
SUB-005303,1232,Enterprise ,MONTHLY,10/06/2025,,799.25, 0% , Active
SUB-005304,1271,free, Quarterly ,11 Sep 2025,,$0.00,5.0%,Active 
SUB-005305,661,Professional ,Annual ,04/10/2025,11/02/2026,138.81,10 %,expired
SUB-005306,1433, Starter,annual,2025-06-27,,$52,20.0%, Active
SUB-005307,1062, Professional, Annual ,"Nov 27, 2025",,134.23,20 %, Active 
SUB-005308,415,Professional ,Annual,10 Nov 2025,,$138, 20% , Active 
SUB-005309,1410, Professional,quarterly,12 Aug 2025,,USD 147.17, 0% ,Active 
SUB-005310,975,Professional,Quarterly,05/18/2025,2025-06-29,USD 137.21,20%,Paused 
SUB-005311,583,Business, Monthly ,2025-12-05,08/06/2026,332.33 USD,15%,CANCELLED
SUB-005312,1095,Starter ,Annual,15 Jun 2025,,$55,,ACTIVE
SUB-005313,275,professional, Monthly,18-08-2025,,$162.25,20 %, Active 
SUB-005314,1423,Professional ,Quarterly,16 Mar 2025,,143.13,0.0%, Active
SUB-005315,202,FREE, Annual,03 Oct 2025,2026-09-09,0.00,0.0%, Cancelled 
SUB-005316,371, Starter, Annual ,04/10/2025,,USD 46.36, 5% , Active 
SUB-005317,98,Free,annual,2025-09-02,,USD 0.00,0.0%, Active
SUB-005318,347, Starter , Quarterly ,04 May 2025,2025-11-01,$50,15.0%,Paused 
SUB-005319,1165,Starter,Quarterly ,05 May 2025,,53.10,10 %,active
SUB-005320,656, Starter, Annual,05/04/2025,,45.26,5.0%,Active 
SUB-005321,1490,Professional ,Annual,06-08-2025,12/28/2025,145.15 USD,15 %, Paused
SUB-005322,418,Starter ,Annual,2025-11-16,,55.45 USD,5.0%, Active 
SUB-005323,968,Free,ANNUAL,2025-07-29,,0.00,5.0%, Active 
SUB-005324,510,Professional ,Monthly,"Apr 30, 2025",,$169, 5% ,ACTIVE
SUB-005325,1294, Starter , Annual ,10/26/2025,05/01/2026,56.24 USD, 10% ,Paused 
SUB-005326,1178, Professional ,Quarterly,11/01/2025,01/10/2025,153.72 USD,15.0%, Paused
SUB-005327,1442,Business,monthly,10/24/2025,,290.63, 5% ,ACTIVE
SUB-005328,466,professional,Annual ,02/12/2025,,$164,5.0%,active
SUB-005329,1418,Starter,Annual,05/08/2025,,$46,20%,Active 
SUB-005330,632,PROFESSIONAL,ANNUAL,"Nov 10, 2025",,$143.49,15.0%, Active 
SUB-005331,107,Business, Quarterly ,27/08/2025,07/26/2026,327.77,, Paused
SUB-005332,1286,Business, Quarterly ,27-06-2025,,301.52,5 %,active
SUB-005333,846,Professional , Monthly ,05-06-2025,07-04-2026,141.61 USD,15 %,EXPIRED
SUB-005334,1312, Starter ,Quarterly,19-07-2025,,52.08 USD, 15% , Active 
SUB-005335,257,Starter, Monthly,"Sep 19, 2025",,$53,5.0%,active
SUB-005336,1476,professional, Annual ,10 Jul 2025,,$138.76, 10% , Active
SUB-005337,832, Professional,QUARTERLY,25-04-2025,12/13/2025,144.42 USD,5%,PAUSED
SUB-005338,498,Professional,MONTHLY,10 Apr 2025,,142.34,0%, Active 
SUB-005339,681,Starter,Monthly,"Feb 19, 2025","Sep 11, 2025",USD 48.75,20 %,expired
SUB-005340,810, Starter,QUARTERLY,15/03/2025,,$53.45, 15% ,Active 
SUB-005341,502, Enterprise, Annual ,20/06/2025,25/01/2026,$862,0 %,EXPIRED
SUB-005342,380,Starter ,Quarterly ,2025-05-25,,$52, 10% ,Active 
SUB-005343,1008,BUSINESS, Quarterly,16 Jun 2025,,269.57,20 %,active
SUB-005344,226, Business ,Monthly ,"Apr 15, 2025",,$280, 20% , Active 
SUB-005345,1096,Enterprise, Quarterly ,13-10-2025,16/04/2026,763.70,20.0%, Expired 
SUB-005346,1445,Professional, Annual ,10 Oct 2025,,$144,20.0%,active
SUB-005347,200,starter,Annual,2025-01-20,16 Aug 2025,45.89 USD,5%,CANCELLED
SUB-005348,332, Professional,Annual ,22/12/2025,,149.38,20.0%,ACTIVE
SUB-005349,773, Professional ,Monthly ,28 Oct 2025,,136.90,15%, Active
SUB-005350,145,Professional ,Monthly ,02 Mar 2025,22 Nov 2025,$162,0%, Cancelled
SUB-005351,1323,STARTER,quarterly,26/07/2025,,53.75 USD,15.0%,Active 
SUB-005352,589,Starter , Quarterly ,07/24/2025,,51.13, 15% , Active 
SUB-005353,939,BUSINESS,Annual ,02/12/2025,,USD 275.81, 0% , Active 
SUB-005354,1300,Free, Monthly ,17 Jul 2025,03 Feb 2026,$0,,Paused
SUB-005355,470, Starter,Annual,09/27/2025,,$56,15%,ACTIVE
SUB-005356,806,Business, Monthly,30-01-2025,"Oct 08, 2025",USD 284.23, 5% ,Paused
SUB-005357,863,BUSINESS,Quarterly,2025-01-30,,321.77, 15% ,ACTIVE
SUB-005358,711,Starter ,MONTHLY,15/09/2025,"Dec 25, 2025",$54,15%,Expired
SUB-005359,866,enterprise, Quarterly ,05/26/2025,"Feb 23, 2026",USD 826.93,20.0%,expired
SUB-005360,647,BUSINESS,Quarterly ,2025-09-11,,293.27 USD,20.0%, Active
SUB-005361,721,professional,monthly,"Apr 25, 2025",,$152,20%,Active 
SUB-005362,1001,STARTER, Annual,"May 10, 2025",,$50,15.0%,Active 
SUB-005363,1287,Business, Quarterly,28/11/2025,09/19/2026,299.05,15 %,CANCELLED
SUB-005364,1296, Free, Monthly,15 Jun 2025,19-10-2025,0.00 USD,15%,cancelled
SUB-005365,1405, Professional ,Monthly ,08/10/2025,,161.81,10 %, Active 
SUB-005366,376, Business,Monthly ,"Jun 09, 2025",,$287,15 %,ACTIVE
SUB-005367,138, Starter ,quarterly,28 Sep 2025,,51.27 USD,5 %,active
SUB-005368,1264, Professional,Quarterly,01/16/2025,04 Jul 2025,USD 159.75,10 %, Paused
SUB-005369,1349,Business ,ANNUAL,13 May 2025,"Nov 27, 2025",279.58,,PAUSED
SUB-005370,80,BUSINESS,Quarterly,21/08/2025,07-06-2026,295.89,0%,EXPIRED
SUB-005371,506,enterprise, Monthly,03-11-2025,,$900,5 %,active
SUB-005372,1425, Professional,QUARTERLY,08/21/2025,,USD 155.23,20.0%,active
SUB-005373,1347,Professional ,Quarterly ,13/11/2025,,USD 142.18, 10% ,ACTIVE
SUB-005374,1317,Starter,QUARTERLY,12/30/2025,10/20/2026,45.60,0%,Paused
SUB-005375,1450, Business ,Annual,28 Sep 2025,,307.84 USD,5 %, Active 
SUB-005376,265, Free,QUARTERLY,2025-07-29,,$0,5 %, Active
SUB-005377,301, Business ,Monthly ,"Aug 15, 2025",,294.10 USD,5 %,active
SUB-005378,252,FREE,ANNUAL,2025-07-27,22-11-2025,0.00, 15% ,Cancelled 
SUB-005379,1086,BUSINESS,monthly,01/08/2025,"Sep 05, 2025",$274.23,5.0%, Expired
SUB-005380,994, Starter , Quarterly,"Aug 26, 2025",,$46, 5% ,active
SUB-005381,980, Professional,ANNUAL,"Aug 29, 2025",,$154.45, 5% ,Active
SUB-005382,1421, Professional ,MONTHLY,19/06/2025,,$136.40,20 %,ACTIVE
SUB-005383,904, Free,ANNUAL,21/11/2025,,USD 0.00, 20% ,Active
SUB-005384,990,PROFESSIONAL, Annual,"Apr 21, 2025",,$139,10.0%,active
SUB-005385,284,Business,Annual,"Feb 03, 2025",,319.48 USD,15.0%,Active 
SUB-005386,246, Professional , Monthly,20-04-2025,,148.67,20.0%,active
SUB-005387,787,PROFESSIONAL,ANNUAL,04/29/2025,,$149,20%, Active 
SUB-005388,1115, Professional ,annual,26/09/2025,,USD 162.59,20%, Active 
SUB-005389,1491, Free,QUARTERLY,13 Sep 2025,"Mar 05, 2026",USD 0.00,15.0%,cancelled
SUB-005390,730,Professional ,monthly,23/09/2025,,161.13,5%, Active
SUB-005391,1390,business,Annual,"Aug 30, 2025",,306.86,15.0%,Active 
SUB-005392,1036,starter,monthly,19-08-2025,"Aug 09, 2026",$51.36,0%, Expired 
SUB-005393,1361,starter, Quarterly ,2025-04-29,,$53.42, 5% ,ACTIVE
SUB-005394,770, Free ,monthly,"May 12, 2025",08 Sep 2025,USD 0.00,0 %, Cancelled 
SUB-005395,915, Starter , Annual ,"Oct 30, 2025",,51.64,0.0%, Active 
SUB-005396,851,ENTERPRISE, Annual ,"Jun 13, 2025",2026-04-11,876.75 USD,0%,cancelled
SUB-005397,1330, Starter , Quarterly ,20 Nov 2025,09 Feb 2026,$56,5%,Cancelled 
SUB-005398,842,Free , Quarterly ,11/10/2025,,USD 0.00,0.0%,ACTIVE
SUB-005399,1475, Professional,MONTHLY,07-01-2025,05/03/2025,155.60,20.0%,Cancelled 
SUB-005400,98, Starter,annual,23/06/2025,,USD 45.16, 10% ,ACTIVE
SUB-005401,591, Business,ANNUAL,04-07-2025,,$296,0%,ACTIVE
SUB-005402,535,Professional, Annual,24 Sep 2025,12-01-2026,149.45 USD,10 %,paused
SUB-005403,306, Professional,Monthly,"Dec 13, 2025",,165.21, 15% , Active
SUB-005404,153,Professional, Monthly ,13-03-2025,,153.22,5 %, Active
SUB-005405,1339, Starter , Monthly ,01/07/2025,,53.06,20 %, Active
SUB-005406,1200, Professional,Annual,07-07-2025,,$134.81,20.0%,ACTIVE
SUB-005407,110, Professional ,quarterly,2025-12-10,,USD 151.40, 10% , Active
SUB-005408,357,starter, Quarterly ,"Aug 21, 2025",,$55,0%, Active 
SUB-005409,596, Professional ,MONTHLY,22 Aug 2025,,$142,10.0%, Active
SUB-005410,123,PROFESSIONAL,Annual,19-01-2025,08 Oct 2025,$135,0 %,EXPIRED
SUB-005411,297, Starter, Monthly,22-08-2025,,49.41,15%,Active 
SUB-005412,1185,enterprise, Monthly ,28 Dec 2025,,859.81, 15% ,active
SUB-005413,870,Business ,Monthly,19/04/2025,,303.07, 20% ,Active 
SUB-005414,1480, Professional,Quarterly ,2025-03-25,,USD 151.23, 20% , Active 
SUB-005415,235,Business ,Quarterly,14/07/2025,,319.17,5 %,Active
SUB-005416,1218,Starter, Monthly ,13-10-2025,,47.22,15%,Active 
SUB-005417,254,Starter ,Quarterly,27/01/2025,,$53,20.0%, Active
SUB-005418,410,Business , Monthly,"Sep 23, 2025",,$281,5%,Active
SUB-005419,436, Business, Quarterly,19/03/2025,"Feb 01, 2026",USD 298.68,0 %, Cancelled
SUB-005420,989, Starter, Annual,2025-08-09,,52.14 USD,15.0%, Active
SUB-005421,618,professional,Annual ,13-02-2025,,USD 164.96,,Active
SUB-005422,703, Business,Monthly,2025-10-09,02/24/2026,328.27,5 %,Paused
SUB-005423,718, Free ,annual,04-10-2025,2026-08-14,0.00 USD,20.0%, Cancelled 
SUB-005424,348,Starter,ANNUAL,10/11/2025,,48.50, 15% ,ACTIVE
SUB-005425,757,PROFESSIONAL,Quarterly,"Aug 12, 2025",2026-06-29,$139,5.0%, Cancelled
SUB-005426,680, Enterprise, Quarterly,12/29/2025,,$762, 5% , Active
SUB-005427,1237,Starter ,monthly,08/26/2025,06 Nov 2025,54.69,0 %,CANCELLED
SUB-005428,1254, Starter,Annual,19 Nov 2025,,$54.60,5.0%,ACTIVE
SUB-005429,243, Business,MONTHLY,2025-10-10,,$340,0%, Active
SUB-005430,102,STARTER,annual,08/13/2025,,45.03 USD,5%, Active
SUB-005431,1189,BUSINESS,QUARTERLY,05/04/2025,13/10/2025,USD 309.23,20 %,expired
SUB-005432,571,Starter , Quarterly,27 Jun 2025,13 Jun 2026,$52,20.0%, Cancelled 
SUB-005433,70,free, Annual,"Mar 17, 2025",10/07/2025,0.00,20 %,Paused 
SUB-005434,841,Enterprise,Quarterly,05-01-2025,,847.71, 0% ,Active 
SUB-005435,817,PROFESSIONAL,MONTHLY,06/27/2025,"Nov 25, 2025",$162.78,0%, Paused 
SUB-005436,1404,PROFESSIONAL, Monthly,01 Aug 2025,,147.49,0 %, Active 
SUB-005437,381,PROFESSIONAL, Monthly ,12 Aug 2025,,140.78 USD,20%,Active
SUB-005438,871, Enterprise,Annual ,08/11/2025,,759.97 USD,5 %,Active 
SUB-005439,1438, Enterprise,monthly,2025-11-05,"Aug 31, 2026",$721.49,15 %,cancelled
SUB-005440,1372,Free, Annual,"Nov 11, 2025",2026-05-29,$0.00, 15% , Expired
SUB-005441,378,Starter,Monthly ,19/06/2025,,45.22,0 %,Active
SUB-005442,993,ENTERPRISE, Monthly ,01/06/2025,,$783.32,10%, Active 
SUB-005443,1114, Professional ,ANNUAL,24/10/2025,,$158, 0% ,active
SUB-005444,461, Starter ,quarterly,12/06/2025,,$55,5.0%, Active 
SUB-005445,432,starter,MONTHLY,"Mar 30, 2025",02 May 2025,USD 54.39,5.0%,cancelled
SUB-005446,1418,free, Quarterly,19-11-2025,,USD 0.00,5%,ACTIVE
SUB-005447,1330, Professional ,quarterly,2025-12-02,,$139,15%,Active
SUB-005448,63, Business, Quarterly,24-11-2025,05-10-2026,$284, 0% ,CANCELLED
SUB-005449,423, Enterprise ,monthly,05/29/2025,,USD 913.05,5 %,Active 
SUB-005450,609,starter,monthly,05 Feb 2025,30-03-2025,$50.83,20.0%, Cancelled
SUB-005451,436,Professional,quarterly,13/01/2025,,USD 140.90, 10% ,Active
SUB-005452,231,PROFESSIONAL, Annual ,05-12-2025,31 May 2026,165.42 USD,20 %,cancelled
SUB-005453,720, Business,Monthly,07/01/2025,,298.64,5.0%,active
SUB-005454,263,professional, Annual ,"Nov 08, 2025",,167.60,15%,active
SUB-005455,378,PROFESSIONAL,Annual,2025-01-08,,$143.81,15.0%,Active 
SUB-005456,486, Professional,ANNUAL,16-05-2025,05-04-2026,$149, 20% , Paused 
SUB-005457,778, Starter ,Annual,01-07-2025,,$50.29,20.0%,Active
SUB-005458,456,starter, Annual ,16/03/2025,2025-09-14,55.03 USD, 10% , Cancelled 
SUB-005459,418,Starter, Monthly ,2025-05-05,06/23/2025,USD 54.74,5.0%,Expired 
SUB-005460,678, Professional ,Monthly,"Jan 15, 2025",05/26/2025,$155,20 %, Cancelled 
SUB-005461,375,Free, Monthly ,20/08/2025,,0.00, 0% , Active
SUB-005462,1217,starter, Annual ,2025-08-10,,49.04,5.0%,Active 
SUB-005463,983,starter,MONTHLY,"Sep 10, 2025",07-04-2026,56.05 USD,0 %, Expired
SUB-005464,484,free, Annual ,28/10/2025,06/10/2026,0.00 USD,15 %, Paused 
SUB-005465,501,Professional ,Quarterly,06/09/2025,"Jul 14, 2026",$163.20, 10% ,paused
SUB-005466,17,Starter,QUARTERLY,05/07/2025,2026-01-09,49.61,20%,Cancelled
SUB-005467,481,Professional ,ANNUAL,30/08/2025,20 Dec 2025,153.92 USD,10 %,Cancelled
SUB-005468,1054,Enterprise,Quarterly ,06 Apr 2025,,USD 804.78, 10% , Active
SUB-005469,1379,Starter,monthly,2025-04-04,2025-07-19,52.71,10%, Cancelled
SUB-005470,547,Enterprise , Annual,07/04/2025,"Jan 30, 2026",889.18,10%,cancelled
SUB-005471,278,ENTERPRISE, Annual ,2025-08-26,,USD 820.45, 20% ,active
SUB-005472,475, Professional ,Quarterly,13-11-2025,,$152,5%, Active
SUB-005473,1131,free,quarterly,11/18/2025,,USD 0.00, 15% , Active
SUB-005474,377, Enterprise , Quarterly,06 Jul 2025,,754.48,10.0%,active
SUB-005475,693, Professional ,Monthly ,09/03/2025,,169.09,, Active
SUB-005476,88, Business,Annual,03-11-2025,,292.73 USD, 10% ,active
SUB-005477,823, Free, Annual ,14 Sep 2025,,$0.00,10 %, Active 
SUB-005478,1426,Professional,monthly,08 Nov 2025,"Jun 23, 2026",160.75,5%,Cancelled
SUB-005479,1487,ENTERPRISE,Quarterly ,2025-02-03,,877.09 USD,15.0%,active
SUB-005480,731,Professional,Annual,"Jul 23, 2025",,$169,20%,ACTIVE
SUB-005481,1076,STARTER,Annual,06 Nov 2025,,$51.74,10.0%,ACTIVE
SUB-005482,1468, Starter,Monthly ,2025-11-03,,55.10 USD,0.0%, Active 
SUB-005483,246, Professional ,Monthly,"Nov 16, 2025",,140.35,5 %, Active
SUB-005484,1060,BUSINESS, Monthly,04 Dec 2025,,315.95,15 %, Active 
SUB-005485,760,Professional , Annual,12 Oct 2025,,USD 162.87, 15% ,ACTIVE
SUB-005486,1208, Business ,monthly,02/11/2025,14 Nov 2025,$289,20%,Cancelled 
SUB-005487,1499, Professional,QUARTERLY,12-04-2025,,161.69 USD,20 %, Active
SUB-005488,1478,Starter,QUARTERLY,23 Sep 2025,,USD 53.64,15.0%, Active
SUB-005489,632, Free ,Annual ,20/07/2025,,USD 0.00,5%, Active
SUB-005490,630, Professional ,ANNUAL,2025-06-14,14 Oct 2025,145.75 USD,15.0%,CANCELLED
SUB-005491,704,PROFESSIONAL, Annual ,25 Feb 2025,2025-05-03,159.49,5.0%,Cancelled
SUB-005492,720,PROFESSIONAL,quarterly,05/11/2025,09/08/2025,$145,10.0%,PAUSED
SUB-005493,125,free,Annual,07/15/2025,2026-06-11,$0.00,20.0%,PAUSED
SUB-005494,1420, Business ,quarterly,31 Oct 2025,,$304,20.0%,ACTIVE
SUB-005495,1188, Starter,Annual,07-05-2025,,$51.42,5 %, Active
SUB-005496,1326, Business,MONTHLY,21/05/2025,,300.18 USD,15 %,Active 
SUB-005497,219,PROFESSIONAL,annual,24/01/2025,,140.13 USD, 5% ,Active
SUB-005498,942, Enterprise ,Quarterly,28-10-2025,2026-01-06,$754.66, 5% ,paused
SUB-005499,590,Starter,annual,21-07-2025,,$45.05,0 %,active
SUB-005500,78,Professional, Annual ,"May 28, 2025",02/09/2026,157.12 USD,5%,PAUSED
SUB-005501,349,Starter , Annual,13 Nov 2025,11/08/2026,54.50,0 %, Expired 
SUB-005502,186,PROFESSIONAL, Monthly ,05-08-2025,,USD 134.88, 15% , Active 
SUB-005503,37, Starter , Quarterly,12/07/2025,,$45, 0% ,active
SUB-005504,791,enterprise,Annual ,04 Dec 2025,2026-11-08,$810,10 %,Cancelled
SUB-005505,151,BUSINESS,monthly,2025-12-29,,324.24 USD,10.0%,Active
SUB-005506,189,PROFESSIONAL,ANNUAL,08-09-2025,"Mar 03, 2026",139.97 USD,15%,CANCELLED
SUB-005507,1186, Professional ,annual,15/02/2025,,144.22,0%, Active
SUB-005508,146, Enterprise, Quarterly,2025-01-01,,765.44, 15% ,ACTIVE
SUB-005509,13, Professional, Monthly ,26 Dec 2025,2026-09-07,148.96,15%, Cancelled
SUB-005510,1200,business,Quarterly ,12-01-2025,,285.92 USD, 10% , Active
SUB-005511,576, Free,ANNUAL,09/15/2025,12/08/2025,0.00,10%,expired
SUB-005512,1080, Enterprise ,monthly,11 Jun 2025,,864.63, 5% ,active
SUB-005513,804, Starter,Monthly,06-05-2025,,51.58,0%,ACTIVE
SUB-005514,428,Professional,Monthly,01/28/2025,,$137, 5% ,Active
SUB-005515,946,Business , Monthly,"May 11, 2025",,316.77,10%, Active 
SUB-005516,889,professional,Quarterly,2025-05-04,"Mar 14, 2026",151.87 USD,5%,Paused
SUB-005517,1273,Starter, Quarterly ,05-11-2025,"Feb 13, 2026",55.55,20%,Cancelled 
SUB-005518,1048,Business , Quarterly ,25/08/2025,,USD 290.73,20 %,ACTIVE
SUB-005519,801,Professional , Annual,2025-08-04,,161.15 USD,0.0%,Active 
SUB-005520,1489, Starter ,monthly,16/12/2025,04/12/2026,53.05,, Expired
SUB-005521,649,STARTER,Quarterly ,11/03/2025,,USD 46.81, 0% ,Active
SUB-005522,1333,Free, Annual,"Nov 19, 2025",06-03-2026,0.00,15 %, Expired
SUB-005523,832, Professional,Annual,27/08/2025,,$152.40, 20% ,Active 
SUB-005524,432,professional,monthly,"Jan 01, 2025",09/05/2025,159.39,15 %,PAUSED
SUB-005525,900, Starter, Annual ,2025-05-05,,$46,0 %,ACTIVE
SUB-005526,17,Free,ANNUAL,09/02/2025,"Feb 05, 2026",$0,10%,Expired
SUB-005527,725,BUSINESS, Monthly ,"Jun 30, 2025",04/08/2025,312.91,0.0%,PAUSED
SUB-005528,1409,PROFESSIONAL,ANNUAL,12-10-2025,,$145.98, 5% ,Active
SUB-005529,905,Enterprise,Quarterly,"Apr 22, 2025",07 Dec 2025,818.91 USD,15.0%,EXPIRED
SUB-005530,979,PROFESSIONAL, Annual ,02 Mar 2025,31/01/2026,USD 148.03,,paused
SUB-005531,535,Professional,QUARTERLY,31 Oct 2025,,unknown, 15% ,Active 
SUB-005532,1192,Free ,annual,"Dec 15, 2025",02/18/2026,USD 0.00,0%, Cancelled 
SUB-005533,1043,BUSINESS, Monthly,06 Apr 2025,,269.44,10.0%,ACTIVE
SUB-005534,1330,starter,Annual ,01-07-2025,,$52, 5% ,active
SUB-005535,1197,Business, Monthly,19/11/2025,,$301,0 %,Active 
SUB-005536,710,starter,ANNUAL,"Jan 22, 2025",,$48.29,15%,active
SUB-005537,376, Business ,ANNUAL,06/30/2025,2025-08-10,276.14,15.0%,expired
SUB-005538,572,Business ,Monthly ,"Apr 04, 2025",10/17/2025,285.57,20 %,expired
SUB-005539,1217,Business,Annual ,09/08/2025,,285.83,15%,active
SUB-005540,1360, Professional ,quarterly,10/28/2025,,168.94 USD, 10% ,Active 
SUB-005541,653,Professional,monthly,27-08-2025,25 May 2026,150.21,0.0%, Paused
SUB-005542,397, Professional, Monthly,19/02/2025,,135.67, 5% , Active 
SUB-005543,1111,Business , Monthly,"Mar 04, 2025",,$279,10%,ACTIVE
SUB-005544,308,Professional,Annual,26/05/2025,,137.04, 20% ,Active 
SUB-005545,936,professional,Quarterly,26/08/2025,,156.04 USD,0%,active
SUB-005546,928,BUSINESS, Monthly ,19/11/2025,,283.05 USD, 0% ,Active
SUB-005547,197, Professional ,Annual,24 Aug 2025,,152.67,10%,Active 
SUB-005548,1476,STARTER,Quarterly ,02/05/2025,,$48.63,15%,active
SUB-005549,1455,BUSINESS,ANNUAL,"Feb 05, 2025",2025-09-28,$329,10.0%,expired
SUB-005550,342,business, Monthly ,07/20/2025,2026-02-15,$293.06,0%, Paused
SUB-005551,988,Professional,ANNUAL,31-12-2025,,USD 151.17,10%,Active
SUB-005552,820, Starter,QUARTERLY,"Jan 23, 2025",,$52.94,15 %, Active 
SUB-005553,578,business,annual,"Oct 31, 2025",,301.49 USD,,Active
SUB-005554,1435, Starter, Quarterly,2025-09-06,,USD 53.82, 0% , Active
SUB-005555,1264,Professional ,quarterly,2025-03-07,,USD 158.75,20%,active
SUB-005556,1499,Business , Annual ,"Sep 15, 2025","Nov 27, 2025",299.79,5%,Expired
SUB-005557,885,Enterprise, Annual,"May 30, 2025",22-12-2025,$819.77,10.0%, Cancelled
SUB-005558,30,Starter ,MONTHLY,05/10/2025,2026-07-05,55.95,20%,cancelled
SUB-005559,1281, Professional ,Quarterly,"May 04, 2025",,$158.75,20 %,ACTIVE
SUB-005560,569,Starter,Quarterly ,04 Oct 2025,,55.19,5.0%, Active 
SUB-005561,1014,professional,ANNUAL,2025-11-21,"Aug 07, 2026",140.76 USD,0.0%, Expired 
SUB-005562,1364,Business ,monthly,17/03/2025,,$305.22, 15% ,active
SUB-005563,1045,Starter , Monthly,"Oct 12, 2025",,55.23,10 %,ACTIVE
SUB-005564,307,Business,monthly,"Mar 16, 2025",,293.22 USD,0%,Active
SUB-005565,1075,PROFESSIONAL,MONTHLY,2025-06-13,16/09/2025,$170.15,0 %,cancelled
SUB-005566,1248, Starter, Annual,2025-07-28,,45.29,20%,active
SUB-005567,598,starter, Monthly,02/06/2025,,55.16 USD,10%, Active
SUB-005568,1167,ENTERPRISE,Annual,02 Jul 2025,"May 18, 2026",USD 808.03,10%,CANCELLED
SUB-005569,661, Starter , Annual,"Jan 26, 2025",,USD 45.00,10.0%,Active 
SUB-005570,301, Starter, Annual,2025-11-11,,USD 54.87,15%,Active 
SUB-005571,910,Business ,Monthly,2025-08-13,,287.93,20%,Active 
SUB-005572,81, Starter, Monthly,08-04-2025,,44.37,10.0%,Active
SUB-005573,842,STARTER,ANNUAL,2025-03-22,,45.76,10 %,ACTIVE
SUB-005574,628,PROFESSIONAL,Annual ,23/10/2025,,$159,10 %, Active
SUB-005575,743,enterprise,ANNUAL,08 Dec 2025,,$914,10%, Active
SUB-005576,606, Starter, Monthly ,24/03/2025,,45.47,5%,Active
SUB-005577,218,Starter ,Monthly,05/04/2025,,49.76 USD,5%,ACTIVE
SUB-005578,206,PROFESSIONAL,monthly,2025-10-21,,140.83,20%, Active 
SUB-005579,1046, Starter ,QUARTERLY,2025-01-06,,USD 53.23, 5% ,Active 
SUB-005580,105,professional, Monthly,30 Apr 2025,2026-03-17,138.50,5 %,paused
SUB-005581,1498,BUSINESS, Annual ,19 Aug 2025,,287.03,0 %, Active
SUB-005582,1401,starter, Monthly,15/09/2025,2026-07-14,$46.51,10 %,Expired
SUB-005583,1032,Free ,MONTHLY,10/12/2025,,0.00,15.0%, Active 
SUB-005584,579,Free,QUARTERLY,31 May 2025,06-01-2026,$0,10.0%,cancelled
SUB-005585,384,professional,Annual ,06 Feb 2025,2025-04-11,$153,20%,Cancelled 
SUB-005586,174,professional, Annual,15-01-2025,,USD 136.27,20%, Active
SUB-005587,1210, Starter, Quarterly,23-09-2025,,$51.00,20.0%,Active
SUB-005588,1457,Professional,ANNUAL,25-05-2025,11/30/2025,163.81, 10% ,paused
SUB-005589,986,Business ,Quarterly,04/11/2025,,278.98 USD,10%,Active 
SUB-005590,29,BUSINESS, Monthly ,11/12/2025,08/26/2026,274.54,10.0%,CANCELLED
SUB-005591,341, Professional ,Monthly ,2025-08-17,,141.10 USD,10%,Active
SUB-005592,543,Professional, Annual ,07/10/2025,,161.89,10 %,ACTIVE
SUB-005593,658,Starter,monthly,"Feb 04, 2025",,51.35 USD,20 %,ACTIVE
SUB-005594,204,Starter ,annual,11-05-2025,,50.72 USD,20.0%, Active
SUB-005595,67,enterprise, Monthly ,"Nov 03, 2025",,$768.93,,active
SUB-005596,320,professional,QUARTERLY,20 Feb 2025,,$146.48,10%,Active 
SUB-005597,971,PROFESSIONAL,Monthly ,22/03/2025,,$170.08,20.0%,active
SUB-005598,1277,Professional , Quarterly,2025-01-14,,USD 143.06,0%,ACTIVE
SUB-005599,1096, Professional ,MONTHLY,"Jul 25, 2025",,USD 167.69,15%,Active 
SUB-005600,952,Starter , Quarterly,11-10-2025,01/18/2026,51.21 USD, 10% , Expired 
SUB-005601,800, Professional, Monthly ,30 Oct 2025,,138.69,0 %,Active 
SUB-005602,305,Professional, Annual ,2025-05-26,,151.51 USD,20%, Active
SUB-005603,249,Free, Annual,2025-02-11,,0.00,0%,ACTIVE
SUB-005604,1457, Business,ANNUAL,"Dec 02, 2025",2026-04-28,300.39,15.0%,Cancelled
SUB-005605,1486,professional,Annual ,02-01-2025,,$166.26,15%, Active
SUB-005606,1391,Starter ,Monthly,2025-08-05,,47.24,10 %,Active
SUB-005607,1192,Professional, Quarterly ,11-08-2025,,155.37,10%, Active
SUB-005608,546, Professional ,ANNUAL,15 Dec 2025,10/17/2026,165.53,20.0%,EXPIRED
SUB-005609,699,FREE,QUARTERLY,12/11/2025,"Jul 06, 2026",0.00, 20% ,CANCELLED
SUB-005610,219, Starter, Quarterly,01/04/2025,,$50.05, 15% ,ACTIVE
SUB-005611,353,starter,Quarterly,2025-02-17,05/07/2025,51.94,20%,Cancelled 
SUB-005612,845,Professional , Monthly ,07/20/2025,,134.21,10 %, Active
SUB-005613,130,free, Quarterly,01 Dec 2025,10/10/2026,0.00,20.0%,PAUSED
SUB-005614,375, Starter , Annual,2025-04-05,,$47.51, 20% ,active
SUB-005615,716,FREE,Monthly ,21-07-2025,,$0.00,5.0%,Active
SUB-005616,134, Professional,MONTHLY,30/12/2025,,144.52,20%,ACTIVE
SUB-005617,1295,business, Quarterly,03/01/2025,09-10-2025,USD 293.10,0.0%,expired
SUB-005618,1453, Starter , Monthly ,"Jan 13, 2025",,55.97 USD,0 %,Active 
SUB-005619,1249,Starter ,Monthly,11/11/2025,05 May 2026,52.29 USD,15.0%, Cancelled 
SUB-005620,735,Starter , Quarterly,22/09/2025,,$49,10.0%, Active 
SUB-005621,1342,Professional, Quarterly,01 Feb 2025,,$171,20%,ACTIVE
SUB-005622,670, Starter ,MONTHLY,10-04-2025,05 Jun 2025,45.98,15%, Cancelled 
SUB-005623,14,STARTER, Quarterly,03/12/2025,,$50,20.0%,active
SUB-005624,501,Business , Quarterly ,09/02/2025,,317.47 USD, 15% ,Active 
SUB-005625,1262, Business,monthly,25-09-2025,"Jun 13, 2026",273.25,10.0%,Cancelled 
SUB-005626,50,Professional,Monthly,12 Sep 2025,03/13/2026,160.81, 0% ,Paused
SUB-005627,1081,Professional,Annual ,"Feb 21, 2025",10/30/2025,137.82, 5% ,paused
SUB-005628,555, Business ,Monthly,28 Feb 2025,,$279.59,5%, Active 
SUB-005629,1060,FREE, Monthly ,"Dec 18, 2025",02 Jul 2026,0.00,,Expired
SUB-005630,1499,Enterprise ,MONTHLY,30-11-2025,,904.65 USD,10.0%,active
SUB-005631,1152,starter, Annual,31-08-2025,"Feb 06, 2026",$52.47,20%, Paused
SUB-005632,957,free,quarterly,15-11-2025,,$0.00,10%,Active 
SUB-005633,1298, Starter , Monthly,05 Nov 2025,08/29/2026,$50.90, 20% , Cancelled 
SUB-005634,444,Professional,QUARTERLY,04/05/2025,,USD 145.01, 20% ,active
SUB-005635,153,professional,ANNUAL,"Mar 27, 2025",,157.23,0%,ACTIVE
SUB-005636,1013, Professional,monthly,09/17/2025,10/30/2025,149.38,5%,Paused
SUB-005637,1000, Professional,Annual ,05/11/2025,,139.52, 15% ,ACTIVE
SUB-005638,1218,PROFESSIONAL,Quarterly ,"Jun 23, 2025",26-11-2025,$160,,PAUSED
SUB-005639,833, Professional ,Monthly ,06-03-2025,,138.93, 0% , Active
SUB-005640,744,STARTER,Annual ,12-09-2025,23/08/2026,USD 46.44,10 %,EXPIRED
SUB-005641,262,Business , Monthly ,03/06/2025,09/19/2025,330.22 USD,0 %,Paused
SUB-005642,494,PROFESSIONAL, Monthly,07/20/2025,08/05/2026,$159,15%, Expired
SUB-005643,1317,Professional ,monthly,15/11/2025,,157.60 USD,20 %, Active
SUB-005644,813,ENTERPRISE,Monthly ,2025-07-12,2026-04-24,802.64,20.0%,paused
SUB-005645,693,STARTER,quarterly,04/09/2025,,48.95,0 %, Active 
SUB-005646,107,Professional,Monthly ,11/06/2025,,159.81, 20% ,active
SUB-005647,72,Business , Monthly ,09-11-2025,,$324.42,5%, Active 
SUB-005648,995,PROFESSIONAL,Annual,13-05-2025,,$153.11,5 %, Active
SUB-005649,371,Enterprise,Annual,10/03/2025,,912.71,10 %,ACTIVE
SUB-005650,924,professional,Annual,13/10/2025,,169.70 USD, 5% ,Active
SUB-005651,203,Professional , Annual ,24 Mar 2025,,149.46, 10% ,active
SUB-005652,133, Starter ,Annual,"Jul 28, 2025",,54.15,0%,ACTIVE
SUB-005653,500,PROFESSIONAL,Monthly ,26-05-2025,,USD 154.34,20.0%, Active
SUB-005654,103,Business,QUARTERLY,2025-12-24,07/06/2026,$307.35,5%,EXPIRED
SUB-005655,948,Starter ,Annual,"Jul 11, 2025",,44.77 USD,15.0%,active
SUB-005656,253, Professional, Monthly ,03 Aug 2025,"Jun 25, 2026",$155.48,20 %,PAUSED
SUB-005657,631, Professional , Monthly ,28/05/2025,,167.65 USD, 5% ,active
SUB-005658,1365,FREE, Quarterly,01/26/2025,,0.00,5 %,Active 
SUB-005659,272,enterprise, Monthly,2025-10-10,,876.17 USD, 0% , Active 
SUB-005660,1191,Professional , Annual,"Aug 23, 2025",30 Sep 2025,140.06,20%, Expired
SUB-005661,1049,Enterprise ,quarterly,13-11-2025,,$791,5.0%,Active 
SUB-005662,617,Business,annual,2025-10-28,01/03/2026,286.53,15.0%,Cancelled
SUB-005663,127,Starter , Monthly ,2025-03-02,31/10/2025,$48,10.0%,expired
SUB-005664,151,starter,quarterly,04/12/2025,02 Mar 2026,USD 51.20,10.0%, Cancelled 
SUB-005665,571,Professional, Quarterly,27-02-2025,,147.69 USD, 10% , Active 
SUB-005666,216, Business,MONTHLY,2025-11-29,,USD 311.01, 0% ,Active
SUB-005667,467,Enterprise,Annual,"Aug 28, 2025","Dec 02, 2025",$806.69,15 %,Cancelled 
SUB-005668,76, Starter ,Annual ,29/10/2025,,$47.61,10%,active
SUB-005669,1,Professional,Quarterly,28 May 2025,,137.65,10 %, Active 
SUB-005670,598,Enterprise ,MONTHLY,24-06-2025,29 May 2026,897.24,0 %,Expired 
SUB-005671,178,free,monthly,"May 10, 2025",,0.00 USD,10%,ACTIVE
SUB-005672,1198,starter,MONTHLY,22 Sep 2025,,$44,5 %,active
SUB-005673,568, Business ,QUARTERLY,27-03-2025,2025-07-20,$331,15.0%,Cancelled 
SUB-005674,194,Professional,Monthly ,16-08-2025,25 Dec 2025,171.23 USD, 15% ,Cancelled
SUB-005675,479, Professional ,ANNUAL,21 Jan 2025,,161.18,5%, Active
SUB-005676,1453, Starter,ANNUAL,2025-11-18,07-08-2026,44.29 USD,15 %, Paused 
SUB-005677,1023,enterprise,quarterly,23 Apr 2025,,764.38,, Active 
SUB-005678,681,Professional,Quarterly,2025-02-25,,USD 170.30, 5% ,Active 
SUB-005679,3,starter,Annual,"Apr 04, 2025",,54.01 USD,0.0%, Active 
SUB-005680,1039,STARTER, Quarterly,14-04-2025,,51.04 USD,10%,Active 
SUB-005681,1332, Free ,QUARTERLY,"Oct 20, 2025",,0.00,0%, Active
SUB-005682,833,Business,QUARTERLY,09-06-2025,,$270.17,10 %, Active 
SUB-005683,1183,Starter ,Monthly ,26/01/2025,,44.36,5.0%,Active 
SUB-005684,547,BUSINESS, Quarterly ,17/06/2025,"Mar 17, 2026",USD 314.85,0.0%,Cancelled 
SUB-005685,42,Starter,Quarterly,2025-10-25,2025-12-09,44.37,10 %,Cancelled 
SUB-005686,1182,ENTERPRISE,Quarterly ,02-11-2025,,917.58, 15% ,active
SUB-005687,1372,Starter ,monthly,26 Jul 2025,,$46,20 %,Active 
SUB-005688,997,Professional ,QUARTERLY,"Oct 25, 2025",,160.57,10.0%,ACTIVE
SUB-005689,971, Starter , Annual,2025-04-13,07/16/2025,USD 46.00,10 %,Cancelled 
SUB-005690,586,Professional,Quarterly,2025-08-23,,USD 154.22, 0% ,ACTIVE
SUB-005691,632, Professional,monthly,02-04-2025,,USD 137.10, 10% ,Active 
SUB-005692,78,Business , Monthly,03 Jan 2025,2025-04-29,326.42,5 %, Expired 
SUB-005693,139, Professional ,Annual,"May 01, 2025",08 Dec 2025,$155.89, 5% , Cancelled 
SUB-005694,739, Professional ,monthly,02-04-2025,2025-09-03,$137.31,5 %,PAUSED
SUB-005695,587,starter,Annual,"Dec 30, 2025",,$54,5%,active
SUB-005696,559, Starter ,Quarterly,10 Oct 2025,,50.80,20%, Active 
SUB-005697,1059, Starter,Quarterly ,07/27/2025,07-11-2025,55.39 USD,15%,cancelled
SUB-005698,1449,ENTERPRISE, Monthly,05 Dec 2025,16-10-2026,$902.20, 10% , Cancelled
SUB-005699,965,starter,Annual,29/10/2025,12 Oct 2026,55.38,0%,Cancelled
SUB-005700,1070,Starter, Monthly,"Sep 06, 2025",,45.05,5 %,ACTIVE
SUB-005701,496, Starter , Annual,29 Sep 2025,,error, 10% ,Active
SUB-005702,766,ENTERPRISE,Monthly ,"Feb 19, 2025",,916.39 USD,10%,Active 
SUB-005703,621,Starter , Monthly,2025-09-01,,$50,5%,Active 
SUB-005704,717,starter,MONTHLY,19/11/2025,03/28/2026,47.02, 0% ,Cancelled 
SUB-005705,1237, Business , Monthly ,11/02/2025,,326.63,0%,Active
SUB-005706,1303,professional,QUARTERLY,"Mar 13, 2025",,143.94,5.0%,Active 
SUB-005707,850, Professional, Monthly ,2025-08-17,2025-10-07,USD 161.19,0%, Expired 
SUB-005708,477, Professional ,monthly,25/04/2025,,165.29, 5% ,active
SUB-005709,408, Professional ,ANNUAL,13-05-2025,,$163.31,15.0%, Active
SUB-005710,974,business,Monthly ,30/03/2025,,289.59, 15% ,Active 
SUB-005711,784,ENTERPRISE, Monthly ,"Apr 27, 2025",08/08/2025,799.32 USD,15 %, Paused 
SUB-005712,1435, Business,Annual ,29/10/2025,,$300,0%,Active
SUB-005713,717,Enterprise, Quarterly ,2025-11-19,,$817,15%, Active
SUB-005714,759, Starter , Quarterly ,2025-10-22,05/25/2026,USD 46.15,20.0%, Cancelled 
SUB-005715,318,free,ANNUAL,29/03/2025,,USD 0.00, 10% , Active 
SUB-005716,1237, Starter , Annual ,10 Feb 2025,,$50,5%,Active
SUB-005717,1490,BUSINESS, Quarterly,27 Sep 2025,12-09-2026,$309,, Paused 
SUB-005718,379,starter,Annual ,"Nov 15, 2025",20-10-2026,54.14 USD,10 %,Cancelled 
SUB-005719,23,starter,Annual,2025-08-04,,50.44, 20% , Active
SUB-005720,825,starter, Monthly ,"May 28, 2025",,46.93 USD,10%,Active 
SUB-005721,393, Starter ,Quarterly ,2025-02-12,02-10-2025,USD 52.22,15.0%, Expired
SUB-005722,322, Professional ,Monthly,"Feb 27, 2025",,163.80,20 %,Active
SUB-005723,345,ENTERPRISE,Annual,2025-07-25,,USD 782.89,15.0%,ACTIVE
SUB-005724,123,Starter, Annual,06-01-2025,2025-07-14,USD 52.00,5 %,Cancelled
SUB-005725,411, Enterprise,QUARTERLY,2025-09-03,06/26/2026,748.45,5%,EXPIRED
SUB-005726,311, Free ,Annual ,05-08-2025,14/05/2026,0.00, 10% ,expired
SUB-005727,29,BUSINESS,Monthly,03/18/2025,,337.06 USD, 20% ,ACTIVE
SUB-005728,406,Starter,Quarterly ,"Jan 07, 2025",,55.26 USD,10.0%,Active
SUB-005729,833,business,ANNUAL,2025-07-11,06 Nov 2025,$312, 5% , Paused 
SUB-005730,34,business,QUARTERLY,2025-05-31,,321.60,20.0%,active
SUB-005731,299,Starter,monthly,"Sep 19, 2025",,$54.56,10.0%,active
SUB-005732,279,Starter,Quarterly ,2025-01-11,13-05-2025,55.84,20%, Expired
SUB-005733,529, Enterprise ,Annual,20/09/2025,,$817,10 %, Active
SUB-005734,1439,starter,Monthly,"Sep 22, 2025",09-07-2026,50.98,10%, Cancelled 
SUB-005735,607,enterprise, Monthly ,2025-06-11,,$802, 15% ,Active 
SUB-005736,484,Business , Quarterly ,05 Jul 2025,,274.48,10%,Active 
SUB-005737,646,enterprise, Annual ,12/01/2025,,USD 803.55,5.0%,active
SUB-005738,1474,STARTER,MONTHLY,21/07/2025,,53.79 USD,20%,active
SUB-005739,664,Enterprise ,Quarterly,15-02-2025,14-11-2025,879.88, 5% ,Cancelled 
SUB-005740,748,Enterprise ,quarterly,05-09-2025,25 Jun 2026,$897, 15% , Cancelled 
SUB-005741,648, Starter ,quarterly,28-01-2025,2025-11-24,44.73,0.0%, Cancelled 
SUB-005742,1018,FREE,ANNUAL,02-12-2025,22 Jun 2026,0.00,10%,PAUSED
SUB-005743,559,Professional,QUARTERLY,04/01/2025,2025-12-01,$138, 20% ,Paused
SUB-005744,461,Professional ,Annual,03/29/2025,,USD 141.58,10%,Active
SUB-005745,1303,FREE,Monthly,10 Dec 2025,,0.00, 0% , Active 
SUB-005746,350,Professional , Monthly ,03 Aug 2025,,$152.61,10%,Active
SUB-005747,1297,Business , Annual,26/04/2025,16-07-2025,325.80 USD, 10% , Paused 
SUB-005748,559, Professional, Quarterly,"Jul 10, 2025",04/01/2026,USD 136.50,,Expired 
SUB-005749,519,Professional,Quarterly,10 Mar 2025,,$149.63,10 %,Active
SUB-005750,46, Enterprise, Quarterly,23-09-2025,,853.78,20 %, Active 
SUB-005751,249, Professional,monthly,09-03-2025,,139.07, 15% ,ACTIVE
SUB-005752,740, Professional , Quarterly ,"Nov 15, 2025",06/02/2026,146.24,5 %, Expired
SUB-005753,189,free,Monthly ,03/07/2025,,$0,5 %,active
SUB-005754,1177, Professional , Annual ,01 Sep 2025,,USD 158.36,5 %,ACTIVE
SUB-005755,1242,BUSINESS,Annual,21/08/2025,,$341.67, 15% ,Active 
SUB-005756,777,Starter ,Monthly ,08/30/2025,,54.23,5 %, Active 
SUB-005757,1135,STARTER,ANNUAL,21/11/2025,,$56,,ACTIVE
SUB-005758,174, Starter ,monthly,28 Jul 2025,,$54, 15% ,Active
SUB-005759,769, Professional,QUARTERLY,19-12-2025,,165.96,0%, Active 
SUB-005760,698,Professional, Monthly ,25-04-2025,,$155.60, 0% ,ACTIVE
SUB-005761,1003, Business ,Quarterly,03/09/2025,,307.84 USD,15 %, Active 
SUB-005762,362,Professional ,ANNUAL,02-05-2025,,149.23,15.0%,Active 
SUB-005763,847,STARTER,ANNUAL,24-10-2025,2026-10-06,54.12,0 %,CANCELLED
SUB-005764,1496,Free ,Annual ,"Aug 05, 2025",,0.00,10%, Active 
SUB-005765,689,Business ,Annual,12/01/2025,,273.30,0.0%,ACTIVE
SUB-005766,1098, Starter , Quarterly,2025-02-24,,USD 55.71,15 %, Active 
SUB-005767,885,free,Annual,2025-12-18,,USD 0.00,10 %, Active 
SUB-005768,388, Starter ,Quarterly,21/03/2025,,$56,5%,active
SUB-005769,412,Enterprise,Annual,"Jun 01, 2025",,$864.69,20 %, Active 
SUB-005770,721, Business , Quarterly,2025-06-02,,$293.66,5.0%, Active
SUB-005771,1296, Business,Quarterly,"May 17, 2025",,$321, 20% ,active
SUB-005772,61,professional, Quarterly ,2025-10-02,,164.57 USD,20.0%,ACTIVE
SUB-005773,400,Business,QUARTERLY,28/06/2025,"Oct 15, 2025",287.44,5%,cancelled
SUB-005774,17, Starter,Quarterly,"Feb 22, 2025",,53.54, 0% , Active
SUB-005775,937,Starter,Annual ,01/08/2025,12 Jul 2025,$53.95,10 %,Cancelled
SUB-005776,159, Starter,monthly,12/01/2025,05/13/2026,47.15,0 %,CANCELLED
SUB-005777,1098, Starter , Annual ,11-10-2025,12-04-2026,44.61 USD,10%, Cancelled
SUB-005778,1162, Business,annual,28-11-2025,2026-07-15,USD 284.36,20.0%,Paused
SUB-005779,1448,professional,quarterly,03-03-2025,,141.57,10%, Active
SUB-005780,328,BUSINESS,Monthly ,"Jul 04, 2025",,273.98,10%,Active
SUB-005781,1112,Starter,Annual,2025-10-19,04/01/2026,52.99,20.0%,Paused 
SUB-005782,1394, Free, Annual ,22/02/2025,,$0, 0% ,Active 
SUB-005783,1141, Starter ,Monthly,19-04-2025,,USD 54.93,15 %,Active
SUB-005784,1092,Enterprise,quarterly,04/01/2025,01/04/2026,$769.47, 20% ,Expired 
SUB-005785,1290,PROFESSIONAL, Monthly,07 Dec 2025,,$151, 10% , Active 
SUB-005786,425, Professional, Quarterly,"May 29, 2025",,USD 157.90,10.0%,Active
SUB-005787,634,Business ,monthly,23/02/2025,,334.69 USD,5.0%,Active
SUB-005788,443, Business, Monthly ,"Feb 05, 2025",13/12/2025,308.32 USD,5 %, Expired
SUB-005789,355,starter, Quarterly,2025-02-21,,48.68,10 %,ACTIVE
SUB-005790,795,STARTER,QUARTERLY,13/10/2025,,$54.72, 5% ,ACTIVE
SUB-005791,631,Business ,quarterly,11/04/2025,,292.29,20.0%,ACTIVE
SUB-005792,1001,Free, Quarterly,11-10-2025,,$0.00,0%,Active 
SUB-005793,885,ENTERPRISE,Quarterly,2025-07-07,,808.00 USD,15.0%,ACTIVE
SUB-005794,825,Business,MONTHLY,02/06/2025,2026-02-19,USD 327.79,15%,CANCELLED
SUB-005795,630,Starter ,annual,13 Feb 2025,,44.48,0 %, Active 
SUB-005796,1191,Professional, Monthly,09-11-2025,,$156, 20% , Active 
SUB-005797,1039, Enterprise ,Quarterly ,09/11/2025,"Jan 21, 2026",$838,20.0%,Expired
SUB-005798,947,professional,ANNUAL,08-08-2025,"Jun 06, 2026",168.69,5.0%, Cancelled
SUB-005799,563,Professional,Monthly ,22-07-2025,,$144.77, 0% ,Active
SUB-005800,486,Starter , Monthly,2025-11-16,,$47.52, 15% ,Active
SUB-005801,1404,Professional,Quarterly,"Jan 11, 2025",,150.51 USD,15 %,active
SUB-005802,990,enterprise, Annual ,07/29/2025,2025-11-13,USD 790.39,15 %,CANCELLED
SUB-005803,937, Professional ,monthly,16 Oct 2025,,$162,, Active 
SUB-005804,1408,STARTER,Monthly ,07-01-2025,,$51.96,20 %,Active
SUB-005805,1209, Professional,Quarterly,09/05/2025,,162.37,0%,active
SUB-005806,585,starter, Quarterly ,2025-06-13,24 Feb 2026,$54.15,15%,Expired
SUB-005807,953, Professional ,monthly,04-04-2025,,$168.48, 0% ,ACTIVE
SUB-005808,76,Enterprise,Annual,03/12/2025,,$805,20.0%,ACTIVE
SUB-005809,1146,starter,Monthly ,05/05/2025,,$56.16,10 %,ACTIVE
SUB-005810,1478,Starter ,Monthly,2025-08-10,,46.74,20 %,Active 
SUB-005811,185, Enterprise ,Quarterly ,12/12/2025,,861.79 USD,20 %,Active 
SUB-005812,298, Enterprise ,Monthly ,19/07/2025,03/01/2026,$826,20%, Expired
SUB-005813,1304,Business,Monthly,10 Nov 2025,,330.16,5.0%,ACTIVE
SUB-005814,103,professional,Monthly,23 May 2025,"Aug 21, 2025",USD 151.86,0.0%,Cancelled 
SUB-005815,1076,BUSINESS, Monthly,2025-10-28,,USD 327.70, 10% ,ACTIVE
SUB-005816,509, Starter ,MONTHLY,20/03/2025,,55.49 USD, 10% ,ACTIVE
SUB-005817,1451,Starter , Annual ,04 Apr 2025,,$53.07,,ACTIVE
SUB-005818,1483, Business ,ANNUAL,26 Oct 2025,,USD 327.11,20%, Active 
SUB-005819,1108,professional,monthly,27/07/2025,,136.60,15.0%,ACTIVE
SUB-005820,205,Business,MONTHLY,26/08/2025,,284.42,10.0%,ACTIVE
SUB-005821,869, Professional ,Annual,"May 27, 2025",,170.39,10 %,Active
SUB-005822,911,Starter ,Quarterly,2025-07-29,,$53,15 %,Active
SUB-005823,1472,STARTER,Monthly,"Jan 05, 2025",,50.98,5%,active
SUB-005824,1322, Enterprise ,annual,26-03-2025,,$792.40,5%,ACTIVE
SUB-005825,900, Professional,Quarterly ,28 Jul 2025,"Dec 08, 2025",135.75,5%, Paused
SUB-005826,1154,BUSINESS,annual,21/11/2025,2026-06-30,296.69 USD,15.0%, Paused 
SUB-005827,1424,Starter ,Monthly,2025-02-23,,$50.21,5%, Active 
SUB-005828,333, Business ,Annual ,01/05/2025,,284.91 USD,10%,active
SUB-005829,172,Business ,Quarterly,08 Feb 2025,,$282, 20% ,Active
SUB-005830,795, Professional,Quarterly,04 Nov 2025,05/28/2026,$153.04,5%,Cancelled 
SUB-005831,1483, Free,Annual,29-06-2025,,$0,20.0%,Active
SUB-005832,991,Business , Quarterly ,09 Sep 2025,02/14/2026,287.03 USD,15.0%,CANCELLED
SUB-005833,1244,Enterprise , Quarterly,05-12-2025,,836.43 USD,20%, Active
SUB-005834,61,FREE, Quarterly ,"Oct 19, 2025",,0.00,, Active 
SUB-005835,150,starter,ANNUAL,06/28/2025,,$49.90,15 %, Active
SUB-005836,1077,ENTERPRISE, Quarterly,24-04-2025,,890.36,10%,Active 
SUB-005837,1287,business,MONTHLY,2025-03-11,,$338, 5% ,Active
SUB-005838,236,starter, Quarterly,14 May 2025,"Dec 26, 2025",$45, 0% ,paused
SUB-005839,51,Starter ,Annual ,31 Jul 2025,,USD 45.27,20.0%,active
SUB-005840,1319,free, Quarterly ,"May 20, 2025",,0.00 USD, 15% , Active
SUB-005841,1227, Free ,Annual ,16-08-2025,,USD 0.00,0 %,Active 
SUB-005842,192,Starter , Annual,01 Mar 2025,,49.32,0%,active
SUB-005843,1091,Professional, Monthly ,03 Aug 2025,,146.26 USD,0%,Active 
SUB-005844,44,PROFESSIONAL,Quarterly ,10/12/2025,31/01/2026,157.98 USD,20%,Paused 
SUB-005845,1312,Professional , Monthly,2025-01-28,,134.18 USD, 10% , Active
SUB-005846,476,Professional ,Annual,17 Feb 2025,,$170,15 %,active
SUB-005847,905, Starter,Annual ,14-09-2025,,46.94, 15% , Active 
SUB-005848,2,Professional ,Monthly ,03/04/2025,,168.26,0.0%, Active
SUB-005849,14,Professional , Quarterly,11-08-2025,,138.16 USD,20.0%,ACTIVE
SUB-005850,215,Business , Annual ,24-12-2025,"Sep 16, 2026",$286.90,,paused
SUB-005851,1079,Professional ,Annual ,16-12-2025,,142.85,10.0%, Active 
SUB-005852,608, Starter ,ANNUAL,03-07-2025,,$56.30,0 %, Active
SUB-005853,349,professional,QUARTERLY,25-08-2025,10-07-2026,134.27, 20% ,EXPIRED
SUB-005854,136,Starter,QUARTERLY,07/11/2025,,$51.94, 5% ,active
SUB-005855,325, Starter ,annual,2025-05-02,,54.75,10 %,ACTIVE
SUB-005856,539, Professional, Monthly,2025-12-09,,$159,0%, Active
SUB-005857,583, Starter, Monthly ,09/20/2025,04 Sep 2026,48.54,15 %, Expired 
SUB-005858,972,STARTER, Quarterly ,2025-12-02,,$56,5 %, Active 
SUB-005859,719,PROFESSIONAL, Monthly,05/07/2025,01 Oct 2025,USD 167.38, 20% ,Cancelled
SUB-005860,100, Starter , Monthly,2025-10-04,07/11/2025,$49.42,0 %, Expired 
SUB-005861,1457,Professional , Quarterly,2025-05-03,10/21/2025,USD 155.46,5 %,CANCELLED
SUB-005862,1117,Professional, Quarterly ,11/05/2025,"May 03, 2026",170.14,5.0%,Paused 
SUB-005863,1455, Starter,Monthly,01/09/2025,,USD 56.14,20.0%,Active
SUB-005864,180, Starter ,Monthly,17-09-2025,,USD 49.61,15%, Active
SUB-005865,1081, Starter,ANNUAL,11 Feb 2025,,54.48,15 %,Active
SUB-005866,703, Business ,Quarterly,"Mar 28, 2025",,$291.67,0%,Active
SUB-005867,129,Professional,Monthly,2025-08-03,"Dec 05, 2025",$148,15%, Paused
SUB-005868,1098,PROFESSIONAL,monthly,07/11/2025,,140.24 USD,0 %, Active 
SUB-005869,1307,BUSINESS,MONTHLY,2025-12-27,,USD 284.74,,Active
SUB-005870,1441,professional,annual,2025-05-31,02/05/2026,$158.57,10.0%,Expired 
SUB-005871,1317,BUSINESS, Monthly ,14/01/2025,,307.28,15.0%,active
SUB-005872,749, Professional , Monthly,2025-11-26,,$142.71, 5% , Active
SUB-005873,984,starter,Monthly,11/24/2025,,USD 49.04, 15% , Active 
SUB-005874,1155, Professional, Annual ,2025-12-02,,148.00,10.0%, Active
SUB-005875,1493, Free , Annual ,14-06-2025,,$0,5%,ACTIVE
SUB-005876,1371,STARTER,QUARTERLY,18-06-2025,2026-06-08,$54.56, 0% , Cancelled 
SUB-005877,34,BUSINESS,Quarterly ,2025-04-08,,$298.10,15.0%,Active 
SUB-005878,1282,Professional ,monthly,"Apr 28, 2025",,168.14, 20% , Active
SUB-005879,74,Free , Monthly ,19 Feb 2025,,USD 0.00, 20% ,Active 
SUB-005880,609,ENTERPRISE,quarterly,21-12-2025,,$852.51, 5% ,active
SUB-005881,59,Business ,QUARTERLY,03 Jul 2025,,USD 341.36, 20% ,ACTIVE
SUB-005882,8,Professional ,monthly,27 Oct 2025,,USD 148.64,,Active
SUB-005883,1321,Starter,Quarterly ,24/10/2025,"Feb 27, 2026",USD 52.43,15 %, Cancelled
SUB-005884,281,professional,Quarterly ,28 Feb 2025,"Jul 25, 2025",145.12,20.0%,PAUSED
SUB-005885,1201,Enterprise , Monthly ,02-04-2025,03/03/2026,$772,5.0%,EXPIRED
SUB-005886,604,STARTER,ANNUAL,11/28/2025,,51.13,15.0%,Active 
SUB-005887,1120,Business,Monthly ,2025-05-04,,342.30,10%,Active 
SUB-005888,1422, Professional, Quarterly,"Jun 06, 2025",17/09/2025,$151,20.0%, Paused
SUB-005889,723, Professional,Annual ,"Aug 20, 2025",,$169.03,0%,ACTIVE
SUB-005890,250,Professional ,Monthly ,07/06/2025,,168.16 USD,5 %, Active 
SUB-005891,1381, Starter,quarterly,16 Sep 2025,,47.21,5.0%,Active 
SUB-005892,679,Business,Annual,28 May 2025,04/01/2026,299.14,,EXPIRED
SUB-005893,1082,Business,MONTHLY,2025-09-30,26 Jul 2026,317.19, 20% ,EXPIRED
SUB-005894,198,Starter , Monthly ,31-05-2025,,USD 50.45,0%,Active
SUB-005895,1339, Free ,monthly,01 Jan 2025,24-07-2025,0.00,5%, Expired
SUB-005896,1301,STARTER,Quarterly ,24-04-2025,,USD 56.27,20.0%, Active
SUB-005897,77, Business , Monthly ,17 Mar 2025,,325.36, 10% , Active 
SUB-005898,1115, Starter ,Annual,06-02-2025,,USD 49.46,15.0%, Active
SUB-005899,64, Free,annual,2025-03-01,,0.00,20.0%, Active 
SUB-005900,1109,Starter ,Monthly ,08/11/2025,,45.17,15 %,Active 
SUB-005901,590,professional,Monthly,20-08-2025,,152.55 USD, 5% , Active 
SUB-005902,1134,Free , Monthly ,08/22/2025,,0.00,10.0%,active
SUB-005903,1030,enterprise,Annual,05/16/2025,2025-11-10,898.20 USD, 5% ,Paused
SUB-005904,1195, Business , Quarterly ,01/22/2025,,294.32,5%,active
SUB-005905,926,Business ,quarterly,01/07/2025,,USD 308.82,15.0%, Active
SUB-005906,140,Professional , Monthly ,07/07/2025,30 Apr 2026,160.08 USD,0 %,Expired
SUB-005907,113,Starter ,Monthly ,"Aug 08, 2025",26/12/2025,48.27 USD,0.0%,cancelled
SUB-005908,1202,PROFESSIONAL,ANNUAL,2025-08-16,10/08/2026,136.52 USD,10 %, Expired
SUB-005909,1334,Professional, Monthly,19 Aug 2025,25-04-2026,152.93, 15% , Expired 
SUB-005910,1371,Starter,monthly,21 Aug 2025,,51.47,15.0%, Active 
SUB-005911,481,Enterprise ,MONTHLY,2025-03-31,,$720.27,20 %, Active 
SUB-005912,1388,Enterprise,Monthly,27 Jun 2025,,738.19 USD,5 %,active
SUB-005913,724, Business, Quarterly ,20-09-2025,05/10/2026,284.59, 10% ,PAUSED
SUB-005914,50,professional,QUARTERLY,03/12/2025,,147.06, 10% ,Active 
SUB-005915,289,Professional,ANNUAL,01/05/2025,"Mar 08, 2025",154.25,10 %, Paused 
SUB-005916,766,business,MONTHLY,18/12/2025,,291.06, 10% , Active 
SUB-005917,313, Enterprise ,annual,15-10-2025,,$774.27,5.0%,Active 
SUB-005918,983, Professional,Annual ,29-05-2025,10 Dec 2025,USD 166.48,0 %, Cancelled 
SUB-005919,405,Enterprise ,Quarterly ,25-03-2025,,748.07,20%,Active
SUB-005920,107,professional,Annual ,17-08-2025,05-10-2025,USD 152.56, 5% ,expired
SUB-005921,747,Enterprise ,ANNUAL,12-10-2025,,$909,20%, Active 
SUB-005922,908,starter, Quarterly ,24/09/2025,,$52, 20% ,ACTIVE
SUB-005923,248,PROFESSIONAL, Monthly,15-01-2025,19-06-2025,160.82 USD,20%,Cancelled 
SUB-005924,1108,enterprise, Quarterly ,05-10-2025,21/12/2025,805.24, 20% , Cancelled
SUB-005925,29,free, Monthly ,2025-02-15,,USD 0.00,15%,Active
SUB-005926,1044, Starter ,quarterly,"Jun 24, 2025",,USD 52.02,20.0%,Active 
SUB-005927,208, Business, Quarterly,10-01-2025,,$316,10 %,ACTIVE
SUB-005928,1123,Starter,MONTHLY,06/19/2025,,45.45 USD,0 %, Active 
SUB-005929,210,Professional,monthly,"Jan 05, 2025",,151.32, 0% ,Active
SUB-005930,1156,starter,ANNUAL,02 Jan 2025,10/05/2025,USD 55.31,0 %,Cancelled
SUB-005931,980,Professional,Monthly,28-02-2025,,141.74 USD, 10% ,Active 
SUB-005932,701, Starter,quarterly,"Jul 04, 2025",,USD 49.75,20%,Active 
SUB-005933,1223,BUSINESS, Monthly,2025-09-11,,303.57,, Active
SUB-005934,1372, Starter ,Monthly,06/06/2025,,54.03,0%, Active 
SUB-005935,490, Professional,Quarterly,27 Jul 2025,,USD 164.82,15%,ACTIVE
SUB-005936,287,BUSINESS,monthly,04/08/2025,10/31/2025,325.86,15 %,Cancelled 
SUB-005937,1401, Free,QUARTERLY,"Mar 30, 2025",,0.00,0.0%,ACTIVE
SUB-005938,1054,ENTERPRISE, Monthly,"Oct 20, 2025",,$733.49,20 %, Active
SUB-005939,662,Professional,monthly,26/05/2025,,USD 147.12,10.0%,Active
SUB-005940,306,STARTER,annual,26-11-2025,02/21/2026,52.43 USD, 20% ,Expired 
SUB-005941,1156, Starter ,Annual ,14/07/2025,,52.71,10.0%, Active
SUB-005942,1438,starter,Quarterly ,28 Feb 2025,,55.92,20.0%,ACTIVE
SUB-005943,245,Professional,Quarterly,10-01-2025,,$151.00,20 %, Active
SUB-005944,27,Business,Annual ,11/09/2025,"Feb 25, 2026",316.37 USD,5.0%, Paused 
SUB-005945,108,Free ,ANNUAL,04/04/2025,,$0,5.0%,ACTIVE
SUB-005946,1012,Free ,monthly,07/24/2025,26-09-2025,$0.00, 5% , Cancelled
SUB-005947,1006,starter,Monthly ,03-09-2025,,$50,15 %, Active 
SUB-005948,1218,free,Quarterly ,01 Mar 2025,21-08-2025,$0,20.0%,expired
SUB-005949,1198,Professional ,MONTHLY,17-04-2025,,$169.52,0 %,Active 
SUB-005950,426, Free,ANNUAL,04/10/2025,,$0.00, 10% ,Active 
SUB-005951,1218,Professional ,annual,18 Dec 2025,,$171,10 %,ACTIVE
SUB-005952,1319, Professional ,monthly,17 Dec 2025,"Oct 22, 2026",$154.30,0.0%,Cancelled
SUB-005953,669,business, Monthly ,23-11-2025,2026-09-22,USD 287.22,0 %, Paused 
SUB-005954,379,Starter,Quarterly,2025-10-29,,$46,5.0%,Active
SUB-005955,604,professional, Monthly,28/07/2025,,$139, 5% , Active
SUB-005956,1315, Free,Quarterly,"Oct 06, 2025",01-06-2026,0.00,, Cancelled 
SUB-005957,887, Professional,Annual ,"Jan 05, 2025",,$134.92,15.0%,active
SUB-005958,1316, Professional, Annual,18-04-2025,,150.68 USD,20%,Active 
SUB-005959,140, Starter ,Quarterly ,04 Feb 2025,2025-06-21,USD 56.21,20 %,EXPIRED
SUB-005960,1368, Business ,Quarterly ,20/04/2025,12/06/2025,USD 319.19,10%, Cancelled 
SUB-005961,562,Professional ,annual,12/19/2025,"Mar 07, 2026",USD 162.40,0%, Cancelled
SUB-005962,573,enterprise, Annual ,01/04/2025,,742.87,20 %, Active
SUB-005963,302,Free,Annual,12/16/2025,,USD 0.00,20 %,active
SUB-005964,567,Business,Monthly ,"Aug 28, 2025",,290.50,5%,Active 
SUB-005965,53, Professional ,Quarterly ,"Feb 08, 2025",,$167,10 %,active
SUB-005966,261, Free,QUARTERLY,02/10/2025,06 Mar 2026,$0, 15% ,Paused
SUB-005967,763, Starter ,Quarterly,29/10/2025,,$50,5%,Active
SUB-005968,808, Business,QUARTERLY,08-07-2025,11-09-2025,313.06 USD,10.0%, Expired 
SUB-005969,577,STARTER, Annual,"Aug 09, 2025",,$50, 15% , Active 
SUB-005970,884,Enterprise,ANNUAL,04-01-2025,,$885,10%, Active 
SUB-005971,210,Starter,Monthly ,18-08-2025,2026-03-14,46.94 USD,15%, Cancelled
SUB-005972,741, Business ,Annual ,25 Jun 2025,,297.31,5.0%,active
SUB-005973,355, Professional , Monthly,08-11-2025,,163.61 USD, 10% ,active
SUB-005974,508,professional,Quarterly,05-02-2025,,$153.77,15.0%, Active
SUB-005975,1465, Business,Annual,"Aug 28, 2025",,$299,0 %,Active 
SUB-005976,1491, Free, Annual,11 Feb 2025,,$0,0.0%,ACTIVE
SUB-005977,1331,FREE,quarterly,24-06-2025,,0.00,5.0%,Active
SUB-005978,1311,Professional, Annual,01 Jun 2025,,$170.31,15.0%, Active
SUB-005979,703, Business, Quarterly ,2025-06-06,,315.47,15.0%, Active
SUB-005980,567,ENTERPRISE,Annual ,2025-04-29,"Jan 20, 2026",$890,0 %, Expired 
SUB-005981,27,Free ,monthly,"Jul 08, 2025",,$0.00,20 %,Active
SUB-005982,343,Business,Monthly,01/05/2025,,286.42 USD,0%,Active
SUB-005983,459,professional,monthly,"Jul 30, 2025",,$135,20.0%, Active
SUB-005984,4,business,annual,16/11/2025,"Jul 18, 2026",317.94 USD,5.0%, Expired 
SUB-005985,107, Enterprise ,MONTHLY,20/03/2025,2026-01-21,817.60 USD, 5% ,Expired
SUB-005986,84,PROFESSIONAL, Monthly ,"Mar 08, 2025",,163.23,15%,Active
SUB-005987,822,STARTER, Annual,17 Dec 2025,,52.61,, Active 
SUB-005988,348, Professional ,Annual ,"Mar 31, 2025",,$170.90, 20% ,ACTIVE
SUB-005989,96, Professional, Annual ,"Apr 06, 2025",,153.11 USD,5 %,Active 
SUB-005990,339,business,Annual ,"Sep 09, 2025",,301.03 USD,10 %,ACTIVE
SUB-005991,648, Starter,Quarterly ,01/27/2025,,$48,5%,Active 
SUB-005992,705,PROFESSIONAL,Monthly ,15/03/2025,,$151.86,15.0%,ACTIVE
SUB-005993,1062, Starter, Annual ,04/01/2025,05/26/2025,54.79,20 %,paused
SUB-005994,540,professional,annual,18-06-2025,,135.68,5%, Active
SUB-005995,376,Business,Monthly ,25 Apr 2025,,342.20,20.0%, Active 
SUB-005996,394,enterprise,Annual,05/15/2025,,917.51,10.0%,ACTIVE
SUB-005997,299,professional,Monthly ,01 Jul 2025,,$156,15%, Active 
SUB-005998,925, Business, Annual ,28-02-2025,,293.88 USD, 20% ,ACTIVE
SUB-005999,1470, Free , Monthly,12-03-2025,,$0,5 %,Active 
SUB-006000,737, Starter ,quarterly,01-01-2025,14/02/2025,USD 47.49,15%, Expired 
SUB-006001,477,professional,Monthly ,2025-01-31,,$135.97,0%,Active
SUB-006002,1146,Free,annual,"Mar 30, 2025","Jun 25, 2025",0.00,5%,EXPIRED
SUB-006003,235, Business,MONTHLY,08/27/2025,,$273.38,, Active
SUB-006004,361,BUSINESS,monthly,"Nov 01, 2025",,322.81,10%,Active 
SUB-006005,980, Enterprise , Monthly ,2025-06-12,10/09/2025,$793,5.0%,cancelled
SUB-006006,1452,PROFESSIONAL,QUARTERLY,02/02/2025,"Nov 05, 2025",141.53,20.0%,cancelled
SUB-006007,544, Business,quarterly,"Jul 20, 2025",,309.83, 10% ,active
SUB-006008,377,business,Annual,2025-01-12,,$341.89,10 %, Active 
SUB-006009,125,Professional,ANNUAL,14 Jan 2025,11/01/2026,$159.99,15.0%,CANCELLED
SUB-006010,224, Enterprise ,Annual,04/21/2025,02/02/2026,817.33 USD,0.0%,paused
SUB-006011,717,Professional,monthly,07/02/2025,,163.04 USD,20%,ACTIVE
SUB-006012,172,Professional,QUARTERLY,04/05/2025,,161.57,20%, Active 
SUB-006013,708, Professional,Quarterly ,09/11/2025,,USD 167.32,15%,Active 
SUB-006014,210, Professional ,annual,12-10-2025,,141.72 USD, 0% ,active
SUB-006015,1297, Starter ,Monthly ,10/22/2025,,$55,5.0%,active
SUB-006016,1214, Professional ,QUARTERLY,05/17/2025,04 Dec 2025,145.31,0.0%, Cancelled 
SUB-006017,287, Free ,monthly,16-08-2025,,$0,15 %,Active
SUB-006018,88, Professional , Quarterly,02-06-2025,"Jul 21, 2025",$145,15 %, Expired 
SUB-006019,323, Professional ,Quarterly ,30 May 2025,,$169, 5% ,active
SUB-006020,656, Business , Annual,20 Sep 2025,,341.14 USD, 20% ,active
SUB-006021,727, Enterprise ,Quarterly,10/13/2025,,748.16 USD, 5% ,active
SUB-006022,133,Enterprise,MONTHLY,07 Feb 2025,,$914, 5% , Active 
SUB-006023,991,Enterprise ,monthly,19 Aug 2025,,736.22,0.0%,Active
SUB-006024,1204, Enterprise,annual,07-05-2025,,USD 762.76, 10% ,ACTIVE
SUB-006025,382,Starter,Annual,"Dec 03, 2025",,USD 49.54, 15% , Active
SUB-006026,1422, Starter,QUARTERLY,01 Jan 2025,,56.27,0.0%,ACTIVE
SUB-006027,624,Professional,Annual ,07/26/2025,,152.30,10%,Active
SUB-006028,101, Business, Annual ,2025-01-10,02/16/2025,310.24,5 %,Expired
SUB-006029,125,enterprise, Quarterly ,03-10-2025,,$857.81,0.0%,Active
SUB-006030,181,Enterprise,Annual,2025-06-08,,912.52 USD,15 %, Active
SUB-006031,883, Enterprise , Monthly ,11-08-2025,,$876,20%,ACTIVE
SUB-006032,1197, Starter,Annual ,22 Jun 2025,,46.85, 0% , Active 
SUB-006033,1470,professional, Monthly,19 Jun 2025,,145.39,10%,Active 
SUB-006034,63,STARTER,ANNUAL,23/02/2025,,$45.30,15 %,active
SUB-006035,453, Free ,MONTHLY,08 May 2025,,0.00 USD,10%,Active 
SUB-006036,326, Starter ,Monthly ,13 Nov 2025,,$46,20.0%,Active
SUB-006037,180, Starter,Quarterly ,04/12/2025,01/20/2026,47.25,15%, Cancelled 
SUB-006038,308, Starter,annual,04/02/2025,,USD 54.98,0%, Active
SUB-006039,1112,enterprise,quarterly,2025-03-06,2025-04-06,USD 784.37,15.0%, Paused 
SUB-006040,1169,FREE,Annual ,02/28/2025,,USD 0.00,5.0%,Active 
SUB-006041,508,Business,Annual,10/13/2025,,$299,5 %,Active
SUB-006042,176, Starter ,quarterly,12-12-2025,,$45.01,5.0%,ACTIVE
SUB-006043,851, Professional,Monthly,24/12/2025,,147.62 USD,,Active
SUB-006044,1225,enterprise,QUARTERLY,19/06/2025,01-06-2026,USD 800.61,0 %,Expired 
SUB-006045,217,STARTER, Monthly,21 Apr 2025,,$55,15.0%,Active
SUB-006046,1490, Free , Annual,11/08/2025,,USD 0.00, 20% , Active
SUB-006047,921,professional,monthly,30/04/2025,,148.23, 20% ,active
SUB-006048,43,professional, Quarterly ,2025-02-16,,163.26,15%, Active 
SUB-006049,396,Professional, Quarterly,2025-05-26,12 Apr 2026,USD 162.37,10%,Cancelled
SUB-006050,307,Professional,Monthly ,13-06-2025,06/06/2026,163.84 USD,15.0%, Paused 
SUB-006051,825, Business, Quarterly,14/03/2025,,340.39,5 %, Active 
SUB-006052,1232,FREE, Quarterly ,"Jul 03, 2025",,0.00 USD,20%,Active
SUB-006053,444,Business, Quarterly,07/29/2025,,$300,5.0%,Active
SUB-006054,1241,business, Quarterly,"Nov 27, 2025",,$331,0%,Active
SUB-006055,1315,Starter ,Quarterly,15-11-2025,,50.33 USD, 0% ,ACTIVE
SUB-006056,292, Free ,MONTHLY,12-01-2025,2025-09-15,0.00 USD,0 %,EXPIRED
SUB-006057,1472,Starter,Annual,28/05/2025,,47.81,20%,ACTIVE
SUB-006058,1154,STARTER,QUARTERLY,08 Mar 2025,,USD 46.84,5.0%, Active
SUB-006059,204, Professional, Annual,"Oct 12, 2025",,139.50 USD,10.0%,Active 
SUB-006060,873,Starter, Annual,25 Dec 2025,16/12/2026,$46.36,15 %, Expired
SUB-006061,1218,Enterprise,ANNUAL,28/10/2025,2026-10-12,731.72, 10% ,cancelled
SUB-006062,178, Professional,annual,28 Aug 2025,,$167, 0% ,Active 
SUB-006063,103,Professional, Monthly,22/01/2025,,168.78 USD,10 %,active
SUB-006064,669,enterprise, Monthly ,24/10/2025,,$836.31,20 %, Active 
SUB-006065,1052,Business ,Annual,10/26/2025,,USD 331.93,,Active 
SUB-006066,499, Business ,Quarterly ,"Jul 19, 2025",,$282.82,0%,Active 
SUB-006067,241,Professional,Monthly ,"Sep 02, 2025",,USD 167.69, 5% ,Active
SUB-006068,558,PROFESSIONAL,Monthly ,11-11-2025,,$152.96,5 %, Active 
SUB-006069,181,Professional, Annual,07 Sep 2025,,USD 136.60, 10% , Active 
SUB-006070,811, Professional, Quarterly ,"Oct 08, 2025",,$139.36,15%,Active
SUB-006071,1291, Starter ,Annual ,30-09-2025,,$47.88,15%,active
SUB-006072,1276,Starter ,MONTHLY,07-09-2025,,44.63,10 %,Active
SUB-006073,530,Enterprise ,Quarterly ,24/10/2025,04-03-2026,$781, 20% ,Expired 
SUB-006074,190, Starter ,MONTHLY,11 Jul 2025,2026-02-07,USD 44.83,20%,PAUSED
SUB-006075,595,STARTER, Monthly ,08 Jun 2025,,46.99 USD,0%, Active 
SUB-006076,858,Business ,Quarterly ,02/28/2025,,$288.96,, Active
SUB-006077,1356,Business ,Annual,14-05-2025,,$343,20 %,Active 
SUB-006078,1308,Starter,monthly,14 Jul 2025,,$47,,Active 
SUB-006079,1259,STARTER,Monthly,10/17/2025,,USD 47.03,10.0%,Active
SUB-006080,1206,Professional ,Monthly,28 Jul 2025,10-09-2025,159.68 USD,5 %,Cancelled
SUB-006081,986,PROFESSIONAL,MONTHLY,2025-05-22,,166.11,0 %,Active 
SUB-006082,1408, Starter, Annual ,"Nov 29, 2025","Mar 18, 2026",$49, 15% ,Expired 
SUB-006083,1417,Professional ,Annual ,"Jan 29, 2025",19/11/2025,166.72,0 %,cancelled
SUB-006084,1180,Starter,Annual ,27 Nov 2025,,48.27, 10% , Active
SUB-006085,80,Free,monthly,04/02/2025,,$0,15.0%,ACTIVE
SUB-006086,768,Starter , Monthly ,"Sep 01, 2025",,48.14,15 %, Active
SUB-006087,1220,PROFESSIONAL,quarterly,2025-10-10,"Sep 12, 2026",$157, 0% , Cancelled
SUB-006088,1431,Enterprise,QUARTERLY,09/09/2025,,792.44,10.0%, Active 
SUB-006089,447,starter,Quarterly ,2025-03-04,,52.34 USD,0%,ACTIVE
SUB-006090,412,Business ,Quarterly,2025-03-16,08/25/2025,286.81,15 %,cancelled
SUB-006091,117,Starter ,quarterly,11 Mar 2025,,52.69,0%, Active
SUB-006092,762, Enterprise,Annual,"Jan 28, 2025",,788.50 USD,15.0%,Active 
SUB-006093,1081,enterprise,annual,"Jan 05, 2025",,810.16 USD,15 %,Active 
SUB-006094,1408,professional,ANNUAL,14/11/2025,"Mar 01, 2026",USD 154.88,15%,CANCELLED
SUB-006095,197,Starter, Annual ,2025-11-07,,$52.51,15.0%,active
SUB-006096,1185,business,QUARTERLY,01/09/2025,,USD 286.94, 0% ,Active
SUB-006097,835,Starter ,Annual ,16-09-2025,01 Jul 2026,USD 54.34,5%,Cancelled
SUB-006098,759,Professional,Quarterly,"Dec 20, 2025",,$160.99,0%, Active
SUB-006099,894,Business, Monthly ,2025-10-07,,286.60 USD,20%,ACTIVE
SUB-006100,991,Free,MONTHLY,10 Oct 2025,01/02/2026,$0.00,0.0%,cancelled
SUB-006101,697,Professional,QUARTERLY,10/26/2025,,158.86 USD,15%,Active 
SUB-006102,878,Business , Annual,"Sep 09, 2025",,$303,0 %,Active 
SUB-006103,408,Free,Quarterly ,11 Sep 2025,,0.00,15.0%, Active 
SUB-006104,983, Professional , Quarterly,"May 06, 2025",,153.96,10.0%, Active
SUB-006105,1409,FREE,Quarterly,06-11-2025,,$0, 0% ,Active 
SUB-006106,1099,Professional,Monthly,22/01/2025,,150.10,10 %, Active
SUB-006107,81,Free ,ANNUAL,10 Jun 2025,,0.00,5%,Active
SUB-006108,860, Professional,annual,10-09-2025,,160.92,0.0%,active
SUB-006109,1425,FREE,Annual ,03-03-2025,08/28/2025,USD 0.00,20%,cancelled
SUB-006110,63,Starter, Monthly,13/09/2025,,54.17,20%,Active
SUB-006111,44, Business , Monthly,10-03-2025,25/09/2025,293.48,5%,Cancelled 
SUB-006112,652, Professional,quarterly,05/05/2025,"Aug 26, 2025",150.64,0.0%,PAUSED
SUB-006113,399,Starter ,MONTHLY,15-03-2025,,53.56,0.0%, Active 
SUB-006114,433,professional, Monthly ,10/22/2025,,$157.40,0.0%,ACTIVE
SUB-006115,1093,BUSINESS, Annual,"Jun 25, 2025",23-10-2025,USD 292.12,10%,Paused 
SUB-006116,1098,free,Annual ,"Apr 16, 2025",,USD 0.00,,Active
SUB-006117,708,starter,Monthly ,2025-08-28,03/07/2026,47.85,5%, Paused
SUB-006118,581,Starter,Annual,25-07-2025,,$51, 20% ,Active
SUB-006119,1402,free,quarterly,2025-01-18,21/03/2025,0.00, 0% , Expired
SUB-006120,313,Starter ,Quarterly ,09 Jun 2025,,52.99 USD,10 %,Active 
SUB-006121,1037,Free ,Monthly,27/03/2025,,0.00,0 %, Active 
SUB-006122,1351,professional,Monthly,04/21/2025,,$139.53,, Active
SUB-006123,47, Professional,Quarterly,03/09/2025,"Aug 22, 2025",$146,0.0%, Expired
SUB-006124,245, Starter , Annual ,2025-06-02,29 Jan 2026,46.81, 15% ,expired
SUB-006125,605,Free ,Monthly,"Feb 10, 2025",,0.00, 15% , Active
SUB-006126,645,BUSINESS,ANNUAL,"Dec 23, 2025",,$308,5 %,active
SUB-006127,1194,business,QUARTERLY,2025-01-02,,$306.98,10%,Active 
SUB-006128,997,Professional ,monthly,16/06/2025,,$162,20.0%,ACTIVE
SUB-006129,839,Professional ,annual,08/19/2025,,141.15, 10% , Active 
SUB-006130,1239,Professional , Quarterly ,04/06/2025,,169.36,10%,Active
SUB-006131,317,Starter , Monthly,08 Nov 2025,27-02-2026,$48,15.0%,Cancelled 
SUB-006132,813,PROFESSIONAL,Annual ,2025-09-17,,145.28,20%, Active
SUB-006133,262,Free,Annual,06/06/2025,27/11/2025,USD 0.00,5%,Paused
SUB-006134,1358, Starter,annual,26/02/2025,"Jun 07, 2025",$54,5 %,Cancelled 
SUB-006135,612,professional,QUARTERLY,02 Aug 2025,,$148,15%,ACTIVE
SUB-006136,1403,Starter ,Annual,02/14/2025,,53.25 USD,0 %,Active
SUB-006137,649, Professional , Monthly ,05/18/2025,11/19/2025,USD 167.02,15 %,Cancelled 
SUB-006138,534, Starter,Annual,"Feb 03, 2025","Oct 01, 2025",USD 53.49,0%,CANCELLED
SUB-006139,428,PROFESSIONAL,Monthly,28 Apr 2025,,$135,0 %,Active
SUB-006140,68,STARTER, Annual,06/06/2025,,$54,15.0%,active
SUB-006141,1060,Starter ,Monthly,07 Jun 2025,12 Mar 2026,USD 53.59, 20% , Cancelled 
SUB-006142,1012,ENTERPRISE,Monthly,16-06-2025,,unknown,10%,Active 
SUB-006143,1234, Business, Quarterly ,02 Jul 2025,,$326,0.0%,Active
SUB-006144,686,Starter, Annual ,13-01-2025,28 Jul 2025,56.10, 0% ,Cancelled 
SUB-006145,1285, Enterprise ,Monthly ,2025-08-17,,805.21 USD,20.0%,Active
SUB-006146,494,Business,monthly,05 Sep 2025,,$274.12,20%,active
SUB-006147,184,PROFESSIONAL, Annual,2025-10-27,"Sep 23, 2026",$151.27,10.0%,CANCELLED
SUB-006148,234,Free ,Annual,14 Jan 2025,,$0, 15% ,active
SUB-006149,852, Enterprise,Monthly ,01-08-2025,,777.88,15%,active
SUB-006150,665, Business, Annual,04/03/2025,26/05/2025,312.97, 15% , Expired 
SUB-006151,1318,Professional ,MONTHLY,2025-01-31,14-11-2025,USD 145.63,5 %,cancelled
SUB-006152,151, Enterprise, Quarterly,10-07-2025,,USD 856.01,10 %,Active 
SUB-006153,899,Professional, Monthly,14 Jun 2025,14 Sep 2025,164.72,10%,Paused
SUB-006154,733,STARTER,monthly,23-11-2025,"Mar 07, 2026",$49,10 %, Paused 
SUB-006155,1200,Business ,Annual ,2025-08-17,,$336.39,15 %,Active 
SUB-006156,358,Professional,monthly,24-07-2025,"Jan 03, 2026",USD 137.07,0 %,EXPIRED
SUB-006157,1374,free,ANNUAL,2025-09-04,,$0.00,20.0%,Active
SUB-006158,207,Free,Quarterly ,06/09/2025,2025-11-02,USD 0.00,15 %,Cancelled 
SUB-006159,627,PROFESSIONAL, Monthly,2025-09-16,,USD 146.09, 10% ,active
SUB-006160,312,free,Monthly ,23 Jan 2025,,0.00 USD, 5% ,ACTIVE
SUB-006161,106,Starter ,QUARTERLY,02/11/2025,,47.84,5.0%, Active 
SUB-006162,957, Professional , Monthly ,26-02-2025,,164.32 USD, 10% ,Active
SUB-006163,660, Professional,Quarterly,18-10-2025,,USD 165.08,15 %, Active
SUB-006164,546, Professional ,Monthly ,20/05/2025,,146.38, 15% ,ACTIVE
SUB-006165,1215,Professional ,Monthly ,2025-12-18,,$156.17, 15% ,Active 
SUB-006166,476, Starter,Annual,27-10-2025,,45.80 USD,,Active
SUB-006167,900, Business ,Annual,"Sep 24, 2025",,304.14,0.0%, Active
SUB-006168,1135,Enterprise , Annual ,30 Apr 2025,,918.61,,ACTIVE
SUB-006169,652, Starter,QUARTERLY,2025-12-23,,46.05,0%,active
SUB-006170,1056,starter, Monthly,03/26/2025,,$56,20.0%,ACTIVE
SUB-006171,1474,Business, Annual ,07/17/2025,"Oct 31, 2025",$331,10.0%,EXPIRED
SUB-006172,298,Professional ,Annual ,08/27/2025,2026-01-02,170.31,0 %,Cancelled 
SUB-006173,584,Business ,Annual ,02/06/2025,"Aug 10, 2025",$283,15%, Expired 
SUB-006174,957,PROFESSIONAL,QUARTERLY,20 Jul 2025,,$142,10%, Active 
SUB-006175,1291,professional, Annual,08/14/2025,,$134.73,0.0%,active
SUB-006176,18,Free,monthly,04-07-2025,,0.00,20 %,active
SUB-006177,1402,BUSINESS,annual,2025-10-08,12 Aug 2026,317.25 USD,15.0%,Expired 
SUB-006178,1233,professional,Monthly,2025-06-14,24 Nov 2025,$141, 0% ,expired
SUB-006179,811,BUSINESS,Quarterly,04/30/2025,,328.24 USD,,Active
SUB-006180,1454,STARTER,monthly,2025-01-12,,$47.77,10%,active
SUB-006181,664, Professional,Quarterly ,2025-08-18,,139.13,15%,active
SUB-006182,707,Professional , Monthly ,2025-11-25,24-07-2026,149.84 USD, 10% , Paused
SUB-006183,176,starter,MONTHLY,2025-11-09,"Aug 16, 2026",$45,5 %,Paused 
SUB-006184,412,BUSINESS, Monthly ,"Apr 19, 2025",,288.78,10 %,Active
SUB-006185,496,professional, Monthly,"Dec 28, 2025",,147.93,5%, Active 
SUB-006186,1004,Professional ,Annual,"Jan 15, 2025",,165.83, 5% , Active 
SUB-006187,140, Professional ,Annual ,"Oct 30, 2025",,163.62 USD,20.0%, Active 
SUB-006188,1426,starter,ANNUAL,09/19/2025,,$49.52, 20% ,active
SUB-006189,1388,Starter, Quarterly ,05/11/2025,,52.98, 15% ,active
SUB-006190,281,BUSINESS,Monthly,"Jan 26, 2025",,$311.61, 20% , Active
SUB-006191,1401, Starter , Quarterly,02/01/2025,07/06/2025,$48,15.0%,cancelled
SUB-006192,674,Free,monthly,18/09/2025,,0.00, 5% ,Active 
SUB-006193,1418,STARTER,MONTHLY,10/20/2025,,52.47,20.0%,Active
SUB-006194,549, Business ,Monthly ,07-06-2025,,315.38 USD,15 %,active
SUB-006195,179, Business ,Annual ,2025-11-10,"Feb 03, 2026",USD 315.29,0.0%, Paused 
SUB-006196,1211,Starter ,ANNUAL,19 Jan 2025,,52.47,5.0%,Active 
SUB-006197,93,STARTER,MONTHLY,13-02-2025,16 May 2025,48.81,10.0%, Cancelled 
SUB-006198,389, Professional, Monthly,25 Jan 2025,,USD 166.47,5 %, Active 
SUB-006199,856,PROFESSIONAL, Annual,2025-11-07,02/22/2026,USD 140.15,5 %,Paused
SUB-006200,716,free,MONTHLY,2025-12-21,,USD 0.00, 20% ,Active 
SUB-006201,1356,Enterprise, Monthly,2025-07-22,05 Feb 2026,787.47 USD, 5% , Cancelled 
SUB-006202,724, Professional,QUARTERLY,29-11-2025,"Jul 09, 2026",USD 138.76,5.0%,EXPIRED
SUB-006203,623,starter,Monthly,24/03/2025,,$51.45,15.0%, Active 
SUB-006204,1013,STARTER,Monthly,16 Jan 2025,,$48.71,20%,ACTIVE
SUB-006205,728,starter, Quarterly,21 May 2025,,$54,5.0%,Active 
SUB-006206,147,professional,QUARTERLY,01-04-2025,,150.15,5.0%, Active 
SUB-006207,44, Starter, Annual,27/12/2025,,USD 52.29,5.0%,ACTIVE
SUB-006208,1390,professional, Annual ,07-06-2025,04/19/2026,$146,10 %,CANCELLED
SUB-006209,755,Professional,quarterly,2025-08-11,2026-01-16,$142,20 %,Cancelled
SUB-006210,109,Professional ,monthly,2025-06-21,"Feb 07, 2026",148.55 USD, 0% , Cancelled 
SUB-006211,567, Business, Quarterly ,11-12-2025,,USD 314.46, 10% , Active
SUB-006212,1430, Professional ,monthly,12/07/2025,,USD 158.57,,Active
SUB-006213,487, Business, Annual ,28/07/2025,,312.32, 5% , Active
SUB-006214,1227,BUSINESS, Quarterly ,11/16/2025,,342.96 USD,20 %,ACTIVE
SUB-006215,1385,STARTER, Annual,06/13/2025,,52.57, 0% ,Active
SUB-006216,677, Professional ,Quarterly,19/05/2025,,168.80 USD,10.0%, Active 
SUB-006217,1222, Starter, Annual,"Oct 06, 2025",2026-09-06,$45.54,20 %, Cancelled 
SUB-006218,647,Professional ,Annual,"Sep 25, 2025",,136.39,10 %,Active 
SUB-006219,1156,Starter,QUARTERLY,27 Aug 2025,,$48,0 %,Active 
SUB-006220,90, Professional ,Monthly ,21/03/2025,,139.19 USD, 15% ,Active 
SUB-006221,32,BUSINESS,Annual ,02-05-2025,,$308, 15% , Active
SUB-006222,658,STARTER, Annual,02/02/2025,,USD 50.46, 0% ,Active 
SUB-006223,1262, Starter , Quarterly ,13 Mar 2025,,51.14 USD,10%,ACTIVE
SUB-006224,424,free, Quarterly ,30-01-2025,,0.00,15 %, Active 
SUB-006225,375,ENTERPRISE,Annual ,06/06/2025,,913.12,20 %,Active
SUB-006226,760, Free,QUARTERLY,29 Aug 2025,,0.00 USD,20.0%,Active 
SUB-006227,1383,ENTERPRISE,Annual,09/28/2025,09/11/2026,$743, 0% , Cancelled
SUB-006228,1487,professional,MONTHLY,"Oct 25, 2025",2026-09-19,146.71,20.0%,Paused
SUB-006229,910,PROFESSIONAL,annual,12-03-2025,2025-09-20,143.63 USD, 0% ,CANCELLED
SUB-006230,258,Business , Monthly,05/09/2025,26 Feb 2026,282.32, 20% ,cancelled
SUB-006231,1461,BUSINESS,Quarterly,14-10-2025,2026-08-17,$309.82,10.0%, Paused 
SUB-006232,620, Starter ,Monthly,04/27/2025,,50.88,10%,ACTIVE
SUB-006233,1024,Business,Monthly ,27 Jan 2025,2025-05-03,286.09 USD,15%,Expired
SUB-006234,1331,Starter ,Monthly ,12-05-2025,,USD 52.82,10%,ACTIVE
SUB-006235,1224,Professional,Monthly ,11/03/2025,,USD 161.40,10%,Active
SUB-006236,216,Professional, Annual,16/06/2025,,$135,15.0%, Active
SUB-006237,83,starter, Quarterly,"Mar 03, 2025",,48.95,20 %,Active
SUB-006238,515,Free,Quarterly,2025-02-26,,$0.00, 5% ,Active 
SUB-006239,717, Starter ,Quarterly,20 Jan 2025,24 Aug 2025,$50,5.0%,EXPIRED
SUB-006240,648, Professional ,Quarterly ,16-10-2025,,$147,20.0%, Active
SUB-006241,1433, Business, Annual ,24 Oct 2025,,USD 288.06,0%, Active
SUB-006242,1422,professional, Quarterly,15-07-2025,,143.16 USD,5%,Active 
SUB-006243,1112,Starter , Quarterly ,15/09/2025,04/28/2026,45.32, 15% ,Expired 
SUB-006244,653,FREE, Quarterly,04/04/2025,08/26/2025,USD 0.00, 15% ,PAUSED
SUB-006245,355,starter,quarterly,2025-05-17,03/17/2026,45.16 USD,15%, Cancelled 
SUB-006246,1471,business,quarterly,02-04-2025,2025-05-18,290.95, 20% ,CANCELLED
SUB-006247,571,FREE,quarterly,01/06/2025,2025-09-27,USD 0.00, 0% ,Paused 
SUB-006248,1214, Professional ,MONTHLY,01 Sep 2025,,163.21 USD,, Active 
SUB-006249,894, Free,annual,05/06/2025,,USD 0.00, 15% ,active
SUB-006250,1102,starter, Monthly ,08 Nov 2025,2025-12-11,47.88 USD,20%,Paused
SUB-006251,465,BUSINESS,MONTHLY,"Sep 05, 2025",24-06-2026,311.95,,Cancelled
SUB-006252,180,Professional ,Quarterly,2025-10-10,02/02/2026,$149,0.0%,Expired 
SUB-006253,44, Business, Monthly,13 Jul 2025,,$290.20,0.0%, Active 
SUB-006254,170,Starter ,monthly,11/17/2025,2026-08-13,$47.47,0%, Cancelled
SUB-006255,941,Professional,Quarterly ,"Dec 13, 2025",,163.82,0.0%,Active
SUB-006256,1298, Professional ,monthly,"Sep 19, 2025",,$170.38,20.0%,ACTIVE
SUB-006257,392, Business,quarterly,16-02-2025,12/05/2025,295.12 USD,0.0%,cancelled
SUB-006258,170,Professional,Quarterly,02/05/2025,,$136,5 %, Active 
SUB-006259,1246, Business , Annual,"Jul 04, 2025",2025-09-10,$272, 20% ,PAUSED
SUB-006260,1012,PROFESSIONAL,quarterly,2025-03-05,07-07-2025,162.38,15%, Cancelled 
SUB-006261,354, Professional ,QUARTERLY,04/29/2025,,USD 154.68,0 %,ACTIVE
SUB-006262,199, Professional, Annual,"Oct 12, 2025",,$163.29, 5% ,ACTIVE
SUB-006263,320,starter, Monthly,12-02-2025,,52.64,0.0%,Active
SUB-006264,1290, Business, Annual ,23/08/2025,"Aug 23, 2026",336.94,, Cancelled
SUB-006265,697,free,ANNUAL,04/15/2025,,$0,5.0%, Active
SUB-006266,863,Starter ,monthly,13/11/2025,,53.76 USD, 0% ,active
SUB-006267,12,starter,quarterly,"Jun 22, 2025",,USD 49.92,5.0%,Active
SUB-006268,694,PROFESSIONAL, Annual ,2025-12-18,,$146, 0% ,Active
SUB-006269,1342,Professional,Annual,04 Sep 2025,"Jun 21, 2026",$153,5%,Cancelled 
SUB-006270,1422,Professional,Monthly,2025-09-22,,152.80 USD,10%,Active
SUB-006271,454, Starter,Monthly,29/04/2025,,51.58 USD,20 %,ACTIVE
SUB-006272,1154, Enterprise,monthly,28 Mar 2025,,$756,0%, Active
SUB-006273,1237, Starter,Quarterly ,2025-05-30,05 May 2026,$52,15%,Cancelled
SUB-006274,321,Starter,ANNUAL,05/04/2025,,49.69,20%,Active
SUB-006275,1012,enterprise,MONTHLY,"Nov 06, 2025",03 Mar 2026,USD 842.99,20.0%,Paused
SUB-006276,363,Professional ,Monthly ,08-12-2025,"Jun 14, 2026",$143.03, 0% ,CANCELLED
SUB-006277,96,Starter, Quarterly ,23-04-2025,,49.42,0%,ACTIVE
SUB-006278,216,STARTER,monthly,01/30/2025,,USD 46.67, 5% , Active 
SUB-006279,344,BUSINESS,Quarterly ,07/09/2025,"Feb 02, 2026",$334.53,15.0%, Cancelled 
SUB-006280,1126,STARTER,Quarterly ,04/04/2025,,$50,0 %,Active
SUB-006281,1039,PROFESSIONAL, Quarterly ,15-06-2025,04/01/2026,$142,20.0%, Cancelled 
SUB-006282,32,free,QUARTERLY,02/03/2025,05-02-2026,0.00 USD,15%,Paused
SUB-006283,657,Business ,monthly,18/08/2025,,319.61 USD,20%, Active
SUB-006284,229,Free,QUARTERLY,26-08-2025,2025-10-11,0.00, 5% , Paused
SUB-006285,75, Business, Quarterly ,06-05-2025,18-08-2025,USD 343.07,0%, Expired 
SUB-006286,1048, Starter ,Quarterly ,05/01/2025,,50.64 USD, 5% ,active
SUB-006287,54,FREE,quarterly,"May 17, 2025",,0.00,20 %, Active
SUB-006288,803,starter,quarterly,05/08/2025,08-08-2025,52.16 USD,5%,cancelled
SUB-006289,1295,PROFESSIONAL,Monthly,19-12-2025,,USD 144.35,10.0%, Active 
SUB-006290,1240, Professional , Monthly,"Nov 10, 2025",,164.66 USD, 0% ,Active 
SUB-006291,856, Free , Quarterly ,"Jul 22, 2025",,0.00 USD,15%, Active
SUB-006292,1351,PROFESSIONAL, Quarterly,2025-12-29,10/10/2026,USD 170.91,0 %,EXPIRED
SUB-006293,1091,professional,Annual,25/08/2025,,156.64,10 %,active
SUB-006294,1392, Starter,QUARTERLY,16/09/2025,,$54.44,15.0%,Active
SUB-006295,1109, Starter,monthly,06/28/2025,,USD 44.99,15 %,ACTIVE
SUB-006296,391, Professional, Quarterly ,10/15/2025,,147.07, 0% , Active 
SUB-006297,771,FREE,Annual,02/25/2025,,0.00,10 %,Active
SUB-006298,1357,starter, Monthly ,"Oct 14, 2025",02/04/2026,$52.12,5 %,Paused 
SUB-006299,1030,professional,MONTHLY,20 Mar 2025,,141.34 USD,10.0%,Active
SUB-006300,457, Enterprise, Monthly ,"Dec 30, 2025",,USD 790.25,20 %,active
SUB-006301,337,Starter,Annual ,"Nov 22, 2025",,USD 47.33,15.0%,Active 
SUB-006302,577,professional,ANNUAL,07/11/2025,,156.95 USD,20.0%, Active 
SUB-006303,1056,Free ,MONTHLY,11/02/2025,,$0.00,0 %, Active
SUB-006304,1213,Free ,Monthly ,09/08/2025,,$0, 10% ,Active
SUB-006305,764, Starter, Quarterly,"Mar 06, 2025",12/04/2025,46.64,15.0%, Paused
SUB-006306,581,Enterprise , Monthly,07/15/2025,,800.80, 10% ,active
SUB-006307,138,STARTER, Quarterly,16 Mar 2025,,46.49, 20% ,ACTIVE
SUB-006308,865, Starter, Annual ,"Sep 19, 2025",14/08/2026,$55.89,20 %,Paused
SUB-006309,2, Starter ,quarterly,02/08/2025,,USD 45.99,10 %, Active 
SUB-006310,209,Business,MONTHLY,03/06/2025,,$337.37,5 %,ACTIVE
SUB-006311,1454,Free, Annual ,16-10-2025,12 Oct 2026,$0.00,20 %, Paused
SUB-006312,1153,starter, Quarterly ,2025-09-19,,$48.73, 0% , Active 
SUB-006313,59,Business, Monthly,10-06-2025,,286.39 USD,20.0%,active
SUB-006314,1232,Professional ,quarterly,01/01/2025,11-12-2025,157.78 USD,10.0%, Expired
SUB-006315,964,free,Quarterly ,"Feb 05, 2025",27 Jun 2025,USD 0.00,20 %,CANCELLED
SUB-006316,281, Starter,QUARTERLY,06/10/2025,05-02-2026,$50,10 %, Expired 
SUB-006317,1213,Professional, Quarterly,2025-03-12,,$136,5%, Active
SUB-006318,1077,starter, Annual ,24-12-2025,,55.35 USD, 20% , Active 
SUB-006319,1198, Starter ,quarterly,11-11-2025,05/26/2026,USD 56.11, 0% ,Paused 
SUB-006320,1246,Free, Annual ,11/20/2025,,$0.00,0%,Active
SUB-006321,14,Professional , Annual ,2025-10-01,05/11/2026,$157, 5% , Paused
SUB-006322,199, Starter , Monthly,31-10-2025,,$50, 15% , Active 
SUB-006323,1474, Professional ,Monthly,29/11/2025,,$146, 15% , Active
SUB-006324,454,Business , Monthly,2025-11-17,,274.88, 10% ,Active
SUB-006325,604,Professional,quarterly,"Aug 03, 2025",,151.09,0 %,ACTIVE
SUB-006326,1498,Free ,Monthly ,08/21/2025,,$0.00, 0% , Active
SUB-006327,1089,Professional,quarterly,"Jul 05, 2025",,USD 134.73,,ACTIVE
SUB-006328,101, Business, Monthly ,10/12/2025,2026-01-17,312.61, 15% , Cancelled
SUB-006329,95,Professional ,Quarterly,18 Jan 2025,,166.91,10%, Active
SUB-006330,1438, Starter ,Monthly ,19-03-2025,,$47, 10% ,active
SUB-006331,293,Business , Quarterly ,01/24/2025,,USD 282.80,0.0%, Active
SUB-006332,689,PROFESSIONAL,ANNUAL,01/01/2025,22 Jul 2025,USD 162.87,15.0%,expired
SUB-006333,434,STARTER,quarterly,01/05/2025,,47.22,20.0%,Active 
SUB-006334,1386,PROFESSIONAL,annual,"Dec 05, 2025",,USD 141.25, 0% ,Active 
SUB-006335,812,Free ,QUARTERLY,11/17/2025,,$0,20%,Active 
SUB-006336,1047,STARTER,Quarterly,06 Nov 2025,03/10/2026,48.91, 0% , Cancelled
SUB-006337,285,STARTER,MONTHLY,"Apr 20, 2025",,USD 54.81, 5% ,Active
SUB-006338,1203,PROFESSIONAL,quarterly,09 Apr 2025,,USD 157.14,20 %, Active
SUB-006339,861, Business , Quarterly,2025-12-11,,$299,10 %,Active
SUB-006340,461,Business ,ANNUAL,11-12-2025,21 Aug 2026,$309.05,0 %,Expired
SUB-006341,457,Free ,ANNUAL,15/01/2025,17-10-2025,USD 0.00,20.0%, Expired 
SUB-006342,547,STARTER, Monthly ,2025-08-02,,45.49,5%, Active
SUB-006343,256,business,Annual,18-09-2025,,284.63 USD,0.0%, Active
SUB-006344,1481,Free,Monthly,2025-11-28,"Jan 16, 2026",0.00, 20% ,Cancelled
SUB-006345,1069,professional,quarterly,05/10/2025,,169.76,0 %,Active
SUB-006346,754,Professional,QUARTERLY,2025-04-14,,140.70 USD,10.0%, Active
SUB-006347,1238,STARTER, Monthly ,03 Jan 2025,,45.88,20%, Active 
SUB-006348,1142,Free ,Annual ,"Sep 19, 2025",,0.00,5.0%, Active
SUB-006349,962,Business , Monthly ,02/07/2025,,$272.82,0 %,ACTIVE
SUB-006350,1339,STARTER,Annual ,25 Nov 2025,,52.12,0%,Active 
SUB-006351,305, Free ,quarterly,02/06/2025,,$0.00,20 %,Active 
SUB-006352,1139, Professional , Monthly ,02 Apr 2025,,136.26, 10% , Active 
SUB-006353,1288,professional,Annual,10/13/2025,,152.17,15 %,Active
SUB-006354,566, Business , Monthly,"Feb 19, 2025",,340.69, 15% ,active
SUB-006355,1250, Starter ,monthly,10/02/2025,,49.33, 0% , Active 
SUB-006356,1071,Enterprise ,Annual ,"Jan 25, 2025",,$790.31,20 %,Active
SUB-006357,952,Professional ,monthly,23/10/2025,,171.27 USD,5.0%,Active
SUB-006358,1301,enterprise,monthly,03/12/2025,,USD 825.36, 10% ,Active
SUB-006359,938,BUSINESS, Monthly,2025-10-17,,297.15,5 %,Active 
SUB-006360,191, Professional, Monthly ,24-07-2025,,148.47 USD,20.0%,Active
SUB-006361,445, Professional,Quarterly,01/03/2025,23-12-2025,$141, 20% ,EXPIRED
SUB-006362,766,Professional, Annual ,07/28/2025,2025-12-14,USD 153.18,15.0%, Cancelled 
SUB-006363,206,business,monthly,13 Nov 2025,,301.90 USD, 5% , Active 
SUB-006364,1009,BUSINESS,Annual,19-01-2025,15-03-2025,$289.34, 0% , Expired
SUB-006365,1349,Professional , Quarterly ,2025-09-30,2026-07-21,$140.08,15 %,cancelled
SUB-006366,540,PROFESSIONAL,Monthly,11/14/2025,,145.69,10.0%,active
SUB-006367,838, Professional ,MONTHLY,31 Jan 2025,,$153,5 %,active
SUB-006368,266,BUSINESS,MONTHLY,02/09/2025,,USD 273.46, 0% ,ACTIVE
SUB-006369,1109,Business , Monthly,17 Dec 2025,2026-06-12,$281,0%,cancelled
SUB-006370,419, Free ,quarterly,"Aug 25, 2025",,0.00 USD,15 %,ACTIVE
SUB-006371,112,enterprise,QUARTERLY,"Apr 30, 2025",02/25/2026,USD 827.54,5%,cancelled
SUB-006372,1468,STARTER,Quarterly ,"Nov 16, 2025",,44.88 USD,20 %,active
SUB-006373,710,STARTER,Monthly,02-10-2025,,52.59 USD, 15% , Active 
SUB-006374,757,enterprise,Annual ,10/17/2025,,731.45,10.0%,ACTIVE
SUB-006375,710, Starter,Annual,2025-07-07,,USD 53.15,10%,Active
SUB-006376,1478,professional, Annual ,25/08/2025,12/27/2025,$162.04,10.0%,cancelled
SUB-006377,627,Starter , Annual ,26/03/2025,,52.08, 20% ,Active
SUB-006378,1261,Starter,quarterly,05/22/2025,,53.07,15 %,Active
SUB-006379,1273,Professional, Annual,15-11-2025,,USD 137.38, 10% , Active
SUB-006380,9,Professional,Annual,16/05/2025,,161.17 USD, 5% ,Active 
SUB-006381,1339, Professional,Monthly ,05 Sep 2025,,$139,0 %,Active
SUB-006382,1153,Free, Monthly,28/12/2025,,$0,15.0%,active
SUB-006383,421,professional, Quarterly ,19-02-2025,,$169.22, 0% ,Active
SUB-006384,444,Business,Monthly ,16-03-2025,,USD 306.69,0.0%, Active
SUB-006385,503,Professional , Monthly ,04-09-2025,2025-10-28,$170.14,5.0%,Cancelled
SUB-006386,1276, Starter, Monthly ,12/16/2025,,45.19,0 %,Active 
SUB-006387,837,business,annual,22/03/2025,,USD 304.80,20%, Active
SUB-006388,1288, Starter, Annual ,12/28/2025,,$44.86, 20% ,active
SUB-006389,27, Business ,Monthly ,03 Jun 2025,,$316,10%, Active
SUB-006390,175,enterprise, Quarterly ,05-06-2025,,734.82, 20% , Active
SUB-006391,231,Professional ,MONTHLY,26-05-2025,,140.63,20 %,active
SUB-006392,727,PROFESSIONAL, Annual,2025-08-06,,143.74,10.0%,active
SUB-006393,413,Professional ,Annual,12/03/2025,,USD 161.99,15%, Active
SUB-006394,1111,enterprise,Monthly ,02/22/2025,2026-01-22,751.85 USD, 5% ,Cancelled
SUB-006395,395, Business, Annual,2025-01-19,,332.39,0%,ACTIVE
SUB-006396,324,Business, Annual,2025-12-30,2026-05-02,$279,15 %,Cancelled 
SUB-006397,139,Starter,Monthly,2025-11-10,,$45,0.0%, Active 
SUB-006398,944,professional, Annual,05/06/2025,,148.82, 20% ,Active 
SUB-006399,1250,Enterprise ,Annual ,"Jul 16, 2025",,USD 914.74,20.0%, Active 
SUB-006400,119,PROFESSIONAL,Annual,03/04/2025,,USD 138.21,10%, Active
SUB-006401,485, Business ,Quarterly ,"May 02, 2025",,276.70,20 %, Active 
SUB-006402,709, Free, Annual,01 Apr 2025,"Aug 12, 2025",$0, 10% ,Cancelled 
SUB-006403,293, Business ,ANNUAL,16/03/2025,2025-05-16,USD 292.43,0 %,Cancelled
SUB-006404,1324,free,Annual ,2025-11-17,,$0,5%, Active 
SUB-006405,969,Starter ,annual,12 Sep 2025,08/03/2026,46.55 USD,10.0%,paused
SUB-006406,68,professional,Quarterly ,"Jun 08, 2025",,151.24 USD,5%, Active 
SUB-006407,81,STARTER,ANNUAL,2025-10-05,,47.35,20.0%, Active
SUB-006408,284, Free ,ANNUAL,"Apr 19, 2025",,0.00 USD,0.0%,active
SUB-006409,556,Professional , Monthly,2025-09-25,,162.75,15%, Active
SUB-006410,652,Professional ,Quarterly,02/15/2025,,USD 162.48,0%,Active
SUB-006411,1329,Starter , Monthly ,"Feb 11, 2025",,USD 50.42,10%,Active
SUB-006412,520,Business , Monthly ,06/03/2025,2025-11-08,338.50,5 %,Cancelled
SUB-006413,396,Business, Quarterly,16/07/2025,,$289,20 %,ACTIVE
SUB-006414,892,Starter,quarterly,"Mar 03, 2025",05/09/2025,USD 47.04,20%,EXPIRED
SUB-006415,87,Free , Quarterly,03/12/2025,2025-06-07,0.00 USD,10 %,paused
SUB-006416,500,Professional , Quarterly ,05/15/2025,,157.24,20.0%, Active
SUB-006417,731,professional,Quarterly,08 Dec 2025,,USD 135.83,5 %, Active
SUB-006418,418, Starter ,Quarterly ,17/03/2025,,51.55,15.0%,Active
SUB-006419,125,Starter,MONTHLY,2025-07-21,29-06-2026,USD 48.69,10.0%, Cancelled
SUB-006420,475,starter,Quarterly,28-01-2025,,53.26 USD,10%,Active 
SUB-006421,1218,professional,annual,09/25/2025,,164.20 USD,15.0%,active
SUB-006422,601,starter,monthly,15 Nov 2025,14/02/2026,$50.86,15.0%,CANCELLED
SUB-006423,439,PROFESSIONAL,Monthly ,29 Aug 2025,12/12/2025,134.16, 5% ,PAUSED
SUB-006424,124, Enterprise ,Monthly ,"Apr 12, 2025",03-10-2025,$846.21, 15% ,CANCELLED
SUB-006425,523, Business ,annual,01/07/2025,,325.08 USD, 15% ,ACTIVE
SUB-006426,1262,starter,annual,26 Dec 2025,,47.15 USD,5%,ACTIVE
SUB-006427,423,enterprise,monthly,2025-09-23,2026-02-10,$812,5 %, Expired 
SUB-006428,221,ENTERPRISE, Quarterly,2025-03-29,,$912,10%, Active
SUB-006429,1068,Professional ,ANNUAL,15-02-2025,15 Feb 2026,$145.20, 5% ,Paused
SUB-006430,373,business,Monthly,07 Sep 2025,,$285.78,20.0%,Active 
SUB-006431,1361, Starter ,annual,2025-07-08,02/18/2026,USD 46.68,5 %, Expired 
SUB-006432,483,PROFESSIONAL, Monthly,24-04-2025,,154.92 USD,20 %,Active
SUB-006433,419,Starter ,Quarterly ,14 Jan 2025,,$56,10%, Active
SUB-006434,898, Professional,MONTHLY,2025-03-11,,$157,0%,Active
SUB-006435,657,starter,Monthly ,23-02-2025,,47.82,5.0%,active
SUB-006436,213, Business,Annual,28/09/2025,15/03/2026,316.83,10%,Cancelled 
SUB-006437,224, Starter,Monthly,25-12-2025,28/10/2026,51.75,15.0%, Cancelled
SUB-006438,1493,FREE,Monthly ,06-12-2025,,$0,20 %, Active
SUB-006439,963,professional,monthly,16 Jan 2025,11 Dec 2025,140.04 USD,0%, Expired
SUB-006440,1285, Professional,Monthly ,07/06/2025,18-09-2025,157.74 USD, 5% ,Expired 
SUB-006441,1353, Professional ,quarterly,2025-11-10,,$150,20%,Active
SUB-006442,23,Starter ,Quarterly,10 Aug 2025,,$44,, Active
SUB-006443,471, Starter , Quarterly ,"Nov 01, 2025",,USD 50.71,15.0%,Active
SUB-006444,1441, Starter,ANNUAL,12 Nov 2025,"May 27, 2026",56.22,15 %,Cancelled 
SUB-006445,696,PROFESSIONAL, Quarterly,12/25/2025,,147.13,5.0%,active
SUB-006446,1101,Business,ANNUAL,21/03/2025,"Aug 26, 2025",341.28 USD,5%,Paused
SUB-006447,1173,Business,Annual,14/09/2025,17-01-2026,276.29,15 %,PAUSED
SUB-006448,1026,Professional , Annual,31 Mar 2025,,161.38 USD,15.0%,Active 
SUB-006449,577, Starter ,MONTHLY,20 Sep 2025,,45.50,20%,Active
SUB-006450,153,enterprise,Monthly,"Apr 26, 2025",16/07/2025,773.75, 0% , Paused
SUB-006451,428,Starter ,MONTHLY,"Oct 20, 2025",,$51,20.0%, Active
SUB-006452,625,free,monthly,"Apr 27, 2025",03/07/2025,$0,5%, Cancelled
SUB-006453,1431,Business,ANNUAL,14-05-2025,23/11/2025,$327,0.0%,EXPIRED
SUB-006454,255,Business ,monthly,30 Apr 2025,,$315.09,10%,active
SUB-006455,386,Professional ,Monthly ,06/08/2025,,USD 156.21,20%,Active 
SUB-006456,1356,BUSINESS,Quarterly,25 Apr 2025,,$337, 15% , Active 
SUB-006457,1125,STARTER, Annual,"Dec 08, 2025",,$50,10%,active
SUB-006458,400, Professional ,QUARTERLY,24-05-2025,,142.49,0.0%,ACTIVE
SUB-006459,960,professional, Quarterly,03/08/2025,,140.13 USD,5.0%,Active 
SUB-006460,1264,professional,Quarterly,29 Jan 2025,,149.00,,Active
SUB-006461,315, Starter,Quarterly ,05-01-2025,,52.83,5%,Active 
SUB-006462,578, Starter , Quarterly,03/09/2025,,$45,0%,Active 
SUB-006463,904, Professional, Quarterly ,2025-07-30,,USD 138.91,0 %,ACTIVE
SUB-006464,298, Free,ANNUAL,06 Sep 2025,,$0.00,5 %, Active
SUB-006465,1006, Professional ,Quarterly ,2025-03-09,,155.90, 0% , Active 
SUB-006466,1031, Professional, Annual,08/16/2025,,USD 143.15,, Active
SUB-006467,699,Business , Monthly,2025-07-16,,281.53,15 %,Active 
SUB-006468,1262,Professional,quarterly,29/06/2025,,$156,10.0%, Active
SUB-006469,307,Starter , Quarterly ,2025-05-04,27/12/2025,$53, 15% , Cancelled
SUB-006470,207,Professional, Quarterly ,12-06-2025,,146.47,,Active 
SUB-006471,754,PROFESSIONAL, Annual,2025-12-07,"Feb 22, 2026",155.64,5 %,PAUSED
SUB-006472,783, Enterprise,annual,07/11/2025,,$738.70,,ACTIVE
SUB-006473,565,Professional ,quarterly,23-04-2025,10/13/2025,168.94,10%, Cancelled 
SUB-006474,1141,professional,Quarterly ,31 Dec 2025,,USD 146.65, 20% ,Active 
SUB-006475,202, Professional , Quarterly ,03/03/2025,"Oct 22, 2025",$171, 15% ,Cancelled 
SUB-006476,61,Professional , Monthly,21/04/2025,,USD 170.55,0 %,ACTIVE
SUB-006477,960, Business , Annual,09-10-2025,,327.32,5 %,Active
SUB-006478,937,professional, Monthly ,2025-11-19,,$135,5.0%,Active 
SUB-006479,93,Starter,Monthly,16-02-2025,26/08/2025,50.76, 10% ,CANCELLED
SUB-006480,1,enterprise,monthly,11/13/2025,,736.45,15.0%,ACTIVE
SUB-006481,308, Business, Monthly ,28 Jan 2025,,$336.01,, Active 
SUB-006482,1103, Free,Monthly ,"Apr 14, 2025",04/12/2025,USD 0.00, 0% , Paused
SUB-006483,411,professional,quarterly,22-06-2025,,$170.32,10%, Active
SUB-006484,760, Enterprise ,Quarterly,"Dec 26, 2025",,$840.62,0%,ACTIVE
SUB-006485,937,Professional,QUARTERLY,"Oct 25, 2025",05/24/2026,$154,0.0%,CANCELLED
SUB-006486,1038, Business , Annual ,05/02/2025,03-02-2026,307.89 USD, 0% ,Expired 
SUB-006487,251,PROFESSIONAL,Quarterly,24-02-2025,,148.50,20 %,active
SUB-006488,221,starter,Annual ,23-06-2025,,49.84,10.0%,Active 
SUB-006489,802,professional,quarterly,01/03/2025,,USD 157.77,0 %,Active 
SUB-006490,306,Professional , Annual ,"Aug 17, 2025",,168.85,0%, Active
SUB-006491,1305,Professional ,Quarterly,22 Mar 2025,28-06-2025,156.30, 10% , Paused 
SUB-006492,70, Professional , Monthly,"Nov 14, 2025",,unknown, 15% , Active 
SUB-006493,386, Starter , Monthly ,"May 27, 2025",,USD 54.67,20 %, Active 
SUB-006494,12,Professional ,MONTHLY,24-07-2025,,$153.43, 20% ,Active
SUB-006495,216,professional,Monthly,17-06-2025,,147.04,5.0%, Active 
SUB-006496,251,Professional, Quarterly ,05 May 2025,"Jul 14, 2025",157.92, 15% , Cancelled 
SUB-006497,1160,professional,Monthly ,2025-08-17,,150.71 USD,,Active
SUB-006498,657,professional, Annual ,27 Oct 2025,04 Sep 2026,137.13,15.0%, Paused
SUB-006499,685, Free ,monthly,07/21/2025,2025-09-12,$0, 10% , Cancelled
SUB-006500,455,free,ANNUAL,"Aug 31, 2025",,0.00 USD, 10% ,Active 
SUB-006501,394, Business,MONTHLY,02/11/2025,21/03/2025,272.73 USD, 10% , Expired 
SUB-006502,1218,BUSINESS,Quarterly,2025-07-28,,321.18 USD, 5% ,Active 
SUB-006503,1146,Enterprise ,Quarterly,04 Aug 2025,,$887, 10% , Active 
SUB-006504,281, Enterprise,MONTHLY,06 Oct 2025,26/07/2026,848.68 USD,10.0%, Paused
SUB-006505,339,Enterprise ,Annual ,09/17/2025,,USD 832.91, 10% ,Active
SUB-006506,198,Enterprise , Quarterly ,12/29/2025,2026-08-08,$860.43,, Expired
SUB-006507,971,Professional ,Quarterly,24/12/2025,2026-11-12,USD 150.09,0%,Paused
SUB-006508,221, Business ,ANNUAL,03/16/2025,09 May 2025,275.93, 5% ,Expired
SUB-006509,1217, Business , Annual ,03 Jan 2025,26-11-2025,$341.04,5 %, Cancelled 
SUB-006510,78,ENTERPRISE, Annual,2025-03-14,,USD 805.45,0.0%,Active
SUB-006511,1222,professional,ANNUAL,10/24/2025,,158.89,10%, Active
SUB-006512,1094,PROFESSIONAL, Quarterly,15/11/2025,12 May 2026,153.89,20%,paused
SUB-006513,1430, Enterprise ,MONTHLY,11 Jan 2025,,730.02,15%,Active 
SUB-006514,1167,Free,MONTHLY,23 Feb 2025,,$0, 5% , Active
SUB-006515,173,professional, Quarterly,2025-05-13,,USD 163.62,0.0%, Active 
SUB-006516,630,business, Monthly,06 Aug 2025,"Nov 07, 2025",280.25 USD,0 %,Paused
SUB-006517,1225,Enterprise,quarterly,07 Aug 2025,,915.18,10.0%, Active 
SUB-006518,662,BUSINESS,annual,"Oct 06, 2025",,$324,10%,Active
SUB-006519,117, Business, Monthly,2025-11-02,"Oct 05, 2026",304.41 USD,15.0%,paused
SUB-006520,1112, Professional ,MONTHLY,2025-07-01,,$156.87,5%, Active
SUB-006521,96, Starter ,Quarterly ,2025-05-27,,45.41,5%, Active
SUB-006522,54,starter,quarterly,16-02-2025,07/29/2025,$51, 10% , Expired
SUB-006523,1037,professional,ANNUAL,10-08-2025,2026-05-13,136.84,5.0%,PAUSED
SUB-006524,887,Starter ,Quarterly ,"Nov 15, 2025",,50.77,15 %,active
SUB-006525,122,starter,Annual ,21/06/2025,,50.87 USD,15 %,Active
SUB-006526,1071,Starter ,Quarterly,"Mar 29, 2025",,$55,5 %,active
SUB-006527,1335,professional,Quarterly ,29-12-2025,,161.11,0.0%,Active 
SUB-006528,1451, Starter,Monthly ,"Apr 08, 2025",,USD 47.16,20%,active
SUB-006529,493,FREE,Annual,29-06-2025,11/07/2025,$0,5 %, Cancelled 
SUB-006530,605,Business, Annual ,"Jun 08, 2025",,311.95,15 %,Active
SUB-006531,623,Enterprise, Monthly ,04-12-2025,2026-07-12,USD 840.22,20 %,cancelled
SUB-006532,546, Business,quarterly,06 May 2025,,281.73 USD,15%,active
SUB-006533,465,ENTERPRISE, Monthly ,07/12/2025,,890.44, 5% ,Active 
SUB-006534,785,PROFESSIONAL, Annual ,17-02-2025,,168.78 USD,20%,active
SUB-006535,428,starter,Monthly ,2025-07-14,,USD 53.59,15 %,Active
SUB-006536,1238,STARTER,MONTHLY,09 Feb 2025,10 Nov 2025,55.62 USD,5 %,cancelled
SUB-006537,751, Starter,quarterly,12/09/2025,02/16/2026,$48,0.0%,Cancelled 
SUB-006538,1287,Professional,QUARTERLY,"Dec 26, 2025",18-09-2026,166.18,10%,PAUSED
SUB-006539,1202, Professional,Quarterly,30-01-2025,,$152.31,0.0%,active
SUB-006540,1008,BUSINESS, Quarterly,09/09/2025,,USD 281.35,20%, Active
SUB-006541,1153,Enterprise,quarterly,2025-12-12,06/12/2026,$852.69,15.0%,Expired 
SUB-006542,1140,Business ,quarterly,05/11/2025,,$320.24,15 %,Active
SUB-006543,274,Business,Monthly ,25/05/2025,22-08-2025,290.55 USD,15.0%,Expired 
SUB-006544,394, Free ,monthly,10/08/2025,"Jun 02, 2026",0.00 USD,10%,Paused
SUB-006545,1181,Business,Quarterly ,24-04-2025,,$284, 20% ,ACTIVE
SUB-006546,1192, Professional ,Quarterly,02/14/2025,12 Jan 2026,$149,20%, Expired 
SUB-006547,1125,professional, Annual ,06 Mar 2025,,$140.34,0.0%, Active 
SUB-006548,942, Starter, Quarterly,13 Apr 2025,11/02/2025,46.48,15 %,CANCELLED
SUB-006549,527,starter, Annual,17 Jun 2025,,48.89,5%, Active 
SUB-006550,621, Starter , Quarterly,15/07/2025,,USD 55.88, 0% ,Active 
SUB-006551,624,Professional ,ANNUAL,"Feb 06, 2025",,$162.57, 10% ,ACTIVE
SUB-006552,232, Professional,quarterly,10 Jan 2025,,USD 146.01, 10% ,Active 
SUB-006553,1158,business,Quarterly ,"Jan 07, 2025",,340.23 USD, 20% ,ACTIVE
SUB-006554,1453,PROFESSIONAL, Monthly ,01/05/2025,,158.15 USD,0.0%,Active
SUB-006555,1145, Business ,Monthly,21-12-2025,05/07/2026,$303,5 %,PAUSED
SUB-006556,1448,Business, Monthly ,17-05-2025,18 Aug 2025,304.11,0%,cancelled
SUB-006557,1318, Professional, Quarterly ,08/04/2025,"Mar 01, 2026",$149.40,, Cancelled
SUB-006558,839,professional,QUARTERLY,2025-06-01,,142.78, 5% ,Active 
SUB-006559,1256,Enterprise, Quarterly ,"May 12, 2025",,$796,0 %, Active 
SUB-006560,322, Business,Annual ,"Sep 14, 2025",2026-07-05,308.56,10 %, Paused
SUB-006561,732,starter,Quarterly,22/09/2025,,50.57,10 %,Active 
SUB-006562,876, Business ,Quarterly,2025-04-16,,$326, 0% ,active
SUB-006563,769,starter,Annual ,12/08/2025,,48.50,15 %, Active
SUB-006564,147,ENTERPRISE,Monthly,09/21/2025,07/03/2026,862.28,20.0%, Paused 
SUB-006565,474, Professional ,Monthly ,"Oct 10, 2025",20-11-2025,155.63, 20% , Expired
SUB-006566,1089,ENTERPRISE, Monthly,11/07/2025,,911.23,10.0%,Active 
SUB-006567,1369,professional,Monthly,29-06-2025,,148.45, 15% ,active
SUB-006568,1004,STARTER,annual,"Nov 02, 2025",,$55,10%,Active
SUB-006569,164, Business, Annual,25 Jul 2025,,330.44,15%,ACTIVE
SUB-006570,839, Professional ,MONTHLY,"Jan 10, 2025",,157.85 USD, 15% , Active
SUB-006571,1280,Professional,Annual,2025-07-16,,158.48 USD,20 %,active
SUB-006572,195,STARTER,MONTHLY,"Aug 03, 2025",11/09/2025,45.14,0.0%,CANCELLED
SUB-006573,268,Starter,Annual ,"Jan 25, 2025",,$55.74,0 %,ACTIVE
SUB-006574,431, Business ,Quarterly ,11/16/2025,08/07/2026,277.09,15 %,CANCELLED
SUB-006575,1217,Starter ,monthly,28-06-2025,,51.00 USD,0 %,Active 
SUB-006576,1355, Professional , Monthly,24 Feb 2025,,146.40,0 %,Active
SUB-006577,61,Professional ,quarterly,"Oct 22, 2025",08 Jul 2026,USD 150.11,10%,cancelled
SUB-006578,1140, Starter , Monthly,"Aug 26, 2025","Nov 16, 2025",51.57,20.0%, Paused
SUB-006579,1053, Professional ,Annual,01/01/2025,,167.95,0%,active
SUB-006580,1201, Business , Quarterly,2025-11-12,12-07-2026,$303.30,0.0%, Cancelled
SUB-006581,79,starter,ANNUAL,03/04/2025,,56.20 USD,15 %,Active 
SUB-006582,526,Professional,MONTHLY,15 Mar 2025,,USD 156.18,0.0%, Active 
SUB-006583,1026, Professional , Monthly,"Jun 07, 2025",20 Feb 2026,$140, 20% ,Cancelled
SUB-006584,711,Enterprise,Quarterly ,01-09-2025,,$757, 20% , Active
SUB-006585,835,starter,annual,23/10/2025,,52.87,15 %, Active 
SUB-006586,150, Professional,Annual,2025-10-19,,USD 135.98,15.0%,Active
SUB-006587,423,Professional ,Quarterly ,13 May 2025,,151.99,0 %,ACTIVE
SUB-006588,965, Free,Annual ,10/20/2025,,$0,20 %,Active 
SUB-006589,846,Business , Annual,2025-03-24,,USD 301.48,20 %,Active 
SUB-006590,720, Business , Monthly ,25-04-2025,,325.16 USD,15%,ACTIVE
SUB-006591,262,BUSINESS,annual,14-02-2025,,USD 303.40,0%, Active 
SUB-006592,288, Professional , Monthly,30/12/2025,,$140, 0% ,ACTIVE
SUB-006593,176,professional,Annual,"Jun 23, 2025","Aug 30, 2025",$143,20%, Cancelled 
SUB-006594,1019, Professional ,Monthly ,03-03-2025,06/02/2026,147.79,10.0%,EXPIRED
SUB-006595,481,Enterprise, Monthly,18-11-2025,,$732.99,10.0%,active
SUB-006596,1216,Professional , Annual,"Feb 22, 2025",07-02-2026,$156,20 %,Paused 
SUB-006597,1264,professional,MONTHLY,21 May 2025,,USD 156.73,15.0%, Active
SUB-006598,956,enterprise, Monthly,2025-04-14,2025-12-12,USD 731.51,10 %,cancelled
SUB-006599,416, Business ,Annual,"Aug 02, 2025",07/23/2026,299.17 USD, 5% , Paused
SUB-006600,158, Professional,monthly,2025-06-29,"Mar 19, 2026",149.52,0%, Paused
SUB-006601,1358,Starter ,quarterly,"Nov 27, 2025","May 11, 2026",USD 48.19,20 %,CANCELLED
SUB-006602,242, Starter ,MONTHLY,04-03-2025,08 Jul 2025,$51,5.0%, Expired 
SUB-006603,1156,Professional,annual,04/26/2025,,146.99,0%,Active
SUB-006604,189,free,Monthly,2025-09-18,,0.00 USD,5 %,Active 
SUB-006605,959, Professional ,Quarterly ,23-06-2025,,163.81,15.0%, Active 
SUB-006606,623,starter, Monthly,"Apr 14, 2025",,$46,15.0%,Active
SUB-006607,457, Free ,quarterly,04 Aug 2025,,0.00,5 %,Active 
SUB-006608,1156, Starter , Monthly ,04/13/2025,,USD 50.29, 15% , Active 
SUB-006609,638,BUSINESS,ANNUAL,"Mar 19, 2025",,USD 291.90,, Active
SUB-006610,815,Free , Annual ,23/09/2025,05 Nov 2025,$0,0 %,Paused 
SUB-006611,1310,Starter ,Monthly,"Jun 09, 2025",,50.85,10 %,active
SUB-006612,221, Business ,ANNUAL,26/06/2025,,304.78, 5% , Active 
SUB-006613,1046,starter,Monthly ,2025-03-14,06/25/2025,$52.28, 0% ,Cancelled 
SUB-006614,97,Professional, Quarterly ,01/05/2025,,USD 163.99, 5% , Active
SUB-006615,1440,Professional ,Annual ,16/07/2025,,170.33, 10% ,Active 
SUB-006616,599,Professional,Annual,09 Dec 2025,,USD 157.54,15 %,active
SUB-006617,967, Professional , Quarterly ,19-04-2025,02/13/2026,USD 166.67, 20% , Paused 
SUB-006618,1020,starter,Quarterly ,17-05-2025,,44.11,20%,Active
SUB-006619,1145,Business ,Monthly,2025-01-09,,308.74 USD,5%,Active
SUB-006620,912,Professional,annual,2025-05-05,04/10/2026,$142.10,15%,Paused 
SUB-006621,1293, Starter ,ANNUAL,28/09/2025,"Jan 26, 2026",45.25, 0% ,cancelled
SUB-006622,54,ENTERPRISE,monthly,"Oct 28, 2025",17 Mar 2026,825.36 USD,0.0%,Paused 
SUB-006623,1088,Starter , Annual,22-06-2025,,$53,15 %, Active 
SUB-006624,411,Business ,Monthly ,28 Apr 2025,19-03-2026,$299.92,10%,Expired
SUB-006625,11,free, Annual ,07/21/2025,2026-02-19,USD 0.00, 5% ,Paused
SUB-006626,936,PROFESSIONAL, Monthly,2025-12-24,06 May 2026,$152.34,5%, Paused
SUB-006627,656, Free, Monthly ,11/03/2025,,$0.00, 0% ,active
SUB-006628,918,Enterprise, Monthly ,2025-02-18,08/08/2025,$777,15 %, Cancelled 
SUB-006629,958, Enterprise , Quarterly ,05/17/2025,,795.52,20 %, Active
SUB-006630,1010,free,monthly,2025-03-12,12 Jan 2026,USD 0.00,15.0%, Expired 
SUB-006631,286, Starter ,annual,"Jan 13, 2025",02 Apr 2025,52.02 USD,15 %,Expired
SUB-006632,880,Professional,monthly,27 Nov 2025,,$138.42,15%,active
SUB-006633,443,BUSINESS, Annual ,"Mar 20, 2025",,$276.02,0.0%,active
SUB-006634,1278, Professional,ANNUAL,06/22/2025,2025-12-04,USD 158.69,15.0%,CANCELLED
SUB-006635,33, Starter ,Annual ,13/05/2025,,50.79 USD, 20% , Active 
SUB-006636,1483, Professional, Monthly ,2025-02-11,,150.12 USD, 5% , Active 
SUB-006637,1440,business,quarterly,03/26/2025,,280.50,20 %,active
SUB-006638,1450,ENTERPRISE, Monthly,2025-02-16,,$801.20,20%, Active
SUB-006639,304, Professional ,Monthly ,19 Oct 2025,,$163.52,0%, Active 
SUB-006640,1423, Professional,Quarterly ,11/20/2025,,167.24,5 %, Active
SUB-006641,226, Starter,ANNUAL,21/11/2025,,$52.71,15.0%,Active
SUB-006642,262, Enterprise,quarterly,"Jul 26, 2025",,731.07, 15% ,Active 
SUB-006643,501,ENTERPRISE,Annual,23/12/2025,,853.01,15 %,active
SUB-006644,58,Starter ,quarterly,16/09/2025,,47.05 USD,5%, Active
SUB-006645,968,professional,monthly,08/10/2025,03 Aug 2026,145.84,20 %,Cancelled 
SUB-006646,178,Professional ,ANNUAL,"Jun 25, 2025",25-03-2026,USD 141.40,10%, Expired
SUB-006647,774, Professional ,Quarterly ,13 Jul 2025,02/27/2026,$163.00,20 %,CANCELLED
SUB-006648,797,enterprise,quarterly,"Apr 18, 2025",,$849, 5% ,Active
SUB-006649,93,Professional ,Monthly,28 Aug 2025,,156.89, 10% , Active
SUB-006650,1365,professional, Monthly ,"Jun 11, 2025",,$158.98,5.0%,ACTIVE
SUB-006651,662, Professional,annual,14/02/2025,,USD 142.92, 10% ,Active
SUB-006652,572, Professional ,quarterly,08/06/2025,,150.66, 0% , Active
SUB-006653,1384,ENTERPRISE, Annual ,21 Jan 2025,12-07-2025,845.59 USD, 5% , Paused 
SUB-006654,186, Professional,ANNUAL,"Nov 30, 2025",,$158, 20% ,Active 
SUB-006655,472,Professional ,monthly,2025-05-16,2025-08-11,$164,5%,EXPIRED
SUB-006656,1062, Enterprise,Monthly ,"Aug 05, 2025",,776.45,20.0%,ACTIVE
SUB-006657,1350, Business ,Quarterly ,"Jan 12, 2025",,326.68 USD, 0% , Active
SUB-006658,1366, Professional,Monthly ,01/12/2025,,$150.50,20%, Active
SUB-006659,1171,Starter ,Monthly ,10 Nov 2025,2026-10-05,USD 52.31, 5% ,EXPIRED
SUB-006660,460,STARTER,QUARTERLY,15 Dec 2025,,$49.68,0.0%, Active
SUB-006661,187, Enterprise,monthly,12/13/2025,,USD 908.58,20 %, Active
SUB-006662,836,PROFESSIONAL,Annual ,30 Oct 2025,,140.78, 5% , Active
SUB-006663,516,Starter ,Monthly ,01/29/2025,,52.37, 10% ,ACTIVE
SUB-006664,515, Starter,Quarterly ,2025-03-11,,51.16,0%,Active
SUB-006665,1064, Professional,Quarterly,08-04-2025,2025-06-15,140.53 USD,15 %,cancelled
SUB-006666,1024,ENTERPRISE, Monthly ,03/10/2025,,732.28,10 %,active
SUB-006667,883,Free ,MONTHLY,2025-05-18,,USD 0.00,5 %,ACTIVE
SUB-006668,1014, Starter ,monthly,12 Oct 2025,,46.03, 0% ,ACTIVE
SUB-006669,785, Starter,quarterly,17/02/2025,,46.38,5.0%, Active 
SUB-006670,477,ENTERPRISE, Monthly,04/14/2025,,error, 5% , Active
SUB-006671,780, Business ,Annual ,12/04/2025,,$323,15 %,ACTIVE
SUB-006672,1323,starter, Quarterly ,11/10/2025,,$47,15%,Active 
SUB-006673,131, Starter , Annual ,01 Jan 2025,"Nov 28, 2025",51.34,10 %, Expired
SUB-006674,1288,professional,MONTHLY,"Sep 05, 2025",,$154,15 %,active
SUB-006675,655,Professional ,annual,17/03/2025,,165.56, 15% , Active 
SUB-006676,1308,business, Monthly,"Jul 27, 2025",08 Dec 2025,$324, 10% ,paused
SUB-006677,961,Business,Annual ,04 Oct 2025,01 Apr 2026,$331.27, 5% , Expired 
SUB-006678,240, Enterprise,Monthly,26/10/2025,,761.35,10.0%,Active
SUB-006679,1203, Business ,quarterly,"Dec 22, 2025",,$317,20.0%,Active
SUB-006680,932, Starter ,Quarterly ,14-11-2025,,44.59,20.0%,Active 
SUB-006681,257,Business,Monthly ,13-03-2025,,274.25 USD,15%,Active
SUB-006682,149,free,annual,05 Apr 2025,,$0,20%,Active 
SUB-006683,624,STARTER,Annual,09/09/2025,,44.40,15%, Active 
SUB-006684,275,Enterprise,Monthly,10-05-2025,,834.91,10.0%,Active 
SUB-006685,1291, Business, Quarterly,2025-06-06,,331.92,15 %, Active 
SUB-006686,226, Enterprise,Quarterly ,25/08/2025,,$795,20%,Active
SUB-006687,61,professional, Annual ,26 Dec 2025,,$136,20 %, Active 
SUB-006688,392, Professional,MONTHLY,2025-08-23,,160.69 USD,15%, Active 
SUB-006689,554,business,MONTHLY,14/05/2025,,$339,10.0%, Active
SUB-006690,489, Professional, Annual ,01/08/2025,25 May 2025,$161,0%, Paused 
SUB-006691,116,ENTERPRISE,Monthly ,27-09-2025,,$835, 10% ,ACTIVE
SUB-006692,960,enterprise,MONTHLY,"Aug 30, 2025",12/18/2025,765.05,20%,Expired
SUB-006693,930,Starter,annual,11-05-2025,28 Jan 2026,$44,10.0%, Cancelled 
SUB-006694,1354,professional,Monthly ,"Jun 07, 2025",,USD 159.98,5.0%, Active 
SUB-006695,576,STARTER, Monthly,2025-04-12,29-01-2026,46.93,0.0%, Expired
SUB-006696,644, Professional ,Monthly ,"Sep 21, 2025",,$166, 15% ,Active 
SUB-006697,1114,Business ,Annual ,"Dec 30, 2025",,303.96,0 %, Active
SUB-006698,308, Business ,Monthly ,22 Sep 2025,2025-11-03,308.77,10 %,paused
SUB-006699,712,BUSINESS, Annual ,29-01-2025,,$325,0%, Active
SUB-006700,422,starter,Annual ,"Apr 03, 2025",,$53.65,20%,Active 
SUB-006701,795,Starter, Annual ,"Apr 17, 2025",,$51.97,0.0%, Active 
SUB-006702,1081, Professional, Quarterly ,24-01-2025,,169.06, 0% , Active 
SUB-006703,700, Business ,quarterly,20/02/2025,,$343,10%,ACTIVE
SUB-006704,1263,free,QUARTERLY,"Jul 27, 2025",2025-11-04,0.00,5%,expired
SUB-006705,308,STARTER,QUARTERLY,2025-12-30,,54.20, 20% , Active 
SUB-006706,1208,Professional , Annual ,20-03-2025,,160.38, 20% ,active
SUB-006707,290,free, Annual,16-09-2025,,0.00,20%,active
SUB-006708,13,Professional , Annual,04/05/2025,"Aug 19, 2025",$137.96, 5% ,Cancelled
SUB-006709,373,PROFESSIONAL, Quarterly,17 Sep 2025,,USD 144.21,0.0%,ACTIVE
SUB-006710,676, Business ,QUARTERLY,11/29/2025,2026-11-14,269.53,15%,expired
SUB-006711,1346,Business,monthly,21/06/2025,,279.37,0.0%,active
SUB-006712,653,Enterprise ,quarterly,26/03/2025,,USD 806.84,15%, Active 
SUB-006713,778,PROFESSIONAL,quarterly,2025-06-28,2026-01-10,139.56 USD,15.0%,expired
SUB-006714,5,PROFESSIONAL,Annual,15/04/2025,06 Mar 2026,$167.69,0 %,Paused
SUB-006715,366,Professional,Quarterly,12-09-2025,11/26/2025,USD 164.11,20 %,Paused
SUB-006716,1083, Starter ,Annual ,03/12/2025,,44.98,, Active
SUB-006717,723,Professional ,quarterly,21 Jun 2025,17 Oct 2025,143.37 USD,10 %, Cancelled
SUB-006718,1012,Starter ,annual,2025-01-21,,$54, 5% ,Active 
SUB-006719,696,Business , Annual ,"Feb 15, 2025",,329.13,0.0%,Active
SUB-006720,889, Starter,Quarterly ,2025-04-01,,$56,5.0%,active
SUB-006721,665,Starter, Quarterly,02/10/2025,13-02-2026,$56,10.0%,Expired
SUB-006722,718,Professional ,annual,2025-06-20,,$170.47,0.0%,ACTIVE
SUB-006723,1025,BUSINESS,QUARTERLY,28/02/2025,,$300,10 %,Active
SUB-006724,1096,PROFESSIONAL,quarterly,26/12/2025,,143.42,, Active 
SUB-006725,1323,PROFESSIONAL,Quarterly,"Mar 13, 2025",,USD 162.35,20%,active
SUB-006726,383, Enterprise,MONTHLY,"Jun 20, 2025",,778.88,5%,ACTIVE
SUB-006727,1073,starter,annual,25 Aug 2025,,53.98 USD,10 %,Active 
SUB-006728,421,professional,Annual,2025-02-27,,$154,15%,Active 
SUB-006729,161,starter,Quarterly,2025-04-27,,53.83,20 %, Active
SUB-006730,1483,Enterprise, Annual,29-04-2025,,774.21,20.0%,ACTIVE
SUB-006731,844,BUSINESS,monthly,06/25/2025,05/11/2025,307.08,10 %,CANCELLED
SUB-006732,124, Starter ,QUARTERLY,05 Sep 2025,,51.01, 5% , Active
SUB-006733,1496, Starter,Quarterly,2025-05-11,,$55.65,5.0%, Active
SUB-006734,1160,FREE,Quarterly,22 Oct 2025,"Dec 10, 2025",0.00, 20% , Cancelled
SUB-006735,939,Starter ,Quarterly,09 Aug 2025,2026-06-01,$55.57,,EXPIRED
SUB-006736,1493,Starter,MONTHLY,25 Jun 2025,"Oct 28, 2025",53.96,5.0%, Expired
SUB-006737,59, Business ,Monthly,21-12-2025,2026-07-17,$324, 10% ,Cancelled 
SUB-006738,563, Enterprise ,Quarterly,03/09/2025,,876.28 USD,5.0%,Active 
SUB-006739,1218,Professional ,monthly,09/12/2025,,156.65, 5% ,active
SUB-006740,566, Business, Annual,06/16/2025,14 Jan 2026,USD 287.34, 15% , Expired 
SUB-006741,445, Professional ,Monthly,22/03/2025,02/10/2025,USD 141.16, 5% , Paused
SUB-006742,927, Professional ,annual,05/03/2025,,166.37, 5% , Active
SUB-006743,167,ENTERPRISE, Quarterly ,10 Feb 2025,,863.95,5 %, Active
SUB-006744,1056,Starter ,QUARTERLY,11/06/2025,,46.71,20.0%,Active
SUB-006745,142,professional,monthly,2025-12-11,21 May 2026,$157,0%,Paused 
SUB-006746,469,Business, Annual ,19 Aug 2025,,302.55 USD, 15% , Active
SUB-006747,403,enterprise,monthly,20-08-2025,,750.79,0.0%, Active 
SUB-006748,1212, Business,Quarterly ,2025-04-24,,USD 308.86,,Active 
SUB-006749,922,business,Monthly ,22 Feb 2025,"Sep 10, 2025",290.14 USD,10.0%,expired
SUB-006750,191,professional,Quarterly,01-01-2025,,137.69,5.0%,Active
SUB-006751,452,Professional,Annual ,2025-10-21,,$151.49,,Active
SUB-006752,1291,Free ,Monthly,04/04/2025,,USD 0.00,5%,ACTIVE
SUB-006753,586, Professional ,ANNUAL,"Aug 13, 2025",12/03/2026,USD 135.85,20 %, Expired 
SUB-006754,1350,Professional,Quarterly ,30 Jun 2025,,$149.08, 5% ,Active 
SUB-006755,695,Starter , Quarterly,2025-09-25,,$47,10.0%,active
SUB-006756,1216,Starter,Monthly ,"Jul 21, 2025","Oct 13, 2025",44.48, 20% ,cancelled
SUB-006757,1426,Professional,monthly,11/06/2025,06/09/2026,138.78, 20% ,cancelled
SUB-006758,562,free,ANNUAL,16 May 2025,,$0.00, 10% ,Active 
SUB-006759,228, Business , Quarterly,"Oct 06, 2025",,282.77 USD,20%,Active 
SUB-006760,749, Professional,quarterly,13-11-2025,,164.03 USD, 10% , Active
SUB-006761,910, Starter , Quarterly ,30-04-2025,,$49.48,10%,Active 
SUB-006762,117,Professional , Annual,"Jun 06, 2025",,139.58,10 %,active
SUB-006763,772,Starter , Annual,"Sep 08, 2025",,45.33 USD, 5% ,Active 
SUB-006764,1242,business, Annual ,12-03-2025,13/10/2025,291.37,10.0%,Expired
SUB-006765,114, Professional , Annual ,31 Dec 2025,,$164, 15% ,active
SUB-006766,1103,Free ,Monthly ,2025-09-05,11/09/2025,$0, 15% ,Cancelled 
SUB-006767,1451,PROFESSIONAL, Monthly,17/03/2025,07/30/2025,140.06,20%, Paused
SUB-006768,679, Enterprise,Monthly,"May 15, 2025",,USD 799.82,15 %,active
SUB-006769,1038,professional,Annual ,2025-10-21,,$154.79,0%,Active
SUB-006770,1148, Business ,Monthly,04/30/2025,23 Apr 2026,271.31 USD,20%, Expired
SUB-006771,397,STARTER,Monthly,12/04/2025,02 Jun 2026,$52,5%,paused
SUB-006772,183,PROFESSIONAL, Quarterly,01/04/2025,,USD 148.82,10.0%, Active
SUB-006773,891,professional,monthly,"Oct 21, 2025",,134.46 USD,15 %,ACTIVE
SUB-006774,246, Professional , Annual ,"Dec 24, 2025",15-12-2026,$159.20, 5% ,Cancelled 
SUB-006775,672,Professional , Annual,12/04/2025,,160.64,,Active 
SUB-006776,887, Enterprise , Quarterly,02/07/2025,10/23/2025,USD 844.71,20%,Cancelled
SUB-006777,1057, Starter ,QUARTERLY,"Jul 22, 2025",,48.29,15 %, Active 
SUB-006778,1251,Free,annual,01 Mar 2025,,0.00,0 %, Active 
SUB-006779,504,ENTERPRISE, Monthly,30/10/2025,17 Oct 2026,$796.43, 0% ,EXPIRED
SUB-006780,304, Starter ,monthly,29 Oct 2025,,52.68, 10% , Active
SUB-006781,594,professional,Quarterly,"Jul 12, 2025",,$156,10 %, Active
SUB-006782,803,business,Quarterly,"Jan 31, 2025",,$275.21, 15% ,ACTIVE
SUB-006783,1477,Enterprise , Monthly ,2025-01-14,,USD 847.56,0%, Active
SUB-006784,970,Starter ,quarterly,04/18/2025,,52.52 USD, 0% ,Active 
SUB-006785,261,Starter , Quarterly ,24/09/2025,,USD 48.64,20%, Active 
SUB-006786,415, Starter,Monthly,10/05/2025,,$54.83,10 %, Active
SUB-006787,119, Starter ,Monthly ,07-10-2025,12-06-2026,$54,5%,Paused
SUB-006788,1225,Professional ,Monthly ,05-12-2025,"Jan 08, 2026",140.62,5.0%, Paused 
SUB-006789,745,FREE,ANNUAL,"May 25, 2025",,0.00 USD, 10% ,active
SUB-006790,611,Professional ,QUARTERLY,05/10/2025,22/12/2025,USD 150.52,0 %,Cancelled
SUB-006791,487,PROFESSIONAL,QUARTERLY,"Jun 11, 2025",,$161.06,5.0%,ACTIVE
SUB-006792,512, Business ,ANNUAL,26/06/2025,,329.95 USD,15%,Active
SUB-006793,549, Business , Annual ,2025-04-22,,USD 306.86,5 %, Active
SUB-006794,127,Professional, Monthly,04/11/2025,,148.97,10%, Active
SUB-006795,60,PROFESSIONAL, Quarterly ,02/16/2025,,$168,10.0%,Active
SUB-006796,404,Professional,monthly,"Aug 05, 2025",,$142.70,10.0%,Active
SUB-006797,1081, Starter ,Quarterly ,2025-07-18,,47.25,5%, Active
SUB-006798,1121,Business, Monthly,2025-06-06,,USD 296.13,15 %, Active 
SUB-006799,409, Free, Monthly ,05 Jul 2025,,0.00,5.0%, Active 
SUB-006800,583, Free , Monthly,23-09-2025,,$0.00,10%, Active
SUB-006801,588, Enterprise, Quarterly,"Apr 27, 2025",,$763,15 %, Active 
SUB-006802,841,STARTER,MONTHLY,29-04-2025,,USD 54.68, 5% , Active
SUB-006803,37, Professional,monthly,21/08/2025,,143.72,15%,ACTIVE
SUB-006804,1281,Free, Annual,"Feb 23, 2025",09/01/2025,0.00 USD,5 %,cancelled
SUB-006805,1460,Enterprise, Annual,03-05-2025,,USD 838.43,5.0%,active
SUB-006806,1373, Professional,Monthly ,21-08-2025,,134.36,10 %, Active
SUB-006807,164,Starter ,Annual ,06-05-2025,,$45,10 %, Active 
SUB-006808,402, Professional, Monthly,18 Oct 2025,,$139.59,,ACTIVE
SUB-006809,1210,free,MONTHLY,"Jun 07, 2025",,USD 0.00,0 %,Active 
SUB-006810,180,Professional ,Quarterly ,2025-01-05,,$163,10%,Active
SUB-006811,1456,starter,annual,05/04/2025,20 Jan 2026,$46.83,15 %, Paused 
SUB-006812,1349, Professional ,Monthly,07/06/2025,,$170.20,15.0%,Active 
SUB-006813,841,Business,MONTHLY,18-12-2025,,USD 316.65, 5% ,active
SUB-006814,709,starter,annual,04/06/2025,07/02/2026,$52.58,20 %,Expired
SUB-006815,1372,Starter,MONTHLY,15-08-2025,"Jun 24, 2026",USD 46.77, 15% ,Paused
SUB-006816,326, Business,Quarterly ,07-03-2025,,$335.83, 20% , Active 
SUB-006817,484,Starter,Annual,17-07-2025,,$52,20 %, Active 
SUB-006818,217,professional,annual,17/05/2025,,$166.30, 15% , Active
SUB-006819,1379, Free,ANNUAL,22/10/2025,,0.00 USD,15%, Active
SUB-006820,902,BUSINESS, Monthly,14 Nov 2025,05/08/2026,278.49,10 %,Expired 
SUB-006821,1376,Starter,Quarterly ,05/13/2025,,USD 45.28, 15% ,Active
SUB-006822,883,Professional ,QUARTERLY,"Sep 07, 2025",,164.03, 0% , Active
SUB-006823,602, Enterprise, Annual,21 Dec 2025,,892.11,10%,Active
SUB-006824,709,PROFESSIONAL,monthly,12/06/2025,,USD 155.85,5.0%,ACTIVE
SUB-006825,388, Enterprise,quarterly,2025-02-28,06/01/2025,792.21 USD,20%,Paused 
SUB-006826,72,business, Monthly,"Jul 25, 2025",,$317.88,20.0%,ACTIVE
SUB-006827,1063,Professional ,Quarterly ,20 Feb 2025,09-07-2025,USD 145.49,15.0%,CANCELLED
SUB-006828,1284,free,ANNUAL,2025-01-17,06/19/2025,$0.00, 10% ,Cancelled 
SUB-006829,177, Free ,Annual ,2025-01-25,01/04/2025,0.00,20 %, Cancelled 
SUB-006830,1316,BUSINESS,quarterly,18/11/2025,04 Aug 2026,285.26,,CANCELLED
SUB-006831,1147,Professional, Monthly ,2025-01-28,,152.12 USD,5.0%,ACTIVE
SUB-006832,84,professional,monthly,16-05-2025,01/04/2026,$170,15.0%,PAUSED
SUB-006833,1051, Professional ,QUARTERLY,"Dec 15, 2025",,165.38,10 %, Active 
SUB-006834,1420,Business , Annual,12-08-2025,,339.49,5.0%,Active 
SUB-006835,936,PROFESSIONAL,QUARTERLY,2025-11-19,,USD 164.14,5 %,ACTIVE
SUB-006836,425, Enterprise,ANNUAL,02/11/2025,06-08-2026,789.96 USD,15%,Cancelled
SUB-006837,291,Enterprise, Quarterly,27 Apr 2025,"Jun 28, 2025",$881.31,20.0%,CANCELLED
SUB-006838,993, Business , Quarterly,2025-09-02,30/05/2026,$338.09, 0% , Expired
SUB-006839,532, Business ,quarterly,18/01/2025,11/27/2025,USD 339.89,10 %,Paused 
SUB-006840,1156,STARTER,annual,2025-05-18,30-11-2025,$52.47,15 %, Paused
SUB-006841,1139, Starter , Quarterly,"Sep 06, 2025",14-10-2025,$47,15 %,Expired 
SUB-006842,1263,Business ,monthly,09/22/2025,,272.07 USD,0%,Active
SUB-006843,719,STARTER,Monthly,07/13/2025,"Aug 15, 2025",45.90 USD,15.0%,expired
SUB-006844,518,Free, Annual,08/12/2025,2026-04-14,0.00, 15% , Expired
SUB-006845,329,Professional ,Annual,2025-12-30,,151.31 USD,5.0%,Active
SUB-006846,396,Business ,Quarterly,08-07-2025,,333.01,15 %, Active
SUB-006847,902,Professional,annual,"May 04, 2025",24-04-2026,$151, 5% ,PAUSED
SUB-006848,313,Professional ,Quarterly ,26 Sep 2025,23 Aug 2026,USD 158.72,5 %,Cancelled
SUB-006849,1448,starter,MONTHLY,2025-10-29,,44.40, 10% , Active 
SUB-006850,1379, Free ,Annual ,2025-04-05,,$0,, Active
SUB-006851,1433,Professional ,Annual ,06-09-2025,,150.35 USD,5 %,Active
SUB-006852,746,STARTER,Monthly ,01/01/2025,"May 19, 2025",$52, 10% ,cancelled
SUB-006853,663,professional,Monthly,"Jan 14, 2025",2025-09-22,$140.49,20 %,paused
SUB-006854,405,business, Quarterly,19/07/2025,07/01/2026,$326.25,10%,Cancelled
SUB-006855,430,PROFESSIONAL,Monthly ,24 Jul 2025,,147.67,20.0%,Active
SUB-006856,256,Professional ,Quarterly ,04/12/2025,,164.55 USD, 0% ,Active 
SUB-006857,353, Starter ,Quarterly,08/25/2025,,$45.30, 10% , Active 
SUB-006858,326,ENTERPRISE,Quarterly ,"May 26, 2025",,854.88,20%,Active
SUB-006859,1275,Enterprise,quarterly,"Nov 21, 2025",23-02-2026,$778,0 %,Paused
SUB-006860,1299,BUSINESS, Monthly ,"Dec 23, 2025",,328.55, 20% ,active
SUB-006861,1005,ENTERPRISE,monthly,03/15/2025,,$799.43,0.0%, Active
SUB-006862,584,PROFESSIONAL,annual,28/09/2025,,USD 158.88,10 %,active
SUB-006863,50,Professional ,Monthly ,30 Oct 2025,,$168.90,5.0%,Active 
SUB-006864,97,starter,monthly,2025-11-27,07/14/2026,44.35,0 %, Expired
SUB-006865,415, Free,Annual,"Nov 10, 2025",,USD 0.00,10%,ACTIVE
SUB-006866,1151, Professional,MONTHLY,20-01-2025,,162.79 USD,15%, Active 
SUB-006867,1179,Starter,Monthly ,2025-11-27,02/03/2026,52.02,15%, Cancelled 
SUB-006868,796,Enterprise, Quarterly ,25/04/2025,,777.62,10.0%,active
SUB-006869,1321,business,QUARTERLY,04/04/2025,,$306,15 %,active
SUB-006870,888,starter, Quarterly ,18 Nov 2025,06/06/2026,44.61,5 %,CANCELLED
SUB-006871,1079,Business , Quarterly,08/06/2025,,283.49, 0% , Active 
SUB-006872,1499,BUSINESS,ANNUAL,"Oct 21, 2025",,300.83,10%, Active
SUB-006873,883,starter,Quarterly ,10/29/2025,,$54,15 %, Active
SUB-006874,153,Free ,monthly,03-12-2025,2026-05-10,0.00,20%,Paused 
SUB-006875,940,Professional ,MONTHLY,"Feb 15, 2025",2025-06-04,155.94 USD,15%,Cancelled 
SUB-006876,325,Free,annual,"Dec 04, 2025","Jul 20, 2026",USD 0.00,10.0%, Cancelled
SUB-006877,1060,PROFESSIONAL,Annual ,2025-07-30,,145.60,0.0%,Active 
SUB-006878,441,Business , Annual,"Oct 09, 2025",08-10-2026,321.48, 0% ,Cancelled
SUB-006879,611, Starter,quarterly,2025-11-20,29-08-2026,USD 54.66,0%,cancelled
SUB-006880,1117,Enterprise,Annual ,"Aug 24, 2025","Jun 22, 2026",USD 759.57, 20% ,cancelled
SUB-006881,982,Professional,QUARTERLY,31 Dec 2025,05/16/2026,$147.38,20%, Paused 
SUB-006882,743,Professional ,Annual ,22-04-2025,,$170.60,10%,ACTIVE
SUB-006883,613,Starter ,Monthly,29 Sep 2025,,56.14, 20% ,Active
SUB-006884,1007,PROFESSIONAL, Annual ,15 May 2025,,$142.42,20%,Active 
SUB-006885,164,Starter,annual,28-09-2025,04/14/2026,44.91 USD,5 %,Expired 
SUB-006886,73, Business , Annual,18-08-2025,,$289,15%,Active
SUB-006887,1090,BUSINESS,MONTHLY,2025-05-06,,$298.83,15%,active
SUB-006888,201, Professional , Annual ,07/11/2025,"Jan 15, 2026",150.53 USD,5.0%,Paused 
SUB-006889,246,professional,Monthly ,05/13/2025,28/09/2025,USD 157.15,10.0%,Paused 
SUB-006890,1415,business,Monthly ,08/06/2025,,336.34,5.0%,ACTIVE
SUB-006891,921,Business , Annual,10/11/2025,02/02/2026,293.79,10%,Paused 
SUB-006892,1114,business,monthly,2025-09-23,,$333, 5% ,Active
SUB-006893,324, Free,Annual ,18 Jun 2025,,$0,20 %,Active
SUB-006894,1075,Professional, Quarterly ,07-09-2025,2026-08-20,135.66,0.0%,PAUSED
SUB-006895,778,professional,monthly,02/02/2025,04 Dec 2025,$152.88,0%,Paused
SUB-006896,684, Free ,Monthly,01 Jun 2025,2026-01-31,0.00,20%, Cancelled
SUB-006897,446,Professional,QUARTERLY,09/05/2025,,USD 148.72,10 %,ACTIVE
SUB-006898,982, Starter ,QUARTERLY,15-10-2025,09-10-2026,55.09,20%, Paused
SUB-006899,462, Starter,quarterly,13/09/2025,,$47.06,20%,Active 
SUB-006900,902,BUSINESS,quarterly,08-07-2025,,$321.87,,ACTIVE
SUB-006901,1375,Professional , Monthly,"Apr 19, 2025",,145.36 USD,5 %,Active
SUB-006902,1163,Professional , Annual ,28/03/2025,2026-03-17,135.77, 15% ,Paused
SUB-006903,536, Professional ,Quarterly,01/31/2025,2025-08-05,154.84, 15% ,CANCELLED
SUB-006904,64,Free ,ANNUAL,"Dec 05, 2025",23/06/2026,N/A, 0% , Cancelled
SUB-006905,1421, Free,ANNUAL,08/16/2025,,0.00, 0% ,Active 
SUB-006906,1173,starter,Quarterly,11 Apr 2025,,USD 51.66,15%,Active 
SUB-006907,1161, Business , Annual ,09/07/2025,06/04/2026,$336.38, 20% , Expired 
SUB-006908,1493, Business , Annual ,03 Mar 2025,,328.13,20%,Active 
SUB-006909,26,starter,Quarterly,"Mar 04, 2025",,46.47,15 %,active
SUB-006910,776,STARTER,Annual,24/11/2025,,53.08,0%,Active
SUB-006911,948, Starter , Annual ,12-12-2025,,50.25,5%,active
SUB-006912,658,Enterprise,Quarterly ,2025-03-02,,USD 868.11,10 %,ACTIVE
SUB-006913,1132,Professional , Quarterly,04/14/2025,2026-04-05,152.52,15.0%,Expired 
SUB-006914,1321,PROFESSIONAL, Annual ,13-03-2025,,$138.87, 15% , Active
SUB-006915,674, Professional, Annual ,23 Aug 2025,,$155.33, 15% , Active
SUB-006916,1096,Professional,Monthly ,"Oct 19, 2025",06 Jun 2026,$152,0%,Cancelled 
SUB-006917,364,free,MONTHLY,09/16/2025,,USD 0.00,15.0%,active
SUB-006918,683,professional,Annual,25/09/2025,03 Jan 2026,166.84, 0% , Paused
SUB-006919,638, Starter , Quarterly ,02/26/2025,02/08/2026,$55, 15% ,Cancelled 
SUB-006920,427,Business ,Monthly ,2025-09-02,,USD 303.00, 5% , Active 
SUB-006921,725,STARTER,monthly,16 Mar 2025,12/12/2025,49.68,20 %,paused
SUB-006922,1212,Professional , Monthly,2025-12-08,,$153,5.0%,Active 
SUB-006923,1211,Starter, Quarterly,08/08/2025,27-01-2026,50.46,5.0%,Cancelled 
SUB-006924,1358,Professional, Annual,07/01/2025,,$169.50,0 %, Active 
SUB-006925,676,Professional ,quarterly,04 Nov 2025,28/03/2026,$158.29,5.0%,PAUSED
SUB-006926,857,Business ,Quarterly ,"Sep 13, 2025","May 25, 2026",$289.84,5%, Paused 
SUB-006927,1032,Starter ,ANNUAL,2025-04-18,,50.61,,Active 
SUB-006928,1130,business,MONTHLY,"Mar 09, 2025",,315.98, 0% ,active
SUB-006929,1378,starter, Annual,2025-01-13,,51.94, 10% ,active
SUB-006930,1072,PROFESSIONAL, Quarterly ,06 Feb 2025,05/01/2026,155.90,,Paused 
SUB-006931,452,BUSINESS,Monthly,05/28/2025,27-01-2026,USD 282.39,15.0%,Expired 
SUB-006932,357,Business ,Monthly,"Apr 28, 2025",,271.61,15 %,active
SUB-006933,1418, Free, Monthly,24-11-2025,,0.00,15 %, Active
SUB-006934,346,Business,Monthly ,04/09/2025,,301.06,15 %,Active 
SUB-006935,1008, Professional,Quarterly ,28-06-2025,,136.40 USD,10 %,active
SUB-006936,748, Professional ,Annual ,07/09/2025,,unknown,15 %,Active 
SUB-006937,1255,Business ,Annual,2025-10-13,"Jan 23, 2026",294.82,20%, Cancelled
SUB-006938,1296,PROFESSIONAL,Annual ,"Mar 20, 2025",07-11-2025,$168,10%,expired
SUB-006939,352,ENTERPRISE, Monthly ,2025-05-24,,USD 749.94,0%, Active 
SUB-006940,479,professional, Monthly,2025-12-12,,$136.22,15.0%,ACTIVE
SUB-006941,975, Enterprise ,Annual ,22-05-2025,2025-06-29,$815.44, 15% ,PAUSED
SUB-006942,18,Business ,QUARTERLY,13-10-2025,06/02/2026,283.24, 10% ,paused
SUB-006943,777,PROFESSIONAL,QUARTERLY,22-07-2025,,$169.02,0%,Active 
SUB-006944,106,BUSINESS, Quarterly ,2025-11-07,,269.87, 10% , Active 
SUB-006945,429, Enterprise ,Annual,12/27/2025,,USD 801.52,,Active
SUB-006946,1214,STARTER, Monthly ,12/11/2025,11/06/2026,55.45 USD,20.0%,Cancelled
SUB-006947,1011, Business , Annual,13-05-2025,2025-07-26,297.84, 10% ,Expired 
SUB-006948,881,enterprise, Monthly ,05 Dec 2025,,$738,10 %, Active 
SUB-006949,380,Enterprise,annual,"Nov 07, 2025",20/04/2026,779.60 USD,15 %, Paused 
SUB-006950,258,Professional,ANNUAL,07/11/2025,10/24/2025,152.65,10%, Cancelled
SUB-006951,1082,Professional,Quarterly ,16-12-2025,,141.00 USD,5%, Active
SUB-006952,779,Professional, Quarterly ,2025-03-10,2025-04-24,$151, 15% , Paused
SUB-006953,1441,Business,Quarterly ,19 Aug 2025,2025-12-10,$332,15%, Paused 
SUB-006954,838, Starter , Quarterly,20/01/2025,,$55,20 %,Active 
SUB-006955,1373, Business ,Monthly ,"May 12, 2025",15-04-2026,272.78,0 %,Expired
SUB-006956,888,Starter , Annual ,11-07-2025,,46.07 USD,20%,ACTIVE
SUB-006957,436, Enterprise ,QUARTERLY,"Sep 21, 2025",,$774.09, 0% ,Active
SUB-006958,40, Professional ,ANNUAL,06-04-2025,07/17/2025,USD 156.26,10 %,Paused 
SUB-006959,74,PROFESSIONAL, Annual ,"Mar 29, 2025",,USD 147.55,, Active 
SUB-006960,1469, Starter,Quarterly,19-04-2025,,$54, 10% , Active
SUB-006961,701,business,Annual,05/14/2025,,322.67 USD,10%,Active 
SUB-006962,1319,Starter ,Annual ,26/01/2025,,45.33,5%, Active
SUB-006963,344,Professional , Quarterly,22-08-2025,05/06/2026,$157.36,5%,Cancelled
SUB-006964,148,starter,Monthly,29 Dec 2025,,45.48,20.0%,Active
SUB-006965,48,Professional,ANNUAL,06/09/2025,15-08-2026,143.60, 20% ,Expired
SUB-006966,1250,BUSINESS,QUARTERLY,2025-03-20,,282.40, 10% , Active 
SUB-006967,1254,Professional ,Quarterly ,2025-08-12,,140.55 USD,15.0%, Active 
SUB-006968,451,ENTERPRISE,Annual,2025-06-02,,$842.23,20%,ACTIVE
SUB-006969,1430, Professional ,ANNUAL,12/22/2025,,$155.09,5.0%,active
SUB-006970,86,BUSINESS,Annual ,10/23/2025,,282.26,15.0%,active
SUB-006971,770, Professional, Quarterly ,31-12-2025,,$170.98,, Active
SUB-006972,1424,business,Annual ,19-10-2025,,300.63 USD,0 %,active
SUB-006973,254, Professional , Annual ,2025-03-27,,137.72, 5% ,Active 
SUB-006974,921,Business , Annual ,07/11/2025,,278.11 USD, 15% , Active 
SUB-006975,963,Starter ,monthly,05/25/2025,09 Jul 2025,51.25 USD,20.0%,Expired 
SUB-006976,84,Starter,annual,01/18/2025,,USD 56.09,20.0%,ACTIVE
SUB-006977,295,starter,QUARTERLY,10/11/2025,"Dec 30, 2025",51.11,15 %,Expired 
SUB-006978,1019,PROFESSIONAL,MONTHLY,10 Aug 2025,,$169.45, 15% , Active 
SUB-006979,274,professional, Monthly ,01/05/2025,,150.64 USD, 10% , Active
SUB-006980,544,BUSINESS,Monthly ,2025-03-22,,error,20.0%, Active 
SUB-006981,506, Starter,Annual ,11/07/2025,,USD 50.23,5 %, Active 
SUB-006982,351,Starter , Annual ,17/10/2025,,$53, 10% ,active
SUB-006983,182, Starter, Quarterly,22-08-2025,10-03-2026,$48.60,20.0%,CANCELLED
SUB-006984,577,free,Monthly,02/24/2025,03 Jul 2025,0.00,10%,paused
SUB-006985,978,Starter ,MONTHLY,09/09/2025,2026-05-21,USD 44.46, 20% , Expired 
SUB-006986,98, Professional ,Annual,12-03-2025,,150.48, 15% ,active
SUB-006987,1161,professional, Quarterly ,"Jul 07, 2025",,153.13 USD,5.0%,ACTIVE
SUB-006988,1000, Business,annual,20-11-2025,02/04/2026,USD 314.48,,cancelled
SUB-006989,768,Professional , Monthly,30/10/2025,23/05/2026,144.38, 5% ,Paused
SUB-006990,1410,FREE,Monthly,2025-04-03,17-02-2026,0.00,5.0%, Paused
SUB-006991,536, Enterprise , Annual ,11/09/2025,,$815.89,5.0%,Active
SUB-006992,681,Starter ,quarterly,08 Mar 2025,,52.51,20 %,ACTIVE
SUB-006993,1105, Starter , Monthly,27 Aug 2025,,$54,5%, Active
SUB-006994,1304,starter, Annual,01/11/2025,,$53.14, 5% ,Active 
SUB-006995,1277,Starter,ANNUAL,07/03/2025,,USD 48.28,5%, Active 
SUB-006996,516,Starter,Quarterly,"Oct 20, 2025",,$56,15 %,ACTIVE
SUB-006997,185,Starter , Annual ,2025-07-06,,$54,20%,Active
SUB-006998,219,business, Annual,"Feb 09, 2025",,288.54,10%,Active
SUB-006999,182,Professional,monthly,"Apr 17, 2025",2025-12-03,$141,,Expired
SUB-007000,481,Business,Quarterly ,2025-02-24,,292.57 USD,15 %,active
SUB-006402,709, Free, Annual,01 Apr 2025,"Aug 12, 2025",$0, 10% ,Cancelled 
SUB-002489,1115, Starter , Quarterly ,05/01/2025,"Aug 18, 2025",USD 48.81,20 %,Expired 
SUB-006079,1259,STARTER,Monthly,10/17/2025,,USD 47.03,10.0%,Active
SUB-003008,66,Professional,Quarterly ,"Jun 14, 2025",14-12-2025,USD 170.70,5%, Expired 
SUB-000098,154,Free ,Monthly ,24/11/2025,,$0.00,15.0%,ACTIVE
SUB-002211,65,professional, Annual,"May 09, 2025",,USD 144.18,15%,Active
SUB-003199,699, Business, Quarterly ,03/18/2025,,335.04,15%, Active 
SUB-002901,1168,Enterprise,Quarterly ,"Jan 08, 2025",16 May 2025,788.06 USD,0.0%,Paused 
SUB-001436,628,starter, Annual,01 Feb 2025,20 Nov 2025,$44.50,5 %,CANCELLED
SUB-000190,46, Business ,Annual ,2025-09-15,,$312.35,10 %,ACTIVE
SUB-002225,751,Professional,Quarterly,14 Oct 2025,07/18/2026,153.87 USD,5.0%,CANCELLED
SUB-003437,914,STARTER, Annual ,06/01/2025,,$50,10.0%,Active
SUB-001062,713,starter, Annual ,23/12/2025,,48.56,15%,active
SUB-002741,960,Business,Annual,24/10/2025,"Jul 02, 2026",307.59, 20% ,Expired
SUB-000258,944, Professional,QUARTERLY,28-12-2025,,$156,5.0%,Active
SUB-005554,1435, Starter, Quarterly,2025-09-06,,USD 53.82, 0% , Active
SUB-001170,615,PROFESSIONAL,Monthly ,20-06-2025,20-11-2025,USD 163.26,15 %,Expired
SUB-004856,534,BUSINESS,Quarterly ,2025-06-11,,285.44, 15% ,ACTIVE
SUB-001701,584, Professional,monthly,"May 30, 2025",2025-09-03,$151,20%,expired
SUB-000735,904,Starter,ANNUAL,22-11-2025,2026-09-02,51.10,15 %,Paused 
SUB-004959,610,PROFESSIONAL, Quarterly,06-10-2025,,160.90 USD,,ACTIVE
SUB-002868,395,business, Quarterly,17/09/2025,,USD 311.11,15.0%,Active
SUB-006789,745,FREE,ANNUAL,"May 25, 2025",,0.00 USD, 10% ,active
SUB-006601,1358,Starter ,quarterly,"Nov 27, 2025","May 11, 2026",USD 48.19,20 %,CANCELLED
SUB-002894,463,Professional, Monthly,"Mar 02, 2025",,160.86 USD,15.0%,ACTIVE
SUB-001995,1170,professional,monthly,07/13/2025,,165.57,5.0%, Active
SUB-004941,259,Business,Annual,18-02-2025,,$317.07,,Active 
SUB-001161,551,business,Annual,16/06/2025,01/03/2026,USD 327.10,15.0%,Expired
SUB-002266,521, Starter , Monthly,"Nov 10, 2025",01 Jun 2026,$55.77,10.0%,cancelled
SUB-001000,135,STARTER,Annual ,08/08/2025,09 Apr 2026,USD 45.43, 20% ,Expired 
SUB-004756,45,STARTER, Quarterly,12/09/2025,,$49.65,20%, Active
SUB-001206,763,BUSINESS,Monthly,2025-07-11,"Dec 31, 2025",$303.73, 10% ,Cancelled
SUB-002892,534,Professional, Monthly ,2025-12-31,,159.16,10 %,ACTIVE
SUB-005674,194,Professional,Monthly ,16-08-2025,25 Dec 2025,171.23 USD, 15% ,Cancelled
SUB-006149,852, Enterprise,Monthly ,01-08-2025,,777.88,15%,active
SUB-003717,431, Professional , Quarterly,17 Jan 2025,,137.61,0.0%,active
SUB-006059,204, Professional, Annual,"Oct 12, 2025",,139.50 USD,10.0%,Active 
SUB-006170,1056,starter, Monthly,03/26/2025,,$56,20.0%,ACTIVE
SUB-005104,121,Professional , Quarterly ,13/10/2025,"Aug 27, 2026",168.62,5.0%, Paused
SUB-002177,101,Professional, Quarterly ,2025-12-08,,141.89,20.0%,ACTIVE
SUB-000833,469,Professional, Annual,"Jul 31, 2025",,$142.76,0 %,Active
SUB-000963,331,enterprise, Quarterly,"Mar 12, 2025",14/10/2025,USD 747.43,15.0%,paused
SUB-005010,563,Professional , Monthly,25-10-2025,,USD 167.45,20%, Active
SUB-002551,733,professional, Annual ,2025-01-20,17 Jan 2026,USD 138.50,15 %, Cancelled 
SUB-005740,748,Enterprise ,quarterly,05-09-2025,25 Jun 2026,$897, 15% , Cancelled 
SUB-006448,1026,Professional , Annual,31 Mar 2025,,161.38 USD,15.0%,Active 
SUB-003303,1013,Professional,QUARTERLY,18 Apr 2025,,USD 159.03,5 %,Active 
SUB-005720,825,starter, Monthly ,"May 28, 2025",,46.93 USD,10%,Active 
SUB-006667,883,Free ,MONTHLY,2025-05-18,,USD 0.00,5 %,ACTIVE
SUB-002375,1421,STARTER,QUARTERLY,08-04-2025,,$49.47,10.0%,active
SUB-000955,649,free,Quarterly ,12/30/2025,,unknown,10 %,Active
SUB-002276,72, Starter, Quarterly ,"Apr 08, 2025",,46.48, 20% ,active
SUB-006854,405,business, Quarterly,19/07/2025,07/01/2026,$326.25,10%,Cancelled
SUB-006583,1026, Professional , Monthly,"Jun 07, 2025",20 Feb 2026,$140, 20% ,Cancelled
SUB-001189,742,enterprise,Monthly ,12/01/2025,,USD 896.54,0%,active
SUB-000762,1432, Enterprise ,MONTHLY,12-03-2025,01/07/2026,807.40 USD,20.0%,PAUSED
SUB-002379,148, Starter ,Monthly ,16/04/2025,,55.37,5%, Active 
SUB-003091,634,business,annual,01-03-2025,,296.48,15.0%,Active 
SUB-003821,11,BUSINESS,ANNUAL,24-12-2025,,335.23 USD,15%, Active 
SUB-003326,26,starter,ANNUAL,12/12/2025,09 Jun 2026,$48.99,5%,Paused 
SUB-000701,1004,Professional,annual,28-03-2025,,$153.64,10.0%,Active
SUB-002915,839, Free ,Annual ,10/27/2025,,$0.00,0 %, Active
SUB-000650,193,STARTER,quarterly,16-09-2025,2026-02-27,55.86,20 %,Paused
SUB-006055,1315,Starter ,Quarterly,15-11-2025,,50.33 USD, 0% ,ACTIVE
SUB-006618,1020,starter,Quarterly ,17-05-2025,,44.11,20%,Active
SUB-001477,1207,Enterprise ,annual,27 Sep 2025,"Jul 28, 2026",829.71,5 %,Cancelled
SUB-002762,583, Enterprise,Annual,05-04-2025,,748.50 USD, 5% , Active 
SUB-006017,287, Free ,monthly,16-08-2025,,$0,15 %,Active
SUB-005391,1390,business,Annual,"Aug 30, 2025",,306.86,,Active 
SUB-006447,1173,Business,Annual,14/09/2025,17-01-2026,276.29,15 %,PAUSED
SUB-006866,1151, Professional,MONTHLY,20-01-2025,,162.79 USD,15%, Active 
SUB-002486,1400,Starter,Annual,05/10/2025,,44.98,20.0%,ACTIVE
SUB-000537,1447, Business ,monthly,"Dec 19, 2025",,331.27, 5% ,Active
SUB-001619,1194,Business ,Annual,02/25/2025,,324.08,15%,ACTIVE
SUB-003854,1187,starter,Annual,"Jul 02, 2025",06/01/2026,USD 54.11,5 %, Cancelled
