ticket_id,user_id,opened_date,category,priority,resolution_hours,satisfaction,ticket_status
TCK-000001,355,28/09/2025,Security,CRITICAL,8.0,1.0,open
TCK-000002,440,04 Feb 2025, Account ,LOW,14.4,5.0,resolved
TCK-000003,196,12/16/2025, Performance,LOW,10.5,3.0,OPEN
TCK-000004,1420,2025-03-03,Account,Low ,15.8,5.0,Open 
TCK-000005,910,29-10-2025,FEATURE REQUEST,HIGH,14.1,5.0,Closed 
TCK-000006,181,26/03/2025,Feature Request,Medium,23.3,5.0, Pending 
TCK-000007,1341,29 Aug 2025, Performance ,Low,13.2,3.0,Open 
TCK-000008,1230,2025-11-23,Security ,HIGH,14.1,2.0,closed
TCK-000009,1032,08/05/2025, Billing,critical,10.6,3.0, Pending 
TCK-000010,53,2025-08-09,Technical,low,26.7,3.0,Closed
TCK-000011,36,"Aug 16, 2025",Feature Request,Low,6.4,, Pending
TCK-000012,952,"Apr 16, 2025",Performance , Medium,15.2,1.0, Pending
TCK-000013,224,08/27/2025,account,High ,35.8,, Resolved 
TCK-000014,202,2025-02-04,FEATURE REQUEST, Low,5.7,1.0,open
TCK-000015,1329,25-05-2025,Feature Request,high,18.2,, Resolved 
TCK-000016,1169,27-10-2025, Security,medium,63.5,1.0, Resolved 
TCK-000017,1322,2025-12-02,Performance , Critical ,11.0,2.0,Pending
TCK-000018,334,02/12/2025,ACCOUNT,LOW,24.0,, Closed 
TCK-000019,1390,05/19/2025,Billing , Critical,36.8,1.0,RESOLVED
TCK-000020,807,06/28/2025,TECHNICAL, Low,17.6,2.0, Closed
TCK-000021,487,"Jul 21, 2025",Feature Request ,HIGH,9.9,,OPEN
TCK-000022,1438,17 Oct 2025,Feature Request , Low ,4.3,1.0,Pending
TCK-000023,1023,23/10/2025,Performance ,High ,4.4,2.0,resolved
TCK-000024,587,11-06-2025, Performance , High,9.1,2.0,Open 
TCK-000025,1378,23-07-2025,Technical,Medium,15.6,5.0, Closed 
TCK-000026,832,"Jun 22, 2025",BILLING,High,31.4,,Closed
TCK-000027,909,10/05/2025,SECURITY,Medium ,11.2,1.0,RESOLVED
TCK-000028,534,2025-04-28,Feature Request ,low,11.8,2.0, Closed
TCK-000029,397,05 Feb 2025,Account,Medium,15.6,2.0, Closed 
TCK-000030,843,05-08-2025,account,High,49.8,1.0, Resolved
TCK-000031,1385,2025-01-16, Security, Critical,25.8,5.0,open
TCK-000032,1454,12/16/2025,BILLING, High ,9.4,4.0,RESOLVED
TCK-000033,1458,01-05-2025,Security,Critical,38.6,4.0, Resolved 
TCK-000034,881,04-01-2025, Feature Request , Critical ,33.0,,Pending 
TCK-000035,1448,01/04/2025, Security ,Critical ,3.4,, Resolved
TCK-000036,1432,15/02/2025,Billing,Low,3.8,4.0,pending
TCK-000037,141,12-12-2025,Security ,Low,15.7,1.0, Resolved
TCK-000038,1112,"Aug 24, 2025",Feature Request, Medium,10.1,5.0,Pending
TCK-000039,534,04 Jan 2025, Feature Request,CRITICAL,28.5,2.0,Resolved
TCK-000040,124,"Feb 27, 2025",Billing,High ,12.7,1.0,pending
TCK-000041,559,"Jul 01, 2025",Account, Low,5.1,5.0, Pending 
TCK-000042,40,"Jul 19, 2025",ACCOUNT,Low ,34.9,3.0, Resolved
TCK-000043,926,05/31/2025,FEATURE REQUEST, High ,17.5,5.0, Resolved
TCK-000044,6,2025-06-20,Feature Request ,Medium ,16.8,2.0,closed
TCK-000045,932,"Jun 06, 2025",PERFORMANCE,High ,9.4,5.0,Pending
TCK-000046,411,07-01-2025, Account ,Critical,7.0,3.0,CLOSED
TCK-000047,1398,03/10/2025,Security,High,2.0,1.0,Pending
TCK-000048,1427,09 Apr 2025,technical,LOW,0.9,,pending
TCK-000049,1456,2025-08-06,Billing , Medium,7.3,4.0,Pending 
TCK-000050,828,25-07-2025,BILLING, Medium,11.7,3.0, Pending 
TCK-000051,346,"Nov 13, 2025",Security ,Medium ,12.8,, Open
TCK-000052,1042,14-11-2025, Security ,Medium,18.6,1.0, Resolved 
TCK-000053,410,15 Oct 2025, Billing ,Medium ,17.6,, Closed
TCK-000054,436,"Oct 22, 2025",TECHNICAL,Low,32.8,4.0,OPEN
TCK-000055,688,"Dec 24, 2025",ACCOUNT,Medium,31.6,5.0,resolved
TCK-000056,1087,07 Jun 2025, Account ,High ,14.6,5.0,Open
TCK-000057,738,"May 24, 2025",PERFORMANCE, Low,14.5,4.0, Resolved 
TCK-000058,145,03/06/2025,Feature Request, Low,55.0,5.0,Closed
TCK-000059,13,28/11/2025, Security ,High,17.4,3.0, Pending 
TCK-000060,380,14/04/2025,Billing ,HIGH,27.4,2.0,Resolved
TCK-000061,1337,2025-11-26, Technical ,LOW,12.9,3.0,CLOSED
TCK-000062,138,23 Mar 2025, Security ,CRITICAL,17.2,1.0,PENDING
TCK-000063,1074,27-01-2025,ACCOUNT, High,12.7,2.0,Resolved
TCK-000064,1415,03/23/2025, Billing ,Low ,2.6,2.0,CLOSED
TCK-000065,425,"Feb 04, 2025",Account,HIGH,29.9,2.0,resolved
TCK-000066,19,09-09-2025, Security,Medium,8.6,1.0,Pending 
TCK-000067,673,"Apr 15, 2025",Feature Request,Critical ,8.4,5.0,closed
TCK-000068,406,18/07/2025, Account,Medium,9.9,, Resolved 
TCK-000069,140,2025-03-07,account,CRITICAL,22.9,2.0,OPEN
TCK-000070,174,11/22/2025,Feature Request, Medium ,51.6,1.0, Pending
TCK-000071,993,2025-01-01,Performance ,Critical ,3.7,3.0, Closed
TCK-000072,185,31-01-2025,Performance, Critical ,17.3,3.0,Resolved
TCK-000073,324,12 Jul 2025, Performance,High,11.4,1.0,open
TCK-000074,330,"Apr 10, 2025",Feature Request ,low,26.3,3.0,resolved
TCK-000075,1100,22-09-2025,PERFORMANCE, High,6.6,,Open
TCK-000076,151,03/01/2025, Performance , Medium ,22.1,3.0, Pending
TCK-000077,1404,"Nov 12, 2025", Technical ,critical,15.7,5.0,Closed 
TCK-000078,848,2025-04-04, Feature Request, Critical,8.0,2.0,OPEN
TCK-000079,1489,09/05/2025, Technical,low,2.1,1.0, Resolved 
TCK-000080,771,28 May 2025,Account ,medium,12.6,4.0,Resolved 
TCK-000081,226,2025-07-23,security,High,12.2,,Open 
TCK-000082,208,16/03/2025, Performance ,Medium ,31.3,1.0,Open
TCK-000083,1490,28/07/2025, Account ,Critical ,9.5,3.0,PENDING
TCK-000084,1422,2025-04-18,PERFORMANCE,Medium,29.2,2.0,Open 
TCK-000085,40,12/20/2025,Performance, Medium ,15.4,1.0,closed
TCK-000086,692,28/04/2025,PERFORMANCE, Medium,4.4,, Open
TCK-000087,1129,2025-09-12,Billing,Critical,6.3,5.0,Resolved
TCK-000088,287,04/26/2025, Account , Low ,17.1,1.0,resolved
TCK-000089,1309,2025-07-26,feature request, Medium ,11.2,1.0, Open 
TCK-000090,720,2025-08-02, Feature Request, Medium,36.5,1.0,Closed
TCK-000091,1237,2025-06-28,security,Medium,13.7,5.0, Pending
TCK-000092,1179,23 Apr 2025,PERFORMANCE,Low,10.8,4.0,open
TCK-000093,1015,2025-11-22, Billing ,Critical ,8.7,4.0,Closed
TCK-000094,255,24/09/2025, Performance , Low,22.6,,CLOSED
TCK-000095,832,01/21/2025,billing, Critical ,6.9,1.0,Open 
TCK-000096,271,12 Sep 2025,Account, Low ,6.8,5.0, Closed 
TCK-000097,1485,07/23/2025,SECURITY,high,8.8,3.0,Open 
TCK-000098,613,"Feb 28, 2025", Billing ,High ,1.6,5.0, Open
TCK-000099,1419,"May 10, 2025", Performance ,low,2.2,4.0, Pending 
TCK-000100,587,"Jan 26, 2025",feature request,Medium ,10.8,2.0,PENDING
TCK-000101,164,"May 11, 2025", Security, High,12.1,3.0,Pending
TCK-000102,1073,"Apr 03, 2025", Account , Critical ,5.0,2.0,pending
TCK-000103,507,26 May 2025,security, Critical ,4.0,, Resolved 
TCK-000104,670,05/05/2025, Billing , Medium ,13.6,4.0,Open
TCK-000105,472,08 Mar 2025, Billing ,medium,5.5,2.0, Resolved 
TCK-000106,497,11/21/2025,BILLING,Low ,14.3,4.0, Resolved
TCK-000107,1480,09-06-2025,Feature Request ,LOW,24.6,4.0,RESOLVED
TCK-000108,331,08 Jul 2025, Feature Request , Low ,5.5,4.0, Resolved
TCK-000109,293,2025-07-16,TECHNICAL,critical,3.5,, Open
TCK-000110,39,"Jul 27, 2025",technical,MEDIUM,6.4,1.0,Resolved
TCK-000111,1398,2025-03-27, Performance ,High ,6.8,4.0,Closed
TCK-000112,300,"Feb 09, 2025",Billing , Medium ,13.2,3.0,Open 
TCK-000113,1296,"Oct 12, 2025",Billing ,MEDIUM,13.8,, Pending
TCK-000114,619,06-11-2025,Security,Critical ,12.3,2.0,Resolved 
TCK-000115,301,08 Mar 2025, Billing ,Low ,29.0,1.0,resolved
TCK-000116,1094,07/19/2025,Security,LOW,5.3,5.0,Resolved
TCK-000117,318,21 Nov 2025,Security,MEDIUM,15.0,1.0, Open 
TCK-000118,1151,09 Mar 2025,PERFORMANCE,Critical ,38.8,,Resolved 
TCK-000119,1024,09/18/2025, Feature Request ,Low,13.7,,open
TCK-000120,689,11/07/2025,Feature Request , Medium,20.0,3.0, Resolved 
TCK-000121,1499,2025-11-27,technical,Medium,2.9,,Open
TCK-000122,664,28/09/2025,SECURITY,HIGH,33.7,4.0,Closed
TCK-000123,633,"Apr 16, 2025",SECURITY, Low,28.1,, Resolved 
TCK-000124,809,20/11/2025,feature request,Critical,23.4,3.0,Resolved 
TCK-000125,419,09/07/2025, Billing ,MEDIUM,25.7,4.0,Open 
TCK-000126,838,07-04-2025,account,High,7.6,3.0,Pending 
TCK-000127,1084,16 May 2025,Performance ,high,12.3,2.0, Resolved 
TCK-000128,1389,29/07/2025,PERFORMANCE,critical,11.0,4.0,resolved
TCK-000129,974,2025-11-11, Feature Request,Medium ,5.9,1.0, Closed
TCK-000130,656,2025-01-18,SECURITY, Critical,30.8,4.0,Open
TCK-000131,560,"May 18, 2025",account, Critical ,8.7,2.0,Pending 
TCK-000132,929,2025-12-08,FEATURE REQUEST,Low,28.1,4.0,Closed 
TCK-000133,1155,07/03/2025,account,Low ,9.2,5.0,pending
TCK-000134,1112,01/14/2025, Technical,critical,11.3,5.0,OPEN
TCK-000135,855,2025-04-09, Security , Medium,14.4,2.0,RESOLVED
TCK-000136,664,12 Jul 2025, Security,High ,10.4,2.0,Resolved 
TCK-000137,1324,"May 30, 2025",Billing,LOW,29.7,1.0, Pending
TCK-000138,121,17 Oct 2025, Security,Low ,2.1,3.0,Open 
TCK-000139,964,02/28/2025,BILLING, Critical,21.9,3.0, Pending
TCK-000140,451,10/08/2025,security, Medium,36.0,5.0,Open
TCK-000141,1156,02-09-2025,Billing,Critical,5.4,3.0,resolved
TCK-000142,1210,2025-08-15,BILLING, Medium ,0.7,3.0, Resolved
TCK-000143,210,2025-03-07,Security ,low,3.1,, Closed 
TCK-000144,1315,31-03-2025, Performance ,low,4.0,5.0, Open
TCK-000145,374,13/02/2025, Security ,Low,29.2,2.0,Resolved 
TCK-000146,778,25-12-2025,Security,critical,5.3,1.0,Pending 
TCK-000147,275,02-09-2025, Security , Low,8.2,4.0,Resolved 
TCK-000148,1300,"Dec 17, 2025",performance, Medium,8.6,1.0,RESOLVED
TCK-000149,288,2025-12-10,Security ,Low ,14.4,4.0,Pending 
TCK-000150,807,26/01/2025, Billing, Medium,22.3,4.0, Resolved
TCK-000151,1384,19/03/2025,Billing,High ,29.7,3.0,Open
TCK-000152,552,18 May 2025,SECURITY,HIGH,3.0,2.0,open
TCK-000153,147,06/11/2025,Billing , Medium,15.6,5.0,Closed 
TCK-000154,160,26-07-2025,ACCOUNT, Medium ,25.9,4.0, Open
TCK-000155,1130,17/02/2025, Security ,MEDIUM,35.7,4.0,RESOLVED
TCK-000156,916,10/06/2025, Account , Medium ,18.4,,CLOSED
TCK-000157,1126,01 Aug 2025,BILLING,MEDIUM,8.0,1.0,CLOSED
TCK-000158,828,18-09-2025, Feature Request ,medium,1.2,2.0, Pending 
TCK-000159,667,03/25/2025, Account ,CRITICAL,16.5,,Open 
TCK-000160,377,"Feb 20, 2025", Security,MEDIUM,11.7,5.0,Open 
TCK-000161,671,18-10-2025,technical,Low ,16.9,4.0,CLOSED
TCK-000162,52,2025-01-14, Account,High,3.1,3.0,pending
TCK-000163,1318,23 May 2025, Account,HIGH,35.3,,resolved
TCK-000164,1479,08/15/2025, Feature Request,High,28.7,1.0,resolved
TCK-000165,605,02/08/2025,Billing , Critical ,4.3,,Closed
TCK-000166,337,11/22/2025,Technical, High ,16.2,4.0,pending
TCK-000167,564,"Jan 14, 2025",Account,Low ,7.0,1.0, Resolved
TCK-000168,142,06-07-2025,feature request,Medium ,22.8,,Pending 
TCK-000169,806,10/05/2025,Billing , High,4.7,, Open 
TCK-000170,1117,14 Dec 2025,security,Low ,8.5,3.0,Pending 
TCK-000171,631,23 Sep 2025,Feature Request,CRITICAL,26.2,5.0,closed
TCK-000172,653,16 Jan 2025,Billing,High,22.5,2.0,resolved
TCK-000173,1191,2025-05-20,Account,LOW,15.8,4.0,Closed
TCK-000174,1403,22 Jan 2025,BILLING,Medium ,16.1,4.0,Resolved
TCK-000175,641,05/31/2025,SECURITY,Medium,6.7,,Closed 
TCK-000176,644,2025-01-18,Billing,Low ,24.5,5.0, Pending 
TCK-000177,527,10/21/2025, Technical,critical,2.4,2.0,PENDING
TCK-000178,1126,27-12-2025,Account , Medium,22.2,1.0, Resolved 
TCK-000179,685,02/24/2025,billing, High ,3.2,1.0,PENDING
TCK-000180,266,10/14/2025,Performance ,Critical,16.7,3.0, Resolved
TCK-000181,1061,"Mar 15, 2025", Technical,Low,30.9,4.0, Closed
TCK-000182,1165,24-03-2025,Billing ,Critical ,20.3,,CLOSED
TCK-000183,172,10-08-2025,Technical , High ,19.3,5.0,closed
TCK-000184,739,19 Oct 2025,performance,MEDIUM,8.8,4.0,PENDING
TCK-000185,1308,2025-03-26, Technical,Low,29.3,5.0,PENDING
TCK-000186,682,04-11-2025, Security ,Critical ,10.6,4.0,pending
TCK-000187,668,"Nov 23, 2025",FEATURE REQUEST, Critical ,3.0,1.0, Closed 
TCK-000188,79,10/21/2025,Performance, Medium,7.0,1.0,OPEN
TCK-000189,221,04-04-2025,feature request, Medium,9.6,5.0, Open 
TCK-000190,49,"Apr 14, 2025", Technical, High,36.1,2.0, Pending
TCK-000191,247,05 May 2025,Account,high,7.1,5.0, Resolved
TCK-000192,801,11/29/2025,security,low,30.3,1.0, Closed
TCK-000193,1327,03-01-2025, Account ,LOW,11.9,3.0,Closed
TCK-000194,1171,2025-07-25,SECURITY,MEDIUM,12.2,5.0,CLOSED
TCK-000195,316,"Nov 10, 2025",Feature Request,Low,23.6,5.0,OPEN
TCK-000196,300,11/04/2025, Security,Critical ,39.0,2.0,OPEN
TCK-000197,844,"Jun 02, 2025", Billing ,CRITICAL,11.5,,OPEN
TCK-000198,337,2025-04-03,Security,critical,9.8,5.0, Closed
TCK-000199,850,09/22/2025, Feature Request,Critical,3.4,1.0,Open
TCK-000200,494,2025-12-27, Performance,low,20.8,, Resolved
TCK-000201,1060,24 May 2025,technical,Medium,15.4,,Pending
TCK-000202,412,"Jun 29, 2025",Billing,high,5.1,3.0,CLOSED
TCK-000203,848,05/08/2025,Technical,High,8.3,2.0,Resolved
TCK-000204,555,"Aug 31, 2025",PERFORMANCE,LOW,8.5,3.0, Resolved
TCK-000205,653,05-01-2025, Feature Request , Low ,9.9,5.0,Open 
TCK-000206,1155,03 Jul 2025,Feature Request,critical,11.1,2.0, Pending
TCK-000207,782,02/20/2025,Billing , Low,9.3,5.0, Resolved
TCK-000208,1305,17 Sep 2025,Account, Low ,4.9,3.0, Open 
TCK-000209,610,07/01/2025, Security,low,8.7,,CLOSED
TCK-000210,746,"May 18, 2025",Performance ,critical,58.7,3.0, Closed 
TCK-000211,824,"Nov 09, 2025",Technical ,Medium ,12.3,2.0,OPEN
TCK-000212,800014,2025-11-06,PERFORMANCE,critical,30.3,4.0,Resolved
TCK-000213,456,29/10/2025,Technical , Critical ,32.4,4.0, Pending
TCK-000214,1145,19 Sep 2025, Performance, Low ,12.8,5.0,RESOLVED
TCK-000215,838,17-05-2025, Security ,MEDIUM,11.1,2.0,Open 
TCK-000216,1012,02 Jun 2025,FEATURE REQUEST, Critical,35.7,5.0,Resolved 
TCK-000217,567,27 Mar 2025,Technical, High ,12.3,5.0,RESOLVED
TCK-000218,590,2025-08-10, Performance,Low,4.6,,Resolved
TCK-000219,1217,2025-05-24,Account ,Medium,12.5,1.0,Open
TCK-000220,822,18/03/2025,SECURITY,High ,29.9,5.0,RESOLVED
TCK-000221,843,2025-02-17,Billing, Medium,10.7,, Open
TCK-000222,432,06-03-2025,Feature Request,High,23.1,4.0,Pending 
TCK-000223,326,"Jul 13, 2025",ACCOUNT,low,11.1,3.0,closed
TCK-000224,684,"Dec 25, 2025",Feature Request ,medium,7.0,5.0, Open
TCK-000225,700,"Jan 02, 2025",feature request,low,16.7,1.0, Open
TCK-000226,845,31/12/2025, Billing , Medium,8.1,1.0,Open 
TCK-000227,988,09-07-2025, Performance,medium,71.1,, Open
TCK-000228,1054,17-02-2025, Account ,critical,17.0,4.0, Resolved 
TCK-000229,555,08/02/2025,Performance ,critical,49.2,5.0,Closed
TCK-000230,342,"Jul 22, 2025",billing,medium,1.6,2.0, Closed
TCK-000231,1167,01/30/2025, Feature Request, Medium,24.7,3.0,OPEN
TCK-000232,438,02/13/2025, Technical,HIGH,9.2,, Pending
TCK-000233,1237,"Aug 03, 2025",PERFORMANCE, Medium,17.0,,closed
TCK-000234,815,2025-07-06,Technical , Critical ,4.2,,open
TCK-000235,1142,08/30/2025, Technical ,low,24.6,, Pending
TCK-000236,1364,"Jun 09, 2025",SECURITY,CRITICAL,5.0,2.0,resolved
TCK-000237,443,05/01/2025, Technical ,Critical,4.8,2.0,Resolved
TCK-000238,1473,"Nov 26, 2025",Account,LOW,12.9,5.0, Pending
TCK-000239,1243,16 Feb 2025,billing,Critical ,2.8,4.0, Open 
TCK-000240,1047,08/03/2025, Performance,Low ,7.0,2.0,Pending 
TCK-000241,1171,"Apr 01, 2025",PERFORMANCE,critical,17.6,3.0,Resolved
TCK-000242,761,07/11/2025,feature request,medium,33.3,5.0,resolved
TCK-000243,904,26 Mar 2025, Technical, Critical,15.3,2.0,Closed
TCK-000244,1471,"Jun 20, 2025",TECHNICAL, High,8.1,1.0,Pending 
TCK-000245,282,2025-03-04,performance,Medium,1.5,3.0,OPEN
TCK-000246,1055,07/10/2025,Technical,MEDIUM,0.0,3.0,open
TCK-000247,383,23-05-2025,PERFORMANCE,Medium,2.2,, Closed 
TCK-000248,134,17-07-2025, Billing ,medium,5.2,3.0, Pending
TCK-000249,681,18-04-2025,Performance, High,7.9,,Closed 
TCK-000250,395,13-09-2025,billing,Low,11.4,3.0,Resolved 
TCK-000251,1240,29-08-2025,TECHNICAL, Low,16.1,2.0,PENDING
TCK-000252,601,02/05/2025,TECHNICAL,HIGH,11.5,4.0,Closed
TCK-000253,1445,01 Jan 2025,Feature Request ,critical,29.9,1.0, Open
TCK-000254,270,27 Mar 2025,Technical,LOW,7.1,1.0, Resolved 
TCK-000255,140,"Dec 30, 2025",feature request,MEDIUM,18.1,2.0,Pending
TCK-000256,1345,17 Mar 2025,Account,Low,15.1,5.0, Pending 
TCK-000257,1302,22-02-2025, Technical,Low,27.9,1.0,Pending
TCK-000258,1144,"Jun 14, 2025",SECURITY, High,34.6,2.0,Closed 
TCK-000259,789,2025-07-10,feature request, Medium ,2.8,2.0,Resolved
TCK-000260,753,26 Jul 2025,Technical,high,4.7,2.0, Open
TCK-000261,594,16 Apr 2025,account,low,39.6,5.0,Closed
TCK-000262,17,11/03/2025, Feature Request , Medium,1.1,5.0,Pending
TCK-000263,402,08/08/2025,technical, Medium ,24.5,5.0, Closed
TCK-000264,26,16-09-2025,feature request, Critical ,9.6,1.0,Open
TCK-000265,1242,17-01-2025,account,CRITICAL,1.8,5.0,Open 
TCK-000266,1304,2025-05-11,account,Critical ,9.7,3.0, Open
TCK-000267,858,04/10/2025,Security , Critical,18.4,2.0, Pending
TCK-000268,1014,03/16/2025,account, Critical ,7.7,2.0,Open 
TCK-000269,293,31/01/2025,technical, Low,10.6,3.0,resolved
TCK-000270,246,07/24/2025,BILLING,LOW,26.9,4.0,resolved
TCK-000271,341,10/01/2025, Security, Low ,6.6,3.0,Pending
TCK-000272,1112,"Sep 08, 2025",Feature Request ,HIGH,22.7,,Closed 
TCK-000273,825,16-10-2025,Technical , High,19.3,1.0, Pending 
TCK-000274,768,"Aug 24, 2025", Billing, Critical ,33.4,3.0, Pending 
TCK-000275,1299,08/19/2025, Security, High ,20.5,3.0, Resolved 
TCK-000276,253,09 Jul 2025,Billing,High ,19.4,,OPEN
TCK-000277,1199,01/24/2025,Feature Request ,Low,10.7,4.0,resolved
TCK-000278,1,12/08/2025,Account ,Medium ,30.8,4.0, Closed
TCK-000279,995,"Jan 19, 2025", Performance,critical,30.9,, Closed
TCK-000280,996,12/08/2025, Account , Low ,11.1,3.0,Resolved
TCK-000281,269,18/10/2025,Billing ,critical,16.1,5.0, Pending 
TCK-000282,530,11/03/2025,feature request,Low ,14.7,, Closed
TCK-000283,239,11/17/2025,technical, High ,23.7,, Closed 
TCK-000284,688,17 Jun 2025,Security,LOW,13.9,,Pending
TCK-000285,282,09/10/2025, Technical, Critical ,6.8,4.0,CLOSED
TCK-000286,271,26/12/2025, Performance,medium,19.8,3.0,Pending 
TCK-000287,549,10/02/2025,Technical ,High,6.9,2.0,Pending 
TCK-000288,1205,17/08/2025,technical,High,10.9,2.0,PENDING
TCK-000289,1372,2025-03-22,Security ,medium,16.5,1.0, Pending 
TCK-000290,197,03/09/2025,Feature Request, Critical ,9.9,2.0, Closed
TCK-000291,69,01 Nov 2025,TECHNICAL,LOW,0.2,4.0, Closed
TCK-000292,890,07-11-2025,Performance , High,14.4,5.0, Pending 
TCK-000293,401,2025-11-03, Performance ,low,6.1,1.0,OPEN
TCK-000294,245,04-03-2025,PERFORMANCE, High ,8.5,5.0,open
TCK-000295,978,15/07/2025, Feature Request ,critical,1.7,2.0,closed
TCK-000296,1315,02/23/2025, Feature Request,Medium ,22.2,1.0, Pending 
TCK-000297,1382,29 Oct 2025, Billing ,HIGH,5.1,3.0,Open 
TCK-000298,542,01/06/2025,Performance ,High,11.6,2.0, Open 
TCK-000299,1321,05 Apr 2025,Security , Medium ,28.7,,Resolved
TCK-000300,301,03-04-2025, Account,medium,0.0,3.0,Closed
TCK-000301,1461,28 Dec 2025, Billing,medium,1.9,5.0, Resolved 
TCK-000302,155,23 Feb 2025,Performance, Medium ,12.3,5.0,PENDING
TCK-000303,459,11/01/2025,Performance,MEDIUM,22.7,,Resolved 
TCK-000304,379,07/04/2025,Performance ,LOW,2.6,4.0, Open 
TCK-000305,897,04/10/2025, Technical ,medium,26.0,,Open 
TCK-000306,1494,"May 17, 2025",Account ,MEDIUM,16.3,, Closed 
TCK-000307,517,16 Mar 2025, Technical , Medium ,9.3,3.0,OPEN
TCK-000308,901,21 Jan 2025, Billing ,High ,7.5,,Closed
TCK-000309,143,2025-12-29, Performance, Medium ,35.2,5.0, Resolved
TCK-000310,1368,"Nov 15, 2025",security,low,11.4,5.0, Closed
TCK-000311,1405,22 Aug 2025, Account,Critical,9.9,1.0,CLOSED
TCK-000312,120,"Jun 29, 2025", Technical ,high,24.4,2.0, Resolved 
TCK-000313,1312,2025-02-25,technical,Critical ,7.1,1.0, Closed 
TCK-000314,682,2025-03-06, Account ,medium,22.8,, Open 
TCK-000315,186,2025-05-07, Feature Request ,Critical ,12.9,1.0,OPEN
TCK-000316,1326,03 May 2025,Feature Request, Critical ,18.6,2.0,Resolved
TCK-000317,197,12 Nov 2025, Technical, Low,17.3,1.0,Pending
TCK-000318,1132,17 Aug 2025, Performance,critical,23.3,3.0,RESOLVED
TCK-000319,598,12 Sep 2025,feature request,medium,31.6,, Open 
TCK-000320,601,11 Nov 2025, Performance,Medium,1.3,2.0,Pending 
TCK-000321,38,13 Jul 2025,Feature Request, Medium ,57.6,2.0,Closed
TCK-000322,590,20-01-2025,Billing, Low,10.5,1.0, Closed 
TCK-000323,1127,04/05/2025, Performance ,Low,6.3,3.0,Closed 
TCK-000324,20,03/20/2025,Performance ,medium,13.3,,Closed 
TCK-000325,800,"May 03, 2025",Security , Medium,13.1,3.0,Closed
TCK-000326,956,19-11-2025,feature request, Medium ,56.2,3.0,Open
TCK-000327,1134,04-01-2025, Technical,high,13.8,3.0, Pending 
TCK-000328,885,03/07/2025,BILLING, High ,14.2,5.0, Pending
TCK-000329,479,24/03/2025,Account , High,2.4,1.0,open
TCK-000330,1232,02 Jun 2025,ACCOUNT, Medium,5.1,1.0,Pending 
TCK-000331,180,2025-08-01, Performance,medium,21.7,5.0,pending
TCK-000332,382,13-05-2025, Technical,high,16.5,2.0,Resolved 
TCK-000333,1421,01-10-2025, Billing , Low,9.7,2.0,Closed
TCK-000334,115,18-11-2025, Feature Request, Low,5.4,2.0,Resolved
TCK-000335,694,23/03/2025, Performance , Low ,13.5,4.0, Closed 
TCK-000336,1093,22 Sep 2025,Feature Request ,Critical,7.9,1.0,Open 
TCK-000337,1074,22 Feb 2025,Technical ,MEDIUM,12.3,1.0, Open 
TCK-000338,510,"Dec 07, 2025", Billing , High,3.9,1.0,OPEN
TCK-000339,9,2025-01-18, Billing ,MEDIUM,9.8,4.0,RESOLVED
TCK-000340,1124,10/20/2025,Security, High,12.8,5.0,Pending 
TCK-000341,765,10-02-2025, Technical, Medium ,3.3,,Open 
TCK-000342,268,2025-09-22, Billing ,High,23.6,4.0,Closed
TCK-000343,747,04/27/2025,Technical,Critical,8.0,5.0,Pending
TCK-000344,1057,"Aug 24, 2025", Feature Request ,high,13.4,4.0,PENDING
TCK-000345,356,13-05-2025, Account , High ,18.0,4.0,Resolved
TCK-000346,1441,2025-09-08,Billing,CRITICAL,8.2,3.0,closed
TCK-000347,1082,"Mar 14, 2025",Technical ,Medium ,15.0,2.0,Closed
TCK-000348,1056,11-04-2025, Technical,Medium,41.1,2.0, Open
TCK-000349,864,"Oct 26, 2025",Security ,HIGH,11.1,2.0,OPEN
TCK-000350,190,2025-11-23, Performance ,Medium ,15.0,1.0,Resolved 
TCK-000351,778,2025-12-26, Billing,HIGH,10.1,3.0,OPEN
TCK-000352,1439,02 Mar 2025,Billing , Medium ,4.3,,OPEN
TCK-000353,1239,01/23/2025,FEATURE REQUEST,Critical,17.1,2.0,resolved
TCK-000354,149,03/06/2025, Performance, Medium,21.2,2.0, Closed 
TCK-000355,979,02-10-2025,Billing,High ,26.1,4.0,Open
TCK-000356,677,2025-02-06,security,medium,6.2,2.0,Pending
TCK-000357,1043,2025-08-15, Performance ,CRITICAL,24.3,1.0, Closed
TCK-000358,1317,"Nov 28, 2025",feature request,MEDIUM,11.6,4.0,Resolved
TCK-000359,91,04/03/2025, Feature Request ,low,16.7,5.0,Closed 
TCK-000360,969,01/01/2025, Account,High,23.5,,CLOSED
TCK-000361,805,2025-08-14,BILLING,MEDIUM,7.4,,Open 
TCK-000362,33,2025-01-27, Billing ,critical,9.3,2.0,closed
TCK-000363,512,25/04/2025,TECHNICAL,low,27.1,,resolved
TCK-000364,553,12/07/2025,PERFORMANCE,Medium ,1.9,5.0,pending
TCK-000365,55,2025-06-23,Security,critical,6.4,,resolved
TCK-000366,895,10/06/2025,security, High,9.0,5.0,resolved
TCK-000367,823,15/09/2025,billing,low,22.5,5.0,Resolved
TCK-000368,255,10/26/2025,PERFORMANCE,Low ,14.4,2.0, Resolved
TCK-000369,702,01 Mar 2025,Security , Medium,23.4,3.0,Closed
TCK-000370,470,13 Jan 2025,billing,MEDIUM,20.9,5.0,open
TCK-000371,358,29-06-2025,account,high,26.7,,Closed
TCK-000372,1,2025-06-23,performance,Critical,7.7,1.0, Resolved 
TCK-000373,934,24-07-2025,Billing ,low,9.0,5.0,resolved
TCK-000374,74,06/29/2025,Feature Request ,Medium ,52.6,2.0,OPEN
TCK-000375,611,07/09/2025,account, Critical,39.7,4.0, Closed
TCK-000376,334,31-10-2025, Performance ,Critical,23.1,4.0,Pending 
TCK-000377,1304,2025-07-26,ACCOUNT,Low,6.6,4.0,pending
TCK-000378,1041,25/12/2025, Security, Critical ,18.3,3.0, Closed 
TCK-000379,483,03 Feb 2025,SECURITY,High ,12.7,4.0,PENDING
TCK-000380,1398,19 Sep 2025, Feature Request ,medium,18.6,,open
TCK-000381,1441,"Jan 07, 2025",Security,CRITICAL,15.2,3.0,RESOLVED
TCK-000382,782,06/14/2025, Technical ,Medium ,5.4,1.0,CLOSED
TCK-000383,1308,2025-04-10, Technical ,medium,15.5,3.0, Pending 
TCK-000384,796,06/30/2025,security,LOW,10.4,4.0,Pending
TCK-000385,311,13 Apr 2025,FEATURE REQUEST,high,2.3,4.0, Open
TCK-000386,1401,17 Feb 2025,Billing,HIGH,16.0,1.0, Pending
TCK-000387,228,"Jan 17, 2025",performance,MEDIUM,20.1,1.0,Resolved
TCK-000388,466,"Apr 30, 2025",Feature Request, Medium,9.4,4.0, Resolved
TCK-000389,1077,19-07-2025, Billing,HIGH,12.1,, Closed
TCK-000390,166,2025-04-06,Billing ,Medium,20.9,2.0,resolved
TCK-000391,1203,14 Apr 2025,BILLING,Medium ,19.7,5.0, Pending 
TCK-000392,1243,31 Aug 2025, Feature Request ,High,0.9,5.0,Pending 
TCK-000393,999,"Oct 18, 2025",Security, Critical ,24.2,3.0,RESOLVED
TCK-000394,1031,"Jun 22, 2025",Technical , Critical,4.7,1.0,PENDING
TCK-000395,1445,28-01-2025,BILLING, Low,4.5,, Open 
TCK-000396,1206,03 Nov 2025,Security , Critical ,31.3,2.0, Open
TCK-000397,1239,11/07/2025,Billing ,HIGH,15.8,1.0,OPEN
TCK-000398,645,2025-07-25,Security, Medium ,27.0,1.0,pending
TCK-000399,463,10 Apr 2025,Technical, High,13.4,2.0, Resolved 
TCK-000400,1111,04/02/2025,BILLING, Critical ,5.2,5.0,pending
TCK-000401,488,2025-03-09,Performance , High ,23.9,1.0,Closed
TCK-000402,800008,10/20/2025, Feature Request ,CRITICAL,14.3,4.0,Resolved 
TCK-000403,1310,30/07/2025, Security, Critical ,39.7,5.0,Pending 
TCK-000404,38,12/07/2025,Billing ,high,22.7,3.0, Pending
TCK-000405,326,"Feb 09, 2025",security, Medium ,12.8,4.0, Closed 
TCK-000406,373,30/06/2025,Billing,low,7.9,3.0, Closed 
TCK-000407,1412,2025-08-09, Security,CRITICAL,3.1,5.0, Resolved
TCK-000408,307,2025-02-01, Performance , Low,29.6,2.0,closed
TCK-000409,19,16 Nov 2025, Performance ,Critical,11.1,,Pending
TCK-000410,1341,"Jul 29, 2025",PERFORMANCE, High,7.5,1.0,open
TCK-000411,1247,07/10/2025,BILLING, Low,30.6,3.0,pending
TCK-000412,726,22-03-2025,feature request,Critical ,11.7,1.0,Resolved 
TCK-000413,9,24/07/2025,billing,CRITICAL,8.4,2.0, Pending
TCK-000414,1262,"Mar 15, 2025",billing,CRITICAL,14.5,5.0,Pending 
TCK-000415,751,07/12/2025,technical,critical,8.8,2.0,Open
TCK-000416,908,04/02/2025,FEATURE REQUEST,Critical,21.4,1.0,Pending
TCK-000417,1149,"Sep 24, 2025",Account ,LOW,27.8,,PENDING
TCK-000418,915,22/01/2025,BILLING, High,10.6,5.0, Pending
TCK-000419,337,"Apr 19, 2025",Billing , High ,3.4,,Open
TCK-000420,373,19/06/2025,Billing, Medium ,28.2,2.0, Open
TCK-000421,203,26 Jan 2025, Security,critical,18.5,1.0,Resolved
TCK-000422,1338,26 Jul 2025,TECHNICAL,Low ,12.0,3.0, Pending
TCK-000423,1269,10/23/2025, Feature Request ,MEDIUM,9.9,4.0, Resolved 
TCK-000424,330,11/03/2025, Security,High ,18.1,4.0, Pending
TCK-000425,537,08/05/2025,performance, Low ,27.8,4.0, Pending 
TCK-000426,855,27/11/2025,Performance ,medium,5.1,5.0,CLOSED
TCK-000427,1022,"Mar 05, 2025",Account ,Medium ,26.8,1.0, Open
TCK-000428,946,13 Feb 2025, Feature Request ,critical,22.1,2.0,Pending
TCK-000429,80,16/01/2025,Security , Critical ,1.8,4.0,Resolved 
TCK-000430,538,28/02/2025,billing,low,33.0,1.0,open
TCK-000431,194,30 Dec 2025, Billing,MEDIUM,9.2,3.0,Resolved 
TCK-000432,287,11/17/2025,Technical ,low,14.8,3.0,Resolved
TCK-000433,113,"Sep 05, 2025",Feature Request , Medium,8.1,, Resolved
TCK-000434,995,03 May 2025, Billing ,Medium,9.0,5.0,Resolved
TCK-000435,291,15/11/2025, Security, High ,22.5,2.0,Pending 
TCK-000436,1287,2025-05-18,SECURITY,LOW,11.0,5.0,Closed
TCK-000437,250,25/12/2025,Feature Request,MEDIUM,36.4,4.0,Open
TCK-000438,318,07-07-2025,Security ,high,37.8,2.0,Open 
TCK-000439,372,31 May 2025, Account, Medium,23.3,4.0,Open 
TCK-000440,277,15/08/2025,account,Medium ,3.2,5.0, Resolved 
TCK-000441,551,2025-08-08,Account ,high,20.4,1.0, Resolved 
TCK-000442,167,29/11/2025,Billing ,Low ,5.4,,Closed
TCK-000443,258,12/03/2025, Billing ,LOW,34.9,3.0, Open 
TCK-000444,928,2025-12-06,TECHNICAL, Low ,5.6,1.0,Open
TCK-000445,1493,31 May 2025,billing,Critical,21.5,2.0,resolved
TCK-000446,1329,"Aug 29, 2025", Technical, Critical ,23.0,1.0,Resolved 
TCK-000447,1403,18-04-2025, Technical,High,8.5,, Closed 
TCK-000448,1491,"Feb 28, 2025",Account,Critical ,26.2,4.0,RESOLVED
TCK-000449,792,2025-09-12, Performance ,HIGH,28.6,1.0, Closed
TCK-000450,433,2025-02-15,ACCOUNT,Medium,34.1,3.0, Resolved 
TCK-000451,774,04/06/2025,performance,Critical ,31.3,4.0,Resolved 
TCK-000452,1455,14-07-2025,Account , Low,11.7,1.0,Pending
TCK-000453,168,25-05-2025,Security ,MEDIUM,9.0,,RESOLVED
TCK-000454,1282,"Dec 26, 2025",Technical ,high,20.6,5.0,Resolved
TCK-000455,902,"Feb 08, 2025",account,critical,13.1,2.0,RESOLVED
TCK-000456,325,10-10-2025,Feature Request,Critical,13.8,3.0,Open
TCK-000457,1186,2025-05-17,PERFORMANCE,LOW,9.9,2.0,PENDING
TCK-000458,48,2025-08-18,Security ,Critical,26.9,3.0, Closed 
TCK-000459,451,2025-10-28,Billing ,High,3.7,2.0,resolved
TCK-000460,1117,12/10/2025,Performance,Critical,18.4,4.0,Resolved
TCK-000461,711,04-02-2025, Billing , Medium,14.5,2.0,RESOLVED
TCK-000462,81,01/24/2025,Feature Request,High,21.0,1.0, Resolved
TCK-000463,612,11/09/2025,Account,Critical,11.5,2.0, Closed
TCK-000464,268,19/11/2025, Security,Medium,6.9,5.0,Closed
TCK-000465,560,2025-06-25,Security,High,13.9,3.0,Pending
TCK-000466,102,2025-09-08,feature request, High ,4.7,5.0,resolved
TCK-000467,630,2025-03-25,Security , Critical ,16.1,2.0,Pending
TCK-000468,1068,02 Jul 2025,Security, High,27.8,2.0,CLOSED
TCK-000469,670,"Jun 30, 2025",Feature Request , Critical ,18.3,2.0,PENDING
TCK-000470,169,27-10-2025, Feature Request ,Medium,6.2,3.0, Closed
TCK-000471,364,12 Jul 2025,Technical , Low,11.4,2.0,Pending
TCK-000472,425,30/09/2025,security,HIGH,18.8,5.0, Open
TCK-000473,1405,25-01-2025,Account,HIGH,18.0,3.0,Resolved 
TCK-000474,1469,20-09-2025,Technical,HIGH,5.5,4.0,Open
TCK-000475,321,27 Oct 2025,Security ,Critical ,18.0,5.0,resolved
TCK-000476,381,"Nov 14, 2025",Billing,critical,13.9,2.0, Resolved
TCK-000477,355,"May 26, 2025", Account, Critical ,10.0,3.0, Closed
TCK-000478,304,07/04/2025,TECHNICAL,critical,19.1,2.0,closed
TCK-000479,284,15-12-2025,performance, Critical,19.2,2.0, Closed
TCK-000480,1323,2025-11-25,Technical,Medium,9.0,2.0, Open 
TCK-000481,102,03/26/2025,TECHNICAL,low,34.5,2.0,Resolved 
TCK-000482,710,03/05/2025, Feature Request,high,42.1,2.0, Closed
TCK-000483,321,"Jun 29, 2025", Performance ,High ,21.2,1.0, Closed 
TCK-000484,925,11-03-2025, Feature Request , Medium,19.4,1.0, Open
TCK-000485,59,12-06-2025, Performance ,MEDIUM,9.2,3.0,resolved
TCK-000486,1112,29-06-2025,BILLING,High,10.7,1.0,Pending
TCK-000487,1383,2025-04-19,account,Medium,5.6,4.0,pending
TCK-000488,364,06/08/2025,technical, Medium,9.0,3.0, Open
TCK-000489,78,10/25/2025,Security ,Medium,6.6,3.0,Pending
TCK-000490,595,2025-09-15,BILLING,low,23.3,3.0,CLOSED
TCK-000491,688,13/02/2025, Performance,Medium,2.6,5.0,Pending 
TCK-000492,430,09/11/2025,PERFORMANCE,MEDIUM,6.2,3.0,PENDING
TCK-000493,914,09-02-2025,Feature Request,Low ,8.2,5.0, Pending 
TCK-000494,58,02/07/2025, Account,Low,32.3,,CLOSED
TCK-000495,914,2025-01-23, Billing ,critical,5.4,1.0,resolved
TCK-000496,28,27/04/2025, Billing ,high,10.8,,open
TCK-000497,413,06/23/2025, Technical,critical,24.4,1.0,Closed 
TCK-000498,420,08/01/2025,security,medium,4.7,1.0,Resolved
TCK-000499,979,07/08/2025,Feature Request ,LOW,20.7,4.0,CLOSED
TCK-000500,744,20 Aug 2025,Account , Medium,6.2,3.0, Open 
TCK-000501,665,09/27/2025,Security,high,40.8,2.0,open
TCK-000502,1272,19 Mar 2025, Account , Medium ,39.8,,CLOSED
TCK-000503,274,20-03-2025, Feature Request,Low ,3.7,5.0,Resolved
TCK-000504,1395,04/04/2025,Technical,MEDIUM,30.3,5.0,Pending
TCK-000505,84,07/21/2025,Billing,Critical,5.0,4.0, Closed
TCK-000506,744,2025-01-06,Feature Request,Critical ,5.6,, Resolved 
TCK-000507,513,"Feb 26, 2025",Feature Request,High ,13.1,4.0,Closed
TCK-000508,668,"Dec 18, 2025",Account ,Critical ,4.1,1.0, Open
TCK-000509,550,"Jun 04, 2025", Performance , Critical ,28.9,4.0, Closed 
TCK-000510,8,10/16/2025,Account ,Critical ,1.6,1.0,Closed
TCK-000511,632,"Jul 28, 2025", Feature Request,Critical ,20.4,,pending
TCK-000512,962,"Jun 16, 2025", Billing, Medium ,9.7,1.0,Open 
TCK-000513,44,2025-11-01,Feature Request, Critical,22.4,1.0,Closed
TCK-000514,714,2025-02-04,FEATURE REQUEST,Critical ,10.6,,Resolved 
TCK-000515,317,15/05/2025, Performance , Low ,33.8,4.0,closed
TCK-000516,1455,28 Apr 2025,Feature Request,CRITICAL,7.3,,Closed 
TCK-000517,1327,20-02-2025,Billing , Medium,55.1,5.0, Pending 
TCK-000518,627,2025-10-25,Security ,CRITICAL,3.9,1.0,pending
TCK-000519,324,10/07/2025, Performance,MEDIUM,42.6,,pending
TCK-000520,766,10/09/2025,Account,low,12.6,3.0, Resolved 
TCK-000521,93,28 Jun 2025,Performance,Medium ,8.1,1.0, Closed 
TCK-000522,832,2025-02-22,SECURITY,Low,19.6,1.0,pending
TCK-000523,1235,"Apr 02, 2025",Account,CRITICAL,5.1,4.0,Pending
TCK-000524,1336,12/28/2025,technical,Low,17.5,5.0,resolved
TCK-000525,541,02/12/2025, Security , Medium ,20.7,1.0,Resolved
TCK-000526,773,09/13/2025,Performance , Low,12.8,1.0, Closed 
TCK-000527,97,2025-05-31,Technical ,LOW,5.7,, Resolved 
TCK-000528,345,02/20/2025, Performance , Low ,38.2,2.0,Resolved 
TCK-000529,945,04-07-2025,ACCOUNT,high,19.5,,open
TCK-000530,769,18-10-2025, Performance , Medium,13.2,, Resolved 
TCK-000531,1070,09 Jan 2025,billing,low,29.2,5.0,Closed 
TCK-000532,96,"Jul 04, 2025",Technical,Critical ,5.5,,open
TCK-000533,650,01 Feb 2025, Technical ,Low ,5.1,1.0,open
TCK-000534,1127,24-06-2025,Account, Low,17.8,4.0,Pending 
TCK-000535,744,09/06/2025, Technical,Low,34.0,4.0, Closed
TCK-000536,451,09/11/2025,performance,low,11.6,4.0, Pending
TCK-000537,496,17-01-2025, Account,critical,7.0,1.0, Closed 
TCK-000538,128,21-05-2025, Feature Request ,High ,27.2,1.0,closed
TCK-000539,993,08-04-2025,account,HIGH,8.7,5.0,Closed
TCK-000540,323,2025-11-13,Technical, Critical ,49.6,5.0,RESOLVED
TCK-000541,162,04-06-2025, Feature Request, Low ,9.0,3.0,Closed
TCK-000542,1296,"Mar 19, 2025",Security, Critical ,30.7,4.0, Closed 
TCK-000543,489,15-05-2025,Security,critical,10.0,,CLOSED
TCK-000544,1141,20-03-2025, Account,CRITICAL,3.9,3.0, Open 
TCK-000545,717,15-10-2025,technical,Medium,26.1,5.0, Open 
TCK-000546,673,04/04/2025, Performance,LOW,36.8,4.0, Pending
TCK-000547,521,"Apr 17, 2025", Billing,High,4.5,1.0, Resolved
TCK-000548,170,11/02/2025, Feature Request,high,25.0,4.0,closed
TCK-000549,743,25/03/2025,Technical,Medium ,12.1,2.0,closed
TCK-000550,175,19/07/2025, Security ,High,26.4,4.0,Open 
TCK-000551,641,"Sep 18, 2025",Billing,Medium ,27.8,1.0,Resolved
TCK-000552,15,2025-05-03, Security, Medium ,14.1,4.0,RESOLVED
TCK-000553,1265,04/06/2025,Technical , Critical ,11.0,1.0,OPEN
TCK-000554,950,27/11/2025,Account ,Low,10.6,1.0,RESOLVED
TCK-000555,1145,31 Dec 2025,Billing , Medium,15.9,5.0,open
TCK-000556,384,04/18/2025,security, Low ,47.6,4.0,PENDING
TCK-000557,801,07/10/2025, Security , Low ,6.0,4.0,Open
TCK-000558,156,07/07/2025,ACCOUNT,CRITICAL,15.5,5.0,Closed 
TCK-000559,1437,25/02/2025, Account ,high,8.9,4.0,pending
TCK-000560,110,03 Feb 2025, Security ,HIGH,17.4,3.0,PENDING
TCK-000561,550,13 May 2025,Feature Request,Critical ,19.8,2.0,PENDING
TCK-000562,834,24-07-2025,Feature Request, High ,0.9,5.0, Pending
TCK-000563,1072,"Jun 02, 2025", Security, Medium,6.6,, Pending 
TCK-000564,437,08 Oct 2025,TECHNICAL, Medium,4.1,3.0,Closed
TCK-000565,389,"Feb 02, 2025",billing,medium,7.2,2.0,Pending 
TCK-000566,881,04/28/2025, Billing , High ,4.8,, Pending
TCK-000567,758,2025-08-15, Account , Critical ,41.4,, Resolved 
TCK-000568,1083,2025-08-31, Billing, Critical,23.8,3.0,open
TCK-000569,550,2025-02-27, Billing , Low ,20.9,4.0,Resolved
TCK-000570,1481,"Jan 04, 2025",Technical, Critical ,16.1,2.0,open
TCK-000571,1185,09/06/2025, Security , Low,15.9,2.0,closed
TCK-000572,122,25-12-2025,FEATURE REQUEST, Low,18.9,4.0,CLOSED
TCK-000573,440,"Jul 28, 2025",Billing ,Critical,14.7,1.0,Open 
TCK-000574,452,"Jul 11, 2025",Performance , Medium,7.8,,Closed
TCK-000575,800,05 Apr 2025,BILLING, Low,25.1,5.0, Pending 
TCK-000576,1473,08/12/2025, Performance, High,55.8,5.0, Pending 
TCK-000577,1277,08/09/2025, Account , Low ,4.4,5.0,Resolved
TCK-000578,485,21 Feb 2025,Feature Request, Low ,11.0,,Pending
TCK-000579,1071,08 Aug 2025,Technical ,Medium,6.6,5.0,Open
TCK-000580,1209,22 Jun 2025,technical, Critical,15.1,,Closed 
TCK-000581,828,13/06/2025,Feature Request,Critical,24.3,, Pending 
TCK-000582,130,26-08-2025,account,LOW,36.8,3.0,open
TCK-000583,1119,01/05/2025, Security,Medium,21.5,1.0,Resolved 
TCK-000584,1318,2025-11-27, Account , High,8.1,,Pending 
TCK-000585,768,10/03/2025,SECURITY, Low,10.5,,Open 
TCK-000586,1146,01/09/2025,SECURITY,Critical,5.4,2.0,Resolved 
TCK-000587,1102,10/11/2025, Feature Request ,critical,28.2,,Resolved 
TCK-000588,1286,2025-01-08,Technical,Low ,1.3,, Resolved 
TCK-000589,540,01/07/2025, Performance , Low,0.8,2.0,Open 
TCK-000590,799,27-01-2025,Account , Low,22.9,3.0,PENDING
TCK-000591,1094,2025-11-07,Technical,MEDIUM,5.0,4.0,PENDING
TCK-000592,32,12/29/2025,TECHNICAL,high,42.5,1.0,RESOLVED
TCK-000593,570,08/27/2025,BILLING,medium,9.9,5.0,CLOSED
TCK-000594,1283,05 Jul 2025,Billing,Medium,12.3,5.0,pending
TCK-000595,298,17/04/2025,Feature Request ,high,5.8,4.0,PENDING
TCK-000596,305,03/07/2025, Account ,LOW,35.9,3.0,Open
TCK-000597,1176,29-03-2025,ACCOUNT,critical,11.7,, Closed
TCK-000598,519,08/01/2025,Feature Request,Critical ,2.6,,Pending
TCK-000599,486,2025-03-25, Security,HIGH,7.0,5.0,resolved
TCK-000600,1337,07/09/2025,billing, Medium ,19.4,,closed
TCK-000601,685,20 Jan 2025,Security, High,10.5,3.0,Pending
TCK-000602,282,06/30/2025, Account ,Critical,12.2,3.0,open
TCK-000603,1240,12 Oct 2025, Billing ,Critical,11.7,2.0,Open
TCK-000604,979,28/11/2025, Performance , Low,26.4,2.0,Open
TCK-000605,179,01/02/2025, Performance ,CRITICAL,3.8,,Closed
TCK-000606,660,22 Dec 2025,Performance , Medium,15.3,4.0,PENDING
TCK-000607,602,2025-08-18, Security ,low,18.0,2.0,Open
TCK-000608,1147,01/13/2025,PERFORMANCE,Low,10.5,,OPEN
TCK-000609,618,24 Apr 2025,Feature Request,High,10.0,,resolved
TCK-000610,727,"Nov 25, 2025",Billing ,High ,1.5,3.0,Closed 
TCK-000611,1125,08/01/2025,Billing ,Low ,16.0,4.0,PENDING
TCK-000612,43,2025-06-10,security, Low ,24.0,2.0,pending
TCK-000613,459,01/10/2025,FEATURE REQUEST, Critical ,5.6,2.0,Pending
TCK-000614,967,2025-05-23,account,MEDIUM,46.3,3.0,Open
TCK-000615,994,02/04/2025,Billing ,Low ,4.5,,closed
TCK-000616,1257,07/03/2025, Security,critical,11.5,,Pending 
TCK-000617,350,16-10-2025,Security, High ,21.3,5.0,open
TCK-000618,1327,31 May 2025,Technical,High ,12.5,2.0,open
TCK-000619,1439,2025-04-08, Performance, High ,22.9,5.0, Pending
TCK-000620,1287,09/23/2025,Security ,critical,13.4,5.0,Closed 
TCK-000621,869,2025-11-20,security,high,34.9,3.0,RESOLVED
TCK-000622,282,17/12/2025,Security ,High ,6.4,,Resolved
TCK-000623,1129,17/08/2025, Billing, High ,12.8,1.0,Pending
TCK-000624,697,10/09/2025,SECURITY, Low,7.5,5.0,resolved
TCK-000625,333,"Jul 30, 2025",account,Critical,26.8,3.0,resolved
TCK-000626,1499,"Jul 30, 2025",account,High ,20.4,,RESOLVED
TCK-000627,1491,15/07/2025,Account,Low ,7.6,1.0,Closed
TCK-000628,701,2025-10-12, Security ,LOW,69.4,5.0,Resolved 
TCK-000629,505,2025-06-19, Billing , Low ,17.6,4.0, Resolved
TCK-000630,283,28 Oct 2025,technical,Low ,11.9,, Pending 
TCK-000631,1032,2025-05-13, Performance , Low ,1.7,2.0, Open 
TCK-000632,819,19-04-2025,security,Critical ,7.9,5.0,Open
TCK-000633,670,02 Feb 2025,Technical, Critical,7.2,5.0,Resolved 
TCK-000634,939,10-12-2025,technical,Medium ,23.6,4.0,open
TCK-000635,569,2025-03-02, Performance ,medium,3.5,4.0,OPEN
TCK-000636,20,"Jun 27, 2025", Feature Request ,high,18.1,4.0, Open
TCK-000637,790,"Feb 01, 2025",PERFORMANCE, Medium,13.2,, Pending
TCK-000638,157,17 Nov 2025, Account, Low ,7.3,3.0,open
TCK-000639,528,"Jul 13, 2025", Account, High ,40.4,, Open 
TCK-000640,634,21/01/2025,Technical ,High ,8.3,, Closed
TCK-000641,111,12/24/2025,Security,Medium ,3.7,1.0, Closed 
TCK-000642,398,2025-08-19,Technical,MEDIUM,7.5,4.0,Pending 
TCK-000643,109,27/09/2025,Security ,High ,32.3,5.0, Closed
TCK-000644,623,06/23/2025,Account, Low,7.6,4.0,Resolved
TCK-000645,1444,2025-05-28,Billing,critical,4.1,5.0,OPEN
TCK-000646,1271,08/29/2025,Account ,critical,15.5,2.0,closed
TCK-000647,110,2025-08-30,Performance , High,31.1,4.0,Pending 
TCK-000648,617,"May 18, 2025", Account ,high,25.0,3.0, Pending
TCK-000649,41,06/06/2025, Technical,HIGH,47.5,4.0,Closed 
TCK-000650,1253,31-08-2025, Performance,Low ,8.3,, Pending 
TCK-000651,466,01 Apr 2025,ACCOUNT,High,21.0,4.0, Resolved 
TCK-000652,1299,2025-11-22,feature request, High,18.3,4.0,resolved
TCK-000653,682,"May 20, 2025",Performance ,CRITICAL,12.3,1.0,RESOLVED
TCK-000654,806,09 Apr 2025,Billing,Low ,12.8,5.0,CLOSED
TCK-000655,1212,"May 11, 2025", Account,Critical,2.5,,closed
TCK-000656,850,29/11/2025,Technical , High ,43.4,4.0,OPEN
TCK-000657,551,12/10/2025, Account, Low ,21.9,,Resolved 
TCK-000658,1053,25-12-2025,Account ,Low,9.4,3.0, Open
TCK-000659,1159,28-11-2025,performance,medium,16.6,1.0, Open 
TCK-000660,748,12/08/2025, Security ,Critical,7.1,3.0, Closed 
TCK-000661,729,"Oct 09, 2025",Technical, Medium ,12.6,1.0, Resolved 
TCK-000662,64,07/05/2025,billing,LOW,7.7,,resolved
TCK-000663,1333,"Jan 20, 2025",feature request, High ,16.4,1.0, Pending 
TCK-000664,1268,02/05/2025,ACCOUNT,low,99999.0,5.0,OPEN
TCK-000665,324,08/21/2025, Technical, Medium,19.7,5.0, Resolved 
TCK-000666,1293,10-08-2025, Technical,Medium ,9.2,5.0,open
TCK-000667,1232,2025-02-20,Performance , Critical,32.7,2.0,Closed 
TCK-000668,215,"Aug 15, 2025",Technical ,High,47.5,3.0,RESOLVED
TCK-000669,1062,2025-06-18, Billing,Medium,39.4,3.0, Pending
TCK-000670,1130,"Jan 04, 2025",security,low,10.0,5.0,resolved
TCK-000671,327,02/11/2025,security,Critical ,30.2,1.0, Open
TCK-000672,546,06-05-2025,TECHNICAL, Low,4.5,1.0,Resolved 
TCK-000673,702,03 Aug 2025,Technical ,Critical,9.3,3.0, Resolved
TCK-000674,1493,2025-10-29, Feature Request, High ,26.3,5.0, Pending 
TCK-000675,1330,30-09-2025,billing,Medium ,29.2,,Closed
TCK-000676,378,02-03-2025,BILLING,HIGH,37.3,3.0,Closed
TCK-000677,1363,07/02/2025, Feature Request , Low ,10.8,3.0, Resolved 
TCK-000678,983,2025-05-05,Feature Request,critical,5.4,1.0,RESOLVED
TCK-000679,583,02/28/2025,ACCOUNT,Low ,19.6,5.0,Open 
TCK-000680,1048,2025-08-14,technical, High,6.3,4.0,Closed
TCK-000681,986,21 Sep 2025,security, Critical ,5.7,3.0,Open
TCK-000682,1405,04/17/2025,Performance,Medium ,10.6,1.0,PENDING
TCK-000683,85,06 Jan 2025,Feature Request,Low,13.2,1.0,resolved
TCK-000684,1341,2025-09-16,performance,low,0.4,1.0,Pending 
TCK-000685,1314,10/05/2025,Billing,High,12.7,2.0,CLOSED
TCK-000686,795,01/07/2025,BILLING,HIGH,12.6,1.0,Pending
TCK-000687,675,"Apr 09, 2025",security,Medium,12.5,5.0,OPEN
TCK-000688,489,02-06-2025,Billing,MEDIUM,20.1,5.0, Open 
TCK-000689,1353,2025-04-23,Technical ,critical,31.6,, Closed
TCK-000690,406,03/25/2025,SECURITY, Critical,18.6,,closed
TCK-000691,720,07 May 2025,feature request,low,3.5,1.0,open
TCK-000692,20,26-09-2025,Account ,medium,19.4,4.0,Pending 
TCK-000693,994,2025-04-04,SECURITY,LOW,16.9,4.0, Resolved
TCK-000694,50,05/16/2025,FEATURE REQUEST, Medium,3.9,, Closed 
TCK-000695,1282,02 Jan 2025, Performance, Critical,2.0,,closed
TCK-000696,1209,"May 27, 2025",feature request,high,20.1,2.0,CLOSED
TCK-000697,180,05-12-2025,Account,HIGH,21.1,1.0,Closed 
TCK-000698,331,"Jan 05, 2025",Technical,Critical ,11.6,1.0,pending
TCK-000699,266,"Sep 21, 2025",PERFORMANCE,Critical,43.2,3.0,PENDING
TCK-000700,442,10-11-2025,billing,low,31.0,4.0, Pending
TCK-000701,1034,02/10/2025,Feature Request,Low ,2.1,3.0,Resolved
TCK-000702,913,02/08/2025, Feature Request,low,4.7,,CLOSED
TCK-000703,128,14-01-2025,ACCOUNT,Low,14.6,5.0,Closed 
TCK-000704,392,16-01-2025,Performance,LOW,45.2,1.0, Pending 
TCK-000705,485,2025-04-30, Account ,HIGH,10.6,2.0,Resolved 
TCK-000706,415,16 Oct 2025, Account,high,2.8,5.0,RESOLVED
TCK-000707,1051,"Oct 09, 2025",ACCOUNT, Low ,24.9,,closed
TCK-000708,529,2025-06-03,performance,MEDIUM,16.7,4.0,closed
TCK-000709,637,2025-08-04,BILLING, Low,7.5,, Closed
TCK-000710,788,05/04/2025,PERFORMANCE,High ,5.2,5.0,CLOSED
TCK-000711,256,24 Oct 2025, Billing, Critical,6.1,2.0,RESOLVED
TCK-000712,1,18/08/2025,performance, High ,13.9,1.0,open
TCK-000713,255,02 Sep 2025, Billing,Low ,11.9,2.0, Closed 
TCK-000714,402,02/08/2025, Billing ,High,9.3,3.0,resolved
TCK-000715,887,19/10/2025, Performance, Low,9.3,,open
TCK-000716,855,22-11-2025,BILLING,Critical ,17.9,,Open 
TCK-000717,535,07/09/2025,technical, High ,9.8,5.0,Closed
TCK-000718,219,"Mar 12, 2025",Security , High ,99999.0,2.0,OPEN
TCK-000719,721,11-08-2025,technical, Critical ,5.5,2.0,open
TCK-000720,873,05/18/2025,technical,high,11.8,5.0, Pending 
TCK-000721,194,"Jun 23, 2025", Security , Critical ,16.4,4.0,RESOLVED
TCK-000722,1031,25/11/2025,PERFORMANCE,low,11.0,, Pending 
TCK-000723,69,11/21/2025, Feature Request , Low ,41.8,3.0,Open 
TCK-000724,20,12-11-2025,Billing,High ,23.4,, Closed
TCK-000725,1375,"Apr 19, 2025", Feature Request ,Low,8.8,2.0,PENDING
TCK-000726,509,2025-11-13,feature request,Critical ,9.6,3.0, Open 
TCK-000727,684,06/02/2025,Technical ,Low ,13.0,2.0,Closed
TCK-000728,376,"Jan 15, 2025", Security , Critical,12.0,4.0, Resolved
TCK-000729,624,20-12-2025,security,High ,30.9,2.0, Closed 
TCK-000730,926,27-11-2025,performance, Low,5.0,4.0, Resolved 
TCK-000731,1243,27-08-2025, Feature Request,CRITICAL,24.7,1.0, Open
TCK-000732,1,07/12/2025,performance,high,14.1,,Open 
TCK-000733,325,"Jan 12, 2025",performance,CRITICAL,14.1,2.0,closed
TCK-000734,137,"Nov 06, 2025", Performance , Low ,35.0,,resolved
TCK-000735,892,06 Oct 2025,technical,Low ,13.1,1.0,Resolved
TCK-000736,1201,"Feb 28, 2025",Performance , Critical,4.5,,Open 
TCK-000737,1241,08/20/2025,performance,Low,12.0,,Open
TCK-000738,545,01 Jun 2025, Technical,critical,18.8,3.0,RESOLVED
TCK-000739,1050,12/18/2025,Feature Request,critical,6.2,1.0,PENDING
TCK-000740,290,31/12/2025,SECURITY,LOW,17.2,, Pending
TCK-000741,475,20-05-2025,security,Low,30.9,2.0,Pending 
TCK-000742,111,04-08-2025,SECURITY, Medium ,25.0,5.0, Pending 
TCK-000743,1078,12/17/2025,Security,Critical,23.6,2.0,RESOLVED
TCK-000744,1405,20/02/2025,performance,LOW,6.1,3.0,Pending
TCK-000745,946,28/08/2025,Security,Critical,44.5,2.0, Resolved
TCK-000746,501,2025-10-20,security,Critical ,7.0,5.0,Open 
TCK-000747,1350,05 Jun 2025, Billing ,High,1.2,4.0, Open 
TCK-000748,371,2025-11-20,ACCOUNT,High,3.3,2.0, Pending 
TCK-000749,168,"Jul 28, 2025",Feature Request , Medium,41.0,2.0,resolved
TCK-000750,316,30 Jul 2025, Feature Request,medium,5.4,1.0,pending
TCK-000751,829,2025-02-23,feature request, High,24.2,2.0, Pending 
TCK-000752,1456,"Aug 29, 2025",Account ,low,10.5,3.0,Resolved 
TCK-000753,533,17-05-2025,Account, Medium,3.3,,open
TCK-000754,1416,17/10/2025,feature request,High ,18.3,3.0, Pending
TCK-000755,1016,12 Apr 2025,Technical ,low,7.8,,Pending 
TCK-000756,85,18-07-2025, Performance ,CRITICAL,23.4,1.0,OPEN
TCK-000757,692,27/10/2025,PERFORMANCE,Medium,17.1,4.0,Closed 
TCK-000758,184,05/02/2025,SECURITY, High,18.6,5.0,closed
TCK-000759,129,14/06/2025,ACCOUNT, Medium,6.9,4.0,RESOLVED
TCK-000760,1384,"Dec 10, 2025",ACCOUNT,Critical ,25.8,4.0,pending
TCK-000761,349,09/13/2025,Account , Critical ,11.1,2.0,OPEN
TCK-000762,1381,23/09/2025,BILLING,CRITICAL,14.0,5.0,Open
TCK-000763,638,18/02/2025, Security , Critical ,16.2,2.0,RESOLVED
TCK-000764,483,2025-03-02, Technical, High,5.8,2.0,open
TCK-000765,1388,16/01/2025, Performance ,High,23.3,, Closed
TCK-000766,1500,06-02-2025,Feature Request ,Critical,12.8,5.0,pending
TCK-000767,1112,28 Oct 2025, Account,Critical ,2.8,2.0,open
TCK-000768,144,27-10-2025, Feature Request ,LOW,17.4,2.0, Closed 
TCK-000769,23,12 Jul 2025,Billing ,high,17.6,2.0,pending
TCK-000770,251,27-09-2025, Feature Request,Critical ,3.8,1.0,Pending 
TCK-000771,293,26-04-2025, Security,High,5.3,1.0,Open 
TCK-000772,721,2025-11-20, Feature Request, Low,4.0,1.0, Resolved 
TCK-000773,703,01 Apr 2025,performance,low,22.4,3.0,OPEN
TCK-000774,772,"Jul 25, 2025",ACCOUNT,low,11.2,5.0, Pending 
TCK-000775,1274,2025-05-06,billing,LOW,16.4,5.0, Pending 
TCK-000776,1300,"Aug 22, 2025",Billing ,Medium ,8.2,2.0, Pending 
TCK-000777,79,04-12-2025, Account,HIGH,4.5,4.0, Closed 
TCK-000778,925,2025-06-03,account,critical,30.6,1.0, Closed
TCK-000779,1142,22/01/2025,Technical ,low,11.8,5.0,Pending
TCK-000780,654,27-11-2025,billing,critical,47.8,1.0,closed
TCK-000781,631,25/07/2025, Technical ,CRITICAL,12.1,1.0,open
TCK-000782,673,"Sep 14, 2025", Account ,High,9.5,4.0,Resolved 
TCK-000783,1257,17 Dec 2025,technical,high,10.5,,PENDING
TCK-000784,209,"Jul 26, 2025",performance,Medium,16.7,5.0,resolved
TCK-000785,1323,25 Jul 2025,Performance, Medium ,44.0,, Resolved
TCK-000786,772,04/14/2025,SECURITY,Low ,9.7,4.0,Closed 
TCK-000787,560,05/10/2025,technical,LOW,5.0,,Closed
TCK-000788,1098,28-12-2025, Security , High,5.6,2.0,RESOLVED
TCK-000789,735,12-05-2025,Technical,Low ,11.0,2.0,pending
TCK-000790,149,04 Nov 2025,PERFORMANCE,low,24.5,1.0,resolved
TCK-000791,127,17-07-2025, Billing,Critical,6.1,3.0, Resolved
TCK-000792,1165,05 Apr 2025,ACCOUNT,Medium ,12.5,,PENDING
TCK-000793,805,01 Mar 2025, Performance ,CRITICAL,19.0,5.0,PENDING
TCK-000794,243,12/30/2025,Performance,Low ,27.5,5.0,closed
TCK-000795,389,11-08-2025,SECURITY,low,15.8,4.0,Pending 
TCK-000796,542,24-09-2025, Technical,Low,9.8,,Closed 
TCK-000797,656,04-02-2025,Account,CRITICAL,10.4,5.0, Open 
TCK-000798,883,2025-08-07,Security ,Medium ,23.3,2.0,Pending
TCK-000799,128,08/28/2025, Billing,low,11.2,1.0,resolved
TCK-000800,1251,30/05/2025,TECHNICAL, Medium ,8.1,4.0, Pending
TCK-000801,440,2025-08-21,Technical, Low,29.1,, Resolved
TCK-000802,83,23-10-2025,Technical, Medium ,11.8,,CLOSED
TCK-000803,936,14 Feb 2025, Account,LOW,18.7,1.0,Open
TCK-000804,785,27 Apr 2025,billing, Medium ,5.2,1.0, Pending 
TCK-000805,191,"Nov 17, 2025",Technical ,LOW,44.1,2.0,OPEN
TCK-000806,288,"Feb 15, 2025",Account, High,0.7,3.0,closed
TCK-000807,304,2025-07-21, Feature Request ,Critical,11.7,2.0,Closed
TCK-000808,637,"Aug 24, 2025", Account,LOW,15.8,5.0,resolved
TCK-000809,865,"Jan 04, 2025", Performance ,medium,21.5,,pending
TCK-000810,765,"Dec 25, 2025",FEATURE REQUEST, Medium,10.3,5.0,Resolved 
TCK-000811,1243,30 Oct 2025,Technical,Critical,10.8,5.0,OPEN
TCK-000812,520,25 Feb 2025, Billing ,medium,13.9,1.0,resolved
TCK-000813,473,"Dec 01, 2025",Feature Request,LOW,28.9,, Open
TCK-000814,1145,2025-01-21, Technical, Low,17.5,1.0, Open
TCK-000815,8,"Nov 20, 2025",PERFORMANCE,Low,47.8,1.0, Closed
TCK-000816,197,"Jul 01, 2025", Performance ,HIGH,21.0,1.0,pending
TCK-000817,110,25-08-2025, Technical,Critical ,13.1,1.0,Open
TCK-000818,180,"Jan 16, 2025", Security , High,14.8,,Resolved 
TCK-000819,259,09/30/2025,Billing, Low,13.1,3.0,Closed 
TCK-000820,62,02-10-2025, Account ,low,10.4,2.0,Closed 
TCK-000821,45,03/06/2025,TECHNICAL, High ,37.0,2.0,RESOLVED
TCK-000822,615,"Mar 21, 2025", Feature Request ,High,11.7,5.0,Closed 
TCK-000823,1363,04/19/2025,BILLING,Critical ,25.6,1.0,PENDING
TCK-000824,490,"Jun 05, 2025", Billing,Critical,2.3,2.0,Pending
TCK-000825,1170,12-07-2025,Feature Request, Medium,19.6,1.0,Closed
TCK-000826,1172,"Sep 27, 2025",Security , Medium ,19.1,,Pending 
TCK-000827,1026,08-10-2025,Performance, Medium ,19.9,,Pending 
TCK-000828,550,2025-01-06,billing,high,36.0,1.0,resolved
TCK-000829,548,23 Jan 2025, Performance ,High ,9.0,5.0,Resolved
TCK-000830,481,"Nov 16, 2025",Technical,high,8.8,1.0,PENDING
TCK-000831,808,07/09/2025,TECHNICAL, High,12.6,2.0, Resolved 
TCK-000832,1082,"Dec 07, 2025", Billing,High ,26.3,2.0,PENDING
TCK-000833,733,25 Jul 2025,performance,Medium,33.2,4.0,PENDING
TCK-000834,217,2025-07-16,Billing , High ,26.3,5.0, Resolved
TCK-000835,1426,"Aug 27, 2025",Technical,Critical ,1.2,4.0,Closed 
TCK-000836,642,13-09-2025,security, Medium ,25.7,3.0, Pending
TCK-000837,545,24-12-2025,Billing ,low,8.0,1.0,open
TCK-000838,409,02/21/2025,Security , Medium,15.9,2.0,Pending 
TCK-000839,507,16 Dec 2025,Feature Request,Low ,9.8,2.0,open
TCK-000840,385,"Jul 03, 2025",Feature Request ,Low ,2.2,1.0,Pending 
TCK-000841,931,2025-11-24, Billing , High ,11.6,2.0,RESOLVED
TCK-000842,347,06 Feb 2025,Feature Request,Medium,4.6,4.0, Resolved
TCK-000843,1055,01/16/2025,billing,MEDIUM,12.6,4.0,OPEN
TCK-000844,1473,"Jan 28, 2025",technical,CRITICAL,14.1,3.0, Open
TCK-000845,594,2025-05-27,Account ,high,8.8,3.0, Pending
TCK-000846,295,22-11-2025,Feature Request,Low,29.3,3.0, Pending
TCK-000847,459,18-08-2025, Account ,Critical,20.7,,pending
TCK-000848,188,13/10/2025,Performance,Low,16.3,4.0,Pending 
TCK-000849,487,2025-10-15,Account, Medium,8.4,5.0,OPEN
TCK-000850,725,06/30/2025,ACCOUNT,high,9.8,5.0,Pending 
TCK-000851,1031,2025-05-22, Security ,MEDIUM,7.6,1.0,Closed
TCK-000852,519,2025-02-25,security,High ,6.8,5.0,Closed 
TCK-000853,291,2025-02-05,Feature Request ,high,7.7,4.0, Closed
TCK-000854,204,27/11/2025, Security,low,16.2,5.0, Closed 
TCK-000855,450,03/07/2025,Performance,critical,10.5,4.0,Resolved
TCK-000856,437,22 Apr 2025,account,LOW,4.4,3.0, Pending 
TCK-000857,1414,08/06/2025,security,MEDIUM,19.8,,Closed 
TCK-000858,516,"Mar 12, 2025",Billing , Medium,21.4,3.0,CLOSED
TCK-000859,1285,08/08/2025, Billing,LOW,11.2,3.0,Closed 
TCK-000860,1388,18-03-2025,Billing,MEDIUM,14.2,3.0,Closed
TCK-000861,637,03/07/2025,BILLING, High,24.2,2.0,Resolved 
TCK-000862,1246,27-06-2025,Security,LOW,6.9,4.0,Pending
TCK-000863,1158,04/04/2025, Account, High ,23.3,3.0,open
TCK-000864,637,14-04-2025,SECURITY,high,23.7,5.0,PENDING
TCK-000865,1368,04/04/2025, Security ,HIGH,20.9,5.0, Closed
TCK-000866,269,2025-12-09,FEATURE REQUEST,low,10.0,,RESOLVED
TCK-000867,125,23/05/2025, Performance , Critical ,12.2,3.0, Pending
TCK-000868,25,"Mar 07, 2025", Performance ,CRITICAL,20.0,4.0, Resolved 
TCK-000869,1301,"Mar 27, 2025",security, Low ,16.9,4.0, Pending 
TCK-000870,1498,05 Dec 2025,billing,MEDIUM,14.0,1.0,Closed 
TCK-000871,1284,2025-04-01,FEATURE REQUEST, High,16.5,1.0, Resolved 
TCK-000872,432,2025-02-27,Account ,CRITICAL,5.4,3.0, Open
TCK-000873,434,30/03/2025,Performance ,critical,7.8,3.0, Pending
TCK-000874,490,03/09/2025,Security ,CRITICAL,11.6,3.0,Open 
TCK-000875,783,11/08/2025,ACCOUNT, Low,35.7,4.0,resolved
TCK-000876,555,01 Apr 2025, Security ,Low ,20.8,4.0,Pending 
TCK-000877,1396,05/21/2025, Billing ,low,18.3,1.0,Resolved 
TCK-000878,815,13/07/2025, Account ,Medium ,12.6,1.0, Closed 
TCK-000879,648,"Jan 10, 2025",feature request,Medium,19.4,5.0, Open 
TCK-000880,827,19/11/2025, Technical , Low,19.5,5.0,RESOLVED
TCK-000881,1027,2025-03-02, Billing , Medium,21.4,,resolved
TCK-000882,314,05/03/2025,BILLING, Medium ,13.3,2.0, Pending 
TCK-000883,125,06-07-2025,SECURITY,Low ,6.5,4.0,open
TCK-000884,55,30-08-2025,security, Medium ,13.2,4.0, Pending 
TCK-000885,472,"Oct 16, 2025",Technical ,LOW,6.2,,resolved
TCK-000886,1357,"May 21, 2025",Performance ,Medium,19.4,5.0, Open 
TCK-000887,31,13-06-2025, Security ,high,32.9,1.0, Resolved
TCK-000888,929,18 Jun 2025,Security , Low,17.0,4.0,Resolved
TCK-000889,1483,2025-07-15,Feature Request ,Medium ,3.2,4.0,CLOSED
TCK-000890,1444,"Jul 11, 2025",ACCOUNT,Low,3.5,5.0,OPEN
TCK-000891,1259,03/09/2025,TECHNICAL,Medium,7.6,1.0,Open 
TCK-000892,331,29 Jun 2025,Feature Request,Low ,8.1,2.0, Resolved 
TCK-000893,554,13-03-2025,Feature Request,High ,10.7,5.0,OPEN
TCK-000894,291,2025-08-08, Technical,CRITICAL,29.2,4.0, Open 
TCK-000895,747,22-09-2025,feature request,High,8.7,3.0,Resolved
TCK-000896,1261,25 Dec 2025, Feature Request, High,45.9,5.0,Closed
TCK-000897,414,2025-02-21, Performance ,medium,8.1,5.0,Resolved
TCK-000898,670,05 May 2025,PERFORMANCE,critical,30.8,5.0, Open
TCK-000899,1050,06/25/2025,Account ,MEDIUM,4.9,1.0,Open
TCK-000900,253,04/15/2025,account,High ,3.1,,Pending
TCK-000901,872,03/10/2025,technical,high,7.5,2.0, Pending
TCK-000902,1311,09/17/2025,Security,Medium,11.0,, Open 
TCK-000903,1094,03-05-2025,technical,CRITICAL,68.0,4.0,closed
TCK-000904,243,06/21/2025, Security, Critical ,15.1,,RESOLVED
TCK-000905,169,24-04-2025, Security, Critical ,23.1,,PENDING
TCK-000906,1468,11 Apr 2025,Technical,High,24.3,2.0,CLOSED
TCK-000907,503,05 Jan 2025,billing,LOW,10.7,1.0, Open
TCK-000908,1356,04/08/2025,Performance, Low,6.7,2.0, Pending 
TCK-000909,1037,"Nov 30, 2025",Billing , Medium,16.8,3.0, Pending 
TCK-000910,838,13/01/2025,Security ,Critical ,10.1,, Closed
TCK-000911,1074,2025-12-31,security, High ,7.6,4.0, Open 
TCK-000912,1069,13 Jul 2025, Feature Request ,low,13.3,1.0, Open
TCK-000913,800,2025-05-08,Account,Critical,35.2,3.0,PENDING
TCK-000914,8,17 Jan 2025, Billing,HIGH,11.2,2.0, Pending 
TCK-000915,1355,23/08/2025,security,critical,6.8,4.0,pending
TCK-000916,365,28-07-2025, Account, Medium,9.0,2.0, Pending 
TCK-000917,221,09-01-2025, Security ,Low ,8.3,5.0, Open 
TCK-000918,1421,"Oct 02, 2025", Feature Request, Medium,4.4,5.0,Resolved
TCK-000919,417,12/18/2025, Performance,low,28.4,2.0,OPEN
TCK-000920,471,18/02/2025,Performance,MEDIUM,12.2,4.0,Open
TCK-000921,1360,12/07/2025,Billing,High ,19.3,1.0,OPEN
TCK-000922,265,05/21/2025,billing, Low ,10.3,,CLOSED
TCK-000923,772,11/09/2025, Account, Low ,7.8,5.0,Pending 
TCK-000924,1194,08/09/2025,BILLING, Low,25.9,1.0, Pending 
TCK-000925,596,31-05-2025,billing,Medium,11.9,2.0, Closed
TCK-000926,1223,09/17/2025, Feature Request, High,13.0,5.0,Closed 
TCK-000927,1315,2025-04-09, Feature Request , Critical ,8.4,3.0, Resolved
TCK-000928,697,07/16/2025, Performance, High ,9.7,3.0,Pending 
TCK-000929,671,"Dec 10, 2025",Performance , High ,15.0,5.0, Pending
TCK-000930,1244,"Oct 04, 2025",PERFORMANCE,critical,17.3,4.0, Closed
TCK-000931,773,2025-01-14, Security,low,12.2,3.0,closed
TCK-000932,1435,15-07-2025,Billing,HIGH,26.3,, Open 
TCK-000933,927,16 Nov 2025,performance,high,16.6,,Closed
TCK-000934,1050,15-10-2025,Account,Medium ,18.6,,PENDING
TCK-000935,1381,26 Dec 2025,Account ,MEDIUM,7.6,1.0,OPEN
TCK-000936,1005,"Apr 09, 2025",Feature Request ,high,15.2,4.0,Resolved
TCK-000937,908,2025-10-02,Billing, Critical ,12.5,4.0, Pending 
TCK-000938,1309,"Jul 07, 2025",Technical ,medium,25.5,4.0, Open 
TCK-000939,179,10/31/2025,account, Medium ,23.8,,Open 
TCK-000940,1189,13/09/2025,Account ,critical,12.1,3.0, Pending
TCK-000941,686,18 Jan 2025,Feature Request ,critical,6.4,4.0,CLOSED
TCK-000942,1168,2025-05-25,Technical ,MEDIUM,14.1,5.0,RESOLVED
TCK-000943,948,06/09/2025, Account , Medium,11.6,,pending
TCK-000944,854,2025-08-01,SECURITY, Critical,10.7,2.0,resolved
TCK-000945,472,11/04/2025,TECHNICAL, High ,6.7,2.0,Pending 
TCK-000946,1434,30/04/2025,account,LOW,5.1,3.0, Pending
TCK-000947,683,09 Aug 2025, Technical ,Low,13.4,4.0,pending
TCK-000948,917,01/03/2025, Account,critical,16.3,3.0,Closed 
TCK-000949,184,10/07/2025,Billing,Low ,30.0,2.0, Pending
TCK-000950,599,06/26/2025, Billing , Low,10.1,3.0,open
TCK-000951,249,04 Feb 2025, Performance,HIGH,14.3,5.0, Closed 
TCK-000952,229,03-03-2025,Account ,Low,29.6,5.0, Resolved 
TCK-000953,691,02 Feb 2025,Billing , Low,27.7,,open
TCK-000954,461,"Jul 03, 2025",security,Low ,4.0,3.0,closed
TCK-000955,188,2025-03-16,Performance ,High ,9.0,1.0,open
TCK-000956,75,2025-04-20,performance,medium,20.6,, Resolved
TCK-000957,1092,"Jul 02, 2025",ACCOUNT, Critical ,7.5,4.0, Open
TCK-000958,297,26-12-2025, Account,High ,9.4,2.0, Closed 
TCK-000959,330,09/13/2025,technical, Medium ,19.2,4.0,pending
TCK-000960,752,"Nov 25, 2025",Security,HIGH,9.0,,Resolved 
TCK-000961,866,2025-05-05, Performance , Medium,36.4,1.0,CLOSED
TCK-000962,972,03 Apr 2025,Performance , High,21.5,4.0,closed
TCK-000963,1277,21-01-2025,Security , Critical ,19.5,3.0, Resolved
TCK-000964,1081,2025-02-03, Security,High,11.3,4.0,Closed 
TCK-000965,1341,23/11/2025,SECURITY, High,4.1,1.0, Closed
TCK-000966,759,"Aug 24, 2025",Account ,HIGH,25.7,5.0,Open
TCK-000967,735,19/06/2025,Performance ,Critical ,24.9,5.0,Open
TCK-000968,1262,22/01/2025,Performance,medium,17.5,5.0, Closed 
TCK-000969,1474,01-02-2025,Performance ,High,7.8,4.0,Resolved 
TCK-000970,798,14-11-2025, Performance ,medium,6.7,2.0,Resolved
TCK-000971,1300,25/09/2025,SECURITY,high,10.8,2.0,OPEN
TCK-000972,321,2025-10-21, Account,High ,0.0,1.0,Pending
TCK-000973,30,02 Jul 2025,security,critical,2.3,1.0, Open
TCK-000974,786,2025-10-10,Account ,High,16.8,2.0,Pending
TCK-000975,995,26 Aug 2025, Billing , Critical ,18.7,5.0,Open 
TCK-000976,603,04-06-2025,account,LOW,15.7,2.0, Resolved
TCK-000977,943,07/15/2025,account,High,21.8,1.0, Pending 
TCK-000978,778,"Dec 16, 2025", Security, Medium ,12.1,1.0, Resolved
TCK-000979,931,20-12-2025,Billing, Critical ,40.4,1.0,open
TCK-000980,753,24-11-2025, Feature Request, Critical ,22.3,2.0,RESOLVED
TCK-000981,1080,22 May 2025, Performance,high,4.4,1.0, Closed 
TCK-000982,273,11 Dec 2025,SECURITY, High ,29.0,4.0, Pending
TCK-000983,322,2025-06-14, Feature Request,Critical ,14.0,4.0,CLOSED
TCK-000984,236,"Sep 24, 2025",billing,critical,28.8,5.0,pending
TCK-000985,1213,2025-01-23,feature request, Low ,25.4,2.0, Pending
TCK-000986,982,10/18/2025,Account, Medium ,18.8,3.0,CLOSED
TCK-000987,682,2025-07-06, Account, Critical ,11.1,5.0, Resolved
TCK-000988,765,2025-11-20,Account , Critical ,22.9,1.0, Open 
TCK-000989,903,2025-06-04,Performance,Medium,14.4,2.0,OPEN
TCK-000990,222,"Jul 03, 2025", Performance,High ,29.0,2.0,resolved
TCK-000991,1316,2025-01-16,Technical , Low ,23.9,4.0,RESOLVED
TCK-000992,441,2025-04-12,Technical, High,40.5,2.0,Resolved
TCK-000993,1046,12/05/2025,billing, High,10.0,, Open 
TCK-000994,1042,10-07-2025,Account,CRITICAL,23.7,2.0, Pending 
TCK-000995,301,02 Dec 2025,Account,Low ,4.1,3.0, Open
TCK-000996,96,"Jan 06, 2025", Billing,Medium ,24.0,2.0, Open 
TCK-000997,859,2025-11-17,Performance ,CRITICAL,5.6,,Closed 
TCK-000998,1380,27-11-2025,FEATURE REQUEST,critical,23.5,1.0,RESOLVED
TCK-000999,326,30/05/2025,FEATURE REQUEST,HIGH,11.0,, Resolved 
TCK-001000,1412,"Feb 12, 2025", Billing , High ,9.2,3.0,OPEN
TCK-001001,1291,04-09-2025,security,LOW,5.0,2.0,Closed
TCK-001002,716,06/07/2025,PERFORMANCE, Low,14.0,1.0,Pending
TCK-001003,94,23/08/2025,Security,Low ,10.9,5.0,RESOLVED
TCK-001004,436,27 Oct 2025,billing,MEDIUM,7.5,, Pending 
TCK-001005,233,05/27/2025,performance,high,11.1,5.0,Open
TCK-001006,99,03/16/2025,Feature Request, High,10.6,5.0,OPEN
TCK-001007,550,02/04/2025,Account,high,28.1,5.0,Closed
TCK-001008,751,18/08/2025, Account,HIGH,32.0,4.0, Resolved 
TCK-001009,1156,10/03/2025,Security,MEDIUM,15.0,1.0,pending
TCK-001010,502,2025-01-25,Billing, Medium ,8.6,4.0, Open
TCK-001011,1343,07/21/2025,billing,low,5.6,2.0,PENDING
TCK-001012,1308,02/02/2025, Performance,Low,9.6,2.0,OPEN
TCK-001013,815,23/02/2025,Billing ,LOW,58.2,2.0, Open 
TCK-001014,220,29/07/2025, Security ,critical,7.8,,Pending
TCK-001015,958,"May 23, 2025",Feature Request,Medium,5.0,3.0, Open
TCK-001016,1477,02/06/2025,Billing,LOW,1.8,2.0, Open 
TCK-001017,180,30/10/2025,Technical,CRITICAL,8.9,,Closed
TCK-001018,1364,14-05-2025,Feature Request , High,39.4,1.0,OPEN
TCK-001019,1426,2025-04-07, Security,Critical,26.0,1.0,Pending
TCK-001020,1336,2025-07-25,PERFORMANCE, High ,4.5,5.0,CLOSED
TCK-001021,1210,29 Oct 2025,Performance,Medium,3.6,4.0,OPEN
TCK-001022,185,"Feb 03, 2025", Performance ,high,7.2,1.0,CLOSED
TCK-001023,551,"Jul 03, 2025",Feature Request, Low,9.3,, Pending 
TCK-001024,790,14 Dec 2025,Security, High ,25.0,2.0,Open
TCK-001025,1267,03/03/2025,technical,Critical ,10.2,,PENDING
TCK-001026,72,02/12/2025, Feature Request,Critical,28.8,2.0,pending
TCK-001027,1316,"Jan 18, 2025", Billing , Critical,27.5,3.0,Open 
TCK-001028,81,2025-09-20,Feature Request ,Medium,30.2,4.0,closed
TCK-001029,859,2025-09-27, Account ,low,17.1,3.0, Closed 
TCK-001030,1350,"Dec 18, 2025",performance, High ,6.2,3.0, Closed 
TCK-001031,1135,08/10/2025, Performance ,high,6.5,1.0, Resolved
TCK-001032,309,11-12-2025,Security , Medium ,15.5,,closed
TCK-001033,653,01-05-2025, Billing, High,4.0,5.0,Pending
TCK-001034,577,2025-11-06,Technical,high,3.5,,Closed
TCK-001035,538,20/03/2025, Account , Low ,8.6,3.0,Closed 
TCK-001036,974,22/04/2025,TECHNICAL, Critical ,20.5,4.0,resolved
TCK-001037,1078,07/23/2025, Security ,low,5.3,5.0,Pending 
TCK-001038,168,20-05-2025,Security , Medium,29.5,, Resolved 
TCK-001039,205,"Jun 12, 2025", Performance,Low ,30.2,1.0,closed
TCK-001040,1382,25-11-2025, Billing,low,11.7,, Pending
TCK-001041,128,21 Feb 2025,Security ,MEDIUM,37.7,3.0,Closed 
TCK-001042,1101,04/29/2025, Performance ,high,19.9,4.0,Open 
TCK-001043,407,14-03-2025,SECURITY,CRITICAL,6.6,2.0,Open
TCK-001044,1481,14-04-2025,feature request,HIGH,4.2,5.0,closed
TCK-001045,46,"Mar 10, 2025",Billing ,CRITICAL,25.9,4.0,Resolved
TCK-001046,1041,08/24/2025,Performance ,HIGH,21.1,5.0,RESOLVED
TCK-001047,1429,"Jun 06, 2025",SECURITY,Critical ,11.6,4.0,RESOLVED
TCK-001048,702,19/12/2025,Security,low,8.1,5.0,Pending
TCK-001049,971,03 Aug 2025,Billing,Medium ,20.4,3.0, Pending
TCK-001050,135,"Oct 03, 2025",FEATURE REQUEST, Low ,25.2,,CLOSED
TCK-001051,969,25/05/2025,Billing , High ,4.1,5.0, Closed
TCK-001052,546,2025-08-05,FEATURE REQUEST,high,50.1,,closed
TCK-001053,397,30-04-2025,TECHNICAL,low,20.9,,resolved
TCK-001054,828,12/19/2025,PERFORMANCE,MEDIUM,20.9,3.0,open
TCK-001055,851,12/06/2025, Account,HIGH,6.8,4.0, Resolved 
TCK-001056,565,21/04/2025,ACCOUNT,medium,8.7,,RESOLVED
TCK-001057,1258,04/21/2025,Performance,critical,8.0,,RESOLVED
TCK-001058,1176,30 May 2025,PERFORMANCE,Low ,16.7,2.0,CLOSED
TCK-001059,1487,2025-05-11, Billing,MEDIUM,16.8,3.0,Closed
TCK-001060,391,13-10-2025, Feature Request ,CRITICAL,10.3,5.0, Resolved
TCK-001061,1116,"May 28, 2025",Technical ,medium,6.7,4.0,Pending 
TCK-001062,994,2025-05-24,PERFORMANCE,Low,14.1,, Open
TCK-001063,800,16/07/2025, Performance,Critical ,23.8,1.0,Open
TCK-001064,761,23-09-2025,Feature Request,medium,5.2,5.0, Resolved 
TCK-001065,1438,25/12/2025, Security , High,13.9,, Resolved
TCK-001066,766,2025-09-26,Performance ,LOW,20.8,2.0,CLOSED
TCK-001067,671,2025-10-02,FEATURE REQUEST, Medium,9.1,3.0,Closed 
TCK-001068,523,2025-07-24, Billing,MEDIUM,2.8,3.0, Pending 
TCK-001069,697,2025-03-11,FEATURE REQUEST,High ,13.6,2.0,Open
TCK-001070,1018,22/05/2025,FEATURE REQUEST,LOW,9.4,3.0, Closed 
TCK-001071,1209,"May 14, 2025",Performance,LOW,8.2,3.0,Open
TCK-001072,1176,05/05/2025,TECHNICAL, Low,12.0,2.0,Open 
TCK-001073,51,"Dec 17, 2025",Security,high,6.3,5.0,PENDING
TCK-001074,1077,"Sep 09, 2025",ACCOUNT,high,12.9,5.0,closed
TCK-001075,234,08-03-2025,ACCOUNT,critical,25.3,2.0, Pending 
TCK-001076,1260,2025-03-25,Billing,Low ,11.2,1.0,Closed 
TCK-001077,973,23/04/2025,Security , High ,21.4,4.0, Pending
TCK-001078,608,08 Aug 2025, Feature Request , Critical,5.6,2.0,open
TCK-001079,700,02/26/2025,feature request, Low ,20.7,1.0, Open 
TCK-001080,601,15-06-2025, Billing, Critical,21.2,,Open
TCK-001081,253,28/02/2025, Account,Critical ,24.4,1.0,Closed
TCK-001082,417,30 Mar 2025,Security, Medium,20.5,,PENDING
TCK-001083,882,25-01-2025, Feature Request ,High,3.8,,Closed
TCK-001084,800002,21/01/2025, Billing , Critical,33.1,1.0,OPEN
TCK-001085,90,31 May 2025, Billing ,high,25.8,2.0,Pending 
TCK-001086,1213,13 Apr 2025,account,High,39.9,5.0,OPEN
TCK-001087,2,29 Sep 2025,FEATURE REQUEST,high,6.5,5.0,RESOLVED
TCK-001088,568,"Dec 15, 2025",account, Medium ,54.6,2.0,RESOLVED
TCK-001089,998,09/23/2025, Technical,LOW,23.2,,open
TCK-001090,54,10 Nov 2025, Feature Request ,CRITICAL,11.2,5.0, Resolved 
TCK-001091,867,02/05/2025,technical, Medium,6.3,2.0,Open 
TCK-001092,1078,2025-02-27,Billing ,Low,9.8,3.0,Open
TCK-001093,662,15 Aug 2025, Billing ,CRITICAL,11.5,3.0, Closed
TCK-001094,1037,09-07-2025,Billing ,CRITICAL,9.0,3.0,Open 
TCK-001095,74,"Dec 04, 2025", Technical,Critical ,10.9,4.0, Closed
TCK-001096,209,20-04-2025,Technical,low,21.0,3.0, Closed
TCK-001097,1107,13-10-2025,Performance , Critical,15.1,3.0,CLOSED
TCK-001098,873,13-04-2025,Security , Critical,4.4,1.0,open
TCK-001099,607,2025-10-27,feature request,Critical ,2.0,5.0,OPEN
TCK-001100,216,17/01/2025,Account , Medium ,4.5,2.0, Open 
TCK-001101,1068,23/08/2025,Technical , Critical,15.1,1.0,RESOLVED
TCK-001102,1259,24/02/2025,BILLING, Medium ,18.4,2.0,closed
TCK-001103,522,03/08/2025,PERFORMANCE,critical,2.8,, Open 
TCK-001104,1447,25 May 2025,Performance,critical,9.4,2.0,Resolved
TCK-001105,969,07/23/2025, Feature Request,Critical,44.2,5.0,Open
TCK-001106,75,2025-06-14, Feature Request, Medium,13.0,2.0, Closed 
TCK-001107,752,28/02/2025,Account, Low,16.3,1.0, Closed
TCK-001108,882,"Oct 02, 2025",Technical, Critical ,30.8,2.0,Resolved
TCK-001109,265,20/02/2025,Performance , Low,3.9,, Open 
TCK-001110,838,07/04/2025,Feature Request , Medium ,26.0,,Open
TCK-001111,1420,01-12-2025,TECHNICAL,LOW,6.8,1.0,pending
TCK-001112,119,04-07-2025,Performance , Medium ,18.3,1.0,Resolved
TCK-001113,121,22 Jul 2025, Feature Request ,high,3.1,3.0,RESOLVED
TCK-001114,361,"Jun 16, 2025",ACCOUNT,critical,9.3,3.0,resolved
TCK-001115,294,07/22/2025,Security,Medium ,15.6,5.0,CLOSED
TCK-001116,368,03/10/2025,security,Critical ,6.9,1.0, Resolved
TCK-001117,778,06 Aug 2025,Billing ,High,24.4,1.0,pending
TCK-001118,155,04/01/2025, Technical,LOW,0.9,5.0, Pending
TCK-001119,199,30/06/2025,ACCOUNT,Low,30.7,5.0,RESOLVED
TCK-001120,766,23-12-2025, Billing, Low ,14.6,3.0,PENDING
TCK-001121,924,2025-10-14,Account , Critical ,26.9,4.0,Pending
TCK-001122,617,12/27/2025,BILLING,LOW,2.7,3.0,Closed 
TCK-001123,636,"Aug 26, 2025",PERFORMANCE,Medium ,2.4,4.0, Resolved
TCK-001124,261,29/06/2025, Performance,high,28.9,1.0,Closed 
TCK-001125,562,01/22/2025,Technical,LOW,36.2,, Pending 
TCK-001126,1179,12 Sep 2025, Account,High ,18.4,5.0,Closed
TCK-001127,97,02/07/2025,technical,LOW,15.6,4.0,Open 
TCK-001128,345,01/18/2025, Performance,MEDIUM,24.7,4.0,Open 
TCK-001129,996,2025-03-27,BILLING, High ,11.9,4.0,PENDING
TCK-001130,629,19 Jul 2025, Security,Critical,7.4,4.0,Pending
TCK-001131,1233,05 Nov 2025,Feature Request ,high,17.1,1.0,CLOSED
TCK-001132,1059,2025-09-14, Feature Request ,LOW,8.0,4.0, Pending
TCK-001133,275,27-07-2025,FEATURE REQUEST,LOW,15.5,1.0,Pending
TCK-001134,1199,01/28/2025,ACCOUNT,low,17.6,5.0, Open
TCK-001135,28,2025-07-09,FEATURE REQUEST,Low,11.7,3.0,OPEN
TCK-001136,487,2025-09-02,Account, Medium,22.2,1.0,open
TCK-001137,402,06/19/2025,feature request,Medium ,16.5,3.0, Closed
TCK-001138,947,"Mar 03, 2025",security, High ,6.3,3.0,Resolved
TCK-001139,888,2025-04-16,Account,Low ,3.3,4.0,CLOSED
TCK-001140,1209,26 Aug 2025,Security ,LOW,16.1,4.0, Resolved
TCK-001141,508,29/07/2025, Feature Request , Critical ,25.1,4.0,Pending 
TCK-001142,616,25/02/2025,SECURITY,Medium,5.2,5.0,PENDING
TCK-001143,109,"Aug 11, 2025",billing, High ,11.8,1.0,Resolved
TCK-001144,1027,09/02/2025,Feature Request,Low,12.4,1.0, Resolved
TCK-001145,617,"Jan 27, 2025", Account ,High,9.5,3.0,OPEN
TCK-001146,1222,"Aug 31, 2025",Technical,High ,19.9,1.0,Pending
TCK-001147,1194,08/23/2025,security,HIGH,14.7,5.0, Open
TCK-001148,346,11/27/2025, Technical, Critical,10.9,3.0, Open
TCK-001149,59,2025-02-07,Security , Medium,11.2,2.0,Open 
TCK-001150,793,28 Sep 2025, Security ,medium,35.0,3.0,open
TCK-001151,944,18/08/2025,Security ,Critical,11.3,1.0,RESOLVED
TCK-001152,1086,"Apr 11, 2025",Performance,Medium,19.4,5.0,Resolved
TCK-001153,1391,13/12/2025,Feature Request, Medium,5.2,2.0,Resolved 
TCK-001154,699,22 Jan 2025, Performance ,Critical ,51.9,5.0,Open 
TCK-001155,313,18/08/2025,technical,High ,28.3,2.0, Open
TCK-001156,75,2025-11-10,technical,High ,7.3,4.0,pending
TCK-001157,1095,25 Nov 2025,TECHNICAL,CRITICAL,9.3,2.0,Open
TCK-001158,974,17/11/2025,Billing, High ,6.8,2.0,closed
TCK-001159,1451,18/06/2025,TECHNICAL,Medium ,3.1,, Resolved 
TCK-001160,880,07-01-2025, Security,LOW,11.5,3.0,Closed
TCK-001161,303,2025-05-16, Technical ,MEDIUM,11.9,4.0,Pending 
TCK-001162,23,"Dec 08, 2025",Security ,low,29.7,1.0,closed
TCK-001163,967,06 Feb 2025,Billing ,High ,21.6,2.0,Closed
TCK-001164,937,11/08/2025,security,medium,20.4,4.0,Pending 
TCK-001165,574,"Mar 21, 2025",Technical , Low,26.8,1.0,RESOLVED
TCK-001166,1182,12 Dec 2025, Security ,MEDIUM,12.4,, Resolved 
TCK-001167,805,2025-05-12,account,HIGH,16.2,,Resolved
TCK-001168,205,13 Aug 2025,PERFORMANCE, Low,5.2,,pending
TCK-001169,1042,27-08-2025,Technical,Low,19.2,3.0,open
TCK-001170,318,03/04/2025,feature request,high,5.9,5.0, Pending
TCK-001171,1235,2025-06-26,Feature Request, Critical,3.3,5.0,Closed 
TCK-001172,743,02/10/2025, Technical,High ,15.8,4.0,Open
TCK-001173,599,25/06/2025,Account, Low,7.6,3.0,RESOLVED
TCK-001174,453,16-07-2025, Feature Request,Critical,16.2,1.0,Closed
TCK-001175,911,"Jan 10, 2025", Billing ,Medium ,9.3,,RESOLVED
TCK-001176,217,11/27/2025, Technical , Medium ,7.3,3.0,Open 
TCK-001177,1130,16-11-2025,billing,Critical ,30.8,5.0, Resolved 
TCK-001178,861,09-05-2025,FEATURE REQUEST, Medium ,22.3,3.0,Resolved 
TCK-001179,32,08 Apr 2025,Security, High ,8.2,1.0, Closed 
TCK-001180,462,06/22/2025,FEATURE REQUEST,HIGH,32.5,,Pending 
TCK-001181,285,12 Aug 2025,technical,Critical,5.7,4.0,Closed 
TCK-001182,533,22 Mar 2025,Account ,CRITICAL,8.2,1.0,PENDING
TCK-001183,933,07/12/2025, Performance , Low ,6.2,3.0, Open 
TCK-001184,888,28 Nov 2025,Performance,critical,8.4,5.0,Open 
TCK-001185,486,10/09/2025,technical,High ,17.1,2.0, Open 
TCK-001186,1401,"Nov 04, 2025", Feature Request ,CRITICAL,30.4,2.0, Closed 
TCK-001187,1425,12 Jan 2025,Feature Request, Low,12.3,3.0,CLOSED
TCK-001188,256,2025-06-06,performance,HIGH,11.4,3.0,Closed 
TCK-001189,63,05/10/2025, Security , Low ,27.0,, Resolved
TCK-001190,1470,04/23/2025,Technical,MEDIUM,49.4,2.0,pending
TCK-001191,239,2025-01-20,Security,HIGH,5.9,2.0,closed
TCK-001192,895,22/03/2025,SECURITY,MEDIUM,6.0,5.0,PENDING
TCK-001193,1169,"Jan 02, 2025",Security , High,16.4,,closed
TCK-001194,1173,22 Oct 2025,TECHNICAL,HIGH,21.6,2.0,resolved
TCK-001195,354,23-05-2025, Technical ,High ,23.3,1.0,OPEN
TCK-001196,134,16-08-2025,SECURITY, Critical,22.6,5.0,Pending 
TCK-001197,1154,06/06/2025,Security , High ,5.4,,OPEN
TCK-001198,614,14/05/2025,Account,Critical ,26.4,3.0,Pending
TCK-001199,857,2025-07-27, Security, Low ,10.1,,resolved
TCK-001200,1323,03 Dec 2025,Performance,LOW,13.3,4.0,pending
TCK-001201,1324,20/10/2025, Account ,Low ,11.7,5.0, Open 
TCK-001202,1164,03-03-2025, Billing , Medium ,3.2,1.0,Open
TCK-001203,1492,11-03-2025,SECURITY,critical,28.0,4.0, Closed
TCK-001204,205,08/14/2025,TECHNICAL,Critical,10.9,3.0,Closed 
TCK-001205,1308,02-08-2025, Security , High,7.9,5.0,closed
TCK-001206,121,2025-09-12, Technical ,high,57.4,5.0,Open 
TCK-001207,713,"Jul 08, 2025",Performance, High,23.4,2.0,Pending 
TCK-001208,846,06/07/2025,Technical,CRITICAL,16.3,4.0,Open
TCK-001209,785,"Sep 16, 2025",billing, Medium ,10.2,1.0,CLOSED
TCK-001210,666,"Nov 23, 2025",FEATURE REQUEST, High,1.8,2.0,Closed
TCK-001211,1090,19/09/2025,Feature Request,MEDIUM,21.3,4.0,Open
TCK-001212,689,11/04/2025,Security, Low ,26.4,1.0, Open
TCK-001213,212,"Nov 24, 2025",Performance,High,0.5,3.0, Pending
TCK-001214,356,2025-04-18,feature request, Critical,12.3,1.0,Open 
TCK-001215,982,15-02-2025,Performance , Low ,27.1,4.0, Pending 
TCK-001216,61,18-03-2025,TECHNICAL, High ,8.7,3.0,CLOSED
TCK-001217,81,10/08/2025, Technical , Medium,16.3,3.0,OPEN
TCK-001218,252,01/12/2025,Performance, Low,4.7,, Resolved 
TCK-001219,969,2025-02-15, Technical, Low,2.6,3.0, Pending 
TCK-001220,1272,03/28/2025, Feature Request, Critical ,5.6,,RESOLVED
TCK-001221,923,"Jan 13, 2025", Account ,Low ,6.1,4.0,Open 
TCK-001222,189,"Feb 19, 2025",Billing, Low,12.0,5.0,Pending 
TCK-001223,1382,31-05-2025,TECHNICAL,High,13.0,3.0,open
TCK-001224,172,2025-06-23, Security,Critical ,46.9,5.0,Closed 
TCK-001225,74,01-09-2025,account,Critical,19.2,,resolved
TCK-001226,1291,2025-01-12, Performance ,HIGH,12.5,5.0,PENDING
TCK-001227,665,19/09/2025,BILLING, Critical,16.8,2.0, Closed
TCK-001228,538,"Mar 13, 2025", Account , Medium,33.9,4.0,Open
TCK-001229,771,"Jun 18, 2025", Billing,Medium,35.6,5.0, Resolved
TCK-001230,603,07/01/2025,Billing , Medium,49.1,, Open 
TCK-001231,1369,06 May 2025, Performance ,Low ,22.1,2.0, Pending 
TCK-001232,1355,27 Oct 2025,Security ,critical,34.9,2.0,PENDING
TCK-001233,793,2025-03-15,account,HIGH,20.4,4.0,Closed
TCK-001234,1097,14 Jan 2025,Billing,critical,9.8,2.0,Pending
TCK-001235,1500,26-02-2025, Feature Request, High ,10.5,4.0,RESOLVED
TCK-001236,154,21/08/2025,security,Critical,20.1,,Closed
TCK-001237,1262,2025-12-11, Account,critical,31.0,3.0,Pending
TCK-001238,619,09-12-2025,TECHNICAL, Critical,9.0,4.0,resolved
TCK-001239,464,"Dec 27, 2025",Performance , Medium ,29.8,5.0,Resolved 
TCK-001240,322,16/01/2025, Security , Critical ,13.9,4.0,resolved
TCK-001241,1500,22-08-2025, Technical,Medium ,13.4,1.0, Pending 
TCK-001242,661,03/14/2025,Technical , Low,9.1,2.0,Resolved 
TCK-001243,635,"Oct 25, 2025",TECHNICAL,critical,20.3,1.0,Open
TCK-001244,995,2025-03-09,Security , Critical ,8.8,1.0, Open
TCK-001245,11,05/01/2025,ACCOUNT,Critical,28.3,4.0,Pending 
TCK-001246,1080,19-05-2025, Performance , Critical,4.6,3.0,resolved
TCK-001247,677,24/08/2025,account,Low,8.2,1.0,RESOLVED
TCK-001248,1212,17 Sep 2025, Security , Low ,4.3,1.0,OPEN
TCK-001249,1105,17-10-2025,feature request,MEDIUM,6.6,2.0,Open 
TCK-001250,974,20 Feb 2025, Security ,Critical,8.9,1.0,resolved
TCK-001251,1118,01/01/2025, Performance ,CRITICAL,4.9,5.0,PENDING
TCK-001252,1206,11 Apr 2025,billing,Low,15.7,3.0, Open
TCK-001253,729,09/09/2025, Security,LOW,7.9,2.0, Resolved
TCK-001254,345,22-12-2025,Billing ,Critical,3.8,5.0, Closed 
TCK-001255,489,02/05/2025, Security ,Low ,26.3,1.0,resolved
TCK-001256,422,03/28/2025,Technical,High ,11.5,, Open
TCK-001257,932,2025-05-17, Performance,HIGH,7.4,5.0,resolved
TCK-001258,415,2025-06-03, Feature Request,LOW,16.5,3.0,Open
TCK-001259,872,"Dec 16, 2025",SECURITY, High,17.7,4.0,PENDING
TCK-001260,976,01/01/2025,Technical ,low,16.2,1.0,CLOSED
TCK-001261,832,01/06/2025, Account ,Critical,2.2,3.0,Open 
TCK-001262,206,"Aug 28, 2025",performance,high,23.8,1.0,Closed
TCK-001263,437,27 Mar 2025, Feature Request,medium,18.1,, Closed 
TCK-001264,124,07/17/2025, Security ,LOW,39.9,1.0,Pending 
TCK-001265,796,24 Apr 2025,account, Medium ,17.7,3.0,PENDING
TCK-001266,319,12/04/2025,security, Critical ,13.2,4.0,Resolved 
TCK-001267,1266,2025-09-25,security,MEDIUM,8.7,1.0,Closed
TCK-001268,1451,15 Sep 2025,Security ,Critical,11.7,2.0,OPEN
TCK-001269,1136,2025-01-16,billing,critical,6.6,4.0, Open 
TCK-001270,1018,07/04/2025,Account,critical,7.3,5.0, Resolved 
TCK-001271,922,2025-05-15, Billing,critical,3.9,3.0,OPEN
TCK-001272,1127,07/08/2025,performance,Medium,11.5,3.0,OPEN
TCK-001273,1001,"Mar 31, 2025",Account,low,8.6,3.0,Open 
TCK-001274,1497,06/15/2025, Account ,High ,16.6,1.0,resolved
TCK-001275,1127,03/03/2025,feature request, High,24.9,,Open
TCK-001276,1408,08/07/2025,BILLING, High ,4.9,5.0,Open
TCK-001277,1250,19/10/2025,Security ,Medium ,27.2,2.0,Pending
TCK-001278,328,15/09/2025,feature request,medium,21.2,4.0,RESOLVED
TCK-001279,741,01 Jun 2025,TECHNICAL,Low ,15.8,2.0,Closed
TCK-001280,1037,06 Jun 2025, Performance, High ,14.9,3.0,Open 
TCK-001281,1325,2025-03-24,performance,High,22.8,2.0,Resolved
TCK-001282,449,09-01-2025, Feature Request,critical,6.5,1.0,Open 
TCK-001283,495,"Sep 13, 2025",Feature Request ,High,10.4,, Pending
TCK-001284,67,07 Dec 2025, Account ,Medium ,7.0,,Pending
TCK-001285,668,03/31/2025,Performance, High,10.0,2.0,RESOLVED
TCK-001286,35,2025-02-03,SECURITY,Medium,99999.0,1.0,resolved
TCK-001287,1420,09/17/2025,Security ,Critical ,10.8,5.0,Closed
TCK-001288,13,24-07-2025,FEATURE REQUEST,MEDIUM,11.2,4.0, Pending
TCK-001289,1048,31/03/2025, Technical ,CRITICAL,20.2,5.0, Open
TCK-001290,340,03-09-2025,ACCOUNT,Critical,10.5,4.0,Open
TCK-001291,40,"Apr 03, 2025", Technical,Critical,21.2,4.0,CLOSED
TCK-001292,540,18 Sep 2025,FEATURE REQUEST, Low,23.0,2.0,resolved
TCK-001293,186,2025-10-08,performance,Low ,19.7,,Open 
TCK-001294,537,23-08-2025, Performance ,High,32.2,2.0, Open
TCK-001295,400,25/05/2025, Performance , High,10.2,4.0,CLOSED
TCK-001296,390,14-10-2025, Billing,low,13.6,3.0, Closed
TCK-001297,465,17-02-2025,Account ,High,3.0,1.0, Open 
TCK-001298,27,19 Sep 2025,BILLING,HIGH,27.5,2.0, Pending
TCK-001299,570,18/01/2025,performance,medium,6.4,2.0, Pending
TCK-001300,1271,04-01-2025, Security ,MEDIUM,4.4,1.0,Pending
TCK-001301,16,10 Dec 2025, Technical ,CRITICAL,14.0,3.0,closed
TCK-001302,554,15-04-2025, Account,Low ,12.0,5.0, Pending 
TCK-001303,1313,24-05-2025,Billing,Low ,6.1,2.0, Open
TCK-001304,869,26 Jun 2025, Technical, Low,13.8,5.0,resolved
TCK-001305,1344,2025-10-18,billing, Medium ,31.8,2.0, Open
TCK-001306,111,2025-03-31,performance,low,7.9,2.0,RESOLVED
TCK-001307,1226,"Jul 06, 2025",Feature Request ,Critical,9.9,1.0,Closed
TCK-001308,185,15/02/2025,Technical , Low,29.1,2.0, Resolved 
TCK-001309,81,28 Apr 2025,performance, Critical,25.2,5.0,CLOSED
TCK-001310,1017,13-05-2025, Security,MEDIUM,10.8,3.0, Pending 
TCK-001311,327,2025-01-11, Billing ,High,32.3,5.0,PENDING
TCK-001312,527,14-07-2025, Billing, Medium ,5.4,3.0,Open
TCK-001313,991,"Jan 07, 2025",SECURITY,High ,25.9,5.0,Pending
TCK-001314,15,23 Oct 2025, Account ,CRITICAL,9.4,2.0, Pending
TCK-001315,1013,10-02-2025, Billing,High ,13.1,, Pending
TCK-001316,1083,01 Sep 2025,Billing, Low ,3.4,3.0,Resolved 
TCK-001317,732,10 May 2025,Technical ,low,26.9,1.0, Resolved 
TCK-001318,668,2025-03-20,Feature Request, High ,8.7,5.0, Closed 
TCK-001319,1146,03/01/2025,PERFORMANCE,Medium ,6.0,3.0,closed
TCK-001320,368,20-09-2025, Billing ,Critical ,8.9,, Open
TCK-001321,1490,03/06/2025, Technical , High,21.4,5.0,resolved
TCK-001322,644,21 Aug 2025,Account , Critical ,38.3,3.0,open
TCK-001323,341,27 Jun 2025,Account ,High ,6.7,,OPEN
TCK-001324,1139,2025-01-04, Technical,Medium,14.3,5.0,Closed 
TCK-001325,1099,2025-10-09, Feature Request ,High,1.7,2.0, Resolved
TCK-001326,1402,02 Apr 2025,Feature Request ,High ,18.0,4.0,Closed 
TCK-001327,1483,2025-01-24,Feature Request ,Low ,11.8,5.0, Pending 
TCK-001328,1058,20 Jan 2025,Performance ,Critical ,10.9,3.0,PENDING
TCK-001329,617,2025-03-12,ACCOUNT,Medium,11.7,2.0, Closed
TCK-001330,202,"Aug 16, 2025", Feature Request ,high,10.7,5.0,Pending 
TCK-001331,289,22/04/2025,Performance ,Medium ,13.4,1.0,PENDING
TCK-001332,28,29/12/2025,TECHNICAL,Low ,15.7,,RESOLVED
TCK-001333,587,"May 11, 2025",account,MEDIUM,9.4,,Pending 
TCK-001334,194,03 Jan 2025,Technical ,CRITICAL,25.6,5.0,CLOSED
TCK-001335,257,15/11/2025,Billing ,medium,6.6,,pending
TCK-001336,786,18/01/2025,BILLING, Medium,5.7,2.0, Pending
TCK-001337,995,01/02/2025,Billing,Critical ,13.0,1.0, Open
TCK-001338,563,11 Dec 2025,Security ,CRITICAL,4.2,2.0,Closed 
TCK-001339,1160,09/09/2025,ACCOUNT, High,20.7,1.0,resolved
TCK-001340,730,"Feb 04, 2025",Feature Request,Medium ,4.3,1.0,Resolved
TCK-001341,796,09/06/2025,PERFORMANCE,Critical,1.1,4.0,Pending 
TCK-001342,134,2025-02-21,performance, Medium ,10.6,5.0,Resolved 
TCK-001343,611,"Jul 11, 2025", Technical,High,7.3,5.0,OPEN
TCK-001344,761,"Sep 03, 2025",Feature Request ,Medium,31.2,5.0,pending
TCK-001345,427,14-05-2025,Technical, Low,8.9,3.0,resolved
TCK-001346,675,09/11/2025, Account ,HIGH,9.9,5.0,pending
TCK-001347,152,12-05-2025,PERFORMANCE,critical,51.8,2.0, Open 
TCK-001348,144,18-05-2025,FEATURE REQUEST, Low ,18.4,3.0,Closed
TCK-001349,1325,13/12/2025,Account, Low ,11.3,5.0,Closed
TCK-001350,1071,"Dec 07, 2025",Feature Request,LOW,4.0,1.0,Pending 
TCK-001351,1025,2025-12-31,feature request, Critical,33.0,1.0,Resolved
TCK-001352,865,"Sep 16, 2025",BILLING, Critical ,5.8,5.0, Resolved 
TCK-001353,593,17/08/2025,Performance ,MEDIUM,28.4,4.0, Open 
TCK-001354,233,21 Feb 2025,ACCOUNT, Critical ,9.9,2.0, Pending 
TCK-001355,117,17 Oct 2025, Security, Low,6.1,2.0,CLOSED
TCK-001356,1341,"Aug 08, 2025",SECURITY,critical,3.0,4.0,open
TCK-001357,1021,2025-11-21,Security,critical,25.8,2.0, Pending
TCK-001358,1011,"Feb 07, 2025",TECHNICAL,Low ,9.6,2.0, Resolved
TCK-001359,818,22-01-2025, Billing,LOW,3.8,5.0,Closed
TCK-001360,1389,04/06/2025,Technical,High,4.8,5.0,Resolved
TCK-001361,594,27/10/2025,Security,critical,12.9,1.0,RESOLVED
TCK-001362,139,16-09-2025, Billing,critical,3.6,1.0,Resolved 
TCK-001363,989,"Jan 18, 2025", Account ,medium,13.0,2.0,Resolved
TCK-001364,241,11/21/2025,FEATURE REQUEST, Low ,10.4,2.0,Resolved 
TCK-001365,425,2025-09-13,Feature Request ,critical,8.9,1.0,PENDING
TCK-001366,685,01/19/2025,Feature Request , Low,3.1,,Resolved
TCK-001367,341,26 Jun 2025,security,low,19.0,5.0,Resolved
TCK-001368,352,07/10/2025,Billing ,LOW,13.5,2.0, Open
TCK-001369,1304,2025-11-10, Security , Low ,8.0,4.0,Pending
TCK-001370,602,"Oct 07, 2025", Technical ,Critical ,22.2,4.0,PENDING
TCK-001371,480,06-11-2025,TECHNICAL,low,22.0,5.0,closed
TCK-001372,276,09/05/2025,Feature Request,high,12.5,5.0,RESOLVED
TCK-001373,507,10/06/2025,billing, Low,6.9,,Resolved 
TCK-001374,334,"Dec 03, 2025",BILLING, Low ,3.2,1.0, Closed 
TCK-001375,124,07/31/2025,BILLING,low,5.1,2.0, Open
TCK-001376,585,06/23/2025,Billing,MEDIUM,19.5,3.0, Resolved 
TCK-001377,231,01/18/2025, Billing ,MEDIUM,11.8,4.0,OPEN
TCK-001378,1246,2025-05-31,BILLING,Medium ,8.8,2.0,Open 
TCK-001379,1312,25/03/2025,Performance , High,32.9,5.0,CLOSED
TCK-001380,1422,08-09-2025,FEATURE REQUEST,High ,55.8,5.0,pending
TCK-001381,1388,2025-12-08,Feature Request ,High ,43.7,3.0,RESOLVED
TCK-001382,836,11/02/2025, Performance,Medium,12.6,1.0,closed
TCK-001383,1424,05/05/2025,FEATURE REQUEST,low,16.1,,CLOSED
TCK-001384,1488,01/21/2025, Feature Request ,LOW,14.4,5.0,Closed
TCK-001385,474,19 Sep 2025,account, Medium,28.2,5.0,Resolved 
TCK-001386,1157,2025-08-02,performance,CRITICAL,30.8,1.0, Pending
TCK-001387,358,17/11/2025,Billing , Critical ,16.2,2.0,resolved
TCK-001388,1032,11/18/2025,Security ,High,4.4,2.0, Open 
TCK-001389,919,"Aug 31, 2025",account,Critical,4.1,1.0,PENDING
TCK-001390,1269,09 May 2025,Performance ,medium,37.6,3.0,Open 
TCK-001391,530,28/03/2025,Feature Request ,High,58.8,1.0,CLOSED
TCK-001392,1402,08-06-2025, Security ,Medium ,25.7,5.0,RESOLVED
TCK-001393,792,10 Jul 2025,Account ,medium,7.9,4.0,Pending 
TCK-001394,12,09/25/2025,Security,low,12.2,2.0, Resolved 
TCK-001395,674,"Jul 17, 2025",SECURITY,medium,13.4,,Resolved 
TCK-001396,1088,07-04-2025,SECURITY,critical,23.8,5.0,resolved
TCK-001397,1359,08/14/2025,Technical , High,18.6,4.0,RESOLVED
TCK-001398,511,09/08/2025, Billing , Low,29.3,1.0,open
TCK-001399,1102,21 Mar 2025, Account,critical,14.6,4.0,Pending
TCK-001400,1069,21 Feb 2025, Feature Request,High ,7.8,1.0,Resolved
TCK-001401,429,07/02/2025,Billing ,medium,6.7,2.0,Open
TCK-001402,9,26 Aug 2025,feature request, Medium ,16.7,3.0,RESOLVED
TCK-001403,1378,"Dec 27, 2025",FEATURE REQUEST,HIGH,18.1,5.0, Closed
TCK-001404,738,30 Oct 2025, Feature Request ,Low,24.5,,Resolved
TCK-001405,358,05 Jun 2025,Feature Request,critical,12.6,3.0,CLOSED
TCK-001406,914,13-04-2025, Billing ,HIGH,8.4,5.0, Pending
TCK-001407,64,07/10/2025,TECHNICAL,Critical ,26.6,1.0, Open 
TCK-001408,509,15 Apr 2025,Security,medium,4.5,5.0,PENDING
TCK-001409,1473,2025-12-05,Performance ,HIGH,8.2,5.0, Resolved 
TCK-001410,629,27 Oct 2025,Account , Low,5.8,,OPEN
TCK-001411,627,2025-03-15, Account ,low,12.7,3.0, Closed
TCK-001412,809,12 Dec 2025,technical, High,14.2,4.0, Resolved
TCK-001413,488,2025-07-08,TECHNICAL, Low,11.5,1.0,Pending
TCK-001414,219,2025-05-25, Technical, Medium,13.7,3.0,Pending
TCK-001415,1189,"Mar 14, 2025",ACCOUNT,MEDIUM,4.9,1.0,Resolved
TCK-001416,391,10/02/2025,BILLING,High ,21.2,2.0,Pending 
TCK-001417,1118,06/06/2025,account, Medium ,6.5,,RESOLVED
TCK-001418,1472,03/08/2025,Technical,low,11.4,1.0, Resolved 
TCK-001419,927,18-01-2025, Feature Request,High ,3.1,3.0, Closed 
TCK-001420,1116,"Jun 05, 2025", Security,low,30.1,5.0, Resolved
TCK-001421,329,"Apr 10, 2025",SECURITY,LOW,2.0,2.0, Open
TCK-001422,944,13 Nov 2025, Billing , Critical,13.4,,open
TCK-001423,1138,04 Jan 2025, Billing ,High,3.6,3.0, Open 
TCK-001424,168,2025-10-26,TECHNICAL,Critical,6.3,2.0,Closed
TCK-001425,629,2025-04-06, Account,HIGH,4.8,1.0,resolved
TCK-001426,1196,29-09-2025, Security,High ,19.6,4.0,PENDING
TCK-001427,650,17 Oct 2025, Performance ,critical,22.9,5.0,Open 
TCK-001428,902,16-09-2025, Feature Request,critical,10.9,4.0, Closed 
TCK-001429,954,2025-08-14,PERFORMANCE, High ,26.6,2.0, Open
TCK-001430,935,01 May 2025,Billing,Critical,46.0,1.0,open
TCK-001431,125,11/14/2025, Performance , Low ,6.8,3.0,Closed 
TCK-001432,1130,24 Jun 2025, Security, Critical ,3.0,3.0,Pending 
TCK-001433,68,12-06-2025,FEATURE REQUEST,High,7.5,2.0,open
TCK-001434,338,28 Dec 2025, Technical,Medium,8.9,,closed
TCK-001435,400,2025-07-23,Account,Medium,8.1,4.0,Open 
TCK-001436,1264,27-08-2025,billing,LOW,15.1,,resolved
TCK-001437,663,01/31/2025,technical,high,11.2,2.0, Open 
TCK-001438,1441,"Jul 01, 2025",account,HIGH,8.1,3.0,Resolved 
TCK-001439,32,"Jun 10, 2025",Performance, High ,3.9,2.0,Resolved 
TCK-001440,159,"Feb 19, 2025", Technical, Low ,48.0,2.0,OPEN
TCK-001441,113,09/09/2025, Technical,Low,12.8,5.0,closed
TCK-001442,1102,2025-11-22,Billing,high,21.4,5.0,Open 
TCK-001443,639,"May 22, 2025", Account,CRITICAL,11.0,,PENDING
TCK-001444,752,11/26/2025,Technical,medium,5.9,5.0,open
TCK-001445,801,"Mar 12, 2025",Account,High ,25.2,1.0, Closed
TCK-001446,795,12/15/2025,Performance, Medium,21.6,2.0, Closed
TCK-001447,1473,2025-12-13, Account, Medium,9.1,5.0,CLOSED
TCK-001448,1018,01-08-2025,feature request,Critical ,8.8,1.0, Pending 
TCK-001449,948,"Dec 20, 2025", Feature Request, Medium,14.1,4.0,pending
TCK-001450,961,10/10/2025, Account , Critical ,10.5,3.0,pending
TCK-001451,116,10/04/2025,BILLING,High,3.2,2.0, Resolved 
TCK-001452,703,06/04/2025, Feature Request, Medium,6.3,2.0,OPEN
TCK-001453,203,"Dec 19, 2025", Feature Request,Medium ,10.9,2.0, Open
TCK-001454,919,02/19/2025, Security ,High ,8.4,3.0,Closed 
TCK-001455,683,06/09/2025,FEATURE REQUEST,Critical,1.6,,Closed 
TCK-001456,345,2025-06-02,performance, Medium,5.7,1.0,Resolved
TCK-001457,513,"Feb 20, 2025", Account,Low ,12.3,3.0,resolved
TCK-001458,451,06-07-2025,Technical,HIGH,2.3,2.0,pending
TCK-001459,765,05 Feb 2025, Performance,Medium ,5.5,5.0,resolved
TCK-001460,1079,2025-08-20,Account , High ,9.1,4.0,Closed 
TCK-001461,1106,04 Nov 2025,Billing ,CRITICAL,18.8,1.0,Open 
TCK-001462,313,24 Sep 2025, Billing , Low,19.7,2.0,Closed
TCK-001463,1030,11-05-2025, Technical,medium,1.9,,resolved
TCK-001464,1380,02-01-2025,Account,High ,19.6,3.0, Resolved
TCK-001465,1362,2025-11-20,PERFORMANCE,medium,6.6,1.0, Pending 
TCK-001466,514,04/11/2025, Feature Request , Low ,33.5,1.0,OPEN
TCK-001467,1352,04 Feb 2025, Account ,high,14.3,3.0,RESOLVED
TCK-001468,1156,2025-10-04, Billing , Low ,12.2,5.0, Closed
TCK-001469,409,13 Oct 2025, Billing ,High ,3.2,4.0,Closed 
TCK-001470,85,09/02/2025,SECURITY,medium,14.8,1.0, Open 
TCK-001471,1228,01 Jul 2025, Performance,low,33.8,4.0, Open
TCK-001472,71,20-10-2025,ACCOUNT, High ,35.7,5.0,closed
TCK-001473,1255,"Apr 02, 2025", Billing,Medium ,27.2,4.0, Closed
TCK-001474,871,29-03-2025,technical,LOW,21.4,5.0,PENDING
TCK-001475,1417,"Jul 13, 2025",Billing ,High,4.1,5.0,resolved
TCK-001476,1301,09/11/2025,ACCOUNT,critical,23.3,5.0,Resolved
TCK-001477,662,2025-03-08, Security , Medium ,7.5,, Closed 
TCK-001478,735,"Oct 25, 2025", Security , Medium,17.3,3.0,CLOSED
TCK-001479,922,16 Jun 2025,ACCOUNT,Medium,18.7,1.0,PENDING
TCK-001480,379,16-10-2025,Technical ,MEDIUM,0.5,5.0, Resolved
TCK-001481,1111,05/22/2025,Billing,Medium ,44.2,5.0,Pending
TCK-001482,958,"Jun 11, 2025", Security, Low ,23.3,1.0,Resolved
TCK-001483,1140,31-01-2025,Performance,CRITICAL,2.2,, Pending
TCK-001484,697,01/22/2025,Account, Low ,2.0,2.0,RESOLVED
TCK-001485,706,20 Sep 2025,Feature Request ,MEDIUM,13.4,4.0,PENDING
TCK-001486,870,15/10/2025,ACCOUNT, Low ,13.6,,CLOSED
TCK-001487,1102,21-02-2025, Feature Request,critical,13.9,4.0, Open 
TCK-001488,953,06/03/2025, Performance , High,4.5,2.0,closed
TCK-001489,731,2025-11-21,Feature Request, Low ,12.7,, Open 
TCK-001490,1007,25-08-2025, Billing,CRITICAL,19.0,3.0, Closed 
TCK-001491,1381,"Apr 17, 2025",account,critical,33.3,4.0, Closed
TCK-001492,1188,"Aug 30, 2025",ACCOUNT,Medium ,18.5,3.0, Open
TCK-001493,1225,13-05-2025, Technical ,LOW,1.3,5.0,CLOSED
TCK-001494,1306,"Jun 14, 2025",feature request,High,3.8,,closed
TCK-001495,69,02/07/2025,Account,high,20.0,3.0, Pending
TCK-001496,123,01 Sep 2025, Account,medium,19.0,3.0,Closed
TCK-001497,790,26/06/2025,Security, High,8.4,,RESOLVED
TCK-001498,911,11/05/2025,Security,Critical ,11.2,3.0,Pending
TCK-001499,1189,11-09-2025,performance,MEDIUM,12.7,4.0,RESOLVED
TCK-001500,803,2025-09-23,Billing ,HIGH,14.6,4.0,closed
TCK-001501,529,06/07/2025,Account, High ,7.0,4.0,closed
TCK-001502,25,12/19/2025,feature request,Critical ,6.2,1.0, Resolved
TCK-001503,1417,"Dec 21, 2025",Security,HIGH,4.1,3.0, Open
TCK-001504,1053,12/02/2025,Account, Low ,32.5,5.0, Closed 
TCK-001505,1304,2025-11-04,BILLING, High ,14.9,5.0,resolved
TCK-001506,381,18-06-2025,Security,High ,8.0,,RESOLVED
TCK-001507,178,04/23/2025, Billing ,Medium ,22.2,2.0,open
TCK-001508,1443,"May 12, 2025",Technical , Critical,4.1,5.0, Resolved 
TCK-001509,247,"Jul 07, 2025",PERFORMANCE,high,24.6,5.0,resolved
TCK-001510,708,2025-06-22,FEATURE REQUEST, High ,7.0,, Pending
TCK-001511,390,14-04-2025,ACCOUNT,Low ,9.3,4.0, Closed
TCK-001512,629,"Nov 01, 2025",TECHNICAL,Critical,3.3,5.0, Open 
TCK-001513,977,15-05-2025,Performance,Medium ,11.3,4.0, Pending 
TCK-001514,1067,14/03/2025,ACCOUNT, Critical ,22.5,5.0,CLOSED
TCK-001515,1061,2025-07-04, Technical ,High ,2.3,1.0,Closed
TCK-001516,61,2025-01-11, Security,Critical ,14.7,,CLOSED
TCK-001517,501,04 Dec 2025,BILLING,CRITICAL,13.0,1.0,Pending 
TCK-001518,1097,05/04/2025,Account ,medium,22.0,4.0,closed
TCK-001519,245,21-06-2025,Billing ,Medium ,39.5,,Resolved
TCK-001520,389,2025-11-14,BILLING,HIGH,10.5,2.0,resolved
TCK-001521,1325,2025-11-06, Security ,Low,13.4,5.0,Open 
TCK-001522,763,12 Apr 2025, Security ,HIGH,15.8,1.0, Pending 
TCK-001523,259,08/28/2025,account,Medium ,37.1,5.0,pending
TCK-001524,1159,25/10/2025, Account ,Medium ,13.1,5.0, Closed 
TCK-001525,137,08-11-2025,Technical,Critical,30.0,1.0,Open 
TCK-001526,816,23 Jan 2025,TECHNICAL, High ,8.6,3.0, Closed
TCK-001527,293,08-12-2025, Feature Request , Critical ,0.0,, Pending
TCK-001528,1081,11/27/2025, Technical ,high,10.3,1.0,resolved
TCK-001529,591,06 Jul 2025,Billing , Low,8.5,1.0, Resolved
TCK-001530,1477,2025-09-24, Account,High,5.7,4.0,closed
TCK-001531,1298,"Feb 09, 2025",Technical ,High ,4.0,4.0, Resolved
TCK-001532,399,04/29/2025, Technical , Low,16.2,5.0, Resolved
TCK-001533,1230,09 Nov 2025, Technical,High,17.2,3.0,Resolved
TCK-001534,449,10/05/2025,billing, Medium ,33.8,1.0,Closed 
TCK-001535,1167,14 Oct 2025,Technical, Medium ,10.5,1.0, Pending 
TCK-001536,730,06/15/2025,performance, Critical ,24.2,1.0,resolved
TCK-001537,139,"Jul 17, 2025", Security,Medium,3.8,5.0,open
TCK-001538,694,11/12/2025,Feature Request , Low ,15.0,5.0, Closed
TCK-001539,269,04/28/2025,Account,Medium ,5.2,3.0,Open
TCK-001540,998,05-09-2025, Feature Request,Medium ,34.0,1.0,PENDING
TCK-001541,1444,13 Nov 2025,billing,CRITICAL,4.4,3.0,Open
TCK-001542,1168,01/03/2025,technical, High ,7.6,2.0,Pending 
TCK-001543,1021,02/06/2025, Billing,medium,24.7,2.0,open
TCK-001544,867,2025-03-27,Billing ,high,22.2,1.0,Open
TCK-001545,738,"Nov 04, 2025",Technical, Critical,5.6,, Resolved
TCK-001546,1047,25 Jul 2025, Performance ,MEDIUM,6.9,2.0,open
TCK-001547,36,2025-11-22,FEATURE REQUEST,MEDIUM,13.1,5.0,Open
TCK-001548,1229,"Oct 03, 2025",Performance ,Medium ,1.5,3.0,Open
TCK-001549,521,18/12/2025,PERFORMANCE,Medium ,25.1,,pending
TCK-001550,543,"Dec 04, 2025",BILLING, Medium,11.4,4.0,PENDING
TCK-001551,978,23/03/2025, Technical, Critical ,20.3,5.0,Resolved 
TCK-001552,942,09/25/2025,Account , Low,24.9,1.0,Resolved 
TCK-001553,1073,2025-01-26, Billing, Medium ,18.0,5.0, Pending 
TCK-001554,823,28-03-2025,Technical ,Critical,2.0,4.0, Closed
TCK-001555,670,2025-12-27,Account,CRITICAL,17.9,2.0, Closed 
TCK-001556,711,03/29/2025,Security , Medium ,16.6,3.0,closed
TCK-001557,610,29-05-2025,Technical, Low,28.8,3.0,Resolved
TCK-001558,1153,"Mar 22, 2025", Feature Request , High,28.7,2.0,pending
TCK-001559,275,"Feb 05, 2025",SECURITY,high,21.2,2.0, Pending 
TCK-001560,487,06/14/2025, Account ,medium,23.9,3.0,Pending 
TCK-001561,116,02/02/2025,Account,Critical,22.3,5.0, Open 
TCK-001562,369,28/07/2025,TECHNICAL,high,35.7,4.0,resolved
TCK-001563,1246,19 Oct 2025,Feature Request ,HIGH,2.7,1.0, Resolved
TCK-001564,49,2025-10-22,security, Low ,3.0,1.0, Closed
TCK-001565,1096,2025-08-02, Security,high,13.3,3.0,Resolved
TCK-001566,1008,27/03/2025, Account ,HIGH,10.4,2.0, Open
TCK-001567,86,"Nov 30, 2025", Feature Request ,Medium ,7.9,4.0, Pending 
TCK-001568,217,2025-12-08,ACCOUNT, Critical,21.5,,OPEN
TCK-001569,655,02-01-2025,PERFORMANCE,Low ,12.5,2.0,open
TCK-001570,61,06-08-2025,Performance, Critical,12.0,,pending
TCK-001571,1473,09/11/2025,Feature Request,HIGH,15.1,5.0,Pending
TCK-001572,855,2025-11-10,Performance ,High,29.1,3.0,Resolved 
TCK-001573,39,03/06/2025,Account,High,8.4,1.0, Resolved
TCK-001574,885,09 Jan 2025,Billing ,CRITICAL,6.0,5.0,pending
TCK-001575,696,23-02-2025,Security ,Critical,7.3,,RESOLVED
TCK-001576,410,2025-04-06, Performance,HIGH,20.4,4.0,open
TCK-001577,356,15-06-2025,Performance , High,9.8,2.0, Pending 
TCK-001578,1018,16 Jul 2025, Technical, Low ,8.5,3.0,Closed 
TCK-001579,1121,09/12/2025,Feature Request,Medium,20.1,, Open
TCK-001580,1390,"Jan 28, 2025",Billing,high,7.7,3.0,PENDING
TCK-001581,73,2025-01-25, Billing ,Critical ,3.7,3.0,PENDING
TCK-001582,194,"Nov 28, 2025",Billing, High,29.8,4.0,PENDING
TCK-001583,722,03-05-2025,feature request,High ,12.7,,PENDING
TCK-001584,768,"Jul 30, 2025",Technical , Critical,25.6,4.0, Pending 
TCK-001585,1155,11/10/2025,SECURITY, Critical,17.7,1.0,pending
TCK-001586,1277,04/12/2025,PERFORMANCE,High ,49.2,, Closed 
TCK-001587,682,10 Jul 2025, Account , High,24.5,, Resolved 
TCK-001588,168,03/01/2025, Performance , High,14.7,3.0, Closed 
TCK-001589,845,"Apr 04, 2025",TECHNICAL,Critical ,19.2,4.0,Open 
TCK-001590,1317,20 Sep 2025, Billing, Critical,16.2,1.0,Open
TCK-001591,621,08 Nov 2025,Feature Request,Low,17.5,,Resolved 
TCK-001592,109,"Jun 24, 2025",SECURITY, Critical,12.9,3.0,Resolved
TCK-001593,817,23/09/2025,PERFORMANCE, Low,15.3,,pending
TCK-001594,232,23-02-2025, Technical ,Medium,6.3,, Pending 
TCK-001595,627,2025-05-15, Technical,medium,11.4,2.0,open
TCK-001596,178,22-06-2025, Performance , Medium,13.6,,Open 
TCK-001597,482,04/07/2025,technical, Critical,4.3,5.0, Resolved
TCK-001598,1255,15/08/2025, Feature Request ,Low ,19.3,,OPEN
TCK-001599,313,"May 12, 2025",performance,low,1.4,,OPEN
TCK-001600,1009,2025-10-02, Technical , High,15.3,1.0,pending
TCK-001601,1390,08/08/2025, Feature Request ,Medium,5.0,1.0,Open 
TCK-001602,562,04/13/2025,Security ,High,18.9,3.0,Open 
TCK-001603,431,"Sep 15, 2025",Security ,medium,6.4,1.0,OPEN
TCK-001604,1023,17-03-2025, Feature Request , Critical,7.9,,pending
TCK-001605,238,2025-11-21,Feature Request ,low,3.7,1.0, Closed
TCK-001606,705,06/08/2025, Security,low,16.5,3.0, Resolved 
TCK-001607,1296,2025-03-19, Feature Request ,CRITICAL,7.4,1.0,Closed 
TCK-001608,339,05/03/2025, Account,high,8.8,3.0,Closed
TCK-001609,1378,01/07/2025, Billing ,Low,20.6,5.0, Closed
TCK-001610,643,29/06/2025,Performance, Medium ,9.9,1.0, Resolved
TCK-001611,398,"Apr 08, 2025",SECURITY, Medium ,15.3,1.0, Pending
TCK-001612,508,24 Nov 2025,Account , Low ,10.6,3.0,OPEN
TCK-001613,118,09/04/2025,security,High,21.3,3.0, Open 
TCK-001614,1267,2025-05-09,Account ,low,3.7,5.0,Open
TCK-001615,976,03/02/2025,SECURITY,Medium ,5.9,,Pending 
TCK-001616,905,11-02-2025,Feature Request ,critical,12.2,5.0,Closed
TCK-001617,668,2025-06-18,Performance,Critical,22.9,1.0, Open
TCK-001618,230,10/07/2025, Feature Request, Medium,23.1,4.0, Open 
TCK-001619,1281,2025-10-04,feature request, Low,8.0,,Open
TCK-001620,53,24 Jan 2025, Account , Critical ,27.7,5.0,Pending
TCK-001621,459,30 Oct 2025,BILLING,LOW,35.7,3.0, Resolved
TCK-001622,1061,"Mar 22, 2025",billing, Low,1.5,2.0,Open
TCK-001623,489,2025-07-09,BILLING,low,2.5,,resolved
TCK-001624,919,"May 15, 2025",TECHNICAL, Medium ,29.5,3.0, Pending 
TCK-001625,141,2025-11-15, Security ,LOW,11.8,1.0, Open 
TCK-001626,245,29-10-2025, Account,Medium ,18.1,2.0, Pending 
TCK-001627,490,30-09-2025, Technical , Medium ,42.2,5.0,Open 
TCK-001628,432,"Dec 05, 2025",security,MEDIUM,13.8,4.0,pending
TCK-001629,1475,2025-04-25, Performance, High,28.7,,Open
TCK-001630,879,02/01/2025, Feature Request,Medium,8.7,1.0,Open 
TCK-001631,1084,02-09-2025,BILLING,Critical ,11.0,5.0,CLOSED
TCK-001632,714,09-05-2025, Security ,high,8.8,3.0, Closed
TCK-001633,34,"Jun 10, 2025",Performance , Low,15.1,3.0,Pending
TCK-001634,892,22-01-2025,Feature Request,High,8.8,3.0,Pending 
TCK-001635,963,2025-09-29, Technical,high,63.2,5.0,RESOLVED
TCK-001636,1237,2025-12-07,Account ,MEDIUM,30.2,1.0, Pending
TCK-001637,1251,"Sep 14, 2025", Security,High ,15.7,2.0, Resolved 
TCK-001638,919,08/03/2025,security,Low,5.1,2.0, Open 
TCK-001639,953,06/09/2025,Performance ,low,35.1,4.0,Open
TCK-001640,751,24/01/2025,feature request,critical,6.1,5.0,CLOSED
TCK-001641,672,"Jun 07, 2025",Account ,High ,7.7,4.0, Open 
TCK-001642,369,18 Dec 2025,Security,Medium,4.7,5.0,CLOSED
TCK-001643,504,12/08/2025,technical, Medium,1.3,1.0,Pending 
TCK-001644,1499,05/13/2025,PERFORMANCE,Medium,20.1,3.0,OPEN
TCK-001645,82,25-08-2025,SECURITY, Low ,19.1,5.0, Closed
TCK-001646,1379,12/02/2025, Account,CRITICAL,7.0,1.0,Open
TCK-001647,26,12-05-2025, Billing,Medium ,16.5,4.0, Closed
TCK-001648,878,"Jun 11, 2025",Billing,High,21.5,2.0,Pending
TCK-001649,574,08/09/2025,security,Low ,41.9,2.0, Closed 
TCK-001650,349,"May 08, 2025",ACCOUNT, Critical ,23.5,5.0,Resolved 
TCK-001651,1427,18-04-2025,Security ,Medium ,7.7,1.0,Closed
TCK-001652,76,11/04/2025, Security ,low,8.9,,Pending 
TCK-001653,763,28-04-2025,Billing ,Critical,20.9,4.0,CLOSED
TCK-001654,1423,17 Aug 2025,Feature Request , High,32.4,1.0, Resolved 
TCK-001655,161,04-08-2025,Security, Critical ,8.1,1.0, Open 
TCK-001656,684,2025-07-21, Performance , Critical ,4.0,,resolved
TCK-001657,15,2025-11-24,feature request,HIGH,17.7,1.0,Open
TCK-001658,1229,08/06/2025, Security ,Critical ,14.2,2.0,resolved
TCK-001659,989,10/13/2025, Billing,Medium,24.7,1.0,Open
TCK-001660,697,19-06-2025,Performance, Low ,18.0,, Open
TCK-001661,300,2025-03-22, Security,high,31.4,2.0,RESOLVED
TCK-001662,322,10/19/2025,feature request,critical,2.9,, Open 
TCK-001663,853,05 Jul 2025,Performance,High,24.8,2.0, Pending
TCK-001664,989,22-01-2025,Performance, High ,6.5,3.0, Open
TCK-001665,1494,31-12-2025,feature request,critical,15.9,5.0,closed
TCK-001666,39,"Nov 21, 2025", Performance , Critical,19.1,1.0, Resolved
TCK-001667,1099,2025-05-29,PERFORMANCE,Critical ,4.3,5.0,Resolved 
TCK-001668,918,01/05/2025, Performance ,critical,7.3,5.0,Open
TCK-001669,1080,12/11/2025,PERFORMANCE,Low,4.0,4.0,Pending
TCK-001670,912,2025-12-15,FEATURE REQUEST,CRITICAL,24.0,3.0,OPEN
TCK-001671,180,"Feb 12, 2025",TECHNICAL,CRITICAL,7.4,1.0,open
TCK-001672,867,30/12/2025,Billing , Medium ,12.1,, Resolved
TCK-001673,867,09 Aug 2025,Account , Low,3.3,4.0, Pending 
TCK-001674,538,"Jun 11, 2025",ACCOUNT,Medium ,7.8,3.0,Open 
TCK-001675,960,06/25/2025,Technical ,High,3.0,5.0,OPEN
TCK-001676,61,02/11/2025, Performance,High ,3.6,1.0,resolved
TCK-001677,763,2025-08-31,ACCOUNT,low,9.2,5.0,OPEN
TCK-001678,628,"Nov 05, 2025", Performance, Low ,61.0,3.0,pending
TCK-001679,452,27/08/2025,technical,Critical ,14.4,5.0,pending
TCK-001680,62,2025-10-24, Security ,medium,23.9,, Closed 
TCK-001681,1349,2025-06-12, Performance ,Medium ,25.2,, Pending
TCK-001682,818,09/07/2025, Technical ,High ,21.0,5.0,PENDING
TCK-001683,365,25/12/2025,Billing , Low ,22.3,,OPEN
TCK-001684,1473,25/09/2025, Technical,Low,8.4,1.0,OPEN
TCK-001685,606,"Apr 26, 2025",FEATURE REQUEST,Medium ,3.0,3.0, Pending
TCK-001686,629,"Sep 16, 2025",Account,MEDIUM,5.6,,closed
TCK-001687,1,"Feb 12, 2025",TECHNICAL,High,8.1,,resolved
TCK-001688,563,30-03-2025,Billing, Critical ,11.1,,Closed 
TCK-001689,1232,06/03/2025, Technical ,High,11.9,5.0,pending
TCK-001690,617,2025-10-30,account,critical,8.1,,Resolved 
TCK-001691,625,29-09-2025,Performance , High,11.4,2.0,RESOLVED
TCK-001692,919,"Jun 20, 2025",Account,Critical,3.8,2.0,PENDING
TCK-001693,1167,25-07-2025,technical, High ,16.3,3.0,Closed 
TCK-001694,776,2025-09-02, Account,high,9.3,, Open
TCK-001695,1124,03 Apr 2025, Performance , Medium ,18.9,, Open
TCK-001696,422,24 Jan 2025,Feature Request,high,19.0,5.0,open
TCK-001697,1081,05 Nov 2025,Technical, Critical ,9.0,4.0, Pending
TCK-001698,322,19-09-2025,feature request,Medium ,5.8,,resolved
TCK-001699,1118,27-09-2025,Billing , Medium,34.4,,Pending
TCK-001700,601,09/28/2025, Feature Request,medium,10.3,3.0,Closed 
TCK-001701,401,2025-01-17, Feature Request, High ,7.3,2.0, Resolved 
TCK-001702,146,17-10-2025,Technical , Medium,21.2,4.0,OPEN
TCK-001703,39,"Apr 10, 2025",Feature Request ,Low ,21.5,4.0,Pending
TCK-001704,641,10/15/2025,BILLING, Low,17.4,3.0, Pending
TCK-001705,728,04/11/2025,security, Medium ,20.9,5.0, Open 
TCK-001706,394,10-10-2025,Security,Critical,9.6,1.0,Closed 
TCK-001707,574,04/12/2025,feature request,Medium,26.1,3.0,Resolved
TCK-001708,449,05-03-2025, Account,MEDIUM,24.2,2.0, Closed
TCK-001709,49,28/09/2025, Billing , High,20.0,4.0,Pending 
TCK-001710,1133,23-06-2025,Performance ,High,24.0,, Pending 
TCK-001711,367,22-04-2025, Security, Medium,21.0,3.0,PENDING
TCK-001712,386,14 Oct 2025, Security,CRITICAL,16.7,, Closed 
TCK-001713,779,25-04-2025, Security,LOW,6.8,5.0, Closed 
TCK-001714,313,29-07-2025,Billing , Critical ,19.0,,Pending
TCK-001715,1048,23 Apr 2025,Performance , Critical ,12.0,5.0, Pending
TCK-001716,1284,13 Mar 2025,FEATURE REQUEST,Low ,36.0,1.0,Open 
TCK-001717,399,2025-10-28, Account , Low,11.9,3.0, Resolved 
TCK-001718,1465,30/07/2025,technical, High,22.7,5.0,RESOLVED
TCK-001719,1413,"May 07, 2025",Performance ,critical,3.7,2.0,pending
TCK-001720,304,13/05/2025, Billing , Low,22.8,5.0,Open 
TCK-001721,115,26/06/2025, Feature Request, Critical ,23.9,2.0,Open 
TCK-001722,98,02/02/2025,security,high,20.8,5.0,Pending
TCK-001723,213,13/11/2025, Performance , Low ,29.9,5.0, Closed
TCK-001724,1446,07 Jan 2025,Feature Request, Medium,23.4,3.0,PENDING
TCK-001725,27,11/11/2025, Technical, Low,28.5,3.0,resolved
TCK-001726,1140,2025-06-07, Technical,LOW,11.0,4.0,Closed 
TCK-001727,914,12 Jun 2025, Feature Request, Medium,16.7,3.0,Pending
TCK-001728,857,16-08-2025,PERFORMANCE,Critical ,15.3,2.0, Pending
TCK-001729,1334,21 Dec 2025,performance,HIGH,2.0,4.0, Open 
TCK-001730,260,"May 16, 2025", Billing ,High ,9.9,5.0,OPEN
TCK-001731,216,2025-08-21,feature request,CRITICAL,11.4,4.0, Pending 
TCK-001732,662,11/01/2025, Performance ,low,18.6,5.0, Pending 
TCK-001733,1338,2025-05-18,ACCOUNT,High ,13.7,5.0,Resolved 
TCK-001734,1074,19 Dec 2025,technical,critical,10.8,2.0,resolved
TCK-001735,137,03/06/2025, Technical , Medium,6.7,, Open 
TCK-001736,601,"Oct 22, 2025",Security, High,7.6,3.0,Resolved 
TCK-001737,1212,2025-02-07,Performance ,High ,5.3,5.0, Resolved 
TCK-001738,1127,2025-06-06,Security ,medium,9.9,,RESOLVED
TCK-001739,527,16 Nov 2025,feature request,medium,25.7,4.0,OPEN
TCK-001740,426,05/08/2025, Account , High,19.1,5.0, Closed
TCK-001741,208,2025-07-06,FEATURE REQUEST,CRITICAL,17.5,4.0,PENDING
TCK-001742,944,14-03-2025,Performance,Low ,36.2,2.0,Open 
TCK-001743,995,08/03/2025,Feature Request, Medium ,9.7,1.0, Pending 
TCK-001744,846,"Oct 18, 2025", Performance, Medium,18.5,5.0,Resolved 
TCK-001745,30,05/14/2025,Feature Request ,Critical ,37.5,2.0,CLOSED
TCK-001746,996,08/29/2025, Performance ,medium,19.5,1.0, Resolved
TCK-001747,241,2025-08-09,SECURITY,high,9.7,2.0,open
TCK-001748,1237,09-12-2025,Technical ,medium,6.6,,Closed 
TCK-001749,290,16 Mar 2025,Feature Request , Low ,11.1,2.0, Closed 
TCK-001750,939,2025-08-26,Technical,Low,19.5,,RESOLVED
TCK-001751,722,"May 18, 2025",PERFORMANCE,critical,14.7,1.0,PENDING
TCK-001752,876,15/01/2025, Feature Request ,Critical ,18.7,1.0,open
TCK-001753,158,2025-09-04, Feature Request, High,3.0,5.0, Pending
TCK-001754,339,29/12/2025, Billing ,Low,10.5,,Pending
TCK-001755,215,"Sep 11, 2025", Feature Request,medium,6.3,,pending
TCK-001756,98,14-01-2025, Account,LOW,17.0,,OPEN
TCK-001757,885,13-11-2025,TECHNICAL, Medium ,9.1,1.0,closed
TCK-001758,448,2025-04-12,feature request, High,25.7,2.0,Pending 
TCK-001759,1268,20/11/2025,technical,Medium,12.7,3.0, Resolved
TCK-001760,640,23 Jan 2025,SECURITY,High,14.7,5.0, Open
TCK-001761,25,"Oct 24, 2025",Performance ,Low ,29.3,2.0, Resolved 
TCK-001762,238,30-03-2025, Technical ,medium,3.3,2.0, Closed 
TCK-001763,1069,2025-03-31,billing, High ,16.1,1.0, Pending
TCK-001764,65,03/04/2025,Security,Low ,23.0,1.0,Closed 
TCK-001765,379,21 Feb 2025,Performance , Medium ,12.2,4.0, Closed 
TCK-001766,289,2025-05-07,ACCOUNT,CRITICAL,54.8,5.0, Resolved
TCK-001767,1322,09/06/2025, Performance,Medium ,21.4,5.0, Closed
TCK-001768,1219,14 Nov 2025,Technical,Medium ,7.1,4.0,Resolved
TCK-001769,433,"May 03, 2025", Security , Critical,30.9,1.0,Closed
TCK-001770,478,29/11/2025, Performance,Low,34.0,2.0,OPEN
TCK-001771,836,14/11/2025,ACCOUNT,CRITICAL,29.1,, Closed 
TCK-001772,898,06/12/2025,security,high,19.0,3.0, Closed 
TCK-001773,1225,"Jun 07, 2025",Billing, Medium ,33.2,3.0, Pending
TCK-001774,1240,25/09/2025,Performance, Medium ,16.0,2.0, Resolved 
TCK-001775,1303,"Dec 05, 2025", Feature Request,High ,9.2,5.0,OPEN
TCK-001776,40,20/01/2025,Technical ,Medium,1.6,5.0,RESOLVED
TCK-001777,175,24-06-2025, Account,critical,13.9,3.0,open
TCK-001778,695,"Sep 28, 2025", Technical , Critical ,19.5,5.0,pending
TCK-001779,885,06/09/2025,Account, Low ,4.9,3.0, Pending 
TCK-001780,1222,2025-12-15,security,Low ,6.2,5.0,pending
TCK-001781,959,17 Oct 2025,BILLING,High ,11.1,,CLOSED
TCK-001782,1226,"Dec 14, 2025",SECURITY,medium,21.7,5.0,Closed 
TCK-001783,1301,04/21/2025,security,Medium,18.6,1.0,resolved
TCK-001784,1058,03/15/2025, Account,Medium,9.1,3.0,Closed
TCK-001785,1068,10-07-2025, Billing ,Medium ,18.9,, Open 
TCK-001786,113,29/09/2025, Feature Request, Medium ,6.9,1.0, Closed 
TCK-001787,412,17/04/2025,Account ,high,14.9,4.0,Pending 
TCK-001788,1084,22 Mar 2025,Feature Request , High,53.8,4.0,CLOSED
TCK-001789,1013,13/11/2025,security,Critical ,47.7,4.0,open
TCK-001790,298,03 Jun 2025, Feature Request ,High ,9.4,2.0, Closed 
TCK-001791,1426,30-06-2025, Performance,critical,5.8,1.0,PENDING
TCK-001792,1468,15 Apr 2025, Billing , Medium ,18.9,5.0,OPEN
TCK-001793,51,27/07/2025,ACCOUNT,low,11.8,2.0,Resolved
TCK-001794,1342,06/06/2025, Feature Request , Low ,19.7,2.0,CLOSED
TCK-001795,1218,04/10/2025,FEATURE REQUEST,Low,11.1,4.0,Closed 
TCK-001796,178,2025-03-28,Account ,Low ,12.4,4.0,pending
TCK-001797,1068,"Jul 12, 2025",Technical,Critical,23.4,4.0,open
TCK-001798,695,07/17/2025, Account, Low,4.4,1.0,Resolved
TCK-001799,1222,2025-03-10,TECHNICAL,critical,23.9,1.0,closed
TCK-001800,139,"Sep 14, 2025",SECURITY,HIGH,6.0,2.0,RESOLVED
TCK-001801,338,28/04/2025, Feature Request,MEDIUM,2.3,1.0,Closed
TCK-001802,1198,07 Feb 2025,PERFORMANCE,Low,5.4,4.0, Resolved 
TCK-001803,313,"Mar 07, 2025",Feature Request,Medium ,27.0,2.0,RESOLVED
TCK-001804,1206,24/02/2025, Account,High,30.2,,Resolved 
TCK-001805,429,22 Jan 2025,Security, Critical,12.4,3.0,Resolved
TCK-001806,352,2025-09-22,Billing, High ,10.5,5.0,closed
TCK-001807,1343,04/12/2025,Performance , Critical ,25.7,4.0, Closed
TCK-001808,585,22 Jun 2025, Billing, Low ,11.7,4.0, Closed 
TCK-001809,1294,30-08-2025,BILLING,High,7.5,5.0, Resolved
TCK-001810,689,"Feb 28, 2025", Account,medium,20.8,2.0, Pending 
TCK-001811,1475,28/08/2025,PERFORMANCE, High ,10.8,2.0,pending
TCK-001812,1490,27-03-2025,Billing,Medium ,28.0,1.0,Open
TCK-001813,133,29-01-2025, Security , Critical ,-1.0,, Resolved
TCK-001814,906,05/20/2025,security, Medium,11.7,4.0,Pending
TCK-001815,1265,11-05-2025, Technical,HIGH,7.8,2.0, Pending
TCK-001816,1116,01 Jan 2025, Technical ,High ,17.0,3.0,closed
TCK-001817,101,17-01-2025,FEATURE REQUEST, Critical ,32.4,1.0,resolved
TCK-001818,1486,10/02/2025, Feature Request ,critical,6.0,5.0, Resolved
TCK-001819,162,12-12-2025,Account ,Medium ,10.9,2.0, Pending 
TCK-001820,695,17/12/2025,Account,critical,12.9,3.0,open
TCK-001821,460,20 Nov 2025,Feature Request,high,12.2,,Resolved
TCK-001822,532,04-02-2025,security,Low ,6.6,3.0,Closed
TCK-001823,1261,"May 28, 2025", Security,High ,3.6,5.0,Resolved 
TCK-001824,368,"Apr 03, 2025",Billing,Medium ,3.1,4.0, Pending 
TCK-001825,542,07 Mar 2025, Technical, Critical ,7.0,4.0, Closed 
TCK-001826,877,04/05/2025, Security,High,24.4,5.0,CLOSED
TCK-001827,1036,06/02/2025,Billing ,Medium,34.5,4.0, Resolved
TCK-001828,399,"Apr 07, 2025", Feature Request ,High ,25.7,2.0, Open
TCK-001829,1013,10/04/2025,Account , High ,21.6,2.0, Open
TCK-001830,1342,22/10/2025, Performance , Medium,14.5,,open
TCK-001831,881,04-01-2025,technical, High ,44.4,5.0, Resolved
TCK-001832,806,2025-05-12,BILLING, Medium,14.1,2.0,Closed
TCK-001833,90,10/07/2025, Billing, Medium,17.7,1.0,OPEN
TCK-001834,299,30-05-2025,feature request, High,21.0,5.0,Pending 
TCK-001835,205,"Sep 13, 2025",security,High ,25.7,3.0, Pending
TCK-001836,1011,25 Nov 2025, Feature Request ,critical,2.4,1.0,Closed 
TCK-001837,323,19-09-2025,Technical ,High,2.4,2.0,resolved
TCK-001838,1218,29-06-2025, Technical,MEDIUM,1.0,5.0,closed
TCK-001839,195,21 Dec 2025,Technical ,HIGH,7.6,4.0,Pending 
TCK-001840,1461,06/04/2025, Technical,Low ,24.1,1.0,CLOSED
TCK-001841,7,07/03/2025, Performance, High,29.3,, Resolved 
TCK-001842,770,03-06-2025,ACCOUNT,CRITICAL,18.3,2.0,resolved
TCK-001843,890,2025-08-01,Security,Critical ,9.5,2.0,Closed 
TCK-001844,1359,09/08/2025, Performance ,MEDIUM,17.0,2.0, Pending 
TCK-001845,1458,08 Mar 2025, Technical, High,35.2,,OPEN
TCK-001846,1248,12/01/2025,Performance,Medium ,3.7,,Open 
TCK-001847,563,18 Feb 2025, Account ,Critical ,7.8,4.0,open
TCK-001848,1262,12 Nov 2025, Security , High,17.3,4.0,Closed 
TCK-001849,40,12/31/2025, Account ,HIGH,21.3,2.0,Closed 
TCK-001850,683,08-04-2025, Account ,medium,19.6,2.0,open
TCK-001851,1284,23 Dec 2025,Performance,MEDIUM,11.1,2.0,Open 
TCK-001852,1392,12/06/2025,Account, Low ,34.4,4.0,Open 
TCK-001853,698,27-07-2025,account, High,8.0,1.0,RESOLVED
TCK-001854,342,"Nov 16, 2025", Billing ,Critical ,9.3,5.0, Resolved
TCK-001855,161,21-05-2025,SECURITY,HIGH,16.6,1.0, Open 
TCK-001856,1144,24 May 2025, Account ,medium,11.8,, Open
TCK-001857,415,23-09-2025,TECHNICAL,medium,12.7,,RESOLVED
TCK-001858,628,02-04-2025,Security ,medium,22.2,3.0,PENDING
TCK-001859,1476,14/03/2025,Performance , High,0.7,, Resolved
TCK-001860,465,16-06-2025,Performance ,low,2.0,,resolved
TCK-001861,463,09/03/2025,Feature Request,Low,13.3,5.0,OPEN
TCK-001862,836,24 Oct 2025, Security ,HIGH,24.6,5.0,Pending 
TCK-001863,652,04 Feb 2025,ACCOUNT,critical,1.1,2.0,closed
TCK-001864,257,16-03-2025,Security, High,8.5,5.0,Closed
TCK-001865,1272,16 Jun 2025, Security , High,10.6,4.0,Resolved 
TCK-001866,1285,25-09-2025,Account, High ,12.3,5.0,Pending
TCK-001867,587,"May 31, 2025",technical, High ,6.6,3.0,Closed 
TCK-001868,1429,2025-01-25,Performance,Low,10.3,4.0, Resolved 
TCK-001869,422,02 Aug 2025,FEATURE REQUEST, Low,5.7,4.0, Closed
TCK-001870,207,2025-11-02,security, Critical,7.3,,Pending
TCK-001871,1399,03-12-2025,TECHNICAL,critical,13.2,3.0,Closed
TCK-001872,198,14 Apr 2025,Account ,High ,9.8,2.0, Resolved 
TCK-001873,1256,2025-04-15,Account,Low ,8.8,,OPEN
TCK-001874,385,2025-05-31, Feature Request ,HIGH,3.9,,PENDING
TCK-001875,91,"Apr 24, 2025", Technical,Critical,9.3,1.0,closed
TCK-001876,270,"Jan 16, 2025",Performance ,Critical,4.6,4.0, Resolved
TCK-001877,639,08/18/2025,FEATURE REQUEST,Critical ,8.8,2.0,resolved
TCK-001878,1066,08-10-2025, Security,Low ,22.8,2.0,CLOSED
TCK-001879,541,14/02/2025, Feature Request ,MEDIUM,-5.0,,Closed
TCK-001880,238,04/07/2025, Account ,low,15.2,2.0,OPEN
TCK-001881,1265,24 Aug 2025, Performance ,High ,14.1,3.0, Closed
TCK-001882,1062,18/08/2025,Security ,Low ,25.2,1.0,Open
TCK-001883,1311,08/25/2025,Account, Low,20.0,4.0,closed
TCK-001884,932,10/01/2025,Account,critical,20.0,3.0,closed
TCK-001885,295,2025-12-11,Billing ,critical,24.3,1.0,OPEN
TCK-001886,131,11 Aug 2025, Technical,Critical ,8.8,1.0, Closed
TCK-001887,723,09-12-2025,Technical,HIGH,10.9,,resolved
TCK-001888,1418,29/08/2025,Performance , High ,17.9,4.0,open
TCK-001889,1424,2025-07-22,TECHNICAL,critical,29.3,4.0,Closed 
TCK-001890,596,01 Sep 2025,Billing , Medium ,8.6,1.0,Closed 
TCK-001891,991,04 Aug 2025, Billing ,Critical ,22.0,4.0, Pending 
TCK-001892,484,19 May 2025,PERFORMANCE, Medium,29.8,1.0,Pending
TCK-001893,482,03-08-2025, Feature Request ,low,7.4,4.0,closed
TCK-001894,831,14-04-2025,ACCOUNT,Low ,4.4,3.0, Resolved 
TCK-001895,1217,10/20/2025,Account , Low,17.5,3.0,Resolved
TCK-001896,317,12-11-2025,Account, Low,40.1,1.0, Closed 
TCK-001897,283,31 Dec 2025, Account,critical,5.7,,Pending 
TCK-001898,1114,2025-11-18,Performance, Medium ,11.8,2.0,Pending
TCK-001899,952,2025-12-31,security, Critical,15.5,3.0, Resolved 
TCK-001900,1078,02/09/2025, Feature Request ,low,30.6,2.0, Resolved
TCK-001901,289,"Jan 21, 2025",Security ,CRITICAL,9.9,,PENDING
TCK-001902,992,07/17/2025,ACCOUNT,low,17.6,3.0,Pending 
TCK-001903,348,2025-09-18,Performance ,High,36.6,4.0,closed
TCK-001904,178,22 Sep 2025,TECHNICAL, Critical,2.2,3.0,CLOSED
TCK-001905,1161,"Mar 02, 2025",TECHNICAL,High ,3.3,5.0, Pending
TCK-001906,714,10/08/2025, Performance,High,18.4,3.0,CLOSED
TCK-001907,444,23 May 2025,FEATURE REQUEST, Critical ,14.1,,pending
TCK-001908,1380,15 Oct 2025,Billing , Medium ,29.1,5.0,pending
TCK-001909,1326,"Jun 21, 2025",SECURITY,critical,15.2,5.0,Open 
TCK-001910,495,06/08/2025, Security,MEDIUM,5.0,5.0, Resolved 
TCK-001911,121,04/17/2025,feature request, Critical ,14.3,1.0, Closed 
TCK-001912,287,01/03/2025, Performance,medium,30.3,1.0,closed
TCK-001913,552,2025-09-01, Billing ,Critical,16.6,1.0,RESOLVED
TCK-001914,86,02/01/2025, Feature Request , Medium ,1.8,4.0,Open 
TCK-001915,1271,12/05/2025, Account ,low,3.9,5.0, Closed 
TCK-001916,1007,05/07/2025,ACCOUNT,medium,7.3,2.0,RESOLVED
TCK-001917,515,25-06-2025,security,Critical ,19.5,1.0, Pending 
TCK-001918,255,"Jan 08, 2025",Performance ,CRITICAL,22.5,3.0,Open
TCK-001919,471,2025-06-22,Feature Request , Critical ,8.6,, Closed 
TCK-001920,495,08/09/2025,PERFORMANCE,High,8.6,3.0,Open
TCK-001921,523,08/12/2025,Security , Critical ,8.0,3.0,CLOSED
TCK-001922,1404,"Aug 05, 2025",FEATURE REQUEST,medium,43.8,1.0, Resolved
TCK-001923,1299,2025-11-07,Performance,Low,14.0,4.0,Pending
TCK-001924,404,08/02/2025, Performance,Low,20.3,4.0, Open
TCK-001925,383,2025-02-10, Security ,high,26.2,1.0, Open 
TCK-001926,191,26-12-2025,Performance, High,15.0,5.0, Closed
TCK-001927,826,28 Jun 2025,Performance ,High,4.9,5.0, Pending
TCK-001928,822,06/09/2025,technical,Critical ,60.6,2.0,Closed 
TCK-001929,726,06 Apr 2025,technical,medium,2.8,1.0, Pending 
TCK-001930,761,08/02/2025,account,critical,16.1,2.0, Closed
TCK-001931,148,26/05/2025,Performance, Medium,6.1,2.0,resolved
TCK-001932,1278,"Dec 28, 2025",Security,medium,41.7,,Closed 
TCK-001933,780,25-11-2025,TECHNICAL,CRITICAL,12.8,, Resolved 
TCK-001934,1002,02-01-2025, Billing , Low,8.8,,RESOLVED
TCK-001935,771,09 Aug 2025,technical, High,6.6,1.0, Resolved 
TCK-001936,242,12/23/2025, Account,MEDIUM,24.2,4.0,OPEN
TCK-001937,1369,22 Mar 2025,Performance ,critical,15.8,4.0,Pending 
TCK-001938,984,02/01/2025,feature request,High ,17.6,5.0,Open 
TCK-001939,1377,10/25/2025, Security,Low,15.9,,closed
TCK-001940,1246,22 Nov 2025,Technical ,Medium,7.7,3.0,PENDING
TCK-001941,1258,08/02/2025,SECURITY,high,31.4,4.0,Pending
TCK-001942,8,"Feb 28, 2025", Performance ,High,17.2,2.0,Pending 
TCK-001943,405,2025-11-06, Technical ,low,45.8,2.0,Closed 
TCK-001944,915,09-01-2025, Technical, Low,4.3,5.0, Closed
TCK-001945,969,04 Aug 2025,PERFORMANCE,Low,11.1,5.0, Resolved 
TCK-001946,718,12-04-2025,Security,Low ,5.9,4.0,CLOSED
TCK-001947,727,2025-04-08,PERFORMANCE,Critical,32.1,3.0,Open
TCK-001948,748,03/30/2025,BILLING,CRITICAL,6.7,1.0,pending
TCK-001949,614,"Jul 25, 2025",SECURITY,high,9.1,4.0,Resolved 
TCK-001950,361,31-08-2025,feature request,LOW,9.4,4.0,PENDING
TCK-001951,28,08-01-2025, Feature Request ,Low,27.0,1.0,CLOSED
TCK-001952,1468,06 Jun 2025,feature request, Low,29.2,2.0,Resolved
TCK-001953,1007,2025-01-24,feature request, Medium,14.7,3.0,pending
TCK-001954,1368,19 May 2025,Feature Request ,medium,10.4,4.0, Resolved 
TCK-001955,141,30 Mar 2025,PERFORMANCE,high,25.7,5.0,open
TCK-001956,648,"Aug 20, 2025",Security ,Medium,1.5,2.0,Pending
TCK-001957,490,"Aug 09, 2025",Security , Critical ,16.6,2.0,pending
TCK-001958,676,26/11/2025,Security,medium,16.6,5.0, Pending
TCK-001959,1044,16 Sep 2025,Security, High,15.5,,PENDING
TCK-001960,289,"Feb 01, 2025", Billing,CRITICAL,6.0,3.0,Pending
TCK-001961,469,11/10/2025, Feature Request , Critical ,23.6,2.0,Closed 
TCK-001962,334,04/06/2025,BILLING, Low,11.8,3.0,Pending
TCK-001963,598,17-06-2025,Billing ,HIGH,17.3,1.0, Closed 
TCK-001964,1126,12/12/2025,Security , Medium,16.6,2.0,Resolved
TCK-001965,376,19/04/2025, Technical, Low ,10.8,,open
TCK-001966,988,12 Dec 2025,feature request,Critical ,12.9,5.0, Closed 
TCK-001967,1063,22 Nov 2025,ACCOUNT, High,8.1,5.0,pending
TCK-001968,615,2025-06-27,technical,Low ,0.9,2.0,Open 
TCK-001969,108,23-08-2025,PERFORMANCE,critical,33.2,,resolved
TCK-001970,1084,25 Jul 2025,Feature Request , Critical ,19.2,2.0,Open 
TCK-001971,1464,28/01/2025,PERFORMANCE, Medium,25.1,4.0,Closed
TCK-001972,867,17 Mar 2025,Account, Low,46.0,4.0, Pending 
TCK-001973,299,"Feb 19, 2025", Feature Request, Low,11.6,1.0, Pending
TCK-001974,235,03/26/2025,Feature Request , High ,5.3,5.0, Closed 
TCK-001975,1092,24-12-2025,Account , High,7.6,2.0,PENDING
TCK-001976,136,"Apr 14, 2025", Feature Request ,Medium,14.8,4.0,closed
TCK-001977,969,08 Apr 2025,Security, Medium ,4.2,4.0,resolved
TCK-001978,531,24 Mar 2025,FEATURE REQUEST, Critical,11.6,3.0,Closed 
TCK-001979,1283,11/27/2025, Security ,MEDIUM,11.9,1.0,Resolved
TCK-001980,1367,19 Dec 2025, Feature Request ,HIGH,7.9,,Closed
TCK-001981,100,"Sep 04, 2025", Feature Request , Medium,38.6,,Resolved 
TCK-001982,770,08-06-2025,Technical ,high,1.4,1.0,RESOLVED
TCK-001983,140,2025-05-21, Account,Critical,12.1,3.0, Resolved
TCK-001984,90,2025-10-02,security, Critical,60.1,1.0,Pending 
TCK-001985,1356,2025-08-25, Billing ,high,7.8,,pending
TCK-001986,1303,2025-02-10, Billing,LOW,3.5,3.0,Resolved
TCK-001987,748,14 Sep 2025,Security,CRITICAL,21.0,3.0,PENDING
TCK-001988,617,"May 18, 2025", Billing , Medium ,11.4,3.0,Resolved 
TCK-001989,386,05 Oct 2025,Security, Critical ,30.9,1.0, Resolved
TCK-001990,1314,2025-05-03,Technical,Low ,18.0,5.0,Pending 
TCK-001991,1064,07/27/2025,Performance ,Critical,21.6,1.0,Open
TCK-001992,334,"Dec 03, 2025",SECURITY,Low,26.5,2.0, Pending 
TCK-001993,1280,23-12-2025, Security, Critical ,14.2,1.0,Open 
TCK-001994,1194,12/18/2025,BILLING,High ,12.3,4.0,PENDING
TCK-001995,72,06/11/2025,Security , High ,15.4,5.0, Pending 
TCK-001996,629,03/04/2025,SECURITY,Medium,7.9,1.0,Open 
TCK-001997,121,23 Oct 2025,TECHNICAL,HIGH,9.9,,Pending 
TCK-001998,949,24-02-2025,Account,High,84.8,1.0, Pending 
TCK-001999,351,11/21/2025,technical,CRITICAL,19.4,2.0, Open 
TCK-002000,186,12 Jul 2025,security,Low,18.3,,CLOSED
TCK-002001,1442,2025-07-02, Feature Request, High ,5.5,2.0,Pending 
TCK-002002,1365,"Nov 25, 2025",BILLING,High,59.9,, Pending 
TCK-002003,786,"Mar 13, 2025", Account,high,12.5,4.0, Resolved
TCK-002004,791,27-10-2025,Account,Low ,4.7,3.0,RESOLVED
TCK-002005,736,11-07-2025,BILLING, High ,3.3,4.0, Pending 
TCK-002006,761,03-02-2025, Security,Medium,16.0,3.0,open
TCK-002007,444,31 Oct 2025,Technical ,High ,5.2,1.0, Pending 
TCK-002008,1347,23-07-2025,ACCOUNT,Medium ,28.0,3.0,Open
TCK-002009,340,31-08-2025, Security , Low,12.5,5.0, Open 
TCK-002010,907,07 Sep 2025,TECHNICAL,Critical,33.2,4.0,resolved
TCK-002011,1409,2025-05-27,technical,low,4.6,5.0,resolved
TCK-002012,44,03-03-2025,Security,critical,19.1,1.0,closed
TCK-002013,1300,31-01-2025,billing,CRITICAL,12.6,4.0, Pending
TCK-002014,1319,"Sep 12, 2025",technical,Critical ,13.4,3.0, Pending 
TCK-002015,933,23/12/2025,performance,Low,24.0,1.0, Resolved 
TCK-002016,1324,24/09/2025, Billing ,Low,26.9,2.0,Resolved
TCK-002017,65,06/14/2025,Feature Request, Critical ,29.1,3.0,Closed 
TCK-002018,187,11 Nov 2025, Performance ,Medium,37.3,1.0,Resolved
TCK-002019,1398,15-04-2025,Technical, High,4.7,2.0,Pending
TCK-002020,1066,04-03-2025,security,High,7.1,3.0,Pending
TCK-002021,968,2025-11-27,Feature Request,HIGH,4.8,4.0,OPEN
TCK-002022,465,16/11/2025, Technical ,critical,25.2,5.0,Resolved
TCK-002023,346,05-09-2025,BILLING,Critical ,14.6,, Closed 
TCK-002024,695,2025-08-11,performance, High ,19.2,2.0, Closed
TCK-002025,859,"Oct 27, 2025",SECURITY,LOW,2.5,, Closed 
TCK-002026,1308,26/01/2025, Billing ,Critical,9.9,1.0,Open 
TCK-002027,374,02 Nov 2025,Account, Medium ,16.3,5.0, Closed
TCK-002028,765,10-02-2025,Technical,Medium,28.5,1.0,Open 
TCK-002029,554,06/16/2025,Security,high,15.0,, Closed 
TCK-002030,170,12/11/2025,Technical,low,7.9,,Resolved
TCK-002031,1317,04/22/2025,account, High,3.6,,CLOSED
TCK-002032,475,2025-10-07, Account ,high,9.0,5.0, Resolved
TCK-002033,557,2025-10-24,Billing, High,7.0,,Closed
TCK-002034,590,03-05-2025,FEATURE REQUEST,LOW,10.8,4.0, Pending 
TCK-002035,458,2025-09-17,Performance ,Critical,16.5,5.0, Pending 
TCK-002036,595,06/17/2025,Account,CRITICAL,5.3,5.0,Open
TCK-002037,496,10/31/2025,Technical ,High ,1.2,,PENDING
TCK-002038,1434,2025-05-28,Technical,Critical ,26.6,5.0, Resolved 
TCK-002039,1041,14-04-2025, Security,Medium ,17.8,1.0,CLOSED
TCK-002040,417,13/11/2025, Billing ,MEDIUM,38.1,2.0, Resolved
TCK-002041,1027,07/07/2025,Account, Medium,30.8,1.0,Closed 
TCK-002042,125,10-04-2025, Performance ,Medium,24.0,, Open
TCK-002043,1052,2025-12-18,Account, High,37.3,1.0,resolved
TCK-002044,1211,28-08-2025,feature request, High ,10.9,, Pending 
TCK-002045,559,04/20/2025, Security,Medium,6.5,4.0, Resolved
TCK-002046,447,"Jun 12, 2025",billing, Medium ,48.4,, Closed
TCK-002047,1451,12/23/2025, Security,High ,5.1,2.0, Open 
TCK-002048,427,28/11/2025,PERFORMANCE, Critical,11.5,5.0,Closed 
TCK-002049,988,01 Aug 2025, Security,High,14.8,2.0,Open 
TCK-002050,368,18/11/2025,Account ,Medium ,5.1,1.0,Resolved 
TCK-002051,736,"Jan 18, 2025",BILLING,critical,12.2,2.0, Open 
TCK-002052,622,13-02-2025,Security ,CRITICAL,2.5,3.0,Pending 
TCK-002053,717,02/20/2025,Account,Medium ,6.0,4.0,Closed 
TCK-002054,1311,31 Mar 2025,Feature Request , Critical ,30.1,5.0,Open
TCK-002055,1481,18/01/2025,Technical,Critical,16.5,5.0,open
TCK-002056,223,30-04-2025,Feature Request, Medium,10.8,,Resolved
TCK-002057,927,05-02-2025,technical,Low,38.3,4.0,CLOSED
TCK-002058,245,09/16/2025, Performance, High ,20.8,2.0,pending
TCK-002059,800,2025-12-12,billing,critical,9.1,5.0, Closed 
TCK-002060,1131,26-06-2025, Security ,Medium ,9.0,2.0,open
TCK-002061,619,04/20/2025,Security,LOW,15.1,2.0, Resolved 
TCK-002062,1051,18-06-2025,TECHNICAL,Medium,31.7,3.0, Closed 
TCK-002063,1075,21-09-2025,SECURITY,low,5.4,2.0, Open
TCK-002064,1445,04/28/2025,Billing ,CRITICAL,11.7,4.0,open
TCK-002065,1324,19-04-2025,ACCOUNT,Medium ,64.7,1.0,Resolved
TCK-002066,830,10/31/2025,Feature Request,HIGH,14.0,3.0,RESOLVED
TCK-002067,828,01-12-2025,FEATURE REQUEST,critical,15.7,,open
TCK-002068,1141,03/26/2025,Security , Low,19.9,1.0,pending
TCK-002069,167,28 Apr 2025,Technical,MEDIUM,22.0,,Closed
TCK-002070,667,10-10-2025, Billing ,High ,5.8,,Pending
TCK-002071,252,"Jul 26, 2025",Billing , Low,21.3,3.0,PENDING
TCK-002072,608,30-06-2025,Billing ,High ,11.1,,resolved
TCK-002073,198,10-08-2025,BILLING,Critical,0.8,,PENDING
TCK-002074,1146,"Sep 12, 2025",TECHNICAL,Medium ,7.6,4.0,Pending
TCK-002075,546,17/05/2025,Security ,High,18.9,2.0, Closed 
TCK-002076,925,30/01/2025, Feature Request,Low,22.0,4.0, Open
TCK-002077,873,22 Feb 2025,performance,Critical ,14.3,2.0,open
TCK-002078,871,"Jan 19, 2025", Security,low,6.2,5.0,pending
TCK-002079,823,"Apr 23, 2025", Security ,MEDIUM,15.8,2.0, Open 
TCK-002080,1178,2025-03-03,billing,Critical,22.1,5.0, Pending 
TCK-002081,882,11-10-2025,BILLING,Critical,7.7,4.0, Resolved 
TCK-002082,110,"Jun 13, 2025", Security ,low,21.8,1.0, Open
TCK-002083,1130,01-07-2025,Feature Request,high,5.7,1.0,Resolved
TCK-002084,1152,19-08-2025,Security, Low,1.0,3.0,resolved
TCK-002085,1434,08/22/2025,Technical , Low ,12.3,,pending
TCK-002086,463,27-04-2025,billing,Critical ,16.2,1.0, Pending
TCK-002087,66,"Oct 30, 2025",performance, Medium ,9.0,3.0,OPEN
TCK-002088,547,05-10-2025,PERFORMANCE, Medium ,73.9,5.0, Open 
TCK-002089,391,"Aug 19, 2025",account,Critical,13.7,4.0, Open 
TCK-002090,162,20/06/2025,Performance ,High,18.7,5.0,Closed
TCK-002091,295,26 Mar 2025, Account ,MEDIUM,4.7,2.0,RESOLVED
TCK-002092,1426,18-10-2025,TECHNICAL,MEDIUM,36.3,2.0,RESOLVED
TCK-002093,1448,12/07/2025,FEATURE REQUEST,Low ,6.9,4.0,closed
TCK-002094,318,23-07-2025,FEATURE REQUEST, High,25.1,4.0,Pending
TCK-002095,357,2025-07-08,Account , Medium,18.7,4.0,Resolved
TCK-002096,285,08/12/2025,Technical, Critical ,5.5,1.0,resolved
TCK-002097,874,11/21/2025,FEATURE REQUEST,critical,12.6,1.0, Resolved
TCK-002098,1382,07 Feb 2025, Performance,Critical,20.2,,PENDING
TCK-002099,595,29/08/2025,FEATURE REQUEST,low,11.7,4.0, Open 
TCK-002100,595,05/24/2025, Account, Critical ,17.4,3.0, Resolved 
TCK-002101,1255,"Jul 22, 2025",security,MEDIUM,13.0,1.0,Open
TCK-002102,488,23 Nov 2025,SECURITY,HIGH,20.1,3.0,Resolved
TCK-002103,178,07/04/2025, Performance,critical,12.1,2.0,open
TCK-002104,270,01/30/2025,security,critical,11.4,4.0, Open
TCK-002105,1463,16/01/2025,Security, Medium,16.2,5.0,Open
TCK-002106,467,06/21/2025,ACCOUNT,High ,17.4,2.0,open
TCK-002107,587,01/11/2025, Performance, Medium ,3.1,2.0,Resolved
TCK-002108,72,"Jun 22, 2025", Technical ,Critical ,15.7,,Resolved
TCK-002109,66,20-03-2025,FEATURE REQUEST,Critical ,4.2,5.0,OPEN
TCK-002110,1065,"Nov 28, 2025", Security ,Critical ,26.8,5.0,Resolved 
TCK-002111,254,"Apr 05, 2025",BILLING,Medium,6.1,,closed
TCK-002112,991,07/20/2025,feature request, Low ,7.4,4.0,Closed
TCK-002113,1189,01/02/2025,Technical,LOW,16.8,1.0, Open
TCK-002114,1111,10/26/2025, Technical , Critical,10.9,5.0,Pending
TCK-002115,79,2025-09-06, Feature Request,high,30.0,1.0, Pending
TCK-002116,270,05/16/2025, Billing ,High ,4.2,2.0,Open
TCK-002117,534,30/07/2025,Performance,Medium ,8.5,2.0,pending
TCK-002118,1322,02/06/2025,account,Critical ,29.1,5.0,resolved
TCK-002119,1142,"Sep 16, 2025",Performance,High ,8.5,1.0,CLOSED
TCK-002120,1181,08/17/2025,PERFORMANCE,CRITICAL,12.5,2.0,Resolved
TCK-002121,1019,16-05-2025,feature request,High ,13.0,2.0,RESOLVED
TCK-002122,933,10-10-2025,Security,HIGH,19.5,1.0, Pending
TCK-002123,578,"Apr 04, 2025",PERFORMANCE,medium,46.8,3.0, Open 
TCK-002124,937,07 Mar 2025, Account,CRITICAL,10.4,3.0, Closed
TCK-002125,761,"Nov 10, 2025",account,CRITICAL,14.4,5.0,Pending
TCK-002126,1318,11/03/2025,Performance,High ,16.9,1.0, Open
TCK-002127,750,07/12/2025, Technical, High,8.4,3.0,Closed
TCK-002128,1189,2025-12-30, Technical ,medium,30.2,1.0,pending
TCK-002129,1018,26 Apr 2025,Security,Low ,5.0,5.0, Open 
TCK-002130,749,2025-05-29,billing,High ,18.7,5.0,Open
TCK-002131,381,2025-06-24,ACCOUNT,LOW,13.3,, Closed
TCK-002132,583,"Jul 23, 2025",feature request, High ,24.5,, Open 
TCK-002133,159,2025-01-25,Technical,LOW,5.0,5.0,Resolved 
TCK-002134,1372,19-05-2025,account,Critical,9.8,5.0,OPEN
TCK-002135,543,"Jan 17, 2025", Performance,critical,10.0,3.0, Closed 
TCK-002136,570,2025-09-05,PERFORMANCE, Medium ,7.4,2.0,Pending
TCK-002137,136,30/03/2025,TECHNICAL,Medium,6.4,5.0,Closed
TCK-002138,320,03/28/2025,account,Low ,2.1,5.0, Open
TCK-002139,326,04/10/2025, Feature Request, Low,53.1,, Open 
TCK-002140,697,16/12/2025,Technical , Critical,12.5,2.0,pending
TCK-002141,1359,30 Sep 2025,Billing,Critical ,16.2,5.0,resolved
TCK-002142,87,14 Jan 2025,Technical,CRITICAL,14.5,4.0, Resolved
TCK-002143,931,"Jan 21, 2025",TECHNICAL, Low,3.6,2.0,Open 
TCK-002144,26,2025-11-12, Account,Low,3.5,4.0,OPEN
TCK-002145,807,02-05-2025, Technical , High,11.8,5.0, Closed
TCK-002146,342,26 Aug 2025,feature request,low,8.6,,open
TCK-002147,534,"Apr 16, 2025", Feature Request ,Medium,16.4,3.0,Resolved 
TCK-002148,206,25-01-2025,Performance , Medium ,23.5,4.0,RESOLVED
TCK-002149,15,"Dec 05, 2025",TECHNICAL, Medium,3.1,1.0,Open
TCK-002150,261,29-07-2025,Feature Request, High,10.5,5.0,OPEN
TCK-002151,940,16 Feb 2025,Feature Request,high,29.7,2.0,Pending
TCK-002152,295,01/19/2025,ACCOUNT, High,15.1,2.0, Closed
TCK-002153,1322,12/04/2025, Technical,MEDIUM,12.7,2.0, Resolved 
TCK-002154,1266,09/21/2025,Security ,low,20.8,3.0,open
TCK-002155,324,"Dec 19, 2025",billing, Medium,10.3,2.0,closed
TCK-002156,90,2025-03-28, Billing , Medium,8.6,,Closed
TCK-002157,944,24-04-2025,TECHNICAL, High,11.6,4.0,resolved
TCK-002158,53,2025-09-03,security, Low,12.3,3.0,Closed
TCK-002159,376,02 Jun 2025,security,HIGH,11.1,,Closed
TCK-002160,893,01/22/2025, Performance,medium,4.2,5.0, Closed 
TCK-002161,187,"Jun 09, 2025",Feature Request ,Low ,61.8,4.0,Open
TCK-002162,240,10/07/2025, Account ,High,22.7,2.0,Pending 
TCK-002163,259,"Nov 13, 2025",TECHNICAL,critical,51.5,3.0,CLOSED
TCK-002164,710,01/06/2025,Account ,low,9.6,2.0,CLOSED
TCK-002165,390,10-12-2025, Account,High ,17.0,3.0,resolved
TCK-002166,719,2025-09-18, Billing ,medium,25.4,3.0,Open
TCK-002167,772,05/06/2025, Account, Critical ,14.7,2.0,Resolved
TCK-002168,806,11/20/2025, Feature Request , Medium ,7.8,4.0,Pending
TCK-002169,459,25/08/2025,Feature Request, Medium,2.6,2.0, Open
TCK-002170,66,04/03/2025,feature request,high,17.9,3.0, Resolved
TCK-002171,739,01/25/2025,performance, Low,9.1,1.0, Pending
TCK-002172,154,27/07/2025,security,Medium ,14.1,1.0,closed
TCK-002173,16,05/02/2025,performance,Low,20.9,,CLOSED
TCK-002174,386,"Apr 09, 2025",account,High,6.1,,pending
TCK-002175,726,"Aug 01, 2025", Account , Critical,31.6,1.0,OPEN
TCK-002176,967,20/08/2025, Billing, Medium ,33.1,,RESOLVED
TCK-002177,1070,2025-06-01,BILLING,medium,1.7,,RESOLVED
TCK-002178,651,18/07/2025,BILLING,critical,19.5,5.0,PENDING
TCK-002179,492,"Jan 30, 2025",Billing ,Low ,22.7,2.0,Pending
TCK-002180,229,06/09/2025,Technical , Medium ,36.5,5.0, Resolved
TCK-002181,349,2025-12-30, Billing,Low ,21.1,, Open
TCK-002182,1486,"Dec 15, 2025",performance,CRITICAL,39.3,4.0, Open
TCK-002183,1330,13-04-2025,performance,Critical ,18.4,,PENDING
TCK-002184,1289,13 Dec 2025,Feature Request ,Medium ,11.2,1.0,Open
TCK-002185,784,26 Aug 2025,Security ,Critical,7.2,4.0,closed
TCK-002186,465,12/31/2025,Performance, High,16.1,1.0, Pending
TCK-002187,1277,01-04-2025, Security, High,11.3,3.0, Open 
TCK-002188,993,01 Jul 2025,Feature Request ,MEDIUM,13.3,,OPEN
TCK-002189,737,"Oct 28, 2025",Account,High ,2.7,3.0,closed
TCK-002190,622,27/02/2025,Performance, Medium,35.5,5.0, Pending 
TCK-002191,65,2025-09-10,Feature Request ,Low ,77.1,4.0,CLOSED
TCK-002192,503,06/25/2025,Feature Request,high,10.1,3.0,CLOSED
TCK-002193,529,10-11-2025,Account, Critical ,9.5,3.0, Pending
TCK-002194,1375,2025-07-12,performance,Critical,55.2,1.0,PENDING
TCK-002195,855,2025-05-07, Account,high,20.7,5.0,Resolved 
TCK-002196,279,"Jul 09, 2025",account,low,5.0,5.0, Open 
TCK-002197,426,2025-05-17,Billing,High ,20.1,1.0,Resolved
TCK-002198,79,15-07-2025,Feature Request,critical,21.5,5.0,resolved
TCK-002199,1497,20-07-2025,Feature Request,HIGH,14.2,5.0, Pending
TCK-002200,949,06/12/2025,Technical , Medium,7.9,1.0, Open
TCK-002201,860,06/10/2025,security, Medium ,19.7,4.0,Pending 
TCK-002202,1418,"Oct 06, 2025",FEATURE REQUEST, Critical ,10.1,3.0, Resolved
TCK-002203,730,"Nov 06, 2025",Technical , Low,13.1,1.0,resolved
TCK-002204,593,21-10-2025,account,low,2.4,5.0,CLOSED
TCK-002205,172,2025-04-23,SECURITY,Medium ,9.9,3.0, Closed 
TCK-002206,1000,"Aug 14, 2025", Account ,Low,14.8,3.0,Pending 
TCK-002207,1381,2025-08-29, Billing ,Critical,17.5,4.0,CLOSED
TCK-002208,1122,17-06-2025,account,low,1.7,3.0, Closed 
TCK-002209,675,2025-08-25, Performance,low,6.7,5.0,Resolved
TCK-002210,1089,04/20/2025,FEATURE REQUEST,Low,17.9,4.0,closed
TCK-002211,209,10-10-2025,Feature Request,HIGH,27.9,3.0,closed
TCK-002212,487,08/20/2025,feature request, High,8.5,1.0, Pending 
TCK-002213,413,19-05-2025,account,medium,9.5,,Open
TCK-002214,1203,18/03/2025,ACCOUNT,HIGH,18.7,4.0, Open 
TCK-002215,732,2025-06-06,Feature Request , Low ,6.0,,Resolved 
TCK-002216,679,24/05/2025, Account,Medium,7.9,4.0,Open 
TCK-002217,1307,2025-05-18,Billing,LOW,8.9,3.0,resolved
TCK-002218,724,08/15/2025, Account ,Low ,13.9,4.0,Closed
TCK-002219,2,02/17/2025,ACCOUNT, Low ,3.7,5.0, Closed
TCK-002220,289,"May 25, 2025",Technical , Low,29.6,3.0,resolved
TCK-002221,1006,15-02-2025,Feature Request,High,25.4,3.0, Pending 
TCK-002222,970,09/13/2025,Feature Request ,Medium,23.4,2.0, Pending 
TCK-002223,771,"Feb 22, 2025",Feature Request ,Low ,20.5,4.0, Pending
TCK-002224,1077,11/30/2025,Security ,medium,9.2,3.0,CLOSED
TCK-002225,970,02-11-2025,PERFORMANCE,LOW,1.3,,Pending 
TCK-002226,1156,25 Apr 2025,billing, High,21.5,2.0,RESOLVED
TCK-002227,124,2025-10-28, Performance ,LOW,14.2,4.0,Resolved
TCK-002228,815,2025-11-22, Security,Medium ,8.0,,Closed
TCK-002229,77,23-08-2025,billing,HIGH,23.4,1.0, Closed 
TCK-002230,888,"Oct 01, 2025", Feature Request ,CRITICAL,17.7,5.0, Resolved
TCK-002231,751,"May 06, 2025",SECURITY,High,11.5,3.0,Open
TCK-002232,910,"Dec 05, 2025", Technical, Medium,3.7,5.0,resolved
TCK-002233,925,14/03/2025,account,CRITICAL,11.6,3.0,PENDING
TCK-002234,362,2025-01-17, Security ,MEDIUM,6.9,3.0, Closed
TCK-002235,111,12/03/2025,Account,MEDIUM,21.7,3.0,Resolved
TCK-002236,302,2025-05-31, Account ,Critical,21.5,1.0,CLOSED
TCK-002237,140,2025-12-28,Billing ,Low,54.4,1.0, Open
TCK-002238,1174,28-07-2025, Technical ,Medium ,16.9,1.0,Closed
TCK-002239,1105,"Sep 22, 2025", Account,medium,4.1,2.0, Resolved
TCK-002240,1082,05/19/2025, Security ,CRITICAL,6.9,4.0, Closed 
TCK-002241,269,2025-03-03,TECHNICAL, High,3.2,4.0,closed
TCK-002242,121,"Jan 08, 2025", Feature Request , Low,10.1,4.0,RESOLVED
TCK-002243,1328,2025-02-16, Performance ,High,11.9,3.0,Resolved 
TCK-002244,1035,27/11/2025,TECHNICAL,CRITICAL,16.5,3.0,Open
TCK-002245,894,30/04/2025,TECHNICAL,Low ,5.6,, Resolved
TCK-002246,873,2025-01-06,feature request, Medium ,7.5,3.0,Open 
TCK-002247,1138,"Nov 28, 2025",security, Critical,16.0,2.0,pending
TCK-002248,1012,23 Jul 2025,Security,Medium ,36.1,1.0,Closed 
TCK-002249,848,24-02-2025,technical,Medium,2.1,3.0,CLOSED
TCK-002250,852,12/12/2025,Account ,CRITICAL,17.5,2.0, Closed
TCK-002251,1111,2025-12-03, Performance, Medium,26.6,2.0,pending
TCK-002252,96,19-06-2025, Performance, Critical,40.6,,OPEN
TCK-002253,38,2025-11-14, Feature Request ,Low ,2.5,1.0, Resolved 
TCK-002254,413,06/20/2025,security,Critical,33.1,, Resolved
TCK-002255,274,10/02/2025,Account,critical,28.9,1.0,Closed 
TCK-002256,69,08/16/2025,Security ,Medium ,11.0,3.0,Open
TCK-002257,994,10/05/2025, Account , High,10.2,5.0,closed
TCK-002258,343,10-11-2025,Billing,Critical ,13.3,5.0,pending
TCK-002259,831,13 Jan 2025,Performance,Low,17.7,4.0, Open
TCK-002260,40,16/04/2025, Performance ,High ,7.7,4.0, Pending
TCK-002261,155,"Sep 23, 2025",TECHNICAL, High ,15.6,3.0, Resolved
TCK-002262,1039,10-12-2025, Security, Medium ,9.4,, Open
TCK-002263,1137,2025-11-28,Account,LOW,2.5,4.0,pending
TCK-002264,993,01/07/2025, Account , Medium,18.1,4.0, Resolved 
TCK-002265,58,07 Jan 2025,PERFORMANCE, Medium ,33.3,4.0,PENDING
TCK-002266,563,10/01/2025,ACCOUNT,High ,10.1,1.0,RESOLVED
TCK-002267,495,14/06/2025,Feature Request, Low ,28.7,2.0,Open 
TCK-002268,908,29/11/2025,Billing ,LOW,14.6,2.0, Resolved 
TCK-002269,25,22/09/2025,Account,critical,18.4,2.0,Resolved 
TCK-002270,80,"Sep 13, 2025",Security , Critical ,13.2,2.0,resolved
TCK-002271,1329,02/23/2025,Performance , Medium,8.8,4.0,Resolved
TCK-002272,634,14 Dec 2025, Security ,Critical ,16.4,4.0,Pending 
TCK-002273,422,2025-04-26,PERFORMANCE,Medium,5.9,3.0,CLOSED
TCK-002274,86,27 Sep 2025, Performance, Low ,9.5,4.0, Pending 
TCK-002275,437,14/11/2025,technical,HIGH,30.8,2.0, Closed
TCK-002276,77,07/04/2025,Technical,low,22.2,1.0,Open
TCK-002277,1344,03/03/2025,Billing, High,63.5,2.0,Resolved
TCK-002278,1474,"Jan 20, 2025",Feature Request ,medium,36.7,4.0,Pending
TCK-002279,1153,28-08-2025,Technical,medium,12.4,5.0, Open
TCK-002280,214,"May 24, 2025", Billing ,low,8.1,3.0,Closed
TCK-002281,1010,22 Jun 2025, Account ,Critical,10.4,5.0,Closed 
TCK-002282,998,20/12/2025, Security, High,1.4,4.0,Open 
TCK-002283,450,"Jan 13, 2025",Account ,CRITICAL,31.0,5.0,Pending
TCK-002284,492,2025-01-17, Account ,MEDIUM,30.4,5.0,Pending 
TCK-002285,520,03 Jun 2025, Performance,Low ,30.1,5.0,Pending
TCK-002286,848,19-02-2025,performance, Low,17.7,5.0,Closed 
TCK-002287,806,12-12-2025, Billing,Medium,35.9,1.0, Open
TCK-002288,148,2025-03-14,Account ,medium,12.3,4.0, Open
TCK-002289,1026,12/11/2025,TECHNICAL,MEDIUM,12.3,5.0,open
TCK-002290,1177,25 Aug 2025,Technical,High,68.0,1.0, Pending
TCK-002291,754,16-06-2025,Billing, Low,4.7,4.0, Resolved
TCK-002292,1483,"Dec 15, 2025",billing,medium,3.6,3.0, Open
TCK-002293,1457,15-01-2025, Billing , Critical,15.1,2.0,Pending
TCK-002294,997,2025-11-25,SECURITY,CRITICAL,11.3,3.0,closed
TCK-002295,448,"Jan 24, 2025", Technical ,medium,68.6,3.0, Resolved 
TCK-002296,753,"Aug 29, 2025",technical, High ,5.1,1.0,Open
TCK-002297,966,27 Jan 2025,billing,Critical ,11.1,3.0,resolved
TCK-002298,396,2025-02-20,performance, High ,9.8,3.0, Open 
TCK-002299,1052,2025-09-23, Technical ,Medium ,5.7,1.0,OPEN
TCK-002300,263,"Oct 12, 2025",technical,Medium ,10.1,3.0,Pending 
TCK-002301,957,"Mar 10, 2025", Feature Request ,high,25.3,2.0,Closed 
TCK-002302,217,24 Apr 2025, Technical, Medium ,7.2,,Pending
TCK-002303,99,15-02-2025,billing,low,2.6,3.0,Closed
TCK-002304,1369,2025-12-31, Billing, Low,29.9,, Pending 
TCK-002305,1124,"Jun 03, 2025",Feature Request,MEDIUM,17.9,2.0, Pending
TCK-002306,881,19-09-2025,TECHNICAL, High,16.2,5.0, Pending 
TCK-002307,483,08 Aug 2025,Account ,LOW,9.4,3.0,Pending
TCK-002308,233,29-08-2025,ACCOUNT, High ,36.6,3.0,resolved
TCK-002309,1126,2025-07-04,BILLING,low,4.7,2.0, Pending
TCK-002310,61,2025-06-06, Billing, Medium ,27.0,,closed
TCK-002311,959,26/09/2025,Security,Critical ,18.1,2.0,Resolved
TCK-002312,923,"Nov 22, 2025", Technical , High ,52.3,5.0,Open 
TCK-002313,468,07/08/2025,Feature Request ,Medium,4.9,2.0,pending
TCK-002314,99,2025-09-11,SECURITY, Low ,17.0,2.0, Open 
TCK-002315,1296,06-01-2025, Performance ,Low ,9.4,4.0,Pending 
TCK-002316,1463,2025-12-31,Security ,HIGH,8.5,2.0,PENDING
TCK-002317,135,03/16/2025, Security,Low,12.5,2.0,Pending
TCK-002318,205,16/04/2025,Account , High,19.1,1.0, Pending
TCK-002319,808,19-03-2025, Billing , Medium,4.2,2.0,CLOSED
TCK-002320,244,31/10/2025,Billing,MEDIUM,25.2,5.0,Open 
TCK-002321,192,17/09/2025, Billing , Medium ,30.7,4.0,closed
TCK-002322,214,13-02-2025,Technical,HIGH,31.9,3.0,open
TCK-002323,452,02/02/2025, Performance, High ,1.2,3.0, Resolved
TCK-002324,1294,04 Feb 2025, Feature Request, Critical,25.8,2.0,Pending
TCK-002325,727,21-03-2025,performance,Low,17.3,3.0, Open
TCK-002326,252,09/07/2025,PERFORMANCE, Critical ,12.3,, Open
TCK-002327,1471,13-11-2025,billing, Low,1.0,3.0, Open
TCK-002328,497,06 Aug 2025,security,Critical,2.4,5.0,Resolved 
TCK-002329,80,2025-12-01,security, Critical,22.9,1.0, Pending
TCK-002330,1080,16/05/2025,Technical,Medium,14.3,3.0, Resolved
TCK-002331,1272,2025-07-03,Performance,critical,9.4,3.0, Open 
TCK-002332,165,10/10/2025,ACCOUNT,low,39.9,5.0,resolved
TCK-002333,253,2025-10-06,Billing ,high,18.6,,Pending
TCK-002334,1187,2025-09-06,SECURITY,Low,27.1,4.0,Closed 
TCK-002335,903,"Feb 16, 2025",TECHNICAL,MEDIUM,12.3,1.0, Pending
TCK-002336,518,"Dec 31, 2025",Security,MEDIUM,10.0,4.0,Resolved 
TCK-002337,1384,2025-01-04,Technical , Critical ,4.2,3.0,OPEN
TCK-002338,416,26 Jan 2025,Performance ,Critical,21.8,1.0,PENDING
TCK-002339,710,25 Nov 2025, Feature Request,Medium,3.9,5.0,Pending 
TCK-002340,961,10/27/2025,SECURITY,CRITICAL,2.0,1.0,Closed
TCK-002341,246,14/09/2025,Account , Low ,7.2,4.0,closed
TCK-002342,383,03 Oct 2025,billing,Medium,26.6,5.0,pending
TCK-002343,1214,"Jan 21, 2025", Technical ,LOW,14.9,3.0,Open
TCK-002344,510,04/29/2025, Performance ,Low ,10.9,2.0,Closed
TCK-002345,1312,25/06/2025, Billing,high,24.2,2.0,Open
TCK-002346,709,10-12-2025,billing, Low ,19.8,1.0, Pending 
TCK-002347,292,2025-11-13,FEATURE REQUEST, Critical,23.4,3.0, Resolved 
TCK-002348,975,08/03/2025,BILLING,Medium ,12.9,2.0, Resolved
TCK-002349,1234,06/26/2025, Security ,medium,21.4,4.0, Resolved
TCK-002350,1234,27-12-2025,technical,medium,5.6,4.0, Open 
TCK-002351,939,2025-05-30, Security ,MEDIUM,27.4,5.0,CLOSED
TCK-002352,59,10/10/2025,Security,CRITICAL,0.6,2.0,Pending
TCK-002353,1392,2025-07-23, Billing,High ,8.7,4.0, Resolved
TCK-002354,957,"Sep 09, 2025",Account,High,19.5,5.0,Closed
TCK-002355,1269,31/07/2025,Security ,MEDIUM,11.5,4.0,Open
TCK-002356,50,29-03-2025,Security ,high,8.7,3.0,Resolved
TCK-002357,345,2025-12-15,Account,LOW,22.6,3.0,Pending 
TCK-002358,1035,"Nov 25, 2025",billing, Low ,14.0,3.0,RESOLVED
TCK-002359,958,11/03/2025,feature request,Medium ,23.5,,Closed
TCK-002360,1046,2025-02-24,Technical ,high,18.8,1.0,Pending 
TCK-002361,493,30 Jan 2025, Account, High,24.1,1.0, Pending 
TCK-002362,1296,2025-04-29,Billing , Medium,9.0,1.0,closed
TCK-002363,1196,05-08-2025,Feature Request ,high,11.8,2.0, Resolved
TCK-002364,410,01/12/2025,Technical , High,7.5,5.0,CLOSED
TCK-002365,735,2025-08-29,BILLING, Critical,4.3,2.0,pending
TCK-002366,593,2025-04-30,billing,critical,2.6,5.0,PENDING
TCK-002367,1037,01/03/2025,performance, Medium ,28.9,5.0, Pending
TCK-002368,865,12/29/2025, Account , Critical,33.9,5.0, Open 
TCK-002369,1426,2025-07-29,ACCOUNT, Low,7.4,1.0,CLOSED
TCK-002370,818,06 Jan 2025,Billing,HIGH,4.8,1.0,Pending 
TCK-002371,499,"Oct 20, 2025", Performance ,medium,23.6,5.0,RESOLVED
TCK-002372,840,02/05/2025, Billing,critical,22.5,3.0,Closed
TCK-002373,668,"Oct 24, 2025",Billing ,low,0.2,,PENDING
TCK-002374,1219,23/08/2025, Feature Request , High,6.3,5.0, Open 
TCK-002375,1188,10/20/2025, Security ,Low ,20.2,4.0,Pending
TCK-002376,835,01/29/2025,FEATURE REQUEST, High ,9.3,4.0,Resolved
TCK-002377,299,2025-01-16, Feature Request ,CRITICAL,19.3,,resolved
TCK-002378,550,28 Jul 2025, Billing, Low,15.2,3.0, Open 
TCK-002379,400,20 Apr 2025,Technical ,HIGH,8.1,3.0, Closed 
TCK-002380,120,07/02/2025, Security ,low,17.6,,Closed
TCK-002381,1213,"May 28, 2025",SECURITY,High,11.8,5.0, Resolved 
TCK-002382,419,07/15/2025,Performance,Low,36.0,, Pending 
TCK-002383,995,"Dec 23, 2025", Technical ,Medium ,24.0,5.0, Pending
TCK-002384,774,"Oct 25, 2025",feature request,LOW,7.5,3.0,Open
TCK-002385,1292,07/28/2025,ACCOUNT,High ,1.8,2.0,Resolved 
TCK-002386,1290,"Jan 29, 2025", Feature Request,critical,24.2,3.0,Open 
TCK-002387,1333,2025-10-03,Account ,Medium,3.1,5.0,Resolved 
TCK-002388,525,01/08/2025, Account , High,4.8,1.0,resolved
TCK-002389,565,03/02/2025,PERFORMANCE,Low ,7.0,,Closed
TCK-002390,435,01/12/2025, Account, High ,6.9,4.0,resolved
TCK-002391,516,08/08/2025, Technical,high,10.1,,RESOLVED
TCK-002392,1407,"Jan 09, 2025",BILLING, Medium,2.9,5.0,Resolved 
TCK-002393,1240,25 Dec 2025,account,critical,16.2,5.0,CLOSED
TCK-002394,253,07/23/2025, Billing,Critical,30.4,4.0, Open 
TCK-002395,1191,30/09/2025,Feature Request, Critical ,6.2,5.0,Closed
TCK-002396,1083,15-11-2025, Technical ,High ,7.5,2.0, Closed 
TCK-002397,919,15-07-2025,TECHNICAL,Low ,37.6,3.0, Resolved
TCK-002398,604,2025-08-01, Security ,critical,0.7,5.0, Open
TCK-002399,315,22 Jun 2025,PERFORMANCE,Critical ,15.9,3.0,RESOLVED
TCK-002400,954,"Sep 18, 2025",PERFORMANCE, Low ,24.3,5.0, Open 
TCK-002401,585,07/02/2025,ACCOUNT,CRITICAL,24.0,4.0, Resolved 
TCK-002402,1176,2025-09-16, Technical ,MEDIUM,9.1,2.0,RESOLVED
TCK-002403,235,14 Sep 2025,Technical,High ,21.1,3.0,RESOLVED
TCK-002404,884,"Dec 13, 2025", Performance ,Low,6.9,2.0, Closed 
TCK-002405,1267,15-07-2025,Security,Low,11.9,1.0,resolved
TCK-002406,1170,19 Oct 2025,performance,High,27.1,3.0,resolved
TCK-002407,530,"Nov 27, 2025", Billing,HIGH,8.2,3.0, Pending
TCK-002408,442,"Sep 13, 2025",Technical ,Critical ,30.0,4.0,Resolved 
TCK-002409,53,2025-07-20, Technical ,Low ,15.4,,open
TCK-002410,1150,06 Jan 2025,ACCOUNT,medium,0.3,1.0, Closed 
TCK-002411,587,24-07-2025, Account,low,14.7,5.0,OPEN
TCK-002412,78,2025-05-04, Billing,high,37.1,3.0,OPEN
TCK-002413,178,2025-01-28, Security ,low,81.4,1.0,resolved
TCK-002414,1197,2025-07-13, Performance,low,23.0,, Closed
TCK-002415,1314,06/21/2025, Security, Low,3.1,3.0, Resolved 
TCK-002416,628,24/01/2025,Security,Low,6.6,2.0, Resolved 
TCK-002417,331,02/02/2025,Account , Critical ,13.7,4.0,Closed 
TCK-002418,422,2025-07-10,FEATURE REQUEST, Low ,5.5,2.0, Pending 
TCK-002419,826,12/01/2025,BILLING,critical,10.6,3.0,Resolved
TCK-002420,807,2025-08-07,Performance , High ,12.7,,open
TCK-002421,23,13-11-2025, Performance, Critical,8.9,3.0, Resolved 
TCK-002422,1080,12/02/2025,Feature Request , Low ,30.2,4.0,RESOLVED
TCK-002423,1088,14-08-2025, Security ,medium,21.7,,pending
TCK-002424,327,12-10-2025,PERFORMANCE,medium,19.3,1.0,Pending
TCK-002425,986,2025-02-17,SECURITY,High,41.4,,Pending 
TCK-002426,141,16 Dec 2025,feature request, Low,11.7,5.0,PENDING
TCK-002427,649,30 Dec 2025,Security,High ,15.4,2.0,Resolved 
TCK-002428,721,"Mar 22, 2025",Technical,LOW,4.3,5.0, Resolved 
TCK-002429,85,2025-06-23,account, Low,15.2,1.0,Open 
TCK-002430,139,21-12-2025, Performance ,Medium,6.3,3.0,CLOSED
TCK-002431,829,03/10/2025,security,Low,21.6,4.0,Open 
TCK-002432,891,2025-12-10, Account,Medium,16.4,3.0, Resolved 
TCK-002433,637,09/10/2025, Feature Request,High,37.5,3.0,open
TCK-002434,1413,22 May 2025,security,critical,15.9,,RESOLVED
TCK-002435,531,2025-12-02,billing, Low,20.4,,Open 
TCK-002436,932,09/03/2025,performance,HIGH,4.8,4.0, Open 
TCK-002437,505,08/08/2025,security,MEDIUM,12.9,3.0,Closed
TCK-002438,279,19 Apr 2025, Performance ,Critical,9.6,, Pending 
TCK-002439,1096,01/02/2025,TECHNICAL,High ,6.3,4.0, Resolved 
TCK-002440,153,27 Jun 2025,PERFORMANCE,Low,14.7,1.0, Resolved 
TCK-002441,332,"Dec 10, 2025",performance,High ,11.5,, Resolved
TCK-002442,1284,2025-06-02, Feature Request,Low,24.0,4.0,OPEN
TCK-002443,332,11 Jul 2025,BILLING,Critical ,11.2,1.0, Pending 
TCK-002444,825,13-08-2025, Performance, Critical,12.0,3.0,Resolved 
TCK-002445,834,"Mar 25, 2025",Performance , Low,10.6,5.0, Resolved 
TCK-002446,1293,09/15/2025,billing,CRITICAL,9.4,2.0,pending
TCK-002447,388,10 Nov 2025,PERFORMANCE,HIGH,12.8,2.0,open
TCK-002448,1020,"Jun 09, 2025",FEATURE REQUEST, High ,15.0,1.0, Resolved 
TCK-002449,126,"Nov 12, 2025",Security , Medium,18.0,4.0,closed
TCK-002450,812,08/04/2025,Technical,MEDIUM,10.5,5.0,Open 
TCK-002451,778,07-05-2025,performance,HIGH,8.8,5.0,pending
TCK-002452,664,14-03-2025,technical,HIGH,19.4,2.0,pending
TCK-002453,848,20/10/2025,FEATURE REQUEST,MEDIUM,6.1,2.0,closed
TCK-002454,1494,2025-11-24, Billing ,Low ,5.2,4.0, Closed 
TCK-002455,1159,09 Jul 2025, Performance ,Low,11.3,4.0,CLOSED
TCK-002456,602,14-08-2025,Feature Request,CRITICAL,24.6,4.0, Open
TCK-002457,251,21 Oct 2025, Account ,CRITICAL,4.3,,OPEN
TCK-002458,740,2025-01-19, Feature Request ,Low ,13.7,5.0,open
TCK-002459,1117,29/07/2025,Performance , Critical ,13.1,,Resolved 
TCK-002460,1056,"Sep 04, 2025",Security,High,6.2,2.0,pending
TCK-002461,1037,08-11-2025, Performance,low,28.5,5.0,pending
TCK-002462,460,21 Sep 2025,feature request,high,19.2,3.0,pending
TCK-002463,661,22/01/2025,performance,Medium ,48.0,5.0,Pending 
TCK-002464,591,2025-09-29, Technical , Critical ,32.3,, Resolved
TCK-002465,531,03 Jan 2025,technical,Medium,10.8,5.0, Open 
TCK-002466,272,2025-10-29,Technical, Critical ,3.1,3.0,Resolved
TCK-002467,723,21 Mar 2025, Account, Low,6.9,1.0,Resolved
TCK-002468,1293,20-06-2025,Technical ,High,10.1,1.0,Resolved 
TCK-002469,659,04 Apr 2025,account,Low,23.1,2.0,open
TCK-002470,160,"Dec 27, 2025",PERFORMANCE, Critical,15.0,,resolved
TCK-002471,1180,01/12/2025,PERFORMANCE,critical,18.3,2.0,Pending 
TCK-002472,1490,06 Apr 2025, Technical ,LOW,12.3,5.0,Resolved
TCK-002473,1150,"Jul 14, 2025",Feature Request,high,21.4,4.0,RESOLVED
TCK-002474,1492,2025-07-25,Technical, High ,13.0,5.0,Pending
TCK-002475,1218,"Apr 19, 2025", Performance , Critical,8.9,1.0, Resolved
TCK-002476,1252,2025-07-20, Technical,critical,21.0,4.0,Pending 
TCK-002477,1159,"Oct 12, 2025",Account,critical,11.7,5.0,resolved
TCK-002478,1102,16 Mar 2025, Account ,low,7.7,3.0,Closed
TCK-002479,578,31/08/2025, Performance , Low ,6.5,3.0,Pending 
TCK-002480,334,26-07-2025,Account,Low ,10.5,, Pending 
TCK-002481,1191,10/09/2025,Billing ,MEDIUM,10.6,4.0,pending
TCK-002482,949,05/21/2025,SECURITY,high,4.8,2.0, Open
TCK-002483,1283,2025-04-03,Security , Medium ,23.5,1.0,Resolved
TCK-002484,756,07/09/2025, Performance,High,11.6,2.0, Open 
TCK-002485,1328,24 Feb 2025, Performance ,LOW,7.0,3.0,PENDING
TCK-002486,1460,06-08-2025,FEATURE REQUEST,Critical,51.3,,RESOLVED
TCK-002487,1476,25-08-2025, Account ,HIGH,6.4,5.0,Resolved 
TCK-002488,87,2025-06-17, Technical , Critical,19.8,5.0,OPEN
TCK-002489,609,11/05/2025, Feature Request,LOW,9.8,1.0,Open 
TCK-002490,979,2025-08-16,Feature Request,low,18.6,5.0, Resolved
TCK-002491,820,"Oct 06, 2025", Account ,High ,16.1,1.0, Pending
TCK-002492,1394,2025-10-28,Performance,Critical ,12.8,,OPEN
TCK-002493,1170,05/20/2025,Technical,critical,8.9,4.0, Pending 
TCK-002494,875,2025-07-19,Feature Request ,LOW,37.5,1.0,Open
TCK-002495,1226,2025-02-15,Performance,Medium ,5.9,4.0, Resolved
TCK-002496,648,"Nov 30, 2025",Security,Medium ,7.9,5.0, Pending 
TCK-002497,666,24/05/2025, Technical ,low,13.3,,PENDING
TCK-002498,672,24/02/2025, Performance ,Medium ,7.0,2.0, Open
TCK-002499,780,2025-01-31,performance, Low ,16.5,2.0,open
TCK-002500,1239,01 Jul 2025,SECURITY,medium,33.2,1.0,Closed 
TCK-002501,92,06/03/2025,account,High ,3.4,5.0,closed
TCK-002502,919,21-04-2025, Feature Request,High,17.5,1.0,Pending
TCK-002503,667,2025-09-29, Security ,Low,2.5,2.0,Closed 
TCK-002504,171,03 Jun 2025,Feature Request ,CRITICAL,3.9,4.0, Pending
TCK-002505,129,25-04-2025,Billing,medium,20.2,2.0, Closed 
TCK-002506,335,"Jan 08, 2025",Billing,CRITICAL,13.0,3.0,Open 
TCK-002507,925,20-09-2025,ACCOUNT, Medium,15.3,3.0,Resolved
TCK-002508,987,14 May 2025, Account , Medium,54.5,3.0,resolved
TCK-002509,528,2025-11-29, Account, High ,27.2,1.0,OPEN
TCK-002510,1349,06-05-2025,Technical,Medium,31.7,5.0,Closed 
TCK-002511,1345,10/04/2025, Security , High ,21.4,1.0, Resolved
TCK-002512,1408,2025-07-14,Billing,Low,5.3,3.0, Open
TCK-002513,192,"Dec 13, 2025", Billing,Critical ,6.5,2.0, Closed 
TCK-002514,526,"Jun 19, 2025", Security , High,5.7,1.0, Pending 
TCK-002515,732,2025-05-09,security, Low,9.4,,Pending 
TCK-002516,1414,08/14/2025,account,Critical ,9.2,1.0, Closed 
TCK-002517,703,30/10/2025,account,Medium ,7.4,5.0,closed
TCK-002518,793,2025-10-25, Security ,Low,28.2,3.0,CLOSED
TCK-002519,876,"Sep 14, 2025",Billing ,CRITICAL,9.5,,open
TCK-002520,176,18/07/2025,Security ,Medium,1.6,2.0,Open
TCK-002521,56,2025-08-23, Billing, Critical ,3.9,3.0, Closed
TCK-002522,900,23/10/2025,Feature Request ,High ,13.9,2.0,closed
TCK-002523,714,"Nov 03, 2025",SECURITY, Medium,30.5,5.0,closed
TCK-002524,754,2025-12-21, Performance, High ,36.1,5.0, Pending 
TCK-002525,209,27 Apr 2025, Account ,High ,22.5,, Closed 
TCK-002526,1209,2025-05-28, Technical , Medium,10.4,,Resolved 
TCK-002527,928,2025-12-31,Feature Request ,MEDIUM,6.9,1.0,Resolved 
TCK-002528,116,20-09-2025,account, Low ,13.9,2.0,Resolved 
TCK-002529,928,04/14/2025,Technical,Critical,11.5,, Closed
TCK-002530,455,2025-02-06,Performance ,CRITICAL,7.2,1.0, Closed
TCK-002531,1092,14 May 2025,Technical ,HIGH,5.6,,Closed 
TCK-002532,263,17/10/2025,performance, High,7.0,3.0, Closed 
TCK-002533,28,"Jan 06, 2025",performance,Critical,6.4,,CLOSED
TCK-002534,16,08/04/2025,Performance ,Low,8.8,3.0,Pending 
TCK-002535,483,04/08/2025,Account,High ,13.2,5.0,Resolved
TCK-002536,610,24 Mar 2025, Account,HIGH,16.8,2.0, Pending 
TCK-002537,38,04 Sep 2025, Technical,MEDIUM,12.6,5.0, Resolved 
TCK-002538,899,01 Aug 2025,Performance ,CRITICAL,12.6,3.0, Pending
TCK-002539,292,09/07/2025, Account,LOW,12.3,,resolved
TCK-002540,1381,2025-08-14,Billing , High,4.4,,pending
TCK-002541,261,11/09/2025, Technical , Low ,11.0,3.0,Open 
TCK-002542,1486,09 Sep 2025,Security,low,12.7,3.0,Open
TCK-002543,1303,04-04-2025,TECHNICAL,Low ,6.8,3.0, Closed
TCK-002544,1468,2025-03-28,BILLING, Medium ,16.6,2.0, Pending 
TCK-002545,266,16-04-2025,Security ,Low,12.5,3.0,Closed
TCK-002546,889,05-02-2025,Feature Request,LOW,6.1,3.0, Resolved
TCK-002547,919,02-08-2025,PERFORMANCE,Medium,42.5,,Open 
TCK-002548,1140,21/04/2025,Technical ,MEDIUM,13.2,4.0,Pending
TCK-002549,1148,06-09-2025, Feature Request ,LOW,9.5,, Open 
TCK-002550,1356,21-03-2025, Feature Request,CRITICAL,23.2,5.0, Resolved
TCK-002551,389,"May 03, 2025",account,HIGH,6.7,5.0,Pending 
TCK-002552,1444,03-08-2025, Performance,medium,11.0,2.0, Resolved
TCK-002553,279,04/05/2025, Billing ,Critical,5.4,2.0,CLOSED
TCK-002554,508,11-11-2025,technical,medium,11.8,, Resolved 
TCK-002555,841,07 Aug 2025,technical, High ,11.1,4.0, Resolved
TCK-002556,1250,2025-03-29,Billing,Critical,18.5,5.0,resolved
TCK-002557,915,"Feb 25, 2025", Technical , Medium,44.1,3.0,Open 
TCK-002558,1190,13/04/2025, Feature Request ,MEDIUM,22.0,2.0, Resolved 
TCK-002559,1328,11/24/2025,account,Low,6.0,4.0,Open
TCK-002560,848,"May 06, 2025",Account,Medium,27.9,1.0,Closed 
TCK-002561,736,"Jan 19, 2025",Security,Critical ,53.8,3.0, Pending 
TCK-002562,1224,30 Dec 2025,SECURITY,High ,35.0,4.0,Open
TCK-002563,272,2025-10-04,TECHNICAL, Medium ,26.8,2.0,Open
TCK-002564,1127,31-07-2025,Account ,HIGH,6.3,4.0,open
TCK-002565,503,2025-08-21,Security ,HIGH,12.8,2.0,open
TCK-002566,1278,18/09/2025,security, Medium,8.9,4.0,Closed
TCK-002567,1010,07/27/2025, Security , Medium ,22.9,5.0,pending
TCK-002568,890,10/04/2025,BILLING,Low ,21.9,2.0,closed
TCK-002569,894,01/11/2025,Billing , Critical ,40.1,3.0, Closed
TCK-002570,1049,15-09-2025, Feature Request ,High ,8.9,2.0,Resolved 
TCK-002571,1164,29-11-2025,performance,Low ,9.6,, Pending
TCK-002572,967,"Apr 03, 2025",technical,low,19.8,4.0,resolved
TCK-002573,205,14/01/2025,Technical ,critical,18.4,4.0, Pending 
TCK-002574,696,04/04/2025,Technical,Critical ,7.8,5.0,RESOLVED
TCK-002575,827,26 Jan 2025,Performance,Medium,10.8,1.0, Open
TCK-002576,464,19-01-2025, Security ,high,19.7,5.0,RESOLVED
TCK-002577,223,11/02/2025, Account,Low ,13.2,1.0, Open
TCK-002578,1386,04/09/2025,billing, Critical ,15.8,2.0,Closed
TCK-002579,329,30-10-2025,performance,low,23.3,1.0,closed
TCK-002580,579,05/09/2025,TECHNICAL,CRITICAL,15.2,5.0,OPEN
TCK-002581,203,18/10/2025, Security,Critical,17.9,5.0,Open
TCK-002582,888,03-12-2025,Account,HIGH,14.1,2.0,pending
TCK-002583,449,"Jan 16, 2025",Security , Low,21.8,3.0, Closed 
TCK-002584,858,05-10-2025,Security, Medium ,25.4,4.0, Pending
TCK-002585,1158,02/01/2025, Account,HIGH,10.5,5.0,Resolved 
TCK-002586,461,2025-11-03, Feature Request,Medium,16.5,1.0, Open 
TCK-002587,860,22-12-2025, Technical ,critical,13.2,1.0,Open 
TCK-002588,1117,2025-11-18,Security,critical,18.1,1.0,OPEN
TCK-002589,1056,12/20/2025,Security ,High ,20.3,3.0,OPEN
TCK-002590,1250,07-03-2025, Performance ,Low ,6.3,1.0,OPEN
TCK-002591,1062,2025-12-06,Account, Low ,39.9,5.0,Open 
TCK-002592,122,"Sep 27, 2025", Account , High ,14.3,,OPEN
TCK-002593,1026,"Dec 15, 2025",TECHNICAL,HIGH,28.1,4.0, Pending
TCK-002594,305,01 Nov 2025,PERFORMANCE,low,5.8,,Closed 
TCK-002595,874,2025-08-05,billing,LOW,13.7,2.0, Resolved 
TCK-002596,970,29/05/2025, Feature Request , Critical,7.2,5.0,Resolved
TCK-002597,630,"Aug 09, 2025",technical, High,13.2,,pending
TCK-002598,1297,10 Mar 2025, Feature Request,Low ,13.8,5.0,RESOLVED
TCK-002599,413,31/01/2025, Security , Critical,6.4,3.0,RESOLVED
TCK-002600,943,02/09/2025, Performance,Critical ,9.8,1.0,Closed
TCK-002601,264,14-09-2025,Performance, Medium ,20.0,1.0,resolved
TCK-002602,841,14 Sep 2025,account,High ,18.4,4.0, Pending 
TCK-002603,688,2025-06-08, Account ,High ,5.3,5.0,Resolved
TCK-002604,148,2025-08-22, Account , Low,12.9,3.0, Pending 
TCK-002605,75,20-02-2025,account, Critical,10.3,2.0, Closed 
TCK-002606,1206,19-05-2025,Feature Request , High,8.6,1.0,pending
TCK-002607,323,2025-06-07,Feature Request, Low,8.8,4.0,resolved
TCK-002608,446,21-12-2025,Account , High ,18.1,4.0, Open
TCK-002609,176,11/08/2025, Billing ,low,6.2,1.0,Closed
TCK-002610,1145,"Sep 16, 2025",PERFORMANCE,HIGH,30.7,3.0,pending
TCK-002611,884,"Oct 03, 2025",feature request, Critical,9.8,1.0, Pending 
TCK-002612,31,21/06/2025,Feature Request,LOW,23.2,1.0,Open
TCK-002613,1120,05/25/2025,Performance,High ,23.4,1.0,Closed
TCK-002614,1256,2025-03-12, Technical , Medium ,3.6,,resolved
TCK-002615,1142,03 Oct 2025,performance,Critical,20.3,1.0,Closed 
TCK-002616,330,10 Jan 2025,TECHNICAL,Critical,23.8,,Closed 
TCK-002617,22,2025-10-09,security, Medium,9.7,2.0, Open 
TCK-002618,894,"Oct 29, 2025",performance,Critical,8.1,3.0, Resolved 
TCK-002619,739,10/10/2025,Performance ,low,53.7,3.0,Closed
TCK-002620,270,01/13/2025, Technical , Medium ,25.4,1.0,Open
TCK-002621,427,19 Apr 2025, Account, Medium,5.6,5.0, Open 
TCK-002622,533,"Aug 29, 2025",Performance ,Medium,11.7,,PENDING
TCK-002623,302,01/11/2025,Performance, High,6.0,3.0,Pending 
TCK-002624,1362,09/22/2025,PERFORMANCE,High,12.7,4.0,PENDING
TCK-002625,1110,2025-04-05, Performance ,critical,16.9,5.0,Pending
TCK-002626,785,17 Nov 2025,Billing , Medium,10.1,5.0, Closed 
TCK-002627,370,07/04/2025,Billing,low,25.9,,closed
TCK-002628,328,23/01/2025,ACCOUNT,Critical,12.8,2.0, Closed
TCK-002629,710,16-06-2025,security, High,13.0,,Open
TCK-002630,74,"Oct 07, 2025",TECHNICAL,CRITICAL,55.1,5.0, Open
TCK-002631,815,18 Jul 2025,Feature Request , High,8.8,5.0, Resolved 
TCK-002632,1490,04/29/2025,performance,LOW,30.9,2.0,Resolved 
TCK-002633,711,27 Nov 2025, Billing,medium,41.8,, Pending
TCK-002634,277,11-06-2025,Technical,high,9.3,4.0,open
TCK-002635,1040,2025-11-05,Technical,Critical ,5.7,1.0,Closed 
TCK-002636,836,"May 14, 2025",Billing,Medium,10.0,5.0,Resolved
TCK-002637,502,08 Oct 2025, Technical ,LOW,20.4,,resolved
TCK-002638,796,03-04-2025, Security , Critical ,28.6,3.0, Pending
TCK-002639,208,08/20/2025,Security ,Critical ,13.1,, Resolved 
TCK-002640,1215,2025-04-12,Account , High,31.8,1.0, Pending
TCK-002641,1461,04/09/2025, Technical , High ,4.1,1.0,RESOLVED
TCK-002642,863,"Oct 03, 2025",Performance,CRITICAL,16.7,1.0, Resolved
TCK-002643,559,06 Aug 2025, Performance , Critical ,16.5,3.0, Open
TCK-002644,1239,"May 18, 2025",BILLING,Low,3.0,1.0,Resolved 
TCK-002645,1393,2025-02-21,Billing ,High ,14.6,1.0, Closed 
TCK-002646,966,"Jul 15, 2025", Billing,High,33.2,,CLOSED
TCK-002647,1100,22/03/2025, Security, High,13.7,4.0,Closed 
TCK-002648,1115,"Mar 12, 2025",Feature Request ,CRITICAL,14.5,2.0,pending
TCK-002649,1411,28-08-2025, Technical ,High,17.5,5.0,OPEN
TCK-002650,834,2025-08-08,Feature Request , Critical,18.1,, Closed 
TCK-002651,292,08-12-2025,Performance ,MEDIUM,4.5,,Pending 
TCK-002652,373,11-10-2025,TECHNICAL, Medium ,10.1,3.0, Resolved
TCK-002653,1026,29 Aug 2025,performance, Critical ,24.9,1.0,Closed
TCK-002654,924,2025-01-26,technical,High ,21.6,2.0, Open
TCK-002655,683,10/04/2025, Performance,LOW,13.0,5.0,resolved
TCK-002656,588,15/03/2025,performance, Low,22.5,4.0,pending
TCK-002657,74,2025-11-05, Performance,CRITICAL,25.0,5.0, Pending
TCK-002658,30,08/08/2025,performance, Low,8.5,,Open 
TCK-002659,210,06/08/2025,FEATURE REQUEST,MEDIUM,52.2,2.0,Closed 
TCK-002660,1280,2025-06-03,Performance ,medium,7.8,4.0,PENDING
TCK-002661,1098,25-10-2025,technical, Critical,6.6,3.0, Open 
TCK-002662,1146,14-08-2025,Account,medium,23.2,2.0,CLOSED
TCK-002663,329,09/08/2025,billing, Medium,16.3,5.0,RESOLVED
TCK-002664,1123,24 Sep 2025,SECURITY,MEDIUM,6.8,3.0, Pending 
TCK-002665,99,12 Sep 2025,TECHNICAL,Critical,27.3,4.0,OPEN
TCK-002666,629,"Jul 27, 2025",TECHNICAL, Critical ,6.5,3.0,CLOSED
TCK-002667,301,24/08/2025,Billing,Critical ,9.9,3.0,pending
TCK-002668,259,17-12-2025, Feature Request ,CRITICAL,21.3,4.0,Resolved
TCK-002669,199,05/10/2025, Security,High ,20.3,1.0,open
TCK-002670,1498,"May 24, 2025",Technical , High ,10.2,,OPEN
TCK-002671,800006,10/17/2025,performance, High ,33.8,1.0, Resolved 
TCK-002672,486,20-11-2025, Security, High,1.5,5.0,Resolved
TCK-002673,933,2025-11-11, Feature Request,Medium,9.4,4.0, Pending
TCK-002674,903,06 Jul 2025, Performance ,CRITICAL,18.5,,Open
TCK-002675,808,"Apr 16, 2025",Performance,Critical,8.8,3.0, Pending
TCK-002676,579,2025-03-14, Feature Request,MEDIUM,8.7,2.0,Open 
TCK-002677,973,12/03/2025, Feature Request ,Low ,6.2,4.0, Pending 
TCK-002678,1128,30-03-2025,Security , Low ,3.2,2.0,Closed
TCK-002679,38,2025-01-20, Billing ,high,32.4,, Open 
TCK-002680,1289,2025-06-16,technical, High ,12.7,4.0, Resolved 
TCK-002681,707,23 Oct 2025, Technical, Critical ,30.8,,OPEN
TCK-002682,1097,24 Dec 2025, Billing,critical,19.4,3.0,OPEN
TCK-002683,1299,09/29/2025, Technical , Critical,15.7,4.0, Resolved
TCK-002684,955,08/27/2025, Account,Low,79.9,5.0, Closed 
TCK-002685,916,11-08-2025,ACCOUNT,Medium ,14.1,1.0,Resolved
TCK-002686,1357,06/08/2025,Account, Critical,11.5,4.0,Open 
TCK-002687,971,2025-04-28, Technical ,Critical ,9.9,4.0,closed
TCK-002688,332,2025-12-30,Technical , Critical ,21.2,5.0, Open
TCK-002689,57,"Dec 16, 2025",TECHNICAL, Low ,11.1,3.0,Open 
TCK-002690,504,07/10/2025,Account,high,41.6,5.0, Pending
TCK-002691,840,06/20/2025,Technical, Critical ,16.7,, Closed
TCK-002692,396,09/06/2025,Security,HIGH,26.1,1.0,Open
TCK-002693,1100,31/05/2025,account,critical,5.5,2.0, Closed 
TCK-002694,1028,03/13/2025, Feature Request, Medium,4.4,1.0,Resolved
TCK-002695,258,2025-11-17, Security ,medium,14.2,2.0,PENDING
TCK-002696,1030,"Oct 04, 2025", Security , Medium,7.4,1.0,Closed 
TCK-002697,973,2025-10-21, Account ,Medium ,23.4,3.0, Resolved 
TCK-002698,861,26 Jan 2025,Performance ,CRITICAL,12.6,5.0,Resolved
TCK-002699,1107,"Jan 11, 2025", Billing , Critical ,6.5,5.0, Open
TCK-002700,563,23 Dec 2025, Security , Critical,7.2,2.0, Resolved
TCK-002701,219,30-12-2025,Security, High ,16.8,3.0,open
TCK-002702,184,2025-05-30,account,MEDIUM,37.8,5.0, Pending
TCK-002703,809,30-11-2025, Feature Request ,CRITICAL,23.1,2.0,closed
TCK-002704,245,"Mar 05, 2025",Feature Request, High,27.6,1.0,RESOLVED
TCK-002705,1194,24/01/2025, Security,Critical ,5.3,2.0,Resolved 
TCK-002706,1318,14 Mar 2025,Billing,low,12.4,4.0, Pending 
TCK-002707,523,12/07/2025,Feature Request,Critical,2.2,5.0,Pending 
TCK-002708,1075,30-08-2025,billing,critical,15.3,2.0, Open 
TCK-002709,52,2025-08-03, Security , Low ,26.2,1.0,OPEN
TCK-002710,574,30 May 2025,Performance,MEDIUM,12.5,4.0,Pending 
TCK-002711,158,01/15/2025,Feature Request, Critical ,24.0,1.0,Closed 
TCK-002712,541,05/06/2025, Performance, Medium,3.7,4.0,pending
TCK-002713,1455,"Mar 17, 2025",security, Medium,37.6,5.0,CLOSED
TCK-002714,1028,23/12/2025,PERFORMANCE, Low ,19.6,, Resolved 
TCK-002715,1289,08 Nov 2025,Account,CRITICAL,5.2,,Resolved
TCK-002716,498,2025-07-05,Performance ,Low ,17.3,2.0, Open
TCK-002717,205,"Sep 12, 2025",feature request, Low ,11.6,1.0, Resolved
TCK-002718,89,03/15/2025, Billing ,High ,8.1,3.0,Open
TCK-002719,65,08 Jan 2025, Performance,HIGH,2.6,5.0, Open
TCK-002720,736,2025-04-30, Performance , Critical ,9.7,1.0,RESOLVED
TCK-002721,112,26 Apr 2025,technical, Low,9.7,3.0, Open 
TCK-002722,1336,2025-09-28,Security , Critical,10.6,5.0, Closed
TCK-002723,229,2025-09-26, Feature Request ,LOW,16.2,,Closed 
TCK-002724,438,28/06/2025,FEATURE REQUEST,low,31.1,3.0, Open 
TCK-002725,1418,"Jan 02, 2025",Technical ,Critical,29.0,2.0,PENDING
TCK-002726,605,2025-02-05,feature request,Medium ,8.2,4.0,Closed
TCK-002727,1342,12-01-2025,feature request,Medium,5.6,5.0,Open 
TCK-002728,1373,"Apr 24, 2025",Billing ,High ,11.6,, Resolved 
TCK-002729,625,13-12-2025, Technical ,Critical,5.2,1.0,resolved
TCK-002730,72,10/09/2025,billing, Low,5.5,3.0,RESOLVED
TCK-002731,267,"Jul 11, 2025",Feature Request,LOW,23.4,, Open 
TCK-002732,1375,12/01/2025,Performance ,Critical ,26.4,3.0, Closed
TCK-002733,7,"Nov 27, 2025",TECHNICAL,Medium,7.2,3.0,Resolved 
TCK-002734,598,05/03/2025,account,low,10.4,2.0,Open
TCK-002735,725,"Mar 22, 2025",account, Low,13.9,1.0,pending
TCK-002736,1,2025-10-02,performance,low,19.6,3.0,pending
TCK-002737,290,03/13/2025,Technical ,Medium ,6.6,3.0,resolved
TCK-002738,812,22-06-2025,Billing ,MEDIUM,9.3,3.0,Closed
TCK-002739,1231,09-10-2025,Technical ,Low,8.0,3.0, Resolved
TCK-002740,28,04 Nov 2025, Feature Request,critical,17.7,,open
TCK-002741,988,03/31/2025,Security ,critical,14.6,1.0,Open 
TCK-002742,1185,"Mar 01, 2025",ACCOUNT,MEDIUM,4.6,,pending
TCK-002743,367,04/05/2025, Performance ,Critical ,26.6,5.0, Closed 
TCK-002744,456,09-01-2025,feature request,high,31.7,5.0,Resolved
TCK-002745,304,07/09/2025, Technical , Low ,4.5,4.0,CLOSED
TCK-002746,196,08-10-2025, Feature Request,low,17.7,4.0, Resolved 
TCK-002747,202,23 Mar 2025, Performance, Medium,3.7,4.0, Resolved 
TCK-002748,1216,10 Nov 2025, Technical ,Low ,33.7,5.0, Resolved
TCK-002749,482,09/26/2025,Performance,Critical ,26.3,2.0,CLOSED
TCK-002750,133,2025-01-26,Security,HIGH,12.2,5.0,Pending 
TCK-002751,1280,27-10-2025,Account,MEDIUM,9.6,1.0, Pending 
TCK-002752,133,09 Mar 2025, Account,medium,11.3,4.0,Resolved 
TCK-002753,1127,2025-03-23, Feature Request ,CRITICAL,4.7,,Open 
TCK-002754,987,31 Oct 2025,Performance, High ,20.1,1.0, Resolved
TCK-002755,1055,08/04/2025, Account ,low,24.9,4.0,CLOSED
TCK-002756,956,26 Sep 2025,Billing, Medium ,13.2,2.0,Closed 
TCK-002757,1376,15/04/2025,FEATURE REQUEST,Low,26.6,3.0,closed
TCK-002758,1432,01/16/2025,Technical ,MEDIUM,29.7,,closed
TCK-002759,824,05 Jul 2025,Technical ,CRITICAL,16.1,,Resolved 
TCK-002760,1414,27-12-2025, Account ,Critical ,3.9,5.0,closed
TCK-002761,1485,05/02/2025,technical,low,8.6,4.0,Resolved
TCK-002762,1381,07-08-2025,Feature Request,HIGH,10.3,,closed
TCK-002763,691,30/01/2025,Account , Critical,28.3,5.0,Resolved
TCK-002764,313,16/05/2025,security,critical,11.3,1.0, Pending
TCK-002765,595,"Dec 09, 2025", Technical ,critical,20.4,1.0,resolved
TCK-002766,780,"Mar 30, 2025",technical,low,10.7,5.0, Pending 
TCK-002767,83,"Dec 11, 2025", Performance ,Critical ,18.3,3.0,Closed
TCK-002768,1092,27 Jul 2025, Security,HIGH,12.5,, Pending 
TCK-002769,144,30 Nov 2025,technical,Critical ,23.1,3.0,PENDING
TCK-002770,657,2025-01-22, Account ,Low,1.4,1.0,Resolved
TCK-002771,119,26 Nov 2025, Security,critical,8.5,1.0,Pending 
TCK-002772,1129,19-06-2025, Performance , High ,7.8,,resolved
TCK-002773,850,30-08-2025,FEATURE REQUEST,Critical,19.6,5.0,resolved
TCK-002774,1142,10/06/2025,SECURITY, Critical,22.5,1.0,RESOLVED
TCK-002775,682,24/03/2025,Security ,High ,21.5,4.0,PENDING
TCK-002776,869,04-06-2025,Account,Critical,4.6,4.0, Closed 
TCK-002777,1382,04/12/2025,Performance ,MEDIUM,12.2,, Resolved
TCK-002778,236,"Jun 30, 2025",ACCOUNT, Medium,9.1,4.0,OPEN
TCK-002779,727,01-10-2025, Account ,MEDIUM,41.4,3.0, Open
TCK-002780,305,"Apr 07, 2025",Performance ,low,4.7,,Resolved
TCK-002781,1229,20 Nov 2025, Technical , Medium,6.0,3.0,open
TCK-002782,101,28-12-2025,account,LOW,34.2,5.0, Open 
TCK-002783,209,"May 13, 2025",Billing , Low,18.6,1.0, Open 
TCK-002784,46,24-09-2025, Performance, Critical,6.9,, Open 
TCK-002785,871,07 Aug 2025,Feature Request,critical,33.7,1.0, Pending 
TCK-002786,172,2025-01-30,billing,CRITICAL,2.0,4.0, Pending
TCK-002787,1392,04-11-2025,Billing , Low,21.7,5.0, Closed
TCK-002788,921,2025-07-06,Technical , Critical ,14.7,2.0,OPEN
TCK-002789,1042,10-06-2025,technical,MEDIUM,24.4,4.0,Resolved 
TCK-002790,31,2025-09-23,Billing ,low,16.4,5.0, Resolved
TCK-002791,1478,02-09-2025, Account, Medium,29.9,4.0,closed
TCK-002792,938,"Jul 17, 2025",Security , High,25.9,3.0, Open 
TCK-002793,1128,28 Dec 2025,Feature Request,low,15.1,4.0,Resolved 
TCK-002794,732,31 Jul 2025,BILLING,high,5.4,1.0,Resolved
TCK-002795,1118,03/12/2025,ACCOUNT,High ,7.1,3.0,closed
TCK-002796,316,"Jul 13, 2025",Performance,low,5.3,4.0,Resolved 
TCK-002797,792,2025-08-13,TECHNICAL,Critical,17.4,2.0,resolved
TCK-002798,703,2025-09-30,BILLING,High ,15.0,,Open
TCK-002799,27,03/02/2025,Feature Request,HIGH,6.6,, Open
TCK-002800,1162,2025-01-30,Account,CRITICAL,36.9,5.0,closed
TCK-002801,516,05-11-2025, Account, Medium,9.2,2.0, Resolved
TCK-002802,507,19 Aug 2025,Account ,Medium,34.8,2.0,Open 
TCK-002803,81,"Mar 22, 2025", Performance ,Low ,15.1,1.0,resolved
TCK-002804,370,29 Nov 2025,Security , High,8.3,2.0,open
TCK-002805,762,"Feb 08, 2025", Feature Request,MEDIUM,20.8,3.0, Open
TCK-002806,139,24/09/2025,Feature Request, Low,4.2,4.0,pending
TCK-002807,266,24/12/2025, Feature Request ,Critical ,11.1,2.0,Closed
TCK-002808,1481,10-11-2025, Security,critical,36.7,3.0, Open 
TCK-002809,210,"Apr 04, 2025",technical,High,46.7,, Open 
TCK-002810,1316,"Apr 05, 2025",Account ,Low ,7.0,4.0,RESOLVED
TCK-002811,1023,2025-03-25,PERFORMANCE, Critical,27.5,,pending
TCK-002812,688,29/07/2025,Technical ,medium,11.0,5.0,Open
TCK-002813,24,"Feb 14, 2025",billing,Low ,13.9,4.0, Pending
TCK-002814,119,15-06-2025,technical,high,3.4,4.0, Open
TCK-002815,612,15-06-2025,Technical, Critical ,19.4,4.0,open
TCK-002816,853,22-02-2025,technical,Medium ,24.1,2.0,CLOSED
TCK-002817,1253,11/04/2025, Security ,Critical ,3.9,4.0,Open 
TCK-002818,1382,"Nov 24, 2025",Billing, Medium,25.4,2.0, Open 
TCK-002819,350,"Dec 12, 2025", Technical ,Medium ,43.7,5.0,Resolved
TCK-002820,1201,19 May 2025, Feature Request,High,43.6,,pending
TCK-002821,1116,11-12-2025,security, Medium ,22.5,3.0,RESOLVED
TCK-002822,440,10/29/2025, Performance,Low,12.9,2.0, Open
TCK-002823,1088,23/03/2025,PERFORMANCE, Low,22.4,3.0,Resolved 
TCK-002824,1339,12/02/2025,account,HIGH,6.1,3.0, Pending
TCK-002825,1096,30/11/2025,SECURITY,Medium ,11.9,3.0,closed
TCK-002826,1241,07/09/2025,Billing, Critical ,9.2,4.0, Resolved 
TCK-002827,1421,11/05/2025, Billing, Critical,5.7,3.0,Resolved
TCK-002828,745,22-08-2025,Security,Critical,10.9,, Closed
TCK-002829,1196,05/02/2025,Performance,medium,31.9,2.0,closed
TCK-002830,1429,06/05/2025,TECHNICAL, Critical,9.7,5.0,pending
TCK-002831,179,"Nov 07, 2025",PERFORMANCE, High ,12.6,3.0,Open 
TCK-002832,1422,08/09/2025,Billing, High ,21.8,,closed
TCK-002833,1089,"Oct 07, 2025", Security,high,11.9,1.0,pending
TCK-002834,1344,02/10/2025,Security , Critical,10.2,1.0,Pending 
TCK-002835,746,"May 30, 2025", Billing ,Critical ,12.5,3.0,closed
TCK-002836,110,05-05-2025,Performance , Medium ,6.4,,Resolved
TCK-002837,621,2025-12-10, Security ,Medium ,30.9,5.0,PENDING
TCK-002838,415,"May 22, 2025", Billing ,medium,4.4,4.0, Open 
TCK-002839,239,"Jun 15, 2025", Technical,High ,4.8,5.0,Closed 
TCK-002840,1330,02/03/2025,Account , Critical,13.7,4.0, Pending 
TCK-002841,1107,2025-08-10,Technical,CRITICAL,31.9,2.0,PENDING
TCK-002842,914,02 Jan 2025,Technical, High ,24.4,3.0, Closed 
TCK-002843,386,17-01-2025, Technical,high,8.0,3.0,Open 
TCK-002844,800007,"Sep 05, 2025",billing,critical,17.5,4.0,Pending 
TCK-002845,1298,20/08/2025, Security,LOW,9.3,1.0,Closed 
TCK-002846,992,19/06/2025,Feature Request , Critical ,18.0,1.0, Closed 
TCK-002847,186,01/18/2025, Security,Medium ,12.4,1.0, Closed 
TCK-002848,195,"Mar 01, 2025",billing,medium,3.2,5.0, Pending
TCK-002849,17,03/12/2025, Feature Request,High,10.8,2.0,Open 
TCK-002850,76,16-04-2025, Account,High ,8.7,,PENDING
TCK-002851,112,16 Mar 2025,technical,LOW,4.7,,Open 
TCK-002852,292,30-09-2025, Billing,Critical ,20.8,5.0,Open 
TCK-002853,387,2025-07-16,PERFORMANCE, Low ,14.0,2.0, Pending
TCK-002854,797,07/14/2025, Feature Request ,high,2.5,1.0,closed
TCK-002855,1033,01/16/2025, Technical , High,9.5,3.0, Resolved 
TCK-002856,848,2025-02-26, Performance ,High,16.1,5.0,CLOSED
TCK-002857,232,2025-05-24,Feature Request,Low ,35.7,,pending
TCK-002858,502,2025-07-09, Account, Low ,2.7,1.0,Pending 
TCK-002859,1306,11/25/2025,security, High ,20.7,2.0,closed
TCK-002860,371,"Jul 22, 2025",Account , High ,12.9,3.0, Closed
TCK-002861,346,2025-05-28,Account ,high,22.9,,OPEN
TCK-002862,1258,09/22/2025,TECHNICAL,Medium,3.4,1.0,Resolved 
TCK-002863,1136,10-03-2025,Security ,High ,11.7,,Pending
TCK-002864,1058,"Aug 19, 2025",FEATURE REQUEST, Medium,17.5,1.0,open
TCK-002865,739,29-09-2025,Feature Request ,high,4.4,4.0,PENDING
TCK-002866,994,03/22/2025, Security,HIGH,42.0,3.0, Pending 
TCK-002867,63,06-12-2025,ACCOUNT,LOW,13.1,3.0,open
TCK-002868,1444,"Dec 26, 2025", Account,High ,5.4,,Closed 
TCK-002869,130,06-04-2025,security,low,30.1,5.0,open
TCK-002870,512,24-12-2025,Billing, Medium,8.0,,Pending
TCK-002871,746,2025-03-10, Security,CRITICAL,8.1,,Open 
TCK-002872,1476,2025-10-27,performance, Medium ,7.0,,resolved
TCK-002873,923,03-11-2025,technical, Critical,8.6,,Closed 
TCK-002874,603,02/14/2025,security,low,5.8,2.0,Resolved
TCK-002875,1483,2025-11-13, Account ,High,9.2,2.0,Open
TCK-002876,1473,01 Dec 2025,Security,Medium ,25.3,, Open 
TCK-002877,1135,06/12/2025,Security,Critical,5.7,5.0,Open 
TCK-002878,1005,01/03/2025,PERFORMANCE, Critical ,33.6,3.0, Closed 
TCK-002879,1369,"Sep 24, 2025", Security ,Medium,40.1,3.0,Closed 
TCK-002880,144,2025-03-26, Security ,low,6.9,4.0,Pending 
TCK-002881,555,04 Jul 2025,performance,low,2.9,, Closed 
TCK-002882,473,2025-06-14,Security,Critical,13.6,3.0,Open
TCK-002883,627,05/08/2025, Performance ,low,8.7,2.0, Pending
TCK-002884,1117,08/04/2025, Technical,Critical ,6.9,5.0,pending
TCK-002885,935,"Oct 04, 2025",Billing,critical,19.8,4.0, Closed 
TCK-002886,1079,"Aug 20, 2025", Account , Low,26.5,5.0,Closed
TCK-002887,1217,19/06/2025,Account,high,13.8,3.0,Open 
TCK-002888,915,18 Feb 2025, Account ,High ,15.9,5.0,Closed 
TCK-002889,1196,"Apr 06, 2025",Account,low,13.6,5.0, Pending
TCK-002890,605,12 Dec 2025,Technical ,MEDIUM,6.7,3.0,Open
TCK-002891,383,03/01/2025,Account, Low ,11.5,, Closed
TCK-002892,390,"Sep 21, 2025",Security ,Critical ,6.5,, Open 
TCK-002893,750,2025-02-23,security,low,23.6,1.0,Closed 
TCK-002894,1312,09/01/2025,BILLING,High ,25.9,3.0,Open 
TCK-002895,756,"Aug 04, 2025",Account , Medium,8.5,4.0, Resolved
TCK-002896,1437,12 Aug 2025,Performance , Low ,18.8,5.0,RESOLVED
TCK-002897,23,2025-05-03,Security ,HIGH,33.4,3.0,Pending
TCK-002898,358,08 Nov 2025, Technical,Critical,14.6,4.0,pending
TCK-002899,1359,"Jun 21, 2025",Feature Request, High ,25.3,,Resolved
TCK-002900,453,2025-11-03, Feature Request,low,1.9,1.0, Pending
TCK-002901,505,25 Mar 2025,Performance, High ,16.5,, Closed
TCK-002902,92,19 Sep 2025,performance,Low ,12.9,5.0, Open
TCK-002903,1480,"Jun 09, 2025", Technical,CRITICAL,5.0,2.0,Resolved
TCK-002904,388,2025-03-19, Billing ,critical,17.1,2.0, Closed
TCK-002905,1314,10/06/2025, Feature Request,Critical ,7.4,4.0, Resolved 
TCK-002906,872,"Jan 25, 2025",Security ,medium,22.0,2.0,Open
TCK-002907,1296,17 Jun 2025, Feature Request, Medium,28.3,2.0,Closed
TCK-002908,948,16-05-2025,Billing ,High ,27.3,5.0, Open
TCK-002909,960,14-01-2025, Feature Request, Low,35.4,,PENDING
TCK-002910,1231,2025-04-29, Technical,medium,10.8,2.0, Closed
TCK-002911,1438,09/08/2025, Feature Request,CRITICAL,15.8,3.0, Closed 
TCK-002912,916,29/01/2025,Account ,Medium,11.1,2.0,Closed
TCK-002913,1297,12/13/2025,Account,critical,4.2,4.0,Pending 
TCK-002914,883,01-03-2025, Account , Critical,8.0,3.0,PENDING
TCK-002915,1018,19-12-2025,Account,Critical ,26.1,5.0,CLOSED
TCK-002916,487,2025-11-19,Billing ,High,7.9,,Open 
TCK-002917,530,12/02/2025,Account ,High,9.1,5.0,OPEN
TCK-002918,35,02 Jun 2025,Feature Request,high,5.3,3.0,pending
TCK-002919,1147,2025-10-17, Billing, High ,28.9,1.0, Open 
TCK-002920,1080,07 Nov 2025, Account,critical,4.2,3.0,Resolved
TCK-002921,788,2025-08-14,Billing ,High,10.7,, Open 
TCK-002922,1366,19 May 2025,Feature Request ,High,36.1,4.0,Pending
TCK-002923,577,2025-12-14,FEATURE REQUEST, Low,4.7,, Open
TCK-002924,494,02/19/2025,performance,High,14.0,2.0, Closed
TCK-002925,615,11/07/2025,FEATURE REQUEST,HIGH,47.0,4.0,Open 
TCK-002926,651,18-05-2025,Performance , High ,9.0,,Closed
TCK-002927,1262,"Jan 15, 2025",security,HIGH,25.0,4.0,pending
TCK-002928,1190,28-08-2025,Account, High ,18.2,3.0,Resolved 
TCK-002929,987,01/10/2025, Account,high,33.2,5.0,RESOLVED
TCK-002930,1498,08/06/2025,Account ,MEDIUM,2.0,3.0,RESOLVED
TCK-002931,1273,14-11-2025,technical,Low,12.5,1.0,CLOSED
TCK-002932,326,31 Dec 2025,Billing,high,2.6,3.0,Resolved
TCK-002933,1187,"Nov 14, 2025",Account, High,19.3,5.0,RESOLVED
TCK-002934,1262,07/25/2025,ACCOUNT, Low ,12.1,5.0,pending
TCK-002935,1176,07 Mar 2025, Account , High,19.4,5.0, Resolved 
TCK-002936,1208,18/01/2025, Performance ,High ,0.5,1.0,Open
TCK-002937,1055,08/17/2025,Technical , High ,10.7,2.0,Closed 
TCK-002938,598,"Jan 17, 2025",Billing ,HIGH,34.1,, Resolved 
TCK-002939,697,01 Oct 2025,Security ,critical,22.2,3.0,resolved
TCK-002940,824,"Jun 28, 2025", Technical ,High,18.1,5.0,Pending
TCK-002941,994,2025-07-11, Account ,critical,10.9,3.0,OPEN
TCK-002942,490,2025-02-08,ACCOUNT,high,52.3,5.0,Open
TCK-002943,539,11/01/2025,Billing ,Critical ,36.4,,OPEN
TCK-002944,638,24/10/2025, Account ,Critical ,26.9,5.0,closed
TCK-002945,1336,"Jul 04, 2025",Billing ,medium,33.7,3.0,Pending
TCK-002946,45,2025-06-11,Security,Critical ,9.9,4.0,open
TCK-002947,307,2025-06-01,security, Critical ,21.9,4.0, Resolved
TCK-002948,385,19/06/2025,performance,HIGH,26.5,3.0,RESOLVED
TCK-002949,759,03/17/2025,billing,High,10.6,1.0,Open
TCK-002950,97,08/11/2025,feature request, Medium ,7.5,2.0,Open 
TCK-002951,830,04/10/2025,BILLING, Critical,9.4,4.0, Resolved
TCK-002952,809,"Apr 22, 2025", Performance ,Low,14.7,, Closed 
TCK-002953,1431,09/12/2025, Security,CRITICAL,16.2,,Resolved 
TCK-002954,1130,07 Jun 2025, Feature Request,Medium,15.5,1.0,Resolved 
TCK-002955,1426,"Oct 11, 2025", Technical,high,14.2,3.0,PENDING
TCK-002956,370,03/04/2025, Performance ,low,0.7,,closed
TCK-002957,1116,"Jan 15, 2025",performance,High ,36.8,1.0,RESOLVED
TCK-002958,1048,30 Sep 2025,Performance ,critical,20.1,1.0,OPEN
TCK-002959,687,2025-02-10,TECHNICAL,Medium ,37.7,1.0,PENDING
TCK-002960,548,2025-05-05,Feature Request,high,22.0,1.0, Resolved
TCK-002961,572,"Sep 16, 2025",account,low,16.9,4.0,PENDING
TCK-002962,326,"Aug 27, 2025", Security, High,7.0,3.0,PENDING
TCK-002963,72,05/24/2025,Billing ,Critical ,15.8,2.0, Resolved
TCK-002964,840,"Jul 30, 2025", Feature Request , Critical,16.4,4.0,pending
TCK-002965,1076,03 Feb 2025,performance, Critical ,22.0,4.0, Closed 
TCK-002966,56,2025-07-13,technical,low,7.4,3.0,resolved
TCK-002967,996,"Oct 05, 2025",technical, Medium,4.2,5.0, Pending
TCK-002968,409,"Nov 23, 2025",Performance ,Medium ,8.8,1.0, Pending
TCK-002969,550,17-03-2025, Account ,low,12.6,3.0,Pending
TCK-002970,1269,"Nov 29, 2025",Security, High ,21.2,2.0,Resolved 
TCK-002971,1080,28-04-2025,ACCOUNT, Critical ,9.8,3.0, Resolved 
TCK-002972,432,01/12/2025, Performance ,MEDIUM,14.1,5.0,Resolved
TCK-002973,31,26 Apr 2025,Technical,Medium,10.2,2.0,Closed 
TCK-002974,144,03/28/2025,PERFORMANCE, High ,10.3,1.0, Open 
TCK-002975,681,05/30/2025,ACCOUNT,Low,34.7,3.0,RESOLVED
TCK-002976,485,"May 25, 2025",performance, High ,22.4,4.0, Open
TCK-002977,208,04 Jun 2025,Billing,Medium ,13.3,,Open 
TCK-002978,30,08/05/2025, Feature Request,high,19.8,5.0,Open 
TCK-002979,676,13 Jul 2025,technical,Critical ,10.2,2.0,PENDING
TCK-002980,1498,18/11/2025, Billing ,Critical,15.6,1.0,RESOLVED
TCK-002981,470,09/09/2025,Account, Low ,12.8,1.0, Pending 
TCK-002982,897,12/01/2025,feature request,MEDIUM,29.8,5.0,closed
TCK-002983,905,23 Jan 2025,SECURITY, Critical,9.6,1.0,closed
TCK-002984,1258,05/05/2025,FEATURE REQUEST, High ,7.1,4.0,RESOLVED
TCK-002985,808,07-05-2025,SECURITY,High,13.2,, Pending
TCK-002986,772,04/16/2025,Performance ,High,2.6,1.0,CLOSED
TCK-002987,517,2025-09-26,Performance, Critical ,14.8,,Pending 
TCK-002988,613,21/04/2025, Account ,High,15.5,1.0,PENDING
TCK-002989,262,04-06-2025,account,High,10.7,2.0, Resolved 
TCK-002990,317,08 Sep 2025, Performance, Critical,14.6,4.0, Closed
TCK-002991,553,07 Sep 2025,Feature Request , Low,22.0,1.0, Pending
TCK-002992,1275,06 Dec 2025, Technical , High ,15.4,3.0,Open 
TCK-002993,520,13 Jun 2025, Security,Medium,15.3,,closed
TCK-002994,377,29/04/2025,Performance ,critical,20.1,4.0,Closed 
TCK-002995,1244,08/12/2025,PERFORMANCE, High,8.0,, Resolved 
TCK-002996,677,09/09/2025, Feature Request,High ,34.0,4.0,CLOSED
TCK-002997,5,16 Jul 2025,Security ,Medium,8.1,4.0,Open
TCK-002998,141,26 Dec 2025,Billing , High ,26.7,1.0,Pending 
TCK-002999,1206,"Feb 08, 2025",Performance ,LOW,8.6,, Pending 
TCK-003000,204,11/08/2025,Account ,MEDIUM,22.1,3.0,PENDING
TCK-003001,524,"Jan 21, 2025", Performance , Critical,18.6,,CLOSED
TCK-003002,848,27-07-2025,Performance,critical,4.5,5.0,Pending
TCK-003003,543,05/11/2025,Account, Medium,25.7,1.0,pending
TCK-003004,604,23 Dec 2025,SECURITY,CRITICAL,8.2,1.0,open
TCK-003005,918,2025-04-14,account,high,12.9,3.0,CLOSED
TCK-003006,801,26 Nov 2025,feature request,HIGH,2.0,5.0,Closed
TCK-003007,450,02/22/2025,billing, Low,7.1,1.0, Closed 
TCK-003008,71,19-05-2025,Feature Request,critical,19.9,,Closed
TCK-003009,710,26/03/2025,BILLING,MEDIUM,26.7,4.0,Closed
TCK-003010,420,"May 22, 2025", Feature Request,HIGH,12.9,2.0, Closed 
TCK-003011,904,"Dec 21, 2025",Billing ,High ,23.7,5.0, Closed 
TCK-003012,1138,"Sep 09, 2025", Billing ,HIGH,36.2,, Resolved
TCK-003013,82,2025-11-08, Security , High ,4.9,,Pending 
TCK-003014,1453,12-03-2025,Technical ,low,16.6,5.0,RESOLVED
TCK-003015,755,02/22/2025,BILLING, Critical ,11.3,, Pending 
TCK-003016,1041,15-07-2025,PERFORMANCE, Low,6.8,1.0,Closed 
TCK-003017,1208,29-03-2025,PERFORMANCE, Low ,14.9,4.0, Open
TCK-003018,821,12 Dec 2025,Performance,Critical ,17.7,,pending
TCK-003019,680,2025-09-05,Performance,high,8.0,3.0, Closed
TCK-003020,1405,2025-12-19, Billing ,Critical,26.7,3.0,closed
TCK-003021,479,2025-11-25,PERFORMANCE,Critical ,21.3,1.0, Open
TCK-003022,1221,"Aug 20, 2025",security,Low ,25.0,4.0,open
TCK-003023,1080,09-12-2025,Security,Low ,22.0,,Closed
TCK-003024,1062,21-09-2025,BILLING,CRITICAL,5.5,2.0, Closed 
TCK-003025,195,"May 23, 2025", Performance,Low ,38.6,2.0,closed
TCK-003026,1326,02/06/2025,Performance, Low,6.0,,Pending 
TCK-003027,260,11 Apr 2025,Feature Request,Critical,3.0,5.0, Open 
TCK-003028,986,"Jun 11, 2025",feature request,HIGH,14.7,1.0,RESOLVED
TCK-003029,446,2025-01-04,FEATURE REQUEST, Critical,4.9,,Pending
TCK-003030,918,30/08/2025, Technical,MEDIUM,6.1,3.0,closed
TCK-003031,861,04/15/2025,Billing ,HIGH,18.1,2.0,resolved
TCK-003032,1428,2025-11-11, Feature Request,High,21.6,2.0, Closed
TCK-003033,543,2025-09-18, Feature Request,LOW,23.8,2.0,Closed 
TCK-003034,820,03/01/2025, Billing ,Low,16.7,1.0,Closed
TCK-003035,1398,11/04/2025,TECHNICAL,LOW,5.2,, Resolved 
TCK-003036,170,10/10/2025,Technical,high,25.3,4.0,Closed 
TCK-003037,511,05/17/2025, Account,LOW,8.7,, Open 
TCK-003038,1299,24 Jul 2025,account,medium,3.3,2.0, Closed 
TCK-003039,60,16 Sep 2025,SECURITY, High ,11.1,, Resolved
TCK-003040,1105,20/03/2025, Account, High ,23.9,5.0,resolved
TCK-003041,1257,2025-02-22,Technical, High,11.3,5.0, Open 
TCK-003042,1418,2025-02-21,Billing ,high,13.2,5.0,Resolved
TCK-003043,946,2025-11-12,billing, Medium ,16.8,4.0,resolved
TCK-003044,1151,07/06/2025,Security , Critical ,24.9,1.0,Open
TCK-003045,880,2025-04-02,Security,High ,13.9,1.0,Open 
TCK-003046,907,14 Jan 2025,Performance ,Critical ,4.0,2.0,Open
TCK-003047,68,14/09/2025, Security ,High,10.0,5.0,Open 
TCK-003048,1434,2025-02-20,PERFORMANCE,HIGH,9.8,5.0, Pending 
TCK-003049,331,2025-12-17,BILLING, Critical ,30.5,2.0,Pending
TCK-003050,5,20/12/2025,security,LOW,11.2,, Closed
TCK-003051,960,25 Sep 2025,billing,low,17.1,4.0,closed
TCK-003052,800005,11-12-2025,performance,High ,18.4,3.0, Closed 
TCK-003053,355,10/21/2025,TECHNICAL,HIGH,11.3,3.0,Closed
TCK-003054,580,04-05-2025,SECURITY,High ,7.7,1.0,Closed
TCK-003055,801,30/09/2025, Technical,HIGH,8.8,5.0, Pending 
TCK-003056,288,01 Apr 2025,Billing, Critical ,16.6,4.0,Open 
TCK-003057,651,04/10/2025,performance,MEDIUM,9.9,2.0,Pending
TCK-003058,571,09-02-2025,billing,MEDIUM,3.3,,Open 
TCK-003059,350,24 Sep 2025, Feature Request ,low,4.6,4.0,OPEN
TCK-003060,213,12-04-2025, Feature Request,medium,9.5,, Pending
TCK-003061,1474,21 Apr 2025,Technical , Medium ,16.0,1.0, Closed
TCK-003062,986,15-06-2025, Performance, Critical ,8.2,4.0, Pending 
TCK-003063,1011,04-11-2025,PERFORMANCE, Medium ,3.4,1.0,Closed
TCK-003064,20,02/11/2025,Billing,high,9.0,5.0,OPEN
TCK-003065,1354,12/14/2025, Account, Critical,12.8,4.0, Resolved 
TCK-003066,520,"Oct 30, 2025",SECURITY, High,1.9,1.0,RESOLVED
TCK-003067,724,06/04/2025, Feature Request, High,3.3,4.0, Pending
TCK-003068,952,01/10/2025,BILLING,Medium ,7.0,4.0,RESOLVED
TCK-003069,1311,15 Jun 2025,Security,critical,15.6,3.0,Open
TCK-003070,621,30/10/2025,Feature Request, Critical,24.8,1.0,Closed
TCK-003071,579,19/09/2025,performance,Medium ,7.3,2.0,Closed
TCK-003072,1365,27 Feb 2025,TECHNICAL,Low ,13.2,5.0,closed
TCK-003073,441,2025-01-26,performance, Low ,35.6,4.0,resolved
TCK-003074,590,"Dec 03, 2025", Account , Low ,33.9,3.0, Pending
TCK-003075,521,27/02/2025, Billing, Critical,11.1,4.0,open
TCK-003076,306,05-03-2025, Security,MEDIUM,5.5,3.0,RESOLVED
TCK-003077,1431,28 Dec 2025, Performance, Low,4.4,1.0, Pending 
TCK-003078,859,05-06-2025, Security ,low,8.3,2.0, Closed 
TCK-003079,318,11 May 2025,account,High,4.5,4.0,open
TCK-003080,1115,"Jan 23, 2025", Technical,CRITICAL,19.4,4.0, Open
TCK-003081,1267,29/06/2025,Feature Request,High,22.9,4.0,OPEN
TCK-003082,617,06/29/2025,Feature Request ,Medium ,11.1,4.0,Closed
TCK-003083,796,02/05/2025,Feature Request,LOW,10.7,1.0,pending
TCK-003084,1403,2025-09-24, Security ,High,20.4,4.0, Pending 
TCK-003085,131,08/29/2025,Performance ,Low ,4.8,,PENDING
TCK-003086,1149,10 Apr 2025, Security,LOW,5.1,5.0, Pending
TCK-003087,1165,"Sep 24, 2025",Account,Low ,25.7,, Resolved
TCK-003088,440,03/16/2025,Security,Critical ,14.4,4.0,Closed 
TCK-003089,1224,05/03/2025,Security, Critical,22.3,3.0,Resolved
TCK-003090,1119,"Dec 21, 2025",FEATURE REQUEST, High ,10.7,, Resolved
TCK-003091,1084,01/23/2025,billing,critical,18.2,5.0,OPEN
TCK-003092,1215,31-07-2025,performance,LOW,23.4,4.0,Pending
TCK-003093,1440,2025-12-18,Technical,Low,18.5,, Closed 
TCK-003094,1251,01/06/2025,Security ,MEDIUM,15.1,2.0, Closed 
TCK-003095,804,16/04/2025,Security,HIGH,9.1,3.0, Resolved
TCK-003096,139,2025-08-07,performance,Medium,35.6,4.0,RESOLVED
TCK-003097,411,2025-04-29,SECURITY,High ,17.4,3.0, Pending
TCK-003098,587,11/07/2025,feature request, Low,7.4,5.0,pending
TCK-003099,1210,"Jul 27, 2025",Technical, Medium,5.8,3.0,Closed 
TCK-003100,468,18/02/2025,Technical ,high,28.8,1.0, Resolved
TCK-003101,832,12 Mar 2025, Technical, Medium,22.9,2.0,Pending 
TCK-003102,1388,10/03/2025,billing,Low,4.3,4.0,RESOLVED
TCK-003103,302,08/19/2025,security, Critical ,26.3,1.0, Pending 
TCK-003104,490,17/05/2025,technical,Low ,27.7,1.0,Open 
TCK-003105,115,30 Dec 2025, Billing ,high,9.8,5.0,Resolved 
TCK-003106,1399,04/05/2025,BILLING, Low ,19.4,3.0,PENDING
TCK-003107,981,2025-07-31, Account ,High,21.7,5.0, Pending
TCK-003108,691,03-08-2025,SECURITY,low,23.6,5.0,closed
TCK-003109,316,"Mar 13, 2025",Billing ,critical,12.6,2.0, Open
TCK-003110,712,26-02-2025,account,High,15.1,3.0,Resolved 
TCK-003111,495,"Apr 28, 2025",performance,High ,37.1,4.0,OPEN
TCK-003112,302,2025-11-17, Billing,high,5.3,, Open 
TCK-003113,515,11/11/2025,Technical,medium,9.4,, Closed
TCK-003114,272,07/09/2025, Performance , Critical ,9.6,, Closed 
TCK-003115,219,10/11/2025,account, High ,12.4,3.0, Pending
TCK-003116,322,23/05/2025,billing,Low,14.2,3.0,Closed
TCK-003117,349,26 Apr 2025,Billing, Critical,18.3,, Resolved
TCK-003118,695,10 Sep 2025, Billing,High ,10.5,2.0, Closed
TCK-003119,201,"Sep 14, 2025",PERFORMANCE,Critical ,4.9,3.0,CLOSED
TCK-003120,785,05/28/2025,billing,Critical,11.5,2.0, Closed
TCK-003121,1119,23-07-2025,Technical ,low,20.4,1.0, Resolved 
TCK-003122,456,20 Aug 2025,Feature Request , Critical,26.3,4.0,Open 
TCK-003123,926,13 Jul 2025, Billing ,high,17.0,4.0,Open
TCK-003124,418,24 Jul 2025,FEATURE REQUEST,Medium ,4.2,1.0, Open 
TCK-003125,1001,20 Jan 2025, Account,Low ,7.6,4.0, Closed
TCK-003126,505,15 May 2025, Feature Request,Medium ,4.3,1.0,RESOLVED
TCK-003127,64,"Oct 11, 2025",FEATURE REQUEST,Low ,2.5,5.0,Pending 
TCK-003128,1382,25/09/2025,Feature Request, Critical ,20.4,4.0,Open
TCK-003129,141,"Apr 16, 2025",Technical ,High,50.4,5.0, Resolved
TCK-003130,519,03/11/2025,Feature Request,HIGH,37.5,,Resolved 
TCK-003131,1188,"Aug 09, 2025",Technical , Medium ,6.4,2.0, Pending 
TCK-003132,1266,05 May 2025,account,Low,39.6,3.0,RESOLVED
TCK-003133,301,19/04/2025, Security,low,6.7,2.0,closed
TCK-003134,1478,08/03/2025,account, Medium,14.2,,Pending
TCK-003135,186,"Feb 19, 2025",Performance,HIGH,3.3,2.0, Resolved
TCK-003136,1039,11/12/2025, Billing,Critical,25.9,1.0, Pending 
TCK-003137,1417,2025-01-18,billing,high,21.7,4.0,Closed
TCK-003138,1239,"Dec 28, 2025", Feature Request,High,13.5,,CLOSED
TCK-003139,496,25 Feb 2025,technical,High,6.6,3.0,closed
TCK-003140,1414,2025-02-16,BILLING, Critical,23.5,2.0,CLOSED
TCK-003141,219,08/06/2025,Billing ,HIGH,8.3,,Closed 
TCK-003142,1310,04/10/2025,Technical ,LOW,20.0,3.0,RESOLVED
TCK-003143,568,08/10/2025,Technical ,high,26.7,3.0,PENDING
TCK-003144,574,"Aug 11, 2025",Performance ,Medium ,4.4,3.0,Pending 
TCK-003145,583,"Jun 07, 2025", Account ,HIGH,24.3,1.0, Open 
TCK-003146,231,22/08/2025,FEATURE REQUEST,High ,10.1,5.0, Resolved 
TCK-003147,1369,21-10-2025,billing,Low,24.1,5.0,Open
TCK-003148,253,22 Mar 2025,TECHNICAL,CRITICAL,12.3,2.0, Open
TCK-003149,245,01/27/2025, Account,Critical ,15.0,5.0,PENDING
TCK-003150,1308,"Apr 21, 2025",Performance, Low,23.9,1.0,resolved
TCK-003151,666,25-10-2025,security,LOW,19.1,4.0, Open
TCK-003152,679,"Jul 14, 2025",Technical ,CRITICAL,8.3,2.0,open
TCK-003153,1304,"Aug 08, 2025",Billing,High ,41.6,, Resolved 
TCK-003154,1398,11/18/2025,PERFORMANCE,Medium ,12.7,3.0,resolved
TCK-003155,1459,07 Dec 2025,Performance ,critical,3.9,5.0,open
TCK-003156,482,27/01/2025, Account,MEDIUM,3.8,3.0,Resolved 
TCK-003157,596,2025-12-31, Technical,medium,14.8,4.0,CLOSED
TCK-003158,226,04/23/2025, Performance,Critical ,9.7,4.0, Resolved 
TCK-003159,1286,20-05-2025,billing,LOW,17.2,1.0,OPEN
TCK-003160,370,04/21/2025,TECHNICAL,Medium ,3.6,2.0,open
TCK-003161,610,07/24/2025,billing,low,39.3,2.0,OPEN
TCK-003162,241,18 Feb 2025,Performance,low,24.4,5.0, Closed
TCK-003163,1038,12/07/2025,Account, Low,18.3,5.0,resolved
TCK-003164,558,17-09-2025,Account ,High,22.1,2.0, Open 
TCK-003165,478,"Sep 23, 2025", Account ,Critical,9.8,, Resolved
TCK-003166,522,02/17/2025, Performance,Critical ,8.2,, Resolved
TCK-003167,44,10 Aug 2025, Performance ,HIGH,2.0,,resolved
TCK-003168,53,10-03-2025,TECHNICAL,HIGH,15.4,1.0,CLOSED
TCK-003169,774,2025-04-13, Billing ,Low ,12.0,, Resolved 
TCK-003170,274,19 Oct 2025,Performance, Low ,13.6,5.0,Closed 
TCK-003171,3,10/04/2025,Technical, Critical ,87.6,3.0,CLOSED
TCK-003172,320,23-07-2025,Feature Request ,High ,3.3,2.0,CLOSED
TCK-003173,77,"Oct 15, 2025",performance,high,22.2,3.0,Closed 
TCK-003174,252,09/06/2025,technical,Critical,30.2,1.0,Pending
TCK-003175,1472,02/08/2025,FEATURE REQUEST,MEDIUM,7.8,5.0,Open
TCK-003176,548,19/11/2025,Technical,high,2.9,2.0,Open
TCK-003177,1186,2025-12-24,Performance, Critical,6.6,, Open
TCK-003178,141,11/17/2025, Security ,critical,43.8,,Open
TCK-003179,271,04/24/2025,Account,High,6.9,5.0, Pending
TCK-003180,764,18-12-2025, Billing ,HIGH,28.3,2.0,Pending
TCK-003181,1377,"Aug 03, 2025",Security,High ,9.5,3.0,closed
TCK-003182,169,06/21/2025,BILLING, Medium ,24.1,5.0,Closed
TCK-003183,233,09/05/2025,Performance,High,41.0,3.0,Open
TCK-003184,1012,12 Aug 2025,FEATURE REQUEST,Medium ,15.2,,pending
TCK-003185,164,29/09/2025,Account ,low,9.9,2.0,pending
TCK-003186,17,11/16/2025, Billing ,Low ,2.5,1.0, Open
TCK-003187,463,16-06-2025, Technical, Low ,11.1,,Resolved
TCK-003188,541,25 Jun 2025,Account,Medium ,31.5,,RESOLVED
TCK-003189,640,25/11/2025,SECURITY,high,9.7,2.0,Closed
TCK-003190,70,"Mar 27, 2025",Billing ,Low ,1.6,3.0,OPEN
TCK-003191,532,"Mar 23, 2025",SECURITY,High ,7.4,5.0,closed
TCK-003192,911,29 Jul 2025,SECURITY,Medium ,17.3,2.0,PENDING
TCK-003193,597,14/11/2025,Feature Request,Medium,11.4,3.0, Closed
TCK-003194,1300,2025-07-30, Account ,high,15.7,4.0,resolved
TCK-003195,79,27 Mar 2025, Performance, High,19.4,2.0,CLOSED
TCK-003196,35,2025-11-11,Technical , Critical ,20.3,5.0,closed
TCK-003197,909,11 Jul 2025,account,low,2.4,5.0,Pending 
TCK-003198,401,2025-03-30,feature request, Medium,10.6,4.0, Resolved
TCK-003199,589,01/01/2025,billing,critical,25.1,5.0, Closed
TCK-003200,1397,"Oct 01, 2025", Performance,HIGH,14.8,4.0,OPEN
TCK-003201,560,06 Oct 2025,FEATURE REQUEST, Critical ,24.9,3.0,resolved
TCK-003202,1123,08/23/2025,Billing ,High,30.3,4.0,Pending
TCK-003203,185,24/07/2025,PERFORMANCE,MEDIUM,4.5,3.0,Resolved
TCK-003204,674,"Jun 02, 2025",Billing, Critical,23.9,,Closed 
TCK-003205,1069,"Mar 18, 2025", Security,High ,42.0,5.0,Closed 
TCK-003206,1316,2025-12-15,account,Medium,11.3,1.0, Closed
TCK-003207,1285,"Jul 25, 2025",performance, High,6.4,2.0,OPEN
TCK-003208,66,2025-04-01,billing,Low,15.6,3.0,Resolved 
TCK-003209,1287,05/08/2025,Account,High ,16.3,,resolved
TCK-003210,282,17 Oct 2025, Billing,CRITICAL,14.6,2.0, Resolved
TCK-003211,1332,27-08-2025, Feature Request ,Medium ,8.3,5.0, Pending
TCK-003212,1378,08-06-2025, Performance,high,25.6,5.0,Resolved 
TCK-003213,461,03 Mar 2025, Technical , Critical,22.0,4.0, Pending
TCK-003214,474,01-04-2025,FEATURE REQUEST, High,9.7,1.0,Pending 
TCK-003215,1266,12/06/2025,PERFORMANCE,High ,4.7,5.0,RESOLVED
TCK-003216,644,02/03/2025,technical,High,22.5,2.0,RESOLVED
TCK-003217,1267,19 Oct 2025,Feature Request,Medium,24.8,1.0,Open 
TCK-003218,860,02/26/2025, Feature Request,Critical,8.4,2.0,resolved
TCK-003219,1190,08/06/2025, Performance ,High ,2.8,2.0, Resolved
TCK-003220,586,2025-06-09,ACCOUNT,MEDIUM,5.4,,Closed 
TCK-003221,486,"Mar 17, 2025",TECHNICAL, Low ,35.9,,OPEN
TCK-003222,1420,28/02/2025,Feature Request, Low ,9.5,5.0, Resolved
TCK-003223,925,11/17/2025, Billing, High ,3.2,2.0,Pending
TCK-003224,21,16-11-2025, Security ,critical,13.9,3.0,OPEN
TCK-003225,386,28/04/2025,Billing,High ,13.2,3.0, Resolved 
TCK-003226,1458,16-12-2025, Feature Request ,Medium ,9.9,1.0,OPEN
TCK-003227,1115,2025-05-03,Feature Request,High ,27.8,2.0, Pending
TCK-003228,878,2025-02-15, Billing,medium,5.6,5.0,Open 
TCK-003229,1395,"Dec 02, 2025",technical, Critical ,20.8,4.0,Resolved 
TCK-003230,1402,19-01-2025, Performance ,medium,21.4,2.0,Resolved
TCK-003231,1468,02 May 2025,billing, Medium ,14.1,3.0,Open 
TCK-003232,802,06/01/2025, Feature Request,medium,23.0,5.0, Open 
TCK-003233,1062,"Nov 08, 2025",ACCOUNT,Medium ,6.3,2.0, Open
TCK-003234,166,20-03-2025,PERFORMANCE, Low,8.0,4.0, Closed
TCK-003235,934,11-05-2025,Performance ,low,6.4,2.0, Pending 
TCK-003236,65,08-06-2025, Security,low,36.6,1.0,Pending
TCK-003237,1114,"Dec 25, 2025",performance, Low,29.3,5.0,CLOSED
TCK-003238,881,25-10-2025,BILLING,HIGH,8.3,5.0,open
TCK-003239,770,06/18/2025,Performance , Medium ,8.0,1.0, Resolved 
TCK-003240,447,2025-07-15,feature request,Medium,4.4,3.0,CLOSED
TCK-003241,1174,2025-12-11,Account,Medium ,16.4,, Open 
TCK-003242,608,22 Jul 2025,Billing, Critical ,7.4,,Open 
TCK-003243,1387,18/01/2025,PERFORMANCE, Critical ,12.1,2.0,Closed
TCK-003244,191,"Oct 05, 2025",Account ,LOW,22.3,3.0,open
TCK-003245,611,26/07/2025,Feature Request ,high,14.7,3.0,Pending 
TCK-003246,889,19-02-2025,performance, Critical ,24.6,1.0,Pending
TCK-003247,1378,05-12-2025,Performance ,MEDIUM,4.9,5.0,open
TCK-003248,442,2025-10-31, Performance , Medium,22.9,2.0,Resolved 
TCK-003249,736,"Mar 18, 2025", Billing ,low,1.2,,closed
TCK-003250,46,2025-11-12,Technical , Medium ,8.7,5.0, Pending
TCK-003251,95,11-02-2025, Account , Low,31.3,,Pending
TCK-003252,861,2025-08-16,Billing, Low ,2.9,5.0,Resolved 
TCK-003253,333,15 Nov 2025, Feature Request , High ,19.7,3.0,Resolved
TCK-003254,426,"Dec 01, 2025", Technical,MEDIUM,3.4,1.0,Closed
TCK-003255,63,2025-07-18,ACCOUNT,critical,6.1,2.0, Closed 
TCK-003256,39,25-10-2025,SECURITY,Critical ,2.0,2.0,Open
TCK-003257,914,11 May 2025,security, Low ,13.2,,Open 
TCK-003258,809,09/01/2025,Security,Medium ,6.2,4.0,Open 
TCK-003259,422,2025-06-11,Billing,Critical,25.0,4.0,Pending
TCK-003260,756,06/12/2025, Technical,critical,8.7,4.0,Open
TCK-003261,59,"Dec 16, 2025", Billing,Low ,18.8,4.0,Resolved
TCK-003262,802,14 Feb 2025,Security,low,74.5,,CLOSED
TCK-003263,1122,20 Aug 2025, Performance, High ,16.2,1.0,Pending 
TCK-003264,311,"Mar 25, 2025", Feature Request,High ,13.7,1.0,RESOLVED
TCK-003265,835,02-01-2025,SECURITY,CRITICAL,29.0,4.0,CLOSED
TCK-003266,515,25-01-2025, Feature Request ,low,31.4,4.0,Pending 
TCK-003267,1448,30 Aug 2025, Technical,Critical,17.0,5.0, Resolved 
TCK-003268,1198,"Oct 15, 2025", Technical, Low,3.2,2.0,Resolved 
TCK-003269,1261,24/10/2025,Technical,low,14.8,3.0,Closed 
TCK-003270,485,"Feb 01, 2025",account,Low ,8.6,5.0,PENDING
TCK-003271,433,"Oct 20, 2025", Security, High ,5.0,1.0,Open
TCK-003272,603,2025-05-22,Account, Low,14.8,3.0, Closed
TCK-003273,655,10-08-2025, Security ,High ,13.3,4.0, Open
TCK-003274,834,2025-07-27,account, Critical,26.9,4.0,pending
TCK-003275,1101,27-12-2025,technical,high,4.9,,open
TCK-003276,1384,"Jan 21, 2025",Billing,CRITICAL,48.8,1.0,Resolved
TCK-003277,145,09 Apr 2025,feature request,Medium ,19.2,, Resolved
TCK-003278,937,13-01-2025,Security ,LOW,3.5,,Closed
TCK-003279,1369,2025-03-28,account,Critical,71.9,2.0,CLOSED
TCK-003280,778,2025-07-27,PERFORMANCE,high,9.4,2.0, Resolved 
TCK-003281,10,"May 11, 2025", Account, Medium ,15.9,4.0,Pending 
TCK-003282,1418,25-07-2025,Billing ,MEDIUM,13.5,4.0,Closed 
TCK-003283,23,01/26/2025, Performance ,Low,10.4,1.0,Closed 
TCK-003284,197,19 Jun 2025,PERFORMANCE,Critical,33.5,2.0,open
TCK-003285,157,20-07-2025,FEATURE REQUEST, Low ,30.7,,resolved
TCK-003286,336,05/11/2025,Technical,Low ,23.9,3.0,resolved
TCK-003287,397,12/10/2025,billing, Medium,26.6,3.0, Pending
TCK-003288,584,12-02-2025, Technical,HIGH,17.9,,Resolved 
TCK-003289,939,15/09/2025,SECURITY, High ,9.2,2.0,CLOSED
TCK-003290,1098,24 Apr 2025,feature request,Medium ,23.0,5.0,open
TCK-003291,285,02 Sep 2025, Security ,Low ,8.5,2.0,Pending
TCK-003292,549,12/13/2025, Technical ,High ,7.3,, Closed 
TCK-003293,1479,05 Jan 2025, Account,CRITICAL,33.9,5.0,Resolved 
TCK-003294,1172,"Jun 22, 2025", Feature Request ,Low ,18.7,1.0, Pending 
TCK-003295,589,2025-10-30, Technical ,critical,9.7,,resolved
TCK-003296,207,03-07-2025,Performance,Medium ,8.8,1.0, Closed
TCK-003297,1137,2025-01-13,Feature Request,low,14.9,2.0, Pending
TCK-003298,955,"Feb 10, 2025",Account , Low,9.5,4.0, Resolved
TCK-003299,1288,21/03/2025, Account,critical,27.3,2.0,OPEN
TCK-003300,318,30 Apr 2025,security,critical,21.3,4.0,Closed
TCK-003301,560,02/11/2025, Technical, High ,4.2,5.0, Resolved 
TCK-003302,438,06-05-2025,Account,High,11.1,4.0,open
TCK-003303,1076,06/30/2025,Performance,LOW,5.4,3.0,Closed 
TCK-003304,663,27 Jan 2025,Performance,Medium,7.6,5.0,RESOLVED
TCK-003305,62,12/08/2025, Technical,high,9.8,2.0, Open 
TCK-003306,573,"Apr 15, 2025",technical, Medium ,4.0,5.0,Pending
TCK-003307,738,11/01/2025,Account,HIGH,4.3,4.0, Open
TCK-003308,171,30-01-2025,FEATURE REQUEST,Low ,13.7,1.0,Pending
TCK-003309,405,"May 13, 2025", Billing , Medium ,1.8,2.0,Open 
TCK-003310,1170,09-04-2025,ACCOUNT,Medium ,20.4,,RESOLVED
TCK-003311,973,12/02/2025,billing, Critical,2.8,4.0,pending
TCK-003312,818,03/07/2025,ACCOUNT, Critical,46.6,2.0, Open 
TCK-003313,112,01-10-2025, Feature Request ,Low ,20.4,2.0, Resolved
TCK-003314,1066,"Jan 19, 2025",FEATURE REQUEST,HIGH,13.0,4.0, Closed 
TCK-003315,1452,17-11-2025, Performance ,Medium ,12.1,1.0,Resolved
TCK-003316,812,28/05/2025,Billing ,High,44.7,1.0,closed
TCK-003317,287,23/08/2025,Account,LOW,14.1,1.0,resolved
TCK-003318,1394,08/06/2025, Feature Request,Medium,14.1,2.0, Resolved 
TCK-003319,206,23/04/2025,Feature Request,Critical ,9.1,2.0,PENDING
TCK-003320,359,09-05-2025, Account,Medium ,18.1,4.0,Resolved 
TCK-003321,122,06/21/2025,Performance ,Medium,3.4,,Open
TCK-003322,1103,"Jul 06, 2025",account,Low,19.0,4.0,Pending 
TCK-003323,703,14 Jun 2025, Performance ,low,10.3,3.0,RESOLVED
TCK-003324,1206,13/02/2025,Feature Request , Low ,4.6,2.0,Pending
TCK-003325,397,07/10/2025, Account, High ,1.9,4.0,RESOLVED
TCK-003326,533,22 Apr 2025,Technical , Critical,20.0,, Resolved 
TCK-003327,178,06 Dec 2025, Technical , Medium ,7.4,1.0,Resolved 
TCK-003328,800004,"Jul 26, 2025",billing,Low ,12.6,1.0, Resolved
TCK-003329,1058,26-02-2025, Billing ,LOW,19.3,4.0, Open
TCK-003330,1423,22 Sep 2025,Security ,low,30.9,1.0,RESOLVED
TCK-003331,844,13 Oct 2025, Performance , High ,22.4,1.0,pending
TCK-003332,224,2025-12-14, Technical, Low,4.9,3.0, Resolved 
TCK-003333,45,2025-07-27,BILLING,MEDIUM,30.4,1.0,resolved
TCK-003334,642,01/24/2025, Performance ,medium,13.8,2.0, Resolved
TCK-003335,6,2025-01-16,billing, Medium ,8.1,2.0,closed
TCK-003336,406,28/11/2025, Feature Request,High ,19.9,3.0, Closed
TCK-003337,423,"Jun 27, 2025", Feature Request,HIGH,9.0,3.0, Open
TCK-003338,828,2025-12-30,technical,CRITICAL,3.0,4.0,Pending
TCK-003339,1110,"May 28, 2025", Account,LOW,35.2,, Closed
TCK-003340,1274,24-06-2025,Technical ,Critical ,5.2,2.0,Pending 
TCK-003341,538,"Jun 23, 2025", Security ,low,8.9,3.0, Open 
TCK-003342,225,19 Jul 2025,ACCOUNT, High,19.1,2.0,Resolved 
TCK-003343,489,25 May 2025, Billing,HIGH,30.4,5.0, Resolved 
TCK-003344,1421,23 Jun 2025,billing,High,11.9,5.0, Closed 
TCK-003345,544,01/19/2025,account,High,8.2,5.0,open
TCK-003346,20,"Sep 26, 2025", Technical , Low ,4.4,2.0,closed
TCK-003347,1321,17/03/2025,PERFORMANCE,CRITICAL,24.2,3.0,Resolved
TCK-003348,1337,12 Jul 2025,Performance ,LOW,3.8,3.0,PENDING
TCK-003349,959,"May 11, 2025",feature request,Critical,11.0,,Closed
TCK-003350,1466,21-09-2025,ACCOUNT, Low,18.4,2.0,PENDING
TCK-003351,286,09/29/2025,Security,Critical,12.4,1.0,RESOLVED
TCK-003352,874,01/28/2025,ACCOUNT,Critical,31.1,3.0,Pending 
TCK-003353,48,15 Nov 2025,security,Critical ,23.0,3.0,Closed
TCK-003354,220,18/12/2025,Performance, Critical ,19.3,,Open
TCK-003355,872,15-10-2025, Feature Request, Critical ,4.0,2.0,Closed 
TCK-003356,730,"Nov 19, 2025", Performance ,CRITICAL,17.1,3.0,Resolved
TCK-003357,946,26 Feb 2025,BILLING,critical,32.0,3.0,Pending
TCK-003358,461,17 Mar 2025,Billing, Critical ,6.7,1.0,PENDING
TCK-003359,752,2025-06-10,ACCOUNT,MEDIUM,16.1,1.0,Open
TCK-003360,224,01 Sep 2025,feature request, Medium ,8.2,5.0,resolved
TCK-003361,1465,26 Nov 2025,SECURITY,High,8.8,5.0, Closed 
TCK-003362,588,2025-10-08, Technical,Medium ,8.1,2.0, Resolved
TCK-003363,396,21 Oct 2025,billing,Low,5.4,5.0,Open
TCK-003364,1213,"Jul 31, 2025", Performance,critical,1.8,4.0,Resolved 
TCK-003365,675,30/01/2025, Account,Critical,15.0,3.0, Pending 
TCK-003366,173,03 Aug 2025,account,LOW,3.6,2.0,Closed
TCK-003367,695,04-02-2025, Performance ,high,26.2,1.0, Open 
TCK-003368,730,07/13/2025,performance,Low,34.6,,Pending
TCK-003369,867,22/07/2025,Security ,MEDIUM,46.2,3.0, Resolved
TCK-003370,140,08/12/2025, Security ,high,25.1,1.0,Open 
TCK-003371,1471,2025-10-28, Performance,HIGH,23.2,1.0,CLOSED
TCK-003372,1315,11 Aug 2025,Security ,low,6.6,4.0,OPEN
TCK-003373,375,29/08/2025,Account,MEDIUM,10.3,,Open 
TCK-003374,632,04-04-2025,Account , Medium,3.1,,Pending 
TCK-003375,1062,12-06-2025,billing, Medium ,22.4,5.0,CLOSED
TCK-003376,665,"Oct 06, 2025", Technical , Critical ,7.6,1.0, Pending
TCK-003377,253,01-09-2025,Technical ,LOW,27.6,, Closed 
TCK-003378,660,16/07/2025, Billing,Medium,5.3,2.0,Open 
TCK-003379,1249,2025-01-10,Feature Request,MEDIUM,7.5,1.0, Open 
TCK-003380,171,15-08-2025, Billing ,MEDIUM,14.3,5.0,Pending 
TCK-003381,844,14 Mar 2025,feature request,critical,24.2,5.0, Closed 
TCK-003382,916,2025-06-30,Performance,Critical,4.8,4.0, Resolved
TCK-003383,80,"Sep 15, 2025",Feature Request,Critical,2.8,4.0, Resolved 
TCK-003384,172,"Sep 19, 2025",ACCOUNT,low,15.0,4.0,Resolved
TCK-003385,1320,15/06/2025, Performance,High ,4.5,4.0, Closed
TCK-003386,686,05/01/2025,FEATURE REQUEST,CRITICAL,3.1,5.0, Closed 
TCK-003387,1149,19/10/2025, Security,Critical,7.0,2.0,pending
TCK-003388,1421,07/27/2025,FEATURE REQUEST, Low ,16.9,,Pending
TCK-003389,152,12/29/2025,Security ,Low,26.5,,Open 
TCK-003390,235,"Mar 08, 2025", Billing ,medium,3.2,3.0,Resolved 
TCK-003391,1265,29-03-2025,Security ,High,18.5,4.0,OPEN
TCK-003392,360,2025-01-06,Account,High,10.9,5.0,Resolved 
TCK-003393,1351,05-09-2025, Performance ,low,3.9,1.0,resolved
TCK-003394,30,2025-08-21,Security ,LOW,15.8,3.0,OPEN
TCK-003395,647,"Apr 24, 2025",Security ,Medium ,30.4,4.0,PENDING
TCK-003396,1146,01 Jul 2025, Feature Request, High ,11.5,5.0,closed
TCK-003397,606,2025-06-07, Feature Request, High,35.1,2.0,closed
TCK-003398,838,05-08-2025,SECURITY, High ,13.4,2.0,RESOLVED
TCK-003399,484,31-07-2025,performance,HIGH,15.3,4.0,Closed 
TCK-003400,219,2025-06-14,Billing,Low,12.5,4.0, Closed
TCK-003401,993,10-05-2025, Security, Medium ,15.4,4.0,Resolved 
TCK-003402,1195,06/08/2025, Security ,Low,36.0,4.0,RESOLVED
TCK-003403,961,25-07-2025,performance, Medium ,37.3,, Pending 
TCK-003404,1009,16 Jan 2025,Account,LOW,6.9,4.0,closed
TCK-003405,1086,2025-09-07, Technical, Low ,8.1,,closed
TCK-003406,1182,17/11/2025,Feature Request ,Low,18.2,,OPEN
TCK-003407,473,"May 07, 2025", Security,High,1.8,5.0,Resolved 
TCK-003408,763,2025-11-28,SECURITY,Medium,36.4,1.0,RESOLVED
TCK-003409,904,31 May 2025,Technical ,Critical,5.9,4.0,Resolved 
TCK-003410,47,18-06-2025,PERFORMANCE,Medium,9.5,3.0,Pending 
TCK-003411,105,"Mar 08, 2025",technical, Critical,3.4,2.0, Closed 
TCK-003412,986,01/18/2025,Billing,Medium ,20.3,1.0, Open
TCK-003413,590,05/07/2025,FEATURE REQUEST,High ,14.5,1.0, Resolved
TCK-003414,654,2025-11-25,Technical ,Critical ,3.9,3.0, Pending
TCK-003415,139,"Nov 23, 2025",technical,LOW,11.4,4.0,closed
TCK-003416,1076,17-01-2025, Technical,LOW,13.1,3.0,pending
TCK-003417,706,"May 03, 2025", Account ,Low ,11.1,, Open
TCK-003418,691,10/28/2025, Performance , Medium,32.6,4.0,Open 
TCK-003419,862,"Feb 01, 2025", Technical ,LOW,2.9,5.0,Closed
TCK-003420,1290,2025-03-30,ACCOUNT, Critical ,52.5,3.0, Open 
TCK-003421,695,2025-06-10, Feature Request,high,16.6,5.0,Pending 
TCK-003422,862,06-10-2025,Account , Medium,0.9,5.0,pending
TCK-003423,600,"Apr 06, 2025",billing,High,6.7,3.0, Resolved 
TCK-003424,837,16-09-2025, Security, Low,11.7,5.0,open
TCK-003425,1320,27-07-2025, Performance, Critical,12.4,3.0,open
TCK-003426,1167,2025-02-14,Account, Critical ,18.2,1.0, Closed 
TCK-003427,1254,24/12/2025,Security , Critical,6.1,3.0,Closed
TCK-003428,1133,"Feb 18, 2025",Feature Request,high,14.3,2.0,CLOSED
TCK-003429,342,06/12/2025, Billing , Medium ,6.7,1.0, Closed
TCK-003430,1466,"Jan 19, 2025", Performance,low,6.1,,Resolved
TCK-003431,847,08 Oct 2025,FEATURE REQUEST, Medium ,13.6,3.0, Resolved 
TCK-003432,284,06/28/2025,account,Critical ,11.8,5.0, Open
TCK-003433,688,12/19/2025,performance,High ,9.9,3.0,open
TCK-003434,763,27 Mar 2025,performance,Medium ,2.3,2.0, Resolved 
TCK-003435,302,31 Jan 2025, Performance,medium,13.7,5.0,pending
TCK-003436,1141,13 Feb 2025,account,low,33.2,2.0,Closed 
TCK-003437,800011,03/29/2025,ACCOUNT,High ,6.0,1.0,closed
TCK-003438,2,2025-07-14,Account ,High,14.1,3.0,closed
TCK-003439,99,2025-01-16,Security ,low,13.7,,Resolved
TCK-003440,82,31 Aug 2025,account,Medium,10.1,2.0, Open
TCK-003441,302,26 Jun 2025, Security ,medium,9.5,, Open 
TCK-003442,854,"Jun 23, 2025",Security,Medium ,2.2,3.0, Closed
TCK-003443,179,2025-08-25, Feature Request, Low,29.0,,RESOLVED
TCK-003444,609,01/03/2025, Technical, Medium ,5.2,1.0, Pending 
TCK-003445,746,2025-03-24,Performance, Medium ,23.8,5.0,OPEN
TCK-003446,929,06-12-2025,feature request, Low,41.7,2.0,Resolved
TCK-003447,1234,01/01/2025,FEATURE REQUEST,Critical ,9.4,2.0,pending
TCK-003448,551,25/10/2025,Security,High,18.8,4.0,Open 
TCK-003449,1254,25-05-2025, Technical,Low ,13.6,2.0,Closed
TCK-003450,1342,11/08/2025,technical,Medium,13.3,2.0,RESOLVED
TCK-003451,232,05 May 2025,FEATURE REQUEST, Low ,21.2,2.0, Closed
TCK-003452,1342,14 Sep 2025, Performance ,Low,9.5,3.0, Open
TCK-003453,1083,11 Nov 2025, Account, Medium,15.4,, Resolved
TCK-003454,1020,17-01-2025,TECHNICAL,Medium ,20.8,, Open
TCK-003455,117,08/20/2025,Technical , Medium ,34.5,3.0,Resolved
TCK-003456,219,"Jan 11, 2025",Security, High ,31.0,, Closed 
TCK-003457,68,"Apr 14, 2025", Performance,Critical,1.4,4.0,Closed
TCK-003458,598,06/01/2025,security,High ,18.0,5.0, Pending 
TCK-003459,228,23/11/2025, Security,Critical ,12.5,4.0,resolved
TCK-003460,604,2025-06-25, Performance , High ,11.0,, Closed
TCK-003461,538,"Dec 29, 2025",technical,high,30.3,3.0, Resolved
TCK-003462,964,27/08/2025, Billing,Low ,8.3,3.0, Closed 
TCK-003463,36,2025-12-17,PERFORMANCE,HIGH,10.3,1.0,pending
TCK-003464,1342,29/01/2025,Billing , High,4.9,1.0,OPEN
TCK-003465,795,09/01/2025,account,MEDIUM,17.7,1.0,pending
TCK-003466,778,27 Sep 2025, Technical,LOW,21.3,4.0,closed
TCK-003467,1038,01/09/2025,Performance ,MEDIUM,37.3,4.0, Pending
TCK-003468,863,11/10/2025, Billing , Low,7.9,4.0,Resolved
TCK-003469,935,25-09-2025,Technical,Medium,4.5,1.0, Closed 
TCK-003470,62,23-09-2025, Security,Critical ,15.1,5.0,Pending 
TCK-003471,524,12/24/2025,technical,Medium,35.0,,closed
TCK-003472,1151,03/19/2025, Feature Request,MEDIUM,10.2,5.0,closed
TCK-003473,455,13 Nov 2025, Security, High,12.3,4.0, Closed 
TCK-003474,929,2025-05-11,feature request, Low ,22.2,4.0,Open 
TCK-003475,388,2025-01-17, Performance, High,4.5,3.0,OPEN
TCK-003476,931,26/05/2025,technical, Medium ,17.5,1.0, Pending 
TCK-003477,758,01 Aug 2025, Feature Request ,LOW,16.2,3.0, Closed
TCK-003478,199,10-03-2025,TECHNICAL,Medium ,5.9,1.0,CLOSED
TCK-003479,618,20/02/2025,PERFORMANCE,CRITICAL,7.3,,Pending
TCK-003480,250,2025-12-07,Technical,LOW,5.7,,PENDING
TCK-003481,521,14/11/2025,Feature Request ,Medium ,61.0,5.0,Resolved
TCK-003482,1131,2025-05-12, Security, Medium ,31.3,3.0, Resolved 
TCK-003483,305,08/04/2025,Billing,LOW,30.6,1.0,resolved
TCK-003484,1001,17-03-2025,Performance, Low,11.7,5.0,Pending
TCK-003485,1485,"Dec 08, 2025",Account,HIGH,4.5,3.0,Open
TCK-003486,1387,08/02/2025,billing, Low ,19.3,,Closed
TCK-003487,1124,09/09/2025,PERFORMANCE,High,17.0,5.0,Pending 
TCK-003488,1090,"Oct 29, 2025",PERFORMANCE,LOW,9.2,2.0, Closed
TCK-003489,37,09/13/2025,SECURITY, High ,16.7,5.0, Resolved
TCK-003490,351,10/08/2025, Security ,LOW,13.4,5.0,Open 
TCK-003491,896,29-06-2025,Feature Request ,LOW,13.3,,Pending 
TCK-003492,1108,"Jun 15, 2025", Performance, Medium ,4.1,2.0,Open
TCK-003493,141,08 Aug 2025,Billing , Medium,0.6,2.0,pending
TCK-003494,1110,11 Oct 2025, Billing ,low,13.0,1.0, Resolved
TCK-003495,450,24/09/2025,Performance,low,7.2,4.0,Pending
TCK-003496,1392,03/21/2025, Account ,High ,5.4,3.0,open
TCK-003497,290,20-09-2025, Security , Low ,13.1,3.0,open
TCK-003498,733,29-03-2025, Billing ,High ,34.1,4.0,Closed 
TCK-003499,1158,15/02/2025,TECHNICAL, High,4.4,1.0, Resolved 
TCK-003500,520,"Mar 25, 2025",Technical ,High ,35.7,5.0,pending
TCK-003501,1144,11/17/2025,Account,MEDIUM,12.1,1.0, Closed
TCK-003502,1395,09/02/2025,Account,critical,7.6,5.0,OPEN
TCK-003503,632,12/04/2025, Technical,CRITICAL,4.8,1.0,pending
TCK-003504,1245,14 Oct 2025,TECHNICAL, Low ,9.6,4.0,Open
TCK-003505,1086,08/22/2025,technical, Medium ,2.8,3.0,closed
TCK-003506,1204,01/17/2025,technical, Low ,12.1,2.0,PENDING
TCK-003507,1103,01/26/2025, Account , Medium ,6.4,5.0,Open 
TCK-003508,177,28 Jan 2025,performance,high,17.1,4.0,CLOSED
TCK-003509,1324,"Aug 12, 2025",Account,Medium,17.5,2.0, Closed
TCK-003510,1115,12/06/2025,Security ,Low,7.4,,Resolved 
TCK-003511,319,04/30/2025,BILLING, Low ,4.9,,Closed
TCK-003512,371,11-02-2025,PERFORMANCE, Low ,24.8,3.0, Closed
TCK-003513,1070,03/13/2025,Feature Request ,high,14.7,5.0,CLOSED
TCK-003514,92,"Jul 31, 2025", Technical ,High ,12.4,,PENDING
TCK-003515,1144,"Dec 21, 2025",feature request,low,12.3,5.0,Open 
TCK-003516,1307,12/11/2025,Billing,MEDIUM,19.0,3.0, Resolved 
TCK-003517,719,11/08/2025,Feature Request,Low,29.7,1.0,Pending 
TCK-003518,136,12/02/2025, Feature Request ,Medium ,21.7,3.0,Open 
TCK-003519,449,"Aug 04, 2025", Billing, High,23.3,2.0, Closed 
TCK-003520,1007,19 Jun 2025, Security,high,9.5,,RESOLVED
TCK-003521,502,03/20/2025, Performance,LOW,2.8,3.0,OPEN
TCK-003522,15,2025-06-16,Security , Critical,8.5,4.0,resolved
TCK-003523,759,15 Aug 2025,Technical , Critical,2.0,1.0, Closed
TCK-003524,984,17 Dec 2025,Account, Medium,13.4,, Closed 
TCK-003525,913,10-10-2025,technical,Low ,9.2,2.0, Open
TCK-003526,184,2025-08-28, Performance, Medium ,22.6,4.0,CLOSED
TCK-003527,1057,27 Jun 2025, Billing ,MEDIUM,10.7,1.0,OPEN
TCK-003528,531,2025-08-27,Security ,MEDIUM,38.9,3.0, Resolved 
TCK-003529,223,22/11/2025,Technical,Medium,48.6,2.0, Pending
TCK-003530,57,17/02/2025, Security ,Low ,3.9,1.0,open
TCK-003531,760,23-05-2025,ACCOUNT, Critical,21.8,2.0, Open
TCK-003532,871,31 May 2025, Technical ,MEDIUM,9.6,5.0,CLOSED
TCK-003533,969,01-11-2025, Performance ,Medium ,10.3,2.0,Open
TCK-003534,96,"Nov 24, 2025",TECHNICAL,CRITICAL,25.3,5.0,closed
TCK-003535,669,"Feb 20, 2025",BILLING, Medium ,7.8,3.0, Resolved 
TCK-003536,1202,2025-09-07, Billing,high,12.6,1.0, Resolved 
TCK-003537,1274,30/09/2025,Account ,Critical ,2.0,3.0,closed
TCK-003538,801,06/05/2025, Account, High ,8.4,,Open
TCK-003539,362,06-03-2025,Performance ,MEDIUM,20.5,1.0, Open 
TCK-003540,18,29/06/2025,SECURITY,Low ,5.1,3.0, Resolved 
TCK-003541,1312,"Jul 03, 2025", Technical , Medium,12.7,,Closed
TCK-003542,65,2025-06-26, Account ,Medium,38.7,2.0,RESOLVED
TCK-003543,686,17 May 2025, Account ,Medium ,3.7,4.0,OPEN
TCK-003544,113,24 May 2025,SECURITY,Medium,52.3,4.0, Closed
TCK-003545,479,04-11-2025, Billing, High,19.9,1.0,Resolved
TCK-003546,250,"Feb 17, 2025", Performance ,Critical ,40.1,, Open
TCK-003547,537,2025-07-07,Billing,high,21.4,,Resolved
TCK-003548,136,08/27/2025,PERFORMANCE,medium,6.4,4.0,PENDING
TCK-003549,678,2025-03-22,SECURITY, Critical ,18.1,4.0,Closed
TCK-003550,225,01-12-2025, Performance , High ,13.7,4.0,open
TCK-003551,203,28-05-2025, Performance,HIGH,16.4,,Open
TCK-003552,1304,08/19/2025,PERFORMANCE,Critical,29.4,1.0,Resolved 
TCK-003553,202,2025-08-10, Technical ,Low ,14.7,,OPEN
TCK-003554,1497,25/04/2025,Performance ,High,3.1,2.0,resolved
TCK-003555,1280,09/02/2025, Technical , High ,9.7,,Open 
TCK-003556,1467,26 Aug 2025, Feature Request, Critical ,20.6,2.0,PENDING
TCK-003557,846,07-02-2025,SECURITY,High ,8.3,3.0, Open
TCK-003558,887,20-12-2025,security,MEDIUM,23.1,, Open
TCK-003559,858,"Mar 10, 2025",PERFORMANCE, Low,9.7,2.0,Pending 
TCK-003560,334,30/04/2025,Security ,Low,20.7,3.0, Open 
TCK-003561,474,03/14/2025,Performance, High,8.6,4.0, Pending 
TCK-003562,882,13-05-2025,Performance,low,6.5,,Open 
TCK-003563,963,30/06/2025,Billing, Critical,24.0,2.0, Pending 
TCK-003564,1059,29-03-2025, Feature Request ,Low ,35.7,2.0, Resolved 
TCK-003565,808,2025-04-27,Account , High ,9.7,5.0, Closed
TCK-003566,1477,2025-04-18, Account ,Low ,23.5,5.0, Resolved 
TCK-003567,1289,"May 06, 2025", Security, Medium,26.5,,RESOLVED
TCK-003568,730,2025-10-12, Performance,Medium ,14.1,3.0,open
TCK-003569,767,2025-10-25, Account ,Low,2.5,5.0,RESOLVED
TCK-003570,1010,"Dec 01, 2025",Security , High,30.7,1.0, Open 
TCK-003571,134,"Sep 07, 2025", Technical ,High ,24.4,, Open
TCK-003572,1450,"Jan 05, 2025",TECHNICAL, High,20.1,3.0, Closed
TCK-003573,75,"Feb 06, 2025",account, Low,2.3,4.0,Resolved
TCK-003574,672,16-05-2025,account,CRITICAL,0.8,1.0,Open 
TCK-003575,939,05/16/2025, Technical,Critical,3.4,2.0,Resolved 
TCK-003576,978,17 Aug 2025,Feature Request ,Medium,2.8,3.0, Resolved 
TCK-003577,643,01/03/2025, Feature Request ,Critical,25.4,3.0,Open
TCK-003578,1274,"Aug 08, 2025",Account ,MEDIUM,54.5,,Closed 
TCK-003579,807,23/10/2025,PERFORMANCE,CRITICAL,43.5,2.0, Pending
TCK-003580,576,01/05/2025, Security,High ,10.0,4.0,PENDING
TCK-003581,1104,27 Jun 2025,Performance , High,11.6,2.0,resolved
TCK-003582,1108,26-01-2025,account,HIGH,12.7,3.0,Closed 
TCK-003583,322,08/28/2025, Billing,CRITICAL,22.3,3.0,OPEN
TCK-003584,1294,2025-12-13, Feature Request, High ,25.5,,RESOLVED
TCK-003585,1401,"Feb 13, 2025",Security ,Medium ,7.1,4.0,Resolved
TCK-003586,1057,"Jun 25, 2025", Technical,Critical ,10.5,,Closed 
TCK-003587,1428,03 Oct 2025,Performance, High ,12.2,4.0, Closed
TCK-003588,331,30 Oct 2025,ACCOUNT, High ,16.3,2.0,RESOLVED
TCK-003589,1137,11/25/2025, Technical,HIGH,11.0,1.0, Resolved
TCK-003590,698,2025-03-30,Feature Request,critical,3.0,2.0, Resolved 
TCK-003591,218,29/05/2025,Technical,High,6.5,3.0,CLOSED
TCK-003592,1136,"May 27, 2025",security,medium,14.4,,Resolved 
TCK-003593,229,26/09/2025,Performance ,Medium,8.4,5.0, Open
TCK-003594,1019,"May 23, 2025",Security,Medium,10.8,5.0,PENDING
TCK-003595,1056,11/04/2025,Billing ,Low ,2.0,3.0,PENDING
TCK-003596,989,26 Jun 2025,billing,CRITICAL,22.7,2.0, Pending
TCK-003597,548,02/11/2025, Security ,CRITICAL,11.3,1.0,resolved
TCK-003598,452,16 Oct 2025,feature request,LOW,8.3,2.0,open
TCK-003599,1070,26 Dec 2025,TECHNICAL,Low ,20.7,,Closed 
TCK-003600,1221,05/12/2025,performance, Critical,43.3,5.0,Closed 
TCK-003601,1449,"Oct 09, 2025",Feature Request ,High,9.8,3.0,pending
TCK-003602,140,13-03-2025,SECURITY,critical,10.9,4.0, Pending 
TCK-003603,961,28/07/2025,Security, Low ,17.0,1.0,Pending
TCK-003604,1214,08/03/2025, Security, Medium ,24.0,4.0,Closed
TCK-003605,21,"Apr 08, 2025",performance,Medium ,13.4,5.0,Closed 
TCK-003606,404,2025-07-22,Performance ,Low ,13.4,, Pending
TCK-003607,1446,31/03/2025,security,Critical,1.7,2.0,PENDING
TCK-003608,1455,05/12/2025, Security , High,6.9,1.0,pending
TCK-003609,4,27 Jul 2025,Performance ,LOW,14.2,2.0,Closed 
TCK-003610,434,04/22/2025,TECHNICAL,CRITICAL,6.0,3.0, Open
TCK-003611,49,16/03/2025,Performance , High ,32.1,4.0,open
TCK-003612,1134,"Aug 15, 2025", Account , High ,29.0,4.0,Closed 
TCK-003613,209,2025-12-17, Billing, High,23.5,4.0,OPEN
TCK-003614,725,09/24/2025,Feature Request ,Medium ,13.3,, Pending 
TCK-003615,458,"Jan 08, 2025",BILLING,Medium,17.4,3.0, Closed
TCK-003616,433,2025-08-25, Security, Low ,6.1,2.0, Closed
TCK-003617,1462,2025-03-23,TECHNICAL, Critical ,11.9,5.0,RESOLVED
TCK-003618,498,"Nov 09, 2025", Security ,Critical,6.1,4.0, Resolved
TCK-003619,1441,05/02/2025, Account,medium,18.3,1.0,open
TCK-003620,221,05/11/2025,account,CRITICAL,36.7,,OPEN
TCK-003621,539,"Sep 08, 2025",FEATURE REQUEST,Critical,36.7,1.0,Resolved 
TCK-003622,81,2025-11-30,technical, Low,14.4,,Resolved 
TCK-003623,1499,"Mar 22, 2025",technical, High,36.2,5.0,Resolved 
TCK-003624,897,"Oct 23, 2025",technical,medium,10.8,3.0,pending
TCK-003625,1068,04 Dec 2025,PERFORMANCE,Low,12.3,1.0, Closed
TCK-003626,990,11/01/2025,security,medium,20.4,,pending
TCK-003627,1122,23/08/2025,Performance,High ,8.4,5.0,Pending
TCK-003628,1178,30/09/2025,SECURITY,low,13.2,3.0,pending
TCK-003629,263,01-09-2025,security,Medium,25.0,3.0,Pending 
TCK-003630,994,28 Sep 2025, Account ,LOW,24.2,5.0,CLOSED
TCK-003631,1225,06 Apr 2025,feature request,CRITICAL,7.2,2.0, Open
TCK-003632,1149,29 May 2025,Feature Request ,HIGH,14.8,1.0,Closed 
TCK-003633,1117,"Dec 12, 2025",BILLING,LOW,16.6,4.0,RESOLVED
TCK-003634,1426,2025-01-19, Security,MEDIUM,33.5,2.0,open
TCK-003635,362,30-01-2025, Security, Medium ,7.5,4.0, Open 
TCK-003636,108,24 Dec 2025,Security,low,5.2,5.0, Closed
TCK-003637,260,04/04/2025,Security , Medium ,65.6,4.0,closed
TCK-003638,508,07-10-2025, Feature Request ,LOW,22.2,4.0,PENDING
TCK-003639,79,21/04/2025, Technical,High ,11.5,5.0,pending
TCK-003640,696,06/09/2025,Technical , Low,3.6,2.0,PENDING
TCK-003641,1102,"Mar 18, 2025", Billing, Medium,5.0,2.0, Resolved
TCK-003642,545,2025-06-25, Account , Critical ,14.8,, Pending
TCK-003643,473,19/01/2025,security, Medium,8.4,3.0,Pending 
TCK-003644,735,2025-11-22, Billing,High ,6.8,1.0,PENDING
TCK-003645,627,"Mar 03, 2025", Account,Medium,21.1,2.0,Pending 
TCK-003646,1151,2025-09-19,Security, Low,4.5,1.0, Closed 
TCK-003647,781,2025-09-17, Technical,Medium,49.0,4.0,Closed 
TCK-003648,627,27/01/2025,technical, Medium,19.5,4.0, Resolved 
TCK-003649,390,12-07-2025, Feature Request,medium,28.4,4.0, Open 
TCK-003650,1355,2025-04-06,BILLING,High ,28.7,4.0,pending
TCK-003651,654,21 Apr 2025, Technical, Low ,13.6,5.0,resolved
TCK-003652,355,"Dec 26, 2025", Technical,Low ,15.4,4.0,Pending 
TCK-003653,1412,08/05/2025,billing, Critical,6.1,1.0,Resolved 
TCK-003654,736,26-09-2025, Account ,Low,25.5,2.0,Resolved 
TCK-003655,271,17 Aug 2025, Technical ,High ,19.6,5.0,OPEN
TCK-003656,915,22 Dec 2025,Account,Low,20.8,2.0,open
TCK-003657,1015,2025-06-06,feature request,Critical ,34.3,2.0,RESOLVED
TCK-003658,402,2025-02-22,Security , Medium,18.9,5.0, Pending 
TCK-003659,1236,05/12/2025,ACCOUNT,Critical ,6.2,3.0, Closed
TCK-003660,1086,16-10-2025,BILLING, Medium,13.8,3.0,closed
TCK-003661,939,15 Jan 2025, Feature Request,medium,18.5,4.0, Resolved 
TCK-003662,626,14/05/2025, Performance,Low,3.8,1.0, Resolved
TCK-003663,1384,07-09-2025, Account ,Critical ,3.4,2.0,Resolved
TCK-003664,258,2025-04-26,TECHNICAL,High ,5.9,,PENDING
TCK-003665,1123,"Aug 25, 2025",Account,Medium,2.8,2.0, Pending
TCK-003666,142,2025-07-15,account, Critical ,6.1,2.0, Resolved
TCK-003667,1044,"Jul 12, 2025",ACCOUNT,Critical,19.3,5.0,Closed 
TCK-003668,1315,2025-12-09, Billing,Low,19.8,1.0,Open
TCK-003669,1228,25 Nov 2025, Security ,Critical,6.0,4.0, Resolved 
TCK-003670,1339,2025-11-02,Billing, High,16.3,3.0, Pending
TCK-003671,1256,07/29/2025,Security,medium,20.2,5.0, Pending 
TCK-003672,102,04/05/2025,feature request,MEDIUM,17.5,, Closed
TCK-003673,565,"Nov 15, 2025", Technical ,Critical,31.6,,Resolved
TCK-003674,667,2025-07-27,technical, Low,34.1,, Pending 
TCK-003675,1113,2025-05-07,Feature Request, Critical,3.3,3.0, Pending
TCK-003676,1131,14/07/2025,billing,LOW,20.6,3.0, Resolved 
TCK-003677,1198,15/11/2025,Technical ,LOW,21.9,,PENDING
TCK-003678,777,30-09-2025,performance,Medium ,32.5,,Closed 
TCK-003679,133,"Nov 29, 2025", Feature Request,LOW,10.9,5.0,Pending
TCK-003680,823,24-02-2025,BILLING, High,39.8,1.0,RESOLVED
TCK-003681,16,10-01-2025,TECHNICAL, Medium ,10.6,2.0,pending
TCK-003682,1353,03-08-2025, Account ,Critical,23.6,4.0,Pending
TCK-003683,278,22 May 2025,Technical,HIGH,20.0,4.0,RESOLVED
TCK-003684,1047,25/03/2025,Performance , Medium,37.4,4.0, Open
TCK-003685,1156,2025-06-17,Performance,CRITICAL,4.3,2.0, Pending 
TCK-003686,254,22 Apr 2025,TECHNICAL,Critical,19.7,, Resolved 
TCK-003687,981,01-01-2025,Security, Low ,32.1,1.0,Open 
TCK-003688,1038,"Jul 28, 2025", Account, Low,5.1,4.0,Closed 
TCK-003689,95,12 Dec 2025, Security,Critical ,3.2,3.0,Pending
TCK-003690,340,08/27/2025,Billing , Medium ,22.7,, Resolved
TCK-003691,922,2025-04-18,Performance ,HIGH,11.2,5.0,RESOLVED
TCK-003692,302,06/24/2025,billing, Medium,10.3,1.0,RESOLVED
TCK-003693,50,2025-03-12,Security, Critical,13.9,2.0, Resolved
TCK-003694,1108,11-08-2025, Billing ,Critical ,35.5,5.0,resolved
TCK-003695,736,20/11/2025,PERFORMANCE, Low ,11.8,3.0,resolved
TCK-003696,446,11 Apr 2025,technical, High ,14.4,4.0,CLOSED
TCK-003697,1167,12/31/2025, Billing ,Low ,13.4,3.0,Pending
TCK-003698,260,31-12-2025, Technical , Low ,2.3,2.0,PENDING
TCK-003699,105,17/04/2025, Feature Request ,low,8.6,3.0, Resolved
TCK-003700,1353,16/05/2025, Account ,critical,11.8,5.0, Resolved
TCK-003701,423,25/11/2025,FEATURE REQUEST, Low,26.7,1.0, Open 
TCK-003702,89,17-07-2025,Performance,low,35.1,2.0,Pending 
TCK-003703,655,08/06/2025,security, Low,16.1,3.0,PENDING
TCK-003704,1206,"Aug 18, 2025", Security ,LOW,19.5,2.0,pending
TCK-003705,1243,16 Jul 2025,account,HIGH,19.5,,Pending 
TCK-003706,234,11-04-2025, Billing, Medium ,18.1,5.0, Pending
TCK-003707,841,2025-02-04,performance, Low,10.8,5.0,Closed
TCK-003708,826,30-11-2025,billing,medium,25.3,5.0, Pending 
TCK-003709,1062,03/22/2025,Account ,Medium ,17.7,1.0,Closed 
TCK-003710,1161,10/28/2025,Technical ,LOW,6.3,,Pending
TCK-003711,1066,24/07/2025, Account ,HIGH,25.8,2.0,open
TCK-003712,802,"Sep 04, 2025",billing, Medium,26.5,3.0,Resolved
TCK-003713,1023,2025-08-13, Technical , Low ,12.0,3.0,CLOSED
TCK-003714,1348,"Feb 14, 2025",PERFORMANCE,Medium ,6.1,5.0,Resolved 
TCK-003715,1402,2025-02-16,Billing , Medium,13.0,2.0,Open 
TCK-003716,88,2025-03-26,BILLING,Critical,35.7,3.0, Closed
TCK-003717,1238,16/06/2025,security,LOW,9.2,3.0, Closed 
TCK-003718,1152,2025-08-15,Billing , Low,11.8,1.0,Closed
TCK-003719,718,2025-01-21,PERFORMANCE,High,11.8,3.0, Resolved
TCK-003720,690,2025-05-30,SECURITY,High,27.8,4.0, Open 
TCK-003721,729,06-07-2025, Technical,Low,0.8,2.0,Closed
TCK-003722,273,"Jul 20, 2025", Technical ,high,26.8,,closed
TCK-003723,669,12/12/2025,Technical,low,5.4,1.0, Closed
TCK-003724,1133,12/26/2025,Performance,medium,7.0,2.0,Closed
TCK-003725,42,07/09/2025, Security, Critical,30.3,1.0, Open 
TCK-003726,922,2025-08-03,Security ,Medium ,13.1,, Resolved
TCK-003727,225,10 Apr 2025, Billing , Low ,15.3,,PENDING
TCK-003728,156,"May 28, 2025",Billing, Critical ,13.5,4.0,CLOSED
TCK-003729,546,2025-10-30,Billing ,low,28.3,5.0, Resolved 
TCK-003730,1178,15-09-2025,Account , High ,10.8,2.0, Pending 
TCK-003731,431,12 Feb 2025,ACCOUNT,Critical,11.6,4.0, Open 
TCK-003732,610,19-06-2025, Performance,Low ,13.0,,RESOLVED
TCK-003733,1420,2025-12-12, Performance,Critical ,17.4,2.0, Open 
TCK-003734,32,11-07-2025,Performance,medium,24.2,3.0, Pending
TCK-003735,672,2025-02-02,technical,Low ,5.2,2.0, Closed 
TCK-003736,953,15/12/2025,TECHNICAL, Medium ,22.9,, Closed 
TCK-003737,98,16/05/2025,Security,CRITICAL,13.7,3.0,Open
TCK-003738,558,01/11/2025,Security,High ,11.6,1.0, Open
TCK-003739,1141,09-01-2025,Feature Request ,LOW,10.5,, Resolved
TCK-003740,773,2025-04-28,Performance ,CRITICAL,27.4,,Open 
TCK-003741,877,15/08/2025,billing,Critical,7.4,5.0, Resolved
TCK-003742,192,08 Apr 2025,ACCOUNT,Low,10.1,1.0,resolved
TCK-003743,601,12-08-2025,security,Low ,5.5,4.0,pending
TCK-003744,1004,"Mar 31, 2025",performance,medium,15.6,2.0,PENDING
TCK-003745,45,"Aug 29, 2025",TECHNICAL, Medium,36.7,,open
TCK-003746,664,2025-05-30,SECURITY, Critical ,40.3,1.0,OPEN
TCK-003747,1000,"Jun 19, 2025",Billing,critical,26.6,4.0,RESOLVED
TCK-003748,110,"Oct 26, 2025",Security,Low,6.2,,Resolved
TCK-003749,1017,21 Oct 2025, Feature Request , Medium,12.3,5.0,PENDING
TCK-003750,561,2025-06-19,SECURITY, High,13.5,3.0,Closed
TCK-003751,330,07 Jan 2025,Performance ,Low,13.0,1.0,Pending 
TCK-003752,940,2025-07-12, Feature Request,critical,13.1,1.0, Pending
TCK-003753,683,06/14/2025,Technical,high,8.1,3.0, Resolved 
TCK-003754,919,"Jun 18, 2025",FEATURE REQUEST,Critical,30.8,3.0,Open 
TCK-003755,524,18-12-2025,security, High ,11.9,4.0,resolved
TCK-003756,76,12/20/2025,security,Critical ,20.7,1.0, Pending
TCK-003757,1404,2025-06-29,account, Critical ,11.2,2.0,CLOSED
TCK-003758,393,02-03-2025,TECHNICAL,low,40.7,4.0,resolved
TCK-003759,195,2025-07-26,PERFORMANCE,Medium,15.0,4.0, Open
TCK-003760,574,"Feb 16, 2025",Security , Medium,13.3,,closed
TCK-003761,465,20-09-2025,Technical ,HIGH,35.7,3.0, Open
TCK-003762,1254,"Feb 11, 2025",Billing ,Critical ,22.8,4.0,CLOSED
TCK-003763,206,"Jan 13, 2025",Account,High ,11.0,4.0,closed
TCK-003764,827,26-02-2025,performance, Medium,15.4,1.0,Open
TCK-003765,1437,01/10/2025, Feature Request , Low ,25.2,2.0, Resolved
TCK-003766,1069,14/10/2025,Security ,MEDIUM,5.9,, Closed 
TCK-003767,1115,2025-10-27,Feature Request,critical,21.0,3.0,open
TCK-003768,326,03/27/2025,PERFORMANCE, High ,13.5,,Resolved 
TCK-003769,662,2025-10-20,account,HIGH,12.8,5.0,resolved
TCK-003770,320,15-02-2025,TECHNICAL,High ,32.6,3.0, Open 
TCK-003771,1485,26-01-2025,Billing , Medium ,26.0,1.0,Pending 
TCK-003772,799,30/07/2025,Performance,High ,12.4,5.0,Pending 
TCK-003773,1370,20-06-2025,billing,medium,28.0,4.0,Pending 
TCK-003774,838,08/04/2025,Technical, Critical,45.4,4.0, Open
TCK-003775,1125,12-02-2025,Performance,low,13.8,2.0,Resolved 
TCK-003776,553,"Oct 20, 2025",SECURITY,Low,5.0,,OPEN
TCK-003777,1111,2025-12-17, Performance ,LOW,28.1,4.0, Closed
TCK-003778,796,03 Apr 2025,account,Critical ,21.7,5.0,resolved
TCK-003779,249,19/03/2025, Performance,LOW,9.8,3.0,Pending 
TCK-003780,80,"Sep 29, 2025", Account, High,4.2,3.0, Open 
TCK-003781,1391,2025-02-15,Technical,Medium,13.9,1.0,Pending
TCK-003782,107,"Feb 13, 2025",FEATURE REQUEST,medium,22.3,5.0,open
TCK-003783,861,2025-11-27,Security ,Medium ,30.8,5.0,closed
TCK-003784,1042,19 Jul 2025, Feature Request,Low ,15.1,5.0,PENDING
TCK-003785,50,09/16/2025, Feature Request,MEDIUM,3.6,3.0,Pending 
TCK-003786,1318,12-03-2025,SECURITY, Medium,27.9,4.0, Closed 
TCK-003787,490,"Jul 06, 2025", Account , Low,8.0,3.0,Open
TCK-003788,1179,22-06-2025,Feature Request ,Critical ,9.0,5.0, Pending 
TCK-003789,1397,02/08/2025, Technical , High,6.5,1.0,Closed
TCK-003790,146,24-11-2025,Feature Request ,CRITICAL,14.2,1.0, Closed
TCK-003791,841,02 Nov 2025, Feature Request ,Critical ,21.9,3.0, Closed
TCK-003792,73,"Jun 15, 2025",security,Low,3.5,5.0,CLOSED
TCK-003793,1285,21-12-2025,account,Medium,14.8,2.0,open
TCK-003794,354,07/19/2025,Account,Critical ,30.5,4.0,closed
TCK-003795,421,25/05/2025,Billing, High ,28.3,5.0, Closed 
TCK-003796,983,16/12/2025,feature request,Critical ,8.5,,pending
TCK-003797,1166,14/10/2025, Account,HIGH,12.0,4.0,resolved
TCK-003798,1082,18-10-2025,Performance,Critical,8.2,3.0,Closed
TCK-003799,1337,"Jun 03, 2025",Feature Request,Medium ,17.0,3.0, Closed
TCK-003800,237,2025-07-10, Billing ,Medium,18.8,3.0, Closed 
TCK-003801,153,08/31/2025, Performance,Medium ,10.8,3.0, Open
TCK-003802,783,09 Apr 2025, Account ,medium,16.5,,resolved
TCK-003803,442,"Dec 04, 2025",billing, Critical,7.3,5.0,closed
TCK-003804,8,"Apr 26, 2025",account,Critical,28.3,,Pending
TCK-003805,598,2025-11-15,Account ,Medium ,21.6,3.0,Resolved
TCK-003806,866,"Aug 06, 2025",Security ,Critical,6.2,2.0, Closed 
TCK-003807,620,15 Nov 2025, Security, High,8.4,2.0,resolved
TCK-003808,1498,10/05/2025,PERFORMANCE,medium,15.5,5.0,resolved
TCK-003809,1475,15-04-2025, Security ,LOW,2.6,5.0,Closed 
TCK-003810,755,04/04/2025,PERFORMANCE, High ,10.9,,closed
TCK-003811,326,11/16/2025,SECURITY, Medium ,24.9,1.0, Pending
TCK-003812,130,08 Feb 2025,billing,Low,11.0,3.0, Open
TCK-003813,583,"Jul 10, 2025",TECHNICAL, Low,31.3,2.0, Pending
TCK-003814,884,08-05-2025,Billing ,Critical ,24.7,4.0, Open 
TCK-003815,332,17-11-2025,Security, Critical ,22.9,1.0, Open
TCK-003816,167,08/26/2025,Performance ,High ,22.5,1.0, Resolved 
TCK-003817,924,09/26/2025, Billing ,LOW,23.4,5.0, Resolved 
TCK-003818,705,16-04-2025,Feature Request ,Critical ,8.8,1.0,closed
TCK-003819,635,25 Jun 2025,BILLING,High,2.6,,RESOLVED
TCK-003820,65,22/08/2025,SECURITY,high,10.4,1.0,PENDING
TCK-003821,883,06/10/2025,Account, Critical,20.6,,Closed
TCK-003822,959,28-03-2025, Billing , Medium,25.8,5.0,PENDING
TCK-003823,429,2025-10-20, Security ,critical,11.4,,Closed 
TCK-003824,1140,17 Nov 2025, Billing,Critical,13.2,,Resolved 
TCK-003825,342,20 Jul 2025,Security ,High ,14.9,4.0, Resolved 
TCK-003826,640,14 Sep 2025, Billing,Low,0.7,3.0,open
TCK-003827,791,2025-02-05,Billing, Critical,13.5,2.0,CLOSED
TCK-003828,775,2025-12-02,feature request,medium,13.3,4.0, Open 
TCK-003829,1027,2025-10-07,BILLING,HIGH,16.3,3.0,PENDING
TCK-003830,1335,2025-05-20, Performance,high,19.0,5.0, Resolved
TCK-003831,572,06/01/2025,FEATURE REQUEST,Medium,7.5,5.0, Open 
TCK-003832,429,27 May 2025,BILLING,Low,13.7,,RESOLVED
TCK-003833,353,04 Aug 2025,Security ,HIGH,14.2,3.0,Open 
TCK-003834,890,2025-08-07,TECHNICAL,critical,32.1,2.0, Pending
TCK-003835,665,15/05/2025,feature request,high,13.8,1.0,open
TCK-003836,869,"Sep 19, 2025",technical, Medium ,19.2,1.0,open
TCK-003837,443,2025-11-20, Feature Request,Low ,3.7,4.0,RESOLVED
TCK-003838,545,2025-06-08,Security ,Critical ,5.8,4.0,Open 
TCK-003839,1336,"Dec 07, 2025", Performance ,High ,12.5,5.0,PENDING
TCK-003840,425,"Jan 27, 2025",FEATURE REQUEST, Medium ,46.9,1.0,pending
TCK-003841,1093,16/05/2025, Performance,Low ,15.5,3.0, Resolved
TCK-003842,1115,"Sep 28, 2025",FEATURE REQUEST,medium,6.6,,resolved
TCK-003843,1044,12/09/2025,feature request, Critical ,6.3,3.0, Closed 
TCK-003844,1254,09/16/2025, Technical, Critical,5.5,, Closed
TCK-003845,729,03/18/2025,Account ,LOW,10.0,4.0, Resolved
TCK-003846,1455,2025-03-31, Technical,CRITICAL,8.4,,resolved
TCK-003847,383,2025-05-02,billing, High,6.5,1.0,Resolved
TCK-003848,1493,05/05/2025, Feature Request ,low,16.3,3.0,pending
TCK-003849,583,"Feb 28, 2025", Performance,Critical,7.9,5.0, Closed
TCK-003850,484,27-04-2025,account,HIGH,2.3,,Open 
TCK-003851,1214,10/13/2025, Feature Request ,MEDIUM,19.2,5.0,Open 
TCK-003852,443,"May 30, 2025",performance, Critical ,4.9,4.0,Open 
TCK-003853,859,2025-07-17,Performance,Critical ,41.3,2.0,Pending
TCK-003854,26,06-08-2025, Performance,high,19.9,1.0,Pending 
TCK-003855,261,30-05-2025,Technical,Critical,3.9,3.0,Resolved 
TCK-003856,817,"Sep 21, 2025", Technical,HIGH,15.4,1.0, Pending
TCK-003857,1429,"Jun 30, 2025",performance,high,13.1,,Resolved
TCK-003858,1256,"Jan 11, 2025",security,critical,33.5,1.0,OPEN
TCK-003859,802,2025-04-18, Security,Medium,7.5,1.0, Resolved 
TCK-003860,962,05/28/2025, Performance ,LOW,42.7,1.0,closed
TCK-003861,1497,04/24/2025,performance, Low,11.8,5.0,open
TCK-003862,1449,"Apr 03, 2025", Performance,medium,8.1,1.0,OPEN
TCK-003863,1049,06/05/2025,security,critical,5.2,5.0, Closed
TCK-003864,1005,"May 10, 2025", Feature Request ,Critical ,42.9,1.0, Closed 
TCK-003865,1255,"May 26, 2025",Billing, Low,16.2,,Open 
TCK-003866,845,18/06/2025,Security,HIGH,6.5,5.0,PENDING
TCK-003867,27,17 Oct 2025,PERFORMANCE,CRITICAL,0.0,,RESOLVED
TCK-003868,1410,19/03/2025,Billing , Critical ,22.9,5.0,Pending 
TCK-003869,1352,17/01/2025, Technical,Low,5.7,,Open 
TCK-003870,829,"Sep 17, 2025",Feature Request,critical,12.5,3.0,OPEN
TCK-003871,1458,01/06/2025,Account ,CRITICAL,10.3,3.0, Pending 
TCK-003872,843,19-09-2025, Technical,Medium,10.0,4.0,open
TCK-003873,52,14-05-2025,Technical ,MEDIUM,13.3,1.0,Closed
TCK-003874,1396,2025-11-12,BILLING,MEDIUM,34.3,4.0,Pending
TCK-003875,776,31 May 2025,Feature Request , Low,19.8,3.0, Open 
TCK-003876,293,12-08-2025,SECURITY, Low,7.9,5.0,pending
TCK-003877,502,05 May 2025,account,CRITICAL,6.4,4.0, Resolved
TCK-003878,204,"Dec 04, 2025",Feature Request , Medium,18.2,,RESOLVED
TCK-003879,146,"Jul 13, 2025", Security ,Low ,42.0,5.0, Pending 
TCK-003880,249,14/12/2025,Performance,LOW,48.1,3.0,Closed
TCK-003881,1175,30 Mar 2025,SECURITY,HIGH,23.0,3.0, Pending 
TCK-003882,1104,06/02/2025,Security ,High,4.9,,open
TCK-003883,641,"Oct 01, 2025", Performance , High ,3.2,1.0,closed
TCK-003884,49,"Nov 07, 2025", Billing, Critical ,19.3,3.0, Resolved
TCK-003885,518,27-09-2025, Feature Request ,LOW,8.8,2.0,Pending 
TCK-003886,114,30/09/2025,billing, Medium ,7.5,5.0,pending
TCK-003887,1149,06/27/2025,Account , High ,14.8,4.0,Pending
TCK-003888,253,24 Jan 2025,PERFORMANCE,Critical ,23.3,1.0, Resolved
TCK-003889,521,2025-05-16,Account ,medium,12.8,2.0,pending
TCK-003890,1038,24 Sep 2025,PERFORMANCE, High,5.6,,Resolved
TCK-003891,268,25/01/2025,Feature Request ,Critical,45.0,2.0, Closed 
TCK-003892,1146,2025-08-16, Technical ,Critical ,13.9,5.0,RESOLVED
TCK-003893,841,15/11/2025, Feature Request,critical,6.6,, Closed
TCK-003894,342,16-09-2025,feature request,Medium ,30.6,2.0,pending
TCK-003895,1148,"Nov 25, 2025",Technical,Medium,18.3,4.0,Pending
TCK-003896,1008,03-08-2025,ACCOUNT, High,15.6,4.0, Open
TCK-003897,1156,20/12/2025,Feature Request ,High ,9.0,3.0, Open
TCK-003898,520,10 Mar 2025, Billing , Critical,20.7,2.0,closed
TCK-003899,1447,2025-07-05, Security,Low ,8.9,2.0,Open 
TCK-003900,581,27-05-2025,Performance , Medium,21.6,5.0, Closed
TCK-003901,1200,"May 03, 2025",Feature Request,Critical,4.6,1.0,Resolved 
TCK-003902,311,12/12/2025,Performance,low,6.3,5.0, Resolved 
TCK-003903,772,27 Oct 2025, Technical,High,17.9,,closed
TCK-003904,490,16/05/2025,Security, Critical ,16.2,5.0, Pending 
TCK-003905,1053,16-12-2025, Security ,Medium,8.6,, Resolved 
TCK-003906,559,12-03-2025,Technical ,Critical,15.4,2.0,resolved
TCK-003907,64,06/10/2025, Account, High ,18.9,2.0,OPEN
TCK-003908,1058,18/04/2025,Performance ,medium,34.1,3.0,Open
TCK-003909,144,2025-08-24, Performance ,CRITICAL,19.9,3.0,resolved
TCK-003910,57,15-09-2025, Feature Request,Medium,2.2,2.0,Open
TCK-003911,867,17 Sep 2025, Performance ,medium,36.4,5.0,Open
TCK-003912,257,23 Mar 2025, Feature Request ,Medium ,16.6,1.0,PENDING
TCK-003913,1323,"Dec 16, 2025", Account , Low,16.9,2.0,Resolved
TCK-003914,433,04/07/2025,Performance ,High ,13.3,4.0,RESOLVED
TCK-003915,374,"Dec 14, 2025",technical, Low,9.7,3.0,Closed 
TCK-003916,322,16-04-2025,Technical ,Low ,41.7,1.0, Open 
TCK-003917,1253,04/21/2025, Technical, Medium ,16.1,2.0,Open 
TCK-003918,732,02/09/2025, Account,Critical ,10.2,1.0,Pending 
TCK-003919,181,2025-02-18,Security ,HIGH,19.9,4.0,RESOLVED
TCK-003920,1133,"Jan 19, 2025", Feature Request, Critical,4.1,,Pending 
TCK-003921,263,"Mar 02, 2025",BILLING, Low,35.5,4.0, Closed 
TCK-003922,1411,23 Sep 2025, Technical ,High,17.8,5.0,pending
TCK-003923,52,03/05/2025,PERFORMANCE,Medium ,18.8,2.0,pending
TCK-003924,355,14/08/2025,Account, Low,25.9,2.0,Open 
TCK-003925,1322,23 Mar 2025, Account ,MEDIUM,3.9,2.0, Open 
TCK-003926,1052,12/02/2025,Feature Request, Low ,8.9,3.0,PENDING
TCK-003927,829,11-03-2025,Feature Request, Low ,17.9,4.0,Pending
TCK-003928,293,27-02-2025, Technical ,High ,12.6,,Resolved 
TCK-003929,1440,"May 13, 2025",Feature Request ,High,11.3,5.0, Closed
TCK-003930,472,13 Dec 2025,PERFORMANCE,MEDIUM,8.8,1.0,Closed
TCK-003931,843,"Jul 19, 2025",billing,CRITICAL,7.6,1.0,pending
TCK-003932,531,2025-04-05, Security,medium,5.0,2.0, Pending
TCK-003933,706,06 May 2025,Technical ,Medium,5.1,2.0, Resolved
TCK-003934,1371,12-11-2025,account,LOW,17.9,2.0, Closed
TCK-003935,450,06/12/2025,performance,Critical,41.5,4.0,Open 
TCK-003936,850,"Mar 09, 2025",Technical,High ,7.3,3.0,Pending
TCK-003937,219,03/05/2025, Feature Request,Medium,6.9,, Pending 
TCK-003938,1304,25/02/2025,security,High ,44.7,3.0,CLOSED
TCK-003939,815,"Sep 11, 2025",ACCOUNT,high,24.5,,closed
TCK-003940,1469,12-04-2025,PERFORMANCE,High,12.0,3.0,Closed
TCK-003941,548,16-10-2025,Account ,MEDIUM,18.7,3.0,Pending
TCK-003942,436,"Nov 28, 2025",Technical , Critical,42.8,1.0,open
TCK-003943,315,07-06-2025, Security ,Critical,10.4,3.0,Open 
TCK-003944,648,14-10-2025,Billing,HIGH,15.5,5.0, Open
TCK-003945,568,11-09-2025,billing,critical,16.6,1.0, Pending 
TCK-003946,41,2025-08-15,TECHNICAL,LOW,7.6,2.0,PENDING
TCK-003947,756,"Nov 17, 2025", Feature Request,critical,19.3,2.0, Open 
TCK-003948,216,01-10-2025,SECURITY,LOW,4.0,3.0,open
TCK-003949,245,18 Aug 2025,account,High,13.1,3.0,Resolved 
TCK-003950,822,2025-08-29,performance, High ,7.1,4.0,Closed
TCK-003951,1482,08/12/2025,Performance , High,41.2,3.0,pending
TCK-003952,1322,17-08-2025, Security, High,10.1,4.0,resolved
TCK-003953,1117,01/31/2025, Security,high,31.2,2.0,pending
TCK-003954,732,13/05/2025,Technical,MEDIUM,20.3,, Pending 
TCK-003955,528,20/04/2025,security, Medium,12.2,4.0, Resolved
TCK-003956,29,14 Sep 2025, Security, Low,21.2,2.0, Resolved
TCK-003957,268,01/02/2025,ACCOUNT,HIGH,15.9,,CLOSED
TCK-003958,554,"May 24, 2025",Performance ,Medium ,19.8,2.0, Pending 
TCK-003959,40,04/24/2025,Feature Request,MEDIUM,4.3,3.0,OPEN
TCK-003960,1401,17 Nov 2025, Feature Request ,critical,7.5,,resolved
TCK-003961,413,2025-11-02, Account, Low,2.7,1.0,Open 
TCK-003962,561,21 Oct 2025, Security,High,45.9,,CLOSED
TCK-003963,456,2025-01-22,account, Critical ,30.4,1.0,Closed 
TCK-003964,415,"Nov 18, 2025",account,Medium,15.4,3.0,open
TCK-003965,530,18-05-2025,feature request, Low ,11.2,4.0,PENDING
TCK-003966,61,11/02/2025,Feature Request , Medium,1.6,4.0, Pending
TCK-003967,62,20/09/2025, Billing,High,7.4,3.0,CLOSED
TCK-003968,521,2025-07-10,Billing, Medium,4.3,2.0,closed
TCK-003969,489,10/22/2025, Performance ,LOW,9.4,, Resolved 
TCK-003970,1158,20 Mar 2025, Technical,LOW,16.2,4.0, Pending
TCK-003971,929,"Apr 03, 2025", Feature Request ,HIGH,8.1,5.0,closed
TCK-003972,1458,2025-05-27,Performance ,High,7.1,4.0, Pending 
TCK-003973,983,15/04/2025,SECURITY, Medium,10.8,5.0,Resolved
TCK-003974,386,"May 01, 2025",SECURITY,high,19.9,4.0, Resolved
TCK-003975,828,2025-02-08,Performance, Critical ,5.6,4.0,Closed
TCK-003976,247,10-05-2025,FEATURE REQUEST, High ,7.9,5.0, Resolved
TCK-003977,1311,28/10/2025, Technical , Critical ,14.2,2.0, Closed
TCK-003978,529,02/09/2025,Account ,Medium,8.3,,Pending 
TCK-003979,1000,"Nov 10, 2025", Account,MEDIUM,25.6,3.0, Closed
TCK-003980,691,03 Jul 2025,Performance, Critical,3.7,4.0,Pending
TCK-003981,1047,2025-07-06, Billing ,high,5.5,4.0,Pending 
TCK-003982,858,2025-07-10,feature request,medium,4.2,5.0, Resolved 
TCK-003983,552,"Jun 01, 2025", Technical, Medium,8.2,2.0,resolved
TCK-003984,346,2025-10-28,Feature Request ,High,8.8,,Open
TCK-003985,915,04-07-2025,Billing , Low ,13.6,3.0,Resolved 
TCK-003986,436,07-11-2025,Feature Request, Low ,4.7,1.0, Pending 
TCK-003987,375,25-02-2025,performance,critical,6.0,3.0,Resolved
TCK-003988,935,20 Jul 2025, Performance, Low ,7.7,1.0,Pending 
TCK-003989,1035,"Jan 23, 2025", Feature Request, Critical,3.6,4.0,Pending 
TCK-003990,270,19-06-2025,Technical,Critical ,6.9,1.0,CLOSED
TCK-003991,313,04 Apr 2025, Billing ,MEDIUM,9.5,2.0,CLOSED
TCK-003992,57,05-02-2025,Feature Request ,CRITICAL,7.8,3.0, Open 
TCK-003993,291,03/24/2025, Billing, Critical,27.9,2.0,pending
TCK-003994,1172,18-04-2025,security,LOW,36.5,1.0, Closed 
TCK-003995,1373,23 Jun 2025,technical,High ,54.0,1.0,Open
TCK-003996,824,28-08-2025, Performance,High,2.7,,RESOLVED
TCK-003997,178,13 Oct 2025,BILLING,Critical ,14.3,3.0,Resolved
TCK-003998,1399,27/07/2025,Billing , Medium ,2.9,4.0,RESOLVED
TCK-003999,955,03 Dec 2025, Security,Critical,52.4,4.0, Closed
TCK-004000,1038,26 Feb 2025,Account ,low,17.9,5.0,Resolved
TCK-004001,13,"Dec 15, 2025",TECHNICAL, High ,20.7,1.0, Closed 
TCK-004002,483,2025-07-17,billing,high,22.1,3.0, Pending 
TCK-004003,1030,"Dec 19, 2025", Performance , High ,24.0,5.0,Resolved 
TCK-004004,1003,2025-09-07,security,CRITICAL,5.1,1.0, Resolved 
TCK-004005,832,03 Aug 2025, Security , Critical,6.3,, Closed
TCK-004006,259,"May 28, 2025",Account ,Low ,16.6,2.0, Open 
TCK-004007,1133,06/29/2025,SECURITY,HIGH,15.4,2.0,Resolved
TCK-004008,464,"Sep 26, 2025",Technical ,CRITICAL,16.7,5.0, Open 
TCK-004009,104,08/25/2025, Performance , Medium ,1.9,, Open 
TCK-004010,1409,2025-03-23, Account , Low,13.2,5.0,resolved
TCK-004011,1052,12/01/2025,SECURITY,CRITICAL,23.9,2.0,Resolved
TCK-004012,424,"Apr 08, 2025",feature request,low,4.9,5.0,Closed 
TCK-004013,336,"May 16, 2025",Technical ,LOW,14.9,5.0,resolved
TCK-004014,1067,"Jul 06, 2025",ACCOUNT,MEDIUM,10.1,2.0, Open
TCK-004015,1478,03/10/2025,Performance ,MEDIUM,16.2,4.0, Open
TCK-004016,1480,06 Feb 2025,billing, High,14.5,1.0,pending
TCK-004017,1482,29/01/2025,billing,Critical,32.0,2.0,RESOLVED
TCK-004018,255,2025-10-25, Technical ,High,10.1,1.0,Open
TCK-004019,275,14 Dec 2025, Feature Request,Medium ,12.7,3.0, Closed 
TCK-004020,379,10/10/2025,Performance, Low,16.3,4.0,PENDING
TCK-004021,1326,2025-08-02,feature request,Low,2.7,2.0, Closed
TCK-004022,175,"May 03, 2025",Billing ,Low,13.7,, Open 
TCK-004023,350,02-03-2025,Feature Request,medium,0.6,, Open
TCK-004024,1294,"Sep 09, 2025", Billing ,medium,24.6,2.0,Pending 
TCK-004025,12,24-07-2025,Feature Request ,High ,32.8,3.0,resolved
TCK-004026,1117,01/06/2025,Account ,Medium ,6.8,4.0,closed
TCK-004027,4,"May 29, 2025",Billing,LOW,28.6,,open
TCK-004028,1449,25 Aug 2025, Feature Request ,CRITICAL,41.3,,Pending 
TCK-004029,210,11/18/2025,Billing,Medium ,32.0,4.0,Closed 
TCK-004030,736,09 Jul 2025, Security,medium,9.9,,Pending 
TCK-004031,757,09-10-2025, Security,Medium ,4.3,4.0,open
TCK-004032,745,16/02/2025,TECHNICAL,Low ,36.6,5.0,pending
TCK-004033,293,31-05-2025,Performance,High,10.4,3.0,RESOLVED
TCK-004034,1477,28 Dec 2025,BILLING,critical,32.9,2.0, Closed
TCK-004035,1112,03 Jan 2025,Account ,MEDIUM,4.1,2.0,pending
TCK-004036,761,"Apr 03, 2025",Security ,CRITICAL,13.4,2.0, Closed 
TCK-004037,247,13-04-2025,SECURITY,Medium,17.6,1.0,open
TCK-004038,263,02/07/2025,Billing,Critical ,11.9,1.0,Resolved
TCK-004039,206,09 Jan 2025, Billing,CRITICAL,9.2,3.0, Resolved
TCK-004040,390,29-03-2025,Account,Low,8.5,5.0, Closed
TCK-004041,1099,17 Jan 2025,PERFORMANCE, Medium,59.7,5.0, Closed
TCK-004042,180,"Nov 21, 2025",Security , Critical ,9.6,,OPEN
TCK-004043,644,01-05-2025,Feature Request, Critical,11.7,1.0, Pending 
TCK-004044,515,"Jan 29, 2025",feature request,HIGH,1.6,,open
TCK-004045,963,25 Oct 2025,Feature Request ,critical,12.7,5.0, Pending 
TCK-004046,122,02-10-2025,Performance , Low,99999.0,1.0, Pending
TCK-004047,733,"Dec 15, 2025",FEATURE REQUEST,High ,12.9,5.0, Closed
TCK-004048,674,2025-03-08, Security,low,16.9,2.0, Open
TCK-004049,1451,"Jan 07, 2025",feature request,Low,34.8,3.0,PENDING
TCK-004050,736,09/19/2025,performance,Critical,13.8,3.0,Resolved 
TCK-004051,1423,"May 27, 2025", Account, High ,22.2,5.0,Resolved
TCK-004052,681,22/01/2025,Technical ,Critical ,9.6,5.0, Pending 
TCK-004053,558,11-04-2025, Technical, Critical,13.3,3.0, Open 
TCK-004054,1035,2025-03-14,Feature Request,High ,23.3,2.0, Pending
TCK-004055,52,09/07/2025,billing,High,24.7,3.0, Pending
TCK-004056,448,"Dec 04, 2025",FEATURE REQUEST,High,22.2,5.0, Open 
TCK-004057,736,10-09-2025, Technical,CRITICAL,27.7,,Resolved
TCK-004058,1348,26/06/2025,Technical, High,8.4,, Resolved
TCK-004059,1425,21 Oct 2025, Performance,medium,5.0,1.0,Open 
TCK-004060,1371,12/02/2025,technical, Critical ,9.5,5.0,open
TCK-004061,210,2025-09-16, Security, High ,15.8,3.0,closed
TCK-004062,142,28 May 2025,Security ,HIGH,24.7,4.0,Resolved
TCK-004063,1471,2025-04-27, Performance,CRITICAL,18.4,,open
TCK-004064,1178,09/16/2025,FEATURE REQUEST, High ,7.4,3.0, Resolved
TCK-004065,385,05 Jul 2025,Account, Medium,49.8,2.0, Resolved 
TCK-004066,400,27/10/2025,TECHNICAL, Low ,1.4,4.0, Open 
TCK-004067,693,"Apr 27, 2025",ACCOUNT, High,8.7,2.0, Resolved 
TCK-004068,223,"Aug 31, 2025",Feature Request, High,18.1,1.0,pending
TCK-004069,496,03/18/2025, Billing ,HIGH,6.1,2.0,OPEN
TCK-004070,359,04-02-2025, Account ,Medium,19.3,1.0,Closed
TCK-004071,611,06/09/2025, Performance , High ,14.2,2.0,PENDING
TCK-004072,1349,2025-11-06,technical, Medium,24.9,, Pending 
TCK-004073,1170,21-04-2025,TECHNICAL,HIGH,8.7,3.0,Closed
TCK-004074,833,06/20/2025,TECHNICAL, Critical ,25.8,1.0,Open 
TCK-004075,702,"Sep 21, 2025",Security,Critical,17.2,2.0,RESOLVED
TCK-004076,746,24/01/2025, Performance ,Critical,27.6,2.0,pending
TCK-004077,877,25 May 2025,FEATURE REQUEST,Low,8.5,3.0,OPEN
TCK-004078,1149,13-05-2025,Feature Request ,High ,21.7,5.0,OPEN
TCK-004079,1177,21 Feb 2025,security,HIGH,10.8,1.0,Pending 
TCK-004080,1386,08 Aug 2025, Technical , Critical,5.5,4.0,Open 
TCK-004081,1150,05/10/2025,performance,low,0.6,1.0,Resolved
TCK-004082,569,"Jun 03, 2025",TECHNICAL, Medium ,22.7,4.0, Closed 
TCK-004083,1131,08-07-2025,Technical ,CRITICAL,3.5,1.0,CLOSED
TCK-004084,1187,2025-12-10,SECURITY,MEDIUM,2.5,2.0,open
TCK-004085,1374,18 Feb 2025, Feature Request ,Low ,27.6,2.0,PENDING
TCK-004086,1078,"Jun 01, 2025",Feature Request ,HIGH,6.9,5.0, Open
TCK-004087,988,06 May 2025, Account , High,21.7,4.0,RESOLVED
TCK-004088,712,02/08/2025,account,LOW,4.9,1.0,Open
TCK-004089,1114,06 Jun 2025, Technical,Medium ,8.7,4.0,RESOLVED
TCK-004090,83,2025-09-23, Feature Request,Low,12.0,, Resolved 
TCK-004091,5,2025-04-30,Performance,High,20.1,, Open 
TCK-004092,1454,01/17/2025, Billing , Low ,20.0,1.0, Pending 
TCK-004093,1328,19-01-2025,Security , Medium ,20.5,2.0,Open 
TCK-004094,874,2025-07-29,FEATURE REQUEST,High ,9.2,5.0,resolved
TCK-004095,202,"Dec 16, 2025", Feature Request ,low,10.3,,PENDING
TCK-004096,389,03-11-2025,PERFORMANCE, Critical ,20.6,5.0,Pending 
TCK-004097,218,2025-01-28,billing, Medium ,22.6,4.0,Open 
TCK-004098,122,14/07/2025,Feature Request ,Low,27.5,5.0, Open 
TCK-004099,673,"Jan 02, 2025",ACCOUNT,Critical,9.3,1.0,CLOSED
TCK-004100,362,17-02-2025, Technical,CRITICAL,33.4,1.0, Resolved 
TCK-004101,858,2025-03-15,Security ,critical,14.5,3.0,Resolved
TCK-004102,125,14/11/2025,billing, Critical ,8.1,3.0,open
TCK-004103,67,19/05/2025,Technical, Critical,31.9,4.0,Closed 
TCK-004104,291,04/16/2025, Feature Request ,High ,3.0,4.0, Closed
TCK-004105,519,11-05-2025,Billing,Low ,6.7,1.0,pending
TCK-004106,817,16-06-2025,Technical,Critical,25.6,4.0,open
TCK-004107,872,21/03/2025,SECURITY,Low ,13.0,2.0,RESOLVED
TCK-004108,1494,05/09/2025,Account,high,2.3,4.0, Closed
TCK-004109,746,09-07-2025,billing,Medium,2.6,2.0,Resolved 
TCK-004110,800013,26 Oct 2025,Security ,high,7.4,3.0,pending
TCK-004111,376,12-08-2025, Account,low,5.7,3.0,Open 
TCK-004112,838,13-02-2025, Technical,MEDIUM,18.6,1.0,PENDING
TCK-004113,638,"Jul 09, 2025", Performance, Critical ,11.5,5.0,Resolved 
TCK-004114,1181,03/27/2025,Technical,CRITICAL,7.7,, Closed 
TCK-004115,261,11-10-2025,Technical, Low ,16.9,1.0, Open 
TCK-004116,129,2025-11-02, Security,Critical,13.1,5.0, Closed
TCK-004117,1387,03-07-2025,Performance,medium,16.6,1.0, Pending
TCK-004118,401,2025-07-04,PERFORMANCE,Critical ,5.4,, Open 
TCK-004119,1400,09 Dec 2025,account,High ,20.6,1.0, Open 
TCK-004120,635,"May 19, 2025",Feature Request,medium,5.5,5.0, Pending 
TCK-004121,1315,2025-07-16, Performance ,HIGH,5.5,1.0,open
TCK-004122,1216,"Aug 25, 2025",TECHNICAL,Critical ,7.5,4.0,resolved
TCK-004123,411,"Sep 03, 2025",FEATURE REQUEST,HIGH,4.4,2.0, Closed 
TCK-004124,885,11-05-2025,ACCOUNT,Medium,25.6,3.0, Open 
TCK-004125,36,02/02/2025,account,LOW,3.1,4.0,Open 
TCK-004126,662,21-06-2025,performance,Critical ,16.6,,pending
TCK-004127,482,17/11/2025,account,MEDIUM,6.8,2.0, Pending 
TCK-004128,357,29-08-2025,SECURITY, High,36.5,2.0, Pending
TCK-004129,1184,"Dec 23, 2025",BILLING,MEDIUM,11.4,5.0,open
TCK-004130,1255,"Feb 26, 2025",Account ,MEDIUM,9.3,3.0,resolved
TCK-004131,106,2025-06-25,ACCOUNT, Medium ,15.2,,PENDING
TCK-004132,857,16-06-2025, Performance , Medium,7.9,1.0,OPEN
TCK-004133,677,13-10-2025,Performance ,critical,25.3,1.0, Open
TCK-004134,1486,01/31/2025,performance,HIGH,1.7,4.0, Resolved
TCK-004135,710,2025-12-08,Security,Medium ,60.8,4.0,pending
TCK-004136,822,08/10/2025, Billing , Critical,19.2,4.0,closed
TCK-004137,548,29 May 2025, Account,High ,15.5,1.0, Open
TCK-004138,67,2025-12-21,Feature Request,high,2.0,, Open 
TCK-004139,1471,2025-03-15,billing, Critical ,22.0,3.0,Open
TCK-004140,1013,08 May 2025,Feature Request , Low ,9.3,2.0,Open
TCK-004141,526,"Nov 22, 2025",SECURITY,HIGH,8.3,5.0,open
TCK-004142,1132,16/07/2025, Billing ,low,3.8,2.0,Resolved
TCK-004143,1447,11/03/2025,Technical ,High,16.5,2.0, Pending
TCK-004144,985,03/18/2025,TECHNICAL,LOW,38.2,,Resolved 
TCK-004145,444,12-10-2025,BILLING,HIGH,12.0,1.0,Resolved
TCK-004146,900,2025-11-24,BILLING,MEDIUM,8.5,2.0,pending
TCK-004147,168,14/04/2025,Feature Request,CRITICAL,38.0,, Pending 
TCK-004148,591,09/26/2025, Performance ,critical,17.2,1.0,Closed 
TCK-004149,1081,09-11-2025, Technical ,Critical ,1.2,, Closed 
TCK-004150,1347,02 Apr 2025,Performance,Medium,13.1,4.0,CLOSED
TCK-004151,1327,2025-02-24,Account, Medium ,31.5,, Pending
TCK-004152,766,01/15/2025,Performance, Critical ,43.4,4.0,Open 
TCK-004153,35,2025-08-25,Performance ,low,13.1,1.0,closed
TCK-004154,241,2025-08-18,TECHNICAL, Low ,11.8,5.0,Open 
TCK-004155,414,06/21/2025, Billing,Critical,16.5,,pending
TCK-004156,346,"May 17, 2025",TECHNICAL, Low,12.6,4.0, Pending
TCK-004157,222,26/01/2025,Technical , Critical,14.6,1.0,RESOLVED
TCK-004158,1388,"Mar 26, 2025",Billing,medium,6.4,2.0,closed
TCK-004159,136,"Apr 30, 2025", Feature Request, Low,7.5,5.0,Open
TCK-004160,126,02/17/2025, Performance,High ,24.8,2.0,open
TCK-004161,62,15/01/2025, Technical, Low ,11.0,4.0, Open 
TCK-004162,591,07/26/2025,billing,High ,6.3,1.0,Closed 
TCK-004163,1112,10 Jul 2025,Billing , Medium,44.8,1.0,PENDING
TCK-004164,138,29 Dec 2025,Technical, Medium,4.2,2.0, Resolved
TCK-004165,216,"Jun 08, 2025",Security , High ,22.0,5.0, Closed 
TCK-004166,888,2025-09-24,Feature Request,LOW,4.7,5.0,RESOLVED
TCK-004167,223,26/11/2025, Technical,Low,3.8,,PENDING
TCK-004168,619,26 Jan 2025,Security,HIGH,33.3,3.0,OPEN
TCK-004169,415,"Jan 06, 2025",FEATURE REQUEST,Critical,15.8,3.0,OPEN
TCK-004170,1308,25 Sep 2025,Feature Request ,Low ,27.7,2.0,OPEN
TCK-004171,132,31-05-2025, Performance,High ,9.2,5.0, Closed
TCK-004172,935,11/01/2025,Performance, Medium ,9.5,3.0, Open
TCK-004173,12,22/10/2025, Account,low,28.8,1.0,Open 
TCK-004174,1098,01 Jul 2025,performance, High ,7.6,4.0,Open 
TCK-004175,1313,2025-08-11,Performance,High,11.1,3.0,RESOLVED
TCK-004176,790,11/08/2025,feature request,Critical,28.4,3.0, Resolved
TCK-004177,133,19-10-2025, Security ,Medium,12.4,3.0, Pending
TCK-004178,514,12/08/2025, Billing, High,24.7,4.0,PENDING
TCK-004179,186,2025-07-29, Technical ,LOW,8.6,4.0,pending
TCK-004180,767,2025-12-26,Account ,MEDIUM,4.8,3.0,Closed 
TCK-004181,1035,05 Feb 2025,Billing, High,14.7,1.0,Pending 
TCK-004182,1036,26 Nov 2025, Performance,critical,14.1,1.0,RESOLVED
TCK-004183,415,"Apr 08, 2025",Performance ,Low,3.4,, Open
TCK-004184,572,06-10-2025,performance,medium,9.6,, Pending
TCK-004185,946,20-09-2025,security,CRITICAL,21.2,4.0,Pending 
TCK-004186,756,2025-10-19, Billing , Low,15.7,2.0, Open
TCK-004187,474,09/17/2025,FEATURE REQUEST,Critical,9.2,3.0,closed
TCK-004188,270,02/11/2025,account,low,22.3,,OPEN
TCK-004189,700,12/12/2025,TECHNICAL,medium,25.3,,resolved
TCK-004190,694,05-09-2025,Performance,High,20.1,,Resolved
TCK-004191,742,2025-12-07,security, Medium ,18.0,,Open 
TCK-004192,635,07/11/2025,performance,medium,1.9,4.0, Resolved 
TCK-004193,1364,05/24/2025, Account,Low ,5.2,3.0,RESOLVED
TCK-004194,1075,23-12-2025,PERFORMANCE,CRITICAL,17.2,5.0,CLOSED
TCK-004195,1327,17-05-2025,Performance,HIGH,31.0,2.0,Pending
TCK-004196,720,18/03/2025, Performance ,Critical,5.0,5.0,OPEN
TCK-004197,567,30 Jul 2025, Performance ,high,6.8,5.0, Pending
TCK-004198,76,"Feb 22, 2025",billing, Medium,6.5,5.0, Pending
TCK-004199,1350,2025-06-26,Security ,Critical,18.2,5.0,Closed 
TCK-004200,732,2025-04-13,SECURITY,low,4.7,4.0,Pending 
TCK-004201,476,04 Jul 2025,SECURITY,CRITICAL,9.1,2.0, Resolved 
TCK-004202,453,"Feb 17, 2025", Technical ,Low,8.9,5.0,PENDING
TCK-004203,90,18/03/2025,performance,High,13.0,3.0,open
TCK-004204,413,02-09-2025,Security ,Medium ,15.2,5.0, Resolved
TCK-004205,1268,16-05-2025, Account,high,7.5,, Closed
TCK-004206,1347,18-02-2025,technical, Critical,1.2,,resolved
TCK-004207,1016,02-10-2025,Performance ,Medium ,15.7,1.0,OPEN
TCK-004208,153,20/04/2025,Security , Low ,14.1,4.0,closed
TCK-004209,306,05-01-2025,security, Critical,52.9,, Closed 
TCK-004210,275,21/05/2025,FEATURE REQUEST,Low,32.5,5.0,RESOLVED
TCK-004211,929,01 Oct 2025,Security,Critical ,8.2,1.0,PENDING
TCK-004212,1464,14-07-2025, Technical, Low ,19.7,5.0, Closed 
TCK-004213,479,18 May 2025,ACCOUNT, Medium,46.0,3.0,Resolved 
TCK-004214,1475,21/01/2025,Technical,Low,8.6,3.0,Closed
TCK-004215,1042,26-09-2025, Performance ,HIGH,2.0,, Closed
TCK-004216,549,2025-04-20,Billing ,Medium,6.9,3.0,Open 
TCK-004217,708,05-10-2025, Security ,high,13.4,4.0,pending
TCK-004218,743,"Jul 07, 2025", Technical,medium,3.9,4.0,Resolved
TCK-004219,326,07/03/2025,Technical , Low,7.2,2.0, Closed
TCK-004220,1160,07/08/2025, Billing,high,10.5,5.0,OPEN
TCK-004221,580,2025-07-22,Account ,High,12.3,2.0,Closed 
TCK-004222,412,2025-12-27, Billing , Low ,11.5,1.0,CLOSED
TCK-004223,119,30-05-2025, Billing , Medium ,11.2,, Open 
TCK-004224,917,08/25/2025,FEATURE REQUEST, Low ,9.7,4.0,OPEN
TCK-004225,1475,07/03/2025,Performance, Low ,2.0,3.0,resolved
TCK-004226,1063,28/09/2025,billing,HIGH,34.2,5.0,closed
TCK-004227,1340,"Mar 30, 2025", Billing,Medium ,5.2,2.0, Resolved
TCK-004228,222,"Apr 08, 2025",account, Low ,4.7,5.0, Closed 
TCK-004229,1386,"Dec 02, 2025", Performance, High,2.9,5.0,Resolved 
TCK-004230,793,08/06/2025,Account,Critical,19.4,3.0, Open 
TCK-004231,314,05/24/2025, Feature Request , High,5.2,4.0,pending
TCK-004232,52,2025-11-26, Feature Request ,Critical,23.4,2.0, Open
TCK-004233,1495,17-11-2025,feature request,critical,7.6,, Resolved 
TCK-004234,837,21-09-2025,feature request,HIGH,11.2,2.0,RESOLVED
TCK-004235,745,21-11-2025,Billing ,LOW,35.1,3.0,open
TCK-004236,686,"Nov 15, 2025", Security,LOW,16.5,4.0,pending
TCK-004237,258,2025-05-06,Account, Critical,2.7,2.0, Closed
TCK-004238,416,26-11-2025, Technical, Critical ,14.7,, Closed
TCK-004239,9,24 Apr 2025,Technical ,CRITICAL,12.5,4.0, Resolved 
TCK-004240,1234,2025-07-08,Billing , High ,6.8,, Pending 
TCK-004241,1301,01/09/2025,BILLING,critical,10.2,3.0, Closed 
TCK-004242,4,"Feb 13, 2025", Performance , Medium,6.6,,Pending
TCK-004243,565,08/28/2025, Security ,Medium,10.3,5.0,closed
TCK-004244,1018,26-08-2025, Technical, Low,10.6,4.0,OPEN
TCK-004245,79,2025-12-24, Feature Request ,High ,14.1,,OPEN
TCK-004246,187,05/16/2025,FEATURE REQUEST,Medium ,9.5,3.0,Pending 
TCK-004247,296,"Mar 31, 2025",security, Critical ,34.4,4.0,Open 
TCK-004248,1214,03 Mar 2025, Technical ,critical,6.8,2.0,Pending
TCK-004249,242,"Aug 25, 2025",Feature Request,High,20.5,3.0, Resolved
TCK-004250,1393,06-06-2025,Billing ,medium,13.2,1.0,resolved
TCK-004251,1187,"Jul 23, 2025", Billing ,medium,9.5,4.0, Closed 
TCK-004252,243,01/05/2025,billing, Low,8.7,5.0,Open 
TCK-004253,945,02/12/2025, Account,Critical ,3.6,5.0, Open
TCK-004254,595,03 Jan 2025,SECURITY,MEDIUM,24.0,5.0, Pending 
TCK-004255,762,18/05/2025,Billing ,High ,8.2,3.0,Resolved 
TCK-004256,1427,01/04/2025,billing,High,13.7,5.0, Resolved
TCK-004257,734,11-12-2025,technical,high,10.1,4.0,open
TCK-004258,171,2025-10-31,Technical,Critical ,3.5,5.0,OPEN
TCK-004259,423,05 Jun 2025, Performance,High,6.0,5.0,RESOLVED
TCK-004260,385,"Dec 16, 2025",Feature Request ,medium,16.4,2.0,Resolved
TCK-004261,747,03 Feb 2025, Security ,High ,13.2,4.0,PENDING
TCK-004262,457,12/04/2025, Security ,Medium ,10.9,3.0, Resolved 
TCK-004263,310,03/03/2025,Account, Low,8.7,1.0, Resolved
TCK-004264,1235,13/09/2025,TECHNICAL,Critical,7.4,5.0,Pending 
TCK-004265,745,"Jun 10, 2025", Performance,LOW,8.4,,Closed 
TCK-004266,674,"Feb 24, 2025",FEATURE REQUEST,critical,13.9,5.0,Pending
TCK-004267,1286,18/12/2025,Security,HIGH,15.3,5.0,Resolved 
TCK-004268,1056,08-08-2025,FEATURE REQUEST,low,16.9,3.0, Open
TCK-004269,20,27 Aug 2025,ACCOUNT, High ,15.3,4.0,pending
TCK-004270,544,17-03-2025,billing,high,7.9,5.0,Resolved
TCK-004271,682,02/22/2025,Feature Request, Medium ,3.8,5.0,Closed 
TCK-004272,950,"Oct 02, 2025", Billing , Critical,11.4,1.0, Pending
TCK-004273,19,26 Jan 2025,Feature Request,critical,11.0,3.0,Resolved 
TCK-004274,364,11/11/2025,Account, Low,3.0,5.0, Resolved
TCK-004275,387,12 Feb 2025,account, High ,3.1,,Open 
TCK-004276,586,15-01-2025,Feature Request ,Low ,27.4,1.0, Open 
TCK-004277,1340,2025-12-13,performance,HIGH,37.5,1.0,Closed 
TCK-004278,881,05/28/2025, Technical , High,3.8,4.0,Resolved 
TCK-004279,1380,"Apr 05, 2025",Security ,Low,8.0,4.0,RESOLVED
TCK-004280,593,16-10-2025,security, Medium ,3.6,5.0,resolved
TCK-004281,688,08/06/2025, Technical,Critical ,12.9,2.0, Pending 
TCK-004282,1418,05/28/2025, Account , Medium,-1.0,1.0,closed
TCK-004283,827,19 May 2025,account,CRITICAL,4.1,, Pending 
TCK-004284,924,01 Nov 2025, Feature Request, Medium ,19.1,3.0, Resolved 
TCK-004285,41,08 Sep 2025,Security,CRITICAL,0.6,3.0, Pending
TCK-004286,48,27 Jun 2025,BILLING,high,0.9,5.0, Closed 
TCK-004287,807,"Jun 20, 2025",SECURITY,low,23.6,1.0,Resolved
TCK-004288,591,"Jan 25, 2025",TECHNICAL,LOW,6.7,,resolved
TCK-004289,174,"Oct 14, 2025",Security , High ,-5.0,5.0, Resolved 
TCK-004290,14,15 Apr 2025,Performance ,Low,16.3,1.0,OPEN
TCK-004291,1160,08/19/2025,BILLING,Low,13.9,1.0, Closed 
TCK-004292,1169,2025-05-25, Security ,medium,13.3,2.0,Open 
TCK-004293,404,19 May 2025, Billing, Low,5.6,5.0,closed
TCK-004294,1281,24 Jun 2025, Security,HIGH,24.6,2.0, Open 
TCK-004295,1384,02/22/2025,BILLING,Medium ,15.5,2.0,resolved
TCK-004296,1373,2025-03-19,Account,Medium ,30.0,5.0,Closed
TCK-004297,689,2025-09-21, Feature Request,Medium ,45.2,5.0,resolved
TCK-004298,787,05 Oct 2025,ACCOUNT,High ,13.4,, Open 
TCK-004299,1099,12/01/2025,Security,High ,14.9,4.0,closed
TCK-004300,1378,09/21/2025,Account ,critical,24.4,1.0,closed
TCK-004301,1282,23/04/2025,Performance,low,19.1,3.0, Open
TCK-004302,82,15/09/2025,Billing,LOW,16.0,3.0, Resolved 
TCK-004303,470,"Apr 21, 2025", Technical , Medium ,8.7,2.0,CLOSED
TCK-004304,109,2025-10-05,TECHNICAL,Low ,23.9,1.0,OPEN
TCK-004305,1402,30/04/2025,Security,high,14.1,5.0, Pending 
TCK-004306,812,15/04/2025, Technical,Critical,7.8,4.0,PENDING
TCK-004307,1001,"Sep 19, 2025", Feature Request,high,46.5,,Closed
TCK-004308,1450,05/03/2025,feature request, High ,6.8,3.0,closed
TCK-004309,954,12 Jan 2025,performance,Medium ,9.4,1.0,closed
TCK-004310,1364,02 Dec 2025,Feature Request ,CRITICAL,32.8,4.0,Resolved
TCK-004311,389,09 Nov 2025,Feature Request ,critical,11.9,1.0,Open 
TCK-004312,435,2025-12-28,Security , High ,14.8,5.0,RESOLVED
TCK-004313,430,01-10-2025, Technical ,Critical,11.0,2.0,RESOLVED
TCK-004314,1364,26/06/2025, Technical ,High ,8.9,2.0,closed
TCK-004315,1383,18/02/2025, Billing,High,22.7,4.0,resolved
TCK-004316,367,23/09/2025,Account ,HIGH,25.8,1.0,open
TCK-004317,1469,21 Aug 2025,security,High ,7.5,2.0, Closed
TCK-004318,416,22 Feb 2025, Feature Request ,High,9.7,5.0,resolved
TCK-004319,1122,29-09-2025,Account ,medium,20.9,,Open
TCK-004320,263,2025-10-07, Account , High,31.9,1.0,PENDING
TCK-004321,929,"Oct 03, 2025", Account, High ,16.0,4.0, Pending
TCK-004322,1261,29/05/2025,ACCOUNT,Low ,9.9,1.0,Pending
TCK-004323,1018,2025-12-16,Performance,high,12.7,4.0,Resolved 
TCK-004324,259,23/06/2025,Account ,CRITICAL,21.8,5.0, Pending
TCK-004325,1489,2025-07-18,feature request,MEDIUM,8.6,3.0,RESOLVED
TCK-004326,682,23-07-2025,Account, Critical ,9.2,1.0,closed
TCK-004327,508,19/02/2025,Security, Low,14.6,1.0,Resolved
TCK-004328,189,19 Nov 2025,Billing, Medium ,10.4,3.0,Pending 
TCK-004329,1119,05 Nov 2025,Security ,low,11.1,, Closed 
TCK-004330,1217,08/13/2025,Account,Low ,6.2,4.0,open
TCK-004331,97,31 Mar 2025, Feature Request ,MEDIUM,19.8,5.0, Pending 
TCK-004332,1284,07/20/2025, Security ,Low ,29.0,1.0, Closed 
TCK-004333,591,12/04/2025,Technical,critical,22.4,1.0,open
TCK-004334,1248,25/05/2025,billing,Low ,4.7,4.0, Pending 
TCK-004335,1357,"Sep 18, 2025",BILLING, Critical,3.0,,open
TCK-004336,1225,"Apr 28, 2025", Account , Low ,0.0,3.0,PENDING
TCK-004337,1224,08/18/2025, Performance, High ,7.8,3.0,Resolved 
TCK-004338,758,2025-08-13,Technical,Critical,15.3,4.0,closed
TCK-004339,1461,2025-03-02,FEATURE REQUEST,HIGH,14.9,5.0, Closed
TCK-004340,1408,11/30/2025,Security ,Low,17.3,, Open 
TCK-004341,578,2025-03-19,Technical,Critical ,23.7,5.0,OPEN
TCK-004342,200,06/02/2025,Security , High,26.0,2.0, Open
TCK-004343,346,09-10-2025, Security , Critical,2.0,1.0,Resolved 
TCK-004344,1304,"Mar 21, 2025", Feature Request , Medium ,6.5,2.0,RESOLVED
TCK-004345,962,02/08/2025,Billing ,Medium,4.4,2.0,RESOLVED
TCK-004346,305,21-10-2025,Billing , Critical,4.6,5.0,Open 
TCK-004347,414,18-03-2025, Performance, Medium ,5.5,4.0,Open
TCK-004348,606,16-04-2025,Performance ,High,23.6,4.0,Resolved
TCK-004349,368,"Sep 27, 2025",Account ,High,17.4,2.0,OPEN
TCK-004350,1157,03/27/2025,Billing,Low ,8.6,4.0,CLOSED
TCK-004351,700,05/09/2025, Account ,high,8.1,3.0,closed
TCK-004352,1083,2025-12-21,account,critical,13.8,4.0,Pending 
TCK-004353,6,"Mar 06, 2025",account,Medium,10.5,4.0,RESOLVED
TCK-004354,212,08-04-2025, Account,LOW,1.8,4.0, Pending 
TCK-004355,1185,"Aug 26, 2025",technical,Critical,10.5,,pending
TCK-004356,1058,04 Apr 2025, Technical ,low,13.5,4.0, Resolved 
TCK-004357,1301,22 Feb 2025,FEATURE REQUEST,critical,7.1,5.0,Closed 
TCK-004358,432,13/06/2025,feature request,MEDIUM,7.0,2.0, Closed 
TCK-004359,1471,"Jan 07, 2025",Performance,critical,13.0,2.0,Resolved
TCK-004360,365,"Dec 27, 2025",Billing , Medium,7.5,4.0, Pending 
TCK-004361,1312,04/03/2025,ACCOUNT,High,8.0,4.0,Open 
TCK-004362,12,09/09/2025,TECHNICAL, Low,19.2,2.0,Closed 
TCK-004363,740,18-11-2025,Account, High ,8.0,,CLOSED
TCK-004364,839,18-08-2025,Performance,medium,16.1,1.0,Pending
TCK-004365,1108,"Jul 29, 2025",security,Low ,10.7,5.0,Resolved 
TCK-004366,873,31-10-2025,Performance , Low,6.4,,pending
TCK-004367,861,"Jul 13, 2025",security, Critical ,29.4,3.0, Resolved 
TCK-004368,617,26/05/2025,Technical , Low ,21.4,3.0, Closed
TCK-004369,279,2025-09-12,Performance, Low ,4.0,4.0,Resolved
TCK-004370,1423,2025-11-11,Security,LOW,26.8,4.0,OPEN
TCK-004371,276,09/28/2025,account, Low,18.2,1.0, Closed 
TCK-004372,1183,12-11-2025,billing, Critical ,7.9,5.0,pending
TCK-004373,1423,28-07-2025,billing, High ,13.0,3.0,Closed
TCK-004374,1084,11/29/2025,performance,Critical,7.2,3.0,resolved
TCK-004375,996,05-08-2025, Security,Medium ,1.2,1.0,closed
TCK-004376,360,2025-08-09,Account,CRITICAL,19.5,5.0, Closed 
TCK-004377,1280,2025-09-02,FEATURE REQUEST,Low,17.9,,CLOSED
TCK-004378,637,18-06-2025,BILLING,Medium,12.9,3.0,resolved
TCK-004379,713,11/04/2025,Security,Critical ,12.0,1.0, Open 
TCK-004380,103,2025-06-23,Billing ,high,6.3,2.0,Closed
TCK-004381,92,20 Sep 2025,BILLING, High ,9.0,5.0,CLOSED
TCK-004382,1311,08 Jun 2025, Billing,HIGH,22.8,1.0, Resolved
TCK-004383,501,"Sep 22, 2025",Account , Low ,26.6,1.0,Closed
TCK-004384,1243,2025-07-30,BILLING,LOW,20.5,2.0,OPEN
TCK-004385,703,29/06/2025,Account ,Low,24.4,2.0, Resolved 
TCK-004386,989,17 Aug 2025,security,Medium,20.4,,resolved
TCK-004387,821,"Oct 09, 2025",Security,Low ,9.3,1.0,Open 
TCK-004388,133,10 Sep 2025,Feature Request, Medium,16.3,1.0,Resolved 
TCK-004389,616,"Oct 27, 2025",Security,Critical,22.1,1.0,Resolved 
TCK-004390,1293,16/04/2025,Billing ,Low ,9.5,,closed
TCK-004391,595,"Jan 04, 2025",feature request,Critical ,7.4,1.0,Resolved
TCK-004392,124,20 May 2025, Account ,Medium,11.3,2.0,Open 
TCK-004393,1479,03-01-2025, Billing , Critical,25.0,5.0,Resolved 
TCK-004394,617,22/04/2025, Technical,High,9.1,3.0, Resolved 
TCK-004395,429,2025-08-05,performance,Medium ,15.9,1.0,Resolved 
TCK-004396,1056,06/04/2025,Performance,HIGH,20.9,1.0,Pending 
TCK-004397,602,18/12/2025,Performance ,CRITICAL,8.0,1.0, Pending 
TCK-004398,1367,07 Apr 2025,Account , High ,8.8,,closed
TCK-004399,844,30/10/2025,Account ,MEDIUM,21.9,3.0, Closed 
TCK-004400,476,02/10/2025, Performance, Critical,1.7,3.0, Open
TCK-004401,742,10/18/2025,SECURITY,Medium ,12.8,5.0, Resolved 
TCK-004402,23,2025-07-27,PERFORMANCE,medium,15.2,3.0, Open 
TCK-004403,1259,"May 27, 2025",Account, Low ,4.5,,Closed
TCK-004404,222,"Apr 12, 2025",Technical,High,14.1,4.0, Resolved 
TCK-004405,877,17 Jan 2025,feature request, Low,18.6,,open
TCK-004406,366,"Dec 15, 2025",TECHNICAL,Medium,6.5,3.0,Open 
TCK-004407,366,"Nov 25, 2025",billing,Medium ,25.0,,OPEN
TCK-004408,630,06 Sep 2025,ACCOUNT,CRITICAL,11.4,4.0, Resolved
TCK-004409,874,"Jan 29, 2025",Account,Low,15.4,5.0,CLOSED
TCK-004410,152,17-02-2025,billing,Medium,7.8,1.0,Closed
TCK-004411,1210,19 Dec 2025,billing,High,15.1,2.0,OPEN
TCK-004412,519,2025-11-13,security, Critical,12.1,1.0, Resolved 
TCK-004413,560,2025-09-01,technical,CRITICAL,11.5,3.0,PENDING
TCK-004414,309,"Sep 26, 2025",billing,high,2.7,4.0, Open
TCK-004415,505,2025-02-14,TECHNICAL,medium,15.9,,open
TCK-004416,222,14 Dec 2025,TECHNICAL,Low,15.4,2.0,Resolved
TCK-004417,355,23/08/2025, Account ,High,11.8,1.0, Pending 
TCK-004418,663,16 Apr 2025,Technical ,Medium,11.6,5.0,CLOSED
TCK-004419,1426,"Jul 07, 2025", Account, Critical,2.5,4.0,resolved
TCK-004420,126,08 May 2025,Performance , High,7.4,3.0, Pending 
TCK-004421,1397,26/07/2025,security, Low ,9.5,3.0,RESOLVED
TCK-004422,213,28/03/2025,BILLING,low,29.8,1.0,Open 
TCK-004423,631,"Oct 26, 2025",Feature Request , Critical ,9.5,4.0, Resolved 
TCK-004424,1346,16 Apr 2025, Security,LOW,12.0,4.0, Resolved 
TCK-004425,1000,"Apr 17, 2025",Performance ,high,4.9,2.0, Pending 
TCK-004426,429,25/11/2025,Feature Request,Medium,26.2,2.0,Resolved
TCK-004427,1033,04-07-2025,Billing ,high,3.2,1.0, Resolved 
TCK-004428,174,"Jul 15, 2025", Performance,medium,13.3,4.0,resolved
TCK-004429,1056,"Nov 19, 2025", Performance, Critical ,14.9,3.0,Open
TCK-004430,895,"Feb 26, 2025",Technical ,High ,5.0,1.0,Open 
TCK-004431,1380,12/07/2025,Billing,High,13.0,1.0,Resolved
TCK-004432,1019,2025-10-08,Account,High ,20.9,3.0,PENDING
TCK-004433,1165,"Feb 04, 2025", Security,High ,13.2,,pending
TCK-004434,212,29 Mar 2025,SECURITY, Low ,14.6,4.0,Resolved
TCK-004435,1262,08/10/2025,billing,Low ,9.5,2.0, Closed 
TCK-004436,242,30-04-2025,account, Low,2.7,1.0,Closed 
TCK-004437,792,08/13/2025, Account ,Medium ,10.8,1.0, Resolved 
TCK-004438,976,23-07-2025,Feature Request,Critical,8.8,,pending
TCK-004439,151,16-12-2025, Feature Request, Medium,9.9,2.0,Open
TCK-004440,75,07/19/2025,technical, High ,14.1,4.0, Pending 
TCK-004441,493,09/27/2025,BILLING,Medium,4.5,2.0,PENDING
TCK-004442,1261,05-05-2025,Billing,Medium ,8.6,4.0,Resolved
TCK-004443,1192,09/06/2025, Feature Request ,Medium,44.2,5.0, Closed
TCK-004444,453,03/04/2025, Technical , Low ,3.2,1.0, Resolved 
TCK-004445,217,"Mar 05, 2025",Performance , Low ,1.5,2.0, Resolved 
TCK-004446,537,2025-07-13, Technical,High ,26.5,3.0, Pending
TCK-004447,563,06/19/2025,FEATURE REQUEST,High ,14.9,,Closed 
TCK-004448,860,09-08-2025,TECHNICAL,medium,10.7,1.0, Open
TCK-004449,1347,"Nov 08, 2025", Billing, High ,17.2,3.0,Pending 
TCK-004450,36,"Jan 12, 2025",Performance ,Medium ,16.3,1.0,Resolved
TCK-004451,1373,2025-11-28,Technical, High ,20.9,4.0,closed
TCK-004452,77,06-06-2025, Account ,critical,4.5,1.0,RESOLVED
TCK-004453,32,13-12-2025, Security,HIGH,43.2,3.0,Open
TCK-004454,760,29/05/2025,Feature Request ,Low ,23.8,1.0,Pending
TCK-004455,325,03 Nov 2025,Security, High ,17.3,4.0,OPEN
TCK-004456,418,03/24/2025,BILLING,High,10.2,2.0, Pending
TCK-004457,1285,"Nov 27, 2025",performance,medium,4.7,3.0,Open 
TCK-004458,569,03/04/2025,ACCOUNT, High,16.4,,CLOSED
TCK-004459,913,24/11/2025,Account, High ,9.0,,Closed 
TCK-004460,922,16-05-2025, Feature Request ,high,5.4,2.0,Resolved
TCK-004461,805,20/03/2025,Technical, Low ,3.5,5.0,OPEN
TCK-004462,891,"Jan 14, 2025",Performance , Medium,12.6,2.0,Open 
TCK-004463,1152,08/18/2025, Performance,MEDIUM,11.9,3.0,Closed
TCK-004464,1386,2025-02-02,SECURITY, Medium ,3.6,2.0,pending
TCK-004465,1408,12-10-2025,Security, Critical,16.3,4.0, Closed 
TCK-004466,1004,11/24/2025,Feature Request ,low,26.1,2.0, Pending 
TCK-004467,84,03 Feb 2025,Feature Request, Medium,34.6,,open
TCK-004468,836,"Mar 22, 2025",Billing,Low ,10.4,, Resolved
TCK-004469,148,08/19/2025,PERFORMANCE, Critical,24.1,,Open
TCK-004470,940,18 Dec 2025,Feature Request, Medium ,11.4,2.0,Resolved
TCK-004471,1287,12/26/2025,Account ,Critical ,24.2,,Pending
TCK-004472,969,23-01-2025,Feature Request ,Medium,3.5,2.0,resolved
TCK-004473,391,23 Mar 2025,billing, High ,16.1,4.0, Open
TCK-004474,844,23 Apr 2025,ACCOUNT,LOW,43.7,3.0,open
TCK-004475,602,07/22/2025, Billing ,MEDIUM,5.4,, Resolved
TCK-004476,1313,29-12-2025,Performance ,HIGH,14.1,1.0, Closed
TCK-004477,65,2025-12-06,PERFORMANCE,Medium,2.8,1.0, Open 
TCK-004478,56,04 Apr 2025,Security ,High ,4.1,3.0,Pending
TCK-004479,19,08/18/2025, Performance,HIGH,7.3,, Resolved 
TCK-004480,1119,24-08-2025,TECHNICAL,medium,5.5,, Resolved
TCK-004481,692,11-12-2025, Performance,MEDIUM,6.3,3.0,Open 
TCK-004482,490,20 Oct 2025,performance,medium,19.2,2.0,Resolved
TCK-004483,637,2025-02-18,ACCOUNT,High,2.4,,resolved
TCK-004484,793,15-03-2025, Feature Request,High,27.5,3.0, Resolved
TCK-004485,1109,05/30/2025,Performance,HIGH,6.9,3.0,Resolved
TCK-004486,174,08-10-2025, Technical,low,7.5,,OPEN
TCK-004487,214,01-08-2025,Performance , Low ,14.6,4.0,Resolved 
TCK-004488,187,"Oct 08, 2025", Account ,low,7.1,3.0,Resolved
TCK-004489,1435,"Jan 17, 2025",Technical ,High ,2.7,1.0, Resolved
TCK-004490,755,"Jul 28, 2025",billing,Critical,27.7,4.0,Pending 
TCK-004491,711,25-05-2025, Feature Request ,Critical ,6.6,4.0, Pending 
TCK-004492,180,12/10/2025,Technical, Critical,14.5,4.0,Pending
TCK-004493,989,20/11/2025, Security,HIGH,15.7,5.0,OPEN
TCK-004494,598,11/12/2025,Account ,critical,10.6,, Resolved
TCK-004495,11,2025-04-15,Security, Critical,11.9,5.0, Resolved 
TCK-004496,778,16 Mar 2025,performance, Medium ,11.7,5.0, Resolved 
TCK-004497,656,12/13/2025, Account ,medium,15.2,1.0, Resolved
TCK-004498,1331,2025-03-04,Security,CRITICAL,27.7,2.0, Resolved 
TCK-004499,619,23-03-2025,security, High,11.3,3.0,Open
TCK-004500,1134,2025-03-24, Technical,critical,18.9,4.0,Closed
TCK-004501,122,11/08/2025,Security ,Low,7.0,5.0,Closed 
TCK-004502,422,2025-06-15,Security, Medium ,16.3,1.0,Pending 
TCK-004503,1376,2025-08-29,Performance ,High ,8.1,3.0,Resolved
TCK-004504,794,10/26/2025,Feature Request, Critical,9.8,1.0, Open 
TCK-004505,441,2025-09-29,performance, High ,4.5,1.0,pending
TCK-004506,986,13 May 2025, Feature Request ,high,10.6,5.0,Open 
TCK-004507,1248,10/26/2025, Performance,Critical,6.3,, Pending 
TCK-004508,822,"Mar 06, 2025",SECURITY,high,7.5,5.0,RESOLVED
TCK-004509,708,29-05-2025,FEATURE REQUEST, High,17.6,,Pending
TCK-004510,903,15-12-2025, Account , Medium ,4.1,5.0,Closed 
TCK-004511,1145,21/03/2025,Performance,Low,11.2,1.0,PENDING
TCK-004512,1362,"Jun 15, 2025",account, Low,6.4,5.0,PENDING
TCK-004513,1030,06/10/2025,Feature Request ,High ,8.9,,pending
TCK-004514,152,15-11-2025,Security, Low,17.9,2.0,resolved
TCK-004515,190,"Oct 23, 2025",Technical,low,17.7,, Resolved 
TCK-004516,420,31/03/2025,ACCOUNT,High,18.5,4.0,Resolved 
TCK-004517,644,01/27/2025,billing,LOW,2.6,3.0,pending
TCK-004518,371,18-08-2025, Billing,Medium ,7.7,2.0, Open 
TCK-004519,683,19-01-2025,FEATURE REQUEST,Medium,17.7,2.0,Resolved
TCK-004520,444,01/01/2025,feature request,Medium,15.0,2.0,Open
TCK-004521,805,04/24/2025,PERFORMANCE, High ,0.9,1.0,Pending
TCK-004522,1199,"Apr 16, 2025",Technical, Medium,17.1,5.0,resolved
TCK-004523,1486,2025-10-25,Billing ,medium,7.8,4.0, Closed 
TCK-004524,614,"Nov 17, 2025",feature request, Low ,2.5,4.0,Open 
TCK-004525,146,"Jan 18, 2025",feature request,Critical ,29.9,3.0, Closed 
TCK-004526,975,16-05-2025,TECHNICAL,low,3.3,5.0,closed
TCK-004527,84,13/02/2025,TECHNICAL,CRITICAL,12.4,4.0,open
TCK-004528,1083,09/14/2025,feature request,MEDIUM,6.8,2.0,closed
TCK-004529,1357,16-02-2025,performance,Low,10.5,2.0,Open 
TCK-004530,852,29/10/2025,SECURITY,HIGH,19.7,3.0,Resolved 
TCK-004531,1393,2025-06-17,Technical ,critical,21.0,2.0,Closed 
TCK-004532,768,16-10-2025,Feature Request ,high,6.7,2.0,pending
TCK-004533,1452,13-07-2025,account, Critical ,6.9,2.0,Resolved
TCK-004534,1207,21 Sep 2025,FEATURE REQUEST,medium,7.8,1.0, Closed
TCK-004535,116,2025-06-14,Feature Request ,Critical,23.4,, Pending
TCK-004536,709,29/10/2025, Performance,Low ,52.6,, Closed 
TCK-004537,152,"Jul 10, 2025",Account ,LOW,8.8,5.0,Resolved
TCK-004538,362,04/28/2025, Billing,low,11.3,5.0,RESOLVED
TCK-004539,331,07/24/2025,Account ,Medium,6.2,2.0,Open 
TCK-004540,347,26 Aug 2025, Security ,Critical,31.2,2.0,pending
TCK-004541,1164,27 Apr 2025,Account ,High ,13.2,,RESOLVED
TCK-004542,826,2025-10-30,Account ,Low ,12.4,1.0,Closed 
TCK-004543,301,2025-05-09,FEATURE REQUEST, Critical,42.8,4.0,pending
TCK-004544,513,25/12/2025,security, Low ,7.9,3.0,OPEN
TCK-004545,1436,"Jan 04, 2025",PERFORMANCE,High ,33.3,3.0,pending
TCK-004546,28,24/03/2025, Feature Request,CRITICAL,29.1,1.0,Closed
TCK-004547,46,16 Dec 2025,Feature Request ,Low ,24.1,2.0,Pending
TCK-004548,1039,04/08/2025,Billing ,medium,39.4,,Resolved
TCK-004549,1271,07 Sep 2025, Feature Request,high,13.0,4.0,RESOLVED
TCK-004550,1412,"Jan 09, 2025", Security,Low ,16.2,5.0,Open 
TCK-004551,1282,28-03-2025,Security , Low ,17.3,1.0,Open 
TCK-004552,1095,"Jun 10, 2025",Security,MEDIUM,9.6,5.0,resolved
TCK-004553,1299,2025-11-01, Feature Request , High ,9.4,1.0,CLOSED
TCK-004554,1408,17 Aug 2025, Account ,medium,4.7,4.0,PENDING
TCK-004555,125,2025-01-10,ACCOUNT, High ,39.5,5.0,CLOSED
TCK-004556,20,04 Feb 2025, Feature Request ,High,12.2,,RESOLVED
TCK-004557,645,17-12-2025,BILLING, Medium,21.4,3.0,pending
TCK-004558,104,22 Feb 2025,Security ,MEDIUM,3.0,,Resolved 
TCK-004559,1385,04/07/2025, Security , High ,33.2,,resolved
TCK-004560,794,"Sep 16, 2025",BILLING,Critical ,12.8,,Closed 
TCK-004561,872,17/06/2025, Technical,critical,20.6,3.0,Closed 
TCK-004562,601,07/06/2025,TECHNICAL,Low,8.0,3.0, Closed 
TCK-004563,1212,15-01-2025,BILLING,Critical ,17.8,,open
TCK-004564,118,18 Aug 2025,Feature Request,Medium,10.5,5.0,Closed 
TCK-004565,1227,04/30/2025,Performance ,Medium,13.4,2.0, Resolved 
TCK-004566,1038,"Aug 01, 2025",PERFORMANCE,HIGH,14.8,4.0,Resolved
TCK-004567,94,22-07-2025,PERFORMANCE,Critical,10.0,3.0,open
TCK-004568,800003,2025-06-20, Technical , Critical ,23.3,4.0, Resolved
TCK-004569,674,05/02/2025,FEATURE REQUEST, High ,34.9,2.0, Open
TCK-004570,1178,22 Jun 2025,TECHNICAL,critical,39.1,3.0,closed
TCK-004571,326,12/25/2025,Billing, High,23.4,4.0,Closed
TCK-004572,1,2025-07-03, Account ,Medium ,4.6,4.0,Resolved
TCK-004573,609,08/30/2025,Billing ,medium,22.2,3.0,CLOSED
TCK-004574,1048,28 Oct 2025,technical,LOW,9.5,5.0,CLOSED
TCK-004575,1296,2025-07-11,Security , Critical ,0.6,3.0, Pending
TCK-004576,471,15-08-2025,SECURITY,low,7.7,4.0,Closed 
TCK-004577,1166,06-01-2025, Security ,Critical ,16.1,1.0,Open 
TCK-004578,176,"Jan 13, 2025", Security ,LOW,14.3,2.0, Closed 
TCK-004579,662,13 Sep 2025,Account ,HIGH,7.7,5.0,Closed
TCK-004580,1096,2025-02-05,Billing ,MEDIUM,24.8,2.0,Open
TCK-004581,463,"May 26, 2025", Performance,Medium ,34.3,5.0,Open
TCK-004582,920,05/09/2025,TECHNICAL,Medium,1.1,4.0,Open 
TCK-004583,1164,06/20/2025,Technical ,Critical,28.9,1.0,RESOLVED
TCK-004584,392,21-08-2025,TECHNICAL,High,26.9,5.0,RESOLVED
TCK-004585,991,07/29/2025,billing,MEDIUM,16.0,5.0, Open 
TCK-004586,591,03-05-2025,Security ,MEDIUM,3.6,4.0,CLOSED
TCK-004587,409,16 Jul 2025,Billing,Low,11.8,4.0,Open
TCK-004588,470,"Jan 08, 2025", Technical, Low ,0.3,, Closed 
TCK-004589,741,2025-12-12, Billing,Medium,16.2,, Closed 
TCK-004590,132,27-04-2025,performance, Medium,7.1,,RESOLVED
TCK-004591,434,22 Mar 2025,account,critical,5.4,4.0,Resolved
TCK-004592,594,29-06-2025,feature request,Medium,22.3,3.0,resolved
TCK-004593,48,"Nov 10, 2025", Account , Critical,53.4,3.0,RESOLVED
TCK-004594,834,08/14/2025, Billing, High,17.0,1.0,PENDING
TCK-004595,872,"Jan 30, 2025",Security , Medium,22.7,1.0,Closed
TCK-004596,872,27-06-2025, Performance , Critical,13.3,4.0,CLOSED
TCK-004597,269,09/20/2025,technical,HIGH,2.9,5.0, Pending
TCK-004598,1166,05/05/2025, Security ,low,19.9,5.0, Closed
TCK-004599,297,04 Oct 2025, Technical,LOW,2.9,5.0,PENDING
TCK-004600,873,2025-09-11, Technical,Medium,19.9,2.0,RESOLVED
TCK-004601,402,"Jan 27, 2025", Account ,Medium,34.4,5.0,Pending
TCK-004602,1324,11 Apr 2025,Billing , Low ,9.7,2.0,Resolved
TCK-004603,1136,29/05/2025,security,critical,20.4,3.0,resolved
TCK-004604,764,09-10-2025,performance,Low ,5.8,4.0, Closed 
TCK-004605,658,"Sep 28, 2025",TECHNICAL,High ,9.3,2.0,pending
TCK-004606,421,14/02/2025,technical,CRITICAL,3.5,4.0, Resolved 
TCK-004607,117,2025-04-09, Account ,CRITICAL,10.1,2.0, Closed 
TCK-004608,31,19/09/2025,technical,critical,21.5,5.0,Open 
TCK-004609,342,2025-09-06,Account , High ,8.6,1.0,Open 
TCK-004610,417,2025-05-19,SECURITY,Low ,5.5,1.0, Open 
TCK-004611,799,26 Jul 2025,Technical ,Critical ,16.7,, Pending 
TCK-004612,859,08/26/2025, Security ,medium,21.4,3.0,Closed
TCK-004613,151,04/08/2025, Account , High,16.1,1.0, Open
TCK-004614,761,2025-09-11, Billing,CRITICAL,11.4,1.0, Resolved 
TCK-004615,706,10/07/2025, Technical ,Medium,6.3,4.0, Closed 
TCK-004616,1207,18 Sep 2025, Feature Request ,MEDIUM,17.5,,Closed 
TCK-004617,1125,05/01/2025, Technical , High,30.2,1.0,open
TCK-004618,214,"Jul 07, 2025",performance,CRITICAL,19.4,2.0,resolved
TCK-004619,847,06/11/2025,TECHNICAL, High,4.6,2.0,CLOSED
TCK-004620,1065,21 Jul 2025,billing, Medium ,3.5,3.0,Resolved
TCK-004621,1445,"Jun 06, 2025", Billing ,Low,26.5,2.0,CLOSED
TCK-004622,876,28 Nov 2025, Security ,High,24.7,4.0, Open 
TCK-004623,333,12/29/2025,FEATURE REQUEST, Low,36.0,1.0,Pending 
TCK-004624,548,03/22/2025,SECURITY, Low ,4.4,5.0,Open
TCK-004625,116,27 Nov 2025,SECURITY, Low ,48.5,, Resolved 
TCK-004626,117,2025-05-21,Performance,Medium ,18.3,1.0, Pending 
TCK-004627,265,04/10/2025,feature request,Critical,23.4,3.0, Resolved
TCK-004628,690,31/10/2025,TECHNICAL, Critical,6.8,5.0, Resolved
TCK-004629,921,12 Jan 2025,security, Critical ,5.0,,Pending
TCK-004630,450,08-10-2025,Performance, High ,17.8,3.0,Pending
TCK-004631,605,07/05/2025, Performance ,low,11.3,, Pending
TCK-004632,198,2025-04-16,feature request, Low ,6.2,,Closed
TCK-004633,882,01/17/2025,Account,medium,5.7,5.0,CLOSED
TCK-004634,1446,08 Feb 2025, Technical ,High,37.0,5.0, Closed
TCK-004635,63,"Dec 10, 2025", Billing, Critical,26.9,2.0,CLOSED
TCK-004636,928,"Jan 25, 2025",Performance,Low ,16.3,3.0,OPEN
TCK-004637,14,01/25/2025,PERFORMANCE,LOW,20.2,1.0,CLOSED
TCK-004638,974,"Feb 10, 2025",BILLING,medium,30.3,2.0, Pending 
TCK-004639,135,"Apr 09, 2025",performance,MEDIUM,49.7,,closed
TCK-004640,531,21 Jan 2025,Feature Request,critical,24.2,3.0,closed
TCK-004641,812,"Jun 20, 2025", Billing , Critical,7.6,3.0, Pending
TCK-004642,1273,06/30/2025,performance,Low,3.4,1.0,OPEN
TCK-004643,270,13/11/2025,performance,High ,9.6,4.0,Closed
TCK-004644,1211,2025-10-05, Billing ,Low,16.9,1.0, Open
TCK-004645,564,"Jan 19, 2025",BILLING,Medium ,9.7,4.0,Pending 
TCK-004646,1355,08-05-2025, Feature Request , Critical,34.9,4.0,Closed 
TCK-004647,359,20 Apr 2025,SECURITY, Low ,5.6,2.0,pending
TCK-004648,1177,04/12/2025,account,critical,10.4,1.0,Resolved 
TCK-004649,922,"Jan 08, 2025",Account , High ,3.8,5.0,RESOLVED
TCK-004650,225,22-12-2025,Billing , Critical,7.2,1.0,PENDING
TCK-004651,260,2025-08-02,feature request,CRITICAL,14.7,2.0,Resolved
TCK-004652,68,2025-09-28, Performance, Low,9.6,2.0, Resolved 
TCK-004653,797,"Jan 06, 2025", Feature Request , Low ,9.7,4.0,OPEN
TCK-004654,1455,13/03/2025,Billing,high,17.6,3.0, Pending
TCK-004655,374,05/06/2025, Account, Medium ,8.4,3.0,Resolved 
TCK-004656,747,06 Nov 2025,Billing , Low ,39.3,5.0, Pending 
TCK-004657,352,31 Oct 2025, Performance,high,19.4,3.0,Closed
TCK-004658,1322,17/01/2025, Security, Low ,12.9,1.0,Pending 
TCK-004659,150,01/25/2025, Technical ,Medium,45.9,2.0,Resolved
TCK-004660,90,17-04-2025, Billing,Low,22.6,2.0,Resolved
TCK-004661,675,02/08/2025,ACCOUNT,Medium ,4.0,2.0, Closed
TCK-004662,166,2025-12-09,ACCOUNT,Critical,2.2,5.0,open
TCK-004663,21,27/06/2025, Performance ,MEDIUM,16.1,,Resolved 
TCK-004664,1127,01/03/2025, Technical ,LOW,36.5,2.0,CLOSED
TCK-004665,769,05/26/2025,Security, High ,5.6,1.0,resolved
TCK-004666,1162,12/08/2025, Billing ,High,2.9,5.0,Pending 
TCK-004667,554,07/13/2025, Billing,LOW,19.6,2.0, Closed 
TCK-004668,904,22/09/2025,ACCOUNT,Medium,9.7,3.0, Pending
TCK-004669,875,04/14/2025, Billing, Low,28.3,2.0,PENDING
TCK-004670,4,21 Feb 2025, Security , Low ,24.0,4.0,open
TCK-004671,357,08/02/2025,account,Critical,14.3,1.0,resolved
TCK-004672,450,18/02/2025,Technical, Medium,4.3,2.0,Open 
TCK-004673,1366,21/04/2025, Account , Critical ,9.1,,PENDING
TCK-004674,1271,27 Jul 2025,Account ,LOW,21.0,5.0,open
TCK-004675,316,15 Nov 2025,Performance ,CRITICAL,9.3,5.0,open
TCK-004676,233,"Jul 22, 2025",SECURITY, High,19.8,5.0,PENDING
TCK-004677,906,18/10/2025,Billing,High,21.9,1.0,RESOLVED
TCK-004678,50,2025-07-21, Performance ,Low ,21.9,4.0, Resolved 
TCK-004679,658,22-09-2025, Security,Low,9.4,3.0,open
TCK-004680,928,24/08/2025, Account , Low ,6.8,4.0,Closed
TCK-004681,521,23-08-2025,performance,Low,12.3,3.0, Closed
TCK-004682,1400,28/01/2025,Billing,medium,16.2,5.0,RESOLVED
TCK-004683,893,25-05-2025,TECHNICAL,HIGH,17.0,2.0, Closed 
TCK-004684,41,2025-10-18,Security, Medium ,18.9,5.0,Open 
TCK-004685,1315,13/09/2025, Billing , Critical ,32.2,,Resolved
TCK-004686,1473,03/29/2025,Performance , High ,2.2,1.0,OPEN
TCK-004687,1117,"Jun 19, 2025",Technical,medium,41.3,5.0,Resolved 
TCK-004688,1310,08/05/2025, Security ,critical,16.8,5.0,Resolved 
TCK-004689,540,02 Sep 2025, Billing ,Medium,11.2,4.0,resolved
TCK-004690,896,2025-01-04,FEATURE REQUEST,low,7.3,4.0, Closed
TCK-004691,1136,"Jan 18, 2025",Technical,medium,17.6,3.0,Pending
TCK-004692,140,21-12-2025, Account,Critical ,17.5,3.0,OPEN
TCK-004693,612,18/08/2025, Account,critical,8.8,, Resolved
TCK-004694,1168,09-10-2025,security, Medium,7.5,2.0, Closed 
TCK-004695,538,03/07/2025, Technical, Low,6.7,1.0,Closed 
TCK-004696,1489,2025-12-02,Account,Critical,17.2,1.0,Resolved
TCK-004697,201,2025-06-11,TECHNICAL, Low,6.5,3.0,Resolved 
TCK-004698,1101,2025-11-12,FEATURE REQUEST,Low ,1.4,1.0, Closed
TCK-004699,683,22/05/2025,Feature Request , High,23.2,, Closed
TCK-004700,146,2025-10-04,security, Critical ,2.9,2.0, Closed
TCK-004701,348,24/06/2025,Feature Request ,critical,1.6,5.0,Open 
TCK-004702,1079,2025-02-19, Technical,CRITICAL,16.8,,Pending 
TCK-004703,350,19/03/2025,performance, High,16.1,3.0,Open 
TCK-004704,686,15/09/2025,Billing, Medium ,7.6,3.0,Open 
TCK-004705,1389,06/16/2025,Account,critical,8.0,3.0,Resolved
TCK-004706,199,2025-03-24,Feature Request,High ,5.3,2.0,resolved
TCK-004707,527,01/23/2025, Technical,HIGH,36.7,1.0,Pending
TCK-004708,560,"Nov 04, 2025",SECURITY,Low ,2.8,5.0,Pending 
TCK-004709,521,15/11/2025,Performance,CRITICAL,16.5,, Closed
TCK-004710,580,2025-09-29,Feature Request ,Medium,1.9,, Pending
TCK-004711,507,05/05/2025, Billing , Medium ,23.2,,pending
TCK-004712,560,"Dec 03, 2025", Technical , Low ,6.5,3.0,Pending
TCK-004713,230,2025-11-18,Performance, Low ,56.8,5.0, Pending 
TCK-004714,661,12/18/2025,TECHNICAL, Low ,22.9,4.0,PENDING
TCK-004715,249,08/07/2025,account, High ,22.0,3.0,Closed
TCK-004716,512,"May 21, 2025",FEATURE REQUEST, High,44.0,2.0,Closed
TCK-004717,458,"Dec 26, 2025",BILLING,Critical ,21.6,5.0,pending
TCK-004718,381,12 May 2025,SECURITY,MEDIUM,2.8,1.0,resolved
TCK-004719,1350,22/09/2025,ACCOUNT,medium,5.9,3.0, Open
TCK-004720,630,"Dec 26, 2025",ACCOUNT, Low ,28.2,1.0, Pending
TCK-004721,37,2025-07-16,technical, Critical,6.0,3.0, Open 
TCK-004722,1301,25-12-2025,Security , Critical ,19.0,2.0, Closed 
TCK-004723,107,2025-12-05,SECURITY,medium,4.4,2.0, Pending
TCK-004724,214,17 Jul 2025,feature request,CRITICAL,6.4,1.0, Closed
TCK-004725,163,"Jun 06, 2025", Billing ,low,9.2,4.0, Closed
TCK-004726,361,13/04/2025, Feature Request ,HIGH,17.2,2.0,resolved
TCK-004727,1405,"Oct 22, 2025",Performance ,MEDIUM,7.9,1.0,OPEN
TCK-004728,695,20/05/2025,BILLING,MEDIUM,20.7,4.0, Open 
TCK-004729,544,08 Oct 2025,BILLING,high,18.9,4.0,Closed
TCK-004730,356,2025-03-12,Performance,Medium ,33.4,4.0,Closed
TCK-004731,37,29 Jul 2025,BILLING, Medium ,13.5,1.0,CLOSED
TCK-004732,95,03 Jul 2025,FEATURE REQUEST,MEDIUM,7.3,4.0,Pending 
TCK-004733,28,17 Jul 2025, Feature Request ,Medium ,5.4,,pending
TCK-004734,250,"May 24, 2025", Account ,Critical ,13.1,3.0,CLOSED
TCK-004735,609,02/28/2025,BILLING,medium,18.4,1.0,Closed 
TCK-004736,209,23-01-2025, Security ,Medium,10.8,5.0,closed
TCK-004737,209,27/04/2025, Account , High ,24.8,2.0, Closed
TCK-004738,295,22 Dec 2025,ACCOUNT,Low ,42.2,4.0,Resolved 
TCK-004739,1273,"Aug 08, 2025", Feature Request ,HIGH,2.2,,open
TCK-004740,1327,10/27/2025, Technical,High ,14.1,3.0, Pending 
TCK-004741,705,31/10/2025,account,high,39.8,4.0,PENDING
TCK-004742,764,07/10/2025, Technical ,High ,5.1,1.0,pending
TCK-004743,1386,10/06/2025,Account,High,5.1,3.0, Closed
TCK-004744,287,2025-07-09, Security ,Medium ,25.7,4.0,PENDING
TCK-004745,899,01/18/2025, Performance,Low,27.3,4.0,Pending 
TCK-004746,325,2025-01-10,Feature Request ,High,41.2,5.0, Resolved 
TCK-004747,153,22 Feb 2025, Security ,Low ,12.4,, Resolved 
TCK-004748,1303,15/07/2025,Security, Medium ,7.0,,resolved
TCK-004749,596,13/04/2025,TECHNICAL, High,25.6,4.0,RESOLVED
TCK-004750,394,30-12-2025,Account, Low ,11.2,3.0,Pending
TCK-004751,120,24/03/2025, Security , Medium ,3.5,5.0,OPEN
TCK-004752,825,06 Jan 2025,Security,Medium ,6.8,1.0, Pending
TCK-004753,974,02/04/2025,Billing, Medium,11.2,1.0,Open
TCK-004754,106,30/11/2025,technical,Critical,13.0,4.0, Resolved 
TCK-004755,253,2025-10-14, Account,Critical,1.6,2.0, Pending
TCK-004756,1272,08/16/2025, Account ,MEDIUM,11.4,,Closed
TCK-004757,136,04/03/2025, Technical , Low ,7.4,2.0, Resolved 
TCK-004758,644,06-01-2025,Technical, Low,5.6,,RESOLVED
TCK-004759,764,2025-11-23, Feature Request ,HIGH,14.7,3.0, Resolved
TCK-004760,766,25 Apr 2025,SECURITY,High ,9.7,4.0, Closed 
TCK-004761,1184,30-04-2025,security, High ,12.0,, Open 
TCK-004762,853,2025-04-10,Account ,medium,3.8,1.0,RESOLVED
TCK-004763,1178,11-08-2025,account, High ,4.5,5.0,RESOLVED
TCK-004764,770,12/08/2025, Billing ,Low ,15.6,5.0, Pending 
TCK-004765,986,27 Aug 2025, Performance, Critical ,25.6,3.0,pending
TCK-004766,963,2025-01-26,Account ,Low,81.5,5.0,Pending
TCK-004767,1036,"Aug 08, 2025",Performance ,Critical ,24.0,2.0, Open 
TCK-004768,511,12-02-2025,performance, Low,13.0,1.0,RESOLVED
TCK-004769,468,11/08/2025,Performance ,Medium,7.2,,Open
TCK-004770,1424,11/02/2025, Performance, Critical ,14.6,4.0,CLOSED
TCK-004771,1394,07/14/2025, Technical,medium,6.1,, Closed 
TCK-004772,483,"Jan 08, 2025",Performance,high,11.4,, Open
TCK-004773,1173,08/05/2025,FEATURE REQUEST, Low,35.6,5.0,CLOSED
TCK-004774,719,12/08/2025, Technical ,medium,18.7,4.0,Closed
TCK-004775,1454,2025-04-26,Feature Request,LOW,23.2,1.0,open
TCK-004776,1216,28/05/2025,Technical , Low,20.0,5.0,Resolved
TCK-004777,756,21 Aug 2025, Security ,Low,40.2,2.0,Open
TCK-004778,494,12/21/2025,security,low,23.6,2.0,Open 
TCK-004779,1064,"Jul 19, 2025",Security ,Critical ,35.4,2.0,Resolved
TCK-004780,898,10/10/2025,Security,critical,6.4,3.0,pending
TCK-004781,1109,"Mar 07, 2025",Account ,Medium ,45.3,3.0,Resolved
TCK-004782,1022,2025-01-03, Feature Request, High ,9.1,1.0,Pending
TCK-004783,339,16 Jun 2025,ACCOUNT,Low,28.0,5.0, Pending 
TCK-004784,237,02/27/2025,Performance , High ,39.9,2.0, Closed 
TCK-004785,1264,09 Jul 2025,TECHNICAL,High,11.1,4.0,Open 
TCK-004786,1445,"May 07, 2025",Security,medium,13.7,, Pending
TCK-004787,1460,2025-06-15,Feature Request ,CRITICAL,12.0,3.0,Open
TCK-004788,1438,"Mar 11, 2025",Billing , Critical ,48.8,,resolved
TCK-004789,901,24 Jun 2025, Billing,High ,4.1,3.0,closed
TCK-004790,505,03/29/2025,Account ,Low ,7.1,1.0,Resolved 
TCK-004791,343,20 Apr 2025,Feature Request, High,20.4,4.0,Resolved 
TCK-004792,940,26/08/2025, Account ,HIGH,11.9,5.0, Pending 
TCK-004793,674,11 Feb 2025,technical,high,16.3,3.0, Pending 
TCK-004794,540,27/05/2025,PERFORMANCE, Critical ,11.4,3.0, Resolved
TCK-004795,965,07/06/2025, Security,High,1.0,1.0,closed
TCK-004796,636,08/25/2025,SECURITY, Medium ,27.1,3.0,Resolved 
TCK-004797,72,12-10-2025,Technical,Low,7.6,2.0,OPEN
TCK-004798,374,02/01/2025,billing,LOW,11.4,2.0, Open
TCK-004799,278,28 Aug 2025,Account , Critical,18.7,, Resolved 
TCK-004800,962,25/09/2025, Account , Low,3.0,,closed
TCK-004801,1265,07 Jan 2025,Account,critical,20.2,, Pending 
TCK-004802,1141,12/06/2025,Billing , Low ,8.0,2.0, Resolved 
TCK-004803,423,2025-06-21,Performance , Medium ,13.7,2.0,CLOSED
TCK-004804,186,"Aug 15, 2025",Feature Request , Medium ,13.2,3.0, Pending 
TCK-004805,1249,18 Oct 2025,billing, Critical,99999.0,2.0,resolved
TCK-004806,732,14-02-2025,TECHNICAL, Low ,4.9,4.0,CLOSED
TCK-004807,1333,06/02/2025,Security , High ,29.5,3.0,CLOSED
TCK-004808,82,24/05/2025,technical, Medium,15.9,,Closed 
TCK-004809,1477,10/17/2025,Security, High,12.6,,OPEN
TCK-004810,79,18 Dec 2025, Security ,high,14.0,3.0,Pending
TCK-004811,848,18 Jun 2025,technical, Low,9.7,,Closed
TCK-004812,480,01/27/2025, Account,medium,5.1,,CLOSED
TCK-004813,331,04-12-2025,security, High ,13.4,, Resolved 
TCK-004814,1039,2025-07-13, Account,low,9.4,5.0, Pending
TCK-004815,212,08/28/2025, Technical , Low ,2.6,3.0,pending
TCK-004816,1331,08-07-2025,feature request,LOW,3.7,3.0,OPEN
TCK-004817,1032,"Mar 30, 2025",Security,Critical ,3.0,5.0,Closed
TCK-004818,1004,03-01-2025,performance, Critical ,10.3,1.0, Pending
TCK-004819,1256,2025-11-24,billing,Critical ,18.5,2.0,Open 
TCK-004820,638,"Dec 06, 2025",billing,Medium,46.3,2.0,Pending
TCK-004821,827,30/05/2025, Billing ,medium,12.2,3.0,OPEN
TCK-004822,1261,08/10/2025,Feature Request,HIGH,26.4,4.0,Closed 
TCK-004823,223,27-11-2025,technical, Low,15.7,3.0,closed
TCK-004824,773,30-01-2025, Account, Low,14.0,,RESOLVED
TCK-004825,858,01-04-2025,Performance,High ,8.2,3.0, Resolved 
TCK-004826,418,"Oct 24, 2025",Performance,Low ,5.2,4.0, Pending
TCK-004827,200,18/09/2025, Technical,Medium,13.5,, Closed 
TCK-004828,1219,11-01-2025, Security,Low,50.3,,Pending
TCK-004829,1099,10/23/2025, Billing ,medium,20.2,2.0,Resolved 
TCK-004830,485,22 Feb 2025, Performance ,CRITICAL,13.6,1.0,CLOSED
TCK-004831,1401,23-02-2025, Feature Request,MEDIUM,14.2,4.0, Resolved 
TCK-004832,644,11/21/2025, Feature Request, Medium ,34.2,3.0, Pending 
TCK-004833,619,06/27/2025, Performance ,MEDIUM,16.4,, Pending
TCK-004834,1449,21-11-2025,Feature Request , Critical,29.2,5.0,Pending 
TCK-004835,353,22 Dec 2025,BILLING,LOW,13.9,,Open
TCK-004836,727,19-11-2025,Technical , Critical,11.9,3.0, Pending 
TCK-004837,922,08-10-2025, Feature Request ,low,13.1,5.0,closed
TCK-004838,467,24 Jan 2025,FEATURE REQUEST,CRITICAL,27.0,,RESOLVED
TCK-004839,1119,10/03/2025,security, Low,45.9,1.0, Closed 
TCK-004840,21,11-05-2025, Technical, Low ,30.5,2.0, Pending 
TCK-004841,1423,09/02/2025,Security,Low,32.9,3.0,PENDING
TCK-004842,453,28 Nov 2025,Technical ,High,18.5,3.0,RESOLVED
TCK-004843,651,25-02-2025,feature request, Medium ,30.9,2.0,Open
TCK-004844,959,2025-03-17,Feature Request,medium,47.2,, Closed 
TCK-004845,661,13/01/2025,Feature Request,HIGH,3.4,1.0, Pending
TCK-004846,1163,21 Apr 2025,security,High,21.7,2.0, Resolved
TCK-004847,1304,"Jan 20, 2025",Account ,critical,8.1,3.0,RESOLVED
TCK-004848,491,23-03-2025,Feature Request , High ,17.9,,Resolved
TCK-004849,1179,04 Aug 2025, Technical , Low,15.6,1.0, Resolved 
TCK-004850,246,29-06-2025, Technical ,High ,53.9,2.0,open
TCK-004851,1494,19/02/2025, Performance , High,19.9,1.0,closed
TCK-004852,56,04/08/2025, Technical,HIGH,26.3,1.0, Open 
TCK-004853,598,"Feb 12, 2025",Security, High,10.6,2.0,PENDING
TCK-004854,1131,"Jan 21, 2025", Performance ,Critical ,29.0,3.0,pending
TCK-004855,126,24 Dec 2025,feature request, Low ,14.0,2.0,Open
TCK-004856,88,31 Jan 2025,ACCOUNT, Low,10.8,3.0,open
TCK-004857,1078,17 Mar 2025,BILLING,Critical,19.0,2.0,Pending 
TCK-004858,27,2025-11-25, Technical,CRITICAL,7.9,4.0,pending
TCK-004859,1440,06/21/2025,Security, High ,26.4,4.0,CLOSED
TCK-004860,603,11 Jun 2025,SECURITY,Low ,6.3,,OPEN
TCK-004861,886,"Mar 03, 2025",Security, Low,9.3,1.0,Pending 
TCK-004862,1216,"Jan 13, 2025",Performance ,Critical,26.2,1.0,pending
TCK-004863,291,2025-10-14,feature request,Medium ,16.4,1.0,RESOLVED
TCK-004864,1390,"Jul 10, 2025",ACCOUNT, Low,61.5,2.0,open
TCK-004865,85,2025-06-24,performance,medium,18.1,2.0,Pending 
TCK-004866,1020,2025-04-04,Account ,CRITICAL,7.7,4.0,Closed
TCK-004867,1425,02/09/2025, Performance , Medium,45.1,2.0,open
TCK-004868,1311,"Mar 21, 2025",Technical,Low,6.5,3.0,Pending 
TCK-004869,729,30/12/2025, Performance, Low,37.6,1.0,PENDING
TCK-004870,1252,31 Mar 2025, Performance ,High,5.0,3.0, Closed
TCK-004871,189,29 Jan 2025,Security, Critical,16.8,4.0, Open 
TCK-004872,774,2025-04-11,SECURITY,High ,33.7,1.0,Open
TCK-004873,1151,07-07-2025,BILLING, Medium ,6.4,3.0,OPEN
TCK-004874,459,17/10/2025,ACCOUNT, Medium,10.7,5.0, Closed
TCK-004875,388,"May 11, 2025",Security , Medium ,6.8,,CLOSED
TCK-004876,1174,"Apr 29, 2025",Technical , Medium ,28.3,3.0, Closed
TCK-004877,137,08/28/2025, Technical,High,7.2,1.0,Pending
TCK-004878,800,12/25/2025,FEATURE REQUEST,High,11.6,3.0,Pending
TCK-004879,174,22-04-2025,SECURITY,Critical ,10.5,, Pending 
TCK-004880,389,31/05/2025,billing,medium,2.3,3.0,Pending
TCK-004881,707,19 Aug 2025, Performance ,Critical,17.8,,pending
TCK-004882,1177,03/06/2025,Billing , Critical ,16.0,1.0,Closed
TCK-004883,399,13/10/2025, Technical,low,15.3,5.0, Closed
TCK-004884,1048,2025-03-31, Technical,HIGH,50.3,3.0,OPEN
TCK-004885,1398,14 Dec 2025,technical, Low ,13.0,4.0,RESOLVED
TCK-004886,1399,22/02/2025,Billing, Low ,2.2,5.0,Closed 
TCK-004887,317,26-11-2025,TECHNICAL, Medium ,8.5,2.0,open
TCK-004888,655,"Aug 04, 2025",BILLING, Medium,24.9,2.0,Closed
TCK-004889,1383,10/07/2025,billing,Critical,9.7,2.0,CLOSED
TCK-004890,939,10 Oct 2025,Technical , Medium ,11.9,2.0,Open 
TCK-004891,174,19 Jun 2025,Security, Medium ,5.7,2.0,RESOLVED
TCK-004892,986,03/15/2025, Technical,MEDIUM,48.1,1.0,Closed 
TCK-004893,931,30-01-2025,Account ,Low ,13.4,4.0,open
TCK-004894,687,"Aug 21, 2025", Feature Request ,LOW,3.7,4.0,Closed 
TCK-004895,1303,21-03-2025,Feature Request ,Low ,9.2,1.0,Closed
TCK-004896,133,2025-02-28,Technical,Medium ,8.1,2.0,open
TCK-004897,359,19/12/2025, Technical,Critical ,8.2,1.0, Pending 
TCK-004898,1232,07-04-2025,BILLING, High,8.9,2.0, Open 
TCK-004899,1234,"Jun 13, 2025", Account , Low ,4.2,1.0, Pending 
TCK-004900,1044,"Jul 01, 2025", Feature Request,Low,12.9,5.0,Open 
TCK-004901,920,14/04/2025, Technical , High,3.3,2.0, Open 
TCK-004902,331,"Jul 18, 2025",Technical , Critical ,8.1,1.0,Resolved
TCK-004903,1164,03/08/2025,Account,High ,7.6,5.0,Open
TCK-004904,1383,23/10/2025,Technical , High ,9.4,4.0, Open
TCK-004905,100,13 Mar 2025, Feature Request,critical,3.8,2.0,Closed
TCK-004906,911,22-11-2025, Billing,high,25.2,4.0,Pending
TCK-004907,492,"May 28, 2025", Account ,MEDIUM,9.5,,closed
TCK-004908,958,10/02/2025,Performance, Low ,9.7,,Open 
TCK-004909,507,02/05/2025, Billing ,LOW,3.8,, Resolved
TCK-004910,1194,"Jun 25, 2025", Feature Request,High ,9.1,3.0,resolved
TCK-004911,574,"Apr 02, 2025",performance,Critical,11.3,5.0, Resolved
TCK-004912,55,16 Nov 2025,security,HIGH,9.2,3.0,Pending
TCK-004913,476,09 Feb 2025, Billing,high,10.8,1.0,Open
TCK-004914,1287,"Sep 29, 2025", Feature Request, Medium,19.1,1.0, Resolved 
TCK-004915,348,12/07/2025,technical,CRITICAL,20.3,4.0,CLOSED
TCK-004916,1209,2025-04-26,TECHNICAL, Low,9.7,2.0,Resolved
TCK-004917,626,21 Mar 2025,Security , High,13.1,3.0,CLOSED
TCK-004918,1460,09 Aug 2025,FEATURE REQUEST, Medium ,10.3,5.0,Resolved
TCK-004919,1499,02/11/2025,performance,medium,2.1,1.0,CLOSED
TCK-004920,1326,2025-04-13,Performance,CRITICAL,14.9,5.0, Closed
TCK-004921,110,04/11/2025, Technical,HIGH,5.5,2.0,Open 
TCK-004922,787,2025-03-18,PERFORMANCE, Medium ,17.4,4.0,Closed
TCK-004923,7,26 Jan 2025, Performance,High,15.9,,Open 
TCK-004924,723,08/03/2025,Performance,low,0.9,2.0,closed
TCK-004925,143,2025-11-06, Account, High ,12.0,4.0,Closed
TCK-004926,690,"Aug 30, 2025",Account,Low,9.4,4.0,Open
TCK-004927,294,09 Oct 2025, Billing,medium,16.8,1.0,Resolved 
TCK-004928,386,04 Apr 2025,technical, Medium ,27.6,,Closed 
TCK-004929,661,"Jul 13, 2025",Security ,High ,7.3,,closed
TCK-004930,559,17/02/2025,Security,Medium ,32.7,2.0,resolved
TCK-004931,772,08 Sep 2025, Account,Medium ,7.4,3.0, Resolved
TCK-004932,21,11-10-2025, Billing, Medium ,10.3,3.0,open
TCK-004933,1366,01/25/2025,Technical ,Low,10.8,4.0, Resolved 
TCK-004934,138,"Jun 22, 2025", Billing ,Medium ,32.2,4.0, Pending 
TCK-004935,264,09/07/2025, Account ,medium,2.6,4.0,PENDING
TCK-004936,183,2025-06-16,Account, Medium ,11.6,2.0,RESOLVED
TCK-004937,1043,2025-12-26, Account, Low ,4.1,2.0, Pending 
TCK-004938,1178,05/10/2025,TECHNICAL,Low ,9.7,2.0,CLOSED
TCK-004939,1204,15/10/2025,SECURITY,critical,27.3,3.0,Resolved 
TCK-004940,1008,"Jan 27, 2025", Technical , High ,58.3,1.0, Pending
TCK-004941,1056,09 Jun 2025,technical,low,20.4,2.0, Resolved 
TCK-004942,119,20/09/2025,Account ,Critical,6.1,, Closed
TCK-004943,951,06-10-2025,Performance, High,7.1,3.0,Open
TCK-004944,761,09/02/2025,Security, Critical,4.8,2.0, Pending
TCK-004945,1482,07-06-2025, Feature Request,high,4.6,5.0, Open
TCK-004946,404,2025-09-06,FEATURE REQUEST,critical,9.2,4.0,Pending
TCK-004947,341,"Sep 06, 2025", Billing ,Critical ,8.5,4.0,Resolved 
TCK-004948,724,"Feb 22, 2025", Performance,Low ,14.5,5.0,Closed
TCK-004949,92,15-11-2025,TECHNICAL,High,16.6,2.0, Resolved 
TCK-004950,370,2025-10-30, Account,high,9.1,5.0,Resolved
TCK-004951,473,2025-10-22,Technical ,critical,14.0,2.0, Closed
TCK-004952,1339,28 Nov 2025, Performance ,high,20.6,1.0,Closed
TCK-004953,1235,04/14/2025,technical, High,12.9,2.0,Pending 
TCK-004954,1073,2025-07-30, Billing ,MEDIUM,7.3,,open
TCK-004955,1284,06/11/2025, Technical,MEDIUM,5.6,, Resolved
TCK-004956,299,17 May 2025,account,low,7.2,3.0, Closed 
TCK-004957,303,07-04-2025,SECURITY, High ,24.1,5.0,OPEN
TCK-004958,707,13/05/2025,Feature Request ,CRITICAL,25.5,,RESOLVED
TCK-004959,805,2025-09-10,account,Low,9.1,5.0,CLOSED
TCK-004960,1126,2025-09-20,Performance , Medium ,20.2,2.0,Pending
TCK-004961,488,06/29/2025,Security,HIGH,4.9,3.0,Resolved 
TCK-004962,1046,"Dec 27, 2025", Technical ,low,22.9,5.0,CLOSED
TCK-004963,520,24-04-2025,Security,LOW,12.9,5.0,closed
TCK-004964,1323,2025-03-26,Account, High,28.3,4.0, Open 
TCK-004965,606,10/23/2025, Security, Critical,17.5,5.0,Open 
TCK-004966,514,07/17/2025,Security ,MEDIUM,36.9,1.0,Closed 
TCK-004967,202,"Dec 21, 2025", Security,high,4.0,,Resolved
TCK-004968,771,"Jan 11, 2025",security, Low ,21.6,1.0, Resolved 
TCK-004969,284,25 Dec 2025, Feature Request ,Critical,6.8,1.0,Open
TCK-004970,1111,02/06/2025,Performance,Low,6.0,1.0, Pending
TCK-004971,911,24/07/2025,Billing,HIGH,13.5,, Closed 
TCK-004972,54,"Feb 26, 2025",Billing,Critical ,7.8,3.0, Pending
TCK-004973,754,11/01/2025,billing, Critical ,21.8,1.0,CLOSED
TCK-004974,1477,03-01-2025,Billing , Low ,17.6,1.0,OPEN
TCK-004975,1034,"Aug 24, 2025",Account ,low,2.3,1.0, Pending
TCK-004976,1293,"Apr 20, 2025", Feature Request ,high,19.1,2.0, Open 
TCK-004977,421,13/09/2025,Technical,Low,14.8,1.0,Open 
TCK-004978,1229,12/01/2025, Account , Low ,7.8,4.0,RESOLVED
TCK-004979,654,13-11-2025,Technical , Critical,7.6,,Closed 
TCK-004980,1327,02/03/2025, Account , Medium ,4.8,3.0,Closed
TCK-004981,583,23-12-2025, Performance ,High ,4.5,5.0,Pending
TCK-004982,1157,29-08-2025,Security ,LOW,19.4,, Open 
TCK-004983,31,14 May 2025,ACCOUNT,Medium,20.6,2.0,Resolved 
TCK-004984,494,19 Jun 2025,Feature Request,low,7.1,1.0,pending
TCK-004985,1207,"Sep 03, 2025", Performance,MEDIUM,9.7,4.0,Open 
TCK-004986,1,01-08-2025, Performance ,low,6.3,5.0,Pending 
TCK-004987,323,11/28/2025,account, High ,29.6,,Pending 
TCK-004988,233,02/28/2025, Account,critical,7.9,,OPEN
TCK-004989,1180,02/07/2025, Technical ,HIGH,48.5,3.0, Closed 
TCK-004990,1062,27-08-2025,technical, Medium ,8.2,5.0,pending
TCK-004991,1439,21-06-2025,Performance ,Critical,11.5,2.0,CLOSED
TCK-004992,788,05/31/2025,billing,Critical ,15.6,2.0, Resolved 
TCK-004993,1094,06 Aug 2025,Billing ,HIGH,9.8,4.0,PENDING
TCK-004994,1220,15/07/2025,Billing, High,7.2,2.0, Pending
TCK-004995,353,12/03/2025,feature request, Critical ,12.7,4.0,Pending
TCK-004996,1338,27-02-2025,Performance ,MEDIUM,6.4,4.0, Pending 
TCK-004997,1278,04 Sep 2025,performance,Critical,13.5,4.0,Resolved
TCK-004998,1039,24/10/2025,PERFORMANCE, Medium,17.5,1.0,Pending
TCK-004999,599,01-10-2025,technical,Medium,8.2,4.0,Open 
TCK-005000,451,02/06/2025,Account, High ,10.3,5.0, Pending 
TCK-005001,729,08-09-2025,Account,Critical ,8.6,3.0,closed
TCK-005002,723,08-03-2025,Security,HIGH,3.1,, Closed 
TCK-005003,708,2025-01-03,Technical,HIGH,7.5,,closed
TCK-005004,1027,02/03/2025, Technical,CRITICAL,34.4,3.0,OPEN
TCK-005005,513,09/26/2025,Performance, Critical,24.9,,Pending
TCK-005006,812,11/18/2025, Account,High,26.0,5.0, Closed
TCK-005007,496,2025-04-01,security,High ,3.2,2.0, Open 
TCK-005008,1231,2025-07-16,Security,MEDIUM,18.1,1.0, Closed
TCK-005009,1291,18-02-2025,feature request,Low ,3.5,,OPEN
TCK-005010,1326,19/09/2025, Security , High,12.8,1.0,RESOLVED
TCK-005011,703,01/07/2025, Performance ,High,9.3,1.0,Closed 
TCK-005012,1211,"Sep 04, 2025", Feature Request,High,11.7,1.0,PENDING
TCK-005013,917,07/24/2025,account, Low,12.0,1.0,closed
TCK-005014,510,05/05/2025,technical, High,31.0,2.0,resolved
TCK-005015,831,"Feb 04, 2025", Account,high,8.8,3.0,pending
TCK-005016,1201,26/03/2025,Security,CRITICAL,34.0,4.0, Resolved 
TCK-005017,1023,09/09/2025,BILLING, Low ,8.1,4.0, Resolved
TCK-005018,616,"Apr 03, 2025",feature request,MEDIUM,14.8,4.0,Resolved
TCK-005019,1177,05 Nov 2025, Account ,High,15.7,3.0,Resolved
TCK-005020,958,07/05/2025, Billing , High,20.3,2.0, Open
TCK-005021,1443,04 Dec 2025, Performance ,Critical ,9.6,2.0,CLOSED
TCK-005022,1302,21 Feb 2025, Security ,high,6.4,5.0,Closed 
TCK-005023,619,13 Sep 2025, Account ,high,31.4,1.0,CLOSED
TCK-005024,445,2025-01-10, Performance ,critical,26.7,1.0, Open 
TCK-005025,1280,2025-06-15, Security, High ,9.7,5.0, Resolved 
TCK-005026,1295,2025-12-02,Feature Request,Medium ,10.8,1.0, Resolved 
TCK-005027,816,"Aug 24, 2025",ACCOUNT, Critical ,5.7,2.0,Pending 
TCK-005028,772,2025-03-27, Security ,Low,23.3,2.0,RESOLVED
TCK-005029,1209,11 Jan 2025, Security, Low ,15.3,3.0,Pending
TCK-005030,639,"Feb 09, 2025",Security, Medium ,14.0,1.0, Open 
TCK-005031,392,"Nov 09, 2025",Feature Request,Low,13.6,3.0,Open 
TCK-005032,1132,11 Feb 2025,Performance , Low,23.7,3.0, Pending 
TCK-005033,512,"Mar 12, 2025",security, Critical ,17.7,1.0,RESOLVED
TCK-005034,1256,04/08/2025,Security, Critical ,50.5,4.0,Resolved 
TCK-005035,1169,"Sep 15, 2025",SECURITY,Low,11.9,2.0, Closed
TCK-005036,1334,12 Mar 2025, Technical , Critical,9.8,5.0, Closed 
TCK-005037,637,11 Feb 2025,Feature Request, Low,11.5,3.0, Open
TCK-005038,1462,"Nov 02, 2025",Performance,high,-1.0,4.0,Resolved
TCK-005039,623,2025-09-18, Feature Request ,Low ,13.5,1.0,Resolved
TCK-005040,825,13-12-2025,Performance ,High,-1.0,1.0,PENDING
TCK-005041,1017,2025-03-22,BILLING, Medium,11.3,1.0, Pending 
TCK-005042,1120,24/10/2025,Feature Request ,LOW,32.0,5.0,RESOLVED
TCK-005043,877,"Sep 30, 2025", Feature Request , Medium ,15.4,1.0, Closed
TCK-005044,853,20/09/2025,billing,Medium,7.7,1.0, Closed
TCK-005045,715,"Jan 25, 2025",SECURITY,CRITICAL,22.3,1.0,Closed
TCK-005046,141,14/07/2025,account,medium,13.0,4.0,OPEN
TCK-005047,533,29 Jul 2025, Security,Medium,42.0,1.0,Resolved
TCK-005048,672,25/05/2025,feature request,Low,0.6,5.0, Open 
TCK-005049,1368,03/24/2025,BILLING,Medium ,10.1,, Pending
TCK-005050,826,03/04/2025,billing,HIGH,14.6,1.0, Pending 
TCK-005051,917,2025-01-13,account,high,13.9,1.0, Open 
TCK-005052,825,30 Dec 2025,Security,Low ,25.1,1.0, Open 
TCK-005053,360,"May 14, 2025", Feature Request,medium,2.3,3.0,resolved
TCK-005054,850,05-03-2025,technical, Critical,6.8,1.0,pending
TCK-005055,1462,2025-04-14, Account,high,30.4,3.0, Pending 
TCK-005056,267,2025-11-30, Technical ,Low,9.3,1.0,Closed 
TCK-005057,1449,"Nov 04, 2025", Billing ,Low ,33.1,5.0,resolved
TCK-005058,48,08 Aug 2025, Security,CRITICAL,17.9,,PENDING
TCK-005059,867,06-01-2025,account,Medium ,11.7,4.0,Closed
TCK-005060,616,2025-07-23,Performance,Medium ,10.0,5.0,RESOLVED
TCK-005061,1172,"May 08, 2025",Billing, High,12.5,4.0,Closed 
TCK-005062,367,14/03/2025, Feature Request ,medium,14.1,4.0,CLOSED
TCK-005063,712,07/28/2025,SECURITY,Medium,33.8,4.0,Pending
TCK-005064,1006,"Jun 05, 2025", Feature Request ,Low,15.1,,Resolved 
TCK-005065,1330,02/18/2025,TECHNICAL, High ,14.9,4.0,open
TCK-005066,386,30-10-2025,TECHNICAL,high,11.9,4.0, Closed 
TCK-005067,172,2025-04-16, Technical,low,10.1,3.0, Pending
TCK-005068,201,24 Dec 2025,SECURITY,CRITICAL,44.9,4.0,pending
TCK-005069,58,25 Apr 2025,security, High ,6.2,4.0,Open 
TCK-005070,616,12/05/2025,billing,Medium,15.9,1.0,Resolved
TCK-005071,93,18-06-2025,Technical, Critical ,31.4,2.0, Pending 
TCK-005072,402,"Jun 01, 2025",Billing ,High ,24.8,1.0,closed
TCK-005073,511,2025-10-09,Security ,LOW,12.0,3.0,Resolved 
TCK-005074,1101,11-11-2025,BILLING, High,39.1,2.0, Resolved 
TCK-005075,302,"Feb 21, 2025", Feature Request, Low,11.4,3.0,resolved
TCK-005076,113,05/01/2025, Billing ,Medium,14.9,, Open 
TCK-005077,1487,28/04/2025, Billing , Low ,6.8,,Pending 
TCK-005078,709,2025-11-02, Performance,MEDIUM,22.1,3.0, Open 
TCK-005079,1143,09/17/2025,SECURITY,CRITICAL,19.6,, Pending
TCK-005080,216,"Apr 19, 2025", Account ,LOW,15.6,2.0, Pending 
TCK-005081,497,12/03/2025,Billing , Critical,10.1,4.0,open
TCK-005082,1061,25-09-2025, Technical,Critical,19.8,5.0,Pending
TCK-005083,1203,02/21/2025,Account ,LOW,32.4,4.0,pending
TCK-005084,976,"Apr 01, 2025", Technical , High ,13.3,2.0, Open 
TCK-005085,672,2025-01-01, Account ,Medium,12.6,5.0,CLOSED
TCK-005086,1084,29/05/2025,Account ,critical,6.4,5.0, Pending 
TCK-005087,827,"Feb 11, 2025",Billing,High ,18.5,1.0, Closed 
TCK-005088,986,"Dec 24, 2025",technical, High ,12.3,4.0,Open
TCK-005089,709,2025-11-13, Feature Request ,MEDIUM,11.0,1.0, Open 
TCK-005090,527,03/09/2025, Account ,high,23.2,3.0, Closed
TCK-005091,563,23-01-2025, Technical,medium,8.5,3.0,Closed
TCK-005092,876,04 Apr 2025,Account,critical,34.3,5.0,CLOSED
TCK-005093,1408,"Apr 09, 2025",Feature Request ,Medium,2.3,2.0,Resolved 
TCK-005094,572,03 Dec 2025,Account,high,0.3,1.0,Pending 
TCK-005095,1091,04/19/2025,Billing ,MEDIUM,12.2,,Open
TCK-005096,731,2025-02-25,Billing,critical,12.6,3.0,Resolved 
TCK-005097,1354,"Feb 24, 2025",SECURITY,MEDIUM,17.8,1.0,Pending
TCK-005098,122,2025-01-21,SECURITY,Low ,10.4,4.0, Open 
TCK-005099,881,"Jun 23, 2025",billing, Medium,33.6,4.0,open
TCK-005100,119,2025-02-21,SECURITY,high,24.8,1.0, Closed
TCK-005101,1320,10/05/2025,Security,low,4.2,, Resolved 
TCK-005102,639,"Oct 02, 2025", Billing, Critical ,9.3,4.0,pending
TCK-005103,1091,"May 27, 2025",Feature Request ,HIGH,25.9,4.0,Pending
TCK-005104,778,01/10/2025, Feature Request,Low,9.1,1.0,open
TCK-005105,357,08/26/2025,FEATURE REQUEST,Low ,4.0,3.0,CLOSED
TCK-005106,290,2025-09-26, Technical , Low,15.2,4.0, Closed 
TCK-005107,313,"May 06, 2025",Performance, High ,11.8,2.0,CLOSED
TCK-005108,179,2025-12-30,Technical, High ,24.8,5.0,Pending 
TCK-005109,1352,07/03/2025,PERFORMANCE,Medium,3.8,5.0,Open
TCK-005110,421,11/02/2025, Security , Medium,20.5,4.0, Open
TCK-005111,139,08/16/2025,BILLING, High,11.1,5.0, Pending 
TCK-005112,1221,09/08/2025,Feature Request ,Low ,7.0,4.0,PENDING
TCK-005113,773,11/07/2025,FEATURE REQUEST,High,17.2,3.0, Resolved 
TCK-005114,1033,2025-10-04, Technical , Medium,99999.0,1.0,Open
TCK-005115,1130,10/03/2025,PERFORMANCE, High ,23.2,,resolved
TCK-005116,804,23-01-2025, Performance, Medium ,25.5,4.0, Resolved 
TCK-005117,188,2025-08-24,TECHNICAL,Medium ,10.0,1.0, Closed 
TCK-005118,999,26-02-2025, Security,Medium,4.5,1.0,OPEN
TCK-005119,530,2025-02-18,Security, High ,6.0,3.0, Pending
TCK-005120,23,2025-04-18,performance,MEDIUM,12.4,2.0,Resolved 
TCK-005121,891,"Jan 13, 2025", Technical,High ,20.5,3.0, Pending 
TCK-005122,117,18-06-2025, Account,LOW,12.4,5.0,Open 
TCK-005123,700,2025-10-21, Feature Request ,High,10.7,1.0,Resolved 
TCK-005124,102,"Jun 07, 2025", Billing ,Medium,28.0,2.0, Pending
TCK-005125,916,01-06-2025, Billing, Medium,4.5,5.0,Open 
TCK-005126,233,13/08/2025,Account,low,24.1,2.0,Resolved
TCK-005127,387,24/12/2025, Billing, Low,11.0,,Closed
TCK-005128,1043,29-04-2025,BILLING, Critical ,20.3,1.0, Open 
TCK-005129,670,07/19/2025,account, Medium,10.3,5.0,CLOSED
TCK-005130,319,11/29/2025,Performance,High,5.2,5.0, Pending
TCK-005131,976,"Mar 30, 2025",Billing,Medium,40.4,3.0,Closed
TCK-005132,1057,"Feb 15, 2025",Account,High,16.8,, Open
TCK-005133,445,29 Jul 2025,FEATURE REQUEST, Critical ,7.0,1.0,Pending 
TCK-005134,1210,11/21/2025, Performance,High,4.1,,Pending 
TCK-005135,611,"Jan 10, 2025", Account ,Medium,6.1,5.0,Open
TCK-005136,1054,09/12/2025,SECURITY,Critical,5.3,3.0, Closed 
TCK-005137,1446,01/28/2025, Security ,MEDIUM,10.2,4.0, Closed
TCK-005138,672,22/09/2025, Technical ,High,8.6,4.0,resolved
TCK-005139,907,12/11/2025,Technical,High ,3.0,2.0,RESOLVED
TCK-005140,163,"Sep 10, 2025", Technical ,Low ,40.0,4.0,pending
TCK-005141,993,01/11/2025,ACCOUNT,Low,7.7,5.0,RESOLVED
TCK-005142,196,"Oct 19, 2025",feature request,Critical,5.0,1.0,Closed 
TCK-005143,1265,08 Nov 2025,BILLING,Critical ,28.0,4.0,OPEN
TCK-005144,745,11-11-2025,Billing,HIGH,6.7,2.0,pending
TCK-005145,1090,"Mar 19, 2025", Security,Critical,18.7,4.0, Open
TCK-005146,1247,2025-02-01, Security, High,24.9,2.0, Resolved
TCK-005147,1317,08/24/2025, Feature Request,critical,2.7,5.0, Pending
TCK-005148,857,28 Jan 2025,BILLING, High,3.8,, Closed
TCK-005149,346,27 Dec 2025,Performance,CRITICAL,15.0,2.0,RESOLVED
TCK-005150,616,11/10/2025,Account ,low,11.6,2.0,CLOSED
TCK-005151,259,"Jul 06, 2025",performance,High,14.9,3.0, Open 
TCK-005152,504,30 Jan 2025,PERFORMANCE,MEDIUM,6.7,4.0,CLOSED
TCK-005153,566,2025-04-16,security, High ,5.6,4.0,Resolved
TCK-005154,1434,06/03/2025,ACCOUNT,LOW,32.8,, Closed
TCK-005155,360,2025-12-04,Security,CRITICAL,2.8,3.0, Closed
TCK-005156,1157,13-12-2025,Account , Critical,13.7,2.0,resolved
TCK-005157,1277,27/08/2025, Account ,Low ,15.3,4.0, Open
TCK-005158,25,03/01/2025,Billing ,High ,2.5,2.0,Closed 
TCK-005159,338,"Dec 25, 2025", Account,MEDIUM,19.2,1.0, Closed
TCK-005160,1351,"Jul 21, 2025",feature request, Critical,13.0,1.0, Open
TCK-005161,588,03/16/2025,TECHNICAL, Low ,7.3,4.0,Pending
TCK-005162,1380,11 Mar 2025, Security , High,10.3,1.0, Closed
TCK-005163,1233,11 Oct 2025,security, Medium,21.5,1.0, Closed
TCK-005164,1219,18-11-2025, Performance, Low,6.0,2.0,open
TCK-005165,1359,2025-12-04,Performance ,Medium ,4.7,5.0, Closed 
TCK-005166,1012,29 Jun 2025, Account , Low ,7.4,5.0, Closed 
TCK-005167,743,15/06/2025, Feature Request ,high,12.5,4.0,Resolved 
TCK-005168,222,27/05/2025,Feature Request , Low,22.3,5.0, Resolved 
TCK-005169,547,12 Oct 2025,technical,Critical ,28.1,2.0,Pending
TCK-005170,58,2025-10-01,FEATURE REQUEST,CRITICAL,24.7,5.0,closed
TCK-005171,474,10/09/2025,Performance , Low ,21.6,,Closed
TCK-005172,418,09 Aug 2025,ACCOUNT, Low,28.6,2.0, Open
TCK-005173,221,08 Nov 2025,Feature Request,low,17.9,4.0, Pending 
TCK-005174,413,11/16/2025,ACCOUNT, Medium ,33.4,3.0, Open 
TCK-005175,869,15-01-2025, Feature Request , High,12.4,,resolved
TCK-005176,1016,2025-01-31,billing,Low,4.4,,Open 
TCK-005177,1146,"Sep 20, 2025",Billing,Medium ,32.8,, Resolved 
TCK-005178,431,03/04/2025,Billing , High,14.1,5.0,Pending
TCK-005179,657,23-03-2025,Technical ,Medium,2.4,5.0,Resolved 
TCK-005180,527,19/04/2025, Performance,CRITICAL,15.1,5.0,Pending 
TCK-005181,104,22/03/2025,SECURITY,Medium,4.7,, Closed
TCK-005182,319,"Sep 08, 2025",Technical ,High ,18.0,2.0, Pending 
TCK-005183,1394,02/01/2025, Feature Request , Medium ,22.8,, Closed
TCK-005184,268,2025-03-18, Technical,CRITICAL,6.5,1.0, Open 
TCK-005185,1446,26 Sep 2025, Account ,Critical,10.0,5.0, Open 
TCK-005186,1273,18/11/2025,SECURITY, Low ,12.6,3.0,OPEN
TCK-005187,230,02/02/2025,Security,Medium,23.1,4.0, Resolved
TCK-005188,1024,17-04-2025,TECHNICAL, Medium ,3.5,3.0,RESOLVED
TCK-005189,1239,2025-02-14,Performance , Medium ,17.4,4.0, Resolved 
TCK-005190,382,"Mar 16, 2025",feature request,Medium ,3.9,3.0,Pending 
TCK-005191,735,01/25/2025,SECURITY,CRITICAL,14.3,,Closed
TCK-005192,1402,2025-07-21,Account,low,27.0,1.0,Pending
TCK-005193,1492,05/06/2025,Account,Critical,11.2,4.0,Pending
TCK-005194,611,"Jul 04, 2025",Billing ,medium,49.1,,pending
TCK-005195,262,02 Oct 2025,Feature Request ,Medium ,8.1,3.0,open
TCK-005196,1251,2025-02-03,performance,low,13.9,,Resolved 
TCK-005197,402,"Apr 08, 2025",Technical , Low ,10.0,4.0, Resolved 
TCK-005198,809,2025-04-27,FEATURE REQUEST,MEDIUM,8.1,4.0,closed
TCK-005199,224,09/12/2025, Security,Critical,16.5,4.0,Closed
TCK-005200,1218,"Sep 14, 2025",Account ,medium,25.8,5.0,Pending
TCK-005201,888,"Nov 12, 2025",Billing, Low ,36.5,1.0,PENDING
TCK-005202,621,10/04/2025,Feature Request ,CRITICAL,13.1,4.0, Pending 
TCK-005203,1392,"Sep 25, 2025", Technical , Low ,24.2,, Resolved 
TCK-005204,1045,21/10/2025,ACCOUNT,MEDIUM,16.7,, Open
TCK-005205,1132,2025-12-24, Feature Request,High,2.5,2.0,Open
TCK-005206,1169,28 May 2025,billing,Low ,28.6,,pending
TCK-005207,694,10/24/2025,Security , Critical ,19.9,4.0, Pending 
TCK-005208,1423,22-04-2025,PERFORMANCE,High ,2.2,2.0, Resolved 
TCK-005209,854,07 Jul 2025,security, Medium,15.0,4.0,RESOLVED
TCK-005210,1015,02/04/2025,Technical,LOW,16.3,3.0, Pending 
TCK-005211,1165,01-06-2025,billing,High,3.4,4.0, Open
TCK-005212,424,14 Dec 2025, Technical, Medium,20.8,2.0,Open 
TCK-005213,1042,28-03-2025,Technical, High,10.6,1.0, Closed 
TCK-005214,766,11/06/2025, Performance , Medium,6.4,2.0,Pending
TCK-005215,43,2025-04-02,performance,CRITICAL,47.4,5.0,resolved
TCK-005216,400,01-07-2025, Performance ,High ,24.5,1.0,resolved
TCK-005217,780,30-12-2025, Feature Request,High ,11.1,2.0,Open
TCK-005218,1085,29-10-2025,Billing,LOW,48.8,2.0,Open 
TCK-005219,1052,09/03/2025, Billing ,Critical,6.2,4.0, Closed 
TCK-005220,1386,03/26/2025, Feature Request,Critical,2.5,,closed
TCK-005221,667,31 Mar 2025, Technical , Medium,4.7,3.0, Closed
TCK-005222,1215,11/14/2025,Technical ,critical,21.9,2.0,PENDING
TCK-005223,398,21/12/2025, Security,High ,39.6,5.0,Closed 
TCK-005224,1198,17-01-2025, Performance,Critical ,7.6,5.0, Resolved 
TCK-005225,870,"Feb 18, 2025",FEATURE REQUEST,Critical ,11.0,4.0,Resolved
TCK-005226,1293,"Jun 08, 2025", Billing ,Low,44.3,5.0,Pending
TCK-005227,1418,"Aug 12, 2025",Technical, Critical,6.9,,CLOSED
TCK-005228,1262,10-11-2025,technical,High ,7.6,1.0, Closed
TCK-005229,478,14 Jul 2025, Billing,Low ,7.8,4.0,CLOSED
TCK-005230,108,02/04/2025, Feature Request ,Medium,34.0,4.0, Open
TCK-005231,1233,06-04-2025, Security ,Low ,3.2,3.0,OPEN
TCK-005232,893,2025-05-04,billing,Medium,6.7,3.0, Closed 
TCK-005233,1146,"Apr 02, 2025",performance,high,13.9,4.0,Closed
TCK-005234,57,10/24/2025,Feature Request,MEDIUM,17.0,4.0,Pending 
TCK-005235,1040,25-12-2025, Feature Request, Critical,25.9,,CLOSED
TCK-005236,441,24/06/2025,feature request,Medium,17.2,4.0, Pending
TCK-005237,238,03/09/2025,Account ,High,19.4,5.0, Pending 
TCK-005238,607,2025-09-02,Feature Request, Low ,6.2,2.0,Open
TCK-005239,41,14 Aug 2025,billing,low,12.1,,resolved
TCK-005240,1399,"Apr 17, 2025", Performance , Low ,25.1,4.0,pending
TCK-005241,1032,17 Mar 2025,ACCOUNT, High,8.2,2.0,PENDING
TCK-005242,719,03/09/2025, Security , High,9.8,4.0,Closed
TCK-005243,982,16 Jun 2025, Account ,critical,16.7,2.0, Open 
TCK-005244,211,20-05-2025,Security ,Medium ,10.5,1.0, Open
TCK-005245,1391,08 Feb 2025,TECHNICAL,MEDIUM,18.4,1.0, Open 
TCK-005246,174,26 Apr 2025,Security,Low ,32.0,,Open 
TCK-005247,1451,04-08-2025, Security, High ,13.2,1.0, Open 
TCK-005248,490,01/06/2025,FEATURE REQUEST,critical,13.4,, Open 
TCK-005249,932,"Nov 27, 2025", Billing,Critical,18.2,5.0, Resolved 
TCK-005250,292,15/09/2025, Billing , High,12.5,,Open 
TCK-005251,724,2025-12-04,Performance,HIGH,8.3,5.0,CLOSED
TCK-005252,112,21 Nov 2025, Account,High,19.7,1.0,resolved
TCK-005253,1448,09/11/2025, Billing ,high,22.2,5.0,pending
TCK-005254,589,22 Feb 2025,account,critical,16.7,2.0,closed
TCK-005255,858,24-08-2025,Technical ,MEDIUM,34.0,4.0,closed
TCK-005256,1250,16/02/2025,Technical ,LOW,37.3,1.0,Closed
TCK-005257,453,"Nov 09, 2025", Performance, Low,5.2,1.0,resolved
TCK-005258,1362,2025-03-14,Security,Low,7.9,,Closed
TCK-005259,1423,"Oct 03, 2025",security, Low ,36.1,5.0,PENDING
TCK-005260,78,03/09/2025, Security ,HIGH,9.5,1.0,Closed
TCK-005261,548,26/04/2025, Technical , Low ,19.7,3.0, Open
TCK-005262,1452,2025-08-30,Feature Request ,Critical ,16.1,1.0,OPEN
TCK-005263,526,"Jun 05, 2025",Feature Request,Low,17.9,1.0,RESOLVED
TCK-005264,452,10/08/2025, Billing, Critical,0.0,2.0, Pending
TCK-005265,1405,11/02/2025,performance,Medium,9.5,1.0, Closed 
TCK-005266,1322,16 Jul 2025, Billing , Critical,10.1,5.0,OPEN
TCK-005267,1271,08/20/2025, Security,Medium,0.8,2.0, Open 
TCK-005268,1172,2025-11-20,Security,Low ,34.4,1.0,Resolved 
TCK-005269,1116,17/03/2025, Performance,Low ,51.4,3.0,Pending
TCK-005270,1320,05 Apr 2025,security,Low,10.6,4.0,Resolved
TCK-005271,1296,05-11-2025,performance, Low ,16.2,4.0,OPEN
TCK-005272,1258,02/24/2025,Performance , High,8.2,,Closed 
TCK-005273,824,16-05-2025, Billing , Critical,12.6,5.0,Pending 
TCK-005274,240,"Dec 14, 2025", Performance ,high,40.4,1.0,Pending
TCK-005275,360,15 Jan 2025,SECURITY,Medium ,7.3,1.0,OPEN
TCK-005276,76,31-07-2025,PERFORMANCE,High ,10.4,2.0,PENDING
TCK-005277,1388,01-12-2025,Feature Request, Critical,15.1,1.0,RESOLVED
TCK-005278,760,09-06-2025, Account ,High ,27.2,,Closed 
TCK-005279,1496,13/06/2025, Performance , Medium,5.8,4.0,Resolved
TCK-005280,1328,27 Dec 2025,account,Medium,37.5,5.0,Pending
TCK-005281,525,20-07-2025,technical, Low ,7.2,3.0,Pending 
TCK-005282,922,29-07-2025,billing,Low ,15.2,5.0, Pending
TCK-005283,390,"Aug 29, 2025", Billing,MEDIUM,13.4,3.0, Open 
TCK-005284,586,2025-04-18,account,Medium,17.9,4.0,Closed 
TCK-005285,621,21-03-2025,security,high,11.9,2.0, Pending
TCK-005286,1183,04/19/2025,Billing,low,26.0,4.0,resolved
TCK-005287,707,02-10-2025, Account ,Medium ,26.1,2.0,CLOSED
TCK-005288,537,23/11/2025, Technical ,low,22.5,4.0, Open
TCK-005289,1211,"Jan 19, 2025",Feature Request,Medium,4.6,3.0,resolved
TCK-005290,542,06/06/2025,feature request,high,28.8,, Closed 
TCK-005291,926,06/23/2025,Billing ,MEDIUM,25.2,5.0,resolved
TCK-005292,1457,20/11/2025,performance, Critical ,28.1,1.0,Pending 
TCK-005293,1240,12 Nov 2025,account, Low,4.0,,Closed 
TCK-005294,790,05 Oct 2025, Account,CRITICAL,16.7,5.0,Pending
TCK-005295,1337,25-09-2025,billing,high,18.0,5.0,closed
TCK-005296,858,08/17/2025, Technical,Critical ,8.8,,OPEN
TCK-005297,346,2025-11-13,SECURITY,Low ,27.3,3.0,Pending 
TCK-005298,569,"Apr 13, 2025",performance,High,25.2,5.0, Resolved
TCK-005299,629,29 Dec 2025, Billing, High,15.9,2.0,RESOLVED
TCK-005300,573,2025-02-01, Feature Request,HIGH,55.6,3.0,resolved
TCK-005301,189,2025-06-15,Performance , High ,16.5,,CLOSED
TCK-005302,138,09/12/2025, Technical,medium,11.7,4.0,RESOLVED
TCK-005303,377,12/10/2025,TECHNICAL,Critical ,29.4,,Closed 
TCK-005304,698,15-07-2025, Billing , Medium ,23.5,2.0,Open 
TCK-005305,19,20/07/2025, Billing,Medium ,16.0,5.0,Open
TCK-005306,765,06/06/2025, Feature Request ,HIGH,5.9,3.0,Pending 
TCK-005307,693,"Nov 11, 2025",SECURITY,high,23.9,1.0, Pending
TCK-005308,1465,13/07/2025,Account ,High,45.5,1.0,Pending
TCK-005309,746,18 Feb 2025,Billing, Low ,25.0,1.0,Closed
TCK-005310,131,"Sep 28, 2025",account,Medium,3.2,4.0, Pending
TCK-005311,1278,2025-04-04,Billing ,critical,14.2,1.0, Closed 
TCK-005312,482,31-01-2025, Technical,Medium,11.6,,pending
TCK-005313,879,"Sep 24, 2025",Billing,Low ,16.7,1.0,resolved
TCK-005314,919,14 Sep 2025,billing,HIGH,2.2,2.0, Pending 
TCK-005315,1323,04 Oct 2025,Security, High,14.9,2.0,open
TCK-005316,1329,11/08/2025,Billing, Medium,5.2,4.0, Open 
TCK-005317,1122,04 Apr 2025, Feature Request,low,11.5,4.0,Pending
TCK-005318,1150,16-07-2025, Technical ,Low ,12.4,1.0,Open 
TCK-005319,738,03/19/2025, Feature Request,critical,12.7,,Resolved
TCK-005320,1033,23 Jul 2025, Account ,low,4.9,2.0,closed
TCK-005321,1239,2025-01-21,BILLING,high,16.2,2.0,closed
TCK-005322,211,"Apr 06, 2025", Account , Medium,6.0,,Resolved
TCK-005323,761,01/29/2025,Technical,Critical ,5.1,2.0, Closed
TCK-005324,1476,2025-03-19,technical,low,1.5,1.0,Resolved 
TCK-005325,1038,31/07/2025,Account,low,13.9,3.0, Resolved
TCK-005326,1116,12-03-2025, Technical ,HIGH,12.9,5.0,Closed 
TCK-005327,409,12 Oct 2025, Performance,critical,15.1,4.0,Resolved 
TCK-005328,626,24 Jan 2025, Feature Request ,Low,33.9,4.0, Closed
TCK-005329,47,29 Mar 2025, Security, Critical ,18.1,4.0,PENDING
TCK-005330,373,2025-08-19,Feature Request ,Low ,31.1,,RESOLVED
TCK-005331,924,"Dec 30, 2025",Performance , Low,33.6,5.0, Closed
TCK-005332,460,16/11/2025, Performance , Low ,5.4,,resolved
TCK-005333,915,2025-01-25,Security ,high,35.6,3.0,OPEN
TCK-005334,226,17-11-2025,Technical ,critical,34.6,4.0, Pending 
TCK-005335,111,2025-12-10,ACCOUNT,CRITICAL,15.5,,Closed
TCK-005336,129,06/17/2025,feature request,MEDIUM,10.0,1.0,PENDING
TCK-005337,407,23 Oct 2025,Feature Request , High,36.6,1.0,pending
TCK-005338,1107,11 Feb 2025, Feature Request , Critical ,22.7,3.0,Open
TCK-005339,494,28/11/2025,SECURITY, Medium ,4.9,1.0, Pending
TCK-005340,390,11/07/2025,Billing,Low,24.3,2.0,Closed 
TCK-005341,1408,10/20/2025,Billing , Low,4.2,2.0,closed
TCK-005342,684,03 Apr 2025,Performance ,Low,29.1,3.0, Closed
TCK-005343,569,"Jan 28, 2025",Security ,critical,10.7,4.0,Closed
TCK-005344,37,21-12-2025, Security,Low ,5.2,, Resolved 
TCK-005345,425,11/17/2025,Technical ,MEDIUM,3.6,1.0,open
TCK-005346,463,22-01-2025,Performance ,Medium,13.6,3.0, Closed
TCK-005347,1458,26 Dec 2025, Billing, Medium ,20.7,4.0, Resolved 
TCK-005348,1304,2025-09-29,Feature Request,medium,13.2,, Resolved
TCK-005349,1348,30 Aug 2025,ACCOUNT,low,15.7,, Resolved 
TCK-005350,430,2025-05-30,Performance ,Medium ,13.4,,RESOLVED
TCK-005351,129,10/04/2025,Technical ,Critical,30.9,4.0,Resolved
TCK-005352,444,2025-12-29,Performance , High,12.3,4.0,RESOLVED
TCK-005353,729,2025-07-04, Security,Medium ,10.1,2.0,Pending 
TCK-005354,614,20 Dec 2025,FEATURE REQUEST, Critical ,20.9,3.0,pending
TCK-005355,370,10/27/2025, Billing,medium,9.8,3.0, Pending
TCK-005356,584,21 Oct 2025, Technical ,high,17.6,,OPEN
TCK-005357,166,2025-12-31, Technical , High,3.9,5.0, Resolved
TCK-005358,1362,10/01/2025,Billing,LOW,3.6,2.0, Closed
TCK-005359,662,11/09/2025,BILLING,MEDIUM,20.6,1.0,Resolved 
TCK-005360,1397,"Nov 23, 2025", Security ,Critical ,20.3,,Resolved 
TCK-005361,1495,"Mar 18, 2025",feature request,medium,23.5,3.0,resolved
TCK-005362,887,08-08-2025, Performance, Medium ,5.6,5.0,Closed 
TCK-005363,408,22-10-2025,Performance, High,5.5,, Pending
TCK-005364,1044,06 Apr 2025, Billing ,CRITICAL,14.5,4.0, Open 
TCK-005365,537,08/14/2025, Security , Medium,19.6,5.0, Pending 
TCK-005366,681,02 Sep 2025,performance,High ,4.8,4.0,Closed
TCK-005367,1078,2025-11-09,TECHNICAL,Medium,1.7,2.0,Resolved 
TCK-005368,818,10/12/2025,FEATURE REQUEST, Critical,28.2,4.0, Open 
TCK-005369,1328,10 May 2025, Account,Medium ,12.1,2.0, Closed
TCK-005370,1490,31-08-2025,BILLING,CRITICAL,10.3,, Pending 
TCK-005371,475,06/16/2025, Technical , Low ,10.4,1.0,PENDING
TCK-005372,929,2025-06-12,feature request, Medium,15.1,,Open 
TCK-005373,51,06-02-2025,ACCOUNT,Medium,4.6,,Resolved 
TCK-005374,566,09 Jun 2025, Performance,Low ,11.3,, Resolved
TCK-005375,800009,11-06-2025, Account ,High,11.3,3.0,Open
TCK-005376,588,2025-01-29,Security,High,4.3,, Closed
TCK-005377,356,"Jul 17, 2025",technical, High,14.8,4.0,closed
TCK-005378,479,30-09-2025, Security,CRITICAL,6.5,1.0,Resolved 
TCK-005379,557,"Feb 19, 2025",Performance ,Medium,30.3,,RESOLVED
TCK-005380,390,2025-08-12,feature request,MEDIUM,41.0,5.0,Resolved
TCK-005381,821,01/14/2025,Feature Request ,LOW,8.0,, Closed 
TCK-005382,396,2025-10-27,billing, Medium ,5.1,5.0,Resolved
TCK-005383,288,27 Nov 2025, Technical,Low,43.2,2.0,Resolved
TCK-005384,406,31/07/2025, Security ,CRITICAL,5.0,4.0,Pending 
TCK-005385,29,06/07/2025,PERFORMANCE,medium,3.2,1.0,pending
TCK-005386,376,07/12/2025,TECHNICAL,medium,11.4,5.0,Resolved 
TCK-005387,1034,25-05-2025,billing, High ,17.1,1.0,CLOSED
TCK-005388,673,05-02-2025,FEATURE REQUEST,Medium,22.9,, Closed 
TCK-005389,471,09-08-2025,Security ,Medium ,28.7,3.0,Resolved 
TCK-005390,289,04/15/2025,billing,High,6.4,1.0,Open
TCK-005391,796,"Jan 17, 2025",performance,MEDIUM,23.2,2.0,CLOSED
TCK-005392,223,2025-03-30, Billing ,Low ,13.9,3.0, Open
TCK-005393,423,10-09-2025, Performance,High,19.1,,OPEN
TCK-005394,1085,"Jan 27, 2025", Billing , Critical,12.8,2.0, Resolved 
TCK-005395,555,2025-12-10, Billing ,medium,10.2,1.0,closed
TCK-005396,305,12/08/2025,ACCOUNT,high,9.9,,CLOSED
TCK-005397,248,10-08-2025, Performance ,low,21.3,1.0,Pending
TCK-005398,311,11 Aug 2025,security, Medium ,16.9,2.0, Closed
TCK-005399,1184,02/04/2025,Feature Request ,Medium ,23.0,3.0,pending
TCK-005400,800001,04/24/2025,PERFORMANCE, Medium,21.2,2.0, Open
TCK-005401,20,2025-06-09,technical, Critical,6.7,, Open
TCK-005402,1472,28-03-2025,billing,medium,29.4,3.0, Pending 
TCK-005403,631,2025-11-03,feature request, Medium ,25.9,2.0, Closed 
TCK-005404,92,"Dec 10, 2025",technical, Low,5.5,2.0,OPEN
TCK-005405,878,30/08/2025,Performance,Medium ,4.0,2.0,Pending
TCK-005406,902,11/05/2025,Account,Low ,17.5,, Resolved 
TCK-005407,95,01/01/2025, Billing ,LOW,37.1,,PENDING
TCK-005408,820,26-12-2025,FEATURE REQUEST,LOW,24.2,,OPEN
TCK-005409,541,09/20/2025,Account , High,25.1,2.0, Open
TCK-005410,28,28-01-2025,Account ,CRITICAL,22.9,4.0,Resolved
TCK-005411,986,"Aug 23, 2025", Billing ,low,4.2,3.0,Resolved
TCK-005412,1157,12-02-2025, Feature Request, Medium,21.3,3.0,Closed
TCK-005413,156,12/03/2025, Performance, Low ,16.7,5.0,open
TCK-005414,1024,2025-06-14,Feature Request ,critical,16.0,5.0,Pending
TCK-005415,208,25 Nov 2025,Security,Medium,13.2,2.0, Pending
TCK-005416,357,"Dec 03, 2025",BILLING, Medium,0.7,2.0,open
TCK-005417,1468,"Jul 09, 2025",Security, Low ,12.4,2.0, Closed
TCK-005418,1073,"Dec 01, 2025", Technical, Low ,6.4,4.0,Open
TCK-005419,88,11 Jan 2025,BILLING,Critical ,1.9,4.0,OPEN
TCK-005420,39,2025-12-24,Account ,Low ,4.8,1.0,CLOSED
TCK-005421,560,2025-02-19,Billing, Low ,1.2,1.0,RESOLVED
TCK-005422,60,04/02/2025,Billing, Low ,-5.0,3.0,Closed
TCK-005423,104,07 Mar 2025, Performance , Low,3.7,1.0, Resolved
TCK-005424,446,20 Apr 2025,FEATURE REQUEST,CRITICAL,4.1,4.0,Open 
TCK-005425,386,16 Mar 2025,account,HIGH,19.4,3.0,Pending
TCK-005426,795,2025-04-08,technical, Medium,7.9,4.0,open
TCK-005427,1404,2025-01-03,feature request, Low ,23.5,4.0,OPEN
TCK-005428,1164,24 Nov 2025,Billing ,high,37.1,1.0,Closed 
TCK-005429,57,06 Jun 2025, Billing,HIGH,14.8,4.0,Open
TCK-005430,1170,13-07-2025,account,Critical ,16.8,5.0,Resolved 
TCK-005431,1483,22-02-2025, Technical , Medium,4.3,2.0, Resolved 
TCK-005432,230,"Oct 01, 2025",performance,Low ,7.6,4.0, Open
TCK-005433,1487,10-02-2025, Account , Critical,15.7,,Resolved 
TCK-005434,304,07/08/2025,PERFORMANCE,Medium,18.7,1.0,RESOLVED
TCK-005435,322,13 Jul 2025,billing,Low,3.5,3.0,Closed
TCK-005436,77,08/07/2025,Security ,Medium,14.1,1.0, Pending
TCK-005437,1059,04 Jan 2025,Technical ,MEDIUM,8.1,5.0,Pending
TCK-005438,820,2025-03-06, Account,Low,21.2,3.0,Resolved 
TCK-005439,558,13-06-2025,Technical ,MEDIUM,7.5,2.0, Resolved
TCK-005440,6,"Jan 05, 2025",SECURITY,Low,12.3,3.0,pending
TCK-005441,552,"May 06, 2025",Performance ,low,14.1,3.0,CLOSED
TCK-005442,883,14-06-2025,performance,low,6.4,2.0,Open
TCK-005443,911,01-10-2025, Security,Critical ,22.1,2.0,PENDING
TCK-005444,1004,"May 20, 2025",Security ,Low,14.3,3.0,pending
TCK-005445,593,15-07-2025,Performance, Critical ,27.3,4.0,Resolved
TCK-005446,1090,17/12/2025,Account ,CRITICAL,2.8,,PENDING
TCK-005447,1199,12/10/2025,Technical,Medium,17.7,3.0, Resolved
TCK-005448,981,25-06-2025, Security,High ,35.0,4.0, Open
TCK-005449,484,16/05/2025, Performance,Low ,8.9,, Resolved
TCK-005450,676,"Oct 19, 2025", Billing ,Medium,1.1,1.0,RESOLVED
TCK-005451,1484,"Dec 14, 2025",Technical,Low,27.1,1.0,RESOLVED
TCK-005452,116,07/09/2025,Account ,LOW,38.5,4.0,Pending
TCK-005453,1427,29-08-2025, Feature Request ,high,19.1,2.0,open
TCK-005454,1475,2025-07-12, Security, Critical,20.8,2.0, Closed
TCK-005455,334,15 Apr 2025,Feature Request ,Medium ,2.9,2.0,resolved
TCK-005456,114,2025-11-05,Security,MEDIUM,29.7,3.0, Pending 
TCK-005457,495,2025-12-29, Account , Medium,22.8,5.0, Open 
TCK-005458,1323,18 Dec 2025,ACCOUNT, Low ,3.8,,Open
TCK-005459,1427,2025-09-20, Feature Request ,Low ,20.5,2.0, Pending
TCK-005460,452,03 Jul 2025, Account, Medium ,18.4,4.0,Resolved 
TCK-005461,1376,04-07-2025, Billing ,MEDIUM,14.2,3.0,Pending 
TCK-005462,756,08 May 2025,security, Critical ,3.1,,Resolved 
TCK-005463,228,"Jan 20, 2025", Feature Request ,critical,26.7,4.0,closed
TCK-005464,411,2025-12-24, Technical , Critical ,27.8,2.0,Closed
TCK-005465,1164,09-01-2025, Technical ,Critical ,13.1,2.0,RESOLVED
TCK-005466,803,12/08/2025,Technical,Low,31.1,1.0,PENDING
TCK-005467,51,02/03/2025, Security , Low,60.1,,Resolved
TCK-005468,393,03/13/2025,Feature Request, Low,28.4,5.0,closed
TCK-005469,1019,06-07-2025, Feature Request ,HIGH,9.5,3.0,PENDING
TCK-005470,1272,05/08/2025,account,High,7.0,1.0, Open 
TCK-005471,1491,17/01/2025, Billing, Critical ,4.3,1.0,PENDING
TCK-005472,800012,"Mar 27, 2025",ACCOUNT,High,13.5,1.0, Closed
TCK-005473,1297,11/27/2025, Feature Request ,critical,36.3,1.0, Closed 
TCK-005474,896,21 May 2025, Account ,critical,16.4,1.0,resolved
TCK-005475,283,24/05/2025,Feature Request,Low,18.1,2.0, Closed 
TCK-005476,350,07/30/2025,Technical,Medium ,12.5,2.0, Closed
TCK-005477,892,26-11-2025, Performance,critical,14.6,4.0, Resolved 
TCK-005478,472,16 Aug 2025, Billing,Low,12.9,2.0, Resolved 
TCK-005479,1309,13-06-2025,Security,Critical,1.6,1.0,closed
TCK-005480,1370,04/09/2025,Billing,Medium,19.3,2.0, Open
TCK-005481,254,04-06-2025,FEATURE REQUEST,critical,21.0,1.0,OPEN
TCK-005482,1025,01/07/2025,Feature Request,Low ,39.8,5.0,PENDING
TCK-005483,65,11-03-2025,BILLING,medium,4.3,3.0,closed
TCK-005484,843,"Oct 21, 2025", Security ,medium,36.3,1.0,Closed 
TCK-005485,1147,27-09-2025,Security , Critical,14.9,1.0,Resolved
TCK-005486,1149,07/05/2025,billing,MEDIUM,21.9,1.0, Pending 
TCK-005487,4,2025-05-24, Technical ,High,11.3,3.0,OPEN
TCK-005488,209,11/24/2025, Billing ,High,36.7,2.0,Pending 
TCK-005489,747,27 May 2025,feature request,Critical,6.1,5.0,RESOLVED
TCK-005490,431,"Feb 26, 2025", Billing,Critical,30.9,, Resolved 
TCK-005491,66,2025-07-18,Account ,LOW,14.6,1.0,RESOLVED
TCK-005492,275,"Oct 09, 2025",Feature Request , High,17.0,4.0,PENDING
TCK-005493,837,09-02-2025,Account, High,27.0,, Pending 
TCK-005494,722,12/06/2025,SECURITY,Medium ,17.1,3.0, Open 
TCK-005495,550,03-07-2025,Feature Request,Low ,34.1,5.0,Open
TCK-005496,376,18/09/2025, Feature Request, Medium,18.6,4.0, Closed
TCK-005497,1298,16-04-2025,Feature Request, Critical,1.9,1.0, Closed 
TCK-005498,1322,04 Sep 2025, Performance,medium,4.3,3.0,Closed 
TCK-005499,800010,08/08/2025, Account ,LOW,8.7,, Resolved 
TCK-005500,1213,"Oct 17, 2025",FEATURE REQUEST, Critical ,22.5,4.0,pending
TCK-005501,399,2025-06-21, Feature Request , Critical ,37.3,4.0,open
TCK-005502,141,28-05-2025,performance,High ,19.9,3.0, Closed
TCK-005503,427,2025-04-20,Technical,Low ,7.2,,closed
TCK-005504,1140,08 Nov 2025, Performance,MEDIUM,7.0,4.0, Resolved 
TCK-005505,865,21/11/2025,billing, Medium,22.2,3.0,Pending
TCK-005506,909,2025-02-11,Feature Request,CRITICAL,10.8,3.0,Closed 
TCK-005507,330,"Aug 08, 2025",performance,high,23.1,2.0, Pending
TCK-005508,1068,31 May 2025, Performance,Critical,12.1,2.0,Closed
TCK-005509,1045,13/06/2025,Security ,CRITICAL,36.4,2.0,Open
TCK-005510,594,25/10/2025, Account ,High,49.6,4.0,pending
TCK-005511,172,"Jul 13, 2025",BILLING,Critical,25.0,5.0,closed
TCK-005512,1405,10/03/2025,Billing,LOW,50.1,4.0,Closed 
TCK-005513,288,12 Mar 2025,Technical,high,5.7,3.0, Closed 
TCK-005514,1374,"Sep 29, 2025",performance, Low,10.4,, Resolved
TCK-005515,837,11-09-2025, Technical ,low,31.4,2.0, Pending 
TCK-005516,156,11/14/2025,BILLING, Medium,3.1,1.0,Pending
TCK-005517,301,09-09-2025, Security ,low,26.1,1.0,Resolved
TCK-005518,1063,10/21/2025,Account, Low,16.8,4.0,Pending
TCK-005519,1476,11-01-2025,performance, Low,10.2,2.0,Resolved 
TCK-005520,1495,2025-08-02, Security, High ,12.1,3.0, Open 
TCK-005521,1163,"Sep 30, 2025",account,MEDIUM,4.3,, Open 
TCK-005522,1070,16-05-2025,Account,Critical,32.2,2.0, Resolved 
TCK-005523,166,22 May 2025, Feature Request,LOW,23.3,,Closed 
TCK-005524,563,14/03/2025, Billing,Critical,33.6,3.0,OPEN
TCK-005525,1109,2025-03-04, Performance,MEDIUM,23.4,,Pending
TCK-005526,997,"Jul 08, 2025", Billing ,LOW,19.5,3.0,Closed 
TCK-005527,229,21 Sep 2025,account, Low ,10.6,1.0,Closed 
TCK-005528,512,13-04-2025,Account, Low ,1.7,5.0,PENDING
TCK-005529,372,13/03/2025,TECHNICAL,High,17.8,4.0,Pending
TCK-005530,1410,10/31/2025,SECURITY, Medium ,3.9,5.0,OPEN
TCK-005531,289,03/20/2025, Account , High,9.1,3.0,Pending
TCK-005532,378,2025-02-01,PERFORMANCE,High ,14.3,3.0,OPEN
TCK-005533,1189,02/10/2025, Billing,critical,16.2,3.0,Closed 
TCK-005534,1091,03 Jan 2025,Account , High ,34.0,2.0,closed
TCK-005535,1404,"Dec 08, 2025",Security , Medium ,17.9,4.0, Closed 
TCK-005536,1197,27 Apr 2025, Feature Request,Medium,8.3,4.0,Resolved 
TCK-005537,519,12-03-2025,technical,medium,7.6,1.0, Pending
TCK-005538,1318,2025-05-31,Performance , Low,14.1,2.0, Closed
TCK-005539,164,2025-11-16,Security ,High,4.8,2.0,OPEN
TCK-005540,119,28/08/2025,feature request,critical,21.6,1.0,Pending
TCK-005541,86,03/01/2025,Performance,High,15.1,,Resolved
TCK-005542,954,07/07/2025, Performance,HIGH,12.8,5.0,Closed
TCK-005543,543,2025-02-02, Technical , Low,21.2,1.0,PENDING
TCK-005544,483,01-04-2025,Technical , Low ,6.1,2.0,open
TCK-005545,39,24/09/2025,security, Medium,10.4,2.0, Closed
TCK-005546,1341,01/20/2025,Feature Request,low,14.3,1.0,Closed 
TCK-005547,1366,27-04-2025,billing,HIGH,15.7,1.0,Resolved 
TCK-005548,452,17 Oct 2025, Account , Medium ,12.4,2.0, Open
TCK-005549,1082,22-02-2025, Account ,Medium ,19.0,5.0, Resolved 
TCK-005550,506,20/08/2025,Billing , Medium ,7.9,3.0,PENDING
TCK-005551,977,01 Feb 2025,Billing, Low ,24.9,1.0, Resolved
TCK-005552,463,"May 02, 2025", Account,MEDIUM,16.6,2.0,PENDING
TCK-005553,967,13/07/2025,Performance,Low ,12.4,5.0, Pending
TCK-005554,1197,"Jul 09, 2025",Account ,High ,28.0,4.0,resolved
TCK-005555,960,"Nov 03, 2025",Security ,Medium ,3.1,,Resolved 
TCK-005556,223,"Aug 12, 2025", Technical ,critical,13.1,1.0, Pending
TCK-005557,477,23 Oct 2025,Feature Request ,low,12.6,1.0, Pending 
TCK-005558,177,02-09-2025,Security, High,16.7,4.0, Closed
TCK-005559,370,"Nov 30, 2025",ACCOUNT, Low ,6.1,5.0,Resolved
TCK-005560,808,21/02/2025,security,CRITICAL,23.9,2.0, Closed 
TCK-005561,230,2025-05-20,Feature Request,CRITICAL,9.8,1.0,Open
TCK-005562,612,03/07/2025, Technical,medium,18.4,2.0, Resolved 
TCK-005563,1266,09/11/2025,Account,MEDIUM,9.6,2.0,Resolved
TCK-005564,375,"Nov 06, 2025",Account, Low,8.9,4.0, Pending 
TCK-005565,163,12/05/2025,PERFORMANCE,Medium ,10.4,4.0,closed
TCK-005566,364,04-10-2025, Feature Request ,MEDIUM,13.3,2.0,Closed 
TCK-005567,1408,2025-04-12,Performance , High ,5.8,5.0, Closed
TCK-005568,1070,24 Jan 2025, Feature Request ,LOW,21.0,2.0,Open 
TCK-005569,750,26/12/2025,Account , Medium,5.1,2.0, Pending
TCK-005570,1169,23-09-2025,SECURITY, High,18.1,4.0,Pending 
TCK-005571,911,29 Jul 2025,ACCOUNT, Critical ,9.7,3.0, Closed 
TCK-005572,214,"Oct 19, 2025",security,Critical,6.5,2.0,Open 
TCK-005573,1013,04 Feb 2025,account,LOW,57.2,3.0, Closed 
TCK-005574,1298,11 Jun 2025,Billing , Critical ,19.9,2.0,open
TCK-005575,1301,10/30/2025,TECHNICAL, High ,12.3,3.0, Open 
TCK-005576,445,06-09-2025,Billing,high,18.0,1.0,Open
TCK-005577,415,29/12/2025,technical,High,25.4,2.0, Open
TCK-005578,1210,2025-09-22, Security, Low,14.0,3.0, Resolved
TCK-005579,477,29/01/2025,TECHNICAL,High ,9.9,3.0, Pending
TCK-005580,648,16/06/2025, Feature Request , Medium,26.1,, Open 
TCK-005581,621,01/12/2025,TECHNICAL,LOW,20.6,, Open
TCK-005582,980,25 Sep 2025,security,Medium,25.0,4.0,CLOSED
TCK-005583,393,26/07/2025,billing, Critical ,5.2,4.0, Open 
TCK-005584,1111,09/30/2025, Performance ,Critical,3.8,4.0,CLOSED
TCK-005585,600,26-12-2025,feature request, Medium ,9.2,2.0,open
TCK-005586,665,"Apr 17, 2025",billing,Medium,3.6,4.0, Pending 
TCK-005587,1065,2025-01-10, Security ,HIGH,29.9,4.0,closed
TCK-005588,1190,2025-05-21,technical, Medium,1.2,4.0,Open
TCK-005589,695,03/21/2025,Account ,Low ,38.4,2.0,Resolved 
TCK-005590,322,01/24/2025,FEATURE REQUEST, High,19.9,2.0,open
TCK-005591,851,"Sep 03, 2025",account, Critical,4.3,3.0,CLOSED
TCK-005592,407,15-07-2025,Feature Request ,Low,5.8,,PENDING
TCK-005593,491,19 Feb 2025,Security , High,12.6,2.0,Closed
TCK-005594,128,01/30/2025, Technical , Medium,12.6,3.0,CLOSED
TCK-005595,270,13-03-2025, Account , Medium ,16.9,5.0,CLOSED
TCK-005596,26,30-06-2025,SECURITY,High ,5.8,, Closed 
TCK-005597,602,04/11/2025,TECHNICAL,low,13.6,3.0, Resolved 
TCK-005598,686,11 Jan 2025, Feature Request,critical,3.3,4.0,Closed
TCK-005599,1445,"Feb 07, 2025",Account ,Critical,29.2,1.0, Resolved
TCK-005600,260,22-09-2025,Technical,Low,8.9,, Closed 
TCK-005601,440,24/07/2025, Account,low,0.8,,RESOLVED
TCK-005602,95,12/06/2025,Account,medium,20.4,2.0,Closed 
TCK-005603,925,"Jun 02, 2025", Billing,Critical ,14.5,3.0, Pending
TCK-005604,92,2025-09-16,PERFORMANCE, Low ,32.3,, Resolved
TCK-005605,1061,18/10/2025, Technical,Critical ,7.8,,Resolved 
TCK-005606,249,2025-05-08,Account,High ,9.2,3.0, Resolved
TCK-005607,180,28/04/2025,Account,Medium ,37.1,3.0, Resolved
TCK-005608,346,12-11-2025,billing,Medium ,9.1,2.0,PENDING
TCK-005609,956,06/29/2025, Security ,High,2.2,,Closed 
TCK-005610,929,02/16/2025,feature request,Critical ,7.7,1.0,Open
TCK-005611,662,"Apr 12, 2025", Feature Request ,high,18.8,4.0,Resolved 
TCK-005612,40,2025-12-07, Billing ,HIGH,22.4,3.0, Resolved
TCK-005613,1259,"Nov 08, 2025",Billing ,Medium ,37.7,2.0,resolved
TCK-005614,947,01/12/2025, Billing,HIGH,2.8,,pending
TCK-005615,419,10-04-2025, Billing,CRITICAL,27.8,3.0, Open 
TCK-005616,1190,30 Sep 2025,Performance,HIGH,20.4,2.0,pending
TCK-005617,1271,"Dec 30, 2025",Feature Request , Critical,2.9,1.0,OPEN
TCK-005618,1280,25 Mar 2025, Performance ,LOW,10.2,4.0,Pending 
TCK-005619,755,12/22/2025,Billing , Critical,8.1,5.0, Open
TCK-005620,1294,15 Oct 2025, Technical,critical,4.8,, Pending 
TCK-005621,1204,02/09/2025,Security,Medium,6.3,3.0, Pending 
TCK-005622,174,27-10-2025,billing, Low,0.9,2.0,PENDING
TCK-005623,1147,12/03/2025,SECURITY,HIGH,9.3,2.0,Resolved 
TCK-005624,1252,"Nov 18, 2025",Performance ,low,8.1,,Resolved 
TCK-005625,1024,04/06/2025,BILLING,high,44.6,4.0, Closed 
TCK-005626,885,29/05/2025,BILLING, High,15.0,4.0,Pending
TCK-005627,844,2025-11-13,PERFORMANCE,Critical ,15.0,2.0,Closed 
TCK-005628,1475,"Jun 26, 2025",Account, Critical,19.4,,OPEN
TCK-005629,1433,09-03-2025, Billing, High,4.6,3.0,Open
TCK-005630,1124,03-04-2025, Security, Low,31.2,1.0,Closed
TCK-005631,266,08 Nov 2025,performance,MEDIUM,16.1,3.0,RESOLVED
TCK-005632,1171,07/28/2025,Security,CRITICAL,8.2,2.0, Open
TCK-005633,247,"Jun 18, 2025",security,HIGH,23.1,2.0, Open
TCK-005634,1241,05/10/2025,Security ,Medium,17.0,, Resolved
TCK-005635,792,23-11-2025, Technical ,Medium ,8.5,2.0,resolved
TCK-005636,1264,06 Jul 2025,performance,Critical ,2.2,2.0, Pending 
TCK-005637,894,2025-07-23,Account ,Critical,19.5,2.0,CLOSED
TCK-005638,861,14-05-2025,Performance , Critical,37.0,3.0,resolved
TCK-005639,1359,27-07-2025,Account ,Medium ,40.3,5.0, Pending 
TCK-005640,341,"Oct 15, 2025",Account, Medium ,2.0,3.0, Pending 
TCK-005641,31,16/09/2025,Billing, Critical ,15.0,1.0,Closed
TCK-005642,1070,15/07/2025, Account ,Medium,10.4,,PENDING
TCK-005643,1029,"Jan 02, 2025", Feature Request , High ,22.1,3.0, Open 
TCK-005644,259,26/01/2025, Billing,medium,17.8,2.0,RESOLVED
TCK-005645,1214,14 Apr 2025, Billing,Low ,38.5,, Open 
TCK-005646,1272,"Jul 14, 2025",Billing,Low,27.4,1.0,OPEN
TCK-005647,956,"Jun 09, 2025", Account , Critical,11.5,2.0,PENDING
TCK-005648,1432,10/04/2025,Billing ,critical,6.0,5.0,Resolved
TCK-005649,510,16 Oct 2025, Account,critical,6.7,,Closed
TCK-005650,376,2025-01-28, Feature Request,Critical,25.1,2.0, Pending 
TCK-005651,105,21-09-2025,TECHNICAL, High ,24.3,1.0,Resolved
TCK-005652,481,03/11/2025, Feature Request , Low ,23.7,5.0, Resolved
TCK-005653,902,29-11-2025,Technical ,High,29.2,2.0,pending
TCK-005654,417,"Feb 19, 2025",Feature Request ,CRITICAL,1.7,2.0, Pending
TCK-005655,174,2025-04-12,PERFORMANCE,High,21.7,2.0,CLOSED
TCK-005656,106,"Jan 11, 2025",BILLING, High ,11.7,,Open
TCK-005657,1131,10-08-2025,Feature Request,Critical ,8.1,1.0,CLOSED
TCK-005658,543,06 Dec 2025,Feature Request,medium,27.8,,Resolved 
TCK-005659,1253,02/22/2025, Account, Critical,6.9,1.0,Open
TCK-005660,1043,25 May 2025, Account ,Critical ,26.7,1.0,Open
TCK-005661,465,04-11-2025,account, Critical,7.5,2.0,Closed
TCK-005662,1130,13 Nov 2025,Feature Request,Low ,9.4,2.0, Pending 
TCK-005663,287,2025-11-23,TECHNICAL,critical,34.0,, Pending
TCK-005664,1238,"Dec 08, 2025",Account , High,7.3,, Resolved
TCK-005665,675,09/01/2025,Performance,critical,4.9,5.0,CLOSED
TCK-005666,781,02/01/2025,Performance , Low ,16.7,2.0,Resolved
TCK-005667,417,21/11/2025,billing, High,25.4,, Resolved 
TCK-005668,1279,27-05-2025,TECHNICAL,Low ,23.8,,Pending 
TCK-005669,926,2025-07-24,Performance ,Low,14.7,2.0,RESOLVED
TCK-005670,233,11/21/2025,Feature Request ,Low,29.1,5.0,Closed 
TCK-005671,876,11 Oct 2025, Security ,high,24.8,1.0,closed
TCK-005672,1056,"Nov 30, 2025",TECHNICAL,MEDIUM,20.3,1.0,OPEN
TCK-005673,85,29/06/2025,PERFORMANCE,Low,29.8,4.0,Pending
TCK-005674,913,11/17/2025,Account , Low ,2.7,1.0,closed
TCK-005675,428,23 Jun 2025,Feature Request ,medium,14.2,4.0, Pending
TCK-005676,114,02/02/2025,Security , Critical,8.1,2.0,Closed
TCK-005677,1496,11-03-2025,feature request, High,12.8,,open
TCK-005678,856,10 Mar 2025, Technical, High ,9.9,4.0,Open
TCK-005679,899,2025-08-27, Account,Low ,24.2,3.0, Resolved 
TCK-005680,1288,04-06-2025,Feature Request,low,8.6,, Resolved
TCK-005681,42,2025-11-14, Account,High,6.6,2.0, Closed
TCK-005682,531,"May 12, 2025", Billing , Critical,35.0,1.0,resolved
TCK-005683,1318,25-12-2025,Performance ,Critical,22.7,1.0,CLOSED
TCK-005684,431,03/30/2025,technical,LOW,4.8,,Resolved 
TCK-005685,1068,22/11/2025,account,Critical,5.9,3.0,Resolved 
TCK-005686,1418,2025-11-30,Feature Request , Low ,48.0,4.0, Open 
TCK-005687,377,16/11/2025,technical,Low ,18.1,5.0,RESOLVED
TCK-005688,1488,2025-05-27,Account,low,13.3,3.0,Resolved 
TCK-005689,1156,06-12-2025, Security , Critical ,5.7,3.0,Closed 
TCK-005690,514,15-05-2025,Account,Low ,22.8,4.0,Closed 
TCK-005691,468,"Oct 23, 2025", Security , Critical ,13.2,5.0,pending
TCK-005692,451,12/31/2025, Technical, Critical,8.2,, Closed
TCK-005693,766,2025-01-28, Performance,Critical ,4.7,3.0,Pending
TCK-005694,69,23/03/2025, Security ,medium,12.7,,pending
TCK-005695,1490,05 Sep 2025,PERFORMANCE,Medium ,51.1,2.0, Resolved 
TCK-005696,596,16-11-2025,PERFORMANCE, Medium ,5.3,3.0, Resolved
TCK-005697,94,20/10/2025,performance,Low ,20.5,3.0,Resolved
TCK-005698,513,10/14/2025,FEATURE REQUEST,high,3.9,2.0, Closed
TCK-005699,494,27 Feb 2025, Account , Medium ,18.6,1.0,Closed 
TCK-005700,1362,29/05/2025, Technical ,High,11.0,,PENDING
TCK-005701,1068,22/12/2025,feature request,High ,0.0,4.0, Pending
TCK-005702,1016,19/06/2025, Performance,high,33.5,3.0,Closed
TCK-005703,1045,"Jul 29, 2025",feature request,Low,3.1,3.0, Resolved 
TCK-005704,503,"Dec 01, 2025",Feature Request, Low ,18.2,3.0,Resolved
TCK-005705,155,05/12/2025,feature request,CRITICAL,39.3,3.0,Resolved
TCK-005706,953,05 Apr 2025,Technical ,Critical,7.4,5.0,Open 
TCK-005707,306,18 Jun 2025,TECHNICAL, Low ,10.1,1.0,Resolved
TCK-005708,129,06 May 2025,FEATURE REQUEST,Critical,13.8,1.0,closed
TCK-005709,537,03/12/2025, Security, High,27.6,5.0, Resolved
TCK-005710,73,10/05/2025,PERFORMANCE,low,11.4,3.0,Resolved
TCK-005711,578,01-08-2025,Billing, Medium,16.7,, Open
TCK-005712,1006,31-05-2025, Feature Request,Medium ,1.8,5.0, Open
TCK-005713,1445,29 May 2025,feature request,critical,43.2,4.0, Resolved 
TCK-005714,560,21/10/2025,Technical,Medium ,4.6,, Closed 
TCK-005715,758,03-01-2025,feature request,Medium ,13.3,4.0, Pending 
TCK-005716,600,"Aug 05, 2025",feature request,medium,13.4,, Open 
TCK-005717,451,"Aug 12, 2025",performance,MEDIUM,9.1,3.0, Pending 
TCK-005718,785,04/08/2025, Account,high,1.9,1.0,Pending 
TCK-005719,691,11/14/2025, Security,Medium,20.0,2.0,Closed
TCK-005720,433,14-02-2025,Security ,Medium ,14.5,, Open 
TCK-005721,858,11/04/2025, Feature Request, Medium ,8.5,5.0,Open 
TCK-005722,1372,08/05/2025,PERFORMANCE,Critical ,31.9,5.0,pending
TCK-005723,773,02-04-2025,Security ,critical,38.3,3.0,Closed 
TCK-005724,962,26-09-2025,security, Critical ,22.1,5.0,resolved
TCK-005725,281,2025-07-30, Security ,HIGH,13.6,1.0,Closed 
TCK-005726,1469,22/06/2025, Security,high,20.8,4.0,resolved
TCK-005727,326,09/05/2025, Security ,HIGH,8.0,4.0,PENDING
TCK-005728,775,25-12-2025, Performance ,HIGH,9.5,4.0,Pending
TCK-005729,163,08/03/2025,TECHNICAL,High,3.5,5.0,Closed 
TCK-005730,500,05 Sep 2025,Technical , Low,26.0,1.0,Pending 
TCK-005731,105,2025-04-15,Account,Medium ,6.1,3.0, Resolved
TCK-005732,1031,2025-04-07,FEATURE REQUEST, High,31.1,1.0,Open 
TCK-005733,449,16 Aug 2025,Feature Request , Low,8.9,1.0,RESOLVED
TCK-005734,875,28/05/2025,billing, Low,25.8,3.0, Closed 
TCK-005735,128,"Mar 08, 2025", Security,LOW,31.9,4.0, Open 
TCK-005736,816,18-01-2025, Account,High ,29.2,5.0, Resolved 
TCK-005737,700,05 Nov 2025,Billing , Low ,12.9,1.0,closed
TCK-005738,311,2025-12-12,TECHNICAL,low,16.0,,Closed
TCK-005739,485,02 Apr 2025, Feature Request ,Medium,10.4,1.0,Open 
TCK-005740,1490,20 Jun 2025, Technical ,Medium,15.4,5.0, Pending
TCK-005741,1432,10/09/2025,Account,LOW,9.7,4.0, Open
TCK-005742,747,09 May 2025,SECURITY, High,5.3,1.0,pending
TCK-005743,229,13/09/2025, Security,High ,23.9,3.0,PENDING
TCK-005744,864,29-06-2025,Performance,Low,24.2,1.0, Open 
TCK-005745,1029,04/01/2025,TECHNICAL, Medium ,22.6,5.0,Pending
TCK-005746,192,06/11/2025, Technical, Critical,7.9,3.0,Closed
TCK-005747,1422,18-11-2025,Technical,critical,10.4,1.0,open
TCK-005748,685,07/18/2025,Performance,High,5.4,5.0,Closed 
TCK-005749,922,28 Aug 2025,performance, Low,2.1,3.0,Closed 
TCK-005750,971,12/04/2025, Billing, Critical ,24.4,2.0,Pending 
TCK-005751,1454,"Feb 22, 2025",Account ,Critical,7.1,2.0, Pending 
TCK-005752,387,16 Jul 2025, Feature Request , Low ,3.5,5.0, Resolved
TCK-005753,926,16/07/2025,security,Critical,10.5,1.0, Pending
TCK-005754,1,13/01/2025, Security ,CRITICAL,16.2,5.0,pending
TCK-005755,1065,05-10-2025,account,MEDIUM,15.0,2.0, Open
TCK-005756,31,2025-02-22, Account , Low,7.9,3.0, Resolved 
TCK-005757,1117,2025-09-17,Billing,Critical ,8.0,5.0,Closed 
TCK-005758,244,"Aug 18, 2025",Performance ,Low,2.6,1.0,Closed
TCK-005759,1130,18 May 2025,PERFORMANCE, Low,2.7,5.0, Pending 
TCK-005760,1256,2025-03-11, Security , Medium,19.8,,Closed
TCK-005761,631,01-11-2025,Feature Request,Low ,7.1,3.0,PENDING
TCK-005762,1078,2025-01-08,Security , Critical ,0.6,1.0,Closed
TCK-005763,1456,"Mar 15, 2025", Feature Request,Low,19.8,3.0,closed
TCK-005764,616,08-11-2025,ACCOUNT,Medium,15.2,5.0,Pending
TCK-005765,1426,07-03-2025,Account, High,13.0,1.0,CLOSED
TCK-005766,1255,2025-11-30,Performance ,Critical,7.4,5.0, Closed 
TCK-005767,1272,"Mar 29, 2025",Technical ,high,0.5,5.0,Open
TCK-005768,817,2025-05-20,Account ,Medium,36.3,,RESOLVED
TCK-005769,1004,"Mar 24, 2025", Feature Request, Medium ,11.2,2.0, Pending
TCK-005770,864,16 Oct 2025,PERFORMANCE,Low ,43.1,2.0,Pending
TCK-005771,582,"Dec 26, 2025",SECURITY,LOW,62.6,5.0, Closed
TCK-005772,97,04/18/2025,technical,medium,5.5,1.0,PENDING
TCK-005773,1445,2025-08-12, Security ,high,26.2,3.0,RESOLVED
TCK-005774,438,08-10-2025,TECHNICAL,medium,34.1,5.0,resolved
TCK-005775,1000,2025-11-15,Performance, Low ,8.1,,OPEN
TCK-005776,1290,23 Sep 2025,Account,CRITICAL,15.6,, Closed 
TCK-005777,1211,15 Oct 2025,Technical,High ,11.4,2.0,resolved
TCK-005778,595,02/05/2025,Technical ,CRITICAL,6.3,3.0, Pending 
TCK-005779,1471,"Aug 05, 2025",Security, Medium,18.9,2.0,Resolved 
TCK-005780,837,12/27/2025,Billing,CRITICAL,15.8,2.0,Pending 
TCK-005781,777,09-08-2025,Technical ,MEDIUM,10.4,3.0,Closed 
TCK-005782,322,02 Feb 2025,Technical, High,1.8,1.0,Pending
TCK-005783,642,10/07/2025,PERFORMANCE,CRITICAL,12.1,4.0, Closed 
TCK-005784,221,19-11-2025,Security,Medium ,4.8,3.0,Closed
TCK-005785,516,01-04-2025, Security , Medium,11.9,3.0, Resolved
TCK-005786,483,11/27/2025,Billing , Critical ,15.5,2.0,Pending
TCK-005787,325,"Jun 10, 2025",Security , Critical,12.6,2.0,resolved
TCK-005788,676,28-06-2025,FEATURE REQUEST, Medium,30.0,1.0,Resolved
TCK-005789,328,27/10/2025,SECURITY, Critical ,7.3,4.0,open
TCK-005790,363,10/24/2025, Account,Low,3.0,1.0, Resolved
TCK-005791,320,25/02/2025,Technical, Medium,24.4,, Open 
TCK-005792,965,2025-05-07,Performance , High ,9.5,1.0, Closed 
TCK-005793,1347,10 May 2025, Account,low,34.7,2.0,RESOLVED
TCK-005794,786,10/16/2025, Performance ,High ,17.6,3.0, Pending
TCK-005795,976,01-05-2025, Account, High,5.5,5.0,pending
TCK-005796,972,04 Jan 2025,performance,LOW,6.7,2.0, Resolved
TCK-005797,593,2025-01-05,PERFORMANCE,High ,30.5,3.0,Open
TCK-005798,833,07/09/2025,Performance ,High,17.4,4.0, Pending
TCK-005799,102,09/23/2025,Technical, High,13.2,1.0,Pending 
TCK-005800,701,20/04/2025,feature request,Critical,11.3,2.0,closed
TCK-005801,1277,02 Feb 2025,Security , Medium ,11.5,3.0,Closed
TCK-005802,292,01/29/2025, Performance ,MEDIUM,22.7,,resolved
TCK-005803,241,2025-01-13,feature request,low,10.5,,RESOLVED
TCK-005804,966,08/22/2025, Feature Request,High,25.6,5.0,OPEN
TCK-005805,1093,02 Oct 2025, Billing ,High,10.7,3.0,RESOLVED
TCK-005806,34,"Jun 27, 2025",Technical , High,12.0,4.0, Closed
TCK-005807,500,04/15/2025, Security ,medium,18.8,3.0,Resolved
TCK-005808,503,08/05/2025,Billing ,High,14.3,5.0,Pending
TCK-005809,129,02-09-2025,Account,Critical,11.1,2.0, Open 
TCK-005810,910,12/24/2025, Feature Request ,MEDIUM,18.6,5.0,resolved
TCK-005811,1482,2025-11-23,Security , High,12.9,5.0,Closed
TCK-005812,222,"Feb 13, 2025",Billing, Low,3.1,1.0,Resolved
TCK-005813,196,2025-11-10,performance,CRITICAL,27.1,2.0, Closed 
TCK-005814,1427,07/26/2025, Billing ,HIGH,10.6,2.0, Open 
TCK-005815,1038,21-02-2025,Security,Medium ,23.6,2.0,RESOLVED
TCK-005816,609,2025-01-25,billing, Medium,6.1,4.0,PENDING
TCK-005817,862,10-11-2025,Security,High ,59.2,4.0, Pending
TCK-005818,670,03/11/2025, Technical,Medium,3.6,1.0,Resolved
TCK-005819,762,2025-09-01,Billing,High ,5.7,,OPEN
TCK-005820,654,17 Dec 2025, Performance,High,5.8,, Resolved 
TCK-005821,1378,"Nov 19, 2025",Technical ,Low,33.8,5.0, Closed 
TCK-005822,71,"Aug 10, 2025", Billing , Low,0.4,4.0, Resolved 
TCK-005823,861,26 Aug 2025,Technical , Medium ,14.9,3.0,open
TCK-005824,1084,2025-09-04,security,medium,13.6,4.0,resolved
TCK-005825,503,04/01/2025,ACCOUNT,High,6.7,1.0,Closed
TCK-005826,1083,"Aug 13, 2025", Performance ,high,13.1,5.0, Pending
TCK-005827,783,09/08/2025,billing, Critical ,15.4,2.0, Open 
TCK-005828,1481,11 Jun 2025, Performance,critical,8.0,2.0,Resolved
TCK-005829,819,12-09-2025,Performance,low,16.6,1.0, Pending 
TCK-005830,1287,2025-04-03,feature request,High,7.7,3.0,RESOLVED
TCK-005831,468,12/26/2025, Feature Request, High,47.8,1.0, Pending
TCK-005832,327,30 Jan 2025,BILLING, Medium ,12.5,5.0,Pending 
TCK-005833,93,"Jan 14, 2025",technical,Critical,16.8,2.0,resolved
TCK-005834,487,17 Jan 2025,TECHNICAL,MEDIUM,17.2,3.0,Open
TCK-005835,349,15 Aug 2025,account,High,18.3,2.0,resolved
TCK-005836,544,12/30/2025, Account ,MEDIUM,13.6,4.0,pending
TCK-005837,316,21-08-2025,technical, High ,6.3,4.0, Pending 
TCK-005838,1176,"May 14, 2025",Technical ,Medium,19.8,1.0,PENDING
TCK-005839,1016,08 Apr 2025,SECURITY, Medium,3.0,, Open
TCK-005840,249,07/09/2025, Account ,Medium,18.6,5.0,Open
TCK-005841,1051,"Sep 04, 2025", Performance,LOW,22.3,5.0,Resolved 
TCK-005842,63,08/21/2025,Billing, Critical,16.3,3.0,Pending 
TCK-005843,851,"May 22, 2025",Account ,Medium,5.9,3.0, Open 
TCK-005844,1406,2025-12-31,Account ,MEDIUM,8.3,3.0,resolved
TCK-005845,1311,03-01-2025,Account,high,17.5,1.0, Resolved
TCK-005846,509,26/09/2025,performance, Low ,13.0,4.0,closed
TCK-005847,173,2025-10-21, Billing , Critical,9.8,3.0,Open 
TCK-005848,14,07/26/2025,performance,Critical ,21.0,3.0, Resolved 
TCK-005849,376,22 Jul 2025,billing,Low ,8.4,5.0,closed
TCK-005850,734,30/03/2025,TECHNICAL,Medium ,15.6,, Open
TCK-005851,690,16/08/2025,Performance ,CRITICAL,33.2,4.0,closed
TCK-005852,1236,16 Sep 2025,Security,low,11.3,5.0,RESOLVED
TCK-005853,81,28/03/2025,account, High,11.2,1.0, Closed
TCK-005854,819,30/06/2025,BILLING, Medium,5.7,3.0,Open
TCK-005855,734,"Mar 27, 2025",Feature Request ,medium,3.5,2.0,Resolved
TCK-005856,150,"Sep 07, 2025",PERFORMANCE,critical,22.1,2.0, Open
TCK-005857,519,"Feb 28, 2025",Security , High,15.9,1.0,Closed 
TCK-005858,1133,13-08-2025, Account ,critical,18.3,1.0,RESOLVED
TCK-005859,513,17/01/2025,Billing , Critical,16.7,3.0,CLOSED
TCK-005860,1301,"Jul 02, 2025",Account ,medium,18.2,1.0,Pending
TCK-005861,367,"Dec 18, 2025", Security,Medium,4.7,4.0,Resolved 
TCK-005862,135,12/31/2025,Security,HIGH,17.6,, Resolved 
TCK-005863,577,2025-07-07, Security, Critical,33.4,1.0, Closed
TCK-005864,317,16 Dec 2025,Account, Low ,48.9,5.0,Resolved 
TCK-005865,1118,2025-09-07,Billing , High,18.2,, Resolved 
TCK-005866,142,27/01/2025, Security , Medium ,13.0,2.0,Closed 
TCK-005867,918,02 Mar 2025, Account , Medium ,14.9,2.0,Open 
TCK-005868,557,25-11-2025,Technical ,CRITICAL,6.9,3.0,Pending
TCK-005869,726,2025-11-27,security, Medium ,23.3,1.0,Open
TCK-005870,194,"Jul 09, 2025", Technical ,high,40.5,4.0,Pending 
TCK-005871,1136,04-06-2025,billing, Critical,11.1,2.0,resolved
TCK-005872,1052,"Dec 19, 2025",Feature Request,Critical ,5.9,,Pending 
TCK-005873,960,2025-02-28,Account, Critical ,8.7,5.0,open
TCK-005874,1468,2025-12-08,Feature Request,low,12.0,1.0, Open
TCK-005875,536,10/29/2025,Security,high,6.1,3.0,open
TCK-005876,376,2025-03-12,SECURITY, Low ,4.0,2.0, Resolved
TCK-005877,857,02/22/2025,Account,CRITICAL,15.6,3.0, Open 
TCK-005878,1073,"Mar 31, 2025",technical,Low,15.6,2.0,CLOSED
TCK-005879,1134,17 Jul 2025,Technical,HIGH,10.9,2.0,Open
TCK-005880,466,2025-10-27, Feature Request , Low,4.0,2.0, Pending
TCK-005881,1395,2025-08-11,feature request, High ,6.8,2.0,CLOSED
TCK-005882,425,05/16/2025,TECHNICAL,Medium ,2.4,, Closed
TCK-005883,807,01/20/2025,Feature Request , Critical,40.2,5.0,pending
TCK-005884,1378,15-12-2025, Performance,Medium ,24.7,5.0,Pending 
TCK-005885,562,"Jul 06, 2025",security,MEDIUM,14.2,5.0,pending
TCK-005886,243,21/09/2025,Billing,LOW,30.9,2.0,Pending
TCK-005887,1413,22 Jan 2025, Feature Request,medium,10.6,,closed
TCK-005888,384,31/03/2025,Performance , High ,15.0,4.0, Pending
TCK-005889,1127,15-11-2025,billing,Medium ,7.5,4.0, Open
TCK-005890,1374,20 Sep 2025, Technical , High,17.9,2.0,Open 
TCK-005891,723,04/23/2025,FEATURE REQUEST,medium,12.4,,closed
TCK-005892,336,12/29/2025,performance,Low ,15.2,, Pending
TCK-005893,841,10/07/2025,billing,MEDIUM,16.5,,open
TCK-005894,432,10/12/2025,security, Medium ,27.0,1.0, Resolved 
TCK-005895,1122,01 Jul 2025,SECURITY,Medium,3.6,3.0,Resolved
TCK-005896,123,27/06/2025, Feature Request ,HIGH,11.6,3.0,CLOSED
TCK-005897,902,"Jun 04, 2025",Technical ,Low,10.3,1.0, Resolved 
TCK-005898,606,11/30/2025, Billing , Critical,7.8,4.0,Open
TCK-005899,163,29/12/2025,security,CRITICAL,10.7,, Open 
TCK-005900,1311,14-12-2025,Performance , Medium ,42.8,,Closed 
TCK-005901,972,11/02/2025,performance,Critical,14.6,5.0,OPEN
TCK-005902,1102,"Mar 22, 2025",security,CRITICAL,22.8,2.0, Open
TCK-005903,117,03/04/2025,Account, High ,11.9,5.0,resolved
TCK-005904,1179,01-08-2025, Feature Request,medium,17.2,3.0,RESOLVED
TCK-005905,605,2025-04-08,Feature Request ,Critical,9.2,4.0,Resolved
TCK-005906,394,03 Jul 2025, Performance, High ,23.9,2.0, Resolved
TCK-005907,1360,"Feb 09, 2025", Security,Critical ,13.3,5.0,Open 
TCK-005908,1186,28 Apr 2025,Billing ,High ,8.6,5.0, Closed 
TCK-005909,1291,2025-05-03,Account,high,27.5,5.0, Open 
TCK-005910,538,2025-10-21,Billing, High,27.3,5.0,open
TCK-005911,99,12/09/2025, Billing,Medium,15.5,5.0,Resolved
TCK-005912,671,14 Oct 2025,account,critical,8.1,3.0, Resolved
TCK-005913,752,12/12/2025,Account,Critical,12.2,4.0, Open 
TCK-005914,393,10-10-2025, Technical, Low ,4.8,2.0, Open
TCK-005915,856,2025-09-16, Billing,High,14.0,4.0,Pending
TCK-005916,1451,06/11/2025,security,CRITICAL,22.7,5.0, Pending 
TCK-005917,54,07/12/2025, Billing ,medium,14.4,4.0,Open
TCK-005918,1445,09/04/2025,feature request, Critical,51.0,, Closed
TCK-005919,780,10/04/2025,Billing, High,11.2,2.0,Closed 
TCK-005920,775,17 Mar 2025,Account ,CRITICAL,13.5,2.0,resolved
TCK-005921,263,16 Feb 2025,Billing , High,11.5,2.0, Open
TCK-005922,948,2025-08-05, Billing,low,12.4,,CLOSED
TCK-005923,572,2025-02-23, Feature Request, Medium ,12.3,1.0, Open
TCK-005924,310,13 Dec 2025,FEATURE REQUEST,low,18.2,2.0,Resolved
TCK-005925,755,14/09/2025,account,high,29.9,,Open
TCK-005926,1262,10-01-2025,Feature Request , Medium,30.0,3.0, Closed 
TCK-005927,1266,"Aug 27, 2025",Account, Critical ,5.5,1.0,OPEN
TCK-005928,1409,"May 12, 2025",SECURITY,High ,1.5,5.0,Closed 
TCK-005929,691,20-10-2025, Account,HIGH,19.9,4.0,Resolved 
TCK-005930,674,08/05/2025,BILLING,CRITICAL,11.1,,Closed 
TCK-005931,994,01/10/2025,feature request,HIGH,9.9,4.0,PENDING
TCK-005932,217,"Aug 31, 2025",SECURITY, High,10.6,, Open 
TCK-005933,1413,14/11/2025, Billing,critical,1.2,4.0, Resolved
TCK-005934,716,2025-03-01,technical, Low ,5.3,2.0, Open 
TCK-005935,101,05-09-2025, Technical,LOW,10.0,3.0,RESOLVED
TCK-005936,1224,26/11/2025,performance,MEDIUM,9.5,,Resolved
TCK-005937,343,01/31/2025,Performance,Medium,31.1,3.0, Resolved
TCK-005938,1016,11/07/2025,security, High ,13.8,5.0,OPEN
TCK-005939,1123,"Sep 21, 2025",FEATURE REQUEST,medium,7.5,3.0,pending
TCK-005940,1131,2025-09-30,technical, Medium ,23.1,3.0, Closed
TCK-005941,117,"Nov 18, 2025",security,medium,26.7,5.0, Pending
TCK-005942,450,2025-11-23,TECHNICAL,Critical ,3.1,2.0,Closed 
TCK-005943,800000,12/10/2025,SECURITY, Critical,46.1,5.0, Closed 
TCK-005944,409,"Jan 12, 2025",Technical , Medium ,10.4,4.0,PENDING
TCK-005945,254,"Aug 20, 2025", Technical, Medium,24.3,5.0, Open 
TCK-005946,1096,04 Jan 2025,feature request,Low ,19.9,3.0,Resolved
TCK-005947,1331,12-06-2025, Technical , Medium ,31.0,2.0,pending
TCK-005948,637,08 Nov 2025, Security, Medium ,27.8,4.0, Resolved 
TCK-005949,234,10/17/2025,billing,Critical,17.2,5.0,pending
TCK-005950,396,01/31/2025,performance,Critical,16.2,5.0,pending
TCK-005951,307,07/02/2025,Performance ,Critical,2.6,3.0,Open
TCK-005952,1351,03/03/2025,Technical ,Critical ,11.3,2.0,CLOSED
TCK-005953,1140,09/08/2025, Feature Request ,High ,15.0,1.0,CLOSED
TCK-005954,352,"Mar 12, 2025", Performance,Low ,9.3,5.0, Resolved 
TCK-005955,1186,18-10-2025,Security,High,15.5,3.0, Open
TCK-005956,1299,08/16/2025, Technical,CRITICAL,9.4,, Open
TCK-005957,160,"Jan 19, 2025",BILLING,CRITICAL,38.6,,open
TCK-005958,820,01-03-2025,BILLING, High ,7.7,1.0,Pending
TCK-005959,1449,11/02/2025,TECHNICAL,MEDIUM,26.7,5.0,Resolved 
TCK-005960,957,12 May 2025,Technical ,Medium ,21.3,, Resolved
TCK-005961,820,"Mar 17, 2025",TECHNICAL,Low ,27.4,2.0, Closed
TCK-005962,143,01/15/2025,Account ,High ,10.4,,resolved
TCK-005963,382,03/28/2025,feature request,medium,2.6,, Open
TCK-005964,1103,11 Feb 2025,Technical ,HIGH,1.3,2.0, Pending
TCK-005965,342,05-05-2025,performance, Medium ,16.8,, Open
TCK-005966,715,"May 24, 2025", Security ,High,13.3,5.0,CLOSED
TCK-005967,209,25 Feb 2025,account, Medium,23.8,2.0, Closed
TCK-005968,207,"Apr 24, 2025",Account, High ,23.0,,CLOSED
TCK-005969,1495,"Mar 14, 2025",account, High,28.8,4.0, Resolved
TCK-005970,243,03/29/2025, Performance , Low,4.2,2.0, Resolved
TCK-005971,493,01/14/2025,Technical,HIGH,12.2,4.0,closed
TCK-005972,1111,24/03/2025, Security ,Critical,31.3,1.0,PENDING
TCK-005973,333,26/06/2025, Security , High,21.2,2.0,Pending 
TCK-005974,1496,2025-07-21,Security,high,25.5,2.0, Pending 
TCK-005975,370,27-04-2025,performance,LOW,32.7,5.0, Open
TCK-005976,838,01-11-2025, Billing ,Low ,11.7,,Open
TCK-005977,1455,05/06/2025,Feature Request,low,5.3,4.0, Open 
TCK-005978,207,13/03/2025, Security, Low ,2.4,4.0,closed
TCK-005979,489,2025-02-11,Billing ,HIGH,20.0,2.0,PENDING
TCK-005980,1288,2025-12-26,performance,Low,26.0,3.0,Closed 
TCK-005981,433,11/09/2025,Feature Request, Critical ,2.3,1.0,resolved
TCK-005982,481,2025-06-06, Security ,critical,21.6,5.0,open
TCK-005983,1442,07/17/2025,Technical , Low,20.8,2.0,RESOLVED
TCK-005984,688,2025-09-06,Security, Low ,1.1,3.0,open
TCK-005985,968,08-06-2025, Security, Medium ,4.6,2.0,open
TCK-005986,263,27/09/2025, Billing,high,6.2,1.0,open
TCK-005987,463,2025-11-07,Security, Medium,11.4,2.0, Resolved
TCK-005988,1102,10/03/2025,Technical,high,29.5,5.0,Open 
TCK-005989,1496,2025-11-18, Performance,High ,20.8,5.0,Closed 
TCK-005990,209,14/02/2025,Security,High,13.6,4.0, Open 
TCK-005991,109,10 Apr 2025, Security ,Medium,8.4,5.0,closed
TCK-005992,131,14-05-2025, Account,Low ,3.7,, Pending 
TCK-005993,628,"Feb 18, 2025", Billing , Low,8.7,4.0, Open 
TCK-005994,1010,04/02/2025,feature request,LOW,10.4,5.0,PENDING
TCK-005995,1387,"Jul 07, 2025", Performance, Critical,23.9,4.0, Resolved 
TCK-005996,1073,04/09/2025,Technical, High,12.0,, Closed 
TCK-005997,1381,17-06-2025, Technical ,Critical,7.9,1.0,RESOLVED
TCK-005998,971,01/09/2025,ACCOUNT, High,12.7,,Open 
TCK-005999,546,25 Sep 2025,Performance ,Critical,6.7,3.0,closed
TCK-006000,1246,14-05-2025,Performance,high,29.2,,Resolved 
TCK-002032,475,2025-10-07, Account ,high,9.0,5.0, Resolved
TCK-005511,172,"Jul 13, 2025",BILLING,Critical,25.0,5.0,closed
TCK-003671,1256,07/29/2025,Security,medium,20.2,5.0, Pending 
TCK-003931,843,"Jul 19, 2025",billing,CRITICAL,7.6,1.0,pending
TCK-002236,302,2025-05-31, Account ,Critical,21.5,1.0,CLOSED
TCK-002100,595,05/24/2025, Account, Critical ,17.4,3.0, Resolved 
TCK-005765,1426,07-03-2025,Account, High,13.0,1.0,CLOSED
TCK-003898,520,10 Mar 2025, Billing , Critical,20.7,2.0,closed
TCK-005822,71,"Aug 10, 2025", Billing , Low,0.4,4.0, Resolved 
TCK-002417,331,02/02/2025,Account , Critical ,13.7,4.0,Closed 
TCK-004352,1083,2025-12-21,account,critical,13.8,4.0,Pending 
TCK-001053,397,30-04-2025,TECHNICAL,low,20.9,,resolved
TCK-005790,363,10/24/2025, Account,Low,3.0,1.0, Resolved
TCK-001943,405,2025-11-06, Technical ,low,45.8,2.0,Closed 
TCK-000089,1309,2025-07-26,feature request, Medium ,11.2,1.0, Open 
TCK-004149,1081,09-11-2025, Technical ,Critical ,1.2,, Closed 
TCK-001126,1179,12 Sep 2025, Account,High ,18.4,5.0,Closed
TCK-000414,1262,"Mar 15, 2025",billing,CRITICAL,14.5,5.0,Pending 
TCK-005965,342,05-05-2025,performance, Medium ,16.8,, Open
TCK-004513,1030,06/10/2025,Feature Request ,High ,8.9,,pending
TCK-000031,1385,2025-01-16, Security, Critical,25.8,5.0,open
TCK-001945,969,04 Aug 2025,PERFORMANCE,Low,11.1,5.0, Resolved 
TCK-003051,960,25 Sep 2025,billing,low,17.1,4.0,closed
TCK-003115,219,10/11/2025,account, High ,12.4,3.0, Pending
TCK-002658,30,08/08/2025,performance, Low,8.5,,Open 
TCK-004533,1452,13-07-2025,account, Critical ,6.9,2.0,Resolved
TCK-004997,1278,04 Sep 2025,performance,Critical,13.5,4.0,Resolved
TCK-001606,705,06/08/2025, Security,low,16.5,3.0, Resolved 
TCK-004443,1192,09/06/2025, Feature Request ,Medium,44.2,5.0, Closed
TCK-002393,1240,25 Dec 2025,account,critical,16.2,5.0,CLOSED
TCK-003567,1289,"May 06, 2025", Security, Medium,26.5,,RESOLVED
TCK-000068,406,18/07/2025, Account,Medium,9.9,, Resolved 
TCK-005607,180,28/04/2025,Account,Medium ,37.1,3.0, Resolved
TCK-001005,233,05/27/2025,performance,high,11.1,5.0,Open
TCK-001626,245,29-10-2025, Account,Medium ,18.1,2.0, Pending 
TCK-001957,490,"Aug 09, 2025",Security , Critical ,16.6,2.0,pending
TCK-001869,422,02 Aug 2025,FEATURE REQUEST, Low,5.7,4.0, Closed
TCK-004141,526,"Nov 22, 2025",SECURITY,HIGH,8.3,5.0,open
TCK-000525,541,02/12/2025, Security , Medium ,20.7,1.0,Resolved
TCK-001095,74,"Dec 04, 2025", Technical,Critical ,10.9,4.0, Closed
TCK-005830,1287,2025-04-03,feature request,High,7.7,3.0,RESOLVED
TCK-002160,893,01/22/2025, Performance,medium,4.2,5.0, Closed 
TCK-001239,464,"Dec 27, 2025",Performance , Medium ,29.8,5.0,Resolved 
TCK-002124,937,07 Mar 2025, Account,CRITICAL,10.4,3.0, Closed
TCK-003226,1458,16-12-2025, Feature Request ,Medium ,9.9,1.0,OPEN
TCK-004941,1056,09 Jun 2025,technical,low,20.4,2.0, Resolved 
TCK-005755,1065,05-10-2025,account,MEDIUM,15.0,2.0, Open
TCK-003106,1399,04/05/2025,BILLING, Low ,19.4,3.0,PENDING
TCK-005058,48,08 Aug 2025, Security,CRITICAL,17.9,,PENDING
TCK-001604,1023,17-03-2025, Feature Request , Critical,7.9,,pending
TCK-000571,1185,09/06/2025, Security , Low,15.9,2.0,closed
TCK-000897,414,2025-02-21, Performance ,medium,8.1,5.0,Resolved
TCK-005275,360,15 Jan 2025,SECURITY,Medium ,7.3,1.0,OPEN
TCK-003108,691,03-08-2025,SECURITY,low,23.6,5.0,closed
TCK-002390,435,01/12/2025, Account, High ,6.9,4.0,resolved
TCK-004504,794,10/26/2025,Feature Request, Critical,9.8,1.0, Open 
TCK-000226,845,31/12/2025, Billing , Medium,8.1,1.0,Open 
TCK-001684,1473,25/09/2025, Technical,Low,8.4,1.0,OPEN
TCK-002181,349,2025-12-30, Billing,Low ,21.1,, Open
TCK-002277,1344,03/03/2025,Billing, High,63.5,2.0,Resolved
TCK-000867,125,23/05/2025, Performance , Critical ,12.2,3.0, Pending
TCK-004441,493,09/27/2025,BILLING,Medium,4.5,2.0,PENDING
TCK-000011,36,"Aug 16, 2025",Feature Request,Low,6.4,, Pending
TCK-003105,115,30 Dec 2025, Billing ,high,9.8,5.0,Resolved 
TCK-005029,1209,11 Jan 2025, Security, Low ,15.3,3.0,Pending
TCK-003146,231,22/08/2025,FEATURE REQUEST,High ,10.1,5.0, Resolved 
TCK-004739,1273,"Aug 08, 2025", Feature Request ,HIGH,2.2,,open
TCK-000521,93,28 Jun 2025,Performance,Medium ,8.1,1.0, Closed 
TCK-003805,598,2025-11-15,Account ,Medium ,21.6,3.0,Resolved
TCK-004449,1347,"Nov 08, 2025", Billing, High ,17.2,3.0,Pending 
TCK-005069,58,25 Apr 2025,security, High ,6.2,4.0,Open 
TCK-002570,1049,15-09-2025, Feature Request ,High ,8.9,2.0,Resolved 
TCK-004986,1,01-08-2025, Performance ,low,6.3,5.0,Pending 
TCK-002689,57,"Dec 16, 2025",TECHNICAL, Low ,11.1,3.0,Open 
TCK-005872,1052,"Dec 19, 2025",Feature Request,Critical ,5.9,,Pending 
