transaction_id,user_id,transaction_date,transaction_amount,payment_type,transaction_type,currency
Q4-TX-000001,1165,"Nov 18, 2025",$273.37,Credit Card, Subscription,US Dollar
Q4-TX-000002,443,11/12/2025,126.41,debit card,Upgrade,usd
Q4-TX-000003,340,03-11-2025,USD 260.82,bank transfer,Upgrade,usd
Q4-TX-000004,1116,2025-11-24,368.91,paypal,add-on,USD
Q4-TX-000005,726,17/10/2025,302.15 USD, Bank Transfer ,SUBSCRIPTION,USD
Q4-TX-000006,1098,30 Oct 2025,USD 195.52,Credit Card ,ADD-ON,USD
Q4-TX-000007,1184,17/11/2025,70.47 USD,Debit Card,UPGRADE,USD
Q4-TX-000008,504,24-12-2025,276.85 USD,Credit Card,Upgrade ,USD
Q4-TX-000009,1126,23 Dec 2025,$440,Credit Card , Subscription,US Dollar
Q4-TX-000010,799,13 Oct 2025,$158.29,Bank Transfer,Subscription,usd
Q4-TX-000011,691,2025-11-04,261.94,Credit Card,Upgrade ,USD
Q4-TX-000012,153,2025-10-21,$499,PayPal, Subscription,US Dollar
Q4-TX-000013,842,"Nov 19, 2025",$169.64,Debit Card,Subscription,usd
Q4-TX-000014,1164,27-12-2025,$113,BANK TRANSFER,Upgrade,USD
Q4-TX-000015,1275,10/12/2025,$-248.47,paypal,Refund ,US Dollar
Q4-TX-000016,231,2025-11-23,USD 271.11,PAYPAL,SUBSCRIPTION,USD
Q4-TX-000017,1106,2025-11-24,$210, Credit Card ,Add-on,USD
Q4-TX-000018,275,24 Oct 2025,$268.06, Credit Card,Upgrade ,usd
Q4-TX-000019,580,07 Dec 2025,$-176, Bank Transfer , Refund ,US Dollar
Q4-TX-000020,790,12/10/2025,302.45, PayPal, Upgrade,usd
Q4-TX-000021,106,11/22/2025,108.26,BANK TRANSFER,Upgrade ,USD
Q4-TX-000022,583,09 Nov 2025,175.59, Bank Transfer , Subscription,USD
Q4-TX-000023,1147,06-11-2025,$143.80,credit card,SUBSCRIPTION,USD
Q4-TX-000024,142,07 Nov 2025,$-163.97, Bank Transfer , Refund,usd
Q4-TX-000025,400,2025-11-14,USD 240.13,Debit Card,Subscription ,USD
Q4-TX-000026,858,17-10-2025,149.72, Bank Transfer,upgrade,US Dollar
Q4-TX-000027,1348,22-10-2025,-138.58, Bank Transfer, Refund ,USD
Q4-TX-000028,963,25-12-2025,528.73 USD,Debit Card ,Add-on,usd
Q4-TX-000029,293,"Dec 13, 2025",$602,CREDIT CARD,Subscription,USD
Q4-TX-000030,903,2025-12-28,355.45 USD,PAYPAL,Add-on ,US Dollar
Q4-TX-000031,341,23 Dec 2025,384.58,Credit Card , Add-on ,US Dollar
Q4-TX-000032,18,10/10/2025,$193.72, Credit Card , Upgrade,usd
Q4-TX-000033,405,28-11-2025,-331.56,debit card, Refund ,USD
Q4-TX-000034,1482,"Oct 16, 2025",USD -503.40, PayPal ,Refund ,usd
Q4-TX-000035,133,11/19/2025,$213.18,Bank Transfer,UPGRADE,US Dollar
Q4-TX-000036,1268,"Nov 16, 2025",202.52 USD,DEBIT CARD, Add-on ,usd
Q4-TX-000037,466,18-12-2025,111.49 USD,Credit Card,UPGRADE,USD
Q4-TX-000038,385,"Oct 26, 2025",-25.22 USD, Credit Card,refund,USD
Q4-TX-000039,1367,31/10/2025,USD 271.21,Bank Transfer , Add-on,US Dollar
Q4-TX-000040,73,2025-10-22,342.04,debit card,Add-on ,US Dollar
Q4-TX-000041,764,18/12/2025,234.69 USD, Debit Card ,ADD-ON,US Dollar
Q4-TX-000042,1207,07/11/2025,205.11,paypal,add-on,US Dollar
Q4-TX-000043,283,02 Dec 2025,51.91,BANK TRANSFER,Upgrade,US Dollar
Q4-TX-000044,479,10/10/2025,97.10,Credit Card, Subscription,USD
Q4-TX-000045,1366,26 Dec 2025,$372.31, Debit Card , Add-on,USD
Q4-TX-000046,42,23-10-2025,USD -395.94, PayPal, Refund ,USD
Q4-TX-000047,248,11/10/2025,USD -31.80, Credit Card ,Refund,usd
Q4-TX-000048,695,25/10/2025,$604,Debit Card ,UPGRADE,usd
Q4-TX-000049,785,21 Nov 2025,USD 103.82,PayPal,subscription,US Dollar
Q4-TX-000050,255,2025-10-10,334.01,DEBIT CARD, Add-on ,USD
Q4-TX-000051,867,"Dec 04, 2025",130.41, Debit Card,Upgrade ,US Dollar
Q4-TX-000052,685,12/04/2025,82.56 USD,PayPal, Add-on ,USD
Q4-TX-000053,1049,18 Dec 2025,$-212.29, PayPal ,Refund,USD
Q4-TX-000054,150,10/30/2025,62.84,PayPal,upgrade,USD
Q4-TX-000055,123,12/21/2025,56.29, Credit Card ,Upgrade ,USD
Q4-TX-000056,757,11 Oct 2025,$-109.16,credit card,REFUND,USD
Q4-TX-000057,1287,04 Nov 2025,155.62,Bank Transfer , Add-on,USD
Q4-TX-000058,575,12/09/2025,84.88 USD, PayPal,Subscription,USD
Q4-TX-000059,1236,19/10/2025,$107.76,debit card,upgrade,usd
Q4-TX-000060,167,11/12/2025,127.86 USD,credit card,Add-on,usd
Q4-TX-000061,352,26 Oct 2025,$-324,Debit Card ,Refund,US Dollar
Q4-TX-000062,932,29 Dec 2025,$202, Bank Transfer ,Add-on,USD
Q4-TX-000063,323,10/17/2025,109.38,debit card, Subscription ,US Dollar
Q4-TX-000064,1096,2025-12-01,-185.15, PayPal, Refund ,usd
Q4-TX-000065,801,02 Dec 2025,-128.09 USD,CREDIT CARD,REFUND,USD
Q4-TX-000066,216,11/04/2025,USD -126.41,Bank Transfer, Refund ,usd
Q4-TX-000067,1188,"Nov 20, 2025",USD -141.70,Credit Card, Refund,usd
Q4-TX-000068,357,2025-12-02,$533, PayPal , Upgrade,US Dollar
Q4-TX-000069,459,22-12-2025,$84.80, PayPal,subscription,USD
Q4-TX-000070,1177,10-11-2025,$252.84, PayPal ,ADD-ON,US Dollar
Q4-TX-000071,1028,27/11/2025,USD 173.43, Bank Transfer , Add-on ,USD
Q4-TX-000072,770,2025-11-24,$292,debit card,Upgrade,USD
Q4-TX-000073,509,11 Dec 2025,$-233,credit card,REFUND,USD
Q4-TX-000074,781,2025-12-11,$219,Debit Card, Subscription ,usd
Q4-TX-000075,1190,29-12-2025,USD -245.50, Bank Transfer,refund,usd
Q4-TX-000076,298,2025-11-28,175.45,debit card, Add-on,US Dollar
Q4-TX-000077,1249,21/11/2025,USD 339.38,BANK TRANSFER,add-on,US Dollar
Q4-TX-000078,253,22/12/2025,118.54 USD,Credit Card ,ADD-ON,US Dollar
Q4-TX-000079,880,"Nov 02, 2025",195.55, Bank Transfer,upgrade,usd
Q4-TX-000080,882,"Nov 24, 2025",83.54,Debit Card ,Subscription,usd
Q4-TX-000081,589,2025-11-06,311.47 USD, Debit Card ,ADD-ON,USD
Q4-TX-000082,1402,2025-11-14,$292,Bank Transfer ,UPGRADE,USD
Q4-TX-000083,303,11/10/2025,499.01,Bank Transfer ,Subscription,US Dollar
Q4-TX-000084,294,12-10-2025,344.23 USD, Bank Transfer ,upgrade,USD
Q4-TX-000085,434,31 Oct 2025,271.92,PayPal ,Upgrade ,USD
Q4-TX-000086,668,22-12-2025,309.20, Credit Card,upgrade,usd
Q4-TX-000087,476,21-10-2025,$45,Debit Card,Add-on ,usd
Q4-TX-000088,445,11/03/2025,$360,Bank Transfer , Upgrade ,usd
Q4-TX-000089,14,17 Oct 2025,USD -353.75,CREDIT CARD,refund,US Dollar
Q4-TX-000090,631,11/17/2025,-424.39, Credit Card, Refund,usd
Q4-TX-000091,41,"Dec 02, 2025",57.24 USD,PAYPAL,add-on,US Dollar
Q4-TX-000092,14,2025-12-26,252.15 USD,debit card,Upgrade ,USD
Q4-TX-000093,1306,"Dec 28, 2025",-195.00,DEBIT CARD,refund,USD
Q4-TX-000094,1012,"Dec 14, 2025",USD -166.93, Bank Transfer,Refund,USD
Q4-TX-000095,225,2025-11-13,$167.71,BANK TRANSFER, Subscription,USD
Q4-TX-000096,501,17/10/2025,$195,bank transfer, Subscription,usd
Q4-TX-000097,27,"Dec 03, 2025",276.84,PayPal ,ADD-ON,USD
Q4-TX-000098,295,10/21/2025,159.11 USD,Credit Card , Add-on,usd
Q4-TX-000099,460,08 Oct 2025,$176.79,Bank Transfer ,Add-on,USD
Q4-TX-000100,716,20 Dec 2025,USD 549.83,PAYPAL, Subscription ,USD
Q4-TX-000101,1382,12/20/2025,123.40,paypal,ADD-ON,usd
Q4-TX-000102,208,09/10/2025,$-72,DEBIT CARD, Refund ,US Dollar
Q4-TX-000103,1024,11/29/2025,$48, Bank Transfer, Upgrade,usd
Q4-TX-000104,596,"Nov 30, 2025",294.11 USD, Bank Transfer , Add-on,US Dollar
Q4-TX-000105,833,06 Oct 2025,113.53 USD, Debit Card, Upgrade,usd
Q4-TX-000106,639,2025-10-04,119.99,Debit Card , Subscription,US Dollar
Q4-TX-000107,711,2025-10-18,-600.87,PayPal, Refund ,US Dollar
Q4-TX-000108,332,2025-11-14,292.32,Bank Transfer,Subscription,usd
Q4-TX-000109,918,2025-11-09,$301,PayPal ,UPGRADE,US Dollar
Q4-TX-000110,602,07/12/2025,190.78, Bank Transfer ,UPGRADE,usd
Q4-TX-000111,588,12/16/2025,$-216.78,PAYPAL,Refund ,US Dollar
Q4-TX-000112,32,15-11-2025,-139.41 USD,PayPal,refund,USD
Q4-TX-000113,1095,02-11-2025,USD -241.29, PayPal , Refund,USD
Q4-TX-000114,827,2025-12-03,USD -184.66, PayPal, Refund ,USD
Q4-TX-000115,1482,07 Oct 2025,USD 325.23,Bank Transfer , Upgrade ,usd
Q4-TX-000116,110,2025-10-21,681.14,Debit Card , Add-on ,US Dollar
Q4-TX-000117,1243,13/10/2025,394.95 USD,paypal, Upgrade ,USD
Q4-TX-000118,986,06 Oct 2025,$145.89, Bank Transfer,Upgrade,usd
Q4-TX-000119,656,24-11-2025,$556,Debit Card , Upgrade,usd
Q4-TX-000120,291,20-11-2025,$162.35,Bank Transfer,ADD-ON,US Dollar
Q4-TX-000121,1236,17/10/2025,56.92 USD,DEBIT CARD, Upgrade ,usd
Q4-TX-000122,698,10/27/2025,-226.26,BANK TRANSFER, Refund ,usd
Q4-TX-000123,493,11/11/2025,USD -160.13, Credit Card, Refund ,US Dollar
Q4-TX-000124,257,22/11/2025,USD 68.24,credit card,Add-on,USD
Q4-TX-000125,18,2025-10-18,$239,bank transfer,Subscription,US Dollar
Q4-TX-000126,574,22-12-2025,USD 155.87, PayPal , Subscription,USD
Q4-TX-000127,783,24/12/2025,USD -709.45, Credit Card,Refund ,USD
Q4-TX-000128,401,"Dec 02, 2025",144.62,debit card,ADD-ON,USD
Q4-TX-000129,1139,20/10/2025,USD 199.33,PayPal,Add-on,USD
Q4-TX-000130,1169,30 Nov 2025,, Bank Transfer,ADD-ON,usd
Q4-TX-000131,1283,12 Oct 2025,$106, Bank Transfer,subscription,USD
Q4-TX-000132,209,2025-11-13,$442.95,Debit Card,Upgrade,usd
Q4-TX-000133,388,09 Nov 2025,385.66,PayPal, Upgrade ,US Dollar
Q4-TX-000134,900010,2025-12-07,313.49 USD,BANK TRANSFER, Upgrade ,USD
Q4-TX-000135,830,01-12-2025,USD 217.50, Debit Card, Upgrade ,USD
Q4-TX-000136,298,"Oct 22, 2025",$191, Credit Card , Add-on,USD
Q4-TX-000137,65,19/10/2025,385.60,DEBIT CARD,subscription,USD
Q4-TX-000138,1260,09 Nov 2025,$624,Debit Card,UPGRADE,USD
Q4-TX-000139,1177,25 Oct 2025,94.81, Credit Card, Add-on ,US Dollar
Q4-TX-000140,1055,10/31/2025,$187, Credit Card,upgrade,USD
Q4-TX-000141,1279,11 Nov 2025,378.98, Bank Transfer, Subscription,US Dollar
Q4-TX-000142,825,11/22/2025,-273.88,BANK TRANSFER, Refund ,US Dollar
Q4-TX-000143,88,2025-10-14,$200, Bank Transfer,Upgrade,US Dollar
Q4-TX-000144,576,11/08/2025,147.40,Debit Card ,add-on,usd
Q4-TX-000145,1458,10/30/2025,$-155.18,credit card,REFUND,usd
Q4-TX-000146,998,02/12/2025,-225.39, PayPal,refund,USD
Q4-TX-000147,679,16 Dec 2025,623.14,BANK TRANSFER, Upgrade ,US Dollar
Q4-TX-000148,97,03/11/2025,USD -122.00,PayPal,REFUND,US Dollar
Q4-TX-000149,114,11/09/2025,136.38 USD,PayPal,UPGRADE,USD
Q4-TX-000150,1191,25/10/2025,-174.85 USD,Credit Card,refund,USD
Q4-TX-000151,336,2025-11-12,543.80, PayPal,Upgrade,US Dollar
Q4-TX-000152,1071,2025-10-10,125.50,Bank Transfer , Subscription,usd
Q4-TX-000153,616,2025-11-23,$614.22, Bank Transfer,SUBSCRIPTION,US Dollar
Q4-TX-000154,333,06 Oct 2025,307.24,Credit Card,add-on,USD
Q4-TX-000155,1191,04/11/2025,$105,Bank Transfer, Subscription ,US Dollar
Q4-TX-000156,8,10/11/2025,$213,credit card, Subscription ,USD
Q4-TX-000157,1494,"Oct 28, 2025",-98.77,credit card,Refund,usd
Q4-TX-000158,354,"Dec 09, 2025",449.23, Debit Card ,add-on,US Dollar
Q4-TX-000159,1391,2025-12-11,96.55,bank transfer, Subscription,USD
Q4-TX-000160,277,10/01/2025,$-110.10, Debit Card , Refund ,US Dollar
Q4-TX-000161,1254,"Dec 02, 2025",$-360,Debit Card,Refund ,usd
Q4-TX-000162,1161,31-10-2025,$-219.63,bank transfer, Refund,US Dollar
Q4-TX-000163,823,05 Nov 2025,$214.85,DEBIT CARD, Add-on,USD
Q4-TX-000164,908,21-11-2025,131.89,PAYPAL,UPGRADE,USD
Q4-TX-000165,168,04/10/2025,$-191,bank transfer,Refund,US Dollar
Q4-TX-000166,978,08/10/2025,$760.45, Credit Card , Upgrade ,US Dollar
Q4-TX-000167,1257,01 Dec 2025,$-267.85,Credit Card ,Refund,USD
Q4-TX-000168,115,04/10/2025,$-91,PAYPAL, Refund ,USD
Q4-TX-000169,74,15/10/2025,USD 503.84, Debit Card ,ADD-ON,US Dollar
Q4-TX-000170,1019,"Dec 29, 2025",153.81,Bank Transfer , Subscription ,usd
Q4-TX-000171,898,13-11-2025,$536.78,bank transfer, Upgrade ,USD
Q4-TX-000172,342,2025-10-11,USD 235.46,Credit Card,Add-on,usd
Q4-TX-000173,1011,"Oct 24, 2025",$131.35,PayPal ,SUBSCRIPTION,usd
Q4-TX-000174,1454,2025-11-17,163.62,debit card,Subscription,usd
Q4-TX-000175,1087,04 Dec 2025,USD 279.22,PAYPAL, Upgrade,USD
Q4-TX-000176,481,10/15/2025,$-129, Credit Card ,Refund ,usd
Q4-TX-000177,1198,11/03/2025,299.49, Credit Card,Subscription,US Dollar
Q4-TX-000178,443,20-10-2025,$-601, PayPal , Refund,US Dollar
Q4-TX-000179,1112,"Dec 01, 2025",249.33 USD,Debit Card ,Add-on,US Dollar
Q4-TX-000180,1284,15/10/2025,,Bank Transfer, Upgrade ,USD
Q4-TX-000181,724,31 Dec 2025,$44.92,BANK TRANSFER,upgrade,usd
Q4-TX-000182,439,12/07/2025,$262,PayPal,Add-on ,US Dollar
Q4-TX-000183,723,2025-12-29,$-313,DEBIT CARD,Refund,usd
Q4-TX-000184,900002,2025-12-18,$170.83,paypal,SUBSCRIPTION,USD
Q4-TX-000185,873,12/29/2025,137.03, PayPal ,UPGRADE,US Dollar
Q4-TX-000186,190,13/10/2025,288.77,Debit Card , Upgrade,USD
Q4-TX-000187,1432,22 Nov 2025,253.13,Bank Transfer, Add-on ,usd
Q4-TX-000188,655,30 Nov 2025,$57.75, Bank Transfer,SUBSCRIPTION,usd
Q4-TX-000189,854,27/11/2025,USD -454.87,Credit Card ,Refund ,USD
Q4-TX-000190,1250,"Nov 30, 2025",281.00, Bank Transfer, Add-on,usd
Q4-TX-000191,120,"Oct 10, 2025",145.51,Debit Card , Upgrade ,usd
Q4-TX-000192,1495,2025-11-01,$72,debit card, Upgrade,usd
Q4-TX-000193,1346,10/02/2025,-254.39 USD, Debit Card,Refund ,usd
Q4-TX-000194,1104,14/10/2025,610.26, Credit Card ,Subscription,USD
Q4-TX-000195,710,26 Nov 2025,$196,Credit Card , Add-on ,USD
Q4-TX-000196,441,25 Dec 2025,161.38 USD,DEBIT CARD,Subscription,usd
Q4-TX-000197,1208,31-12-2025,52.80, PayPal,add-on,usd
Q4-TX-000198,1068,"Oct 11, 2025",$290.81,Bank Transfer ,Upgrade ,USD
Q4-TX-000199,245,22 Dec 2025,$170,DEBIT CARD,Subscription ,US Dollar
Q4-TX-000200,722,19-12-2025,USD 147.78,paypal,Add-on,US Dollar
Q4-TX-000201,1098,"Oct 19, 2025",USD 136.12,CREDIT CARD, Subscription ,usd
Q4-TX-000202,1140,13 Nov 2025,-194.42,paypal,Refund ,usd
Q4-TX-000203,351,29/10/2025,$299.97,DEBIT CARD, Upgrade ,US Dollar
Q4-TX-000204,8,12-10-2025,211.55,Credit Card,upgrade,US Dollar
Q4-TX-000205,1350,10/23/2025,$150,CREDIT CARD, Subscription,USD
Q4-TX-000206,842,27/10/2025,$444,PayPal,add-on,usd
Q4-TX-000207,481,28/12/2025,$285.27, Debit Card , Add-on,USD
Q4-TX-000208,769,12/10/2025,-171.79 USD, Bank Transfer ,REFUND,usd
Q4-TX-000209,1097,22 Nov 2025,126.82, Credit Card , Upgrade ,usd
Q4-TX-000210,947,2025-10-27,USD 115.77,Bank Transfer ,Upgrade,USD
Q4-TX-000211,319,12/29/2025,$61,Credit Card , Subscription ,usd
Q4-TX-000212,1408,11/09/2025,$230.62,Debit Card ,Subscription ,US Dollar
Q4-TX-000213,1095,11 Dec 2025,-336.65 USD, Credit Card ,refund,US Dollar
Q4-TX-000214,110,11/24/2025,-57.83, PayPal, Refund ,USD
Q4-TX-000215,1303,18 Dec 2025,USD 368.33,PayPal ,Add-on ,US Dollar
Q4-TX-000216,1237,18-10-2025,USD 349.49,Bank Transfer,subscription,usd
Q4-TX-000217,778,24/10/2025,887.55, PayPal ,Subscription,USD
Q4-TX-000218,82,05-10-2025,$-137, Credit Card , Refund,US Dollar
Q4-TX-000219,875,29-12-2025,$-26.04, Credit Card ,REFUND,USD
Q4-TX-000220,458,"Nov 28, 2025",241.77, Credit Card , Subscription,USD
Q4-TX-000221,43,18 Dec 2025,127.29, Credit Card ,upgrade,usd
Q4-TX-000222,57,08-11-2025,$315, PayPal,Upgrade ,usd
Q4-TX-000223,456,14/12/2025,USD 210.89,PAYPAL, Subscription,USD
Q4-TX-000224,119,26-10-2025,USD 490.36,credit card,Upgrade ,US Dollar
Q4-TX-000225,404,12/25/2025,139.67 USD,Debit Card,Upgrade ,US Dollar
Q4-TX-000226,1020,04-12-2025,85.95,BANK TRANSFER,Subscription,USD
Q4-TX-000227,467,18/12/2025,$435,Credit Card ,Upgrade,USD
Q4-TX-000228,77,16/11/2025,$581,Debit Card , Subscription ,US Dollar
Q4-TX-000229,542,2025-11-22,$45.38,CREDIT CARD,Subscription,usd
Q4-TX-000230,213,"Nov 21, 2025",669.15, PayPal , Upgrade,USD
Q4-TX-000231,708,18-11-2025,USD 209.50,DEBIT CARD,Add-on ,usd
Q4-TX-000232,40,2025-11-09,$343,Debit Card ,Add-on ,usd
Q4-TX-000233,735,30-11-2025,$443.84,Credit Card , Upgrade ,usd
Q4-TX-000234,625,17 Dec 2025,-122.21,BANK TRANSFER, Refund,USD
Q4-TX-000235,485,11-10-2025,$-370.25,PayPal ,refund,US Dollar
Q4-TX-000236,801,28 Nov 2025,-257.35,DEBIT CARD,refund,usd
Q4-TX-000237,863,10/31/2025,-287.28,bank transfer,refund,usd
Q4-TX-000238,215,2025-11-02,-184.31,bank transfer,REFUND,US Dollar
Q4-TX-000239,1260,12/12/2025,294.30 USD, Debit Card,Subscription ,US Dollar
Q4-TX-000240,123,29 Nov 2025,-259.72, PayPal ,REFUND,usd
Q4-TX-000241,1128,11/08/2025,192.65 USD,PAYPAL,add-on,usd
Q4-TX-000242,744,27 Dec 2025,$224.93,paypal,Upgrade ,USD
Q4-TX-000243,128,2025-11-17,-369.39,debit card, Refund,USD
Q4-TX-000244,1141,10-11-2025,$129.30, Debit Card ,Subscription,US Dollar
Q4-TX-000245,551,30 Oct 2025,-229.57 USD,Credit Card ,REFUND,usd
Q4-TX-000246,1164,"Oct 19, 2025",$266, Credit Card , Subscription ,US Dollar
Q4-TX-000247,1006,2025-11-10,147.16,PAYPAL, Upgrade,US Dollar
Q4-TX-000248,1449,25/12/2025,338.02, Credit Card,ADD-ON,USD
Q4-TX-000249,586,11/15/2025,USD 204.86, PayPal ,UPGRADE,US Dollar
Q4-TX-000250,98,2025-10-01,$113, Bank Transfer ,Subscription ,USD
Q4-TX-000251,407,2025-11-19,USD -189.17, Credit Card ,refund,USD
Q4-TX-000252,1228,11/19/2025,USD 232.66, PayPal, Add-on,US Dollar
Q4-TX-000253,81,26 Dec 2025,$133.84,Bank Transfer ,subscription,USD
Q4-TX-000254,566,11/23/2025,-275.53, Credit Card,Refund,usd
Q4-TX-000255,846,2025-11-28,, Bank Transfer, Upgrade,usd
Q4-TX-000256,509,05-12-2025,,PayPal ,Subscription ,USD
Q4-TX-000257,981,"Oct 15, 2025",$60,PayPal ,Add-on,usd
Q4-TX-000258,744,13 Oct 2025,243.56,bank transfer,add-on,US Dollar
Q4-TX-000259,1184,"Dec 07, 2025",$196.71,Credit Card ,SUBSCRIPTION,USD
Q4-TX-000260,1477,12/13/2025,86.00 USD,Credit Card ,Subscription,usd
Q4-TX-000261,1306,2025-10-21,USD 96.49,debit card,subscription,USD
Q4-TX-000262,1085,"Dec 20, 2025",175.29 USD,credit card,Subscription,US Dollar
Q4-TX-000263,1,01/10/2025,$396,DEBIT CARD,upgrade,USD
Q4-TX-000264,641,22 Oct 2025,-291.77 USD,PayPal,refund,usd
Q4-TX-000265,196,09 Nov 2025,274.99,paypal,Subscription,US Dollar
Q4-TX-000266,581,01/11/2025,-457.53,Credit Card ,refund,US Dollar
Q4-TX-000267,232,22 Dec 2025,232.26,BANK TRANSFER, Upgrade,US Dollar
Q4-TX-000268,178,"Oct 13, 2025",USD 398.82,Debit Card,add-on,US Dollar
Q4-TX-000269,1142,"Nov 30, 2025",,Debit Card ,Subscription ,US Dollar
Q4-TX-000270,379,22 Oct 2025,213.48,Bank Transfer, Subscription ,US Dollar
Q4-TX-000271,430,11 Nov 2025,544.89, Credit Card,upgrade,US Dollar
Q4-TX-000272,285,"Oct 17, 2025",$-442, Debit Card, Refund ,usd
Q4-TX-000273,678,"Dec 17, 2025",USD -291.94, Credit Card ,Refund ,USD
Q4-TX-000274,1363,10-11-2025,173.90 USD, Debit Card,add-on,USD
Q4-TX-000275,718,31 Dec 2025,150.25,Debit Card ,Add-on,USD
Q4-TX-000276,1298,2025-10-19,$410.61,Debit Card , Upgrade ,US Dollar
Q4-TX-000277,840,"Oct 15, 2025",-342.44,Credit Card, Refund,USD
Q4-TX-000278,1068,"Dec 26, 2025",58.31, PayPal , Add-on ,USD
Q4-TX-000279,492,"Oct 28, 2025",-336.22 USD, PayPal , Refund ,USD
Q4-TX-000280,284,2025-10-20,$410.52, PayPal,Subscription ,US Dollar
Q4-TX-000281,1341,01 Dec 2025,$193.73,PayPal , Add-on ,US Dollar
Q4-TX-000282,1026,2025-11-09,108.79, PayPal , Upgrade ,USD
Q4-TX-000283,711,2025-11-23,$346.15,bank transfer,Add-on ,usd
Q4-TX-000284,924,06-12-2025,-132.48,Bank Transfer,Refund ,usd
Q4-TX-000285,1112,11/02/2025,USD 52.42,bank transfer,add-on,USD
Q4-TX-000286,289,2025-10-08,-233.63, Debit Card, Refund ,USD
Q4-TX-000287,891,2025-10-18,-348.14,DEBIT CARD,Refund,usd
Q4-TX-000288,1113,2025-12-04,90.71, Debit Card,Add-on,USD
Q4-TX-000289,651,15 Nov 2025,USD -154.34,Debit Card , Refund ,USD
Q4-TX-000290,550,2025-12-20,$182.88,DEBIT CARD,Add-on,US Dollar
Q4-TX-000291,40,2025-12-30,USD -241.63, PayPal,refund,US Dollar
Q4-TX-000292,1313,12/11/2025,33.03 USD,bank transfer,UPGRADE,usd
Q4-TX-000293,427,"Nov 11, 2025",755.03, PayPal, Subscription,USD
Q4-TX-000294,764,20-11-2025,196.20 USD,Bank Transfer ,ADD-ON,US Dollar
Q4-TX-000295,7,2025-11-16,$595,credit card, Upgrade,USD
Q4-TX-000296,199,28-10-2025,175.20, Bank Transfer, Upgrade,US Dollar
Q4-TX-000297,928,21-12-2025,$226, PayPal, Subscription ,usd
Q4-TX-000298,1061,11/19/2025,-117.48,Bank Transfer,Refund ,USD
Q4-TX-000299,377,2025-10-22,120.32,DEBIT CARD,Upgrade ,usd
Q4-TX-000300,294,"Oct 17, 2025",USD -169.82,PAYPAL,Refund ,US Dollar
Q4-TX-000301,247,"Oct 17, 2025",343.56,PayPal ,subscription,US Dollar
Q4-TX-000302,1142,10/26/2025,$222.36,Debit Card,Add-on,US Dollar
Q4-TX-000303,1409,12/04/2025,-299.86 USD, Debit Card , Refund ,US Dollar
Q4-TX-000304,336,2025-11-02,$237, Debit Card ,ADD-ON,USD
Q4-TX-000305,932,"Oct 12, 2025",-209.64, Debit Card , Refund ,US Dollar
Q4-TX-000306,163,2025-10-04,276.51,debit card,SUBSCRIPTION,USD
Q4-TX-000307,83,17 Dec 2025,USD 156.16, Debit Card ,SUBSCRIPTION,usd
Q4-TX-000308,1442,11/26/2025,$200.37,BANK TRANSFER,SUBSCRIPTION,US Dollar
Q4-TX-000309,1392,11-10-2025,$105,credit card,SUBSCRIPTION,USD
Q4-TX-000310,1350,20/12/2025,$240.20, Debit Card,Add-on,USD
Q4-TX-000311,755,"Nov 18, 2025",155.73,Debit Card,ADD-ON,USD
Q4-TX-000312,317,07-12-2025,-113.23,PayPal,Refund,US Dollar
Q4-TX-000313,334,11/08/2025,USD 105.78,Bank Transfer, Upgrade ,USD
Q4-TX-000314,42,10/21/2025,483.59,PAYPAL, Upgrade,usd
Q4-TX-000315,819,02-10-2025,124.04,BANK TRANSFER, Upgrade ,usd
Q4-TX-000316,631,14/11/2025,$322, Credit Card ,Upgrade,usd
Q4-TX-000317,240,10/23/2025,-272.68, Debit Card ,REFUND,usd
Q4-TX-000318,1093,"Dec 01, 2025",$222.22,Credit Card,add-on,usd
Q4-TX-000319,1473,"Dec 02, 2025",345.30 USD,BANK TRANSFER,subscription,USD
Q4-TX-000320,1428,"Nov 21, 2025",$310.51, Credit Card,Upgrade,US Dollar
Q4-TX-000321,884,21-11-2025,$313.37,Credit Card, Add-on,usd
Q4-TX-000322,76,07/12/2025,-502.95, Credit Card,refund,US Dollar
Q4-TX-000323,1266,2025-12-20,599.73, Debit Card, Subscription,US Dollar
Q4-TX-000324,38,12/04/2025,269.41 USD, Credit Card ,subscription,USD
Q4-TX-000325,1263,11/05/2025,160.27, Credit Card, Add-on ,US Dollar
Q4-TX-000326,1147,"Oct 22, 2025",USD 233.63, Credit Card,UPGRADE,usd
Q4-TX-000327,107,12/13/2025,-100.64, PayPal , Refund,US Dollar
Q4-TX-000328,1360,12/02/2025,526.29,Bank Transfer,Subscription ,USD
Q4-TX-000329,1480,19 Nov 2025,220.33 USD,paypal, Add-on,US Dollar
Q4-TX-000330,505,12/10/2025,$842,DEBIT CARD,Add-on ,US Dollar
Q4-TX-000331,539,2025-11-16,158.83,PAYPAL,Upgrade ,US Dollar
Q4-TX-000332,100,10/10/2025,$-81.66,Bank Transfer ,refund,usd
Q4-TX-000333,59,04 Dec 2025,414.02, Credit Card, Upgrade,usd
Q4-TX-000334,1436,06/10/2025,USD 372.85,PAYPAL,Add-on,US Dollar
Q4-TX-000335,380,05 Dec 2025,USD 338.15,credit card,UPGRADE,US Dollar
Q4-TX-000336,1256,17-11-2025,121.24,BANK TRANSFER,UPGRADE,USD
Q4-TX-000337,686,19-10-2025,165.44, Credit Card, Subscription ,US Dollar
Q4-TX-000338,1400,20-10-2025,189.02,CREDIT CARD, Add-on,USD
Q4-TX-000339,1133,02 Dec 2025,$197, Bank Transfer , Upgrade,USD
Q4-TX-000340,899,"Dec 09, 2025",USD -175.04,CREDIT CARD,Refund ,US Dollar
Q4-TX-000341,747,19-11-2025,USD 208.21,paypal,Upgrade,usd
Q4-TX-000342,361,01/10/2025,110.50, Credit Card ,add-on,USD
Q4-TX-000343,1328,06/10/2025,-393.08,Bank Transfer ,REFUND,usd
Q4-TX-000344,18,27/11/2025,317.07,Credit Card,upgrade,usd
Q4-TX-000345,869,03/11/2025,$359.34, PayPal,upgrade,usd
Q4-TX-000346,1063,08 Oct 2025,253.99,CREDIT CARD,UPGRADE,USD
Q4-TX-000347,261,20/12/2025,-401.52 USD, Debit Card, Refund,USD
Q4-TX-000348,446,10/21/2025,$-50, PayPal, Refund,US Dollar
Q4-TX-000349,1493,2025-11-18,73.17, Debit Card ,Add-on ,USD
Q4-TX-000350,940,2025-11-17,267.26,debit card,Add-on ,US Dollar
Q4-TX-000351,22,"Nov 03, 2025",244.50, Bank Transfer, Upgrade ,USD
Q4-TX-000352,849,06/12/2025,$140.01,Debit Card ,Subscription ,usd
Q4-TX-000353,1416,12/01/2025,337.99,PayPal ,upgrade,USD
Q4-TX-000354,1198,07 Nov 2025,$123.24,PayPal , Upgrade,usd
Q4-TX-000355,196,2025-12-25,USD 234.84,DEBIT CARD, Add-on,USD
Q4-TX-000356,701,03 Oct 2025,$423.92,CREDIT CARD,Subscription ,usd
Q4-TX-000357,243,10/10/2025,170.32, Debit Card,Upgrade,US Dollar
Q4-TX-000358,719,22 Oct 2025,-104.73, PayPal,refund,usd
Q4-TX-000359,821,01 Oct 2025,666.96 USD, Bank Transfer,UPGRADE,usd
Q4-TX-000360,276,03 Nov 2025,302.34,CREDIT CARD,Upgrade,USD
Q4-TX-000361,1359,14 Dec 2025,$-309.38,credit card, Refund,US Dollar
Q4-TX-000362,205,20/12/2025,$319.28,paypal,Add-on,USD
Q4-TX-000363,1491,09 Dec 2025,USD 113.24,Credit Card , Subscription,usd
Q4-TX-000364,412,12 Dec 2025,USD 329.38, Debit Card,SUBSCRIPTION,usd
Q4-TX-000365,314,"Dec 20, 2025",264.06 USD,Debit Card , Upgrade,usd
Q4-TX-000366,1349,12 Dec 2025,USD 551.55,Debit Card,upgrade,usd
Q4-TX-000367,210,2025-12-15,-290.62,debit card,Refund ,USD
Q4-TX-000368,113,24 Dec 2025,-138.67 USD,paypal,Refund ,USD
Q4-TX-000369,833,29/11/2025,$209.29, Debit Card ,add-on,USD
Q4-TX-000370,1357,11/26/2025,$31.71, Credit Card,Subscription ,US Dollar
Q4-TX-000371,1350,07/10/2025,$84, Credit Card , Subscription ,usd
Q4-TX-000372,986,26 Nov 2025,$-213.69, Credit Card, Refund,US Dollar
Q4-TX-000373,99,16 Oct 2025,175.93, Credit Card ,Subscription ,usd
Q4-TX-000374,409,"Nov 16, 2025",USD 475.72,PayPal ,ADD-ON,USD
Q4-TX-000375,199,14/12/2025,USD 671.76, PayPal , Add-on,usd
Q4-TX-000376,1415,05 Oct 2025,208.53,debit card,ADD-ON,usd
Q4-TX-000377,721,11/20/2025,215.86, PayPal ,ADD-ON,US Dollar
Q4-TX-000378,237,10/12/2025,USD 284.68,Debit Card ,ADD-ON,USD
Q4-TX-000379,1089,25 Oct 2025,464.16, Bank Transfer,UPGRADE,usd
Q4-TX-000380,1101,17-10-2025,$90.26,PayPal ,ADD-ON,USD
Q4-TX-000381,454,"Nov 03, 2025",173.32 USD,PayPal, Upgrade,US Dollar
Q4-TX-000382,1091,17/10/2025,$121, Debit Card ,Subscription,usd
Q4-TX-000383,1473,"Dec 16, 2025",-97.23 USD,Debit Card ,refund,usd
Q4-TX-000384,1087,28 Oct 2025,60.81,Credit Card,Add-on,usd
Q4-TX-000385,1308,11/04/2025,$182.02,BANK TRANSFER, Upgrade ,usd
Q4-TX-000386,848,12/12/2025,USD 875.60, Bank Transfer,Upgrade,USD
Q4-TX-000387,99,"Oct 17, 2025",33.56,PayPal,subscription,US Dollar
Q4-TX-000388,1292,06/10/2025,USD -187.41,Credit Card, Refund ,US Dollar
Q4-TX-000389,976,20/10/2025,592.70 USD,credit card,ADD-ON,usd
Q4-TX-000390,1176,"Nov 24, 2025",USD 101.99,Debit Card,UPGRADE,US Dollar
Q4-TX-000391,120,06/12/2025,-133.18 USD, Credit Card,Refund,US Dollar
Q4-TX-000392,318,17 Dec 2025,$249, Credit Card, Add-on ,USD
Q4-TX-000393,558,"Dec 16, 2025",,Bank Transfer, Add-on,USD
Q4-TX-000394,416,11/03/2025,106.64,PayPal ,Subscription ,USD
Q4-TX-000395,37,05 Nov 2025,783.95,Credit Card ,Add-on,USD
Q4-TX-000396,1017,11/27/2025,$397, Debit Card ,UPGRADE,usd
Q4-TX-000397,781,11/12/2025,USD 154.28,DEBIT CARD, Subscription ,USD
Q4-TX-000398,682,08-12-2025,$-224,PAYPAL, Refund,usd
Q4-TX-000399,257,"Nov 14, 2025",122.05,Credit Card,ADD-ON,US Dollar
Q4-TX-000400,1419,10/27/2025,USD 555.62, Credit Card ,Add-on,US Dollar
Q4-TX-000401,618,10/20/2025,$56,Debit Card,SUBSCRIPTION,USD
Q4-TX-000402,1305,09-10-2025,$-299.63,PayPal ,Refund ,usd
Q4-TX-000403,568,25/11/2025,849.39, Credit Card,upgrade,usd
Q4-TX-000404,895,18-12-2025,,PayPal,ADD-ON,usd
Q4-TX-000405,115,23-12-2025,-377.62,BANK TRANSFER, Refund ,US Dollar
Q4-TX-000406,1227,2025-11-14,101.19,Bank Transfer ,Upgrade,USD
Q4-TX-000407,867,11/14/2025,-374.18,debit card,Refund ,US Dollar
Q4-TX-000408,897,"Dec 25, 2025",USD -282.78,paypal,refund,usd
Q4-TX-000409,68,"Dec 06, 2025",251.51 USD,bank transfer, Add-on,US Dollar
Q4-TX-000410,260,25-10-2025,189.36, PayPal,Add-on ,USD
Q4-TX-000411,1132,"Nov 19, 2025",151.47, Bank Transfer,ADD-ON,USD
Q4-TX-000412,434,2025-12-10,,Bank Transfer,refund,USD
Q4-TX-000413,908,12/02/2025,USD 502.30, Debit Card, Upgrade ,usd
Q4-TX-000414,849,16/10/2025,USD 164.35, PayPal ,add-on,US Dollar
Q4-TX-000415,949,12/21/2025,$290.47,Debit Card,add-on,usd
Q4-TX-000416,546,01-10-2025,250.46,debit card, Upgrade ,USD
Q4-TX-000417,152,23/11/2025,$-364.02,Debit Card,REFUND,usd
Q4-TX-000418,117,04 Nov 2025,511.69,DEBIT CARD,subscription,USD
Q4-TX-000419,174,04 Dec 2025,$148,Debit Card ,UPGRADE,US Dollar
Q4-TX-000420,418,30/10/2025,$498.83,credit card, Upgrade ,USD
Q4-TX-000421,622,11/12/2025,$-233, PayPal,Refund,US Dollar
Q4-TX-000422,925,31 Oct 2025,121.50, PayPal,Subscription,US Dollar
Q4-TX-000423,722,07/12/2025,262.32 USD,Credit Card,add-on,USD
Q4-TX-000424,948,"Oct 27, 2025",USD -148.32,Credit Card ,refund,US Dollar
Q4-TX-000425,748,"Nov 28, 2025",$201.33,Bank Transfer,SUBSCRIPTION,US Dollar
Q4-TX-000426,195,"Dec 01, 2025",$264, PayPal,Upgrade,USD
Q4-TX-000427,1365,27-10-2025,241.98 USD,Bank Transfer , Upgrade,USD
Q4-TX-000428,653,23/12/2025,220.82,Bank Transfer ,Add-on,USD
Q4-TX-000429,820,"Oct 31, 2025",-406.64,PayPal, Refund ,usd
Q4-TX-000430,1399,2025-12-19,331.48, Debit Card , Subscription,USD
Q4-TX-000431,898,07/12/2025,$418.33,credit card,Upgrade,USD
Q4-TX-000432,103,10/14/2025,147.71 USD, Debit Card,ADD-ON,US Dollar
Q4-TX-000433,63,2025-12-20,$-147.70, Credit Card , Refund ,US Dollar
Q4-TX-000434,653,2025-10-13,-442.89, Bank Transfer, Refund ,US Dollar
Q4-TX-000435,1422,04-12-2025,USD 208.48, Bank Transfer , Subscription ,usd
Q4-TX-000436,1220,04-12-2025,295.10,PayPal,Upgrade,usd
Q4-TX-000437,1078,19/12/2025,147.69, Debit Card, Upgrade,USD
Q4-TX-000438,1368,"Dec 17, 2025",USD 206.26, Credit Card ,ADD-ON,US Dollar
Q4-TX-000439,536,05 Dec 2025,452.83, Bank Transfer,ADD-ON,US Dollar
Q4-TX-000440,1193,2025-12-12,USD 89.44, Bank Transfer , Upgrade,US Dollar
Q4-TX-000441,1254,10/11/2025,225.58,paypal, Upgrade,usd
Q4-TX-000442,1006,"Dec 20, 2025",-537.44,BANK TRANSFER, Refund ,USD
Q4-TX-000443,836,"Nov 13, 2025",-158.69 USD,DEBIT CARD,refund,usd
Q4-TX-000444,190,"Nov 13, 2025",$133, Credit Card ,Upgrade,US Dollar
Q4-TX-000445,285,24 Oct 2025,$124, PayPal,Add-on,usd
Q4-TX-000446,1235,10/26/2025,344.20,CREDIT CARD, Subscription,USD
Q4-TX-000447,426,11-10-2025,-298.47 USD, Debit Card, Refund ,USD
Q4-TX-000448,676,28-10-2025,$-304.95,Bank Transfer,refund,US Dollar
Q4-TX-000449,122,03-10-2025,484.84 USD, Debit Card , Add-on,usd
Q4-TX-000450,27,2025-11-18,165.12, Debit Card , Subscription,US Dollar
Q4-TX-000451,176,19/11/2025,303.46,Credit Card , Add-on ,US Dollar
Q4-TX-000452,1300,25 Oct 2025,316.73 USD,PayPal,add-on,USD
Q4-TX-000453,548,"Nov 30, 2025",255.65,PayPal ,Subscription,US Dollar
Q4-TX-000454,142,27/11/2025,, Bank Transfer , Upgrade ,US Dollar
Q4-TX-000455,496,2025-10-04,247.65 USD, Bank Transfer ,UPGRADE,USD
Q4-TX-000456,409,12/09/2025,-272.17,debit card, Refund ,usd
Q4-TX-000457,898,12/28/2025,USD 263.24,Bank Transfer,Subscription,usd
Q4-TX-000458,539,24 Nov 2025,USD -348.76,CREDIT CARD, Refund ,usd
Q4-TX-000459,698,06-12-2025,$-298,Credit Card,Refund,USD
Q4-TX-000460,1485,16/12/2025,-136.85 USD,debit card,refund,US Dollar
Q4-TX-000461,522,25-11-2025,433.62 USD,Debit Card,Upgrade,usd
Q4-TX-000462,174,06 Nov 2025,USD 138.19,PayPal ,ADD-ON,USD
Q4-TX-000463,354,2025-12-24,-347.63 USD,Debit Card ,refund,usd
Q4-TX-000464,903,11/19/2025,273.22,Debit Card,Subscription ,usd
Q4-TX-000465,785,18/10/2025,$-282.17,debit card,refund,usd
Q4-TX-000466,832,28/12/2025,, Credit Card ,ADD-ON,US Dollar
Q4-TX-000467,216,01-12-2025,USD 309.12, Debit Card,Add-on ,USD
Q4-TX-000468,406,2025-10-19,204.51,debit card, Upgrade,usd
Q4-TX-000469,16,09-10-2025,286.47,PAYPAL, Add-on,usd
Q4-TX-000470,5,"Dec 08, 2025",USD 151.48,Bank Transfer ,ADD-ON,USD
Q4-TX-000471,167,13-11-2025,USD 123.21,DEBIT CARD,add-on,USD
Q4-TX-000472,1392,26 Dec 2025,140.05,bank transfer,Subscription ,USD
Q4-TX-000473,605,18/10/2025,USD 317.63,DEBIT CARD,add-on,USD
Q4-TX-000474,1146,2025-12-08,USD 95.90, PayPal,Upgrade ,USD
Q4-TX-000475,1313,14-11-2025,102.89,Debit Card, Add-on,US Dollar
Q4-TX-000476,1268,"Nov 18, 2025",$215, Credit Card ,UPGRADE,USD
Q4-TX-000477,1132,2025-12-04,$-430.67,PayPal,Refund ,usd
Q4-TX-000478,847,26/12/2025,246.11, Credit Card ,upgrade,US Dollar
Q4-TX-000479,599,"Dec 22, 2025",204.74,Bank Transfer ,subscription,usd
Q4-TX-000480,1021,27-10-2025,$144, PayPal,ADD-ON,US Dollar
Q4-TX-000481,1228,15-12-2025,$62.02,PayPal ,Add-on ,USD
Q4-TX-000482,1322,27 Nov 2025,605.58,Debit Card , Add-on ,US Dollar
Q4-TX-000483,1179,24-10-2025,147.36 USD, Bank Transfer,SUBSCRIPTION,usd
Q4-TX-000484,315,2025-10-22,$-277.27,CREDIT CARD,refund,US Dollar
Q4-TX-000485,54,2025-11-21,$206.05,PayPal ,SUBSCRIPTION,US Dollar
Q4-TX-000486,322,"Dec 26, 2025",-547.38, Debit Card,Refund,USD
Q4-TX-000487,1221,2025-11-14,115.37 USD,DEBIT CARD, Add-on,usd
Q4-TX-000488,447,"Dec 27, 2025",-198.83,paypal,Refund,US Dollar
Q4-TX-000489,993,29/10/2025,-252.74 USD,debit card,Refund,usd
Q4-TX-000490,525,2025-10-25,70.27, PayPal,upgrade,US Dollar
Q4-TX-000491,1041,26/12/2025,$358,bank transfer, Add-on ,usd
Q4-TX-000492,867,04/11/2025,203.03,Bank Transfer,SUBSCRIPTION,usd
Q4-TX-000493,872,"Dec 10, 2025",,BANK TRANSFER, Subscription ,usd
Q4-TX-000494,1495,"Oct 18, 2025",, PayPal ,add-on,USD
Q4-TX-000495,1256,2025-11-17,$120, Bank Transfer ,upgrade,USD
Q4-TX-000496,193,11/11/2025,$-351.80,Credit Card , Refund,usd
Q4-TX-000497,600,07/11/2025,USD -144.39,Bank Transfer, Refund,usd
Q4-TX-000498,953,15-10-2025,369.40 USD,PAYPAL,Upgrade,USD
Q4-TX-000499,691,"Oct 29, 2025",, Bank Transfer , Add-on,US Dollar
Q4-TX-000500,884,31-12-2025,USD 272.52,Debit Card ,add-on,usd
Q4-TX-000501,779,22/12/2025,-333.09, Credit Card,Refund,usd
Q4-TX-000502,461,25 Nov 2025,189.49,bank transfer, Subscription,USD
Q4-TX-000503,1255,2025-11-21,USD 384.77,paypal, Upgrade,US Dollar
Q4-TX-000504,765,"Oct 20, 2025",$270, Debit Card, Upgrade ,usd
Q4-TX-000505,436,11/28/2025,347.00 USD,debit card,Add-on ,usd
Q4-TX-000506,1159,2025-11-07,$367.97, Debit Card,Upgrade ,usd
Q4-TX-000507,1358,2025-12-14,$560, PayPal,Subscription,usd
Q4-TX-000508,479,10/06/2025,$69, Credit Card,Add-on,USD
Q4-TX-000509,1261,10/17/2025,179.70,paypal,Subscription,US Dollar
Q4-TX-000510,1307,09-10-2025,-309.80 USD, Debit Card ,Refund,US Dollar
Q4-TX-000511,1415,"Nov 23, 2025",$81,Credit Card ,subscription,usd
Q4-TX-000512,1255,10/16/2025,178.05, Credit Card , Upgrade ,US Dollar
Q4-TX-000513,1487,23/11/2025,$226.37,DEBIT CARD,Upgrade,US Dollar
Q4-TX-000514,755,2025-11-12,93.63 USD,Bank Transfer , Subscription,US Dollar
Q4-TX-000515,1068,12/03/2025,387.64,CREDIT CARD,Add-on ,usd
Q4-TX-000516,414,12/18/2025,$-389.29,PayPal ,Refund ,US Dollar
Q4-TX-000517,414,2025-12-28,USD 52.19, PayPal , Upgrade ,US Dollar
Q4-TX-000518,1444,06/12/2025,USD 241.88,debit card,upgrade,usd
Q4-TX-000519,1331,12 Oct 2025,USD 144.60,DEBIT CARD,Upgrade ,USD
Q4-TX-000520,790,10/29/2025,323.57,PayPal,subscription,USD
Q4-TX-000521,263,12-11-2025,301.00,Bank Transfer , Subscription ,USD
Q4-TX-000522,900017,24 Oct 2025,176.23,bank transfer,Subscription ,USD
Q4-TX-000523,179,29-10-2025,-911.70, Bank Transfer , Refund,US Dollar
Q4-TX-000524,85,10/12/2025,403.02,Debit Card,Add-on ,usd
Q4-TX-000525,646,11/27/2025,USD 87.60,Credit Card,Upgrade,USD
Q4-TX-000526,284,02 Oct 2025,180.21, PayPal , Add-on ,usd
Q4-TX-000527,723,19 Nov 2025,-681.30,Debit Card ,Refund ,USD
Q4-TX-000528,1345,12-11-2025,176.74 USD,Bank Transfer ,subscription,US Dollar
Q4-TX-000529,1445,10-10-2025,USD 164.61, Bank Transfer, Subscription ,usd
Q4-TX-000530,380,04-10-2025,345.10,bank transfer,subscription,USD
Q4-TX-000531,241,10/06/2025,234.88,debit card, Subscription,US Dollar
Q4-TX-000532,670,29 Nov 2025,530.58,Debit Card, Subscription,US Dollar
Q4-TX-000533,934,2025-10-02,68.32,Debit Card ,SUBSCRIPTION,US Dollar
Q4-TX-000534,939,2025-11-19,430.25,Credit Card, Add-on,USD
Q4-TX-000535,965,10/02/2025,$659,Credit Card , Add-on ,usd
Q4-TX-000536,814,02/10/2025,$-359,credit card,REFUND,USD
Q4-TX-000537,1465,01/10/2025,$-756, Credit Card , Refund,US Dollar
Q4-TX-000538,714,16/11/2025,$402, PayPal,add-on,US Dollar
Q4-TX-000539,788,21-12-2025,,PayPal ,Add-on,USD
Q4-TX-000540,459,10/11/2025,$191,debit card, Upgrade ,usd
Q4-TX-000541,1351,08-10-2025,$290,Debit Card, Upgrade ,USD
Q4-TX-000542,138,11/12/2025,72.05 USD, Credit Card,SUBSCRIPTION,usd
Q4-TX-000543,826,08-12-2025,148.26,bank transfer,SUBSCRIPTION,usd
Q4-TX-000544,1270,29/10/2025,$169.80,Bank Transfer ,SUBSCRIPTION,USD
Q4-TX-000545,1317,"Dec 27, 2025",252.84,CREDIT CARD,Subscription,usd
Q4-TX-000546,641,"Nov 29, 2025",276.02, Debit Card ,UPGRADE,usd
Q4-TX-000547,1438,"Nov 15, 2025",197.14,PAYPAL,Add-on ,US Dollar
Q4-TX-000548,631,16 Oct 2025,69.31,Credit Card ,add-on,US Dollar
Q4-TX-000549,719,"Dec 21, 2025",-306.43, PayPal ,Refund,US Dollar
Q4-TX-000550,39,02/12/2025,640.16,BANK TRANSFER,Add-on,US Dollar
Q4-TX-000551,1339,"Oct 02, 2025",$615, PayPal,upgrade,usd
Q4-TX-000552,989,28/11/2025,843.11 USD,bank transfer,add-on,usd
Q4-TX-000553,1181,03 Nov 2025,USD 216.12,Debit Card , Upgrade ,US Dollar
Q4-TX-000554,664,10/16/2025,$-409.08, Bank Transfer, Refund ,USD
Q4-TX-000555,436,2025-10-14,$260.25, PayPal ,Upgrade,US Dollar
Q4-TX-000556,1387,2025-12-13,$110.11,DEBIT CARD,Subscription ,USD
Q4-TX-000557,100,27-10-2025,$336,BANK TRANSFER, Upgrade ,USD
Q4-TX-000558,239,2025-12-31,,bank transfer,SUBSCRIPTION,US Dollar
Q4-TX-000559,1032,12/26/2025,237.79,paypal,subscription,USD
Q4-TX-000560,1198,01 Oct 2025,435.74,PAYPAL,Subscription,USD
Q4-TX-000561,847,04-12-2025,USD 49.72,PAYPAL, Upgrade ,US Dollar
Q4-TX-000562,386,28-11-2025,58.77, Bank Transfer ,Upgrade ,usd
Q4-TX-000563,1080,18-10-2025,$123,DEBIT CARD, Subscription ,USD
Q4-TX-000564,550,11/29/2025,$147.98,PayPal ,upgrade,US Dollar
Q4-TX-000565,299,11/11/2025,$403.40, Credit Card , Upgrade,usd
Q4-TX-000566,454,"Oct 13, 2025",USD 626.29, Credit Card ,upgrade,usd
Q4-TX-000567,804,"Dec 13, 2025",$495, Bank Transfer ,Add-on ,usd
Q4-TX-000568,1246,17 Nov 2025,USD -141.31,CREDIT CARD, Refund ,usd
Q4-TX-000569,1052,2025-11-28,USD 69.38,PAYPAL,upgrade,usd
Q4-TX-000570,1480,"Oct 01, 2025",, Credit Card ,Subscription ,USD
Q4-TX-000571,626,03/11/2025,319.66,Bank Transfer,add-on,usd
Q4-TX-000572,1490,2025-12-10,USD 43.59, Debit Card, Add-on,USD
Q4-TX-000573,251,12 Dec 2025,$303.65,Debit Card,ADD-ON,US Dollar
Q4-TX-000574,1357,2025-10-03,$-566,CREDIT CARD,Refund,US Dollar
Q4-TX-000575,952,"Dec 09, 2025",712.62,Credit Card ,Add-on ,US Dollar
Q4-TX-000576,564,11/20/2025,198.94 USD,Credit Card, Subscription,usd
Q4-TX-000577,259,27 Nov 2025,USD -344.30,Debit Card , Refund,US Dollar
Q4-TX-000578,296,"Oct 29, 2025",USD 154.56,PayPal ,Upgrade ,USD
Q4-TX-000579,136,25/10/2025,118.44 USD,Debit Card,SUBSCRIPTION,USD
Q4-TX-000580,1342,10/20/2025,-371.12, PayPal , Refund ,usd
Q4-TX-000581,1396,18 Dec 2025,$-130.94,Debit Card,Refund,usd
Q4-TX-000582,553,2025-11-01,USD -207.84,Credit Card,Refund ,US Dollar
Q4-TX-000583,1232,"Oct 02, 2025",USD 51.58,debit card,UPGRADE,usd
Q4-TX-000584,1394,01 Dec 2025,USD 554.66,Credit Card,Subscription,usd
Q4-TX-000585,281,22/11/2025,$204,CREDIT CARD,Upgrade,US Dollar
Q4-TX-000586,481,13 Oct 2025,USD 700.15,credit card,Subscription ,usd
Q4-TX-000587,483,31 Oct 2025,, Bank Transfer,subscription,USD
Q4-TX-000588,845,19-10-2025,237.30,PayPal, Subscription,usd
Q4-TX-000589,1059,07/11/2025,$155.26, PayPal,Add-on ,US Dollar
Q4-TX-000590,616,2025-12-11,128.93,credit card, Add-on,USD
Q4-TX-000591,586,12/25/2025,USD 354.25, PayPal , Add-on,US Dollar
Q4-TX-000592,1316,05/10/2025,204.89, PayPal ,subscription,US Dollar
Q4-TX-000593,762,29/11/2025,373.38,PAYPAL, Add-on ,usd
Q4-TX-000594,1307,10/03/2025,$238, Credit Card ,UPGRADE,US Dollar
Q4-TX-000595,263,15 Oct 2025,328.96 USD,credit card,Upgrade,USD
Q4-TX-000596,499,22 Nov 2025,$394,debit card,Subscription,USD
Q4-TX-000597,204,"Oct 03, 2025",USD 188.16,Credit Card,Upgrade,USD
Q4-TX-000598,135,"Oct 15, 2025",$276.37, Bank Transfer ,add-on,USD
Q4-TX-000599,67,11/29/2025,$164, Debit Card,Upgrade,usd
Q4-TX-000600,286,2025-12-14,USD 204.03, Bank Transfer ,upgrade,US Dollar
Q4-TX-000601,149,10/27/2025,29.50 USD,Credit Card , Subscription,usd
Q4-TX-000602,478,30-11-2025,73.61 USD,BANK TRANSFER, Add-on,USD
Q4-TX-000603,340,31/12/2025,117.43 USD,bank transfer,subscription,usd
Q4-TX-000604,1098,04-12-2025,224.27,PayPal,UPGRADE,US Dollar
Q4-TX-000605,1404,25-10-2025,-55.32,DEBIT CARD,Refund ,US Dollar
Q4-TX-000606,1145,12/02/2025,, Bank Transfer,add-on,usd
Q4-TX-000607,918,31 Dec 2025,$165, Debit Card,Add-on,US Dollar
Q4-TX-000608,604,07 Oct 2025,$360,Debit Card ,Subscription ,USD
Q4-TX-000609,504,10/27/2025,USD 201.75,Debit Card ,subscription,usd
Q4-TX-000610,154,06/10/2025,$514.40,CREDIT CARD,subscription,US Dollar
Q4-TX-000611,1314,22-12-2025,-49.50 USD, Credit Card,refund,USD
Q4-TX-000612,1434,30 Dec 2025,178.37 USD,Credit Card, Upgrade ,usd
Q4-TX-000613,161,"Oct 01, 2025",$103, Credit Card, Upgrade ,US Dollar
Q4-TX-000614,1358,09/12/2025,293.07,PayPal , Subscription,US Dollar
Q4-TX-000615,1148,11/18/2025,118.39, PayPal ,subscription,USD
Q4-TX-000616,1202,29/10/2025,USD 78.30,paypal,Upgrade ,US Dollar
Q4-TX-000617,806,12/26/2025,423.96 USD,debit card, Upgrade ,usd
Q4-TX-000618,457,21 Oct 2025,USD -176.69,PayPal , Refund,USD
Q4-TX-000619,436,13-11-2025,218.40, Debit Card,Upgrade,usd
Q4-TX-000620,1437,2025-11-07,142.85 USD, Debit Card,Upgrade,USD
Q4-TX-000621,1413,10 Dec 2025,176.48, Credit Card, Subscription ,US Dollar
Q4-TX-000622,302,09 Nov 2025,$146.02,DEBIT CARD,subscription,USD
Q4-TX-000623,1037,17 Nov 2025,-289.91,Credit Card ,Refund,USD
Q4-TX-000624,316,03 Oct 2025,$-127.82,Debit Card,REFUND,usd
Q4-TX-000625,1066,"Nov 23, 2025",-142.25, PayPal ,REFUND,US Dollar
Q4-TX-000626,150,"Oct 17, 2025",222.62, PayPal , Add-on ,usd
Q4-TX-000627,1196,"Nov 01, 2025",$-305,paypal,Refund ,usd
Q4-TX-000628,1111,30/12/2025,USD 235.88,credit card, Upgrade,US Dollar
Q4-TX-000629,430,05 Dec 2025,418.12,Credit Card ,Add-on,USD
Q4-TX-000630,651,"Nov 09, 2025",-100.77,PAYPAL, Refund ,usd
Q4-TX-000631,72,11/12/2025,136.32,Bank Transfer,Upgrade ,USD
Q4-TX-000632,952,12/22/2025,USD 104.03, Bank Transfer , Add-on ,US Dollar
Q4-TX-000633,359,2025-11-10,$299.71,credit card,Upgrade,USD
Q4-TX-000634,612,18/11/2025,$60,PayPal ,add-on,US Dollar
Q4-TX-000635,596,15-10-2025,266.86, PayPal,subscription,US Dollar
Q4-TX-000636,1471,2025-12-29,$152,PayPal ,UPGRADE,USD
Q4-TX-000637,177,27 Dec 2025,309.09, Bank Transfer,SUBSCRIPTION,US Dollar
Q4-TX-000638,664,12/30/2025,$740.62,Credit Card,subscription,usd
Q4-TX-000639,123,11 Dec 2025,169.99 USD, Credit Card,Upgrade,usd
Q4-TX-000640,1489,13-11-2025,$246, Credit Card , Subscription,USD
Q4-TX-000641,387,11/06/2025,37.59,bank transfer,Subscription,usd
Q4-TX-000642,603,12/27/2025,184.83, Debit Card,Subscription,US Dollar
Q4-TX-000643,400,07/12/2025,USD 259.88,BANK TRANSFER,Subscription ,usd
Q4-TX-000644,1236,"Nov 02, 2025",$319.71,PAYPAL, Subscription,usd
Q4-TX-000645,420,23/12/2025,233.70 USD, Debit Card,subscription,USD
Q4-TX-000646,1123,08 Dec 2025,-129.70,Credit Card ,REFUND,US Dollar
Q4-TX-000647,1024,16 Nov 2025,$49.87,Bank Transfer,add-on,usd
Q4-TX-000648,707,03 Oct 2025,,Credit Card, Upgrade ,US Dollar
Q4-TX-000649,1057,19/11/2025,220.12, Debit Card ,ADD-ON,USD
Q4-TX-000650,1237,2025-11-21,$-161.72, Bank Transfer,Refund,usd
Q4-TX-000651,150,11-10-2025,-437.17 USD,Debit Card, Refund ,US Dollar
Q4-TX-000652,686,24 Oct 2025,USD 101.42, Bank Transfer , Upgrade ,usd
Q4-TX-000653,1079,2025-10-08,USD 161.06,PayPal,ADD-ON,USD
Q4-TX-000654,215,"Oct 26, 2025",102.72,Credit Card,ADD-ON,USD
Q4-TX-000655,1257,06-11-2025,USD 136.66, Credit Card ,Upgrade,US Dollar
Q4-TX-000656,262,19/12/2025,236.40, Credit Card ,Upgrade ,usd
Q4-TX-000657,480,26 Dec 2025,54.22,PayPal, Upgrade,usd
Q4-TX-000658,377,2025-10-04,$478,credit card,Subscription,US Dollar
Q4-TX-000659,1281,11/11/2025,282.05 USD,CREDIT CARD, Upgrade,USD
Q4-TX-000660,340,06 Nov 2025,112.25 USD,Credit Card, Subscription,USD
Q4-TX-000661,840,29 Oct 2025,292.39 USD,DEBIT CARD,SUBSCRIPTION,usd
Q4-TX-000662,1264,"Oct 20, 2025",162.18 USD, Credit Card,Add-on,US Dollar
Q4-TX-000663,750,2025-12-07,,Bank Transfer,Add-on ,usd
Q4-TX-000664,586,12/12/2025,568.66,Debit Card ,subscription,USD
Q4-TX-000665,430,08-12-2025,$499.28, Debit Card , Add-on ,USD
Q4-TX-000666,862,19 Oct 2025,-50.29 USD,PAYPAL,Refund ,USD
Q4-TX-000667,231,10/02/2025,154.75 USD,Credit Card ,Subscription,usd
Q4-TX-000668,608,24 Oct 2025,262.12,Bank Transfer , Add-on ,US Dollar
Q4-TX-000669,1487,13 Dec 2025,$-125.34,Bank Transfer,REFUND,usd
Q4-TX-000670,208,12/06/2025,USD 116.50, PayPal ,Add-on,US Dollar
Q4-TX-000671,501,02-10-2025,184.24,PayPal ,UPGRADE,usd
Q4-TX-000672,1203,12/22/2025,$70.00,Debit Card ,ADD-ON,US Dollar
Q4-TX-000673,1194,"Dec 05, 2025",-276.83,paypal,REFUND,US Dollar
Q4-TX-000674,1194,19/10/2025,$133, Debit Card ,Upgrade ,USD
Q4-TX-000675,477,2025-10-07,$162.55,PayPal ,Upgrade ,USD
Q4-TX-000676,515,2025-11-15,687.34, Debit Card ,Subscription ,usd
Q4-TX-000677,224,2025-10-14,$346,Debit Card , Add-on ,US Dollar
Q4-TX-000678,419,"Nov 30, 2025",USD 366.10,CREDIT CARD,UPGRADE,USD
Q4-TX-000679,1380,"Oct 24, 2025",-608.17,PayPal,Refund ,usd
Q4-TX-000680,935,28 Oct 2025,-226.46 USD,Debit Card,refund,USD
Q4-TX-000681,1102,04/12/2025,127.61, Debit Card,Add-on,US Dollar
Q4-TX-000682,1480,"Oct 06, 2025",$71,PayPal,add-on,USD
Q4-TX-000683,1463,11/23/2025,$304.40,PayPal , Add-on ,usd
Q4-TX-000684,1136,"Nov 03, 2025",USD 153.26,debit card,Add-on ,usd
Q4-TX-000685,241,2025-12-26,-509.01,Credit Card, Refund ,usd
Q4-TX-000686,267,14-11-2025,$102.10,CREDIT CARD,Subscription ,usd
Q4-TX-000687,132,07-11-2025,USD 225.66,CREDIT CARD,ADD-ON,USD
Q4-TX-000688,154,10/07/2025,99.21 USD,Credit Card, Subscription,usd
Q4-TX-000689,397,2025-10-12,$416.03,credit card,Upgrade ,usd
Q4-TX-000690,1201,21/12/2025,,debit card,Upgrade ,USD
Q4-TX-000691,131,05 Dec 2025,162.38,PAYPAL,Subscription ,USD
Q4-TX-000692,944,01/11/2025,$492, PayPal, Upgrade,US Dollar
Q4-TX-000693,1468,13/11/2025,208.34 USD,bank transfer,Add-on ,usd
Q4-TX-000694,1478,11/10/2025,$304, Credit Card,Upgrade ,USD
Q4-TX-000695,701,30/10/2025,-200.57, Debit Card, Refund,usd
Q4-TX-000696,302,2025-11-13,USD 474.42,paypal, Upgrade,USD
Q4-TX-000697,571,2025-11-18,, PayPal,Subscription,USD
Q4-TX-000698,649,"Dec 09, 2025",USD 127.09, PayPal, Subscription,usd
Q4-TX-000699,543,"Dec 07, 2025",$588,Bank Transfer ,Upgrade ,US Dollar
Q4-TX-000700,1312,08/10/2025,41.72 USD,bank transfer,Add-on,usd
Q4-TX-000701,1390,"Oct 24, 2025",-48.22,DEBIT CARD,REFUND,US Dollar
Q4-TX-000702,1443,23 Oct 2025,278.13,Debit Card,Subscription ,US Dollar
Q4-TX-000703,667,"Dec 07, 2025",$89.74, Credit Card ,add-on,usd
Q4-TX-000704,244,08 Dec 2025,210.77 USD,Bank Transfer ,upgrade,US Dollar
Q4-TX-000705,669,"Nov 08, 2025",94.73 USD,BANK TRANSFER, Add-on,usd
Q4-TX-000706,293,10/12/2025,-222.23,debit card, Refund,USD
Q4-TX-000707,844,10/10/2025,-46.69 USD,Credit Card,refund,US Dollar
Q4-TX-000708,578,2025-10-02,174.95,DEBIT CARD,Add-on,usd
Q4-TX-000709,1004,08/10/2025,279.00 USD,Bank Transfer,add-on,US Dollar
Q4-TX-000710,734,11-12-2025,-320.51, PayPal ,Refund,usd
Q4-TX-000711,1280,16 Oct 2025,614.09 USD,debit card,upgrade,usd
Q4-TX-000712,771,"Dec 08, 2025",USD 154.92,PayPal,Subscription,US Dollar
Q4-TX-000713,1267,31-12-2025,539.23,PAYPAL,SUBSCRIPTION,USD
Q4-TX-000714,768,"Oct 29, 2025",USD -279.51,PayPal ,refund,USD
Q4-TX-000715,63,17-12-2025,$112.16,PayPal ,add-on,US Dollar
Q4-TX-000716,1372,2025-12-21,$-370.90, Debit Card ,refund,usd
Q4-TX-000717,677,"Dec 15, 2025",,Debit Card,Refund ,USD
Q4-TX-000718,1113,"Nov 21, 2025",-41.70,CREDIT CARD,Refund ,usd
Q4-TX-000719,856,"Nov 06, 2025",82.00,credit card,Subscription ,US Dollar
Q4-TX-000720,731,19/12/2025,$118,Debit Card ,Subscription,usd
Q4-TX-000721,239,01/12/2025,$40.51,BANK TRANSFER, Upgrade,USD
Q4-TX-000722,525,"Oct 30, 2025",$116.28,PAYPAL, Subscription,USD
Q4-TX-000723,1349,09-12-2025,201.12, Bank Transfer,UPGRADE,US Dollar
Q4-TX-000724,1222,2025-11-19,-742.45,BANK TRANSFER,Refund ,US Dollar
Q4-TX-000725,62,07-12-2025,104.34,Credit Card,Add-on,US Dollar
Q4-TX-000726,653,10/26/2025,-251.77, PayPal,REFUND,usd
Q4-TX-000727,63,29-10-2025,$190.46,Bank Transfer, Subscription ,USD
Q4-TX-000728,293,2025-10-24,$86,DEBIT CARD, Add-on ,US Dollar
Q4-TX-000729,1319,15/10/2025,552.33, PayPal, Subscription,USD
Q4-TX-000730,317,09/10/2025,$85,PayPal,Upgrade,USD
Q4-TX-000731,308,2025-12-05,$-128.71,Credit Card ,refund,USD
Q4-TX-000732,756,12/28/2025,$86.89,PayPal, Subscription,USD
Q4-TX-000733,344,"Nov 14, 2025",$169, Bank Transfer,Upgrade ,US Dollar
Q4-TX-000734,518,04/12/2025,$272.54,bank transfer,Upgrade,US Dollar
Q4-TX-000735,917,"Nov 11, 2025",264.21, PayPal , Add-on,usd
Q4-TX-000736,711,15/12/2025,,CREDIT CARD,REFUND,US Dollar
Q4-TX-000737,184,2025-12-19,USD 180.75,DEBIT CARD,add-on,USD
Q4-TX-000738,167,11/05/2025,-473.99,Debit Card, Refund ,usd
Q4-TX-000739,625,13-12-2025,254.60,credit card, Subscription ,usd
Q4-TX-000740,1049,06-10-2025,USD 699.90,PAYPAL,upgrade,US Dollar
Q4-TX-000741,699,09/12/2025,-443.50,Bank Transfer,Refund ,US Dollar
Q4-TX-000742,229,05 Dec 2025,USD -381.42,Debit Card, Refund,USD
Q4-TX-000743,316,"Dec 20, 2025",USD -212.95,PAYPAL,refund,US Dollar
Q4-TX-000744,900,2025-10-05,-221.06 USD,DEBIT CARD,REFUND,usd
Q4-TX-000745,635,11/02/2025,$-484, Credit Card,REFUND,USD
Q4-TX-000746,280,05 Nov 2025,USD 208.72, Credit Card , Upgrade ,USD
Q4-TX-000747,1120,12/14/2025,$-237.84, PayPal,refund,usd
Q4-TX-000748,401,"Dec 26, 2025",$-198.35,Bank Transfer ,Refund,usd
Q4-TX-000749,764,10/12/2025,$221.77, Debit Card , Upgrade ,usd
Q4-TX-000750,1119,19-12-2025,USD 54.91,Bank Transfer ,add-on,usd
Q4-TX-000751,1307,11/10/2025,-178.03,CREDIT CARD,Refund ,US Dollar
Q4-TX-000752,360,2025-10-21,$572,Bank Transfer, Subscription ,usd
Q4-TX-000753,1499,"Oct 17, 2025",, PayPal,REFUND,US Dollar
Q4-TX-000754,1047,10/07/2025,182.59,Credit Card,ADD-ON,usd
Q4-TX-000755,406,11/01/2025,300.77, PayPal, Subscription,usd
Q4-TX-000756,47,05-11-2025,$238.86,Bank Transfer, Add-on ,usd
Q4-TX-000757,315,11/04/2025,USD 13.53,debit card, Upgrade,US Dollar
Q4-TX-000758,728,23-11-2025,$197,Bank Transfer ,Add-on,usd
Q4-TX-000759,320,12/21/2025,$108,PayPal ,Add-on ,US Dollar
Q4-TX-000760,98,2025-11-17,130.91 USD, Credit Card,Upgrade ,USD
Q4-TX-000761,1219,03 Oct 2025,USD 225.71,Credit Card,ADD-ON,USD
Q4-TX-000762,947,"Dec 09, 2025",USD 361.17,BANK TRANSFER,Upgrade ,usd
Q4-TX-000763,1301,18-12-2025,169.13,bank transfer, Upgrade ,usd
Q4-TX-000764,787,24 Oct 2025,$163.19,bank transfer,ADD-ON,usd
Q4-TX-000765,784,2025-10-14,$329.02,Bank Transfer, Subscription ,usd
Q4-TX-000766,81,"Oct 17, 2025",325.14,Debit Card,add-on,USD
Q4-TX-000767,1116,12/10/2025,87.45,Bank Transfer ,UPGRADE,US Dollar
Q4-TX-000768,66,2025-10-26,928.66 USD,credit card,SUBSCRIPTION,usd
Q4-TX-000769,290,10/11/2025,$1025, Debit Card ,Subscription ,USD
Q4-TX-000770,932,2025-11-03,374.23,credit card, Add-on ,US Dollar
Q4-TX-000771,116,10-11-2025,USD -246.67,PayPal ,Refund,usd
Q4-TX-000772,1197,"Oct 08, 2025",USD -117.35,Bank Transfer , Refund ,USD
Q4-TX-000773,16,10/25/2025,$250.38,CREDIT CARD,Add-on,usd
Q4-TX-000774,1272,2025-11-03,167.54 USD,Credit Card , Add-on ,usd
Q4-TX-000775,1417,"Nov 22, 2025",336.82 USD,PAYPAL,Upgrade ,USD
Q4-TX-000776,1181,2025-12-02,378.33 USD, Bank Transfer,add-on,usd
Q4-TX-000777,1186,16-12-2025,179.61 USD,Debit Card, Add-on ,usd
Q4-TX-000778,10,10/07/2025,350.35,debit card,subscription,USD
Q4-TX-000779,604,26/11/2025,USD -43.56, Bank Transfer , Refund,usd
Q4-TX-000780,603,20 Nov 2025,337.75 USD, Credit Card,upgrade,US Dollar
Q4-TX-000781,1064,25 Nov 2025,USD 364.83,Credit Card , Upgrade,usd
Q4-TX-000782,1188,11-12-2025,-312.77 USD,Credit Card , Refund ,USD
Q4-TX-000783,18,08-11-2025,-685.25,credit card,REFUND,usd
Q4-TX-000784,677,11/02/2025,USD -144.62,bank transfer,Refund,usd
Q4-TX-000785,1173,2025-10-02,196.80 USD,Credit Card ,add-on,usd
Q4-TX-000786,207,12/12/2025,USD 107.02, PayPal , Add-on ,US Dollar
Q4-TX-000787,765,2025-11-29,USD 61.09,Bank Transfer, Add-on,usd
Q4-TX-000788,1330,30 Nov 2025,$115.09,paypal,Upgrade ,USD
Q4-TX-000789,137,28/12/2025,USD 122.90,Bank Transfer ,Subscription,USD
Q4-TX-000790,1330,2025-11-28,$204, Debit Card ,Subscription,USD
Q4-TX-000791,254,"Dec 06, 2025",268.16 USD,Debit Card ,Upgrade,USD
Q4-TX-000792,1225,"Oct 24, 2025",$42, PayPal ,add-on,usd
Q4-TX-000793,313,24-11-2025,511.29 USD, Debit Card ,Upgrade ,US Dollar
Q4-TX-000794,1172,"Oct 16, 2025",$200, Bank Transfer, Add-on,USD
Q4-TX-000795,1368,10/05/2025,$90, PayPal ,upgrade,usd
Q4-TX-000796,161,"Nov 05, 2025",-302.22,Credit Card,Refund ,US Dollar
Q4-TX-000797,503,2025-12-13,-375.48 USD,CREDIT CARD,Refund ,US Dollar
Q4-TX-000798,884,10/27/2025,200.64,Debit Card ,add-on,USD
Q4-TX-000799,1285,03 Oct 2025,USD 54.93, Debit Card , Add-on,usd
Q4-TX-000800,245,12/02/2025,$67.49, Bank Transfer ,Add-on ,usd
Q4-TX-000801,304,15/11/2025,USD 594.90, PayPal,Add-on,usd
Q4-TX-000802,1474,11/17/2025,$162.57,Debit Card ,subscription,usd
Q4-TX-000803,900005,08/12/2025,USD 443.64, Debit Card ,upgrade,USD
Q4-TX-000804,665,"Oct 29, 2025",199.81, Debit Card,Add-on ,US Dollar
Q4-TX-000805,1185,12/31/2025,16.68 USD,paypal,upgrade,US Dollar
Q4-TX-000806,169,27 Nov 2025,$-333.00,debit card, Refund ,USD
Q4-TX-000807,1226,12/11/2025,-421.38, Credit Card, Refund,US Dollar
Q4-TX-000808,40,25-10-2025,385.55,PayPal , Upgrade,US Dollar
Q4-TX-000809,665,"Nov 30, 2025",-250.69,bank transfer,REFUND,USD
Q4-TX-000810,1159,10/08/2025,226.98, Credit Card ,SUBSCRIPTION,USD
Q4-TX-000811,1321,"Dec 12, 2025",$499.84,Bank Transfer ,Subscription,US Dollar
Q4-TX-000812,1047,2025-11-22,-278.13,PAYPAL, Refund,USD
Q4-TX-000813,1202,"Dec 15, 2025",USD 299.63,CREDIT CARD,upgrade,usd
Q4-TX-000814,547,11/22/2025,169.30,Credit Card,SUBSCRIPTION,usd
Q4-TX-000815,290,"Nov 17, 2025",$-70.03,PAYPAL,Refund,US Dollar
Q4-TX-000816,99,2025-10-23,-91.26 USD,PAYPAL, Refund,USD
Q4-TX-000817,1135,2025-11-30,-291.81,PAYPAL, Refund,usd
Q4-TX-000818,900013,12/13/2025,$320.02,DEBIT CARD,Add-on,USD
Q4-TX-000819,414,21-10-2025,620.98,PayPal ,SUBSCRIPTION,US Dollar
Q4-TX-000820,61,12 Nov 2025,158.24,CREDIT CARD, Subscription,US Dollar
Q4-TX-000821,950,2025-12-14,-438.99 USD, Credit Card,Refund,USD
Q4-TX-000822,859,2025-10-08,USD 87.73, Credit Card ,Add-on ,USD
Q4-TX-000823,1389,27/11/2025,215.10,CREDIT CARD,Subscription,USD
Q4-TX-000824,771,12/26/2025,-165.70,debit card, Refund ,usd
Q4-TX-000825,256,22 Oct 2025,USD -281.67,Debit Card ,Refund ,US Dollar
Q4-TX-000826,1171,17 Oct 2025,59.18 USD, Credit Card,Upgrade ,US Dollar
Q4-TX-000827,259,2025-12-23,$160.89,Bank Transfer ,UPGRADE,usd
Q4-TX-000828,626,2025-12-24,184.11 USD,Bank Transfer, Upgrade,usd
Q4-TX-000829,210,25 Dec 2025,USD 175.67, Bank Transfer, Add-on ,usd
Q4-TX-000830,994,25-11-2025,$216.35,credit card,Subscription ,US Dollar
Q4-TX-000831,926,01/10/2025,$-798, PayPal, Refund,USD
Q4-TX-000832,96,03-10-2025,37.66, Debit Card,Add-on ,USD
Q4-TX-000833,362,"Nov 30, 2025",USD 436.30,PAYPAL,upgrade,US Dollar
Q4-TX-000834,1206,21 Oct 2025,$101.88,Credit Card, Add-on,US Dollar
Q4-TX-000835,1051,"Nov 29, 2025",318.92 USD, Bank Transfer , Add-on ,USD
Q4-TX-000836,381,03-10-2025,25.26,PayPal,UPGRADE,usd
Q4-TX-000837,378,04 Oct 2025,$142, PayPal,Add-on,usd
Q4-TX-000838,750,"Nov 24, 2025",$-302.85, PayPal ,refund,US Dollar
Q4-TX-000839,1034,28/12/2025,-286.91 USD, PayPal ,REFUND,US Dollar
Q4-TX-000840,103,"Dec 01, 2025",-179.80, Bank Transfer,refund,US Dollar
Q4-TX-000841,418,25-12-2025,251.11,Debit Card ,Upgrade ,US Dollar
Q4-TX-000842,4,2025-10-15,USD -233.70, Credit Card , Refund ,USD
Q4-TX-000843,575,2025-11-20,$528,PayPal ,add-on,USD
Q4-TX-000844,782,10/06/2025,$-175.16,bank transfer, Refund,US Dollar
Q4-TX-000845,1153,"Dec 19, 2025",-90.77,PayPal, Refund ,USD
Q4-TX-000846,992,"Oct 30, 2025",$345, Debit Card , Add-on ,usd
Q4-TX-000847,1193,03-12-2025,$397,CREDIT CARD,add-on,usd
Q4-TX-000848,526,2025-12-09,$99.70, Bank Transfer,Subscription ,US Dollar
Q4-TX-000849,1224,"Nov 09, 2025",430.60,Bank Transfer, Add-on,usd
Q4-TX-000850,1420,11/23/2025,-287.63,Bank Transfer,REFUND,US Dollar
Q4-TX-000851,644,2025-10-03,$283.37,paypal,Add-on ,USD
Q4-TX-000852,1266,2025-12-16,-372.08,BANK TRANSFER, Refund,US Dollar
Q4-TX-000853,798,12-12-2025,167.25,CREDIT CARD,Subscription,usd
Q4-TX-000854,1342,31 Oct 2025,125.10 USD, PayPal ,ADD-ON,US Dollar
Q4-TX-000855,458,2025-12-29,$116, PayPal,ADD-ON,USD
Q4-TX-000856,1258,15/10/2025,$279,PAYPAL,ADD-ON,USD
Q4-TX-000857,896,09/12/2025,509.00, Credit Card,Upgrade,US Dollar
Q4-TX-000858,429,01/11/2025,-293.58, Credit Card ,refund,usd
Q4-TX-000859,1264,25-12-2025,$276.33, Debit Card ,subscription,US Dollar
Q4-TX-000860,1053,10/10/2025,, Credit Card,upgrade,US Dollar
Q4-TX-000861,1459,30-11-2025,$-240.95,debit card,Refund,usd
Q4-TX-000862,62,2025-11-10,$403,bank transfer, Subscription ,US Dollar
Q4-TX-000863,229,27-12-2025,427.90,Bank Transfer ,Subscription ,USD
Q4-TX-000864,950,05/12/2025,242.26,PAYPAL,upgrade,USD
Q4-TX-000865,916,30/12/2025,$154,credit card,Add-on,usd
Q4-TX-000866,666,06/12/2025,$142,PayPal,upgrade,USD
Q4-TX-000867,1082,2025-10-28,367.45,credit card,add-on,USD
Q4-TX-000868,1163,10/14/2025,462.24 USD,Credit Card ,Add-on,usd
Q4-TX-000869,1160,19-12-2025,$190,PAYPAL, Add-on,US Dollar
Q4-TX-000870,360,"Dec 16, 2025",111.92 USD,PAYPAL,Subscription ,US Dollar
Q4-TX-000871,900011,15/11/2025,$254.53,PAYPAL, Upgrade,usd
Q4-TX-000872,947,27/11/2025,$252.50,Debit Card,SUBSCRIPTION,usd
Q4-TX-000873,518,2025-12-16,319.20,Credit Card, Add-on ,US Dollar
Q4-TX-000874,546,15/12/2025,279.03, Debit Card , Add-on ,USD
Q4-TX-000875,414,20-10-2025,$243,Bank Transfer ,UPGRADE,US Dollar
Q4-TX-000876,966,2025-12-05,143.76 USD, PayPal ,Subscription,USD
Q4-TX-000877,562,2025-11-19,USD 478.09, Debit Card ,Subscription ,USD
Q4-TX-000878,1338,22 Nov 2025,$75.33,credit card, Add-on ,usd
Q4-TX-000879,815,18-11-2025,216.92 USD, Debit Card ,subscription,USD
Q4-TX-000880,784,"Nov 20, 2025",132.54,DEBIT CARD,Subscription ,usd
Q4-TX-000881,296,"Nov 04, 2025",461.25, Bank Transfer,Upgrade ,USD
Q4-TX-000882,877,08/10/2025,, Credit Card ,add-on,US Dollar
Q4-TX-000883,1194,22 Nov 2025,$-24,DEBIT CARD,refund,USD
Q4-TX-000884,373,11/23/2025,-225.24,PAYPAL,Refund,US Dollar
Q4-TX-000885,487,11/06/2025,USD -199.48,DEBIT CARD, Refund,usd
Q4-TX-000886,972,10/31/2025,$389.28, Credit Card , Add-on,usd
Q4-TX-000887,1189,24-10-2025,232.27,bank transfer,UPGRADE,USD
Q4-TX-000888,102,05 Oct 2025,-286.52,credit card,refund,US Dollar
Q4-TX-000889,192,20/10/2025,740.84 USD,PayPal ,Subscription ,USD
Q4-TX-000890,592,11-11-2025,536.02,paypal,Subscription,usd
Q4-TX-000891,427,2025-12-26,$211, Debit Card, Upgrade,US Dollar
Q4-TX-000892,1423,01 Dec 2025,348.78 USD,PAYPAL, Upgrade,usd
Q4-TX-000893,1204,"Dec 15, 2025",132.85 USD, Bank Transfer ,Upgrade ,usd
Q4-TX-000894,1028,15-10-2025,252.40 USD,Credit Card,subscription,USD
Q4-TX-000895,213,12/15/2025,234.28,Debit Card, Add-on ,USD
Q4-TX-000896,39,2025-12-06,$93.99, Credit Card ,add-on,USD
Q4-TX-000897,900014,21-10-2025,-206.94, Credit Card,Refund,USD
Q4-TX-000898,637,14/10/2025,207.62, Bank Transfer, Upgrade ,usd
Q4-TX-000899,1069,"Dec 12, 2025",$218,credit card,subscription,usd
Q4-TX-000900,1308,11/06/2025,182.53,debit card,Subscription,US Dollar
Q4-TX-000901,1324,13-11-2025,USD -168.74,credit card,Refund,USD
Q4-TX-000902,486,12/11/2025,467.18,PAYPAL,SUBSCRIPTION,US Dollar
Q4-TX-000903,351,12/25/2025,$-304.28,PayPal , Refund ,USD
Q4-TX-000904,900006,2025-10-07,USD 239.96, Debit Card, Add-on ,US Dollar
Q4-TX-000905,390,28/12/2025,USD 126.39, Credit Card , Upgrade ,US Dollar
Q4-TX-000906,270,"Dec 22, 2025",USD 419.18,Bank Transfer ,UPGRADE,USD
Q4-TX-000907,900004,25/10/2025,$-464,Bank Transfer ,REFUND,USD
Q4-TX-000908,229,17 Oct 2025,$43,PayPal ,Add-on,usd
Q4-TX-000909,1066,11/04/2025,37.03,Bank Transfer,Upgrade ,usd
Q4-TX-000910,203,"Nov 23, 2025",USD 166.07, Debit Card,subscription,USD
Q4-TX-000911,812,10/16/2025,188.57, Bank Transfer , Upgrade,USD
Q4-TX-000912,1252,"Oct 23, 2025",110.42 USD,Debit Card,Subscription ,USD
Q4-TX-000913,51,16 Dec 2025,$113,Credit Card, Add-on,USD
Q4-TX-000914,859,2025-10-14,20.72 USD,bank transfer,add-on,US Dollar
Q4-TX-000915,424,13/11/2025,497.94 USD,PAYPAL, Subscription ,US Dollar
Q4-TX-000916,700,04/10/2025,-196.23 USD,Credit Card, Refund ,US Dollar
Q4-TX-000917,1379,"Dec 05, 2025",$269.47,Credit Card,UPGRADE,US Dollar
Q4-TX-000918,885,24-11-2025,$-234,PayPal,Refund ,usd
Q4-TX-000919,667,19-12-2025,$125,debit card, Upgrade,USD
Q4-TX-000920,380,17/10/2025,USD -184.19,PayPal,Refund ,US Dollar
Q4-TX-000921,470,"Dec 20, 2025",$582.26,PayPal,ADD-ON,US Dollar
Q4-TX-000922,1033,30 Oct 2025,132.38 USD, Bank Transfer, Upgrade,USD
Q4-TX-000923,624,2025-12-15,-159.91 USD,DEBIT CARD,refund,US Dollar
Q4-TX-000924,963,2025-12-16,-305.17,Credit Card,refund,US Dollar
Q4-TX-000925,1199,10/10/2025,$41.04,Bank Transfer,SUBSCRIPTION,usd
Q4-TX-000926,492,21 Dec 2025,$203,credit card, Subscription ,US Dollar
Q4-TX-000927,179,10-11-2025,157.16,CREDIT CARD,Subscription ,USD
Q4-TX-000928,250,"Dec 15, 2025",USD -152.90,PAYPAL, Refund ,US Dollar
Q4-TX-000929,1136,12/13/2025,73.88,PAYPAL,subscription,usd
Q4-TX-000930,1495,01 Nov 2025,,CREDIT CARD, Refund,usd
Q4-TX-000931,220,2025-11-01,$-189,Credit Card , Refund ,USD
Q4-TX-000932,617,16-10-2025,96.18, PayPal ,SUBSCRIPTION,usd
Q4-TX-000933,348,07 Dec 2025,169.11,Credit Card , Add-on ,US Dollar
Q4-TX-000934,1343,28 Nov 2025,-179.70, PayPal ,REFUND,USD
Q4-TX-000935,565,18 Nov 2025,-85.97, Debit Card ,REFUND,US Dollar
Q4-TX-000936,1123,12/20/2025,$222,DEBIT CARD, Subscription ,USD
Q4-TX-000937,553,05-12-2025,-228.58,Credit Card, Refund ,usd
Q4-TX-000938,1358,10/21/2025,$-157, Debit Card ,Refund ,usd
Q4-TX-000939,173,2025-11-07,$242.43,BANK TRANSFER,Subscription ,US Dollar
Q4-TX-000940,1312,"Oct 17, 2025",416.65, Credit Card,upgrade,usd
Q4-TX-000941,277,09-12-2025,USD 126.89,Credit Card ,add-on,US Dollar
Q4-TX-000942,1307,12/01/2025,176.43,Debit Card,Subscription ,usd
Q4-TX-000943,69,"Nov 14, 2025",$296.79,CREDIT CARD,SUBSCRIPTION,usd
Q4-TX-000944,406,"Oct 18, 2025",USD 506.53, Credit Card , Add-on,US Dollar
Q4-TX-000945,668,"Nov 11, 2025",$-136.28, Bank Transfer, Refund,usd
Q4-TX-000946,1152,10/12/2025,$-202.54,Bank Transfer, Refund ,USD
Q4-TX-000947,1076,05-11-2025,45.44,Credit Card,UPGRADE,usd
Q4-TX-000948,223,20-11-2025,317.58 USD,bank transfer,Add-on ,USD
Q4-TX-000949,643,11/06/2025,333.77, Bank Transfer , Subscription,USD
Q4-TX-000950,1278,"Oct 24, 2025",$207.98, Credit Card ,subscription,USD
Q4-TX-000951,1328,10/31/2025,-68.94 USD, Debit Card ,REFUND,USD
Q4-TX-000952,19,21-10-2025,594.41,bank transfer,UPGRADE,USD
Q4-TX-000953,143,2025-10-09,$254,Debit Card ,subscription,usd
Q4-TX-000954,883,09 Dec 2025,USD -275.56,credit card,REFUND,usd
Q4-TX-000955,426,"Oct 27, 2025",-350.75, Debit Card,refund,US Dollar
Q4-TX-000956,835,17-11-2025,414.31, PayPal ,Subscription,US Dollar
Q4-TX-000957,505,11/30/2025,83.65,Bank Transfer,Subscription ,US Dollar
Q4-TX-000958,689,10/10/2025,USD -299.15,bank transfer,REFUND,US Dollar
Q4-TX-000959,614,18-11-2025,75.09 USD,paypal,Add-on ,USD
Q4-TX-000960,315,22 Oct 2025,-295.76 USD,PayPal ,REFUND,usd
Q4-TX-000961,310,10 Dec 2025,$291.47, PayPal,add-on,USD
Q4-TX-000962,964,12/26/2025,-232.87,PayPal ,Refund ,US Dollar
Q4-TX-000963,457,14/10/2025,$207,Bank Transfer ,subscription,USD
Q4-TX-000964,589,"Oct 19, 2025",71.63,PayPal,Add-on,US Dollar
Q4-TX-000965,864,2025-10-20,USD 492.17, Credit Card , Add-on ,US Dollar
Q4-TX-000966,957,07/10/2025,$897.89, Credit Card,Subscription ,US Dollar
Q4-TX-000967,1176,19-11-2025,-737.35 USD, PayPal, Refund,US Dollar
Q4-TX-000968,375,2025-11-10,$357,Credit Card ,add-on,usd
Q4-TX-000969,1317,"Oct 21, 2025",$216,Debit Card ,add-on,US Dollar
Q4-TX-000970,598,"Nov 20, 2025",367.84, Debit Card, Upgrade,usd
Q4-TX-000971,28,2025-10-10,344.12, PayPal, Upgrade,usd
Q4-TX-000972,765,10/12/2025,-157.96,BANK TRANSFER, Refund ,US Dollar
Q4-TX-000973,1142,2025-10-22,-92.63,PAYPAL,Refund ,usd
Q4-TX-000974,889,2025-12-06,134.16 USD, Bank Transfer , Upgrade,US Dollar
Q4-TX-000975,574,19-12-2025,USD -88.68, Debit Card ,refund,US Dollar
Q4-TX-000976,1343,04 Dec 2025,USD 149.58,Bank Transfer ,upgrade,US Dollar
Q4-TX-000977,843,06 Nov 2025,632.74,Credit Card, Add-on ,US Dollar
Q4-TX-000978,571,2025-11-16,-239.82,Bank Transfer,Refund ,usd
Q4-TX-000979,1144,2025-11-18,$-325.32, Credit Card , Refund ,USD
Q4-TX-000980,1085,2025-12-22,$606,PayPal,Upgrade,USD
Q4-TX-000981,507,07 Dec 2025,USD 184.14, Bank Transfer, Subscription ,US Dollar
Q4-TX-000982,312,"Oct 23, 2025",282.93,bank transfer,UPGRADE,US Dollar
Q4-TX-000983,86,10/28/2025,-379.79, Debit Card , Refund,US Dollar
Q4-TX-000984,1325,10 Nov 2025,USD 25.94,Debit Card ,Subscription ,USD
Q4-TX-000985,919,24 Oct 2025,245.35,Bank Transfer ,Upgrade ,USD
Q4-TX-000986,230,04-12-2025,$186.50, Credit Card,Upgrade,US Dollar
Q4-TX-000987,1310,2025-11-12,USD 197.45,Bank Transfer ,Add-on ,usd
Q4-TX-000988,386,06 Dec 2025,USD -118.23,BANK TRANSFER,refund,usd
Q4-TX-000989,677,2025-12-13,32.72,bank transfer,Add-on ,USD
Q4-TX-000990,1183,2025-12-10,$479,BANK TRANSFER,ADD-ON,usd
Q4-TX-000991,1024,21 Dec 2025,USD -139.52,Bank Transfer ,Refund,usd
Q4-TX-000992,1432,"Oct 11, 2025",217.68, Debit Card , Upgrade,US Dollar
Q4-TX-000993,1198,07 Nov 2025,$172,Credit Card,Add-on ,usd
Q4-TX-000994,824,2025-11-24,-267.24 USD,debit card,Refund,US Dollar
Q4-TX-000995,158,17-11-2025,-228.28,Credit Card , Refund ,US Dollar
Q4-TX-000996,437,06-10-2025,$608.20, Credit Card ,Subscription,US Dollar
Q4-TX-000997,616,"Nov 11, 2025",,PAYPAL,SUBSCRIPTION,US Dollar
Q4-TX-000998,1479,"Oct 21, 2025",127.57 USD,PayPal,add-on,usd
Q4-TX-000999,121,2025-11-07,-73.71 USD, Debit Card ,Refund,USD
Q4-TX-001000,659,12/23/2025,122.03, Credit Card ,SUBSCRIPTION,usd
Q4-TX-001001,782,20/10/2025,-332.09, PayPal,Refund ,USD
Q4-TX-001002,52,23/10/2025,$81,DEBIT CARD,Upgrade ,USD
Q4-TX-001003,257,03/11/2025,$588.64,Bank Transfer , Add-on,US Dollar
Q4-TX-001004,560,02 Oct 2025,USD 315.68, Debit Card,subscription,usd
Q4-TX-001005,38,2025-11-26,USD 268.68,Debit Card ,ADD-ON,USD
Q4-TX-001006,1201,2025-11-01,, Credit Card,Refund,USD
Q4-TX-001007,1316,"Dec 03, 2025",$525.70,DEBIT CARD, Add-on ,usd
Q4-TX-001008,539,02/12/2025,238.99 USD,Credit Card,subscription,USD
Q4-TX-001009,835,04 Oct 2025,$194.60,BANK TRANSFER,Upgrade ,usd
Q4-TX-001010,1227,21/10/2025,$225,PayPal ,Upgrade ,US Dollar
Q4-TX-001011,319,12/25/2025,135.93,Debit Card,Upgrade,USD
Q4-TX-001012,429,"Oct 21, 2025",$301.41, PayPal ,SUBSCRIPTION,US Dollar
Q4-TX-001013,699,12/29/2025,185.83,Bank Transfer,Subscription,USD
Q4-TX-001014,868,12/10/2025,158.52, Bank Transfer,ADD-ON,US Dollar
Q4-TX-001015,564,18-12-2025,$364.36,Bank Transfer ,Subscription,USD
Q4-TX-001016,101,10/28/2025,$159.33,Debit Card,Add-on,usd
Q4-TX-001017,568,2025-10-15,$-528.64,DEBIT CARD, Refund ,US Dollar
Q4-TX-001018,1294,"Nov 11, 2025",$269,debit card, Subscription ,usd
Q4-TX-001019,66,26/10/2025,$532, Bank Transfer,ADD-ON,USD
Q4-TX-001020,95,"Dec 07, 2025",175.55, Bank Transfer, Upgrade,US Dollar
Q4-TX-001021,1381,2025-11-26,258.04, Debit Card, Add-on,US Dollar
Q4-TX-001022,799,"Nov 25, 2025",86.06, Credit Card ,upgrade,USD
Q4-TX-001023,733,"Oct 20, 2025",USD 184.79,Credit Card,Add-on,USD
Q4-TX-001024,705,"Dec 29, 2025",239.28,CREDIT CARD,Upgrade,USD
Q4-TX-001025,469,10/15/2025,120.61 USD,bank transfer,Add-on ,usd
Q4-TX-001026,167,14-11-2025,$254.70, Credit Card ,Subscription,US Dollar
Q4-TX-001027,1452,22-11-2025,$215.74,Credit Card ,Subscription,US Dollar
Q4-TX-001028,937,03-11-2025,-93.15,CREDIT CARD,Refund ,usd
Q4-TX-001029,1457,28/12/2025,102.97 USD,credit card,add-on,US Dollar
Q4-TX-001030,260,18-10-2025,$509.01,Credit Card ,subscription,usd
Q4-TX-001031,520,10/22/2025,USD 106.81, Debit Card, Add-on ,usd
Q4-TX-001032,894,25-10-2025,$191,PayPal,add-on,USD
Q4-TX-001033,47,"Nov 11, 2025",838.85,Debit Card,Add-on,usd
Q4-TX-001034,20,29 Oct 2025,$92.09, Debit Card ,add-on,US Dollar
Q4-TX-001035,1226,12/05/2025,USD 251.81, Debit Card,Add-on ,US Dollar
Q4-TX-001036,911,"Oct 02, 2025",$-563.74,paypal, Refund,USD
Q4-TX-001037,1056,03-10-2025,USD 353.62,paypal,upgrade,US Dollar
Q4-TX-001038,28,11-10-2025,$358.87,Debit Card ,UPGRADE,usd
Q4-TX-001039,116,26 Nov 2025,$471.02,credit card,SUBSCRIPTION,US Dollar
Q4-TX-001040,1301,2025-12-10,$308.40,Bank Transfer ,upgrade,usd
Q4-TX-001041,147,13-10-2025,-180.33,credit card, Refund ,US Dollar
Q4-TX-001042,832,05/11/2025,USD -261.36,PAYPAL, Refund ,US Dollar
Q4-TX-001043,764,07-11-2025,258.91 USD,credit card,subscription,USD
Q4-TX-001044,286,10/23/2025,USD -198.27,bank transfer,Refund ,usd
Q4-TX-001045,1089,03-12-2025,40.99,debit card,subscription,USD
Q4-TX-001046,726,2025-12-10,$149.13,DEBIT CARD,subscription,USD
Q4-TX-001047,1214,12/22/2025,-429.10,DEBIT CARD, Refund ,USD
Q4-TX-001048,1188,"Oct 27, 2025",$113.78,Debit Card,upgrade,USD
Q4-TX-001049,85,2025-12-26,$427,DEBIT CARD,SUBSCRIPTION,usd
Q4-TX-001050,411,06-12-2025,$-132.10,BANK TRANSFER,REFUND,usd
Q4-TX-001051,1103,12/04/2025,288.58, PayPal ,Upgrade ,US Dollar
Q4-TX-001052,839,04/12/2025,-154.53, PayPal,Refund ,US Dollar
Q4-TX-001053,1078,2025-10-14,-153.40, PayPal ,refund,USD
Q4-TX-001054,1302,11-11-2025,USD 74.77,Credit Card ,subscription,usd
Q4-TX-001055,279,"Nov 11, 2025",USD 334.35,PayPal,Add-on,US Dollar
Q4-TX-001056,251,03-12-2025,$135,debit card, Upgrade,USD
Q4-TX-001057,373,2025-11-24,USD -107.31, PayPal ,Refund,USD
Q4-TX-001058,543,18/10/2025,138.66, Credit Card,Add-on ,US Dollar
Q4-TX-001059,711,"Dec 25, 2025",-181.57, Credit Card,refund,usd
Q4-TX-001060,1109,2025-12-22,127.05, Bank Transfer ,ADD-ON,US Dollar
Q4-TX-001061,519,11/01/2025,199.28,credit card,add-on,US Dollar
Q4-TX-001062,840,2025-12-22,381.54,PAYPAL,subscription,usd
Q4-TX-001063,1177,06/10/2025,209.68,debit card,Subscription,US Dollar
Q4-TX-001064,239,25-11-2025,USD -316.98, Credit Card, Refund ,USD
Q4-TX-001065,1406,12/22/2025,603.58,bank transfer,Subscription ,US Dollar
Q4-TX-001066,197,03 Nov 2025,110.90 USD, Debit Card, Add-on,usd
Q4-TX-001067,1180,24-11-2025,$404,CREDIT CARD,ADD-ON,usd
Q4-TX-001068,1488,07-11-2025,$-218.15, Credit Card, Refund ,US Dollar
Q4-TX-001069,1457,20 Nov 2025,-343.47,Bank Transfer,Refund ,US Dollar
Q4-TX-001070,174,12/09/2025,$189,PayPal , Subscription,US Dollar
Q4-TX-001071,882,06 Nov 2025,$271,BANK TRANSFER, Subscription ,USD
Q4-TX-001072,1090,07 Dec 2025,$-138.53,Debit Card, Refund ,usd
Q4-TX-001073,1105,2025-10-01,-146.71, PayPal ,Refund,USD
Q4-TX-001074,500,14 Oct 2025,$130, PayPal ,Upgrade ,USD
Q4-TX-001075,77,01-12-2025,$153,Credit Card ,UPGRADE,USD
Q4-TX-001076,407,2025-12-05,USD 122.76, PayPal, Subscription ,usd
Q4-TX-001077,637,10/11/2025,-156.33,credit card, Refund ,usd
Q4-TX-001078,463,11/08/2025,-708.52, Debit Card ,Refund,USD
Q4-TX-001079,1161,28/10/2025,$239.99,credit card,add-on,usd
Q4-TX-001080,1410,13 Nov 2025,$333,Debit Card ,Subscription,usd
Q4-TX-001081,1383,2025-12-25,$142, Bank Transfer ,Subscription ,usd
Q4-TX-001082,778,15/11/2025,$90,bank transfer, Upgrade,US Dollar
Q4-TX-001083,282,10/13/2025,231.83,bank transfer,Upgrade,usd
Q4-TX-001084,1345,15 Oct 2025,$198.34,paypal,upgrade,usd
Q4-TX-001085,565,2025-10-31,$-455, Bank Transfer ,refund,usd
Q4-TX-001086,178,27 Nov 2025,$151,Debit Card ,Upgrade ,USD
Q4-TX-001087,186,12/30/2025,$395,PayPal ,Add-on ,US Dollar
Q4-TX-001088,823,02-10-2025,347.96 USD, Bank Transfer,upgrade,US Dollar
Q4-TX-001089,1205,11/30/2025,$16.02,credit card,UPGRADE,USD
Q4-TX-001090,1388,03/11/2025,USD -61.79,bank transfer, Refund ,usd
Q4-TX-001091,584,26 Oct 2025,92.82 USD,PayPal,add-on,usd
Q4-TX-001092,522,30/10/2025,$-409.49, Debit Card, Refund,US Dollar
Q4-TX-001093,44,2025-12-29,99.08,DEBIT CARD,ADD-ON,usd
Q4-TX-001094,135,2025-11-08,312.21, Credit Card ,ADD-ON,US Dollar
Q4-TX-001095,1468,22/10/2025,172.99, Credit Card ,upgrade,USD
Q4-TX-001096,1040,2025-10-10,USD 156.78, Bank Transfer , Upgrade ,US Dollar
Q4-TX-001097,1188,12 Dec 2025,274.25 USD,Credit Card , Upgrade,US Dollar
Q4-TX-001098,351,30 Oct 2025,$131.14, Bank Transfer ,Add-on,US Dollar
Q4-TX-001099,1221,27 Nov 2025,$179.55, Debit Card ,Add-on ,US Dollar
Q4-TX-001100,1137,2025-12-15,161.51,Credit Card,Upgrade ,US Dollar
Q4-TX-001101,998,15/12/2025,USD 697.25,Credit Card , Add-on,USD
Q4-TX-001102,99,"Dec 11, 2025",36.95, Bank Transfer ,Upgrade,usd
Q4-TX-001103,836,12/25/2025,116.71,Bank Transfer ,add-on,usd
Q4-TX-001104,577,12/22/2025,USD 426.50,CREDIT CARD,Subscription ,US Dollar
Q4-TX-001105,4,19-12-2025,$389.15,Bank Transfer ,Upgrade ,usd
Q4-TX-001106,110,12/04/2025,269.31 USD,DEBIT CARD, Add-on,US Dollar
Q4-TX-001107,502,07/10/2025,USD 91.99, PayPal,upgrade,usd
Q4-TX-001108,1294,30 Nov 2025,639.34 USD,credit card, Upgrade,usd
Q4-TX-001109,723,2025-12-20,143.97 USD,credit card,subscription,usd
Q4-TX-001110,631,"Dec 12, 2025",$-232, PayPal ,Refund,usd
Q4-TX-001111,917,12-12-2025,92.55,Debit Card ,upgrade,USD
Q4-TX-001112,92,2025-12-28,110.94, Debit Card,Add-on,US Dollar
Q4-TX-001113,776,"Oct 06, 2025",$-468.94, Credit Card , Refund,US Dollar
Q4-TX-001114,598,12-12-2025,-814.44, Bank Transfer,REFUND,USD
Q4-TX-001115,487,2025-12-10,21.23,CREDIT CARD,Upgrade,USD
Q4-TX-001116,192,13 Nov 2025,USD -257.06, Debit Card ,Refund,USD
Q4-TX-001117,475,14 Dec 2025,133.62,Bank Transfer,add-on,USD
Q4-TX-001118,39,2025-10-16,136.99 USD,PayPal,UPGRADE,USD
Q4-TX-001119,409,2025-12-09,$212.82,Debit Card,Subscription,US Dollar
Q4-TX-001120,898,03 Oct 2025,354.38 USD, Debit Card ,SUBSCRIPTION,USD
Q4-TX-001121,383,"Nov 10, 2025",USD 451.18, Debit Card ,Subscription,US Dollar
Q4-TX-001122,75,13-10-2025,$104.54,Credit Card,ADD-ON,US Dollar
Q4-TX-001123,992,20-12-2025,$-297.34, PayPal,refund,usd
Q4-TX-001124,76,20-10-2025,-29.05, Debit Card , Refund ,usd
Q4-TX-001125,218,10/22/2025,$287,Credit Card ,Upgrade,usd
Q4-TX-001126,148,18/12/2025,$120.33, Credit Card, Subscription,USD
Q4-TX-001127,239,29/12/2025,165.44,Credit Card , Subscription,USD
Q4-TX-001128,567,"Nov 06, 2025",31.37,Debit Card ,Upgrade ,usd
Q4-TX-001129,158,03/12/2025,USD 169.40,bank transfer,upgrade,USD
Q4-TX-001130,257,12-10-2025,,Credit Card, Add-on ,usd
Q4-TX-001131,260,"Dec 09, 2025",$315.79,Bank Transfer ,UPGRADE,US Dollar
Q4-TX-001132,988,10/14/2025,338.64,Bank Transfer ,upgrade,US Dollar
Q4-TX-001133,842,21 Dec 2025,-113.33, Bank Transfer , Refund ,US Dollar
Q4-TX-001134,989,"Nov 09, 2025",$146, Debit Card , Subscription ,US Dollar
Q4-TX-001135,1401,2025-11-02,$52.67, PayPal, Subscription,usd
Q4-TX-001136,161,12/20/2025,$-156,Debit Card ,Refund,US Dollar
Q4-TX-001137,678,08/12/2025,183.87 USD,paypal,Subscription ,US Dollar
Q4-TX-001138,825,12/16/2025,235.66, Bank Transfer, Add-on,USD
Q4-TX-001139,429,15/11/2025,-251.29,Bank Transfer, Refund ,US Dollar
Q4-TX-001140,99,2025-11-13,-231.42,PayPal , Refund,US Dollar
Q4-TX-001141,912,2025-12-17,48.14 USD,CREDIT CARD, Add-on ,usd
Q4-TX-001142,1404,11/10/2025,USD -519.99,PAYPAL,Refund ,USD
Q4-TX-001143,365,"Dec 10, 2025",200.91 USD,Debit Card , Subscription,USD
Q4-TX-001144,210,2025-12-26,$-289,Credit Card, Refund,USD
Q4-TX-001145,344,05/10/2025,330.27 USD,Bank Transfer ,upgrade,USD
Q4-TX-001146,259,2025-11-14,-201.27,PayPal,Refund,usd
Q4-TX-001147,840,10/26/2025,97.84, Credit Card, Subscription,usd
Q4-TX-001148,699,05 Dec 2025,-252.90 USD,PAYPAL,REFUND,usd
Q4-TX-001149,439,12/21/2025,$80.56, PayPal, Upgrade,US Dollar
Q4-TX-001150,1189,10/27/2025,-168.99 USD, Bank Transfer , Refund,USD
Q4-TX-001151,3,"Nov 14, 2025",$-505.90,Bank Transfer ,refund,USD
Q4-TX-001152,154,11/28/2025,122.82,Credit Card ,Upgrade,usd
Q4-TX-001153,1106,2025-10-09,151.98,debit card, Upgrade,USD
Q4-TX-001154,319,25 Nov 2025,-174.53 USD,paypal, Refund ,US Dollar
Q4-TX-001155,454,"Dec 29, 2025",-334.97 USD,credit card,Refund ,USD
Q4-TX-001156,962,23-12-2025,308.21 USD,Debit Card, Add-on,US Dollar
Q4-TX-001157,663,12/26/2025,178.07 USD, Credit Card , Upgrade ,USD
Q4-TX-001158,1180,14-11-2025,527.43, Credit Card, Subscription,USD
Q4-TX-001159,496,"Oct 07, 2025",282.07,paypal,SUBSCRIPTION,usd
Q4-TX-001160,580,2025-10-19,$-199, Bank Transfer ,refund,US Dollar
Q4-TX-001161,1089,25 Nov 2025,USD 299.43,debit card,subscription,USD
Q4-TX-001162,778,25 Oct 2025,-232.39, Bank Transfer , Refund ,USD
Q4-TX-001163,200,14 Nov 2025,$-257.69, Bank Transfer, Refund,usd
Q4-TX-001164,375,12/09/2025,-45.62, PayPal , Refund ,US Dollar
Q4-TX-001165,851,28-12-2025,$139.38, PayPal ,Upgrade ,US Dollar
Q4-TX-001166,384,"Dec 21, 2025",USD 398.85,Debit Card ,SUBSCRIPTION,usd
Q4-TX-001167,1316,"Dec 02, 2025",, Debit Card , Add-on,USD
Q4-TX-001168,990,2025-11-15,$98.46,Debit Card, Add-on ,US Dollar
Q4-TX-001169,1432,26-10-2025,-227.41 USD,Credit Card,Refund ,usd
Q4-TX-001170,1430,04-10-2025,$137, Debit Card , Add-on ,usd
Q4-TX-001171,278,26/10/2025,, Bank Transfer,Upgrade,usd
Q4-TX-001172,1285,28/10/2025,$78.65, PayPal , Add-on ,usd
Q4-TX-001173,3,12/04/2025,$316.04,bank transfer, Subscription ,usd
Q4-TX-001174,1075,24/12/2025,USD -299.30, Debit Card,refund,USD
Q4-TX-001175,1392,14-11-2025,-253.72 USD, Bank Transfer ,Refund ,US Dollar
Q4-TX-001176,1056,19 Oct 2025,470.74, Bank Transfer ,Upgrade,usd
Q4-TX-001177,107,25-12-2025,90.57,Debit Card, Add-on ,USD
Q4-TX-001178,584,17 Oct 2025,USD 178.86, Debit Card,Subscription ,USD
Q4-TX-001179,629,"Nov 18, 2025",-211.91, Credit Card ,Refund,usd
Q4-TX-001180,960,27-10-2025,$-136,DEBIT CARD,Refund,US Dollar
Q4-TX-001181,1208,"Dec 31, 2025",99.40 USD,PayPal ,Add-on ,usd
Q4-TX-001182,331,10/23/2025,-301.93,Credit Card, Refund ,usd
Q4-TX-001183,447,12/20/2025,$73.38,Credit Card ,Upgrade ,US Dollar
Q4-TX-001184,128,11/10/2025,$61, PayPal, Add-on ,usd
Q4-TX-001185,251,"Nov 23, 2025",$388.27, Bank Transfer ,UPGRADE,USD
Q4-TX-001186,1390,"Oct 30, 2025",284.78 USD, Bank Transfer,ADD-ON,USD
Q4-TX-001187,227,2025-12-12,-247.52 USD,bank transfer,Refund,US Dollar
Q4-TX-001188,1400,"Nov 21, 2025",463.94, PayPal ,Subscription ,US Dollar
Q4-TX-001189,424,"Dec 28, 2025",$660,bank transfer, Upgrade ,usd
Q4-TX-001190,144,16-12-2025,453.77,Debit Card ,subscription,USD
Q4-TX-001191,1171,11/29/2025,USD 142.50,CREDIT CARD,Subscription,USD
Q4-TX-001192,1111,2025-10-24,USD -547.39,PAYPAL,refund,usd
Q4-TX-001193,160,2025-11-05,$159.13,CREDIT CARD,ADD-ON,US Dollar
Q4-TX-001194,490,08/11/2025,$124.24, PayPal ,Upgrade,USD
Q4-TX-001195,1007,08 Nov 2025,$-189.16,Debit Card,Refund,USD
Q4-TX-001196,1422,"Nov 21, 2025",$-336.95,PayPal ,Refund ,usd
Q4-TX-001197,914,13 Nov 2025,162.92,paypal,Upgrade,US Dollar
Q4-TX-001198,41,25-10-2025,$-154.19, PayPal,refund,usd
Q4-TX-001199,1131,"Dec 24, 2025",517.63,Debit Card , Subscription ,USD
Q4-TX-001200,662,07/12/2025,$337,paypal,Subscription ,usd
Q4-TX-001201,1170,11/14/2025,287.95, PayPal , Add-on ,usd
Q4-TX-001202,852,26 Oct 2025,313.76 USD,PayPal ,add-on,US Dollar
Q4-TX-001203,1481,12/26/2025,147.98, PayPal , Upgrade,usd
Q4-TX-001204,1093,18-11-2025,114.15 USD,PayPal,Upgrade,USD
Q4-TX-001205,114,"Dec 03, 2025",$125,PayPal, Add-on ,USD
Q4-TX-001206,1095,02/12/2025,586.44 USD,Credit Card ,ADD-ON,US Dollar
Q4-TX-001207,888,11/07/2025,310.28,CREDIT CARD,Add-on ,usd
Q4-TX-001208,280,03 Oct 2025,USD 184.55,PAYPAL,add-on,US Dollar
Q4-TX-001209,1344,2025-12-04,-311.21, PayPal ,Refund,usd
Q4-TX-001210,1135,2025-12-17,$293, Bank Transfer,UPGRADE,US Dollar
Q4-TX-001211,988,2025-12-28,-222.67 USD, PayPal , Refund,usd
Q4-TX-001212,1222,07 Oct 2025,236.16,Bank Transfer , Upgrade,US Dollar
Q4-TX-001213,828,03 Nov 2025,109.18,Debit Card, Upgrade,usd
Q4-TX-001214,763,12/27/2025,272.46 USD,Bank Transfer ,Upgrade,USD
Q4-TX-001215,90,"Dec 29, 2025",282.36 USD,credit card,upgrade,usd
Q4-TX-001216,393,16-12-2025,191.93,Credit Card , Subscription,usd
Q4-TX-001217,80,2025-10-07,$277,Debit Card , Add-on,usd
Q4-TX-001218,600,07 Nov 2025,$178,Credit Card , Upgrade ,US Dollar
Q4-TX-001219,1094,18/12/2025,USD 167.65,Credit Card,SUBSCRIPTION,USD
Q4-TX-001220,167,10/15/2025,$285.90,Credit Card, Subscription,US Dollar
Q4-TX-001221,9,"Oct 11, 2025",$238.43, Debit Card, Subscription,USD
Q4-TX-001222,1197,2025-10-07,USD 107.28,credit card,add-on,US Dollar
Q4-TX-001223,646,24 Dec 2025,USD 79.45, Bank Transfer , Subscription ,usd
Q4-TX-001224,488,16/11/2025,340.77, Bank Transfer,add-on,usd
Q4-TX-001225,1453,11/10/2025,USD 149.76,CREDIT CARD, Upgrade ,US Dollar
Q4-TX-001226,273,10/22/2025,USD 179.64, Credit Card ,UPGRADE,usd
Q4-TX-001227,1107,04 Oct 2025,USD 290.95,credit card,Subscription ,US Dollar
Q4-TX-001228,960,12/03/2025,USD 198.37,PayPal,ADD-ON,US Dollar
Q4-TX-001229,25,2025-12-17,390.93, Bank Transfer,UPGRADE,USD
Q4-TX-001230,817,12/27/2025,-188.90 USD,BANK TRANSFER,Refund,usd
Q4-TX-001231,832,11/30/2025,$329.64, Credit Card ,Subscription,usd
Q4-TX-001232,978,2025-11-17,-439.73, Credit Card , Refund ,usd
Q4-TX-001233,233,12 Dec 2025,$27, Bank Transfer,Add-on,US Dollar
Q4-TX-001234,166,"Dec 03, 2025",47.57,DEBIT CARD,Subscription,USD
Q4-TX-001235,1308,21 Nov 2025,-158.42 USD,Debit Card ,Refund,usd
Q4-TX-001236,649,14 Oct 2025,99.99 USD,Bank Transfer ,Add-on,US Dollar
Q4-TX-001237,482,19 Nov 2025,258.08 USD, Credit Card ,Add-on,usd
Q4-TX-001238,483,2025-12-13,$-166, Bank Transfer , Refund,USD
Q4-TX-001239,616,19/10/2025,42.53 USD,Debit Card ,Upgrade ,US Dollar
Q4-TX-001240,230,10/19/2025,-224.38 USD, PayPal ,refund,US Dollar
Q4-TX-001241,126,2025-11-07,488.49 USD,Credit Card,upgrade,US Dollar
Q4-TX-001242,685,2025-12-10,$72, Credit Card, Add-on,US Dollar
Q4-TX-001243,1166,24/10/2025,$189.27,PAYPAL,add-on,USD
Q4-TX-001244,1480,12/20/2025,-46.16 USD,BANK TRANSFER,refund,US Dollar
Q4-TX-001245,311,"Oct 28, 2025",USD -682.14, Credit Card ,Refund,US Dollar
Q4-TX-001246,614,16-10-2025,236.02,DEBIT CARD,add-on,US Dollar
Q4-TX-001247,917,10/29/2025,-151.13,CREDIT CARD,Refund ,USD
Q4-TX-001248,1475,2025-10-22,USD 233.82,Credit Card , Upgrade ,usd
Q4-TX-001249,110,10/19/2025,115.31,PayPal ,Subscription,usd
Q4-TX-001250,1448,12-12-2025,$135.12,debit card,Subscription ,USD
Q4-TX-001251,1049,2025-11-26,244.43,debit card,Add-on,USD
Q4-TX-001252,1150,"Dec 15, 2025",137.88 USD,Bank Transfer,upgrade,US Dollar
Q4-TX-001253,486,08/10/2025,$-139,debit card,Refund,USD
Q4-TX-001254,992,22-11-2025,-228.33 USD,Credit Card, Refund ,usd
Q4-TX-001255,828,16 Nov 2025,$61,Debit Card, Subscription,usd
Q4-TX-001256,267,05 Oct 2025,$-358.73,debit card,REFUND,usd
Q4-TX-001257,818,"Oct 20, 2025",USD 582.73,Bank Transfer , Subscription,USD
Q4-TX-001258,1472,28/11/2025,-107.07, Credit Card ,Refund,USD
Q4-TX-001259,1168,07/12/2025,USD 227.66,credit card, Add-on,US Dollar
Q4-TX-001260,323,13/11/2025,362.88 USD,BANK TRANSFER, Upgrade ,US Dollar
Q4-TX-001261,844,26 Oct 2025,USD -192.38,Credit Card,Refund,US Dollar
Q4-TX-001262,1232,07-11-2025,$306.07, PayPal,Subscription,US Dollar
Q4-TX-001263,117,06/10/2025,,BANK TRANSFER,Upgrade ,US Dollar
Q4-TX-001264,213,10/24/2025,USD 32.85,Credit Card ,Add-on ,USD
Q4-TX-001265,273,03-10-2025,-263.41,Credit Card ,REFUND,usd
Q4-TX-001266,1443,20 Dec 2025,136.55 USD, Credit Card,Upgrade,US Dollar
Q4-TX-001267,156,2025-11-10,218.75 USD, Bank Transfer,UPGRADE,US Dollar
Q4-TX-001268,527,09/11/2025,$237.79, PayPal,Upgrade,usd
Q4-TX-001269,349,2025-12-24,$320, Bank Transfer , Add-on ,usd
Q4-TX-001270,553,10/16/2025,$88.52,CREDIT CARD, Add-on,usd
Q4-TX-001271,419,12/11/2025,-518.77 USD,CREDIT CARD,refund,usd
Q4-TX-001272,1338,10/24/2025,243.38,debit card,UPGRADE,USD
Q4-TX-001273,1350,"Oct 02, 2025",234.52,debit card,UPGRADE,usd
Q4-TX-001274,212,2025-11-23,$-187, Credit Card, Refund,US Dollar
Q4-TX-001275,819,2025-10-12,170.26 USD,PAYPAL,Add-on,usd
Q4-TX-001276,99,11/05/2025,414.41 USD,Debit Card,add-on,US Dollar
Q4-TX-001277,60,08-10-2025,671.97,Bank Transfer , Upgrade,USD
Q4-TX-001278,52,28/12/2025,388.85, Debit Card,SUBSCRIPTION,US Dollar
Q4-TX-001279,927,2025-10-30,279.03,CREDIT CARD,subscription,USD
Q4-TX-001280,1025,12/13/2025,, Bank Transfer ,UPGRADE,US Dollar
Q4-TX-001281,772,26 Nov 2025,$776.26,Debit Card, Upgrade ,USD
Q4-TX-001282,1151,10/01/2025,$-448.50, Bank Transfer, Refund,usd
Q4-TX-001283,1445,08/10/2025,-532.80,CREDIT CARD,Refund ,USD
Q4-TX-001284,319,16/10/2025,312.43 USD,paypal, Subscription,usd
Q4-TX-001285,702,11/04/2025,$721, Debit Card,Add-on ,USD
Q4-TX-001286,31,2025-10-24,188.28 USD,PAYPAL,upgrade,usd
Q4-TX-001287,341,12/16/2025,$276,PayPal,ADD-ON,USD
Q4-TX-001288,144,12/15/2025,$395, PayPal , Add-on,US Dollar
Q4-TX-001289,844,11/14/2025,$151.98, Credit Card ,Subscription ,US Dollar
Q4-TX-001290,558,09/12/2025,$-349.54,Bank Transfer , Refund,US Dollar
Q4-TX-001291,1365,"Nov 29, 2025",$111,bank transfer,upgrade,usd
Q4-TX-001292,266,01/10/2025,151.11,Bank Transfer ,Subscription,US Dollar
Q4-TX-001293,863,17/12/2025,185.24,BANK TRANSFER,ADD-ON,US Dollar
Q4-TX-001294,1467,06 Nov 2025,$-477,Bank Transfer, Refund ,USD
Q4-TX-001295,529,"Nov 30, 2025",58.21, Debit Card, Add-on,US Dollar
Q4-TX-001296,466,30/11/2025,246.58,paypal,Add-on ,usd
Q4-TX-001297,828,2025-12-18,$-369,credit card,Refund ,usd
Q4-TX-001298,687,29 Nov 2025,-201.08 USD, Credit Card,REFUND,USD
Q4-TX-001299,878,17 Oct 2025,-863.13,Bank Transfer ,REFUND,usd
Q4-TX-001300,887,12/13/2025,$422, Debit Card ,upgrade,usd
Q4-TX-001301,1082,2025-12-25,USD 248.98,debit card,Subscription,USD
Q4-TX-001302,306,24 Nov 2025,578.97, Debit Card,SUBSCRIPTION,US Dollar
Q4-TX-001303,45,10/12/2025,$299,bank transfer, Subscription,USD
Q4-TX-001304,1115,"Dec 07, 2025",175.96, Credit Card , Upgrade,USD
Q4-TX-001305,16,"Oct 14, 2025",$64, PayPal,Subscription ,US Dollar
Q4-TX-001306,433,15-11-2025,$235,DEBIT CARD, Upgrade,USD
Q4-TX-001307,977,"Oct 22, 2025",285.89, Bank Transfer ,Add-on ,usd
Q4-TX-001308,107,"Dec 07, 2025",USD 416.58,bank transfer,UPGRADE,USD
Q4-TX-001309,531,09 Oct 2025,$-453.70,Credit Card ,Refund ,US Dollar
Q4-TX-001310,423,26-10-2025,-311.76,credit card,refund,US Dollar
Q4-TX-001311,1257,01 Nov 2025,$218,Credit Card, Subscription ,USD
Q4-TX-001312,1086,11/28/2025,$-117.07, Bank Transfer,Refund,US Dollar
Q4-TX-001313,946,01-10-2025,$-560.88,PayPal,REFUND,USD
Q4-TX-001314,35,"Dec 12, 2025",-40.77 USD,BANK TRANSFER, Refund ,usd
Q4-TX-001315,157,01/10/2025,$521,PayPal ,subscription,usd
Q4-TX-001316,1284,12/04/2025,341.50 USD,bank transfer, Add-on ,US Dollar
Q4-TX-001317,676,19-10-2025,USD 441.20,DEBIT CARD, Upgrade,US Dollar
Q4-TX-001318,736,16/12/2025,$261.66, Credit Card ,Add-on ,USD
Q4-TX-001319,1347,10/06/2025,221.60 USD, Debit Card,Add-on,usd
Q4-TX-001320,1261,02-11-2025,217.42,Bank Transfer, Add-on ,US Dollar
Q4-TX-001321,105,11/19/2025,USD 294.36,Bank Transfer ,SUBSCRIPTION,usd
Q4-TX-001322,247,23 Oct 2025,$-289.81,Bank Transfer, Refund ,USD
Q4-TX-001323,886,07 Oct 2025,339.25,Bank Transfer ,upgrade,usd
Q4-TX-001324,1014,19 Nov 2025,-198.42, PayPal , Refund,USD
Q4-TX-001325,1076,14/12/2025,-82.08, Debit Card, Refund,US Dollar
Q4-TX-001326,612,06 Dec 2025,248.40, Bank Transfer , Upgrade ,US Dollar
Q4-TX-001327,1174,14/11/2025,-141.24,bank transfer,Refund,US Dollar
Q4-TX-001328,716,"Oct 30, 2025",151.05 USD, Bank Transfer ,Add-on ,US Dollar
Q4-TX-001329,392,12/19/2025,$283.66, Credit Card,SUBSCRIPTION,USD
Q4-TX-001330,40,06 Nov 2025,$214.95, Debit Card,subscription,USD
Q4-TX-001331,653,12/11/2025,-176.18,Credit Card ,REFUND,US Dollar
Q4-TX-001332,1161,20/11/2025,USD 122.62, Credit Card ,Add-on ,US Dollar
Q4-TX-001333,626,"Oct 03, 2025",84.83,CREDIT CARD,ADD-ON,usd
Q4-TX-001334,129,2025-10-06,148.06 USD, Bank Transfer ,subscription,USD
Q4-TX-001335,144,12/16/2025,$367.64,Bank Transfer , Upgrade ,usd
Q4-TX-001336,70,05 Dec 2025,USD 143.08,Bank Transfer, Subscription ,USD
Q4-TX-001337,526,26-10-2025,, Debit Card ,Add-on ,USD
Q4-TX-001338,333,"Oct 26, 2025",$474, Debit Card, Upgrade,US Dollar
Q4-TX-001339,263,12-11-2025,$38,BANK TRANSFER, Add-on ,US Dollar
Q4-TX-001340,1345,16/10/2025,493.28,paypal,Upgrade ,usd
Q4-TX-001341,1284,23 Dec 2025,403.17 USD,Credit Card,ADD-ON,US Dollar
Q4-TX-001342,127,2025-12-21,176.96,PayPal ,subscription,US Dollar
Q4-TX-001343,1100,2025-12-11,$393, PayPal,subscription,US Dollar
Q4-TX-001344,1109,26-12-2025,$284.01, PayPal , Add-on ,USD
Q4-TX-001345,1110,2025-11-19,-276.68,Debit Card ,Refund,US Dollar
Q4-TX-001346,854,05/11/2025,396.80, Credit Card,Add-on,US Dollar
Q4-TX-001347,18,2025-11-05,68.24,DEBIT CARD,Subscription ,USD
Q4-TX-001348,825,"Dec 13, 2025",USD 207.06, Debit Card,Subscription,usd
Q4-TX-001349,504,25 Dec 2025,240.25,PayPal , Add-on ,US Dollar
Q4-TX-001350,1338,01 Oct 2025,$312, Debit Card ,Subscription,US Dollar
Q4-TX-001351,1157,24/11/2025,,Bank Transfer ,Refund ,USD
Q4-TX-001352,497,05 Dec 2025,197.51,DEBIT CARD, Add-on,US Dollar
Q4-TX-001353,800,"Dec 22, 2025",337.51,DEBIT CARD,Upgrade ,US Dollar
Q4-TX-001354,1180,31-10-2025,$-216,PayPal, Refund ,USD
Q4-TX-001355,1222,2025-11-05,$170.55,PayPal ,Upgrade ,usd
Q4-TX-001356,755,10/05/2025,290.31,debit card,Subscription,USD
Q4-TX-001357,981,12/24/2025,$624,DEBIT CARD, Upgrade ,US Dollar
Q4-TX-001358,1287,18/10/2025,226.61 USD,PayPal ,Upgrade ,usd
Q4-TX-001359,1049,03/10/2025,$121,bank transfer, Add-on ,USD
Q4-TX-001360,1270,2025-12-10,716.55 USD,PAYPAL, Upgrade,US Dollar
Q4-TX-001361,469,"Nov 24, 2025",,PayPal ,Upgrade,US Dollar
Q4-TX-001362,87,2025-10-04,USD 120.78,PayPal ,add-on,usd
Q4-TX-001363,1417,28-11-2025,-230.59 USD, Credit Card ,refund,usd
Q4-TX-001364,605,"Oct 30, 2025",-150.61,Debit Card ,Refund ,US Dollar
Q4-TX-001365,354,2025-11-21,$-241.63,Debit Card,REFUND,usd
Q4-TX-001366,303,10-10-2025,$-210, Credit Card ,REFUND,US Dollar
Q4-TX-001367,462,10/21/2025,$292.21,BANK TRANSFER,upgrade,usd
Q4-TX-001368,1067,06/11/2025,224.97, Credit Card, Upgrade,USD
Q4-TX-001369,1071,08/10/2025,198.05,paypal,Add-on,USD
Q4-TX-001370,435,"Dec 27, 2025",-282.06,BANK TRANSFER,refund,usd
Q4-TX-001371,1248,22 Oct 2025,$-113.38,PAYPAL,REFUND,usd
Q4-TX-001372,133,12/17/2025,$792.78, PayPal ,subscription,US Dollar
Q4-TX-001373,552,14-11-2025,$674,Credit Card ,Add-on ,US Dollar
Q4-TX-001374,880,22/10/2025,205.51,Bank Transfer,add-on,US Dollar
Q4-TX-001375,1113,13 Nov 2025,$312,PAYPAL,Add-on ,USD
Q4-TX-001376,292,20 Nov 2025,USD 333.92,Debit Card ,Subscription,USD
Q4-TX-001377,641,"Nov 29, 2025",$348,Debit Card, Add-on,USD
Q4-TX-001378,1066,26/10/2025,$288.99,Bank Transfer,subscription,usd
Q4-TX-001379,51,"Oct 15, 2025",$125,bank transfer, Add-on ,USD
Q4-TX-001380,665,07/11/2025,303.17 USD, Debit Card, Add-on,usd
Q4-TX-001381,1259,26-12-2025,-385.75,Credit Card , Refund ,usd
Q4-TX-001382,710,2025-11-12,276.69 USD, Debit Card ,Add-on ,usd
Q4-TX-001383,94,26-12-2025,-346.57,PayPal,Refund,USD
Q4-TX-001384,1177,10/20/2025,$251, Credit Card ,Add-on,USD
Q4-TX-001385,271,"Nov 28, 2025",618.75 USD,Debit Card,Subscription,usd
Q4-TX-001386,1389,10/30/2025,-152.68 USD,credit card,Refund,USD
Q4-TX-001387,1489,15-12-2025,$-287.12,CREDIT CARD,Refund ,usd
Q4-TX-001388,178,16/11/2025,473.00,DEBIT CARD, Upgrade,usd
Q4-TX-001389,1463,12/03/2025,281.38 USD,Credit Card ,Add-on,USD
Q4-TX-001390,1264,"Oct 25, 2025",632.79 USD,credit card,Subscription,usd
Q4-TX-001391,1446,17 Oct 2025,74.09 USD,bank transfer, Add-on ,USD
Q4-TX-001392,849,12/08/2025,316.12 USD, Bank Transfer,SUBSCRIPTION,USD
Q4-TX-001393,797,13-11-2025,162.96 USD,Credit Card,Add-on,usd
Q4-TX-001394,197,2025-11-15,USD -138.02, Debit Card ,Refund ,US Dollar
Q4-TX-001395,1250,16-11-2025,116.76,bank transfer, Upgrade ,USD
Q4-TX-001396,193,"Nov 22, 2025",$595,debit card, Subscription,usd
Q4-TX-001397,1291,01 Oct 2025,$270, Credit Card,upgrade,US Dollar
Q4-TX-001398,972,19/12/2025,$-672.37,Credit Card ,refund,US Dollar
Q4-TX-001399,359,04-12-2025,109.51, Bank Transfer,ADD-ON,US Dollar
Q4-TX-001400,1275,04-12-2025,233.01,PayPal, Add-on ,usd
Q4-TX-001401,664,2025-10-16,$131.64, Credit Card , Upgrade,usd
Q4-TX-001402,929,26/12/2025,618.52 USD,debit card,Add-on ,US Dollar
Q4-TX-001403,1482,30/12/2025,344.20, Bank Transfer,Subscription ,usd
Q4-TX-001404,819,"Dec 19, 2025",236.31 USD,credit card,add-on,USD
Q4-TX-001405,828,07/10/2025,478.77,paypal, Upgrade,US Dollar
Q4-TX-001406,161,2025-12-06,308.41 USD,PayPal , Upgrade,US Dollar
Q4-TX-001407,1352,"Oct 22, 2025",USD 28.26, Credit Card,Subscription ,US Dollar
Q4-TX-001408,418,2025-11-13,94.08,DEBIT CARD,Subscription,US Dollar
Q4-TX-001409,372,29-10-2025,315.94, Debit Card, Upgrade ,usd
Q4-TX-001410,595,21 Dec 2025,$99.58, PayPal ,SUBSCRIPTION,US Dollar
Q4-TX-001411,14,16-12-2025,180.45,Debit Card , Subscription,US Dollar
Q4-TX-001412,1286,26/12/2025,-113.42,debit card,Refund,US Dollar
Q4-TX-001413,262,20-11-2025,$427.39, PayPal ,add-on,US Dollar
Q4-TX-001414,135,26 Oct 2025,124.10,Debit Card ,Add-on,USD
Q4-TX-001415,297,16-10-2025,248.98,PayPal,Upgrade,US Dollar
Q4-TX-001416,1031,10/12/2025,USD -310.98,DEBIT CARD,REFUND,usd
Q4-TX-001417,1068,28/11/2025,USD 193.53,credit card,Upgrade ,USD
Q4-TX-001418,849,2025-10-02,$254.96, Credit Card ,SUBSCRIPTION,USD
Q4-TX-001419,1379,"Dec 11, 2025",217.96,PayPal, Subscription ,US Dollar
Q4-TX-001420,1298,24-11-2025,573.41 USD,credit card,Upgrade,usd
Q4-TX-001421,315,04/11/2025,$312.06,BANK TRANSFER,Add-on,USD
Q4-TX-001422,1463,28 Dec 2025,51.55 USD, Credit Card , Subscription ,USD
Q4-TX-001423,969,"Oct 10, 2025",USD 521.25,DEBIT CARD,Upgrade,usd
Q4-TX-001424,329,11/13/2025,USD 72.60, Bank Transfer,Upgrade,USD
Q4-TX-001425,709,"Oct 07, 2025",, Credit Card,subscription,US Dollar
Q4-TX-001426,152,12/19/2025,-320.07,Debit Card ,Refund ,USD
Q4-TX-001427,136,"Oct 18, 2025",166.63,Bank Transfer , Upgrade,US Dollar
Q4-TX-001428,467,20/12/2025,-139.29 USD,Credit Card,Refund,usd
Q4-TX-001429,668,20 Oct 2025,USD 85.17,PAYPAL, Subscription ,usd
Q4-TX-001430,126,30-10-2025,-75.45 USD, Credit Card, Refund,USD
Q4-TX-001431,162,27-10-2025,-415.62, PayPal , Refund ,usd
Q4-TX-001432,1421,2025-11-17,$209,Bank Transfer ,subscription,US Dollar
Q4-TX-001433,204,30/11/2025,$233, Bank Transfer, Subscription,US Dollar
Q4-TX-001434,1136,11 Nov 2025,134.38,PAYPAL, Subscription,US Dollar
Q4-TX-001435,260,"Nov 27, 2025",USD 117.48, Debit Card ,SUBSCRIPTION,USD
Q4-TX-001436,706,2025-10-21,221.42, Credit Card, Add-on,US Dollar
Q4-TX-001437,995,12/15/2025,93.39 USD,Bank Transfer,Add-on,US Dollar
Q4-TX-001438,763,10/21/2025,-141.60,credit card,Refund,usd
Q4-TX-001439,1325,30-10-2025,178.44, PayPal ,ADD-ON,USD
Q4-TX-001440,957,12/18/2025,145.13 USD, Bank Transfer , Add-on,usd
Q4-TX-001441,144,2025-12-07,$387.17,Debit Card ,upgrade,US Dollar
Q4-TX-001442,1072,2025-11-09,USD 31.47,PayPal , Subscription ,US Dollar
Q4-TX-001443,1189,05-12-2025,-453.64, Bank Transfer , Refund ,usd
Q4-TX-001444,1013,"Oct 07, 2025",581.96,Debit Card , Subscription ,usd
Q4-TX-001445,351,"Oct 09, 2025",119.26,PayPal, Subscription,usd
Q4-TX-001446,125,"Nov 20, 2025",$195,PAYPAL, Upgrade,US Dollar
Q4-TX-001447,605,23 Dec 2025,$-215,debit card,refund,usd
Q4-TX-001448,1192,"Dec 09, 2025",271.37 USD,Debit Card , Add-on ,USD
Q4-TX-001449,660,"Oct 03, 2025",$709,Debit Card,ADD-ON,USD
Q4-TX-001450,1244,08-11-2025,685.87,PayPal, Upgrade ,usd
Q4-TX-001451,519,14 Nov 2025,92.10, Credit Card ,Add-on ,USD
Q4-TX-001452,1275,31/10/2025,$-161.53, Credit Card ,Refund,USD
Q4-TX-001453,65,"Nov 22, 2025",714.32, Debit Card ,Subscription,USD
Q4-TX-001454,298,04/11/2025,128.22, Bank Transfer ,Add-on ,usd
Q4-TX-001455,1066,23-12-2025,60.10,debit card, Subscription ,USD
Q4-TX-001456,732,06-11-2025,178.92, PayPal,UPGRADE,USD
Q4-TX-001457,1018,11/14/2025,$434.59,Debit Card , Subscription ,US Dollar
Q4-TX-001458,1242,13-11-2025,$181, PayPal, Upgrade ,usd
Q4-TX-001459,30,11/02/2025,, Bank Transfer ,Add-on,US Dollar
Q4-TX-001460,94,"Oct 24, 2025",, Debit Card, Add-on,US Dollar
Q4-TX-001461,1170,2025-12-10,$-531.81,Credit Card, Refund ,usd
Q4-TX-001462,364,10/23/2025,$-307.33,debit card, Refund,USD
Q4-TX-001463,1368,09 Nov 2025,$-119.75,Credit Card , Refund,US Dollar
Q4-TX-001464,575,25/10/2025,$225.42,bank transfer,SUBSCRIPTION,USD
Q4-TX-001465,1213,17 Dec 2025,67.88,Credit Card,Add-on ,USD
Q4-TX-001466,198,"Oct 13, 2025",119.26 USD,Credit Card ,Subscription ,USD
Q4-TX-001467,90,20-10-2025,USD 92.16, PayPal, Add-on ,usd
Q4-TX-001468,1161,21 Nov 2025,-184.42,debit card,refund,US Dollar
Q4-TX-001469,1343,"Dec 22, 2025",264.94 USD,Debit Card, Upgrade ,US Dollar
Q4-TX-001470,336,"Nov 10, 2025",USD 195.74, PayPal ,subscription,usd
Q4-TX-001471,1283,18-11-2025,54.08 USD,DEBIT CARD, Add-on,USD
Q4-TX-001472,378,2025-12-16,460.14, Debit Card , Subscription ,USD
Q4-TX-001473,545,2025-12-13,$104.27,DEBIT CARD,ADD-ON,USD
Q4-TX-001474,579,13 Dec 2025,$82.37,credit card,UPGRADE,usd
Q4-TX-001475,23,01/11/2025,$-179.33,PayPal , Refund ,US Dollar
Q4-TX-001476,1277,07/12/2025,311.28,DEBIT CARD,Subscription ,US Dollar
Q4-TX-001477,810,2025-10-31,304.20, Bank Transfer , Add-on,usd
Q4-TX-001478,337,09/11/2025,$216, Bank Transfer,upgrade,US Dollar
Q4-TX-001479,1068,02-10-2025,USD 233.78,Bank Transfer, Subscription ,US Dollar
Q4-TX-001480,987,12/08/2025,USD -260.99,Credit Card ,Refund ,usd
Q4-TX-001481,257,17-10-2025,91.88, Bank Transfer , Upgrade ,US Dollar
Q4-TX-001482,911,03 Nov 2025,313.78,credit card,Upgrade ,USD
Q4-TX-001483,1078,19 Oct 2025,$138.35,BANK TRANSFER,Upgrade ,USD
Q4-TX-001484,87,2025-11-25,$289, PayPal ,subscription,usd
Q4-TX-001485,283,22-11-2025,-67.59 USD, Credit Card ,refund,USD
Q4-TX-001486,1065,11-10-2025,68.21,BANK TRANSFER,subscription,USD
Q4-TX-001487,566,20 Dec 2025,,BANK TRANSFER,add-on,USD
Q4-TX-001488,1378,2025-11-19,USD 153.22,PayPal ,UPGRADE,US Dollar
Q4-TX-001489,69,2025-12-13,105.53 USD, PayPal ,SUBSCRIPTION,US Dollar
Q4-TX-001490,1157,"Oct 03, 2025",416.59, PayPal,SUBSCRIPTION,USD
Q4-TX-001491,1476,"Oct 09, 2025",403.66, PayPal, Upgrade,USD
Q4-TX-001492,1438,11/02/2025,$229,Credit Card ,UPGRADE,usd
Q4-TX-001493,777,12/12/2025,USD -516.17,Credit Card,Refund,USD
Q4-TX-001494,238,14 Dec 2025,USD 206.92,PayPal ,Upgrade,usd
Q4-TX-001495,231,14/12/2025,99.44,PayPal , Add-on ,USD
Q4-TX-001496,10,18/11/2025,$178.96,paypal,Upgrade ,US Dollar
Q4-TX-001497,41,07 Oct 2025,$-136, Bank Transfer,Refund,usd
Q4-TX-001498,452,2025-10-26,552.81,paypal,Add-on ,USD
Q4-TX-001499,9,2025-11-11,-283.39,BANK TRANSFER,Refund,usd
Q4-TX-001500,1463,11/26/2025,462.67 USD,PayPal , Upgrade ,USD
Q4-TX-001501,29,30/12/2025,-99.30,PAYPAL, Refund,US Dollar
Q4-TX-001502,519,02-12-2025,$170.97,PayPal,Subscription ,usd
Q4-TX-001503,961,27 Oct 2025,$104, PayPal,add-on,usd
Q4-TX-001504,557,2025-12-02,$-555.70, Debit Card, Refund ,US Dollar
Q4-TX-001505,125,2025-10-30,$166, Bank Transfer , Subscription ,USD
Q4-TX-001506,921,03-11-2025,$35, Debit Card ,Subscription ,US Dollar
Q4-TX-001507,1384,10/16/2025,$576,BANK TRANSFER, Add-on ,US Dollar
Q4-TX-001508,674,14/12/2025,$-195, Debit Card,Refund,usd
Q4-TX-001509,240,11-11-2025,80.30 USD,Debit Card, Subscription ,USD
Q4-TX-001510,14,2025-11-27,238.49,PayPal ,Upgrade ,usd
Q4-TX-001511,1477,2025-10-29,206.59,PayPal , Add-on ,usd
Q4-TX-001512,682,18/12/2025,-437.04,paypal,Refund,usd
Q4-TX-001513,858,22-11-2025,$654.34, Bank Transfer,Upgrade,usd
Q4-TX-001514,1306,12/29/2025,446.50,bank transfer, Subscription,US Dollar
Q4-TX-001515,168,"Dec 01, 2025",$-114.30,Credit Card, Refund ,USD
Q4-TX-001516,306,"Nov 26, 2025",151.76,BANK TRANSFER, Upgrade ,US Dollar
Q4-TX-001517,1022,29/10/2025,$-112.83,BANK TRANSFER,Refund ,usd
Q4-TX-001518,813,22 Oct 2025,494.14,BANK TRANSFER, Subscription ,usd
Q4-TX-001519,502,"Nov 23, 2025",USD -290.24,Debit Card,Refund,usd
Q4-TX-001520,337,2025-11-19,278.44 USD,DEBIT CARD,Subscription ,US Dollar
Q4-TX-001521,1321,02/12/2025,-84.89, Debit Card, Refund,US Dollar
Q4-TX-001522,86,10/22/2025,USD -250.65,Bank Transfer , Refund ,USD
Q4-TX-001523,1314,15 Oct 2025,USD -370.81,PAYPAL,refund,USD
Q4-TX-001524,697,30/12/2025,164.53,BANK TRANSFER, Subscription ,usd
Q4-TX-001525,835,2025-11-09,53.41 USD, Credit Card ,Upgrade,US Dollar
Q4-TX-001526,1449,02/12/2025,73.64 USD,Credit Card,SUBSCRIPTION,US Dollar
Q4-TX-001527,45,11 Nov 2025,556.64,DEBIT CARD,ADD-ON,usd
Q4-TX-001528,897,2025-12-29,525.78, Credit Card ,UPGRADE,usd
Q4-TX-001529,338,26 Nov 2025,612.42,BANK TRANSFER,Subscription,usd
Q4-TX-001530,814,29-11-2025,432.42, PayPal,Subscription ,usd
Q4-TX-001531,738,12/30/2025,$140.52,bank transfer,ADD-ON,US Dollar
Q4-TX-001532,208,14/10/2025,$461.19,Credit Card ,Upgrade ,usd
Q4-TX-001533,472,11/26/2025,$154.59,credit card,add-on,USD
Q4-TX-001534,33,2025-12-21,$197,Debit Card ,add-on,usd
Q4-TX-001535,1204,14-10-2025,327.82 USD, Credit Card,Add-on ,usd
Q4-TX-001536,191,05/11/2025,USD 188.26, PayPal , Upgrade,usd
Q4-TX-001537,990,20-10-2025,142.17, PayPal ,SUBSCRIPTION,USD
Q4-TX-001538,381,2025-12-22,$206,Bank Transfer , Upgrade,US Dollar
Q4-TX-001539,423,15 Nov 2025,431.50 USD,DEBIT CARD,Upgrade,USD
Q4-TX-001540,1348,11/15/2025,-153.32, Bank Transfer , Refund,USD
Q4-TX-001541,927,2025-12-01,142.25, Credit Card ,Upgrade,US Dollar
Q4-TX-001542,464,10/11/2025,-152.29 USD, Credit Card ,Refund,USD
Q4-TX-001543,1042,22/11/2025,$72.13,PayPal , Add-on,US Dollar
Q4-TX-001544,600,2025-12-07,-87.24,Debit Card ,REFUND,usd
Q4-TX-001545,744,11/27/2025,108.38,CREDIT CARD,Upgrade ,US Dollar
Q4-TX-001546,1208,19/10/2025,166.92 USD,paypal,SUBSCRIPTION,USD
Q4-TX-001547,1471,12/10/2025,$-290.58, PayPal, Refund,usd
Q4-TX-001548,9,2025-10-26,$54.40,PAYPAL,Subscription ,USD
Q4-TX-001549,167,20/10/2025,-324.92,CREDIT CARD, Refund,usd
Q4-TX-001550,332,2025-10-09,USD -554.76, PayPal, Refund,USD
Q4-TX-001551,308,08-10-2025,116.36,Bank Transfer ,ADD-ON,usd
Q4-TX-001552,1204,"Dec 08, 2025",277.72, PayPal,Upgrade,usd
Q4-TX-001553,1293,10/16/2025,$93.08,Bank Transfer,SUBSCRIPTION,USD
Q4-TX-001554,876,07-12-2025,$211, Debit Card,Upgrade,USD
Q4-TX-001555,998,04-10-2025,230.69,Credit Card ,Subscription,usd
Q4-TX-001556,546,2025-10-30,365.37,CREDIT CARD,Upgrade ,USD
Q4-TX-001557,199,07/10/2025,$-827, Bank Transfer, Refund ,USD
Q4-TX-001558,1478,13 Oct 2025,,Credit Card,Refund ,usd
Q4-TX-001559,7,2025-11-29,$207,PayPal,SUBSCRIPTION,US Dollar
Q4-TX-001560,1046,20 Dec 2025,-215.91,debit card, Refund,usd
Q4-TX-001561,1432,27/12/2025,$242,debit card,UPGRADE,US Dollar
Q4-TX-001562,6,18/10/2025,USD 255.88,Credit Card,Subscription ,USD
Q4-TX-001563,1438,10/20/2025,179.31, Debit Card, Upgrade,US Dollar
Q4-TX-001564,1418,"Dec 22, 2025",-652.39, Debit Card,Refund ,USD
Q4-TX-001565,1073,04/12/2025,$213.45,Bank Transfer,add-on,usd
Q4-TX-001566,1305,10/25/2025,-129.21,Bank Transfer ,REFUND,usd
Q4-TX-001567,1465,2025-12-13,202.36,debit card,Add-on,usd
Q4-TX-001568,94,10 Dec 2025,$223.40, Credit Card , Subscription ,USD
Q4-TX-001569,471,26 Oct 2025,$-223, Credit Card ,Refund,USD
Q4-TX-001570,701,27-12-2025,$-234,credit card,Refund ,USD
Q4-TX-001571,1210,2025-12-12,430.50,Credit Card , Subscription ,usd
Q4-TX-001572,504,08 Oct 2025,$632.22,PAYPAL, Upgrade,USD
Q4-TX-001573,1005,28-12-2025,USD -298.56,bank transfer,refund,US Dollar
Q4-TX-001574,25,"Dec 23, 2025",-456.92,Credit Card, Refund,usd
Q4-TX-001575,284,15 Oct 2025,233.50,CREDIT CARD, Add-on ,USD
Q4-TX-001576,998,10/31/2025,$235,credit card,Add-on ,USD
Q4-TX-001577,507,15/10/2025,142.41, Bank Transfer ,Subscription,US Dollar
Q4-TX-001578,1489,14-12-2025,$418.62,PayPal ,Subscription ,usd
Q4-TX-001579,1353,2025-12-02,$-677.00,bank transfer,Refund,US Dollar
Q4-TX-001580,513,02 Dec 2025,536.30 USD, Bank Transfer ,Subscription ,USD
Q4-TX-001581,977,"Nov 01, 2025",$327.86,Bank Transfer,Subscription ,USD
Q4-TX-001582,760,10 Nov 2025,$-270,PayPal,Refund,US Dollar
Q4-TX-001583,715,"Dec 12, 2025",270.37 USD,DEBIT CARD,Add-on ,usd
Q4-TX-001584,1072,10/19/2025,-475.92 USD,Debit Card , Refund,USD
Q4-TX-001585,871,03-11-2025,-191.59, Debit Card, Refund,US Dollar
Q4-TX-001586,700,10/08/2025,$96.26, Debit Card ,Subscription ,usd
Q4-TX-001587,1402,13 Nov 2025,$212.24,Debit Card , Upgrade ,USD
Q4-TX-001588,74,18/10/2025,USD 107.20,DEBIT CARD, Subscription ,US Dollar
Q4-TX-001589,113,11-11-2025,222.04,CREDIT CARD,add-on,US Dollar
Q4-TX-001590,1353,27 Nov 2025,111.02 USD,bank transfer, Upgrade ,usd
Q4-TX-001591,1275,18 Oct 2025,,bank transfer,UPGRADE,USD
Q4-TX-001592,206,2025-10-15,USD 165.62,PayPal ,Upgrade ,usd
Q4-TX-001593,772,11/23/2025,$162.17,PayPal ,subscription,usd
Q4-TX-001594,505,2025-12-13,304.60,CREDIT CARD, Add-on,USD
Q4-TX-001595,30,2025-12-26,-118.36,DEBIT CARD,Refund,USD
Q4-TX-001596,1231,12/09/2025,122.78, Credit Card,Add-on,usd
Q4-TX-001597,1053,10/18/2025,$-212,PAYPAL, Refund ,usd
Q4-TX-001598,397,11/17/2025,389.03,PayPal ,SUBSCRIPTION,USD
Q4-TX-001599,283,04-10-2025,$52,PayPal, Subscription ,US Dollar
Q4-TX-001600,1155,11 Oct 2025,$-367,Credit Card , Refund,US Dollar
Q4-TX-001601,1274,29 Nov 2025,$186, Bank Transfer,add-on,USD
Q4-TX-001602,668,"Dec 19, 2025",-256.38,PayPal,REFUND,US Dollar
Q4-TX-001603,435,07/10/2025,297.59, Debit Card,Subscription ,US Dollar
Q4-TX-001604,1040,31/12/2025,USD 85.13, Bank Transfer , Upgrade,usd
Q4-TX-001605,1134,2025-11-18,$-340.82, Debit Card , Refund ,usd
Q4-TX-001606,971,12/07/2025,645.62,BANK TRANSFER,Add-on,usd
Q4-TX-001607,69,11/25/2025,189.65,BANK TRANSFER,subscription,US Dollar
Q4-TX-001608,1199,06/12/2025,$269.23,BANK TRANSFER, Add-on,usd
Q4-TX-001609,1078,2025-10-06,280.23 USD,Credit Card,add-on,US Dollar
Q4-TX-001610,911,"Nov 29, 2025",73.33,credit card, Add-on,US Dollar
Q4-TX-001611,541,10/28/2025,$430.42,Credit Card, Subscription,usd
Q4-TX-001612,152,20/10/2025,69.86, Credit Card ,Upgrade,USD
Q4-TX-001613,213,"Nov 03, 2025",-299.71, Bank Transfer, Refund ,US Dollar
Q4-TX-001614,242,"Dec 26, 2025",215.14,Credit Card ,SUBSCRIPTION,US Dollar
Q4-TX-001615,9,"Nov 16, 2025",$325,Bank Transfer ,Add-on ,USD
Q4-TX-001616,108,26 Nov 2025,USD -80.12,debit card,Refund ,usd
Q4-TX-001617,446,10/24/2025,$-157.19, Credit Card,Refund ,US Dollar
Q4-TX-001618,826,12/07/2025,48.26, PayPal, Add-on,USD
Q4-TX-001619,151,08 Dec 2025,149.65,PayPal, Upgrade ,USD
Q4-TX-001620,614,13/12/2025,$147.27,BANK TRANSFER,UPGRADE,USD
Q4-TX-001621,944,"Nov 05, 2025",USD -187.52,Credit Card, Refund,usd
Q4-TX-001622,1438,16-11-2025,414.68,bank transfer,upgrade,USD
Q4-TX-001623,943,01/12/2025,$345,PayPal , Upgrade,usd
Q4-TX-001624,316,"Oct 14, 2025",31.59,paypal,Subscription ,USD
Q4-TX-001625,223,10/13/2025,160.79 USD,Credit Card ,Upgrade ,US Dollar
Q4-TX-001626,1227,06-11-2025,$84,PayPal, Upgrade ,US Dollar
Q4-TX-001627,1229,19/10/2025,$49.06,PAYPAL,Upgrade,USD
Q4-TX-001628,434,"Dec 04, 2025",$206.07,debit card,Add-on ,US Dollar
Q4-TX-001629,387,2025-10-03,USD 126.07,credit card,upgrade,usd
Q4-TX-001630,126,2025-10-20,,CREDIT CARD,Upgrade,USD
Q4-TX-001631,1083,22 Nov 2025,$-345.44,BANK TRANSFER,REFUND,US Dollar
Q4-TX-001632,292,"Nov 18, 2025",USD -226.17, Debit Card , Refund,USD
Q4-TX-001633,14,"Dec 24, 2025",269.06,Debit Card ,upgrade,US Dollar
Q4-TX-001634,1187,23 Oct 2025,USD -529.75, Credit Card, Refund,usd
Q4-TX-001635,1146,20-11-2025,USD 234.19,Credit Card,upgrade,USD
Q4-TX-001636,224,23 Oct 2025,$259, PayPal,Upgrade ,US Dollar
Q4-TX-001637,740,12/24/2025,$219.31, Bank Transfer,Add-on ,USD
Q4-TX-001638,64,2025-12-10,236.96, Bank Transfer, Subscription ,US Dollar
Q4-TX-001639,1234,25-11-2025,USD 89.10, PayPal,SUBSCRIPTION,USD
Q4-TX-001640,337,29-11-2025,USD 298.59,credit card,add-on,usd
Q4-TX-001641,1317,"Dec 26, 2025",$167, Credit Card,Subscription ,usd
Q4-TX-001642,960,2025-12-05,$419.92, PayPal ,Subscription ,US Dollar
Q4-TX-001643,82,2025-11-10,-97.85,Debit Card , Refund,usd
Q4-TX-001644,334,"Nov 22, 2025",$171.86,Bank Transfer ,Add-on,usd
Q4-TX-001645,15,10/21/2025,102.01, PayPal ,Upgrade,usd
Q4-TX-001646,1019,23 Nov 2025,76.48,bank transfer, Add-on ,USD
Q4-TX-001647,545,25-10-2025,$263.67,bank transfer,ADD-ON,USD
Q4-TX-001648,11,"Nov 28, 2025",$360,PayPal , Add-on,US Dollar
Q4-TX-001649,1266,19 Oct 2025,293.52, Bank Transfer ,add-on,usd
Q4-TX-001650,86,13-10-2025,$180,bank transfer,Upgrade ,usd
Q4-TX-001651,225,09/10/2025,155.30,Bank Transfer , Add-on,US Dollar
Q4-TX-001652,982,2025-12-27,-54.06,DEBIT CARD,Refund ,US Dollar
Q4-TX-001653,1121,2025-12-12,$87,BANK TRANSFER, Upgrade,USD
Q4-TX-001654,431,"Oct 07, 2025",240.29,paypal, Add-on ,usd
Q4-TX-001655,282,16-12-2025,$528,paypal,add-on,usd
Q4-TX-001656,411,27 Dec 2025,$72.22,Bank Transfer,subscription,usd
Q4-TX-001657,755,27/10/2025,$178.33,DEBIT CARD,SUBSCRIPTION,USD
Q4-TX-001658,805,11/03/2025,651.37,Debit Card,Subscription,USD
Q4-TX-001659,126,10/11/2025,USD 220.23,PayPal,ADD-ON,USD
Q4-TX-001660,549,11/21/2025,153.55,debit card, Add-on,usd
Q4-TX-001661,660,14 Oct 2025,,paypal,Subscription ,US Dollar
Q4-TX-001662,96,07 Oct 2025,-571.05 USD,DEBIT CARD,Refund ,USD
Q4-TX-001663,1156,19-10-2025,$541,PayPal,upgrade,usd
Q4-TX-001664,470,28-11-2025,USD -231.15,CREDIT CARD,Refund ,USD
Q4-TX-001665,1031,25 Oct 2025,USD -397.92,PayPal,REFUND,US Dollar
Q4-TX-001666,1442,08/10/2025,226.63, Bank Transfer ,Subscription,usd
Q4-TX-001667,837,2025-12-20,$125.99,DEBIT CARD,subscription,USD
Q4-TX-001668,264,16/10/2025,49.42 USD,Credit Card,UPGRADE,usd
Q4-TX-001669,710,10/11/2025,-128.07,paypal,REFUND,US Dollar
Q4-TX-001670,912,14 Oct 2025,-141.46, Credit Card,refund,US Dollar
Q4-TX-001671,924,29 Nov 2025,USD -155.96,PAYPAL,REFUND,US Dollar
Q4-TX-001672,622,2025-11-16,$100,debit card,Add-on ,US Dollar
Q4-TX-001673,1371,10/03/2025,$172.62, Bank Transfer , Add-on ,usd
Q4-TX-001674,247,01 Nov 2025,$-130.37, Credit Card, Refund,USD
Q4-TX-001675,652,08 Nov 2025,$-413,PAYPAL,refund,US Dollar
Q4-TX-001676,901,17 Nov 2025,172.14,BANK TRANSFER, Subscription ,usd
Q4-TX-001677,187,"Oct 16, 2025",$-291.58,Bank Transfer, Refund,US Dollar
Q4-TX-001678,21,"Nov 02, 2025",$129.75,Credit Card,Upgrade,US Dollar
Q4-TX-001679,279,10/10/2025,USD 294.58, Debit Card, Upgrade ,usd
Q4-TX-001680,398,04-11-2025,$255.77,PayPal,Upgrade ,usd
Q4-TX-001681,1050,03 Oct 2025,USD -197.82,Credit Card , Refund,usd
Q4-TX-001682,745,23-12-2025,117.95 USD,credit card, Add-on,US Dollar
Q4-TX-001683,870,09/12/2025,69.26, PayPal,add-on,US Dollar
Q4-TX-001684,946,02 Oct 2025,USD 163.04,CREDIT CARD,add-on,USD
Q4-TX-001685,705,30 Oct 2025,USD 283.94,credit card,Add-on,US Dollar
Q4-TX-001686,769,27/11/2025,$440,Credit Card ,add-on,USD
Q4-TX-001687,1083,25/11/2025,$157,CREDIT CARD,SUBSCRIPTION,US Dollar
Q4-TX-001688,1223,21-11-2025,-66.75, PayPal, Refund ,USD
Q4-TX-001689,1326,06/11/2025,304.08, PayPal, Add-on ,USD
Q4-TX-001690,1177,31 Oct 2025,USD -197.25,PAYPAL,REFUND,USD
Q4-TX-001691,210,13/11/2025,USD 144.30, Bank Transfer ,Upgrade,usd
Q4-TX-001692,1054,"Dec 13, 2025",285.07, PayPal,subscription,usd
Q4-TX-001693,1212,24-10-2025,$198,BANK TRANSFER,add-on,USD
Q4-TX-001694,1234,2025-10-27,220.53, Credit Card, Subscription ,usd
Q4-TX-001695,1201,"Nov 05, 2025",454.33 USD,credit card, Subscription,US Dollar
Q4-TX-001696,1490,12 Oct 2025,-150.03 USD,Debit Card ,REFUND,usd
Q4-TX-001697,1142,2025-12-09,190.52,Bank Transfer ,Add-on ,usd
Q4-TX-001698,1029,28-12-2025,,PayPal,ADD-ON,US Dollar
Q4-TX-001699,794,07 Oct 2025,-336.84,debit card,Refund,US Dollar
Q4-TX-001700,1068,26/12/2025,-368.53,Debit Card,Refund,USD
Q4-TX-001701,1355,2025-12-26,USD 387.72,bank transfer, Subscription,usd
Q4-TX-001702,853,18 Oct 2025,$133.70,Credit Card ,Add-on ,US Dollar
Q4-TX-001703,1169,28/11/2025,,bank transfer,Refund ,US Dollar
Q4-TX-001704,1196,11/15/2025,109.64,PAYPAL, Add-on ,usd
Q4-TX-001705,461,06-10-2025,384.07 USD,Bank Transfer , Subscription ,usd
Q4-TX-001706,270,2025-12-31,191.98, Bank Transfer,Add-on,USD
Q4-TX-001707,372,08/12/2025,$264,Bank Transfer ,UPGRADE,usd
Q4-TX-001708,1476,2025-11-23,-314.17, Bank Transfer,Refund,US Dollar
Q4-TX-001709,736,03/12/2025,$34.77,Bank Transfer , Subscription,usd
Q4-TX-001710,583,14-11-2025,USD 244.61,CREDIT CARD,UPGRADE,USD
Q4-TX-001711,674,16-11-2025,513.72,Bank Transfer, Upgrade,usd
Q4-TX-001712,1201,12/19/2025,13.91, Bank Transfer ,Add-on,usd
Q4-TX-001713,766,15-10-2025,415.13,Credit Card, Upgrade ,usd
Q4-TX-001714,1221,"Dec 30, 2025",, Debit Card ,Upgrade ,US Dollar
Q4-TX-001715,422,26 Nov 2025,$273.09,Credit Card,Subscription,US Dollar
Q4-TX-001716,1248,21 Dec 2025,-171.93 USD,CREDIT CARD,Refund,US Dollar
Q4-TX-001717,1393,31/12/2025,-152.94,debit card,REFUND,US Dollar
Q4-TX-001718,1159,"Oct 02, 2025",USD -270.25,bank transfer, Refund ,USD
Q4-TX-001719,1488,2025-10-25,USD 116.67,CREDIT CARD, Subscription ,US Dollar
Q4-TX-001720,945,2025-11-03,-94.00 USD,PayPal,Refund,US Dollar
Q4-TX-001721,417,12-12-2025,591.96,paypal, Subscription,USD
Q4-TX-001722,1093,2025-10-27,401.05 USD, Debit Card,SUBSCRIPTION,US Dollar
Q4-TX-001723,1125,2025-10-28,-271.46 USD,Bank Transfer ,refund,US Dollar
Q4-TX-001724,456,12/23/2025,$180,PayPal,Upgrade,US Dollar
Q4-TX-001725,98,13/12/2025,$144.92,PayPal , Add-on ,usd
Q4-TX-001726,7,07-10-2025,USD 209.18,Bank Transfer ,upgrade,USD
Q4-TX-001727,813,2025-12-16,$268,CREDIT CARD,add-on,US Dollar
Q4-TX-001728,603,30-11-2025,USD 199.68, Debit Card,subscription,USD
Q4-TX-001729,320,11/08/2025,$84,Bank Transfer, Upgrade ,US Dollar
Q4-TX-001730,1255,29/12/2025,$209, Bank Transfer ,Subscription,usd
Q4-TX-001731,1428,02-10-2025,USD 51.15, Debit Card ,upgrade,US Dollar
Q4-TX-001732,419,28/11/2025,-369.50, Bank Transfer, Refund ,US Dollar
Q4-TX-001733,537,10/12/2025,299.48 USD, PayPal,Add-on ,usd
Q4-TX-001734,582,2025-12-14,381.38 USD,Credit Card ,Add-on,usd
Q4-TX-001735,1228,06 Nov 2025,$95.66,Debit Card ,Add-on ,USD
Q4-TX-001736,132,11 Oct 2025,$273.52,PayPal ,upgrade,USD
Q4-TX-001737,128,2025-10-12,$155, Bank Transfer, Subscription ,US Dollar
Q4-TX-001738,130,14-12-2025,USD -307.19,PAYPAL,Refund,US Dollar
Q4-TX-001739,1279,03/11/2025,$294, Bank Transfer ,SUBSCRIPTION,usd
Q4-TX-001740,1089,"Oct 25, 2025",456.29,Credit Card,subscription,US Dollar
Q4-TX-001741,1403,"Oct 04, 2025",$294, Credit Card,Add-on ,USD
Q4-TX-001742,981,2025-12-16,$163,Debit Card, Subscription,usd
Q4-TX-001743,394,29/10/2025,189.85, Debit Card,UPGRADE,usd
Q4-TX-001744,124,16-12-2025,USD 656.49,PayPal , Subscription ,usd
Q4-TX-001745,912,2025-11-05,414.72 USD,paypal,Upgrade ,US Dollar
Q4-TX-001746,1155,12 Oct 2025,$-402,DEBIT CARD,refund,USD
Q4-TX-001747,1143,24-10-2025,191.34,bank transfer,add-on,usd
Q4-TX-001748,210,"Dec 16, 2025",490.01, Debit Card ,Add-on,USD
Q4-TX-001749,722,05 Dec 2025,522.83 USD, Debit Card,Subscription,usd
Q4-TX-001750,1242,08-11-2025,24.02, PayPal ,Upgrade ,usd
Q4-TX-001751,180,04/11/2025,-202.83 USD, PayPal , Refund ,USD
Q4-TX-001752,432,15 Oct 2025,-104.45 USD,Bank Transfer,REFUND,usd
Q4-TX-001753,28,05 Oct 2025,75.34,debit card, Upgrade ,US Dollar
Q4-TX-001754,1224,10-12-2025,194.98,bank transfer, Subscription ,USD
Q4-TX-001755,163,19 Oct 2025,257.47, Bank Transfer, Upgrade ,USD
Q4-TX-001756,1341,2025-10-31,$-246,Credit Card , Refund ,usd
Q4-TX-001757,172,25 Oct 2025,USD 432.54,Debit Card ,Upgrade ,USD
Q4-TX-001758,1439,31/10/2025,$-643,Credit Card ,REFUND,US Dollar
Q4-TX-001759,97,05 Nov 2025,USD 365.12,Bank Transfer ,Subscription ,usd
Q4-TX-001760,608,14/11/2025,USD 759.16,bank transfer,subscription,US Dollar
Q4-TX-001761,838,04 Oct 2025,-315.02 USD, Credit Card , Refund,US Dollar
Q4-TX-001762,1285,31-10-2025,$390,paypal, Subscription,US Dollar
Q4-TX-001763,590,11-10-2025,$233.91, Debit Card, Upgrade ,USD
Q4-TX-001764,766,21-10-2025,$120.43,BANK TRANSFER,UPGRADE,usd
Q4-TX-001765,900019,12/03/2025,658.51 USD,PAYPAL,Subscription ,usd
Q4-TX-001766,1028,2025-12-23,USD -87.42,bank transfer,refund,US Dollar
Q4-TX-001767,936,"Nov 05, 2025",300.68, Credit Card , Add-on,US Dollar
Q4-TX-001768,1034,19 Dec 2025,$119,Debit Card,ADD-ON,usd
Q4-TX-001769,582,21-11-2025,-284.08 USD,Credit Card ,refund,usd
Q4-TX-001770,1465,10/25/2025,, Credit Card, Upgrade ,US Dollar
Q4-TX-001771,517,20-12-2025,$51,PayPal , Add-on ,usd
Q4-TX-001772,349,"Nov 21, 2025",$-174.99,DEBIT CARD,Refund ,US Dollar
Q4-TX-001773,900,09/12/2025,-193.66 USD,PayPal ,refund,US Dollar
Q4-TX-001774,1291,11/19/2025,438.37 USD,credit card,add-on,US Dollar
Q4-TX-001775,1132,26 Oct 2025,252.24 USD, PayPal ,subscription,US Dollar
Q4-TX-001776,630,2025-11-18,, Bank Transfer ,ADD-ON,USD
Q4-TX-001777,1168,2025-12-21,USD -394.98,DEBIT CARD,refund,usd
Q4-TX-001778,703,10/22/2025,240.78,Credit Card,subscription,usd
Q4-TX-001779,472,30-11-2025,USD 129.29,PayPal, Subscription,usd
Q4-TX-001780,290,21/10/2025,$-79,paypal, Refund ,US Dollar
Q4-TX-001781,1415,12/14/2025,127.67, Bank Transfer,Subscription ,USD
Q4-TX-001782,640,25/11/2025,$92.07, Debit Card ,upgrade,usd
Q4-TX-001783,1023,29 Oct 2025,245.46 USD, Bank Transfer,UPGRADE,US Dollar
Q4-TX-001784,722,03 Nov 2025,USD 306.50,PayPal , Add-on,US Dollar
Q4-TX-001785,1415,28-12-2025,$270,CREDIT CARD, Subscription,USD
Q4-TX-001786,472,14 Nov 2025,USD 46.04,Credit Card,Upgrade,USD
Q4-TX-001787,1159,17-11-2025,640.19,BANK TRANSFER,add-on,US Dollar
Q4-TX-001788,1470,09/12/2025,$364.21,PAYPAL, Upgrade,usd
Q4-TX-001789,170,2025-11-06,,PayPal ,UPGRADE,US Dollar
Q4-TX-001790,100,26-10-2025,238.07, Credit Card,SUBSCRIPTION,USD
Q4-TX-001791,628,2025-11-04,518.17 USD,BANK TRANSFER, Upgrade ,US Dollar
Q4-TX-001792,190,"Dec 02, 2025",193.85 USD,debit card,Upgrade ,US Dollar
Q4-TX-001793,1445,15/11/2025,143.47,BANK TRANSFER, Upgrade ,USD
Q4-TX-001794,664,18 Dec 2025,228.19,Credit Card ,Upgrade ,USD
Q4-TX-001795,169,"Dec 14, 2025",271.06 USD,paypal, Subscription ,US Dollar
Q4-TX-001796,338,2025-12-08,261.43 USD,DEBIT CARD, Add-on ,USD
Q4-TX-001797,704,30-12-2025,249.29 USD,Bank Transfer,UPGRADE,usd
Q4-TX-001798,82,"Oct 17, 2025",$-163,Debit Card , Refund ,usd
Q4-TX-001799,1009,18-12-2025,309.25, Debit Card, Add-on ,usd
Q4-TX-001800,198,"Oct 26, 2025",$234.47,DEBIT CARD,ADD-ON,USD
Q4-TX-001801,888,2025-10-23,USD -177.82,bank transfer,Refund ,US Dollar
Q4-TX-001802,37,2025-10-06,$-605.12,CREDIT CARD, Refund,US Dollar
Q4-TX-001803,1090,10/11/2025,$90.66, Bank Transfer ,Subscription ,US Dollar
Q4-TX-001804,615,21-10-2025,USD -95.31,bank transfer,REFUND,US Dollar
Q4-TX-001805,935,24-10-2025,350.41 USD, PayPal,Upgrade,usd
Q4-TX-001806,434,10/06/2025,$107,PayPal ,SUBSCRIPTION,US Dollar
Q4-TX-001807,839,20-12-2025,USD 303.32, Credit Card ,Subscription ,US Dollar
Q4-TX-001808,1407,12/18/2025,$504.43,paypal, Subscription ,USD
Q4-TX-001809,902,2025-12-19,539.83 USD,Debit Card, Subscription ,USD
Q4-TX-001810,1092,19-12-2025,178.62,Debit Card ,add-on,US Dollar
Q4-TX-001811,1416,21 Oct 2025,USD 180.30,Bank Transfer, Upgrade ,usd
Q4-TX-001812,48,2025-11-01,221.50,debit card,add-on,usd
Q4-TX-001813,1118,11/11/2025,39.35, Credit Card , Add-on,usd
Q4-TX-001814,1264,"Dec 03, 2025",56.42,paypal, Upgrade,USD
Q4-TX-001815,1412,29 Oct 2025,-77.30,BANK TRANSFER, Refund ,usd
Q4-TX-001816,1078,"Nov 30, 2025",165.70,credit card, Add-on ,USD
Q4-TX-001817,928,12/22/2025,-175.93,credit card,Refund ,usd
Q4-TX-001818,140,2025-11-26,$-161,CREDIT CARD,REFUND,USD
Q4-TX-001819,759,06 Dec 2025,-174.87,PAYPAL, Refund ,USD
Q4-TX-001820,1029,12/10/2025,USD 469.72,Bank Transfer ,UPGRADE,USD
Q4-TX-001821,101,11/10/2025,$382,paypal,Add-on,US Dollar
Q4-TX-001822,376,28 Oct 2025,$-208.97,Bank Transfer ,Refund,USD
Q4-TX-001823,840,12-12-2025,-164.83 USD, Debit Card ,refund,USD
Q4-TX-001824,73,2025-12-11,$194.81,debit card, Add-on,USD
Q4-TX-001825,58,2025-10-22,-355.06 USD,BANK TRANSFER,Refund ,usd
Q4-TX-001826,1432,14/11/2025,-109.56, Bank Transfer ,REFUND,USD
Q4-TX-001827,1092,26 Nov 2025,452.89 USD,credit card,Upgrade ,US Dollar
Q4-TX-001828,1470,30-12-2025,719.83,PAYPAL,SUBSCRIPTION,usd
Q4-TX-001829,347,23 Oct 2025,$593,CREDIT CARD,Subscription ,usd
Q4-TX-001830,355,31 Dec 2025,-177.88, Bank Transfer, Refund,US Dollar
Q4-TX-001831,157,03 Dec 2025,USD -126.77,Bank Transfer ,Refund ,USD
Q4-TX-001832,1221,11/20/2025,33.46, PayPal , Subscription,USD
Q4-TX-001833,1499,24/11/2025,195.95,Debit Card,SUBSCRIPTION,usd
Q4-TX-001834,482,21-10-2025,-50.19 USD,PayPal ,REFUND,US Dollar
Q4-TX-001835,860,"Oct 05, 2025",USD 176.97,PayPal , Upgrade ,usd
Q4-TX-001836,322,18/11/2025,$135.32,CREDIT CARD,Add-on ,usd
Q4-TX-001837,755,26/10/2025,$659.12,DEBIT CARD,Upgrade ,USD
Q4-TX-001838,104,11/11/2025,$133.10,Debit Card, Subscription ,USD
Q4-TX-001839,848,30-10-2025,351.31 USD,DEBIT CARD,UPGRADE,US Dollar
Q4-TX-001840,1202,06 Dec 2025,$-364,Bank Transfer ,Refund ,usd
Q4-TX-001841,773,30-12-2025,USD -133.00,Bank Transfer , Refund,US Dollar
Q4-TX-001842,1312,2025-12-09,46.17,BANK TRANSFER,subscription,usd
Q4-TX-001843,1017,"Oct 03, 2025",361.98,debit card,Subscription,US Dollar
Q4-TX-001844,415,2025-10-14,USD -165.51, Credit Card,refund,US Dollar
Q4-TX-001845,291,2025-10-23,$488.38, Bank Transfer ,add-on,US Dollar
Q4-TX-001846,1353,12/26/2025,312.39, Bank Transfer , Upgrade,US Dollar
Q4-TX-001847,161,07/10/2025,USD -189.30,BANK TRANSFER, Refund,usd
Q4-TX-001848,337,30 Oct 2025,238.49 USD, Credit Card,Subscription ,US Dollar
Q4-TX-001849,886,06/12/2025,164.88,PAYPAL,upgrade,usd
Q4-TX-001850,493,"Oct 12, 2025",$105.37,Bank Transfer, Add-on ,US Dollar
Q4-TX-001851,751,11/07/2025,$315,BANK TRANSFER, Add-on,USD
Q4-TX-001852,681,2025-11-18,$422,bank transfer, Upgrade,usd
Q4-TX-001853,218,2025-11-14,297.96 USD,credit card,ADD-ON,usd
Q4-TX-001854,781,11/28/2025,$377, PayPal ,Add-on,usd
Q4-TX-001855,1056,28/11/2025,$177,DEBIT CARD,Upgrade ,US Dollar
Q4-TX-001856,1389,16 Nov 2025,113.75,credit card,add-on,usd
Q4-TX-001857,493,08-12-2025,$110, PayPal,Add-on,US Dollar
Q4-TX-001858,1337,08-11-2025,267.59 USD, Bank Transfer, Upgrade ,US Dollar
Q4-TX-001859,342,"Oct 05, 2025",-171.32, Debit Card,Refund,USD
Q4-TX-001860,1459,11/09/2025,605.25 USD,DEBIT CARD,subscription,USD
Q4-TX-001861,942,2025-10-24,$-173.62,PayPal ,refund,USD
Q4-TX-001862,1168,04-12-2025,$1204,Debit Card , Add-on,US Dollar
Q4-TX-001863,837,08 Nov 2025,$333.33, PayPal,Add-on ,usd
Q4-TX-001864,653,12/18/2025,$34,paypal,Subscription,usd
Q4-TX-001865,1161,2025-11-15,21.02 USD,Debit Card , Subscription ,USD
Q4-TX-001866,68,12/27/2025,$153, Credit Card ,upgrade,usd
Q4-TX-001867,1342,2025-12-23,-504.58 USD, Credit Card , Refund,USD
Q4-TX-001868,868,16-10-2025,$-247,bank transfer,refund,USD
Q4-TX-001869,595,10/08/2025,129.45,Bank Transfer,SUBSCRIPTION,usd
Q4-TX-001870,117,09/11/2025,352.42,Debit Card, Upgrade ,usd
Q4-TX-001871,801,2025-12-02,595.78 USD,credit card, Add-on,US Dollar
Q4-TX-001872,735,10 Nov 2025,USD 390.22,PayPal ,Upgrade,usd
Q4-TX-001873,619,03 Nov 2025,307.04, PayPal , Subscription,usd
Q4-TX-001874,1172,2025-12-01,74.79, Bank Transfer,add-on,USD
Q4-TX-001875,35,02 Nov 2025,$153,Credit Card ,UPGRADE,US Dollar
Q4-TX-001876,1090,03 Nov 2025,313.16 USD, Bank Transfer ,Subscription,usd
Q4-TX-001877,1246,05/10/2025,USD 337.37,debit card, Add-on ,US Dollar
Q4-TX-001878,1305,25 Nov 2025,USD 170.49,Credit Card,Subscription ,US Dollar
Q4-TX-001879,1105,12/27/2025,137.14, Debit Card,SUBSCRIPTION,USD
Q4-TX-001880,1443,12/26/2025,USD 53.37, Credit Card,subscription,USD
Q4-TX-001881,740,29 Oct 2025,USD 225.73, Debit Card,Upgrade ,usd
Q4-TX-001882,215,"Dec 11, 2025",-358.81,Credit Card ,REFUND,USD
Q4-TX-001883,1068,"Oct 22, 2025",$349.88, Credit Card ,add-on,US Dollar
Q4-TX-001884,735,30-11-2025,41.86,Debit Card ,UPGRADE,USD
Q4-TX-001885,883,17/12/2025,USD -349.45,BANK TRANSFER,Refund,USD
Q4-TX-001886,674,"Oct 22, 2025",$561.13, Debit Card, Upgrade ,US Dollar
Q4-TX-001887,701,08-12-2025,-210.36 USD,paypal,Refund ,US Dollar
Q4-TX-001888,209,12/27/2025,385.79, Bank Transfer,Upgrade ,USD
Q4-TX-001889,1382,30 Dec 2025,208.77 USD, Debit Card,Add-on,USD
Q4-TX-001890,664,2025-10-07,-90.18, Debit Card ,Refund ,USD
Q4-TX-001891,1276,2025-12-22,149.30 USD,Credit Card ,upgrade,US Dollar
Q4-TX-001892,1200,2025-10-06,319.63 USD,PayPal , Subscription ,US Dollar
Q4-TX-001893,1024,30/11/2025,364.90,PayPal, Subscription,USD
Q4-TX-001894,45,"Nov 12, 2025",$108,debit card,add-on,usd
Q4-TX-001895,477,10/13/2025,582.11,CREDIT CARD,Upgrade,US Dollar
Q4-TX-001896,1255,02-10-2025,-606.53,paypal,REFUND,USD
Q4-TX-001897,475,12/13/2025,107.08 USD, Debit Card, Upgrade,US Dollar
Q4-TX-001898,711,25-11-2025,$449.11,bank transfer, Upgrade,USD
Q4-TX-001899,1193,03-12-2025,-312.43 USD,Debit Card,REFUND,USD
Q4-TX-001900,696,2025-11-10,$-175,bank transfer, Refund,USD
Q4-TX-001901,1209,2025-12-29,USD 78.81,CREDIT CARD, Add-on ,usd
Q4-TX-001902,1441,"Dec 24, 2025",$-610.27, PayPal , Refund ,usd
Q4-TX-001903,750,"Dec 19, 2025",$217, PayPal , Subscription,US Dollar
Q4-TX-001904,583,11/10/2025,$53.89,Bank Transfer,subscription,US Dollar
Q4-TX-001905,206,10/16/2025,$540.00, Bank Transfer, Subscription ,usd
Q4-TX-001906,794,04/11/2025,$-293,PAYPAL, Refund ,USD
Q4-TX-001907,1316,10/01/2025,$127.19,Credit Card,add-on,usd
Q4-TX-001908,39,03/12/2025,236.05 USD,PayPal,Upgrade ,usd
Q4-TX-001909,460,17-12-2025,$391, Credit Card,upgrade,USD
Q4-TX-001910,1294,15/12/2025,-166.89,paypal,refund,US Dollar
Q4-TX-001911,172,"Dec 30, 2025",$156,Debit Card,subscription,usd
Q4-TX-001912,1392,11/10/2025,$-135.23,Credit Card ,Refund,US Dollar
Q4-TX-001913,576,24 Oct 2025,USD 122.79, PayPal, Subscription,usd
Q4-TX-001914,744,15-12-2025,-259.68 USD, Debit Card ,refund,usd
Q4-TX-001915,709,"Dec 03, 2025",36.59, Bank Transfer , Subscription ,US Dollar
Q4-TX-001916,442,26 Dec 2025,172.89,Credit Card ,upgrade,US Dollar
Q4-TX-001917,768,2025-11-16,USD -310.84,CREDIT CARD, Refund ,USD
Q4-TX-001918,215,10/05/2025,$60.78, Credit Card, Upgrade,USD
Q4-TX-001919,911,11/13/2025,-378.91,Credit Card,Refund ,usd
Q4-TX-001920,1164,06/12/2025,456.04 USD, Debit Card,SUBSCRIPTION,usd
Q4-TX-001921,1314,"Dec 02, 2025",$396.90, PayPal, Upgrade,USD
Q4-TX-001922,532,28 Dec 2025,$519,Credit Card,ADD-ON,USD
Q4-TX-001923,1060,08/12/2025,-234.85 USD,paypal,refund,usd
Q4-TX-001924,17,01/12/2025,-126.92,Bank Transfer,Refund ,USD
Q4-TX-001925,7,"Nov 05, 2025",$-522.71, Credit Card ,REFUND,US Dollar
Q4-TX-001926,1144,"Nov 07, 2025",$-182.16,PayPal , Refund ,usd
Q4-TX-001927,1006,06-10-2025,$148,PayPal, Subscription,usd
Q4-TX-001928,1360,19/12/2025,192.53,CREDIT CARD,Subscription,usd
Q4-TX-001929,187,13 Oct 2025,USD 96.04, Credit Card ,Upgrade,usd
Q4-TX-001930,857,2025-12-05,143.33 USD,PayPal ,Subscription,US Dollar
Q4-TX-001931,965,2025-12-02,228.44,CREDIT CARD,ADD-ON,USD
Q4-TX-001932,1096,17-12-2025,540.32, Credit Card , Add-on ,usd
Q4-TX-001933,386,14-12-2025,-210.16,DEBIT CARD,Refund,usd
Q4-TX-001934,968,2025-11-23,$358.24,Bank Transfer,Upgrade ,usd
Q4-TX-001935,1311,24-11-2025,119.53,credit card,Subscription ,usd
Q4-TX-001936,169,"Nov 13, 2025",506.36, Bank Transfer,Subscription ,US Dollar
Q4-TX-001937,1219,"Nov 14, 2025",USD -792.44,Bank Transfer, Refund ,USD
Q4-TX-001938,384,13/10/2025,548.62,paypal,Add-on,US Dollar
Q4-TX-001939,529,26-11-2025,$391.23,Credit Card,subscription,usd
Q4-TX-001940,599,14 Nov 2025,-88.92, Bank Transfer,refund,usd
Q4-TX-001941,11,12/16/2025,USD -178.38,bank transfer,Refund ,US Dollar
Q4-TX-001942,1254,"Oct 14, 2025",$43.37,Credit Card,Add-on ,usd
Q4-TX-001943,900012,10/25/2025,USD 167.84,PayPal ,Subscription,US Dollar
Q4-TX-001944,1496,11-11-2025,282.12 USD,Credit Card,add-on,US Dollar
Q4-TX-001945,761,20-12-2025,383.69,Credit Card, Upgrade,USD
Q4-TX-001946,1026,2025-10-05,-201.82, Debit Card ,REFUND,USD
Q4-TX-001947,1277,19-10-2025,USD 343.54,Bank Transfer ,add-on,USD
Q4-TX-001948,291,11/21/2025,282.77 USD, Credit Card,Upgrade ,USD
Q4-TX-001949,1245,13/11/2025,USD -135.99, Debit Card,Refund,US Dollar
Q4-TX-001950,734,"Nov 19, 2025",USD -122.51,Credit Card,refund,usd
Q4-TX-001951,321,20/10/2025,389.16,Credit Card,Upgrade ,US Dollar
Q4-TX-001952,923,26-12-2025,USD 305.11,CREDIT CARD,SUBSCRIPTION,usd
Q4-TX-001953,364,21 Nov 2025,$207,paypal,subscription,USD
Q4-TX-001954,868,01/10/2025,63.06,Debit Card, Upgrade,usd
Q4-TX-001955,420,12/06/2025,,PayPal,ADD-ON,usd
Q4-TX-001956,292,18/11/2025,120.04,Debit Card , Subscription,US Dollar
Q4-TX-001957,1150,06 Nov 2025,-320.64 USD,paypal, Refund ,USD
Q4-TX-001958,945,11/01/2025,$173,Bank Transfer,upgrade,US Dollar
Q4-TX-001959,883,15 Dec 2025,-221.46, Debit Card,Refund,usd
Q4-TX-001960,1090,15/12/2025,$317, PayPal,Add-on ,usd
Q4-TX-001961,801,11/19/2025,34.33,BANK TRANSFER, Upgrade,usd
Q4-TX-001962,631,10/04/2025,133.34,PAYPAL,add-on,US Dollar
Q4-TX-001963,1465,02-10-2025,297.20, Bank Transfer ,ADD-ON,US Dollar
Q4-TX-001964,1427,"Dec 31, 2025",$138.93,Credit Card,Upgrade,US Dollar
Q4-TX-001965,406,05/11/2025,,PayPal,ADD-ON,USD
Q4-TX-001966,323,10/30/2025,-366.28,Bank Transfer ,Refund ,usd
Q4-TX-001967,933,03/12/2025,$182.36, PayPal,add-on,US Dollar
Q4-TX-001968,862,06/11/2025,-342.20, Credit Card, Refund ,US Dollar
Q4-TX-001969,625,03/12/2025,278.49 USD,Credit Card,add-on,US Dollar
Q4-TX-001970,26,"Oct 18, 2025",USD 384.58,bank transfer, Add-on ,US Dollar
Q4-TX-001971,87,10/16/2025,USD 155.82,Credit Card ,Add-on,US Dollar
Q4-TX-001972,825,26/11/2025,$31.26, Credit Card, Add-on,US Dollar
Q4-TX-001973,353,"Nov 19, 2025",76.18, Debit Card,Subscription ,US Dollar
Q4-TX-001974,207,2025-12-19,,Credit Card, Upgrade,USD
Q4-TX-001975,87,11/23/2025,$-291, Bank Transfer,REFUND,US Dollar
Q4-TX-001976,1323,2025-12-22,$200,bank transfer,Upgrade ,USD
Q4-TX-001977,402,2025-12-08,154.30, Debit Card ,UPGRADE,USD
Q4-TX-001978,1045,"Nov 24, 2025",462.22,Debit Card, Upgrade ,usd
Q4-TX-001979,1316,"Nov 23, 2025",, Bank Transfer ,SUBSCRIPTION,usd
Q4-TX-001980,1275,"Oct 04, 2025",$82,CREDIT CARD, Upgrade,USD
Q4-TX-001981,370,17/10/2025,$167.26,Bank Transfer , Add-on,USD
Q4-TX-001982,718,29/12/2025,-251.55,DEBIT CARD,REFUND,US Dollar
Q4-TX-001983,756,09-12-2025,$477.42,Bank Transfer , Subscription ,USD
Q4-TX-001984,825,04/10/2025,695.34,Bank Transfer , Upgrade ,US Dollar
Q4-TX-001985,1047,09-11-2025,210.53,PayPal, Add-on,US Dollar
Q4-TX-001986,615,08 Oct 2025,187.73,paypal,add-on,usd
Q4-TX-001987,460,02/11/2025,-465.12,CREDIT CARD, Refund,USD
Q4-TX-001988,1416,2025-11-19,USD 168.31,Bank Transfer ,Add-on ,US Dollar
Q4-TX-001989,1280,"Dec 09, 2025",$-87.40,PayPal ,REFUND,USD
Q4-TX-001990,1482,24-10-2025,$-460.93,Debit Card, Refund ,US Dollar
Q4-TX-001991,1358,13 Dec 2025,$464, Bank Transfer , Subscription ,usd
Q4-TX-001992,215,11/28/2025,$-121.30,Credit Card,refund,US Dollar
Q4-TX-001993,161,"Nov 10, 2025",USD 243.94, PayPal, Add-on,usd
Q4-TX-001994,1139,08-11-2025,$175,DEBIT CARD,Upgrade,usd
Q4-TX-001995,1091,2025-12-09,$419, PayPal ,UPGRADE,usd
Q4-TX-001996,1000,10/08/2025,-79.05,Bank Transfer ,Refund,usd
Q4-TX-001997,727,05 Dec 2025,$249,bank transfer,UPGRADE,usd
Q4-TX-001998,669,10/08/2025,USD 279.27,debit card,SUBSCRIPTION,USD
Q4-TX-001999,1083,18/11/2025,$156.03, Debit Card , Subscription,USD
Q4-TX-002000,764,11/15/2025,570.38,Debit Card ,Subscription,US Dollar
Q4-TX-002001,509,2025-12-30,159.49 USD, PayPal, Subscription,usd
Q4-TX-002002,393,2025-12-29,118.39 USD, Bank Transfer, Upgrade,usd
Q4-TX-002003,593,2025-10-25,$-396.91,paypal, Refund ,USD
Q4-TX-002004,614,14/11/2025,180.54,paypal, Subscription ,USD
Q4-TX-002005,1345,10/11/2025,USD -57.09,bank transfer,Refund ,usd
Q4-TX-002006,715,11/28/2025,232.11 USD, PayPal ,upgrade,USD
Q4-TX-002007,579,25-12-2025,189.78, Debit Card ,UPGRADE,USD
Q4-TX-002008,646,12/11/2025,351.17, Bank Transfer,Upgrade,usd
Q4-TX-002009,68,11/14/2025,35.01,paypal, Upgrade ,usd
Q4-TX-002010,145,"Dec 03, 2025",-292.24,BANK TRANSFER,REFUND,usd
Q4-TX-002011,802,08-10-2025,$377, Bank Transfer,upgrade,US Dollar
Q4-TX-002012,369,16 Nov 2025,$86,CREDIT CARD, Subscription ,usd
Q4-TX-002013,1059,15 Nov 2025,339.06, PayPal , Add-on,US Dollar
Q4-TX-002014,269,2025-10-12,-256.30, Credit Card, Refund,USD
Q4-TX-002015,936,14/12/2025,USD 164.91,paypal, Add-on ,usd
Q4-TX-002016,302,10/14/2025,220.01 USD, Credit Card , Subscription,USD
Q4-TX-002017,1297,08 Oct 2025,USD -100.45, PayPal, Refund ,USD
Q4-TX-002018,1325,"Nov 14, 2025",-187.69 USD,DEBIT CARD,Refund,US Dollar
Q4-TX-002019,1471,2025-11-22,$210.55,DEBIT CARD,subscription,usd
Q4-TX-002020,499,09 Oct 2025,$187.98,PayPal, Upgrade,US Dollar
Q4-TX-002021,22,2025-10-03,-421.98,PAYPAL,REFUND,USD
Q4-TX-002022,306,14 Nov 2025,-256.77,Bank Transfer , Refund,US Dollar
Q4-TX-002023,940,27/12/2025,USD -414.50, Bank Transfer, Refund ,usd
Q4-TX-002024,183,"Nov 30, 2025",187.04,credit card,Subscription,usd
Q4-TX-002025,671,28/11/2025,-312.97 USD,CREDIT CARD,Refund ,USD
Q4-TX-002026,1153,22-10-2025,-250.53 USD,PAYPAL, Refund,usd
Q4-TX-002027,102,11/15/2025,$253.47,PayPal,subscription,US Dollar
Q4-TX-002028,1283,19-10-2025,-431.85, Credit Card,REFUND,US Dollar
Q4-TX-002029,514,"Oct 01, 2025",110.59 USD,PAYPAL, Add-on ,USD
Q4-TX-002030,552,2025-12-29,51.48,Credit Card,upgrade,USD
Q4-TX-002031,1286,11/12/2025,-264.35 USD, Debit Card,REFUND,US Dollar
Q4-TX-002032,1482,10-10-2025,-231.59, Credit Card , Refund ,USD
Q4-TX-002033,840,2025-12-31,$390.03,paypal,SUBSCRIPTION,US Dollar
Q4-TX-002034,1346,22-11-2025,$305,BANK TRANSFER,Add-on ,US Dollar
Q4-TX-002035,862,2025-12-09,,debit card, Subscription ,US Dollar
Q4-TX-002036,588,"Oct 17, 2025",USD -244.18,paypal, Refund ,US Dollar
Q4-TX-002037,578,22 Dec 2025,412.16 USD,Bank Transfer,SUBSCRIPTION,USD
Q4-TX-002038,992,2025-10-07,$474,Bank Transfer , Add-on ,US Dollar
Q4-TX-002039,183,09 Dec 2025,184.91 USD, Credit Card , Subscription ,usd
Q4-TX-002040,552,2025-11-27,$240.30,CREDIT CARD, Upgrade,USD
Q4-TX-002041,1081,17/11/2025,-604.46, PayPal ,REFUND,US Dollar
Q4-TX-002042,254,11/29/2025,USD 93.78, PayPal ,UPGRADE,USD
Q4-TX-002043,27,2025-11-14,$210, PayPal, Upgrade,usd
Q4-TX-002044,561,27-11-2025,USD 72.01, Bank Transfer, Subscription ,usd
Q4-TX-002045,1287,18 Oct 2025,277.86,Bank Transfer ,Upgrade,US Dollar
Q4-TX-002046,578,19/10/2025,137.47 USD,paypal,Add-on,usd
Q4-TX-002047,528,15 Nov 2025,$138,BANK TRANSFER,Add-on ,US Dollar
Q4-TX-002048,777,22 Dec 2025,$76,Bank Transfer,UPGRADE,US Dollar
Q4-TX-002049,1027,2025-12-06,-229.17 USD, Debit Card, Refund ,USD
Q4-TX-002050,1297,23/10/2025,317.77,Credit Card,Add-on,US Dollar
Q4-TX-002051,181,"Nov 21, 2025",, Bank Transfer ,add-on,US Dollar
Q4-TX-002052,47,28-12-2025,$79,Credit Card , Add-on ,US Dollar
Q4-TX-002053,204,2025-10-02,USD 301.64,PayPal,Add-on ,US Dollar
Q4-TX-002054,102,01/11/2025,43.56 USD,bank transfer, Add-on ,US Dollar
Q4-TX-002055,798,10-11-2025,$-332,PayPal,refund,US Dollar
Q4-TX-002056,626,10/13/2025,USD -355.46,Credit Card , Refund ,US Dollar
Q4-TX-002057,1497,"Oct 27, 2025",169.74,debit card,ADD-ON,USD
Q4-TX-002058,1387,11/11/2025,USD 150.91,Debit Card,SUBSCRIPTION,USD
Q4-TX-002059,765,"Dec 31, 2025",$177.91, Bank Transfer,ADD-ON,US Dollar
Q4-TX-002060,1202,12 Oct 2025,USD -113.08,CREDIT CARD,REFUND,USD
Q4-TX-002061,59,"Dec 24, 2025",147.04 USD,PayPal,SUBSCRIPTION,US Dollar
Q4-TX-002062,983,09-11-2025,263.42, Bank Transfer, Add-on,US Dollar
Q4-TX-002063,91,11/08/2025,297.02,Credit Card ,Upgrade ,usd
Q4-TX-002064,357,2025-12-08,USD 140.35,Credit Card , Upgrade,USD
Q4-TX-002065,1076,03-10-2025,-130.07 USD,CREDIT CARD,REFUND,usd
Q4-TX-002066,1369,"Dec 26, 2025",184.59 USD,PayPal , Add-on ,US Dollar
Q4-TX-002067,28,"Dec 29, 2025",$117,PayPal ,ADD-ON,US Dollar
Q4-TX-002068,1178,2025-12-30,USD 254.79, Credit Card, Subscription,US Dollar
Q4-TX-002069,1370,11/12/2025,179.87, Credit Card , Upgrade,USD
Q4-TX-002070,1156,22-12-2025,$115,paypal,Subscription,USD
Q4-TX-002071,1328,09/10/2025,USD -100.36,credit card,REFUND,USD
Q4-TX-002072,1493,2025-10-28,209.62,PAYPAL, Upgrade ,USD
Q4-TX-002073,711,13/11/2025,262.80,debit card,UPGRADE,usd
Q4-TX-002074,668,2025-12-04,312.35 USD, Bank Transfer ,Subscription ,usd
Q4-TX-002075,119,11/17/2025,-496.11,PAYPAL, Refund ,USD
Q4-TX-002076,868,01 Nov 2025,$133.83,CREDIT CARD,Subscription,USD
Q4-TX-002077,785,10/07/2025,$-182,Bank Transfer, Refund ,usd
Q4-TX-002078,1197,2025-12-04,$77.24,PayPal, Add-on,USD
Q4-TX-002079,752,2025-12-30,$-449, Credit Card,REFUND,US Dollar
Q4-TX-002080,1241,12/13/2025,96.94,credit card, Add-on ,US Dollar
Q4-TX-002081,1480,12/13/2025,127.09,bank transfer,SUBSCRIPTION,USD
Q4-TX-002082,1498,28/11/2025,USD 344.46,CREDIT CARD,SUBSCRIPTION,USD
Q4-TX-002083,1429,12/14/2025,$-411,BANK TRANSFER, Refund,US Dollar
Q4-TX-002084,904,26-12-2025,-581.21,CREDIT CARD,refund,USD
Q4-TX-002085,1047,12/12/2025,539.47,DEBIT CARD,subscription,US Dollar
Q4-TX-002086,1346,05 Dec 2025,21.88,PAYPAL,UPGRADE,US Dollar
Q4-TX-002087,406,2025-10-21,222.88 USD,Debit Card,Add-on ,USD
Q4-TX-002088,1195,11 Dec 2025,$-284, Credit Card,REFUND,USD
Q4-TX-002089,939,10/10/2025,-243.04 USD, PayPal, Refund,US Dollar
Q4-TX-002090,969,10/18/2025,$-393,DEBIT CARD,refund,USD
Q4-TX-002091,510,11/08/2025,107.93, Credit Card ,upgrade,USD
Q4-TX-002092,574,05 Oct 2025,214.77, Bank Transfer, Add-on,usd
Q4-TX-002093,170,25/12/2025,$356,bank transfer, Add-on ,usd
Q4-TX-002094,1245,08-11-2025,$101.89,Bank Transfer ,Upgrade,US Dollar
Q4-TX-002095,1166,2025-10-02,-128.99, Debit Card,refund,US Dollar
Q4-TX-002096,392,12/25/2025,276.45 USD,Credit Card ,Add-on ,US Dollar
Q4-TX-002097,731,"Oct 11, 2025",, Debit Card ,Add-on ,usd
Q4-TX-002098,238,21 Nov 2025,599.22,PAYPAL,Subscription ,US Dollar
Q4-TX-002099,629,"Oct 28, 2025",183.21 USD,DEBIT CARD,ADD-ON,US Dollar
Q4-TX-002100,920,12-12-2025,-172.46,bank transfer, Refund ,usd
Q4-TX-002101,622,"Nov 17, 2025",$405.76,Debit Card,ADD-ON,US Dollar
Q4-TX-002102,1070,16/11/2025,157.98,PayPal,Add-on ,USD
Q4-TX-002103,1444,2025-10-14,302.33, Bank Transfer , Subscription,usd
Q4-TX-002104,1220,"Dec 22, 2025",284.39 USD,bank transfer, Subscription ,US Dollar
Q4-TX-002105,158,11 Nov 2025,$358.20,CREDIT CARD,Subscription,US Dollar
Q4-TX-002106,66,30-12-2025,341.99 USD,debit card,Add-on,USD
Q4-TX-002107,1339,10/07/2025,-345.74, Credit Card , Refund ,usd
Q4-TX-002108,674,11/20/2025,269.78 USD,Bank Transfer ,ADD-ON,USD
Q4-TX-002109,638,25 Nov 2025,$345, Debit Card,add-on,USD
Q4-TX-002110,615,05-12-2025,$175,CREDIT CARD, Add-on ,US Dollar
Q4-TX-002111,367,08-10-2025,$167.26, PayPal , Subscription ,US Dollar
Q4-TX-002112,832,23-10-2025,439.39, PayPal,Upgrade,US Dollar
Q4-TX-002113,309,03 Oct 2025,$422,CREDIT CARD,Upgrade,USD
Q4-TX-002114,370,10/23/2025,$250.46,Bank Transfer , Upgrade ,usd
Q4-TX-002115,569,24/11/2025,-239.13 USD,DEBIT CARD,REFUND,US Dollar
Q4-TX-002116,99,28/10/2025,-164.48 USD,Bank Transfer, Refund,USD
Q4-TX-002117,825,"Dec 05, 2025",535.20,debit card,Upgrade,US Dollar
Q4-TX-002118,737,"Nov 27, 2025",USD 36.23, Debit Card, Upgrade ,USD
Q4-TX-002119,1319,2025-12-27,$542,DEBIT CARD,upgrade,usd
Q4-TX-002120,756,02 Dec 2025,$139.99,credit card,UPGRADE,USD
Q4-TX-002121,90,"Oct 18, 2025",$299,Credit Card , Add-on,usd
Q4-TX-002122,137,29/11/2025,237.28 USD,Credit Card,Add-on,USD
Q4-TX-002123,1234,30/10/2025,266.60,Credit Card, Upgrade,usd
Q4-TX-002124,737,07/12/2025,$539,bank transfer,ADD-ON,usd
Q4-TX-002125,1449,30-10-2025,$175, PayPal ,Upgrade ,usd
Q4-TX-002126,8,12-11-2025,USD 140.93, Bank Transfer ,Upgrade,usd
Q4-TX-002127,1322,10/20/2025,$200.14,Credit Card,Subscription ,US Dollar
Q4-TX-002128,408,2025-12-29,-138.13, Bank Transfer , Refund ,US Dollar
Q4-TX-002129,292,10/10/2025,USD 254.24, Debit Card,Subscription,USD
Q4-TX-002130,1313,"Dec 15, 2025",$281, Credit Card , Subscription,US Dollar
Q4-TX-002131,1054,27-11-2025,$259,Debit Card ,add-on,usd
Q4-TX-002132,1396,"Oct 24, 2025",USD 549.58,credit card,upgrade,US Dollar
Q4-TX-002133,228,"Oct 16, 2025",$147,BANK TRANSFER,subscription,usd
Q4-TX-002134,1336,"Nov 30, 2025",-834.58,Debit Card, Refund,US Dollar
Q4-TX-002135,323,2025-12-30,USD 262.60, Credit Card,Add-on ,USD
Q4-TX-002136,293,12/06/2025,$66.91,credit card, Upgrade,USD
Q4-TX-002137,58,05-12-2025,119.01 USD,BANK TRANSFER, Subscription ,usd
Q4-TX-002138,157,12/10/2025,USD 329.15,Credit Card,subscription,usd
Q4-TX-002139,1119,13-11-2025,$-449,debit card, Refund ,US Dollar
Q4-TX-002140,380,15 Nov 2025,265.37,credit card, Subscription ,US Dollar
Q4-TX-002141,1415,12/05/2025,$100, PayPal,Upgrade,usd
Q4-TX-002142,442,"Oct 03, 2025",$97.42,BANK TRANSFER,Subscription ,USD
Q4-TX-002143,1451,10/10/2025,$290.25, Debit Card,upgrade,USD
Q4-TX-002144,1267,"Nov 15, 2025",126.28 USD,Bank Transfer ,Subscription,usd
Q4-TX-002145,833,"Oct 02, 2025",$70, Credit Card ,subscription,USD
Q4-TX-002146,972,31/12/2025,$314.51, PayPal, Subscription,usd
Q4-TX-002147,111,16-10-2025,$-158,Debit Card ,Refund,US Dollar
Q4-TX-002148,1481,11/24/2025,-217.84,bank transfer,Refund ,USD
Q4-TX-002149,1101,11/10/2025,149.63, Credit Card,Upgrade ,USD
Q4-TX-002150,41,2025-10-24,$-545, Credit Card, Refund ,usd
Q4-TX-002151,927,"Oct 28, 2025",99.58,PayPal,ADD-ON,US Dollar
Q4-TX-002152,883,01 Dec 2025,USD 95.69, Credit Card,Add-on ,USD
Q4-TX-002153,1296,11/14/2025,401.07, PayPal,subscription,USD
Q4-TX-002154,565,10/24/2025,USD 26.59,PAYPAL,Upgrade ,US Dollar
Q4-TX-002155,141,04/11/2025,$681, Bank Transfer, Add-on,US Dollar
Q4-TX-002156,183,17/12/2025,-284.51,bank transfer, Refund,usd
Q4-TX-002157,889,2025-10-04,376.34,PAYPAL, Upgrade ,USD
Q4-TX-002158,843,"Nov 30, 2025",USD 230.70,Credit Card,Upgrade,USD
Q4-TX-002159,26,19-12-2025,93.70,Bank Transfer,Subscription ,US Dollar
Q4-TX-002160,722,11/30/2025,-303.47,Bank Transfer ,refund,US Dollar
Q4-TX-002161,1383,2025-10-09,$-474.80,paypal,REFUND,USD
Q4-TX-002162,484,"Oct 31, 2025",$111.45,credit card, Subscription ,US Dollar
Q4-TX-002163,493,"Oct 17, 2025",198.78,paypal,SUBSCRIPTION,usd
Q4-TX-002164,961,"Dec 09, 2025",125.73,Credit Card,Subscription ,usd
Q4-TX-002165,660,2025-11-16,326.66 USD,BANK TRANSFER, Add-on,US Dollar
Q4-TX-002166,260,06 Dec 2025,-295.06,bank transfer,REFUND,USD
Q4-TX-002167,288,19/11/2025,-624.69,Credit Card,Refund ,US Dollar
Q4-TX-002168,390,"Oct 22, 2025",-135.18,debit card,REFUND,USD
Q4-TX-002169,425,17-11-2025,$356,Credit Card , Add-on,usd
Q4-TX-002170,720,2025-10-13,281.26 USD,PayPal ,subscription,usd
Q4-TX-002171,237,15 Nov 2025,$368,Debit Card,Upgrade,usd
Q4-TX-002172,111,10/23/2025,$135,Debit Card,Subscription ,USD
Q4-TX-002173,263,10/11/2025,52.00,Debit Card ,Upgrade,US Dollar
Q4-TX-002174,300,18-12-2025,201.66,credit card,SUBSCRIPTION,USD
Q4-TX-002175,888,24/11/2025,$-218, Credit Card,refund,USD
Q4-TX-002176,1084,14 Nov 2025,-598.93,CREDIT CARD, Refund,usd
Q4-TX-002177,101,24/11/2025,125.22 USD,bank transfer,UPGRADE,US Dollar
Q4-TX-002178,482,15/12/2025,$315.96,CREDIT CARD,Upgrade ,USD
Q4-TX-002179,775,"Nov 18, 2025",USD -72.39,PayPal , Refund ,US Dollar
Q4-TX-002180,1132,10/12/2025,157.84,BANK TRANSFER, Add-on ,USD
Q4-TX-002181,433,2025-11-27,114.53,bank transfer,Subscription,USD
Q4-TX-002182,1419,20/11/2025,$287.45,CREDIT CARD,Add-on ,usd
Q4-TX-002183,867,12/18/2025,212.58, Bank Transfer,Subscription,usd
Q4-TX-002184,456,"Nov 09, 2025",USD 244.05,credit card,Subscription ,usd
Q4-TX-002185,992,25 Nov 2025,124.56,Bank Transfer ,subscription,US Dollar
Q4-TX-002186,992,03/12/2025,$47.26, Debit Card , Subscription,USD
Q4-TX-002187,183,28-10-2025,$-141, Credit Card , Refund ,usd
Q4-TX-002188,92,22/11/2025,314.10,paypal, Add-on,US Dollar
Q4-TX-002189,1189,19-11-2025,$342.82,PayPal, Upgrade ,US Dollar
Q4-TX-002190,264,2025-11-09,USD 251.85,PayPal, Add-on ,USD
Q4-TX-002191,1085,"Oct 31, 2025",337.20,Credit Card,upgrade,usd
Q4-TX-002192,1066,13 Oct 2025,$-108.91,paypal, Refund ,usd
Q4-TX-002193,1082,12/23/2025,268.54 USD,PayPal ,Subscription,usd
Q4-TX-002194,1142,10 Nov 2025,$-391.98,Credit Card ,REFUND,usd
Q4-TX-002195,843,15 Nov 2025,-79.71,PAYPAL, Refund ,US Dollar
Q4-TX-002196,541,12/22/2025,148.51, PayPal , Add-on,usd
Q4-TX-002197,567,25/12/2025,USD 164.21,PAYPAL,Upgrade,usd
Q4-TX-002198,1201,31/10/2025,USD -110.48,DEBIT CARD, Refund ,US Dollar
Q4-TX-002199,534,23/12/2025,70.84,Bank Transfer,upgrade,USD
Q4-TX-002200,292,"Dec 18, 2025",$454.90, Debit Card,upgrade,USD
Q4-TX-002201,304,11/20/2025,USD 307.72, PayPal ,add-on,US Dollar
Q4-TX-002202,1139,12/26/2025,$200,PayPal,Upgrade,US Dollar
Q4-TX-002203,942,21-11-2025,129.73 USD,paypal,subscription,usd
Q4-TX-002204,1086,"Oct 05, 2025",-72.99, PayPal,Refund ,USD
Q4-TX-002205,1141,12/21/2025,136.85 USD,PayPal, Subscription,USD
Q4-TX-002206,210,19/12/2025,USD 378.74,PayPal,Subscription,usd
Q4-TX-002207,1371,11/29/2025,516.19,PayPal ,ADD-ON,usd
Q4-TX-002208,947,16 Nov 2025,465.91 USD,PayPal , Add-on ,usd
Q4-TX-002209,230,12/17/2025,136.22,credit card,Upgrade,usd
Q4-TX-002210,1221,10/02/2025,-87.13 USD,Debit Card,REFUND,US Dollar
Q4-TX-002211,293,14-10-2025,USD 173.94, Bank Transfer ,ADD-ON,US Dollar
Q4-TX-002212,88,10/29/2025,$-221.61, Credit Card ,REFUND,usd
Q4-TX-002213,1439,2025-11-08,$246,bank transfer, Add-on,USD
Q4-TX-002214,1215,11/07/2025,USD 167.76,Bank Transfer, Subscription ,USD
Q4-TX-002215,1255,24/10/2025,113.63,Debit Card, Add-on,USD
Q4-TX-002216,1457,10-10-2025,449.50,Debit Card,add-on,USD
Q4-TX-002217,637,15/10/2025,-287.38,CREDIT CARD,Refund ,USD
Q4-TX-002218,395,"Oct 12, 2025",194.05,debit card,UPGRADE,usd
Q4-TX-002219,738,2025-10-28,USD 143.99, Bank Transfer,Subscription ,USD
Q4-TX-002220,289,11/22/2025,$127.68, Bank Transfer ,Add-on,US Dollar
Q4-TX-002221,740,2025-10-13,-551.18 USD, PayPal ,REFUND,US Dollar
Q4-TX-002222,202,"Nov 14, 2025",USD 33.93, Credit Card,add-on,USD
Q4-TX-002223,141,10/11/2025,-204.58,PayPal, Refund ,US Dollar
Q4-TX-002224,629,15-12-2025,$472.09,Credit Card ,SUBSCRIPTION,usd
Q4-TX-002225,307,"Nov 14, 2025",$-249, Credit Card, Refund,USD
Q4-TX-002226,187,"Nov 13, 2025",380.17,Credit Card,Add-on,usd
Q4-TX-002227,809,12/08/2025,359.03 USD, Debit Card,Subscription,US Dollar
Q4-TX-002228,255,05-12-2025,397.25, Debit Card ,Subscription,USD
Q4-TX-002229,803,2025-11-14,916.47, Credit Card , Add-on,usd
Q4-TX-002230,900001,11/03/2025,365.04 USD, Bank Transfer,Add-on,usd
Q4-TX-002231,1374,02-12-2025,$59.93,PAYPAL,Upgrade ,usd
Q4-TX-002232,555,12/19/2025,-631.86,credit card, Refund ,usd
Q4-TX-002233,1011,12 Dec 2025,327.21,bank transfer,subscription,usd
Q4-TX-002234,243,01/10/2025,$-366,CREDIT CARD, Refund,US Dollar
Q4-TX-002235,418,11/29/2025,USD 90.34,Debit Card, Upgrade ,USD
Q4-TX-002236,693,15 Dec 2025,$199.07,PayPal , Upgrade ,usd
Q4-TX-002237,96,26 Dec 2025,-505.62,debit card, Refund ,usd
Q4-TX-002238,94,16-10-2025,-226.00, PayPal,refund,US Dollar
Q4-TX-002239,807,10-10-2025,USD -232.48,DEBIT CARD,REFUND,USD
Q4-TX-002240,1029,"Oct 23, 2025",457.75 USD,paypal,subscription,USD
Q4-TX-002241,878,18 Nov 2025,USD 39.57,BANK TRANSFER,Subscription ,USD
Q4-TX-002242,1192,"Oct 04, 2025",69.46 USD,DEBIT CARD,add-on,USD
Q4-TX-002243,463,04-10-2025,76.64 USD,paypal,Add-on,USD
Q4-TX-002244,510,12/14/2025,$223.57,BANK TRANSFER, Subscription ,US Dollar
Q4-TX-002245,596,20-12-2025,198.09,Bank Transfer,SUBSCRIPTION,usd
Q4-TX-002246,555,2025-10-02,-269.95 USD,debit card, Refund,USD
Q4-TX-002247,801,2025-11-12,-61.27 USD, Credit Card,REFUND,USD
Q4-TX-002248,1135,"Oct 04, 2025",$189.40,CREDIT CARD,add-on,usd
Q4-TX-002249,762,09/10/2025,152.60, Debit Card ,Subscription,usd
Q4-TX-002250,1282,24 Nov 2025,457.91,Credit Card ,Subscription,USD
Q4-TX-002251,180,"Oct 09, 2025",USD 104.14,Credit Card ,Upgrade,US Dollar
Q4-TX-002252,408,10/17/2025,179.58,Bank Transfer ,ADD-ON,usd
Q4-TX-002253,948,08 Dec 2025,$282.64, PayPal,Subscription ,usd
Q4-TX-002254,505,"Oct 15, 2025",142.56, Debit Card ,add-on,US Dollar
Q4-TX-002255,349,2025-12-04,$-649.03, Bank Transfer, Refund,usd
Q4-TX-002256,926,26-10-2025,$358,credit card,add-on,usd
Q4-TX-002257,266,11/01/2025,$305,PAYPAL,SUBSCRIPTION,USD
Q4-TX-002258,481,11/18/2025,$286, Credit Card ,ADD-ON,usd
Q4-TX-002259,285,11/10/2025,$-153.25,PAYPAL, Refund ,usd
Q4-TX-002260,563,25/11/2025,USD 32.63, Bank Transfer ,Add-on ,US Dollar
Q4-TX-002261,1036,03-12-2025,USD 244.80,PayPal,UPGRADE,usd
Q4-TX-002262,151,10/14/2025,USD 219.94,PAYPAL,Subscription,US Dollar
Q4-TX-002263,717,03-10-2025,$137,Bank Transfer, Upgrade,US Dollar
Q4-TX-002264,690,26/10/2025,USD 423.41,Debit Card,subscription,US Dollar
Q4-TX-002265,469,06/10/2025,-266.73,paypal,REFUND,usd
Q4-TX-002266,582,02-10-2025,,DEBIT CARD,SUBSCRIPTION,US Dollar
Q4-TX-002267,1484,"Nov 03, 2025",, Bank Transfer, Subscription,USD
Q4-TX-002268,486,25/12/2025,$226.61,Debit Card,Upgrade,usd
Q4-TX-002269,1213,28 Oct 2025,231.33 USD,Debit Card , Subscription ,usd
Q4-TX-002270,103,"Oct 05, 2025",$74,Bank Transfer ,Add-on ,US Dollar
Q4-TX-002271,869,11/01/2025,-222.28,Debit Card, Refund ,US Dollar
Q4-TX-002272,175,2025-10-07,-157.21 USD,PAYPAL,REFUND,US Dollar
Q4-TX-002273,623,15 Oct 2025,-119.80, PayPal ,Refund ,US Dollar
Q4-TX-002274,1081,31-12-2025,71.90,Debit Card,Subscription,USD
Q4-TX-002275,356,05-10-2025,-394.09 USD, Debit Card , Refund,usd
Q4-TX-002276,550,"Nov 09, 2025",USD 708.04, PayPal,upgrade,US Dollar
Q4-TX-002277,1435,2025-10-20,534.62,BANK TRANSFER,upgrade,USD
Q4-TX-002278,46,22/10/2025,$-110,Bank Transfer , Refund,US Dollar
Q4-TX-002279,1355,03/11/2025,-429.08,PayPal ,REFUND,USD
Q4-TX-002280,54,06-11-2025,$185, Debit Card,Subscription,usd
Q4-TX-002281,1026,07 Dec 2025,35.87, PayPal ,ADD-ON,USD
Q4-TX-002282,1128,"Dec 14, 2025",161.21,bank transfer,UPGRADE,US Dollar
Q4-TX-002283,1255,2025-12-03,USD 230.53,credit card,Upgrade ,usd
Q4-TX-002284,1462,21 Oct 2025,$-259,Credit Card , Refund ,US Dollar
Q4-TX-002285,1471,30-11-2025,254.75,debit card,subscription,usd
Q4-TX-002286,1106,02-11-2025,USD -92.41, Debit Card ,refund,US Dollar
Q4-TX-002287,877,"Oct 09, 2025",USD -145.72,PAYPAL,Refund,USD
Q4-TX-002288,914,09-10-2025,271.25 USD,CREDIT CARD,Subscription ,usd
Q4-TX-002289,532,2025-11-05,134.48,BANK TRANSFER, Add-on,USD
Q4-TX-002290,1343,14/11/2025,$-116.77, Bank Transfer , Refund ,USD
Q4-TX-002291,960,12/03/2025,110.92 USD,DEBIT CARD,ADD-ON,US Dollar
Q4-TX-002292,315,08-10-2025,-71.38 USD,DEBIT CARD,REFUND,usd
Q4-TX-002293,421,09-11-2025,105.30,credit card, Add-on,USD
Q4-TX-002294,306,10/18/2025,291.68,Debit Card,ADD-ON,US Dollar
Q4-TX-002295,877,11/12/2025,$165.78, Debit Card,UPGRADE,US Dollar
Q4-TX-002296,1095,07-11-2025,USD 212.07, Debit Card,SUBSCRIPTION,USD
Q4-TX-002297,940,2025-10-01,-243.94 USD,PayPal , Refund,USD
Q4-TX-002298,295,"Dec 07, 2025",USD 102.74,Credit Card,ADD-ON,USD
Q4-TX-002299,888,"Dec 03, 2025",708.15,Debit Card , Add-on ,US Dollar
Q4-TX-002300,1069,23 Oct 2025,$151.96,PAYPAL,upgrade,usd
Q4-TX-002301,39,10/12/2025,USD 182.82,PAYPAL,SUBSCRIPTION,US Dollar
Q4-TX-002302,447,29/12/2025,USD -126.78,PAYPAL, Refund ,USD
Q4-TX-002303,763,02 Oct 2025,$606.31, Debit Card ,upgrade,US Dollar
Q4-TX-002304,865,22/10/2025,$555.71,Bank Transfer ,Add-on ,usd
Q4-TX-002305,550,2025-10-14,33.20,PAYPAL,UPGRADE,US Dollar
Q4-TX-002306,828,19-10-2025,USD 102.69,DEBIT CARD,Add-on,US Dollar
Q4-TX-002307,1213,"Nov 09, 2025",161.12 USD, Debit Card ,Subscription ,US Dollar
Q4-TX-002308,511,2025-11-03,$373,debit card,add-on,US Dollar
Q4-TX-002309,278,12/30/2025,USD -199.28,PayPal ,refund,US Dollar
Q4-TX-002310,406,12/25/2025,396.97 USD,credit card,Subscription ,USD
Q4-TX-002311,49,"Dec 02, 2025",304.13,Credit Card ,add-on,usd
Q4-TX-002312,1369,"Nov 15, 2025",142.61,PayPal , Add-on ,USD
Q4-TX-002313,1392,10/06/2025,USD 581.00, PayPal, Subscription,US Dollar
Q4-TX-002314,438,2025-12-31,$36, Bank Transfer ,Subscription,US Dollar
Q4-TX-002315,561,11 Oct 2025,-705.82, Debit Card ,Refund,US Dollar
Q4-TX-002316,1091,"Nov 28, 2025",$-30, Credit Card,Refund,usd
Q4-TX-002317,893,"Dec 05, 2025",302.44, Bank Transfer ,ADD-ON,USD
Q4-TX-002318,1193,2025-12-15,282.61,PayPal ,Upgrade,USD
Q4-TX-002319,151,25-12-2025,$102,PAYPAL,SUBSCRIPTION,US Dollar
Q4-TX-002320,835,27/11/2025,USD 228.14,Credit Card,add-on,USD
Q4-TX-002321,1097,10/09/2025,215.66, Debit Card ,ADD-ON,usd
Q4-TX-002322,169,2025-10-28,383.44,Bank Transfer ,subscription,USD
Q4-TX-002323,88,10/27/2025,,PayPal , Add-on ,US Dollar
Q4-TX-002324,1297,"Nov 23, 2025",USD 181.00, Bank Transfer, Upgrade,USD
Q4-TX-002325,317,"Nov 05, 2025",USD 246.00, Bank Transfer,Upgrade ,USD
Q4-TX-002326,693,2025-12-12,$216.28,bank transfer,Upgrade,USD
Q4-TX-002327,323,"Oct 02, 2025",104.32, PayPal , Upgrade ,USD
Q4-TX-002328,1417,"Dec 22, 2025",-286.95 USD, Credit Card , Refund ,usd
Q4-TX-002329,1458,"Oct 30, 2025",USD -741.46, Credit Card ,Refund ,US Dollar
Q4-TX-002330,1248,12/07/2025,USD -217.41, PayPal, Refund ,USD
Q4-TX-002331,991,12/06/2025,-33.63 USD, Bank Transfer, Refund,USD
Q4-TX-002332,656,10/09/2025,$-321.15,BANK TRANSFER,Refund,USD
Q4-TX-002333,150,15/12/2025,USD 176.80, PayPal, Add-on,usd
Q4-TX-002334,316,11/14/2025,429.15 USD,credit card,Add-on ,US Dollar
Q4-TX-002335,1215,10/10/2025,$225, Debit Card,Add-on,usd
Q4-TX-002336,1231,10/09/2025,179.22, Credit Card ,Subscription,US Dollar
Q4-TX-002337,668,16/10/2025,91.65 USD, Bank Transfer ,Add-on ,USD
Q4-TX-002338,1261,"Dec 05, 2025",79.54, PayPal , Subscription,US Dollar
Q4-TX-002339,756,09/10/2025,202.40, PayPal ,SUBSCRIPTION,US Dollar
Q4-TX-002340,1289,18/10/2025,$209.22,PayPal ,Add-on,US Dollar
Q4-TX-002341,1046,2025-10-17,$186,Bank Transfer,Add-on,USD
Q4-TX-002342,1085,20-10-2025,,Credit Card, Subscription,usd
Q4-TX-002343,895,01-12-2025,-67.97,credit card, Refund,USD
Q4-TX-002344,1317,2025-11-21,186.44, Bank Transfer ,Upgrade ,usd
Q4-TX-002345,1267,10/14/2025,454.88 USD,PAYPAL,Add-on ,usd
Q4-TX-002346,495,12/11/2025,$260,PayPal,Upgrade ,usd
Q4-TX-002347,759,10/16/2025,USD -452.43,Debit Card, Refund ,usd
Q4-TX-002348,236,10/18/2025,138.02,PAYPAL,Upgrade ,usd
Q4-TX-002349,913,28-12-2025,227.80,CREDIT CARD,Add-on ,USD
Q4-TX-002350,9,15/11/2025,250.66,credit card,UPGRADE,USD
Q4-TX-002351,1363,2025-11-27,$526,PayPal ,upgrade,usd
Q4-TX-002352,95,13/10/2025,-300.84,Credit Card, Refund ,US Dollar
Q4-TX-002353,412,23/12/2025,635.01 USD,PayPal , Upgrade ,USD
Q4-TX-002354,804,06/10/2025,$296,credit card, Upgrade ,usd
Q4-TX-002355,900015,05/10/2025,$-38.73,BANK TRANSFER, Refund ,usd
Q4-TX-002356,116,11/22/2025,-304.95, Debit Card ,REFUND,US Dollar
Q4-TX-002357,697,"Oct 17, 2025",455.87 USD,PayPal , Upgrade ,US Dollar
Q4-TX-002358,126,02/11/2025,$158.52, Debit Card, Upgrade,usd
Q4-TX-002359,1095,04 Nov 2025,-319.34, Bank Transfer ,refund,US Dollar
Q4-TX-002360,1251,30-12-2025,257.95, PayPal ,Add-on ,USD
Q4-TX-002361,32,2025-11-25,204.20 USD,DEBIT CARD,SUBSCRIPTION,usd
Q4-TX-002362,3,2025-12-06,159.15, PayPal , Upgrade ,USD
Q4-TX-002363,1133,26-12-2025,129.80 USD,Credit Card , Upgrade ,usd
Q4-TX-002364,683,10/17/2025,266.94,DEBIT CARD,upgrade,USD
Q4-TX-002365,874,23-10-2025,147.52,PayPal ,Add-on ,usd
Q4-TX-002366,722,12/29/2025,$-537,CREDIT CARD,refund,USD
Q4-TX-002367,1107,2025-10-28,USD 456.72, Credit Card,subscription,US Dollar
Q4-TX-002368,1019,12/26/2025,$44,PAYPAL,Subscription,usd
Q4-TX-002369,198,08 Dec 2025,137.17, Credit Card,SUBSCRIPTION,usd
Q4-TX-002370,1354,"Nov 20, 2025",167.44,DEBIT CARD, Upgrade,usd
Q4-TX-002371,1133,"Dec 05, 2025",56.63,Bank Transfer , Upgrade,usd
Q4-TX-002372,143,10/28/2025,$202,Credit Card,ADD-ON,USD
Q4-TX-002373,744,19-11-2025,$377.92, Debit Card ,UPGRADE,usd
Q4-TX-002374,778,31/12/2025,264.48 USD,Credit Card , Upgrade ,US Dollar
Q4-TX-002375,235,2025-12-30,87.15 USD,Debit Card , Subscription ,USD
Q4-TX-002376,972,"Nov 25, 2025",$101,debit card,ADD-ON,usd
Q4-TX-002377,63,03 Oct 2025,$-256, Credit Card ,Refund ,usd
Q4-TX-002378,36,11/11/2025,-297.15, PayPal, Refund ,USD
Q4-TX-002379,489,18-11-2025,$-238, Credit Card, Refund,USD
Q4-TX-002380,1155,10/12/2025,-242.84 USD, Credit Card,Refund,usd
Q4-TX-002381,1466,11/13/2025,$365.27,bank transfer,Subscription,USD
Q4-TX-002382,892,10/28/2025,-640.64 USD,Bank Transfer , Refund ,US Dollar
Q4-TX-002383,412,29-10-2025,-238.63,debit card,Refund,usd
Q4-TX-002384,358,06-12-2025,$-236,BANK TRANSFER,Refund,usd
Q4-TX-002385,575,16 Oct 2025,44.48,PAYPAL,Upgrade ,USD
Q4-TX-002386,180,30 Dec 2025,-92.20,credit card,REFUND,US Dollar
Q4-TX-002387,900009,26 Nov 2025,-379.06,Debit Card,refund,US Dollar
Q4-TX-002388,1104,07-10-2025,-296.76,BANK TRANSFER,Refund,usd
Q4-TX-002389,1280,10 Oct 2025,165.35,DEBIT CARD,Upgrade,US Dollar
Q4-TX-002390,1,"Dec 22, 2025",445.20,Debit Card , Subscription,US Dollar
Q4-TX-002391,833,05-10-2025,$91.79,PayPal , Subscription,US Dollar
Q4-TX-002392,710,2025-11-26,172.40,Debit Card ,Add-on ,usd
Q4-TX-002393,1355,"Dec 19, 2025",-192.72, Debit Card, Refund ,usd
Q4-TX-002394,764,"Oct 28, 2025",USD -427.12,PAYPAL,Refund ,US Dollar
Q4-TX-002395,1164,11/28/2025,$-194,Credit Card,Refund,US Dollar
Q4-TX-002396,44,29/12/2025,558.77,Debit Card ,Subscription,usd
Q4-TX-002397,420,03/12/2025,$-320,paypal,Refund,usd
Q4-TX-002398,111,28 Nov 2025,152.13,Bank Transfer,upgrade,USD
Q4-TX-002399,1018,10/31/2025,251.50,paypal, Upgrade ,USD
Q4-TX-002400,199,"Dec 05, 2025",$120,PAYPAL,Upgrade,US Dollar
Q4-TX-002401,1015,24/12/2025,$148, PayPal,Add-on ,usd
Q4-TX-002402,599,30 Nov 2025,$263.66,Bank Transfer , Add-on ,usd
Q4-TX-002403,895,2025-12-16,USD -137.77,Debit Card ,refund,usd
Q4-TX-002404,744,29/10/2025,122.98,Debit Card,Upgrade ,US Dollar
Q4-TX-002405,271,01-10-2025,-503.16,PayPal, Refund ,USD
Q4-TX-002406,692,2025-10-24,637.66,paypal,upgrade,usd
Q4-TX-002407,87,2025-10-18,USD -267.32, Debit Card,Refund ,usd
Q4-TX-002408,785,20-11-2025,USD -182.34,Debit Card ,REFUND,USD
Q4-TX-002409,663,17 Dec 2025,$-115.94,PAYPAL,REFUND,usd
Q4-TX-002410,743,19-12-2025,126.39,paypal, Subscription,usd
Q4-TX-002411,23,01-10-2025,57.96 USD,Bank Transfer,Add-on,USD
Q4-TX-002412,605,2025-10-21,USD 34.63,Debit Card,UPGRADE,USD
Q4-TX-002413,473,10/22/2025,-227.40 USD, Credit Card,refund,usd
Q4-TX-002414,936,12/22/2025,278.92 USD,DEBIT CARD,upgrade,usd
Q4-TX-002415,1354,06 Nov 2025,USD -217.30, Bank Transfer, Refund,usd
Q4-TX-002416,657,24-11-2025,$200.64,bank transfer,Upgrade,USD
Q4-TX-002417,613,11/08/2025,USD 100.60,Bank Transfer,Upgrade ,usd
Q4-TX-002418,1334,2025-12-30,268.68 USD, Debit Card ,UPGRADE,USD
Q4-TX-002419,1061,11 Oct 2025,189.62,Bank Transfer , Upgrade ,usd
Q4-TX-002420,385,12/23/2025,110.37 USD, Credit Card ,Add-on ,US Dollar
Q4-TX-002421,575,"Nov 15, 2025",101.26,credit card,ADD-ON,usd
Q4-TX-002422,775,05 Oct 2025,$442,paypal, Add-on ,usd
Q4-TX-002423,815,14 Oct 2025,-195.07 USD,BANK TRANSFER,Refund,usd
Q4-TX-002424,1141,11/03/2025,$254.36, Bank Transfer, Upgrade,US Dollar
Q4-TX-002425,1499,17 Nov 2025,-214.81 USD,paypal, Refund ,USD
Q4-TX-002426,1065,2025-10-30,USD -86.47, Credit Card, Refund ,usd
Q4-TX-002427,900000,2025-11-08,$450,debit card, Add-on ,USD
Q4-TX-002428,903,08/12/2025,288.13, Credit Card ,upgrade,USD
Q4-TX-002429,477,"Dec 19, 2025",$168,Credit Card ,Add-on,US Dollar
Q4-TX-002430,1311,"Dec 29, 2025",357.98,Bank Transfer,Upgrade,US Dollar
Q4-TX-002431,608,19/12/2025,78.61,Debit Card,subscription,usd
Q4-TX-002432,1026,09/11/2025,270.32,CREDIT CARD,SUBSCRIPTION,usd
Q4-TX-002433,1161,22/11/2025,$264,PayPal ,Add-on,US Dollar
Q4-TX-002434,402,12/25/2025,324.28,PAYPAL,add-on,US Dollar
Q4-TX-002435,282,2025-12-02,USD 297.73,credit card,SUBSCRIPTION,usd
Q4-TX-002436,481,"Dec 08, 2025",73.05 USD, Credit Card , Subscription,usd
Q4-TX-002437,283,"Dec 07, 2025",USD 32.74,CREDIT CARD, Add-on,USD
Q4-TX-002438,1370,2025-11-15,124.90, Credit Card,ADD-ON,usd
Q4-TX-002439,1049,2025-11-15,USD 163.44,paypal, Subscription,US Dollar
Q4-TX-002440,491,2025-10-30,243.23, Bank Transfer ,Subscription,USD
Q4-TX-002441,1201,19/12/2025,160.61 USD,DEBIT CARD,Add-on ,USD
Q4-TX-002442,109,24/12/2025,421.15,Credit Card ,UPGRADE,USD
Q4-TX-002443,1079,09-11-2025,USD -357.60, Bank Transfer ,REFUND,USD
Q4-TX-002444,759,15-11-2025,183.40,BANK TRANSFER,Subscription ,USD
Q4-TX-002445,814,15/10/2025,489.02, Debit Card,upgrade,USD
Q4-TX-002446,644,27/10/2025,USD -550.38,Credit Card ,refund,US Dollar
Q4-TX-002447,895,16/10/2025,$396,Credit Card ,upgrade,US Dollar
Q4-TX-002448,853,01-11-2025,518.91, Credit Card,Add-on,usd
Q4-TX-002449,193,22-10-2025,USD 190.46,bank transfer,Subscription,US Dollar
Q4-TX-002450,1214,12/10/2025,$97.04, PayPal , Upgrade ,US Dollar
Q4-TX-002451,273,08-10-2025,"$1,103.33",Credit Card, Add-on ,usd
Q4-TX-002452,214,27-11-2025,230.65 USD, Bank Transfer,subscription,USD
Q4-TX-002453,760,30/12/2025,$179.87,BANK TRANSFER,Subscription,US Dollar
Q4-TX-002454,346,12/06/2025,225.77 USD,DEBIT CARD,upgrade,US Dollar
Q4-TX-002455,290,13-11-2025,97.68 USD,BANK TRANSFER, Add-on,USD
Q4-TX-002456,1485,11/29/2025,-282.02,PayPal,Refund ,USD
Q4-TX-002457,311,2025-10-19,-270.62, Debit Card ,refund,US Dollar
Q4-TX-002458,963,13/11/2025,357.58,Bank Transfer,Subscription ,USD
Q4-TX-002459,1388,09-12-2025,691.32 USD, Bank Transfer , Add-on ,US Dollar
Q4-TX-002460,904,2025-12-21,-175.77 USD, Bank Transfer ,Refund,USD
Q4-TX-002461,1396,2025-11-14,$68, Debit Card, Add-on,usd
Q4-TX-002462,510,11/10/2025,156.63,bank transfer,UPGRADE,US Dollar
Q4-TX-002463,232,07-11-2025,USD 265.53,Credit Card ,UPGRADE,USD
Q4-TX-002464,986,29/10/2025,383.44, Debit Card , Add-on ,USD
Q4-TX-002465,1141,10/27/2025,$59.32,CREDIT CARD,SUBSCRIPTION,usd
Q4-TX-002466,213,07/12/2025,-90.71 USD,Bank Transfer, Refund,USD
Q4-TX-002467,385,17 Nov 2025,$-37.39,PayPal,Refund,USD
Q4-TX-002468,1421,2025-11-15,111.18 USD,debit card,SUBSCRIPTION,USD
Q4-TX-002469,337,10/01/2025,69.09, PayPal,SUBSCRIPTION,US Dollar
Q4-TX-002470,458,19 Dec 2025,USD 201.58,Debit Card, Subscription,usd
Q4-TX-002471,350,05/12/2025,$470.74, Credit Card ,add-on,usd
Q4-TX-002472,343,"Oct 29, 2025",425.51, Bank Transfer ,Add-on,usd
Q4-TX-002473,741,16/12/2025,USD 105.73,Credit Card , Subscription,US Dollar
Q4-TX-002474,1412,11-12-2025,$-104.92, Bank Transfer , Refund ,USD
Q4-TX-002475,1123,"Nov 26, 2025",-227.26 USD, Debit Card,refund,US Dollar
Q4-TX-002476,538,"Dec 14, 2025",$-139,PayPal, Refund,usd
Q4-TX-002477,796,2025-12-17,USD 487.29,Credit Card , Add-on ,usd
Q4-TX-002478,520,11-12-2025,331.72 USD,Debit Card , Subscription ,usd
Q4-TX-002479,1443,20/12/2025,USD 108.29, PayPal , Add-on ,US Dollar
Q4-TX-002480,888,10/27/2025,$251, Bank Transfer ,Add-on,US Dollar
Q4-TX-002481,24,06 Nov 2025,115.70, Credit Card, Upgrade ,USD
Q4-TX-002482,890,2025-10-29,-48.83, Credit Card ,refund,US Dollar
Q4-TX-002483,1377,"Dec 25, 2025",USD -311.14,credit card, Refund,USD
Q4-TX-002484,466,23-12-2025,$201.85,BANK TRANSFER,SUBSCRIPTION,USD
Q4-TX-002485,678,23-11-2025,923.89,paypal, Upgrade ,USD
Q4-TX-002486,836,2025-12-09,335.52,bank transfer, Add-on ,usd
Q4-TX-002487,394,2025-11-22,$421, Credit Card ,upgrade,USD
Q4-TX-002488,1379,"Oct 12, 2025",$69.70,PayPal,SUBSCRIPTION,US Dollar
Q4-TX-002489,1383,07 Dec 2025,USD 53.07,BANK TRANSFER, Subscription ,US Dollar
Q4-TX-002490,714,24-11-2025,USD 528.70,CREDIT CARD, Add-on,usd
Q4-TX-002491,1474,02 Dec 2025,, Bank Transfer ,SUBSCRIPTION,usd
Q4-TX-002492,919,"Dec 27, 2025",77.24,paypal,Subscription ,usd
Q4-TX-002493,181,2025-11-29,219.61,BANK TRANSFER, Subscription ,US Dollar
Q4-TX-002494,1478,2025-10-22,$-74, PayPal, Refund,US Dollar
Q4-TX-002495,1452,09-12-2025,278.11 USD,paypal,UPGRADE,USD
Q4-TX-002496,1244,21-12-2025,$465.11,Debit Card,Add-on,US Dollar
Q4-TX-002497,553,10/22/2025,177.24 USD, Debit Card,Subscription ,usd
Q4-TX-002498,564,12/10/2025,164.81, Debit Card ,Upgrade ,USD
Q4-TX-002499,73,"Oct 08, 2025",286.15 USD,BANK TRANSFER, Subscription,USD
Q4-TX-002500,978,22-10-2025,-418.10, PayPal,Refund ,usd
Q4-TX-002501,1485,12/18/2025,44.10, Debit Card , Add-on ,USD
Q4-TX-002502,1192,2025-12-15,606.19, Credit Card, Add-on ,usd
Q4-TX-002503,555,11-11-2025,379.46 USD,Bank Transfer , Upgrade,usd
Q4-TX-002504,777,11 Oct 2025,$324, Debit Card ,SUBSCRIPTION,usd
Q4-TX-002505,1153,12/19/2025,-249.18 USD, PayPal,Refund,US Dollar
Q4-TX-002506,710,22-12-2025,337.59, Debit Card ,SUBSCRIPTION,usd
Q4-TX-002507,198,2025-11-21,USD -116.59,paypal,REFUND,usd
Q4-TX-002508,716,12/26/2025,225.06,PayPal,UPGRADE,USD
Q4-TX-002509,435,2025-12-09,134.22,debit card,Subscription ,USD
Q4-TX-002510,214,2025-11-10,$-182.00,BANK TRANSFER,refund,usd
Q4-TX-002511,169,16/10/2025,216.88,CREDIT CARD, Subscription,USD
Q4-TX-002512,1065,10/13/2025,278.48, PayPal, Subscription,US Dollar
Q4-TX-002513,619,07-12-2025,-149.49,PayPal ,Refund ,US Dollar
Q4-TX-002514,300,08/12/2025,$86, PayPal ,Subscription,USD
Q4-TX-002515,639,10/17/2025,-346.45 USD,Credit Card ,Refund,USD
Q4-TX-002516,981,07/11/2025,USD -119.38,PayPal ,Refund,USD
Q4-TX-002517,1490,31 Dec 2025,455.33,CREDIT CARD,ADD-ON,USD
Q4-TX-002518,580,2025-11-27,$106,debit card,Add-on,USD
Q4-TX-002519,600,06-11-2025,USD -174.26, Debit Card ,refund,US Dollar
Q4-TX-002520,366,17 Dec 2025,344.14 USD,Debit Card ,Subscription,usd
Q4-TX-002521,60,2025-12-06,$91.16,Debit Card ,Upgrade,USD
Q4-TX-002522,120,10 Oct 2025,-156.91,BANK TRANSFER,REFUND,usd
Q4-TX-002523,947,2025-11-28,$278.22,credit card,Add-on ,USD
Q4-TX-002524,1481,08-10-2025,USD 274.86, Bank Transfer, Upgrade,usd
Q4-TX-002525,900007,2025-10-01,,PayPal,Refund ,USD
Q4-TX-002526,298,11/24/2025,339.26 USD, Debit Card ,ADD-ON,USD
Q4-TX-002527,136,2025-12-26,$-253.59,BANK TRANSFER,Refund,US Dollar
Q4-TX-002528,1340,12/17/2025,223.18,Credit Card,Subscription,US Dollar
Q4-TX-002529,115,11/24/2025,$466,Bank Transfer ,UPGRADE,US Dollar
Q4-TX-002530,236,12/04/2025,$383.01, Bank Transfer ,Add-on ,US Dollar
Q4-TX-002531,269,"Nov 05, 2025",,CREDIT CARD,refund,USD
Q4-TX-002532,879,27/11/2025,$461.90,Bank Transfer,UPGRADE,US Dollar
Q4-TX-002533,603,12/22/2025,44.42 USD,DEBIT CARD,upgrade,usd
Q4-TX-002534,271,"Dec 18, 2025",$290.59, Credit Card ,ADD-ON,US Dollar
Q4-TX-002535,440,2025-11-17,USD 101.95, Credit Card,Add-on,usd
Q4-TX-002536,893,10/18/2025,$86,DEBIT CARD,Add-on ,usd
Q4-TX-002537,725,2025-10-16,USD -79.59,CREDIT CARD,REFUND,USD
Q4-TX-002538,1419,"Oct 01, 2025",284.42,paypal, Subscription ,US Dollar
Q4-TX-002539,865,"Oct 17, 2025",113.35,Bank Transfer ,subscription,US Dollar
Q4-TX-002540,1451,23-12-2025,USD -197.96,Debit Card , Refund,usd
Q4-TX-002541,1372,2025-10-13,237.07 USD,Bank Transfer, Upgrade ,usd
Q4-TX-002542,600,05/12/2025,$-425,PayPal,Refund ,US Dollar
Q4-TX-002543,1350,17-11-2025,66.29, PayPal ,UPGRADE,usd
Q4-TX-002544,57,2025-11-24,478.89,debit card,UPGRADE,USD
Q4-TX-002545,597,02-11-2025,83.64, Debit Card ,SUBSCRIPTION,US Dollar
Q4-TX-002546,1354,07/11/2025,$79.68,Debit Card , Add-on,USD
Q4-TX-002547,1041,18/10/2025,$244,DEBIT CARD,subscription,USD
Q4-TX-002548,859,02/10/2025,165.69 USD,PAYPAL,subscription,US Dollar
Q4-TX-002549,405,14-11-2025,73.16,bank transfer,Subscription,US Dollar
Q4-TX-002550,178,2025-10-24,$48.42,Credit Card,add-on,usd
Q4-TX-002551,804,10/03/2025,268.23 USD, Credit Card,Upgrade ,USD
Q4-TX-002552,961,04/12/2025,$721.94,Debit Card,Subscription,US Dollar
Q4-TX-002553,29,17/10/2025,USD -232.25,Debit Card ,refund,US Dollar
Q4-TX-002554,406,30-12-2025,USD 143.23,credit card,Add-on ,USD
Q4-TX-002555,1211,02/10/2025,$216.55, Debit Card,Subscription ,usd
Q4-TX-002556,451,19 Oct 2025,57.82,DEBIT CARD,Add-on,US Dollar
Q4-TX-002557,64,12/12/2025,419.53,Credit Card ,Subscription ,USD
Q4-TX-002558,1256,10/24/2025,$216.46,Debit Card,Add-on ,USD
Q4-TX-002559,432,2025-10-28,$110.50,Bank Transfer,Upgrade,usd
Q4-TX-002560,259,24/12/2025,$144.69,debit card,upgrade,US Dollar
Q4-TX-002561,571,2025-12-02,$247,Debit Card , Upgrade ,USD
Q4-TX-002562,1003,12-12-2025,212.53, Bank Transfer,SUBSCRIPTION,usd
Q4-TX-002563,306,"Dec 23, 2025",304.76 USD,paypal,Add-on,US Dollar
Q4-TX-002564,294,10/01/2025,USD 183.04,PAYPAL,Upgrade ,US Dollar
Q4-TX-002565,1256,25 Dec 2025,114.84 USD, Debit Card ,Upgrade ,US Dollar
Q4-TX-002566,938,12/29/2025,$145,Credit Card,Add-on ,US Dollar
Q4-TX-002567,1480,"Nov 27, 2025",USD 363.24, Bank Transfer, Subscription ,US Dollar
Q4-TX-002568,1467,"Oct 15, 2025",$375,Bank Transfer,subscription,usd
Q4-TX-002569,309,30 Oct 2025,271.77 USD,BANK TRANSFER,ADD-ON,USD
Q4-TX-002570,1491,07/12/2025,86.71,CREDIT CARD,upgrade,usd
Q4-TX-002571,574,19-10-2025,USD -303.95,BANK TRANSFER,refund,USD
Q4-TX-002572,1474,11/24/2025,302.41, Bank Transfer,Subscription ,usd
Q4-TX-002573,461,"Oct 23, 2025",304.28,CREDIT CARD,Upgrade,US Dollar
Q4-TX-002574,1092,11/24/2025,$129,PayPal , Subscription,usd
Q4-TX-002575,1167,"Nov 15, 2025",USD 160.06, Credit Card, Subscription ,USD
Q4-TX-002576,1451,28 Oct 2025,$295,CREDIT CARD,Subscription ,US Dollar
Q4-TX-002577,555,15-11-2025,$-114.71, Bank Transfer,refund,USD
Q4-TX-002578,1312,2025-11-09,115.04,Credit Card, Add-on ,US Dollar
Q4-TX-002579,130,"Oct 06, 2025",$-340.67,credit card,REFUND,US Dollar
Q4-TX-002580,1246,06-12-2025,274.92, Bank Transfer ,SUBSCRIPTION,US Dollar
Q4-TX-002581,1084,21 Dec 2025,USD -227.39,Debit Card ,Refund ,USD
Q4-TX-002582,1483,11/12/2025,$157.35, Bank Transfer ,SUBSCRIPTION,USD
Q4-TX-002583,143,08-12-2025,USD 363.78, PayPal,Upgrade ,usd
Q4-TX-002584,338,2025-10-30,$259.22,Credit Card ,ADD-ON,USD
Q4-TX-002585,3,14 Nov 2025,154.95,Debit Card, Upgrade,usd
Q4-TX-002586,767,"Dec 30, 2025",USD 452.91,bank transfer,ADD-ON,USD
Q4-TX-002587,815,"Oct 22, 2025",-422.80, Credit Card,Refund,US Dollar
Q4-TX-002588,1246,2025-12-19,$182,PayPal ,add-on,usd
Q4-TX-002589,1054,"Oct 19, 2025",$-116.02,Credit Card, Refund ,usd
Q4-TX-002590,1180,21-12-2025,-477.59,PayPal,REFUND,usd
Q4-TX-002591,900016,"Oct 30, 2025",188.63 USD, Bank Transfer,subscription,usd
Q4-TX-002592,902,12-10-2025,$218, PayPal ,Add-on ,USD
Q4-TX-002593,180,13/11/2025,$471.31,Debit Card,upgrade,usd
Q4-TX-002594,1375,15-11-2025,$212,PayPal,Add-on,US Dollar
Q4-TX-002595,103,12/02/2025,USD 364.63,Bank Transfer ,ADD-ON,USD
Q4-TX-002596,852,10/29/2025,43.97,BANK TRANSFER,Subscription,US Dollar
Q4-TX-002597,477,01 Dec 2025,$-130.46,paypal, Refund,USD
Q4-TX-002598,162,12 Nov 2025,$105,PayPal ,Add-on ,USD
Q4-TX-002599,1083,2025-12-26,352.07,Credit Card ,add-on,usd
Q4-TX-002600,71,18-11-2025,$-379.46,Debit Card, Refund ,US Dollar
Q4-TX-002601,371,12/15/2025,USD -122.88, PayPal,Refund,US Dollar
Q4-TX-002602,720,11/24/2025,354.69,PayPal , Subscription ,US Dollar
Q4-TX-002603,900,"Oct 16, 2025",286.84 USD,Bank Transfer ,Subscription,USD
Q4-TX-002604,1173,29 Nov 2025,-216.68 USD, Credit Card ,Refund ,usd
Q4-TX-002605,814,10/22/2025,USD 141.79,credit card, Add-on ,USD
Q4-TX-002606,232,14/10/2025,49.02 USD, Credit Card, Add-on,usd
Q4-TX-002607,604,27/11/2025,$788.43,Debit Card ,UPGRADE,US Dollar
Q4-TX-002608,261,05/11/2025,28.82, PayPal ,Subscription ,US Dollar
Q4-TX-002609,98,"Dec 17, 2025",$102.09,debit card,Add-on ,US Dollar
Q4-TX-002610,1414,"Dec 12, 2025",-163.50,PayPal ,refund,US Dollar
Q4-TX-002611,1319,01 Oct 2025,$-661,CREDIT CARD,Refund ,USD
Q4-TX-002612,596,2025-10-18,$159.41,paypal, Subscription,usd
Q4-TX-002613,451,22 Oct 2025,114.31,Credit Card,Add-on,US Dollar
Q4-TX-002614,1052,"Nov 30, 2025",$237.91,PAYPAL,Add-on ,usd
Q4-TX-002615,413,03 Oct 2025,$228.07, Debit Card,Upgrade,usd
Q4-TX-002616,1458,2025-11-14,195.51 USD,Debit Card , Upgrade,USD
Q4-TX-002617,1068,10/22/2025,154.55,bank transfer,Add-on ,USD
Q4-TX-002618,705,2025-11-16,456.59 USD, PayPal, Upgrade,USD
Q4-TX-002619,558,"Nov 05, 2025",USD 276.70, Bank Transfer ,upgrade,USD
Q4-TX-002620,396,11/08/2025,USD 184.15,Credit Card ,Subscription ,usd
Q4-TX-002621,902,2025-10-07,$135, Bank Transfer ,subscription,US Dollar
Q4-TX-002622,465,27-12-2025,USD 35.92,bank transfer, Upgrade,US Dollar
Q4-TX-002623,4,"Nov 04, 2025",$-145.04, Debit Card, Refund ,usd
Q4-TX-002624,863,03-12-2025,$253,DEBIT CARD,subscription,US Dollar
Q4-TX-002625,35,2025-10-12,189.47 USD,Debit Card,subscription,usd
Q4-TX-002626,160,2025-10-18,$61,PAYPAL,Upgrade,usd
Q4-TX-002627,1019,20 Oct 2025,330.66 USD, Credit Card, Subscription,US Dollar
Q4-TX-002628,50,08/10/2025,168.27 USD,Credit Card, Subscription,USD
Q4-TX-002629,784,"Oct 27, 2025",$259.56,BANK TRANSFER,ADD-ON,USD
Q4-TX-002630,1325,05 Oct 2025,396.30 USD,debit card,Add-on,US Dollar
Q4-TX-002631,750,2025-12-27,-74.04, Credit Card, Refund ,USD
Q4-TX-002632,1299,"Nov 20, 2025",-158.96,Debit Card , Refund,US Dollar
Q4-TX-002633,900008,"Oct 10, 2025",USD 220.84,paypal, Add-on ,US Dollar
Q4-TX-002634,1311,18-10-2025,108.22 USD, Credit Card, Upgrade ,US Dollar
Q4-TX-002635,1454,29 Dec 2025,-414.17, Bank Transfer ,refund,USD
Q4-TX-002636,796,2025-11-30,$-105.64,PAYPAL, Refund,usd
Q4-TX-002637,570,23-12-2025,38.64,credit card,UPGRADE,usd
Q4-TX-002638,403,09 Dec 2025,289.46,DEBIT CARD,subscription,USD
Q4-TX-002639,956,31 Oct 2025,$450.32,PayPal , Subscription,USD
Q4-TX-002640,1005,"Oct 10, 2025",, Debit Card, Refund ,usd
Q4-TX-002641,960,2025-11-22,233.51,Debit Card,ADD-ON,usd
Q4-TX-002642,228,16/12/2025,USD 198.27,Bank Transfer ,Upgrade,usd
Q4-TX-002643,1449,"Oct 22, 2025",165.92 USD,PayPal,Upgrade,usd
Q4-TX-002644,872,10/06/2025,208.19,Debit Card ,Upgrade,US Dollar
Q4-TX-002645,1419,19-10-2025,USD -172.74,Debit Card ,refund,US Dollar
Q4-TX-002646,945,29-10-2025,28.36 USD,CREDIT CARD,Add-on,usd
Q4-TX-002647,468,17 Oct 2025,97.16,Debit Card,Upgrade ,US Dollar
Q4-TX-002648,444,24/12/2025,USD 80.28, PayPal,upgrade,usd
Q4-TX-002649,598,"Nov 13, 2025",$-531, Debit Card , Refund,USD
Q4-TX-002650,1043,"Nov 16, 2025",146.55,debit card,Upgrade,US Dollar
Q4-TX-002651,362,07/11/2025,-199.93, Debit Card,Refund ,US Dollar
Q4-TX-002652,469,06/11/2025,606.14,credit card,SUBSCRIPTION,USD
Q4-TX-002653,862,16 Nov 2025,146.95,Credit Card, Upgrade ,usd
Q4-TX-002654,1411,30 Dec 2025,$106,BANK TRANSFER, Subscription ,US Dollar
Q4-TX-002655,879,01/11/2025,330.36,credit card,subscription,US Dollar
Q4-TX-002656,1348,16 Nov 2025,, Debit Card ,Refund,US Dollar
Q4-TX-002657,776,25/11/2025,$61.88,PAYPAL,ADD-ON,usd
Q4-TX-002658,403,10 Oct 2025,588.44, Credit Card,subscription,US Dollar
Q4-TX-002659,374,"Oct 08, 2025",162.67 USD,bank transfer,Subscription,USD
Q4-TX-002660,405,17-11-2025,USD -175.52,Credit Card,Refund ,US Dollar
Q4-TX-002661,1234,2025-10-01,,PayPal, Subscription ,USD
Q4-TX-002662,1261,05 Dec 2025,-92.36,Bank Transfer ,REFUND,USD
Q4-TX-002663,142,12/28/2025,$-318.48,PayPal ,Refund ,usd
Q4-TX-002664,1407,11/17/2025,$125.75,CREDIT CARD,Subscription ,usd
Q4-TX-002665,1393,10/05/2025,262.72,PayPal ,UPGRADE,US Dollar
Q4-TX-002666,1357,26 Oct 2025,$145,DEBIT CARD, Add-on ,USD
Q4-TX-002667,1169,05/12/2025,41.02, PayPal,ADD-ON,USD
Q4-TX-002668,11,"Oct 31, 2025",178.00 USD, PayPal,Subscription,usd
Q4-TX-002669,653,11/20/2025,-275.30 USD, Debit Card ,REFUND,US Dollar
Q4-TX-002670,1305,14-10-2025,31.45,credit card, Upgrade,US Dollar
Q4-TX-002671,342,16 Oct 2025,USD 353.23,bank transfer,add-on,USD
Q4-TX-002672,1136,2025-10-08,USD 142.91, Bank Transfer,Add-on,US Dollar
Q4-TX-002673,752,"Nov 25, 2025",63.52,PAYPAL,Subscription ,US Dollar
Q4-TX-002674,589,2025-12-02,73.37 USD,PayPal,Add-on ,USD
Q4-TX-002675,937,2025-11-17,$142,Debit Card ,subscription,usd
Q4-TX-002676,1238,09 Dec 2025,$246.75,Debit Card ,Subscription ,US Dollar
Q4-TX-002677,565,13/12/2025,USD 421.72, PayPal , Subscription,usd
Q4-TX-002678,850,12/21/2025,$265.10,DEBIT CARD,Subscription,US Dollar
Q4-TX-002679,29,11/22/2025,$177.64, Debit Card ,Subscription ,usd
Q4-TX-002680,854,21-10-2025,$-51,debit card,refund,US Dollar
Q4-TX-002681,891,10/13/2025,356.80 USD, Credit Card ,ADD-ON,US Dollar
Q4-TX-002682,536,2025-12-01,$-336,Debit Card,Refund,US Dollar
Q4-TX-002683,1326,"Dec 30, 2025",USD 227.15,PAYPAL, Subscription ,US Dollar
Q4-TX-002684,993,10-10-2025,446.33 USD, Credit Card, Upgrade,US Dollar
Q4-TX-002685,661,"Nov 25, 2025",$82.53,Credit Card,Add-on ,USD
Q4-TX-002686,431,27/11/2025,497.22 USD, Credit Card ,SUBSCRIPTION,US Dollar
Q4-TX-002687,1302,2025-12-27,314.50, Debit Card,Upgrade ,USD
Q4-TX-002688,1136,2025-11-12,$402.70,PAYPAL,add-on,US Dollar
Q4-TX-002689,345,2025-12-14,144.04, Bank Transfer,subscription,usd
Q4-TX-002690,1241,"Dec 15, 2025",-292.59,PAYPAL, Refund,usd
Q4-TX-002691,1325,16 Nov 2025,$58,Debit Card,Upgrade,usd
Q4-TX-002692,900003,13-11-2025,477.77,CREDIT CARD,add-on,USD
Q4-TX-002693,312,10/01/2025,USD 561.28,paypal, Upgrade ,USD
Q4-TX-002694,1137,27/12/2025,USD 149.98,credit card,ADD-ON,usd
Q4-TX-002695,1384,10/03/2025,397.34 USD,PayPal ,subscription,USD
Q4-TX-002696,1273,2025-12-24,246.37 USD, PayPal ,subscription,usd
Q4-TX-002697,1004,12/07/2025,207.27,debit card,SUBSCRIPTION,US Dollar
Q4-TX-002698,705,05/10/2025,$193,paypal,UPGRADE,US Dollar
Q4-TX-002699,135,2025-10-17,$180.91,Debit Card,SUBSCRIPTION,US Dollar
Q4-TX-002700,785,19/11/2025,321.12 USD, PayPal , Upgrade ,US Dollar
Q4-TX-002701,1298,24/10/2025,$235, Debit Card ,Upgrade ,USD
Q4-TX-002702,1172,2025-10-30,60.71,debit card,SUBSCRIPTION,usd
Q4-TX-002703,619,20/11/2025,88.93, Credit Card, Upgrade,USD
Q4-TX-002704,708,"Dec 08, 2025",452.42,Debit Card,Upgrade ,usd
Q4-TX-002705,1455,21-10-2025,127.89 USD,debit card,Upgrade,US Dollar
Q4-TX-002706,1449,11/03/2025,374.81,PayPal ,Subscription ,usd
Q4-TX-002707,1259,30-11-2025,683.77, Bank Transfer,Add-on ,USD
Q4-TX-002708,379,2025-10-19,$-143.96,PAYPAL, Refund ,usd
Q4-TX-002709,202,08-11-2025,$34,PAYPAL,UPGRADE,US Dollar
Q4-TX-002710,1219,07/12/2025,$44, Credit Card, Subscription,USD
Q4-TX-002711,623,11/16/2025,101.45,BANK TRANSFER,Add-on ,USD
Q4-TX-002712,211,06-11-2025,97.62,paypal,subscription,usd
Q4-TX-002713,503,"Dec 13, 2025",$179.57, Credit Card,upgrade,US Dollar
Q4-TX-002714,1238,03/12/2025,80.42, Credit Card ,Add-on ,usd
Q4-TX-002715,715,12-12-2025,-719.86 USD,Bank Transfer,refund,USD
Q4-TX-002716,525,13-10-2025,305.55,PAYPAL,SUBSCRIPTION,usd
Q4-TX-002717,41,"Nov 17, 2025",112.52,BANK TRANSFER,add-on,usd
Q4-TX-002718,127,21-10-2025,212.94, PayPal ,Add-on,US Dollar
Q4-TX-002719,1350,10/24/2025,338.08 USD, PayPal,Upgrade,usd
Q4-TX-002720,35,2025-11-09,542.30,Credit Card ,ADD-ON,US Dollar
Q4-TX-002721,134,"Dec 19, 2025",$198.43,debit card,Upgrade,usd
Q4-TX-002722,1382,"Oct 12, 2025",-231.06,bank transfer,Refund,US Dollar
Q4-TX-002723,71,12/26/2025,$186.78, Bank Transfer , Upgrade ,USD
Q4-TX-002724,193,"Dec 05, 2025",$557,Debit Card, Upgrade ,US Dollar
Q4-TX-002725,364,2025-11-11,255.61, Credit Card, Add-on,US Dollar
Q4-TX-002726,1073,"Dec 23, 2025",USD -230.38, Credit Card,refund,usd
Q4-TX-002727,504,15/12/2025,258.57 USD,Debit Card ,Upgrade ,usd
Q4-TX-002728,219,2025-11-06,120.02 USD,Bank Transfer , Subscription,USD
Q4-TX-002729,685,10-10-2025,221.91 USD,Credit Card,ADD-ON,US Dollar
Q4-TX-002730,828,09-10-2025,-216.66 USD, Credit Card,Refund ,USD
Q4-TX-002731,206,"Oct 21, 2025",414.53,Credit Card ,subscription,usd
Q4-TX-002732,1402,05 Dec 2025,USD 200.51,PayPal ,Subscription ,US Dollar
Q4-TX-002733,4,2025-12-20,-130.99,Bank Transfer , Refund ,USD
Q4-TX-002734,201,2025-11-29,$167.25,debit card,UPGRADE,usd
Q4-TX-002735,872,29/11/2025,$155.80,CREDIT CARD,SUBSCRIPTION,usd
Q4-TX-002736,425,"Oct 27, 2025",USD -87.56, Bank Transfer ,refund,USD
Q4-TX-002737,1099,07-11-2025,-294.70,BANK TRANSFER,REFUND,US Dollar
Q4-TX-002738,1019,2025-10-31,482.50,BANK TRANSFER,Subscription ,USD
Q4-TX-002739,295,12/13/2025,$258.74,Debit Card, Upgrade,usd
Q4-TX-002740,857,03-11-2025,$511.59,PayPal,UPGRADE,US Dollar
Q4-TX-002741,1257,09 Oct 2025,USD 683.29,Bank Transfer, Add-on ,US Dollar
Q4-TX-002742,186,08-10-2025,19.15, Bank Transfer, Upgrade,USD
Q4-TX-002743,272,17-12-2025,-76.32,Bank Transfer, Refund ,usd
Q4-TX-002744,750,25/10/2025,USD 61.29, PayPal,Upgrade ,USD
Q4-TX-002745,680,"Dec 25, 2025",$-527.67,BANK TRANSFER,REFUND,USD
Q4-TX-002746,349,10-12-2025,132.35, PayPal ,SUBSCRIPTION,usd
Q4-TX-002747,726,11/12/2025,$63.72, Credit Card ,UPGRADE,US Dollar
Q4-TX-002748,808,11 Oct 2025,$73, PayPal , Subscription,US Dollar
Q4-TX-002749,558,"Dec 22, 2025",175.42,Debit Card , Add-on ,USD
Q4-TX-002750,330,"Oct 13, 2025",$273,PayPal, Upgrade ,US Dollar
Q4-TX-002751,724,11 Dec 2025,$173,PayPal,Add-on ,usd
Q4-TX-002752,440,06/11/2025,$-252.93, Credit Card,REFUND,US Dollar
Q4-TX-002753,632,"Oct 15, 2025",104.44,Credit Card , Add-on,usd
Q4-TX-002754,226,2025-12-16,USD 186.14, Debit Card,ADD-ON,US Dollar
Q4-TX-002755,231,2025-11-23,$253,credit card, Upgrade,USD
Q4-TX-002756,703,"Nov 29, 2025",536.60,CREDIT CARD,ADD-ON,usd
Q4-TX-002757,964,02-12-2025,,PayPal, Add-on ,usd
Q4-TX-002758,30,10/09/2025,$-266.32,DEBIT CARD,REFUND,usd
Q4-TX-002759,1248,23/10/2025,-166.22,Credit Card ,Refund ,US Dollar
Q4-TX-002760,1244,2025-11-18,$-67.79, Bank Transfer,Refund ,USD
Q4-TX-002761,94,2025-12-08,269.15,bank transfer,UPGRADE,US Dollar
Q4-TX-002762,775,27/11/2025,$244.72, Credit Card ,Add-on ,USD
Q4-TX-002763,195,26-10-2025,457.70,DEBIT CARD, Add-on,usd
Q4-TX-002764,921,21/10/2025,-280.37 USD, Bank Transfer ,Refund ,US Dollar
Q4-TX-002765,746,13/11/2025,519.01 USD, PayPal,Upgrade,usd
Q4-TX-002766,17,21/11/2025,$-356.17,credit card,Refund,US Dollar
Q4-TX-002767,737,2025-10-16,230.94 USD,credit card,Subscription,USD
Q4-TX-002768,380,11/26/2025,285.94,CREDIT CARD,Upgrade ,USD
Q4-TX-002769,1293,17 Oct 2025,$145, PayPal, Upgrade,usd
Q4-TX-002770,1452,"Dec 21, 2025",389.80,Credit Card, Add-on ,USD
Q4-TX-002771,891,"Oct 16, 2025",350.01,CREDIT CARD,Subscription,US Dollar
Q4-TX-002772,1398,24/11/2025,160.49 USD,BANK TRANSFER, Subscription ,US Dollar
Q4-TX-002773,561,12/10/2025,,debit card,ADD-ON,usd
Q4-TX-002774,1244,2025-12-15,291.22 USD,bank transfer, Add-on ,usd
Q4-TX-002775,476,25-12-2025,$188,BANK TRANSFER, Add-on ,usd
Q4-TX-002776,1016,15/12/2025,$371,DEBIT CARD,Subscription,usd
Q4-TX-002777,109,29-12-2025,$-201,DEBIT CARD,Refund,US Dollar
Q4-TX-002778,109,2025-12-28,121.01, Credit Card,SUBSCRIPTION,usd
Q4-TX-002779,1160,07/11/2025,$-262, Credit Card,REFUND,USD
Q4-TX-002780,1292,12/25/2025,795.90 USD,Debit Card, Add-on,USD
Q4-TX-002781,588,2025-12-11,$957.45,Credit Card , Upgrade ,USD
Q4-TX-002782,364,"Dec 31, 2025",USD 94.40, Bank Transfer,Add-on,USD
Q4-TX-002783,394,2025-10-09,$-53,PayPal ,refund,usd
Q4-TX-002784,869,04/11/2025,,paypal,Subscription,US Dollar
Q4-TX-002785,347,2025-10-05,373.56,PAYPAL,Add-on,USD
Q4-TX-002786,840,06/11/2025,$592.87,DEBIT CARD, Upgrade,USD
Q4-TX-002787,791,11/27/2025,$223.71, Debit Card , Add-on,USD
Q4-TX-002788,1064,"Oct 24, 2025",$262,bank transfer, Upgrade,USD
Q4-TX-002789,1192,22-12-2025,100.41 USD, Bank Transfer , Upgrade ,usd
Q4-TX-002790,1209,28/12/2025,, Bank Transfer, Add-on,USD
Q4-TX-002791,1473,07-12-2025,166.97 USD,BANK TRANSFER,ADD-ON,USD
Q4-TX-002792,1027,10/18/2025,411.32,Credit Card , Upgrade,USD
Q4-TX-002793,814,08/12/2025,USD 179.80,PayPal, Upgrade,US Dollar
Q4-TX-002794,1323,25 Dec 2025,132.64, PayPal ,Subscription,US Dollar
Q4-TX-002795,109,27/11/2025,271.51, Debit Card ,Upgrade,USD
Q4-TX-002796,467,11/06/2025,-213.25,credit card, Refund ,US Dollar
Q4-TX-002797,591,2025-10-28,-240.88 USD, Credit Card,REFUND,USD
Q4-TX-002798,648,11/10/2025,USD -69.67,PAYPAL, Refund ,USD
Q4-TX-002799,966,07/11/2025,$144.95, Bank Transfer , Subscription,USD
Q4-TX-002800,287,13/10/2025,198.99 USD,bank transfer,Subscription,USD
Q4-TX-002801,1493,2025-10-18,318.53,Debit Card, Upgrade ,usd
Q4-TX-002802,573,"Nov 06, 2025",418.63 USD,PAYPAL,UPGRADE,USD
Q4-TX-002803,958,"Nov 07, 2025",$-243.53,DEBIT CARD,Refund ,US Dollar
Q4-TX-002804,337,03-11-2025,161.72,paypal,Subscription ,usd
Q4-TX-002805,567,"Oct 24, 2025",$198,Debit Card, Upgrade,US Dollar
Q4-TX-002806,1265,19 Dec 2025,126.55 USD, PayPal,Add-on ,usd
Q4-TX-002807,1296,03-11-2025,180.41 USD, Debit Card,Add-on,USD
Q4-TX-002808,547,2025-10-08,$214.12,BANK TRANSFER, Add-on,USD
Q4-TX-002809,1386,"Dec 24, 2025",USD 237.10, Credit Card, Upgrade,USD
Q4-TX-002810,790,13/12/2025,184.00,DEBIT CARD, Add-on ,USD
Q4-TX-002811,262,12/23/2025,USD 130.92,Bank Transfer,upgrade,usd
Q4-TX-002812,409,26/12/2025,222.02 USD, PayPal,Subscription,US Dollar
Q4-TX-002813,1452,07 Nov 2025,324.95 USD, Bank Transfer ,Upgrade ,USD
Q4-TX-002814,1074,19/12/2025,USD 101.04,debit card,add-on,USD
Q4-TX-002815,1357,2025-11-10,$-387,Debit Card, Refund ,USD
Q4-TX-002816,663,2025-11-18,450.83,paypal, Upgrade,USD
Q4-TX-002817,482,"Nov 21, 2025",401.04, Bank Transfer, Subscription ,US Dollar
Q4-TX-002818,613,11/14/2025,"1,018.82", Credit Card,ADD-ON,usd
Q4-TX-002819,847,10/24/2025,107.77,paypal,Subscription ,USD
Q4-TX-002820,242,21/12/2025,-65.51,bank transfer,refund,USD
Q4-TX-002821,1212,"Dec 18, 2025",-108.30,PayPal ,REFUND,US Dollar
Q4-TX-002822,799,"Nov 28, 2025",94.14,Credit Card ,ADD-ON,US Dollar
Q4-TX-002823,954,04/10/2025,USD 189.10,PayPal , Add-on,US Dollar
Q4-TX-002824,392,23 Nov 2025,$198.76,Debit Card, Subscription,usd
Q4-TX-002825,1203,10/11/2025,420.12, PayPal , Add-on ,USD
Q4-TX-002826,118,18 Nov 2025,-195.70,bank transfer,Refund ,US Dollar
Q4-TX-002827,594,10-12-2025,$95.90,DEBIT CARD,Subscription,usd
Q4-TX-002828,990,30/11/2025,$328.20, PayPal ,Upgrade,usd
Q4-TX-002829,1250,24/12/2025,$-250.89,bank transfer, Refund ,US Dollar
Q4-TX-002830,1166,"Oct 04, 2025",217.27, Credit Card,Upgrade ,USD
Q4-TX-002831,92,12/18/2025,196.51 USD,Credit Card ,Upgrade ,US Dollar
Q4-TX-002832,1277,25-10-2025,USD 427.88,BANK TRANSFER,UPGRADE,US Dollar
Q4-TX-002833,114,13 Nov 2025,$-254.04,Bank Transfer ,Refund,US Dollar
Q4-TX-002834,159,11/22/2025,USD 711.21,DEBIT CARD, Add-on,usd
Q4-TX-002835,785,07/10/2025,-288.65 USD,Bank Transfer, Refund,usd
Q4-TX-002836,1471,18-11-2025,$-105,PayPal , Refund ,usd
Q4-TX-002837,1135,03-10-2025,USD 248.93,bank transfer,upgrade,usd
Q4-TX-002838,463,"Nov 20, 2025",200.47 USD, Credit Card,ADD-ON,US Dollar
Q4-TX-002839,248,20/10/2025,135.32 USD, PayPal ,Upgrade,USD
Q4-TX-002840,1394,11 Dec 2025,,CREDIT CARD, Refund,usd
Q4-TX-002841,154,2025-10-20,$224.65,PayPal,ADD-ON,US Dollar
Q4-TX-002842,341,2025-10-18,292.96 USD,Bank Transfer, Upgrade ,usd
Q4-TX-002843,407,"Nov 18, 2025",USD 410.46,Bank Transfer , Subscription ,USD
Q4-TX-002844,666,05-12-2025,$210.64,PayPal ,Upgrade ,US Dollar
Q4-TX-002845,510,2025-12-11,-114.35,CREDIT CARD,Refund,USD
Q4-TX-002846,1006,"Dec 31, 2025",788.29,DEBIT CARD,add-on,US Dollar
Q4-TX-002847,1276,2025-11-03,$215,Debit Card ,Add-on ,usd
Q4-TX-002848,439,30-10-2025,$188,CREDIT CARD, Upgrade,usd
Q4-TX-002849,1286,"Nov 28, 2025",, PayPal , Add-on,usd
Q4-TX-002850,1211,24/10/2025,306.40, Credit Card ,SUBSCRIPTION,usd
Q4-TX-002851,1411,20 Nov 2025,388.71,PayPal,UPGRADE,USD
Q4-TX-002852,78,2025-12-05,13.28, Bank Transfer,Add-on,US Dollar
Q4-TX-002853,344,2025-12-30,598.03, PayPal, Add-on ,usd
Q4-TX-002854,1029,"Oct 20, 2025",$455.24,credit card,subscription,usd
Q4-TX-002855,961,"Dec 03, 2025",$174,Debit Card,add-on,USD
Q4-TX-002856,805,04-11-2025,$81, Credit Card ,SUBSCRIPTION,USD
Q4-TX-002857,1012,23/10/2025,$-93,CREDIT CARD,refund,usd
Q4-TX-002858,1026,01 Oct 2025,$137,bank transfer,add-on,USD
Q4-TX-002859,1190,11/01/2025,$-136, Credit Card, Refund,USD
Q4-TX-002860,1104,"Dec 16, 2025",$376,BANK TRANSFER,upgrade,usd
Q4-TX-002861,668,10/04/2025,264.25 USD,Bank Transfer, Add-on,usd
Q4-TX-002862,521,28-11-2025,$148,Debit Card ,add-on,usd
Q4-TX-002863,1084,26 Oct 2025,$315.38,CREDIT CARD,subscription,usd
Q4-TX-002864,195,2025-10-14,-477.34 USD, Debit Card,Refund,US Dollar
Q4-TX-002865,586,12/04/2025,$-243.87, Credit Card,refund,US Dollar
Q4-TX-002866,298,11/12/2025,566.99,BANK TRANSFER,add-on,US Dollar
Q4-TX-002867,714,2025-12-31,$455.20,DEBIT CARD,upgrade,USD
Q4-TX-002868,1113,10/11/2025,238.34 USD, Debit Card ,Upgrade,USD
Q4-TX-002869,814,10/20/2025,231.21 USD, Bank Transfer,SUBSCRIPTION,USD
Q4-TX-002870,508,"Nov 22, 2025",USD -111.27, PayPal,Refund ,US Dollar
Q4-TX-002871,370,19 Oct 2025,35.10 USD,credit card,Subscription ,USD
Q4-TX-002872,1209,2025-11-22,USD 80.03, Bank Transfer, Add-on ,US Dollar
Q4-TX-002873,1226,14/11/2025,USD 215.82,bank transfer,Subscription,US Dollar
Q4-TX-002874,319,10/02/2025,USD 26.12, Bank Transfer,Upgrade ,US Dollar
Q4-TX-002875,494,12/13/2025,104.56,Credit Card , Subscription ,US Dollar
Q4-TX-002876,576,"Dec 07, 2025",171.01, Credit Card ,Add-on ,USD
Q4-TX-002877,1203,01 Oct 2025,USD 261.47,debit card,upgrade,usd
Q4-TX-002878,3,10/07/2025,391.14,PAYPAL, Add-on ,USD
Q4-TX-002879,190,"Nov 23, 2025",125.25 USD,Debit Card ,UPGRADE,USD
Q4-TX-002880,1205,2025-11-26,USD 316.18,CREDIT CARD,subscription,usd
Q4-TX-002881,342,08 Dec 2025,USD -112.93,PayPal,Refund,US Dollar
Q4-TX-002882,1414,12/29/2025,$-613,Credit Card , Refund,USD
Q4-TX-002883,646,"Dec 21, 2025",322.99, Credit Card,upgrade,US Dollar
Q4-TX-002884,364,07-12-2025,$286, Credit Card ,Upgrade ,US Dollar
Q4-TX-002885,1231,11/24/2025,-121.69 USD, Credit Card , Refund ,US Dollar
Q4-TX-002886,1332,2025-12-08,105.59,debit card,Subscription ,USD
Q4-TX-002887,1320,14 Dec 2025,136.16, Debit Card ,upgrade,usd
Q4-TX-002888,1482,10-12-2025,$285,bank transfer, Add-on ,USD
Q4-TX-002889,738,"Dec 31, 2025",856.10,PayPal ,ADD-ON,usd
Q4-TX-002890,1388,11/22/2025,$193.51,Debit Card, Upgrade,usd
Q4-TX-002891,1437,06-10-2025,182.40, PayPal ,Subscription ,usd
Q4-TX-002892,1245,12 Nov 2025,383.88,Credit Card , Upgrade ,USD
Q4-TX-002893,1004,"Oct 16, 2025",$171.76,Bank Transfer,ADD-ON,US Dollar
Q4-TX-002894,530,"Oct 01, 2025",$-154,Debit Card,Refund ,usd
Q4-TX-002895,229,"Oct 10, 2025",530.63,CREDIT CARD,Subscription ,US Dollar
Q4-TX-002896,549,"Dec 21, 2025",83.18, Credit Card,Upgrade,usd
Q4-TX-002897,83,2025-12-12,USD 171.70, Debit Card, Upgrade,USD
Q4-TX-002898,1489,30 Oct 2025,64.25 USD, PayPal ,UPGRADE,USD
Q4-TX-002899,638,2025-10-01,USD -289.80,DEBIT CARD,Refund ,USD
Q4-TX-002900,578,19 Oct 2025,USD 226.47,PayPal,Upgrade,US Dollar
Q4-TX-002901,902,12/29/2025,-461.79,Debit Card ,Refund ,USD
Q4-TX-002902,313,07-10-2025,150.95 USD,Debit Card, Upgrade ,USD
Q4-TX-002903,434,03 Nov 2025,187.32,PAYPAL,Upgrade,US Dollar
Q4-TX-002904,1206,22 Oct 2025,USD -172.73,Debit Card , Refund ,usd
Q4-TX-002905,815,31 Oct 2025,$564,Bank Transfer,Add-on,US Dollar
Q4-TX-002906,185,2025-11-29,251.84 USD, Debit Card,SUBSCRIPTION,usd
Q4-TX-002907,1059,2025-12-13,271.19 USD, Debit Card, Add-on,USD
Q4-TX-002908,631,25-10-2025,$181.21,CREDIT CARD,UPGRADE,usd
Q4-TX-002909,1099,2025-12-31,$-161, Credit Card, Refund ,USD
Q4-TX-002910,261,"Nov 13, 2025",181.93,PayPal,Subscription,USD
Q4-TX-002911,1464,10/03/2025,12.10,bank transfer, Upgrade ,USD
Q4-TX-002912,1381,2025-10-19,$464.15,PAYPAL, Subscription ,US Dollar
Q4-TX-002913,521,29/12/2025,$239,PayPal , Add-on,US Dollar
Q4-TX-002914,1345,2025-11-27,480.39, Debit Card,Subscription,US Dollar
Q4-TX-002915,1470,20/10/2025,266.44 USD,PAYPAL, Subscription ,US Dollar
Q4-TX-002916,83,"Nov 21, 2025",$148,Debit Card , Upgrade,US Dollar
Q4-TX-002917,97,"Dec 22, 2025",USD 176.28,debit card,Subscription,USD
Q4-TX-002918,495,2025-11-09,USD -325.45, Debit Card ,Refund ,USD
Q4-TX-002919,339,18-10-2025,-293.52 USD,paypal,REFUND,USD
Q4-TX-002920,399,16/10/2025,USD 220.45,paypal, Subscription,USD
Q4-TX-002921,269,"Dec 03, 2025",$653,CREDIT CARD,UPGRADE,usd
Q4-TX-002922,148,"Dec 09, 2025",-155.29,PAYPAL, Refund ,US Dollar
Q4-TX-002923,1076,31-10-2025,USD 91.99,Credit Card , Upgrade,usd
Q4-TX-002924,353,"Oct 08, 2025",$122,Credit Card ,Add-on ,usd
Q4-TX-002925,58,02/12/2025,201.28,Credit Card ,Subscription,usd
Q4-TX-002926,749,25/12/2025,$290.48, Bank Transfer , Upgrade,US Dollar
Q4-TX-002927,13,04-12-2025,USD 221.56,PayPal,Add-on,USD
Q4-TX-002928,739,06/10/2025,79.07,BANK TRANSFER,subscription,USD
Q4-TX-002929,294,10/31/2025,202.06,BANK TRANSFER, Add-on ,usd
Q4-TX-002930,575,20 Nov 2025,-343.88, Credit Card,refund,USD
Q4-TX-002931,1186,18/12/2025,398.51,Credit Card,subscription,US Dollar
Q4-TX-002932,255,11/08/2025,-71.51 USD,paypal, Refund ,USD
Q4-TX-002933,900018,"Nov 10, 2025",$-139,Bank Transfer , Refund ,USD
Q4-TX-002934,1143,2025-10-01,-143.83,Credit Card ,refund,US Dollar
Q4-TX-002935,470,06-12-2025,-588.06 USD,Bank Transfer, Refund,usd
Q4-TX-002936,667,18/12/2025,505.19 USD,credit card, Add-on,usd
Q4-TX-002937,1043,2025-11-15,USD 205.25, Debit Card ,Upgrade ,US Dollar
Q4-TX-002938,697,2025-10-24,USD 184.10, Bank Transfer,subscription,usd
Q4-TX-002939,750,11/06/2025,782.46,Debit Card,ADD-ON,usd
Q4-TX-002940,1165,12/24/2025,413.00,PayPal , Subscription ,usd
Q4-TX-002941,51,"Oct 11, 2025",USD 112.52,Debit Card, Add-on,usd
Q4-TX-002942,683,12 Dec 2025,-518.36 USD, Credit Card,Refund,US Dollar
Q4-TX-002943,750,28 Nov 2025,$159.05, Bank Transfer , Add-on,usd
Q4-TX-002944,1196,19-11-2025,87.66 USD,Credit Card , Upgrade,usd
Q4-TX-002945,539,10/23/2025,$169,debit card, Upgrade,US Dollar
Q4-TX-002946,19,24-12-2025,USD 219.16, Debit Card, Upgrade ,USD
Q4-TX-002947,692,12/03/2025,USD 229.91,Credit Card ,upgrade,US Dollar
Q4-TX-002948,172,29 Dec 2025,$525,PayPal,Subscription,usd
Q4-TX-002949,1086,10/05/2025,$371.44,PayPal,SUBSCRIPTION,US Dollar
Q4-TX-002950,861,13-10-2025,$154.08,Credit Card ,ADD-ON,US Dollar
Q4-TX-002951,688,12/11/2025,$135.12,Debit Card , Add-on ,US Dollar
Q4-TX-002952,993,12/19/2025,157.33,bank transfer,subscription,US Dollar
Q4-TX-002953,1459,05 Nov 2025,USD 465.08,Debit Card,SUBSCRIPTION,USD
Q4-TX-002954,91,11/27/2025,175.79,PayPal,Add-on ,US Dollar
Q4-TX-002955,691,2025-10-31,333.04,PAYPAL,SUBSCRIPTION,usd
Q4-TX-002956,648,2025-10-01,-73.07 USD,Bank Transfer ,refund,USD
Q4-TX-002957,450,"Dec 09, 2025",407.22,DEBIT CARD,Add-on,US Dollar
Q4-TX-002958,588,10/22/2025,-296.88, Credit Card ,refund,usd
Q4-TX-002959,832,12/20/2025,-369.77 USD, Credit Card, Refund ,usd
Q4-TX-002960,485,2025-10-03,$-116,Debit Card ,Refund ,usd
Q4-TX-002961,8,10/30/2025,USD 314.35,Debit Card,Add-on,usd
Q4-TX-002962,671,21/11/2025,85.53 USD,PayPal,upgrade,USD
Q4-TX-002963,797,09 Dec 2025,$242.26, Debit Card ,Upgrade,usd
Q4-TX-002964,343,12/08/2025,$198.37,PayPal ,UPGRADE,usd
Q4-TX-002965,738,01 Oct 2025,$-61, Debit Card, Refund,usd
Q4-TX-002966,1353,"Dec 27, 2025",$305,Bank Transfer,Upgrade ,usd
Q4-TX-002967,716,"Nov 02, 2025",66.77,debit card,UPGRADE,USD
Q4-TX-002968,1034,12 Oct 2025,$62,PayPal ,Upgrade,US Dollar
Q4-TX-002969,1052,2025-10-01,-68.83,bank transfer, Refund ,US Dollar
Q4-TX-002970,431,12/03/2025,,PayPal , Subscription,US Dollar
Q4-TX-002971,762,15/11/2025,287.98,paypal,subscription,USD
Q4-TX-002972,492,10/22/2025,$73.23, PayPal ,SUBSCRIPTION,US Dollar
Q4-TX-002973,764,10/01/2025,$242.86,BANK TRANSFER, Subscription,usd
Q4-TX-002974,908,20/11/2025,225.74,Credit Card ,UPGRADE,USD
Q4-TX-002975,315,03/10/2025,USD 364.43,Bank Transfer,UPGRADE,US Dollar
Q4-TX-002976,704,26-10-2025,USD 196.70,PayPal,Add-on ,US Dollar
Q4-TX-002977,674,2025-11-02,$404.93, Bank Transfer , Add-on ,US Dollar
Q4-TX-002978,1053,11-10-2025,USD 202.68,Credit Card ,Subscription ,USD
Q4-TX-002979,271,24/12/2025,129.33, Debit Card, Subscription ,USD
Q4-TX-002980,847,2025-11-09,116.22, Credit Card ,Add-on ,usd
Q4-TX-002981,1323,04-12-2025,USD 53.64,Bank Transfer,upgrade,USD
Q4-TX-002982,1095,30-12-2025,$-96.02,debit card, Refund,USD
Q4-TX-002983,661,2025-10-26,$-98,Credit Card,refund,usd
Q4-TX-002984,493,2025-12-28,138.44 USD, Bank Transfer ,Add-on ,US Dollar
Q4-TX-002985,1097,24/12/2025,$310.35, Credit Card, Upgrade,US Dollar
Q4-TX-002986,738,14-10-2025,349.28,paypal,Add-on,USD
Q4-TX-002987,911,03 Nov 2025,796.24,credit card,Subscription ,usd
Q4-TX-002988,306,"Nov 06, 2025",130.43, Bank Transfer ,UPGRADE,US Dollar
Q4-TX-002989,1129,06-11-2025,90.24,Debit Card ,UPGRADE,usd
Q4-TX-002990,296,06/11/2025,-49.30,debit card,Refund ,usd
Q4-TX-002991,861,18/11/2025,201.78,DEBIT CARD, Upgrade ,USD
Q4-TX-002992,739,12/23/2025,USD -267.80, Credit Card,Refund,US Dollar
Q4-TX-002993,1002,11/23/2025,USD -229.11,Debit Card,refund,usd
Q4-TX-002994,752,28 Oct 2025,USD -161.91,BANK TRANSFER,Refund ,US Dollar
Q4-TX-002995,767,11/06/2025,$815, Debit Card ,Add-on,US Dollar
Q4-TX-002996,809,11-10-2025,380.22,PAYPAL,UPGRADE,US Dollar
Q4-TX-002997,1068,2025-10-14,,bank transfer, Subscription,US Dollar
Q4-TX-002998,800,16 Dec 2025,280.54 USD,Credit Card ,ADD-ON,usd
Q4-TX-002999,931,25/11/2025,459.80,Bank Transfer, Upgrade ,US Dollar
Q4-TX-003000,936,2025-10-27,-202.18 USD, Credit Card ,refund,usd
Q4-TX-000245,551,30 Oct 2025,-229.57 USD,Credit Card ,REFUND,usd
Q4-TX-000657,480,26 Dec 2025,54.22,PayPal, Upgrade,usd
Q4-TX-002067,28,"Dec 29, 2025",$117,PayPal ,ADD-ON,US Dollar
Q4-TX-000030,903,2025-12-28,355.45 USD,PAYPAL,Add-on ,US Dollar
Q4-TX-002623,4,"Nov 04, 2025",$-145.04, Debit Card, Refund ,usd
Q4-TX-000402,1305,09-10-2025,$-299.63,PayPal ,Refund ,usd
Q4-TX-002096,392,12/25/2025,276.45 USD,Credit Card ,Add-on ,US Dollar
Q4-TX-002107,1339,10/07/2025,-345.74, Credit Card , Refund ,usd
Q4-TX-002797,591,2025-10-28,-240.88 USD, Credit Card,REFUND,USD
Q4-TX-002658,403,10 Oct 2025,588.44, Credit Card,subscription,US Dollar
Q4-TX-000351,22,"Nov 03, 2025",244.50, Bank Transfer, Upgrade ,USD
Q4-TX-000625,1066,"Nov 23, 2025",-142.25, PayPal ,REFUND,US Dollar
Q4-TX-000339,1133,02 Dec 2025,$197, Bank Transfer , Upgrade,USD
Q4-TX-002553,29,17/10/2025,USD -232.25,Debit Card ,refund,US Dollar
Q4-TX-000333,59,04 Dec 2025,414.02, Credit Card, Upgrade,usd
Q4-TX-001535,1204,14-10-2025,327.82 USD, Credit Card,Add-on ,usd
Q4-TX-002205,1141,12/21/2025,136.85 USD,PayPal, Subscription,USD
Q4-TX-002176,1084,14 Nov 2025,-598.93,CREDIT CARD, Refund,usd
Q4-TX-002288,914,09-10-2025,271.25 USD,CREDIT CARD,Subscription ,usd
Q4-TX-001912,1392,11/10/2025,$-135.23,Credit Card ,Refund,US Dollar
Q4-TX-001504,557,2025-12-02,$-555.70, Debit Card, Refund ,US Dollar
Q4-TX-001003,257,03/11/2025,$588.64,Bank Transfer , Add-on,US Dollar
Q4-TX-000304,336,2025-11-02,$237, Debit Card ,ADD-ON,USD
Q4-TX-002329,1458,"Oct 30, 2025",USD -741.46, Credit Card ,Refund ,US Dollar
Q4-TX-002371,1133,"Dec 05, 2025",56.63,Bank Transfer , Upgrade,usd
