transaction_id,user_id,transaction_date,amount,payment_method,transaction_type
Q1-TX-000001,1295,2025-03-28,-251.05,Credit Card ,REFUND
Q1-TX-000002,779,19 Feb 2025,278.74,CREDIT CARD,Subscription 
Q1-TX-000003,748,23 Mar 2025,366.75 USD,PayPal, Subscription 
Q1-TX-000004,1434,14-01-2025,USD 333.67, PayPal ,SUBSCRIPTION
Q1-TX-000005,158,2025-02-15,134.27,PayPal,upgrade
Q1-TX-000006,846,"Mar 07, 2025",260.81,CREDIT CARD,Subscription 
Q1-TX-000007,847,02/18/2025,USD 580.56,Credit Card , Upgrade 
Q1-TX-000008,1271,2025-03-06,192.65 USD,Credit Card,Upgrade 
Q1-TX-000009,1237,2025-02-23,$244, Credit Card, Subscription
Q1-TX-000010,700,19 Feb 2025,USD -76.39,Credit Card ,REFUND
Q1-TX-000011,517,02/21/2025,296.71,bank transfer,Upgrade 
Q1-TX-000012,1262,2025-01-12,122.17,PayPal ,Subscription 
Q1-TX-000013,647,"Feb 16, 2025",-159.51,credit card, Refund
Q1-TX-000014,330,20-03-2025,-159.44,BANK TRANSFER,Refund 
Q1-TX-000015,471,2025-01-11,104.56 USD, PayPal ,ADD-ON
Q1-TX-000016,994,02/14/2025,204.58,debit card, Upgrade 
Q1-TX-000017,1425,14-01-2025,$-33,BANK TRANSFER,REFUND
Q1-TX-000018,12,02/27/2025,$-72,Debit Card ,Refund 
Q1-TX-000019,900004,15/01/2025,$-124,credit card,Refund 
Q1-TX-000020,69,"Feb 19, 2025",777.45 USD,Credit Card ,ADD-ON
Q1-TX-000021,1338,"Mar 15, 2025",USD 49.75, Credit Card,ADD-ON
Q1-TX-000022,475,2025-02-12,$-331, Debit Card ,Refund
Q1-TX-000023,1221,"Mar 22, 2025",$-304,paypal,REFUND
Q1-TX-000024,1476,2025-01-15,$-146,Bank Transfer , Refund
Q1-TX-000025,1382,2025-01-08,220.20,Bank Transfer ,Add-on
Q1-TX-000026,1185,08 Feb 2025,USD -297.10,credit card,refund
Q1-TX-000027,686,17-02-2025,152.69,PayPal ,Subscription
Q1-TX-000028,738,"Mar 16, 2025",USD 413.19,Bank Transfer ,Subscription
Q1-TX-000029,125,01/17/2025,$523.02,Credit Card,Subscription 
Q1-TX-000030,1204,01/03/2025,USD 217.59,debit card,UPGRADE
Q1-TX-000031,66,13 Mar 2025,108.42, Credit Card ,Add-on 
Q1-TX-000032,901,26/01/2025,301.01 USD,Debit Card,Upgrade 
Q1-TX-000033,1097,02-01-2025,203.25 USD,PayPal ,Upgrade 
Q1-TX-000034,1395,17 Feb 2025,-715.30, Debit Card,REFUND
Q1-TX-000035,283,2025-02-07,-271.91 USD,debit card, Refund
Q1-TX-000036,1062,2025-03-19,$310.25, Credit Card ,ADD-ON
Q1-TX-000037,833,"Mar 12, 2025",341.35,Bank Transfer, Subscription
Q1-TX-000038,169,14-02-2025,USD 265.09,PayPal , Subscription 
Q1-TX-000039,209,"Mar 21, 2025",168.28, PayPal ,upgrade
Q1-TX-000040,1044,"Jan 07, 2025",-137.98 USD, Debit Card, Refund
Q1-TX-000041,615,30/03/2025,338.13,Credit Card ,Subscription 
Q1-TX-000042,1197,2025-02-13,261.56 USD, Credit Card,Upgrade 
Q1-TX-000043,1255,02/16/2025,USD -246.57,Bank Transfer , Refund
Q1-TX-000044,640,02/09/2025,$233.81,debit card, Subscription
Q1-TX-000045,765,"Feb 16, 2025",223.64,bank transfer,SUBSCRIPTION
Q1-TX-000046,900000,13/02/2025,USD 346.33,credit card,UPGRADE
Q1-TX-000047,113,13/03/2025,84.02,debit card,upgrade
Q1-TX-000048,371,"Mar 06, 2025",$104.41,PayPal , Upgrade 
Q1-TX-000049,663,01/03/2025,USD 111.45,Bank Transfer,Upgrade
Q1-TX-000050,902,2025-02-26,211.06,BANK TRANSFER,Upgrade 
Q1-TX-000051,1128,04-03-2025,USD 286.21,PayPal ,ADD-ON
Q1-TX-000052,400,02/03/2025,$285.35, Credit Card,ADD-ON
Q1-TX-000053,139,2025-02-27,-243.36, PayPal , Refund
Q1-TX-000054,582,03 Jan 2025,-259.73 USD,PayPal ,Refund 
Q1-TX-000055,1266,2025-03-16,107.74,Bank Transfer,SUBSCRIPTION
Q1-TX-000056,199,01/31/2025,USD 225.41,Debit Card,UPGRADE
Q1-TX-000057,1094,2025-02-21,146.85,paypal, Upgrade
Q1-TX-000058,94,2025-03-06,USD 244.95, Credit Card , Upgrade 
Q1-TX-000059,847,02/22/2025,$77.64, Debit Card,Subscription 
Q1-TX-000060,704,11 Jan 2025,USD 205.97, Debit Card , Upgrade
Q1-TX-000061,233,"Jan 31, 2025",649.79, PayPal ,Subscription
Q1-TX-000062,177,06 Mar 2025,374.89,Credit Card ,Upgrade 
Q1-TX-000063,737,01/03/2025,263.31,Credit Card , Add-on 
Q1-TX-000064,439,"Feb 27, 2025",-316.89, Bank Transfer, Refund
Q1-TX-000065,927,"Jan 18, 2025",-189.90,credit card,REFUND
Q1-TX-000066,1318,02/14/2025,305.02 USD,paypal,SUBSCRIPTION
Q1-TX-000067,712,"Feb 12, 2025",-21.82,Bank Transfer , Refund 
Q1-TX-000068,804,"Mar 11, 2025",-91.30,CREDIT CARD,refund
Q1-TX-000069,329,01/23/2025,174.02, Bank Transfer ,Subscription 
Q1-TX-000070,351,20 Mar 2025,424.21 USD,Debit Card, Subscription 
Q1-TX-000071,63,17/01/2025,174.35,Credit Card , Add-on
Q1-TX-000072,1035,03/15/2025,$-179,PayPal , Refund 
Q1-TX-000073,1143,29-03-2025,-88.46,CREDIT CARD,Refund 
Q1-TX-000074,1200,11-01-2025,$-171,Credit Card,REFUND
Q1-TX-000075,206,2025-03-25,$524.80,Credit Card ,ADD-ON
Q1-TX-000076,738,28 Mar 2025,257.16 USD,DEBIT CARD,Upgrade
Q1-TX-000077,994,"Feb 10, 2025",112.86,PayPal,Subscription 
Q1-TX-000078,751,"Jan 13, 2025",-337.29,PayPal,REFUND
Q1-TX-000079,106,"Feb 20, 2025",273.23, Bank Transfer ,Upgrade 
Q1-TX-000080,976,14-01-2025,-268.56, Bank Transfer ,Refund
Q1-TX-000081,267,2025-01-07,-472.65 USD, PayPal ,refund
Q1-TX-000082,915,13/02/2025,USD 56.02,PayPal ,ADD-ON
Q1-TX-000083,211,25/03/2025,$-329.43, Bank Transfer,Refund 
Q1-TX-000084,105,15 Feb 2025,406.19,Debit Card ,Add-on
Q1-TX-000085,1443,02/07/2025,$-44.35,bank transfer, Refund 
Q1-TX-000086,1418,"Jan 14, 2025",-193.52 USD, Credit Card, Refund
Q1-TX-000087,1235,19-02-2025,-97.87, Credit Card,REFUND
Q1-TX-000088,67,19 Mar 2025,$172.59,Debit Card, Upgrade 
Q1-TX-000089,1099,28 Feb 2025,$-302,BANK TRANSFER,REFUND
Q1-TX-000090,1358,17 Feb 2025,331.66,credit card,Subscription
Q1-TX-000091,1490,26 Jan 2025,$-581,debit card,refund
Q1-TX-000092,219,03/18/2025,$195,bank transfer, Subscription 
Q1-TX-000093,473,2025-01-06,428.42 USD,Bank Transfer , Subscription
Q1-TX-000094,268,06-02-2025,196.37,PAYPAL,upgrade
Q1-TX-000095,595,08/02/2025,$676,Bank Transfer,Subscription
Q1-TX-000096,1383,"Jan 04, 2025",$327, Credit Card,ADD-ON
Q1-TX-000097,230,"Feb 04, 2025",248.46 USD, Debit Card,subscription
Q1-TX-000098,354,"Feb 27, 2025",USD -117.06,PAYPAL,Refund
Q1-TX-000099,281,03/23/2025,USD 408.72,CREDIT CARD,ADD-ON
Q1-TX-000100,522,24/01/2025,$305.84,CREDIT CARD, Subscription 
Q1-TX-000101,385,"Jan 04, 2025",USD -228.67, Debit Card , Refund 
Q1-TX-000102,904,03/17/2025,$476,Bank Transfer,Add-on 
Q1-TX-000103,775,2025-02-20,593.30,credit card,ADD-ON
Q1-TX-000104,52,04-02-2025,$452.60,CREDIT CARD,add-on
Q1-TX-000105,1142,"Jan 24, 2025",446.72,Bank Transfer , Add-on
Q1-TX-000106,141,21/03/2025,$-248.47, Credit Card,Refund 
Q1-TX-000107,756,09-03-2025,442.39,PayPal , Upgrade
Q1-TX-000108,1288,03/13/2025,$520.02, PayPal , Upgrade
Q1-TX-000109,600,01/07/2025,362.94,PayPal, Upgrade
Q1-TX-000110,120,14/01/2025,330.93, PayPal ,Subscription 
Q1-TX-000111,922,19 Feb 2025,152.81 USD,debit card, Add-on 
Q1-TX-000112,149,26-01-2025,USD 229.48, PayPal , Add-on 
Q1-TX-000113,82,01/02/2025,USD 266.63,DEBIT CARD, Add-on
Q1-TX-000114,792,11-03-2025,USD 97.01,debit card, Add-on
Q1-TX-000115,131,14/01/2025,USD 108.73,Bank Transfer,Upgrade
Q1-TX-000116,813,01/30/2025,327.94 USD,debit card,upgrade
Q1-TX-000117,1095,03/14/2025,$-415.53, PayPal,REFUND
Q1-TX-000118,500,01/24/2025,556.03,Bank Transfer ,Upgrade 
Q1-TX-000119,86,"Mar 26, 2025",130.05, Debit Card ,UPGRADE
Q1-TX-000120,1243,05/01/2025,668.37 USD,BANK TRANSFER,subscription
Q1-TX-000121,759,28 Mar 2025,$-235,CREDIT CARD,refund
Q1-TX-000122,863,21/01/2025,USD -159.16, Bank Transfer, Refund 
Q1-TX-000123,159,03/08/2025,USD 56.01,paypal, Add-on
Q1-TX-000124,1031,01/07/2025,409.14,credit card,Add-on
Q1-TX-000125,454,29 Jan 2025,256.12,Debit Card,Add-on
Q1-TX-000126,1416,"Jan 25, 2025",USD 669.70,BANK TRANSFER, Add-on
Q1-TX-000127,52,01/03/2025,USD 152.95,DEBIT CARD, Add-on 
Q1-TX-000128,127,2025-03-20,$479.09,Credit Card ,Subscription
Q1-TX-000129,60,03/15/2025,228.64 USD,Bank Transfer ,Add-on 
Q1-TX-000130,1096,30/01/2025,$114.55, Credit Card,Subscription 
Q1-TX-000131,1037,09-01-2025,276.56,Credit Card , Subscription
Q1-TX-000132,835,08/02/2025,173.78, Debit Card , Add-on 
Q1-TX-000133,343,31 Jan 2025,$-437,PayPal,Refund
Q1-TX-000134,78,15-03-2025,251.03 USD,PayPal , Upgrade
Q1-TX-000135,879,2025-03-22,75.92 USD,paypal, Subscription
Q1-TX-000136,1433,2025-02-04,46.40, PayPal , Upgrade
Q1-TX-000137,118,02/26/2025,USD 348.76, Credit Card ,Subscription
Q1-TX-000138,347,03/27/2025,USD 311.68,Bank Transfer,upgrade
Q1-TX-000139,1472,11 Jan 2025,$386,PayPal,Upgrade 
Q1-TX-000140,1274,01/02/2025,494.95 USD, Bank Transfer,upgrade
Q1-TX-000141,515,23/01/2025,,Credit Card, Refund 
Q1-TX-000142,572,14/01/2025,-94.77,CREDIT CARD, Refund 
Q1-TX-000143,490,"Feb 03, 2025",-277.93 USD,paypal, Refund
Q1-TX-000144,913,02-03-2025,719.99 USD, Credit Card ,Subscription 
Q1-TX-000145,835,2025-03-29,187.97,PAYPAL, Add-on 
Q1-TX-000146,1150,09 Feb 2025,203.00, Debit Card, Subscription 
Q1-TX-000147,76,14/01/2025,137.88, Bank Transfer , Subscription
Q1-TX-000148,1107,13-03-2025,USD -334.58,Debit Card ,Refund
Q1-TX-000149,576,"Jan 16, 2025",$-415.39,PAYPAL,Refund 
Q1-TX-000150,777,01/25/2025,-149.91 USD, Debit Card , Refund
Q1-TX-000151,102,21-02-2025,93.01 USD,debit card, Upgrade
Q1-TX-000152,1301,15/02/2025,$-17.80, PayPal , Refund 
Q1-TX-000153,407,2025-03-21,255.07 USD,PayPal , Subscription
Q1-TX-000154,1165,08/01/2025,-115.82, Bank Transfer, Refund 
Q1-TX-000155,337,18/01/2025,67.05,BANK TRANSFER, Upgrade
Q1-TX-000156,1268,25-03-2025,USD 166.16, PayPal ,Upgrade 
Q1-TX-000157,777,31-03-2025,$236,Credit Card , Upgrade
Q1-TX-000158,404,19/02/2025,$-112.04,PAYPAL,Refund
Q1-TX-000159,554,"Feb 10, 2025",466.52, Debit Card ,Add-on 
Q1-TX-000160,927,2025-02-02,USD 96.31, Debit Card,ADD-ON
Q1-TX-000161,1046,02/19/2025,USD 335.01,DEBIT CARD, Add-on 
Q1-TX-000162,1492,2025-03-13,$302,Credit Card ,Upgrade
Q1-TX-000163,107,11 Feb 2025,135.67,Bank Transfer,add-on
Q1-TX-000164,1333,28-01-2025,USD 314.52, PayPal,ADD-ON
Q1-TX-000165,1091,03/28/2025,USD 211.94,BANK TRANSFER,Subscription
Q1-TX-000166,932,08/02/2025,USD 313.20,PayPal ,Add-on
Q1-TX-000167,665,"Feb 18, 2025",227.84,CREDIT CARD,subscription
Q1-TX-000168,163,19-02-2025,$-62, Debit Card,Refund 
Q1-TX-000169,799,10-01-2025,USD -38.31,PayPal,REFUND
Q1-TX-000170,320,03/12/2025,534.87, Bank Transfer,Subscription
Q1-TX-000171,1416,11/02/2025,$51.50,DEBIT CARD,Subscription
Q1-TX-000172,286,2025-02-10,-216.50 USD, Bank Transfer , Refund 
Q1-TX-000173,719,15/01/2025,132.60, PayPal,subscription
Q1-TX-000174,509,"Mar 17, 2025",-178.55,Debit Card ,Refund
Q1-TX-000175,774,16/02/2025,390.61, Debit Card , Upgrade
Q1-TX-000176,1069,2025-02-17,$176,Credit Card, Add-on 
Q1-TX-000177,101,14-01-2025,$-359, PayPal ,Refund
Q1-TX-000178,861,01/14/2025,-504.75 USD,Debit Card, Refund
Q1-TX-000179,286,03/01/2025,297.22,Bank Transfer, Add-on
Q1-TX-000180,358,"Mar 25, 2025",103.90,PAYPAL,Subscription 
Q1-TX-000181,220,11/03/2025,-186.29 USD,PayPal , Refund
Q1-TX-000182,309,15 Feb 2025,$328,Credit Card,ADD-ON
Q1-TX-000183,621,2025-02-20,$-202, PayPal ,Refund 
Q1-TX-000184,81,02/08/2025,$109.69,BANK TRANSFER,Upgrade 
Q1-TX-000185,965,27/01/2025,USD 441.40,Credit Card,Subscription 
Q1-TX-000186,1388,20-02-2025,$163,Debit Card , Add-on
Q1-TX-000187,199,01/07/2025,384.20,bank transfer,Add-on 
Q1-TX-000188,421,15/03/2025,$187.26, Bank Transfer ,Add-on 
Q1-TX-000189,1312,"Feb 23, 2025",-184.26 USD, PayPal,refund
Q1-TX-000190,511,07 Jan 2025,$-163, PayPal,Refund
Q1-TX-000191,578,"Mar 03, 2025",754.81, Debit Card,UPGRADE
Q1-TX-000192,1332,"Mar 10, 2025",$83, Credit Card ,Add-on
Q1-TX-000193,526,"Mar 27, 2025",$-292, PayPal,REFUND
Q1-TX-000194,1008,2025-02-27,USD 249.01,BANK TRANSFER,upgrade
Q1-TX-000195,808,01/10/2025,$-307.03,bank transfer,REFUND
Q1-TX-000196,821,04-02-2025,USD 70.43, Credit Card ,Add-on
Q1-TX-000197,183,26-02-2025,-342.87 USD,PayPal,refund
Q1-TX-000198,1173,"Feb 05, 2025",$90.23, PayPal ,upgrade
Q1-TX-000199,1467,06-01-2025,509.49 USD, Bank Transfer,UPGRADE
Q1-TX-000200,837,22/01/2025,90.93,BANK TRANSFER,Upgrade 
Q1-TX-000201,649,29/01/2025,USD 190.04,PayPal ,subscription
Q1-TX-000202,197,05-01-2025,$196,Debit Card ,SUBSCRIPTION
Q1-TX-000203,716,2025-01-13,USD 369.43,BANK TRANSFER,Add-on 
Q1-TX-000204,287,03/25/2025,USD 456.44, Debit Card,Subscription 
Q1-TX-000205,224,01/07/2025,322.60,PayPal,SUBSCRIPTION
Q1-TX-000206,946,2025-01-28,USD -256.51,CREDIT CARD,refund
Q1-TX-000207,1483,2025-03-07,USD 524.31,BANK TRANSFER, Upgrade
Q1-TX-000208,1098,01/26/2025,523.48 USD,Credit Card,Add-on
Q1-TX-000209,1232,16 Jan 2025,$-313,PayPal, Refund
Q1-TX-000210,720,03-03-2025,350.10,PayPal , Subscription
Q1-TX-000211,450,17/02/2025,USD 206.71, Bank Transfer,UPGRADE
Q1-TX-000212,313,"Feb 27, 2025",750.12,Debit Card,Upgrade
Q1-TX-000213,701,20/01/2025,$148, Debit Card ,Add-on 
Q1-TX-000214,464,"Mar 23, 2025",$287, Bank Transfer, Upgrade 
Q1-TX-000215,1201,24 Jan 2025,-516.64, Credit Card, Refund 
Q1-TX-000216,1277,2025-01-24,$-545,debit card,refund
Q1-TX-000217,1095,25 Mar 2025,$282.28,Debit Card , Upgrade
Q1-TX-000218,123,28-03-2025,$230, PayPal ,Add-on 
Q1-TX-000219,707,03/09/2025,$-242, Credit Card ,refund
Q1-TX-000220,816,11 Feb 2025,154.95,bank transfer,add-on
Q1-TX-000221,701,08/03/2025,USD -91.22,PayPal , Refund 
Q1-TX-000222,127,2025-02-21,$-155.02,PAYPAL, Refund
Q1-TX-000223,1272,"Mar 28, 2025",USD 180.94, Debit Card , Upgrade
Q1-TX-000224,183,03/15/2025,-606.88, Debit Card ,refund
Q1-TX-000225,948,01/17/2025,-495.65,CREDIT CARD,REFUND
Q1-TX-000226,1116,15 Feb 2025,229.03 USD,Bank Transfer ,SUBSCRIPTION
Q1-TX-000227,812,01/01/2025,$842,BANK TRANSFER,UPGRADE
Q1-TX-000228,989,"Feb 09, 2025",486.09 USD,Debit Card,Add-on 
Q1-TX-000229,1070,"Jan 22, 2025",$-126,credit card, Refund 
Q1-TX-000230,1462,"Jan 12, 2025",106.94,bank transfer,subscription
Q1-TX-000231,1217,03/19/2025,430.36, Debit Card ,UPGRADE
Q1-TX-000232,1353,03 Jan 2025,, Bank Transfer,add-on
Q1-TX-000233,102,2025-01-08,$210.14, PayPal ,Subscription 
Q1-TX-000234,927,01/15/2025,$245.52, PayPal, Subscription 
Q1-TX-000235,1267,2025-01-07,$124.85,PayPal,subscription
Q1-TX-000236,914,09 Mar 2025,USD 161.91,PayPal , Subscription 
Q1-TX-000237,1337,20 Mar 2025,371.10,DEBIT CARD, Add-on
Q1-TX-000238,831,"Jan 21, 2025",104.96,Bank Transfer, Upgrade
Q1-TX-000239,1117,19-02-2025,156.07 USD,Credit Card , Upgrade
Q1-TX-000240,687,30 Jan 2025,90.86,BANK TRANSFER, Add-on
Q1-TX-000241,72,02 Jan 2025,-399.69,CREDIT CARD,REFUND
Q1-TX-000242,231,01/01/2025,$-258,Debit Card ,Refund
Q1-TX-000243,1006,14 Jan 2025,198.69,PayPal,SUBSCRIPTION
Q1-TX-000244,478,2025-03-06,-474.25, Bank Transfer ,Refund
Q1-TX-000245,510,2025-03-26,103.62,paypal,UPGRADE
Q1-TX-000246,403,22/01/2025,395.65 USD,Credit Card , Add-on 
Q1-TX-000247,380,28 Mar 2025,115.14,Bank Transfer ,Subscription 
Q1-TX-000248,1231,2025-01-31,$210.19,Credit Card,subscription
Q1-TX-000249,111,2025-03-07,USD 230.52,debit card,add-on
Q1-TX-000250,806,03 Feb 2025,32.64, Debit Card , Add-on 
Q1-TX-000251,336,22-03-2025,$527,Credit Card ,add-on
Q1-TX-000252,651,02/21/2025,312.57 USD,PayPal ,subscription
Q1-TX-000253,1212,16-03-2025,$118, Credit Card ,SUBSCRIPTION
Q1-TX-000254,1221,"Mar 15, 2025",USD 203.85, Credit Card,Subscription
Q1-TX-000255,239,03/25/2025,$211,Credit Card , Subscription 
Q1-TX-000256,18,01-03-2025,-55.49,bank transfer, Refund 
Q1-TX-000257,969,27 Mar 2025,USD 258.31,PayPal, Add-on
Q1-TX-000258,900010,"Mar 28, 2025",$370.54,BANK TRANSFER,UPGRADE
Q1-TX-000259,842,02 Jan 2025,USD 324.61, Bank Transfer , Add-on 
Q1-TX-000260,34,27/03/2025,245.90, Bank Transfer,UPGRADE
Q1-TX-000261,1190,01/20/2025,569.01 USD,bank transfer, Add-on 
Q1-TX-000262,587,15/03/2025,"USD 1,118.93", Credit Card ,Upgrade 
Q1-TX-000263,314,02 Jan 2025,USD 633.62,Bank Transfer , Add-on 
Q1-TX-000264,361,07 Feb 2025,$159,credit card, Upgrade 
Q1-TX-000265,983,03-03-2025,245.21 USD,PAYPAL,SUBSCRIPTION
Q1-TX-000266,817,14/01/2025,158.11 USD, PayPal,Add-on 
Q1-TX-000267,657,"Mar 12, 2025",319.95 USD,CREDIT CARD,Add-on
Q1-TX-000268,767,"Feb 25, 2025",USD -315.84,bank transfer,REFUND
Q1-TX-000269,559,"Mar 04, 2025",200.81 USD,Bank Transfer ,Upgrade 
Q1-TX-000270,543,2025-03-02,$-62.08,Debit Card , Refund
Q1-TX-000271,1258,2025-02-02,$-265.14,DEBIT CARD,REFUND
Q1-TX-000272,1474,27/03/2025,USD 117.48,Debit Card,Upgrade
Q1-TX-000273,143,03/24/2025,314.27, Credit Card ,Add-on
Q1-TX-000274,904,14-02-2025,448.20,Debit Card , Subscription
Q1-TX-000275,487,01/11/2025,USD 250.23, Debit Card, Upgrade
Q1-TX-000276,1255,2025-01-21,$-98,Credit Card,Refund 
Q1-TX-000277,337,25/02/2025,588.59,PAYPAL,upgrade
Q1-TX-000278,436,2025-02-26,-98.44,Credit Card, Refund 
Q1-TX-000279,1371,22 Mar 2025,$252.81, Debit Card ,Upgrade 
Q1-TX-000280,1080,2025-03-12,-260.94 USD, PayPal , Refund 
Q1-TX-000281,203,18-01-2025,376.59,Bank Transfer , Upgrade
Q1-TX-000282,1011,2025-02-02,69.92,credit card,Subscription
Q1-TX-000283,1481,03/03/2025,147.73,Credit Card,Subscription
Q1-TX-000284,1053,21-03-2025,120.22 USD,BANK TRANSFER,Add-on
Q1-TX-000285,497,"Jan 12, 2025",125.46,PayPal,subscription
Q1-TX-000286,757,2025-01-10,,Debit Card ,Subscription
Q1-TX-000287,1196,09 Feb 2025,$-120.40, Credit Card, Refund 
Q1-TX-000288,486,19 Feb 2025,110.89 USD,debit card,Add-on
Q1-TX-000289,536,06/02/2025,$307, PayPal ,upgrade
Q1-TX-000290,384,"Feb 02, 2025",428.30,CREDIT CARD,add-on
Q1-TX-000291,196,2025-03-11,115.00 USD,Bank Transfer,Add-on 
Q1-TX-000292,377,03 Mar 2025,124.09, Credit Card , Add-on
Q1-TX-000293,1416,02/22/2025,USD 288.50,PayPal,Add-on
Q1-TX-000294,1276,29-01-2025,312.28 USD, Debit Card,SUBSCRIPTION
Q1-TX-000295,1245,01/08/2025,94.57 USD,PayPal ,SUBSCRIPTION
Q1-TX-000296,76,01/17/2025,158.60 USD, PayPal ,Upgrade
Q1-TX-000297,795,23/03/2025,145.13 USD,CREDIT CARD,Subscription
Q1-TX-000298,1111,04/02/2025,-401.10,debit card,REFUND
Q1-TX-000299,1440,14/02/2025,USD -106.15, Bank Transfer, Refund 
Q1-TX-000300,1485,10-02-2025,35.74,Bank Transfer ,Upgrade 
Q1-TX-000301,693,12 Mar 2025,USD 169.96,Credit Card ,Upgrade 
Q1-TX-000302,906,16/01/2025,-183.59, Debit Card,Refund
Q1-TX-000303,756,"Feb 24, 2025",217.86 USD, Debit Card,upgrade
Q1-TX-000304,921,02/06/2025,,CREDIT CARD,add-on
Q1-TX-000305,812,2025-03-20,$-532,Debit Card,REFUND
Q1-TX-000306,11,07 Mar 2025,$348.62,Bank Transfer,ADD-ON
Q1-TX-000307,1119,16-03-2025,-127.63 USD,Debit Card , Refund 
Q1-TX-000308,649,31-03-2025,$148.81, Credit Card ,add-on
Q1-TX-000309,1459,2025-02-06,USD 192.16, Debit Card,UPGRADE
Q1-TX-000310,1314,11/02/2025,USD 240.85,Credit Card,Subscription 
Q1-TX-000311,1267,01/26/2025,159.89, PayPal,Upgrade 
Q1-TX-000312,818,02-03-2025,$270,Credit Card,Upgrade 
Q1-TX-000313,354,22/02/2025,$134.09,bank transfer,Upgrade
Q1-TX-000314,677,13/01/2025,142.67,CREDIT CARD,UPGRADE
Q1-TX-000315,1,04-02-2025,180.17 USD,Credit Card, Add-on 
Q1-TX-000316,655,"Jan 16, 2025",118.68, Debit Card,Upgrade 
Q1-TX-000317,201,2025-02-15,-53.07 USD, PayPal ,REFUND
Q1-TX-000318,145,"Jan 31, 2025",494.96 USD,debit card,subscription
Q1-TX-000319,1212,16-03-2025,111.43, Debit Card,Add-on 
Q1-TX-000320,1399,18-03-2025,USD -307.07,Debit Card,refund
Q1-TX-000321,738,2025-02-26,-449.35,PAYPAL, Refund 
Q1-TX-000322,124,"Jan 14, 2025",,Credit Card,SUBSCRIPTION
Q1-TX-000323,1295,11/01/2025,164.58,debit card,Subscription
Q1-TX-000324,874,2025-02-22,$-256.82,PayPal,Refund
Q1-TX-000325,559,01/12/2025,$-410.73,PAYPAL, Refund
Q1-TX-000326,145,2025-02-28,$531.49, Credit Card ,Upgrade
Q1-TX-000327,6,21/02/2025,$77.34,Bank Transfer , Subscription
Q1-TX-000328,90,29-01-2025,$-574.32,PAYPAL,REFUND
Q1-TX-000329,238,"Feb 17, 2025",249.05,credit card, Add-on 
Q1-TX-000330,1323,17/01/2025,297.57,DEBIT CARD,Upgrade
Q1-TX-000331,249,19-03-2025,USD 229.20, Credit Card , Subscription 
Q1-TX-000332,1166,15 Feb 2025,-72.59,CREDIT CARD,REFUND
Q1-TX-000333,1008,2025-02-26,168.64,PAYPAL,Add-on
Q1-TX-000334,96,01/23/2025,USD 221.59, Bank Transfer ,Subscription
Q1-TX-000335,1121,02/10/2025,153.95 USD,DEBIT CARD, Upgrade
Q1-TX-000336,1477,"Mar 06, 2025",414.41, Debit Card ,ADD-ON
Q1-TX-000337,61,03/02/2025,112.06,Credit Card, Upgrade
Q1-TX-000338,895,2025-02-09,USD 193.02,Bank Transfer,add-on
Q1-TX-000339,537,2025-01-03,174.05,PAYPAL,ADD-ON
Q1-TX-000340,871,"Mar 23, 2025",-144.57 USD,BANK TRANSFER,Refund
Q1-TX-000341,900005,01/29/2025,USD 281.97,Debit Card, Upgrade
Q1-TX-000342,1149,02 Mar 2025,306.11,PayPal , Subscription 
Q1-TX-000343,1326,29-01-2025,USD 156.71, Bank Transfer, Add-on
Q1-TX-000344,697,02/14/2025,93.98, Debit Card,SUBSCRIPTION
Q1-TX-000345,438,2025-02-04,164.48 USD, Debit Card,Add-on 
Q1-TX-000346,875,17/01/2025,USD 392.80, Debit Card , Upgrade 
Q1-TX-000347,1490,13/03/2025,USD 120.84, PayPal, Add-on 
Q1-TX-000348,642,07 Feb 2025,$218.12, Debit Card ,Subscription
Q1-TX-000349,986,26 Feb 2025,88.96 USD,paypal,Add-on 
Q1-TX-000350,226,25/01/2025,$-137,CREDIT CARD,refund
Q1-TX-000351,269,"Jan 03, 2025",140.93, PayPal ,SUBSCRIPTION
Q1-TX-000352,837,01/01/2025,128.86, Bank Transfer,upgrade
Q1-TX-000353,310,16/03/2025,USD 275.16,bank transfer,Add-on 
Q1-TX-000354,880,29-01-2025,95.53,bank transfer, Upgrade 
Q1-TX-000355,867,07 Jan 2025,$248.77,DEBIT CARD,Upgrade 
Q1-TX-000356,914,07 Mar 2025,621.70 USD,Credit Card, Subscription
Q1-TX-000357,1457,04/01/2025,254.62,credit card, Subscription
Q1-TX-000358,860,2025-01-07,$104, PayPal,Upgrade 
Q1-TX-000359,1456,15-01-2025,USD 301.46, Bank Transfer ,Add-on 
Q1-TX-000360,732,05 Feb 2025,-290.52,PayPal ,Refund
Q1-TX-000361,223,"Jan 06, 2025",$384,PayPal ,Upgrade 
Q1-TX-000362,745,02/21/2025,181.13 USD,PayPal,upgrade
Q1-TX-000363,1059,31 Jan 2025,298.57, PayPal,Add-on 
Q1-TX-000364,480,"Feb 14, 2025",153.18,CREDIT CARD,SUBSCRIPTION
Q1-TX-000365,1338,2025-03-13,$-144.30,Credit Card, Refund
Q1-TX-000366,303,"Mar 26, 2025",$353.30,Credit Card,UPGRADE
Q1-TX-000367,214,"Mar 29, 2025",$45,PayPal , Upgrade
Q1-TX-000368,1005,30/03/2025,328.71 USD,credit card,SUBSCRIPTION
Q1-TX-000369,148,02/23/2025,-903.49 USD, Credit Card,refund
Q1-TX-000370,74,15/01/2025,202.83, PayPal ,ADD-ON
Q1-TX-000371,217,29-03-2025,$387.07,CREDIT CARD,upgrade
Q1-TX-000372,253,20/01/2025,,Bank Transfer,UPGRADE
Q1-TX-000373,942,23-03-2025,672.62, Bank Transfer , Upgrade 
Q1-TX-000374,737,15/02/2025,285.92 USD,bank transfer,UPGRADE
Q1-TX-000375,732,"Feb 04, 2025",-108.17, Debit Card,refund
Q1-TX-000376,1218,"Feb 08, 2025",$84, Debit Card ,Upgrade
Q1-TX-000377,672,08/03/2025,$-75,PayPal ,Refund
Q1-TX-000378,334,26-02-2025,173.33 USD,BANK TRANSFER,Subscription 
Q1-TX-000379,307,02/15/2025,USD 93.33,PayPal, Upgrade
Q1-TX-000380,107,"Feb 27, 2025",125.86 USD, Bank Transfer , Upgrade 
Q1-TX-000381,1363,2025-02-24,$435,debit card,subscription
Q1-TX-000382,1248,2025-02-22,$486,Bank Transfer, Add-on 
Q1-TX-000383,1280,02/23/2025,-120.85 USD,Bank Transfer,REFUND
Q1-TX-000384,1348,12/02/2025,$-259,DEBIT CARD,REFUND
Q1-TX-000385,416,"Mar 17, 2025",150.68,Credit Card , Upgrade 
Q1-TX-000386,233,"Feb 25, 2025",$75, Bank Transfer , Upgrade 
Q1-TX-000387,696,03/22/2025,USD 341.19,PayPal ,Subscription 
Q1-TX-000388,1173,06 Feb 2025,-200.98, Bank Transfer ,refund
Q1-TX-000389,951,08/03/2025,153.96,Bank Transfer ,add-on
Q1-TX-000390,883,2025-03-05,$-303.41,PayPal, Refund 
Q1-TX-000391,249,03/03/2025,USD -105.79,DEBIT CARD, Refund 
Q1-TX-000392,558,31 Mar 2025,$54,Debit Card,Subscription 
Q1-TX-000393,1072,27 Feb 2025,330.25,Credit Card,Upgrade
Q1-TX-000394,1495,25 Feb 2025,-427.77, Bank Transfer , Refund 
Q1-TX-000395,69,02/14/2025,39.80,credit card,Add-on
Q1-TX-000396,1073,27-03-2025,401.46 USD,PayPal ,SUBSCRIPTION
Q1-TX-000397,1142,20 Feb 2025,$554.88,CREDIT CARD, Add-on 
Q1-TX-000398,713,31 Jan 2025,183.95 USD, Bank Transfer,SUBSCRIPTION
Q1-TX-000399,311,01/04/2025,USD 322.96,credit card,Upgrade
Q1-TX-000400,1439,02/03/2025,$208.84, Bank Transfer ,SUBSCRIPTION
Q1-TX-000401,478,23 Mar 2025,333.84, PayPal, Upgrade 
Q1-TX-000402,1028,"Feb 22, 2025",192.06,Debit Card,Upgrade 
Q1-TX-000403,1287,20 Mar 2025,-295.02 USD,DEBIT CARD,REFUND
Q1-TX-000404,900012,04-03-2025,USD -55.93,Credit Card, Refund 
Q1-TX-000405,1146,01/11/2025,120.12 USD,Credit Card, Subscription
Q1-TX-000406,727,"Mar 22, 2025",256.24,Bank Transfer,UPGRADE
Q1-TX-000407,112,20/02/2025,122.82,PayPal,Subscription
Q1-TX-000408,1450,21 Mar 2025,$215,Bank Transfer,add-on
Q1-TX-000409,628,"Mar 24, 2025",$576, Credit Card ,Add-on 
Q1-TX-000410,7,2025-02-16,58.12,DEBIT CARD,Add-on 
Q1-TX-000411,393,02/15/2025,170.35,Bank Transfer , Subscription 
Q1-TX-000412,458,17 Jan 2025,$152.96,Bank Transfer , Add-on 
Q1-TX-000413,666,01/12/2025,$358.50, PayPal , Upgrade
Q1-TX-000414,15,2025-03-26,$370,PayPal , Add-on 
Q1-TX-000415,660,"Feb 27, 2025",$403,Debit Card ,Add-on
Q1-TX-000416,870,02/20/2025,-154.04 USD, Credit Card, Refund
Q1-TX-000417,643,2025-01-25,-72.33 USD,Debit Card , Refund
Q1-TX-000418,798,24/03/2025,$158.89,Bank Transfer ,Upgrade
Q1-TX-000419,527,02/27/2025,-194.10,Bank Transfer , Refund 
Q1-TX-000420,169,17-03-2025,304.89, Credit Card,subscription
Q1-TX-000421,1436,25-03-2025,297.01,paypal,Add-on
Q1-TX-000422,591,16/03/2025,$281.82,Bank Transfer, Subscription 
Q1-TX-000423,95,15-03-2025,$-388.06,credit card, Refund 
Q1-TX-000424,1319,06/01/2025,267.06,PAYPAL,Upgrade
Q1-TX-000425,170,"Mar 20, 2025",-120.20 USD,credit card,Refund 
Q1-TX-000426,1124,"Feb 23, 2025",$249,Credit Card ,Upgrade 
Q1-TX-000427,327,"Mar 20, 2025",330.94,Credit Card, Upgrade
Q1-TX-000428,849,07 Mar 2025,USD 401.36,PayPal, Upgrade 
Q1-TX-000429,529,2025-01-28,$246,Credit Card, Upgrade 
Q1-TX-000430,263,01/07/2025,$233, Credit Card,upgrade
Q1-TX-000431,689,28/01/2025,USD 211.05,bank transfer, Add-on 
Q1-TX-000432,766,01/15/2025,$299,Credit Card,Subscription 
Q1-TX-000433,251,2025-03-10,489.74 USD, Credit Card , Upgrade 
Q1-TX-000434,927,2025-02-15,368.33 USD,BANK TRANSFER, Upgrade 
Q1-TX-000435,628,2025-01-09,USD 395.98,bank transfer,Add-on 
Q1-TX-000436,727,01/01/2025,-71.37,CREDIT CARD, Refund 
Q1-TX-000437,1370,23 Mar 2025,251.42,DEBIT CARD,ADD-ON
Q1-TX-000438,821,02/10/2025,314.45,Bank Transfer, Upgrade
Q1-TX-000439,187,22 Jan 2025,505.58 USD,Bank Transfer,Upgrade 
Q1-TX-000440,312,"Jan 13, 2025",$-190,BANK TRANSFER,Refund 
Q1-TX-000441,1002,01/29/2025,41.72 USD,CREDIT CARD,Add-on 
Q1-TX-000442,104,01/01/2025,173.88,paypal, Subscription 
Q1-TX-000443,291,"Jan 30, 2025",141.44,Credit Card , Upgrade 
Q1-TX-000444,19,01/02/2025,$93.87,Debit Card ,Subscription
Q1-TX-000445,913,19/02/2025,$147, Bank Transfer ,Add-on 
Q1-TX-000446,1115,05 Jan 2025,USD 190.07, Credit Card , Subscription
Q1-TX-000447,145,03 Feb 2025,$251.97,Debit Card, Add-on
Q1-TX-000448,49,21 Jan 2025,$257, Bank Transfer, Upgrade
Q1-TX-000449,1271,"Feb 25, 2025",$178.36,Debit Card ,Upgrade 
Q1-TX-000450,1045,25 Jan 2025,232.49,PAYPAL, Add-on 
Q1-TX-000451,887,01/12/2025,$-316.78, PayPal,Refund
Q1-TX-000452,1236,22/01/2025,$142.74, Bank Transfer ,Subscription
Q1-TX-000453,133,"Jan 20, 2025",$-53,Credit Card,Refund 
Q1-TX-000454,542,07-03-2025,181.49,PAYPAL, Add-on 
Q1-TX-000455,874,03/09/2025,230.04 USD,PAYPAL,upgrade
Q1-TX-000456,88,08-01-2025,22.99 USD,PAYPAL, Add-on 
Q1-TX-000457,1155,03/28/2025,33.07,Credit Card,upgrade
Q1-TX-000458,585,17 Feb 2025,USD 320.07,CREDIT CARD,UPGRADE
Q1-TX-000459,1272,07 Feb 2025,USD -128.91,Bank Transfer ,Refund
Q1-TX-000460,1424,2025-03-31,$264.11,PayPal,Add-on 
Q1-TX-000461,201,2025-01-27,355.32,PAYPAL, Upgrade
Q1-TX-000462,817,01/02/2025,260.76,Credit Card ,subscription
Q1-TX-000463,271,"Mar 28, 2025",USD 99.20, PayPal , Add-on
Q1-TX-000464,972,28 Jan 2025,442.52,Credit Card , Subscription
Q1-TX-000465,229,01/28/2025,USD 125.32,Credit Card,Subscription
Q1-TX-000466,1376,"Jan 06, 2025",$86, Credit Card ,ADD-ON
Q1-TX-000467,1236,22 Feb 2025,$-64,Bank Transfer , Refund
Q1-TX-000468,1021,"Feb 03, 2025",168.11,Credit Card ,SUBSCRIPTION
Q1-TX-000469,381,07 Jan 2025,$300.46, Credit Card, Add-on 
Q1-TX-000470,561,27 Jan 2025,$57.39, Credit Card, Upgrade
Q1-TX-000471,198,01/02/2025,$83,paypal, Upgrade
Q1-TX-000472,156,25-01-2025,$-227,BANK TRANSFER, Refund 
Q1-TX-000473,762,"Mar 10, 2025",328.62, Bank Transfer ,UPGRADE
Q1-TX-000474,412,2025-03-09,360.43 USD,Bank Transfer, Add-on
Q1-TX-000475,1397,17-02-2025,268.90, Debit Card ,Subscription
Q1-TX-000476,1432,02/06/2025,USD -113.30,Credit Card,Refund
Q1-TX-000477,409,05/02/2025,151.40,Credit Card , Subscription 
Q1-TX-000478,340,04-02-2025,-326.47 USD, Credit Card,refund
Q1-TX-000479,960,09-01-2025,91.07,CREDIT CARD, Add-on
Q1-TX-000480,717,02/06/2025,USD 246.09,credit card, Upgrade
Q1-TX-000481,1286,2025-02-02,$101.13,Debit Card , Upgrade 
Q1-TX-000482,288,"Feb 06, 2025",USD 296.62, Debit Card, Add-on 
Q1-TX-000483,1299,21/01/2025,187.74,Debit Card,Add-on
Q1-TX-000484,922,"Feb 09, 2025",$180.33,credit card, Upgrade 
Q1-TX-000485,638,18 Feb 2025,-91.18 USD, Credit Card, Refund
Q1-TX-000486,557,14-03-2025,72.47 USD,DEBIT CARD,subscription
Q1-TX-000487,559,08 Jan 2025,$324,Debit Card , Add-on
Q1-TX-000488,936,25 Mar 2025,$-89.22, Bank Transfer, Refund
Q1-TX-000489,1000,06 Jan 2025,$-525.54, Credit Card ,Refund
Q1-TX-000490,45,23/01/2025,111.09,PayPal,Subscription 
Q1-TX-000491,32,"Jan 11, 2025",$169, PayPal , Subscription 
Q1-TX-000492,438,02/16/2025,615.37 USD,DEBIT CARD,Upgrade 
Q1-TX-000493,26,06/02/2025,$-111, Credit Card , Refund
Q1-TX-000494,786,01/24/2025,$498, Bank Transfer, Upgrade
Q1-TX-000495,130,03/31/2025,USD -151.60,Debit Card , Refund 
Q1-TX-000496,550,"Feb 17, 2025",-635.48,bank transfer,Refund 
Q1-TX-000497,655,2025-03-11,$401,paypal, Upgrade 
Q1-TX-000498,1061,2025-02-20,USD -201.09,paypal, Refund
Q1-TX-000499,706,"Jan 25, 2025",, Debit Card,add-on
Q1-TX-000500,309,03/21/2025,-276.00, PayPal , Refund 
Q1-TX-000501,848,"Mar 03, 2025",USD 270.24,debit card,Add-on 
Q1-TX-000502,1297,2025-03-06,448.09,bank transfer, Add-on
Q1-TX-000503,1079,24/01/2025,$832, PayPal ,Add-on
Q1-TX-000504,2,28/01/2025,USD 221.05,Debit Card, Add-on
Q1-TX-000505,1319,27-03-2025,368.97,CREDIT CARD,Upgrade
Q1-TX-000506,497,19 Feb 2025,$338, Credit Card,SUBSCRIPTION
Q1-TX-000507,105,18/03/2025,$206, Credit Card,subscription
Q1-TX-000508,1451,2025-01-25,144.70,CREDIT CARD, Upgrade
Q1-TX-000509,181,19-03-2025,$285.51,paypal, Add-on
Q1-TX-000510,1106,"Feb 17, 2025",65.44 USD,paypal, Upgrade 
Q1-TX-000511,654,11 Feb 2025,-191.39,BANK TRANSFER,REFUND
Q1-TX-000512,722,11 Mar 2025,USD 223.24,DEBIT CARD,upgrade
Q1-TX-000513,925,29/01/2025,$-383.72,bank transfer,Refund 
Q1-TX-000514,676,28/01/2025,$352.34,PayPal , Add-on 
Q1-TX-000515,1184,02/17/2025,284.97,Debit Card , Subscription
Q1-TX-000516,493,"Mar 30, 2025",508.76,credit card, Subscription 
Q1-TX-000517,549,28/03/2025,257.94 USD, Debit Card,ADD-ON
Q1-TX-000518,1250,08 Mar 2025,471.16 USD, PayPal ,Subscription
Q1-TX-000519,886,19-03-2025,USD -229.06,PayPal, Refund
Q1-TX-000520,1392,22-01-2025,$52, Bank Transfer,Add-on 
Q1-TX-000521,432,03/10/2025,232.82,Bank Transfer ,ADD-ON
Q1-TX-000522,1043,01 Jan 2025,355.09,Credit Card,SUBSCRIPTION
Q1-TX-000523,311,27-03-2025,USD -416.96,bank transfer,Refund 
Q1-TX-000524,810,29 Mar 2025,$70.18,Bank Transfer , Add-on
Q1-TX-000525,467,"Feb 11, 2025",$73.68,CREDIT CARD,Add-on
Q1-TX-000526,748,01-01-2025,USD -232.90, Debit Card , Refund
Q1-TX-000527,343,01-02-2025,171.63, Bank Transfer ,Upgrade 
Q1-TX-000528,431,2025-03-18,496.03 USD,PayPal, Upgrade 
Q1-TX-000529,502,2025-02-15,USD 113.13,CREDIT CARD,Upgrade
Q1-TX-000530,1297,02/24/2025,-612.69 USD,PAYPAL,refund
Q1-TX-000531,773,01/09/2025,USD 223.38,DEBIT CARD,Add-on 
Q1-TX-000532,860,03/20/2025,USD 64.76, Bank Transfer,subscription
Q1-TX-000533,1439,2025-02-04,159.79,PAYPAL, Upgrade
Q1-TX-000534,517,2025-01-02,$65.90, Bank Transfer,upgrade
Q1-TX-000535,571,2025-02-15,71.08 USD, Credit Card ,Add-on 
Q1-TX-000536,17,02/05/2025,USD 417.95,bank transfer,UPGRADE
Q1-TX-000537,1215,01/08/2025,202.92,DEBIT CARD,Subscription 
Q1-TX-000538,218,2025-01-03,364.68, Bank Transfer,ADD-ON
Q1-TX-000539,1214,01/28/2025,USD 604.36,CREDIT CARD, Upgrade 
Q1-TX-000540,877,2025-02-28,73.91,Debit Card ,Add-on
Q1-TX-000541,191,11/03/2025,420.20, Debit Card ,UPGRADE
Q1-TX-000542,997,26 Jan 2025,192.20 USD,PayPal ,Subscription 
Q1-TX-000543,300,2025-02-16,130.23,debit card, Add-on 
Q1-TX-000544,530,"Jan 30, 2025",, Debit Card ,SUBSCRIPTION
Q1-TX-000545,1167,16-02-2025,$155,Bank Transfer,add-on
Q1-TX-000546,1079,"Mar 12, 2025",$391,DEBIT CARD, Upgrade
Q1-TX-000547,1136,17 Mar 2025,425.38,Debit Card ,subscription
Q1-TX-000548,1091,07 Jan 2025,106.52 USD,bank transfer,Upgrade 
Q1-TX-000549,1365,27-02-2025,-415.46, Debit Card, Refund
Q1-TX-000550,758,28 Jan 2025,$249,Bank Transfer, Subscription
Q1-TX-000551,952,"Jan 13, 2025",157.75,Bank Transfer,Add-on 
Q1-TX-000552,955,18-03-2025,USD 577.79,Bank Transfer,SUBSCRIPTION
Q1-TX-000553,435,01/19/2025,$281.84, PayPal,Subscription 
Q1-TX-000554,890,22-02-2025,$339,BANK TRANSFER,Subscription 
Q1-TX-000555,176,2025-02-23,178.45 USD, Bank Transfer ,Add-on 
Q1-TX-000556,1345,22-03-2025,USD 532.23,Credit Card, Upgrade 
Q1-TX-000557,178,"Feb 18, 2025",215.66 USD,credit card,UPGRADE
Q1-TX-000558,901,10-02-2025,158.14 USD,Bank Transfer , Subscription
Q1-TX-000559,1177,04 Feb 2025,$119,CREDIT CARD,Add-on 
Q1-TX-000560,202,28 Mar 2025,623.48,DEBIT CARD,add-on
Q1-TX-000561,291,2025-02-06,$118,Debit Card,subscription
Q1-TX-000562,452,01/03/2025,$-344,paypal,refund
Q1-TX-000563,400,02/09/2025,$-70.27,bank transfer,Refund
Q1-TX-000564,983,27 Jan 2025,-46.07, Credit Card , Refund
Q1-TX-000565,622,"Jan 15, 2025",86.16, Credit Card,Add-on
Q1-TX-000566,683,01-02-2025,$86,BANK TRANSFER,Add-on 
Q1-TX-000567,881,18/02/2025,161.62,bank transfer,Subscription 
Q1-TX-000568,1492,07/03/2025,USD 479.85, Credit Card , Upgrade 
Q1-TX-000569,1157,02 Feb 2025,$390, Credit Card ,Add-on 
Q1-TX-000570,1059,2025-03-31,750.36 USD, PayPal , Add-on 
Q1-TX-000571,932,07/03/2025,$-317,Debit Card , Refund
Q1-TX-000572,1079,04-01-2025,USD 190.27, Credit Card , Subscription
Q1-TX-000573,595,"Mar 09, 2025",$283,credit card,subscription
Q1-TX-000574,402,2025-01-21,-137.20 USD, Bank Transfer ,Refund
Q1-TX-000575,897,27-03-2025,$-156, PayPal , Refund
Q1-TX-000576,491,"Mar 02, 2025",$224.89, Bank Transfer ,Subscription
Q1-TX-000577,528,08/03/2025,289.50,Credit Card,add-on
Q1-TX-000578,987,06/03/2025,$229.49,BANK TRANSFER,upgrade
Q1-TX-000579,732,"Jan 12, 2025",$377,Debit Card, Upgrade
Q1-TX-000580,108,11/02/2025,USD -142.25,BANK TRANSFER, Refund 
Q1-TX-000581,116,"Feb 16, 2025",$169,CREDIT CARD,Upgrade 
Q1-TX-000582,606,"Jan 15, 2025",$238.19, Bank Transfer ,Add-on
Q1-TX-000583,190,07-01-2025,$230,Bank Transfer,ADD-ON
Q1-TX-000584,681,01/18/2025,$109.59, Credit Card,upgrade
Q1-TX-000585,110,"Feb 27, 2025",$236,paypal,UPGRADE
Q1-TX-000586,798,02/27/2025,USD 415.94, Bank Transfer ,ADD-ON
Q1-TX-000587,883,09/03/2025,USD 233.10,BANK TRANSFER, Subscription 
Q1-TX-000588,334,20/02/2025,68.52, Credit Card,Subscription
Q1-TX-000589,1325,24-01-2025,USD -144.44, PayPal , Refund
Q1-TX-000590,1031,"Jan 06, 2025",$463.64,PayPal ,Subscription
Q1-TX-000591,1269,2025-02-07,$367,Debit Card, Add-on
Q1-TX-000592,599,22 Mar 2025,$401,CREDIT CARD,Upgrade 
Q1-TX-000593,193,2025-02-07,$88.65, Debit Card ,ADD-ON
Q1-TX-000594,513,14 Mar 2025,$-191, Bank Transfer ,Refund 
Q1-TX-000595,1374,2025-03-16,$-276, Debit Card ,REFUND
Q1-TX-000596,661,03/15/2025,-170.11,Credit Card,Refund
Q1-TX-000597,1002,25/03/2025,160.01,Credit Card,SUBSCRIPTION
Q1-TX-000598,567,"Mar 25, 2025",84.12,PayPal , Upgrade 
Q1-TX-000599,626,"Mar 26, 2025",$86,Debit Card ,subscription
Q1-TX-000600,1257,2025-03-17,$185, Credit Card,Subscription
Q1-TX-000601,259,"Feb 27, 2025",$347.82, PayPal , Subscription 
Q1-TX-000602,1390,2025-03-07,268.45 USD,paypal, Subscription
Q1-TX-000603,1247,2025-03-08,$506.09,CREDIT CARD,Subscription 
Q1-TX-000604,949,12-03-2025,304.48 USD, Bank Transfer, Upgrade 
Q1-TX-000605,1280,03/05/2025,$848,BANK TRANSFER, Subscription
Q1-TX-000606,164,12 Mar 2025,USD 324.48, Credit Card,Upgrade 
Q1-TX-000607,54,07/01/2025,$115,DEBIT CARD,add-on
Q1-TX-000608,1169,28-03-2025,126.83,paypal, Add-on 
Q1-TX-000609,794,10-02-2025,$152,bank transfer,Add-on 
Q1-TX-000610,1020,"Jan 27, 2025",-217.77 USD, Bank Transfer,REFUND
Q1-TX-000611,918,"Jan 05, 2025",223.52 USD, Debit Card,Add-on
Q1-TX-000612,753,19 Jan 2025,101.71 USD,Credit Card,add-on
Q1-TX-000613,133,02/02/2025,$-183.36,paypal,REFUND
Q1-TX-000614,522,13 Mar 2025,$131,Bank Transfer ,SUBSCRIPTION
Q1-TX-000615,7,01/15/2025,481.22, Debit Card, Subscription 
Q1-TX-000616,1096,01/18/2025,$-237.36, Bank Transfer, Refund
Q1-TX-000617,1482,29/03/2025,-284.53 USD, Credit Card,refund
Q1-TX-000618,862,01/28/2025,USD 282.09,debit card,UPGRADE
Q1-TX-000619,1394,02/02/2025,$159, Credit Card, Add-on
Q1-TX-000620,371,2025-02-06,636.07,Bank Transfer,ADD-ON
Q1-TX-000621,1239,03/28/2025,USD -293.63, Debit Card , Refund
Q1-TX-000622,1331,2025-02-06,185.21, Credit Card , Add-on
Q1-TX-000623,1066,03/21/2025,332.79 USD, PayPal, Add-on
Q1-TX-000624,354,"Jan 17, 2025",92.58, Credit Card,Add-on 
Q1-TX-000625,530,03/30/2025,327.65 USD,Bank Transfer ,Add-on 
Q1-TX-000626,485,03/03/2025,-217.36, Bank Transfer,Refund
Q1-TX-000627,1086,01/14/2025,177.47, Credit Card ,upgrade
Q1-TX-000628,1237,01 Jan 2025,$164,credit card,Upgrade
Q1-TX-000629,275,2025-01-27,$-544, Bank Transfer,refund
Q1-TX-000630,720,14-02-2025,117.17,PayPal,SUBSCRIPTION
Q1-TX-000631,530,14/03/2025,$-522.98, Credit Card, Refund 
Q1-TX-000632,800,24-02-2025,76.08, PayPal, Add-on
Q1-TX-000633,799,2025-01-05,-75.73,bank transfer,Refund
Q1-TX-000634,312,30 Mar 2025,,Bank Transfer ,Upgrade 
Q1-TX-000635,1281,17/02/2025,$275,Bank Transfer, Upgrade
Q1-TX-000636,1179,"Feb 06, 2025",USD -176.91, Bank Transfer, Refund 
Q1-TX-000637,235,"Feb 02, 2025",$143.37, Debit Card,Subscription 
Q1-TX-000638,40,15 Jan 2025,USD 438.16,Credit Card,upgrade
Q1-TX-000639,1390,2025-02-11,-323.69, Bank Transfer ,Refund 
Q1-TX-000640,817,2025-01-22,$112.70, Debit Card, Upgrade
Q1-TX-000641,957,03/02/2025,$-112.79, PayPal ,refund
Q1-TX-000642,212,04-02-2025,$467.99, PayPal,subscription
Q1-TX-000643,682,14 Mar 2025,101.39,debit card,upgrade
Q1-TX-000644,1125,29-03-2025,$-117.05, Debit Card , Refund
Q1-TX-000645,377,02/10/2025,$464,PayPal ,Subscription 
Q1-TX-000646,77,15-01-2025,USD 198.05, Credit Card ,UPGRADE
Q1-TX-000647,1076,13/02/2025,140.65,DEBIT CARD,upgrade
Q1-TX-000648,714,20-01-2025,313.09,Bank Transfer, Upgrade 
Q1-TX-000649,1158,10/02/2025,285.11, Bank Transfer ,SUBSCRIPTION
Q1-TX-000650,864,13-01-2025,216.57,Bank Transfer ,Subscription 
Q1-TX-000651,779,30/01/2025,69.21,CREDIT CARD,Add-on
Q1-TX-000652,141,2025-03-16,279.17,credit card,Subscription 
Q1-TX-000653,673,"Jan 15, 2025",343.25,bank transfer,UPGRADE
Q1-TX-000654,1285,07/01/2025,272.20,bank transfer, Add-on
Q1-TX-000655,47,03/27/2025,188.34, Credit Card ,UPGRADE
Q1-TX-000656,1041,2025-03-10,338.90, Bank Transfer , Subscription
Q1-TX-000657,412,03/17/2025,204.03 USD,PayPal, Add-on
Q1-TX-000658,829,2025-02-20,,bank transfer,refund
Q1-TX-000659,448,"Feb 23, 2025",155.34 USD,PayPal,UPGRADE
Q1-TX-000660,723,"Jan 02, 2025",$229.66,PayPal ,Upgrade 
Q1-TX-000661,1125,03/02/2025,$-397.51,bank transfer, Refund
Q1-TX-000662,37,"Mar 10, 2025",$457, Debit Card,Add-on 
Q1-TX-000663,568,15 Jan 2025,$-224,DEBIT CARD, Refund 
Q1-TX-000664,641,"Feb 25, 2025",-247.84 USD,bank transfer,refund
Q1-TX-000665,988,08 Mar 2025,$165.51,PayPal, Add-on 
Q1-TX-000666,1366,20-01-2025,$58.11,Credit Card,Upgrade 
Q1-TX-000667,695,18-01-2025,106.47 USD, Debit Card , Upgrade 
Q1-TX-000668,383,01/27/2025,USD 219.30,Credit Card,Upgrade 
Q1-TX-000669,900001,23 Jan 2025,$239.09, Debit Card , Upgrade
Q1-TX-000670,461,2025-03-24,$222.88,bank transfer, Subscription 
Q1-TX-000671,1084,2025-03-05,$88,PayPal,SUBSCRIPTION
Q1-TX-000672,937,01 Feb 2025,307.49,bank transfer,Upgrade
Q1-TX-000673,916,20 Jan 2025,$34,bank transfer,add-on
Q1-TX-000674,1281,11/01/2025,$404.42, Debit Card,ADD-ON
Q1-TX-000675,586,03/29/2025,USD 329.39, Credit Card , Add-on
Q1-TX-000676,383,2025-03-28,210.43,Debit Card , Add-on 
Q1-TX-000677,102,01/30/2025,121.75,bank transfer,SUBSCRIPTION
Q1-TX-000678,900015,"Mar 05, 2025",116.73 USD,DEBIT CARD,Add-on 
Q1-TX-000679,1138,29 Mar 2025,$241, Debit Card,Upgrade 
Q1-TX-000680,887,10 Jan 2025,113.26 USD,Credit Card, Subscription
Q1-TX-000681,199,"Mar 29, 2025",570.06 USD, Debit Card ,UPGRADE
Q1-TX-000682,467,"Feb 01, 2025",546.31 USD,Credit Card ,Add-on
Q1-TX-000683,587,04/01/2025,$-401, Bank Transfer ,refund
Q1-TX-000684,541,23-01-2025,526.64, PayPal ,SUBSCRIPTION
Q1-TX-000685,238,2025-02-02,$567, Debit Card ,ADD-ON
Q1-TX-000686,1494,08-03-2025,USD -225.04, Debit Card ,Refund 
Q1-TX-000687,1175,09-03-2025,$-294.39,Debit Card,Refund 
Q1-TX-000688,752,03/17/2025,USD 284.87, PayPal, Upgrade
Q1-TX-000689,171,17-01-2025,USD 580.52,Debit Card, Upgrade
Q1-TX-000690,496,27 Feb 2025,$316.74, Debit Card,Upgrade 
Q1-TX-000691,871,07/02/2025,$343.02,PayPal,SUBSCRIPTION
Q1-TX-000692,675,16-03-2025,388.93 USD,CREDIT CARD,subscription
Q1-TX-000693,1243,04-01-2025,$147.30,Debit Card,ADD-ON
Q1-TX-000694,1397,2025-01-04,254.79 USD,Bank Transfer,Add-on 
Q1-TX-000695,86,01/27/2025,USD -423.01,Credit Card,Refund 
Q1-TX-000696,337,14 Jan 2025,479.33 USD,paypal,Upgrade 
Q1-TX-000697,23,23-03-2025,371.49, Bank Transfer,SUBSCRIPTION
Q1-TX-000698,653,"Jan 22, 2025",$149.41,debit card,add-on
Q1-TX-000699,209,14/03/2025,-107.51, PayPal ,refund
Q1-TX-000700,896,2025-03-24,170.57,debit card,upgrade
Q1-TX-000701,90,02/20/2025,-397.64 USD,BANK TRANSFER,REFUND
Q1-TX-000702,1258,22 Jan 2025,$44.33,BANK TRANSFER, Add-on 
Q1-TX-000703,330,09/01/2025,79.38,CREDIT CARD,upgrade
Q1-TX-000704,1220,02/17/2025,-87.53 USD, Bank Transfer ,REFUND
Q1-TX-000705,1238,25/03/2025,$329, Credit Card ,ADD-ON
Q1-TX-000706,653,03/31/2025,223.37, PayPal,SUBSCRIPTION
Q1-TX-000707,1172,25/01/2025,33.62 USD, Debit Card,SUBSCRIPTION
Q1-TX-000708,491,01/19/2025,638.91,Debit Card,subscription
Q1-TX-000709,736,07 Mar 2025,254.28,PayPal , Subscription 
Q1-TX-000710,276,13/01/2025,46.65, Bank Transfer, Upgrade 
Q1-TX-000711,209,2025-01-04,$252.25, Bank Transfer ,SUBSCRIPTION
Q1-TX-000712,1144,09/02/2025,-882.73,bank transfer, Refund
Q1-TX-000713,1378,03-02-2025,146.89 USD,paypal,Upgrade 
Q1-TX-000714,1433,2025-03-26,$-612,Credit Card , Refund 
Q1-TX-000715,721,"Feb 20, 2025",$331.21,PAYPAL, Upgrade
Q1-TX-000716,1497,01/01/2025,$602.50,PAYPAL,Add-on
Q1-TX-000717,585,2025-01-17,$122, Credit Card ,SUBSCRIPTION
Q1-TX-000718,190,03/17/2025,$264.09,Debit Card,Upgrade
Q1-TX-000719,653,01/11/2025,$490.92,paypal,SUBSCRIPTION
Q1-TX-000720,850,03/11/2025,251.34 USD,CREDIT CARD, Subscription 
Q1-TX-000721,399,13/03/2025,USD -163.54,PayPal, Refund 
Q1-TX-000722,890,"Jan 08, 2025",311.90 USD,Debit Card,Upgrade
Q1-TX-000723,551,"Feb 28, 2025",190.37,PayPal , Upgrade 
Q1-TX-000724,240,15/01/2025,196.11,Credit Card, Subscription 
Q1-TX-000725,825,02/14/2025,162.61, Bank Transfer, Subscription 
Q1-TX-000726,194,28/03/2025,$-143,Debit Card,Refund
Q1-TX-000727,811,07 Jan 2025,-463.45,debit card,REFUND
Q1-TX-000728,880,2025-01-05,USD 25.55,Bank Transfer, Upgrade
Q1-TX-000729,1499,13 Jan 2025,USD 181.40,BANK TRANSFER, Add-on
Q1-TX-000730,1052,2025-01-05,$97.50, Bank Transfer,SUBSCRIPTION
Q1-TX-000731,266,2025-01-01,140.55, Debit Card ,upgrade
Q1-TX-000732,673,21-02-2025,$309,Bank Transfer ,subscription
Q1-TX-000733,228,28 Mar 2025,254.15, Debit Card,Upgrade 
Q1-TX-000734,465,"Feb 05, 2025",$-324,PAYPAL,Refund 
Q1-TX-000735,1402,2025-02-23,,BANK TRANSFER,UPGRADE
Q1-TX-000736,1422,30/03/2025,98.79,PayPal ,SUBSCRIPTION
Q1-TX-000737,312,"Jan 29, 2025",100.45,bank transfer,Subscription
Q1-TX-000738,491,01/30/2025,62.57 USD, Bank Transfer,subscription
Q1-TX-000739,1179,2025-03-23,$130.31, Debit Card,upgrade
Q1-TX-000740,665,07/03/2025,163.65,bank transfer,upgrade
Q1-TX-000741,1332,2025-01-31,197.33 USD, PayPal, Subscription
Q1-TX-000742,286,2025-01-27,107.93, Debit Card ,Add-on 
Q1-TX-000743,105,"Feb 28, 2025",$-490,BANK TRANSFER,refund
Q1-TX-000744,673,"Jan 18, 2025",USD 394.53,Debit Card ,Subscription 
Q1-TX-000745,1373,29 Mar 2025,281.22,BANK TRANSFER,add-on
Q1-TX-000746,1482,31/03/2025,$-15.70,Bank Transfer ,Refund
Q1-TX-000747,1475,22 Feb 2025,$141.98, Credit Card ,Upgrade 
Q1-TX-000748,1072,2025-01-30,101.56, Bank Transfer,upgrade
Q1-TX-000749,879,25 Feb 2025,,Debit Card ,Refund 
Q1-TX-000750,73,03/01/2025,$-258, Credit Card ,refund
Q1-TX-000751,1160,24-03-2025,-87.95 USD,PAYPAL, Refund
Q1-TX-000752,1139,26 Jan 2025,132.34,paypal,Add-on
Q1-TX-000753,719,08-01-2025,, Debit Card,Add-on 
Q1-TX-000754,1019,"Jan 02, 2025",109.98 USD, PayPal,Subscription 
Q1-TX-000755,169,03/11/2025,427.76,Credit Card , Add-on
Q1-TX-000756,1358,"Feb 12, 2025",$-659.69, Debit Card ,Refund 
Q1-TX-000757,309,15/01/2025,$-467.03, Bank Transfer ,Refund
Q1-TX-000758,677,03/02/2025,152.58,Bank Transfer ,Subscription
Q1-TX-000759,90,25/01/2025,-203.54,PayPal,Refund
Q1-TX-000760,104,"Feb 13, 2025",62.02 USD, Bank Transfer,UPGRADE
Q1-TX-000761,1082,2025-02-06,284.88,Debit Card , Subscription 
Q1-TX-000762,975,13 Feb 2025,$25.10,Bank Transfer,SUBSCRIPTION
Q1-TX-000763,1468,03/06/2025,56.55, Bank Transfer,subscription
Q1-TX-000764,1131,10-01-2025,264.74 USD,bank transfer,SUBSCRIPTION
Q1-TX-000765,1269,21 Mar 2025,$-324.28,PAYPAL, Refund
Q1-TX-000766,144,14-02-2025,$119,Debit Card, Subscription
Q1-TX-000767,59,05/03/2025,$229.14,CREDIT CARD, Add-on 
Q1-TX-000768,499,19/03/2025,471.31,Credit Card , Add-on 
Q1-TX-000769,539,16 Feb 2025,64.67 USD, Debit Card,subscription
Q1-TX-000770,795,"Feb 25, 2025",-623.20 USD,Bank Transfer ,REFUND
Q1-TX-000771,772,"Feb 28, 2025",596.55 USD,Bank Transfer , Add-on
Q1-TX-000772,513,23-02-2025,USD 425.87,Bank Transfer ,UPGRADE
Q1-TX-000773,680,08/01/2025,259.88,PayPal,upgrade
Q1-TX-000774,25,08-01-2025,$274,BANK TRANSFER,add-on
Q1-TX-000775,97,2025-03-02,137.60 USD,CREDIT CARD,subscription
Q1-TX-000776,310,2025-03-20,94.21, Credit Card ,Subscription 
Q1-TX-000777,410,06-01-2025,-282.38,PayPal,REFUND
Q1-TX-000778,1223,2025-03-06,-557.34,Bank Transfer,refund
Q1-TX-000779,244,2025-01-21,283.69 USD,Debit Card,Upgrade 
Q1-TX-000780,584,"Mar 29, 2025",USD 62.23,PayPal,Upgrade 
Q1-TX-000781,978,2025-02-18,$370.26, PayPal, Upgrade
Q1-TX-000782,38,22-03-2025,$-28,Bank Transfer,REFUND
Q1-TX-000783,531,"Jan 17, 2025",$343,PayPal,UPGRADE
Q1-TX-000784,1091,05/02/2025,USD -660.11,CREDIT CARD,Refund
Q1-TX-000785,1349,11-01-2025,$480,Bank Transfer ,Subscription 
Q1-TX-000786,1306,02-01-2025,,bank transfer,SUBSCRIPTION
Q1-TX-000787,1416,02-03-2025,240.15,Bank Transfer,add-on
Q1-TX-000788,105,2025-03-19,-695.62 USD,credit card,refund
Q1-TX-000789,996,12 Jan 2025,$103.34,paypal,SUBSCRIPTION
Q1-TX-000790,932,28 Feb 2025,$722.33, PayPal ,upgrade
Q1-TX-000791,470,"Feb 08, 2025",-175.31,Bank Transfer,Refund 
Q1-TX-000792,1275,07/02/2025,-839.59,credit card,Refund 
Q1-TX-000793,900007,2025-03-28,39.62,Debit Card ,Add-on 
Q1-TX-000794,445,02/28/2025,-120.07 USD, Debit Card ,Refund 
Q1-TX-000795,883,24 Feb 2025,$-135,Debit Card, Refund
Q1-TX-000796,373,22-03-2025,37.49, Bank Transfer ,Subscription 
Q1-TX-000797,42,10-01-2025,USD 450.20,PAYPAL,Subscription 
Q1-TX-000798,218,28 Jan 2025,USD 286.46, Debit Card,Add-on
Q1-TX-000799,488,14 Jan 2025,159.69,DEBIT CARD, Subscription
Q1-TX-000800,1368,"Feb 17, 2025",USD -230.18,Bank Transfer , Refund 
Q1-TX-000801,983,05 Feb 2025,-691.50 USD,bank transfer, Refund 
Q1-TX-000802,1187,23-01-2025,157.23,DEBIT CARD,SUBSCRIPTION
Q1-TX-000803,958,2025-03-13,$286, Credit Card,SUBSCRIPTION
Q1-TX-000804,1462,2025-02-12,$-408.07,PAYPAL, Refund
Q1-TX-000805,1358,20 Jan 2025,440.63,Debit Card ,Add-on
Q1-TX-000806,141,16 Feb 2025,$454, Bank Transfer,subscription
Q1-TX-000807,1056,10-02-2025,322.09,Debit Card,add-on
Q1-TX-000808,460,2025-02-25,184.35, Credit Card ,Add-on
Q1-TX-000809,477,05-01-2025,88.03,debit card, Upgrade
Q1-TX-000810,175,04-01-2025,$98.93, PayPal,ADD-ON
Q1-TX-000811,1248,05 Feb 2025,425.06 USD, PayPal,ADD-ON
Q1-TX-000812,1488,"Mar 14, 2025",$-194,Bank Transfer,refund
Q1-TX-000813,141,08 Feb 2025,-291.45 USD,BANK TRANSFER,Refund 
Q1-TX-000814,1221,10/02/2025,-197.59 USD,Credit Card ,refund
Q1-TX-000815,359,01/15/2025,372.60,credit card,ADD-ON
Q1-TX-000816,967,13/01/2025,,Credit Card ,UPGRADE
Q1-TX-000817,45,25-03-2025,$-75.19, Bank Transfer ,Refund
Q1-TX-000818,630,"Feb 05, 2025",,bank transfer,Add-on 
Q1-TX-000819,332,06 Jan 2025,$238.13,CREDIT CARD,Subscription
Q1-TX-000820,571,17-03-2025,-156.92,bank transfer,REFUND
Q1-TX-000821,147,"Mar 14, 2025",218.68 USD,DEBIT CARD,ADD-ON
Q1-TX-000822,87,30-03-2025,USD 345.59,CREDIT CARD, Upgrade 
Q1-TX-000823,625,11-01-2025,USD -358.52,CREDIT CARD, Refund
Q1-TX-000824,543,05-02-2025,-295.98 USD, PayPal, Refund
Q1-TX-000825,942,11-01-2025,$158.30, Bank Transfer,Subscription
Q1-TX-000826,1249,22 Jan 2025,USD -37.54, Bank Transfer ,Refund
Q1-TX-000827,147,2025-02-02,$-249.28,debit card,REFUND
Q1-TX-000828,524,27 Feb 2025,434.66,bank transfer, Subscription 
Q1-TX-000829,167,"Feb 05, 2025",USD -128.98,PAYPAL,Refund
Q1-TX-000830,1483,01/01/2025,$216.34,PayPal ,Subscription 
Q1-TX-000831,734,16 Mar 2025,149.44, Credit Card,add-on
Q1-TX-000832,1413,21/02/2025,$-80.96,PayPal ,refund
Q1-TX-000833,519,06-02-2025,226.28 USD,Credit Card, Subscription
Q1-TX-000834,1298,02 Feb 2025,120.88,credit card, Add-on 
Q1-TX-000835,137,02/23/2025,$-314.88,debit card,Refund
Q1-TX-000836,1287,21/03/2025,$-490.35, Debit Card ,Refund 
Q1-TX-000837,1131,"Feb 18, 2025",287.27,CREDIT CARD,add-on
Q1-TX-000838,845,18 Mar 2025,USD -81.51, Credit Card ,Refund
Q1-TX-000839,924,"Mar 15, 2025",$-207.61,Credit Card,Refund
Q1-TX-000840,81,01/02/2025,203.87,credit card,UPGRADE
Q1-TX-000841,180,2025-03-03,USD 223.96,Credit Card , Add-on 
Q1-TX-000842,253,28 Jan 2025,443.87,Bank Transfer,SUBSCRIPTION
Q1-TX-000843,838,"Feb 20, 2025",USD 86.94,Bank Transfer ,UPGRADE
Q1-TX-000844,671,13/01/2025,$-239,BANK TRANSFER, Refund
Q1-TX-000845,1183,02/23/2025,$123.32,Bank Transfer , Subscription
Q1-TX-000846,1183,01/29/2025,$53,credit card,SUBSCRIPTION
Q1-TX-000847,833,05/03/2025,USD 424.83,PAYPAL,Subscription 
Q1-TX-000848,1179,10 Jan 2025,274.04 USD,bank transfer, Upgrade 
Q1-TX-000849,262,08-03-2025,-237.92,Bank Transfer, Refund 
Q1-TX-000850,72,16/01/2025,$73.24, Credit Card , Add-on
Q1-TX-000851,241,25 Mar 2025,$98.15, Debit Card ,UPGRADE
Q1-TX-000852,985,22-01-2025,-102.30, Debit Card,refund
Q1-TX-000853,949,2025-03-15,$243.42, Bank Transfer ,subscription
Q1-TX-000854,69,02 Feb 2025,212.64,PayPal , Subscription
Q1-TX-000855,1022,31 Mar 2025,$148,paypal,Add-on
Q1-TX-000856,166,03 Mar 2025,USD -381.85,CREDIT CARD, Refund
Q1-TX-000857,625,03/23/2025,,CREDIT CARD, Upgrade
Q1-TX-000858,817,02/05/2025,222.32 USD,Debit Card ,UPGRADE
Q1-TX-000859,713,2025-02-15,USD 345.66, Credit Card,Subscription
Q1-TX-000860,596,01 Feb 2025,$81, Debit Card ,Subscription
Q1-TX-000861,684,2025-03-15,61.78,debit card,add-on
Q1-TX-000862,1492,03 Jan 2025,220.09 USD,Debit Card,Subscription 
Q1-TX-000863,304,18-03-2025,239.77,DEBIT CARD,upgrade
Q1-TX-000864,508,2025-02-22,143.78, Bank Transfer , Add-on 
Q1-TX-000865,196,09 Feb 2025,, PayPal, Subscription
Q1-TX-000866,523,27 Mar 2025,223.10,credit card,ADD-ON
Q1-TX-000867,820,22-03-2025,USD -99.37, Bank Transfer ,REFUND
Q1-TX-000868,1177,"Jan 06, 2025",169.78, Credit Card ,Upgrade 
Q1-TX-000869,512,2025-03-15,$164, Bank Transfer, Upgrade 
Q1-TX-000870,681,17/01/2025,USD 219.33,Bank Transfer ,Upgrade 
Q1-TX-000871,1319,2025-01-06,$-70,debit card,Refund
Q1-TX-000872,1164,2025-02-08,$190,Bank Transfer, Upgrade
Q1-TX-000873,318,2025-03-07,-117.28 USD,bank transfer,Refund 
Q1-TX-000874,725,"Jan 07, 2025",USD 324.99, Debit Card ,subscription
Q1-TX-000875,1145,20 Jan 2025,USD 304.36, PayPal ,Add-on
Q1-TX-000876,658,"Mar 20, 2025",681.89,PayPal , Subscription
Q1-TX-000877,732,11-03-2025,454.48 USD,debit card, Add-on 
Q1-TX-000878,1002,2025-02-21,$172, Debit Card ,Subscription
Q1-TX-000879,704,18/03/2025,$-123,Bank Transfer, Refund 
Q1-TX-000880,1252,2025-01-26,$225,Debit Card,upgrade
Q1-TX-000881,1131,"Feb 26, 2025",696.93,Bank Transfer ,upgrade
Q1-TX-000882,490,03/29/2025,$312,Bank Transfer , Add-on
Q1-TX-000883,1482,26-03-2025,128.41,credit card,UPGRADE
Q1-TX-000884,1184,02/15/2025,$268,paypal, Subscription
Q1-TX-000885,979,10-01-2025,-506.47, Bank Transfer,Refund 
Q1-TX-000886,816,"Mar 03, 2025",150.54, Debit Card, Add-on
Q1-TX-000887,1485,31/03/2025,-222.23,CREDIT CARD,Refund 
Q1-TX-000888,1250,19 Jan 2025,997.27, Credit Card ,SUBSCRIPTION
Q1-TX-000889,1066,23/03/2025,-241.65 USD, PayPal,refund
Q1-TX-000890,1195,03/29/2025,112.84,CREDIT CARD, Add-on 
Q1-TX-000891,491,15 Feb 2025,92.77,Credit Card,Add-on
Q1-TX-000892,1464,15-03-2025,USD -167.37, Bank Transfer,Refund 
Q1-TX-000893,931,19 Mar 2025,210.89 USD,Debit Card, Subscription 
Q1-TX-000894,410,02/26/2025,$263,DEBIT CARD, Add-on 
Q1-TX-000895,367,"Jan 06, 2025",$274,Credit Card , Subscription
Q1-TX-000896,1165,2025-02-11,131.91, PayPal ,Add-on
Q1-TX-000897,1051,03/29/2025,$-83.83,debit card,REFUND
Q1-TX-000898,319,2025-03-04,$-453,Debit Card ,Refund
Q1-TX-000899,839,2025-03-24,130.72,BANK TRANSFER, Upgrade 
Q1-TX-000900,1240,"Feb 20, 2025",USD 407.60,PayPal, Upgrade
Q1-TX-000901,1226,"Jan 11, 2025",302.09,PAYPAL,subscription
Q1-TX-000902,1332,"Mar 31, 2025",USD -458.69, Credit Card ,Refund
Q1-TX-000903,113,2025-03-10,$300.99,DEBIT CARD,upgrade
Q1-TX-000904,582,03/03/2025,56.96 USD, Debit Card,Subscription 
Q1-TX-000905,895,06/01/2025,330.86,BANK TRANSFER,upgrade
Q1-TX-000906,934,"Jan 30, 2025",$270,BANK TRANSFER, Upgrade
Q1-TX-000907,782,02/02/2025,544.43, Debit Card , Upgrade
Q1-TX-000908,1388,27/01/2025,580.60 USD,Debit Card,subscription
Q1-TX-000909,737,2025-01-14,$-233,DEBIT CARD,REFUND
Q1-TX-000910,450,"Jan 10, 2025",$-131, PayPal ,Refund
Q1-TX-000911,1378,10-02-2025,USD 81.48,Debit Card,Subscription 
Q1-TX-000912,516,"Mar 12, 2025",-83.27, Bank Transfer ,refund
Q1-TX-000913,1057,2025-01-28,$512.74,Bank Transfer, Subscription 
Q1-TX-000914,497,2025-03-29,$-256, Credit Card , Refund 
Q1-TX-000915,718,28-03-2025,USD -375.72,paypal, Refund
Q1-TX-000916,549,03/03/2025,USD 145.15,Debit Card ,Subscription 
Q1-TX-000917,435,02/27/2025,$-266,DEBIT CARD,REFUND
Q1-TX-000918,271,01/03/2025,$237.38,PayPal,Upgrade 
Q1-TX-000919,1124,"Feb 12, 2025",41.86,CREDIT CARD, Upgrade
Q1-TX-000920,1054,2025-03-04,-286.12 USD,credit card,REFUND
Q1-TX-000921,499,26/02/2025,$277.06,paypal, Upgrade
Q1-TX-000922,1050,2025-03-12,$239.20, Debit Card ,Subscription
Q1-TX-000923,565,01/26/2025,$342, Credit Card , Add-on
Q1-TX-000924,1027,02 Mar 2025,278.35 USD,BANK TRANSFER,upgrade
Q1-TX-000925,455,02/20/2025,$419,Debit Card , Add-on 
Q1-TX-000926,1364,"Feb 10, 2025",USD -137.79,PayPal ,Refund 
Q1-TX-000927,90,01/02/2025,202.50 USD,Debit Card , Add-on
Q1-TX-000928,781,02/22/2025,-675.08,Bank Transfer, Refund
Q1-TX-000929,1162,01/01/2025,$498.04, PayPal,SUBSCRIPTION
Q1-TX-000930,1292,06 Jan 2025,194.12,PayPal ,subscription
Q1-TX-000931,1128,04 Feb 2025,151.12,credit card,Add-on
Q1-TX-000932,1067,30/01/2025,185.99,DEBIT CARD,upgrade
Q1-TX-000933,351,"Mar 12, 2025",335.62, Credit Card, Add-on 
Q1-TX-000934,878,03/05/2025,227.36,Bank Transfer ,Add-on 
Q1-TX-000935,840,"Mar 31, 2025",USD 437.64,Credit Card ,Add-on
Q1-TX-000936,533,19-02-2025,57.36 USD,Debit Card , Add-on 
Q1-TX-000937,337,01/08/2025,151.35,Debit Card ,ADD-ON
Q1-TX-000938,94,12-01-2025,USD -431.21,Bank Transfer ,REFUND
Q1-TX-000939,776,2025-01-20,-62.31,BANK TRANSFER,refund
Q1-TX-000940,1297,18 Jan 2025,80.29,DEBIT CARD,upgrade
Q1-TX-000941,900017,"Feb 24, 2025",USD 196.93, Debit Card,add-on
Q1-TX-000942,806,13-01-2025,139.70 USD,Bank Transfer,UPGRADE
Q1-TX-000943,679,"Mar 03, 2025",$147.17,Debit Card , Subscription 
Q1-TX-000944,835,04 Mar 2025,-289.21 USD,bank transfer,Refund 
Q1-TX-000945,287,29/01/2025,USD 234.91,PAYPAL, Upgrade
Q1-TX-000946,1453,21/01/2025,-200.88,Credit Card,Refund 
Q1-TX-000947,11,11 Jan 2025,151.24,CREDIT CARD,UPGRADE
Q1-TX-000948,1237,08-02-2025,USD 110.91,paypal, Subscription 
Q1-TX-000949,162,08/01/2025,94.13, PayPal,SUBSCRIPTION
Q1-TX-000950,279,"Feb 12, 2025",USD 223.85,Debit Card ,subscription
Q1-TX-000951,1315,"Feb 05, 2025",666.76,Debit Card,SUBSCRIPTION
Q1-TX-000952,1246,21-02-2025,$139.93,credit card,UPGRADE
Q1-TX-000953,1496,28/03/2025,USD 417.79,Debit Card,Add-on 
Q1-TX-000954,60,2025-02-21,243.98,debit card, Add-on
Q1-TX-000955,1081,31 Jan 2025,273.08 USD,PayPal , Upgrade 
Q1-TX-000956,1274,2025-03-02,$-427.45,PayPal,Refund 
Q1-TX-000957,467,10-03-2025,120.73,bank transfer, Upgrade
Q1-TX-000958,1143,2025-03-07,545.23,BANK TRANSFER,upgrade
Q1-TX-000959,892,2025-03-02,-251.52,Credit Card , Refund 
Q1-TX-000960,489,08-01-2025,305.57,PAYPAL,Subscription 
Q1-TX-000961,203,05-03-2025,301.59,CREDIT CARD, Subscription 
Q1-TX-000962,1483,17-01-2025,366.81,Bank Transfer,Upgrade
Q1-TX-000963,1263,16-03-2025,240.22,Debit Card ,ADD-ON
Q1-TX-000964,51,08-02-2025,431.87,Debit Card,upgrade
Q1-TX-000965,548,04/02/2025,219.69,BANK TRANSFER,add-on
Q1-TX-000966,35,"Jan 04, 2025",-314.39, Bank Transfer , Refund 
Q1-TX-000967,1075,"Mar 07, 2025",291.20 USD, PayPal ,UPGRADE
Q1-TX-000968,179,21/01/2025,USD 358.42, PayPal , Subscription
Q1-TX-000969,1118,21/01/2025,$113, Debit Card, Upgrade
Q1-TX-000970,414,2025-03-11,-275.32 USD,Bank Transfer,refund
Q1-TX-000971,529,14/02/2025,-332.13 USD,Bank Transfer, Refund 
Q1-TX-000972,1084,"Jan 25, 2025",-58.82,PayPal,REFUND
Q1-TX-000973,595,2025-01-04,$-126, Debit Card,refund
Q1-TX-000974,802,13-01-2025,121.72, Debit Card ,upgrade
Q1-TX-000975,505,02/01/2025,$185, Bank Transfer, Subscription
Q1-TX-000976,1349,06-01-2025,225.68, Credit Card , Upgrade
Q1-TX-000977,539,"Mar 02, 2025",$197.49,PayPal ,subscription
Q1-TX-000978,28,07-02-2025,$300,credit card,UPGRADE
Q1-TX-000979,547,15 Feb 2025,$-214.37, Debit Card,refund
Q1-TX-000980,889,"Jan 07, 2025",$304.80,paypal,Subscription
Q1-TX-000981,437,13 Mar 2025,583.62 USD,debit card,Subscription
Q1-TX-000982,511,"Jan 02, 2025",$199,Credit Card , Subscription 
Q1-TX-000983,1234,22 Feb 2025,USD 267.89, Debit Card , Upgrade
Q1-TX-000984,399,2025-01-22,$135, Credit Card ,upgrade
Q1-TX-000985,861,23-01-2025,-325.41,BANK TRANSFER,refund
Q1-TX-000986,968,11 Mar 2025,217.34 USD, Bank Transfer,Upgrade 
Q1-TX-000987,1377,21 Mar 2025,-100.78 USD, Bank Transfer,Refund 
Q1-TX-000988,1259,2025-03-21,$30,bank transfer,Upgrade
Q1-TX-000989,932,"Mar 30, 2025",215.76,PayPal , Add-on
Q1-TX-000990,1136,17/03/2025,USD 168.09,credit card,Upgrade 
Q1-TX-000991,932,17 Feb 2025,83.47 USD,Bank Transfer , Add-on 
Q1-TX-000992,242,2025-02-02,331.61,Bank Transfer ,UPGRADE
Q1-TX-000993,1155,18-02-2025,$226,CREDIT CARD,Subscription 
Q1-TX-000994,319,"Jan 13, 2025",$170.38,Credit Card ,Subscription
Q1-TX-000995,521,2025-03-10,343.54,PayPal ,SUBSCRIPTION
Q1-TX-000996,136,"Mar 12, 2025",$104.48,Credit Card, Upgrade
Q1-TX-000997,738,27 Mar 2025,153.27, PayPal, Subscription
Q1-TX-000998,1173,01 Feb 2025,$437,Debit Card,UPGRADE
Q1-TX-000999,148,"Jan 06, 2025",$-218,bank transfer, Refund 
Q1-TX-001000,359,2025-03-31,313.12 USD,PAYPAL,UPGRADE
Q1-TX-001001,1112,2025-02-06,308.14 USD,debit card, Subscription 
Q1-TX-001002,896,04 Mar 2025,-480.04 USD,Credit Card, Refund 
Q1-TX-001003,510,10-02-2025,286.68,Bank Transfer, Subscription 
Q1-TX-001004,887,31-01-2025,$80,credit card,subscription
Q1-TX-001005,467,13 Mar 2025,,debit card, Add-on 
Q1-TX-001006,908,10-01-2025,$293.85,PAYPAL,Add-on
Q1-TX-001007,1227,19 Feb 2025,294.49 USD,Debit Card ,Upgrade 
Q1-TX-001008,107,02/12/2025,331.54, Debit Card,Add-on 
Q1-TX-001009,115,"Feb 01, 2025",212.95 USD,Bank Transfer,Upgrade 
Q1-TX-001010,847,"Mar 23, 2025",88.77, Bank Transfer,Add-on
Q1-TX-001011,1340,"Jan 27, 2025",-413.07, Bank Transfer ,refund
Q1-TX-001012,302,"Feb 22, 2025",$276.90, Credit Card,subscription
Q1-TX-001013,6,03/27/2025,207.17 USD,CREDIT CARD, Subscription
Q1-TX-001014,1143,24 Jan 2025,-648.12 USD,credit card,refund
Q1-TX-001015,1258,05 Feb 2025,USD 97.32, PayPal,UPGRADE
Q1-TX-001016,1329,"Mar 03, 2025",-200.47,Bank Transfer,refund
Q1-TX-001017,1078,01/02/2025,$317.92, Debit Card , Subscription
Q1-TX-001018,1271,01/25/2025,184.36, Debit Card, Subscription 
Q1-TX-001019,437,15 Jan 2025,USD 193.40,Debit Card , Add-on 
Q1-TX-001020,138,01/13/2025,$-169,credit card,Refund
Q1-TX-001021,628,02/06/2025,-74.34,debit card, Refund
Q1-TX-001022,435,03 Feb 2025,$494,DEBIT CARD, Subscription
Q1-TX-001023,623,21 Feb 2025,84.82,Bank Transfer ,Upgrade
Q1-TX-001024,644,15/02/2025,$-153.74,debit card,REFUND
Q1-TX-001025,900014,2025-03-13,USD -106.70,credit card,REFUND
Q1-TX-001026,1308,"Jan 26, 2025",$107.32,paypal,Upgrade
Q1-TX-001027,882,2025-03-25,237.65,debit card, Subscription
Q1-TX-001028,874,02/13/2025,USD 254.65,credit card, Subscription
Q1-TX-001029,1,11 Mar 2025,400.13,debit card,add-on
Q1-TX-001030,383,15/02/2025,USD -135.56,credit card,Refund
Q1-TX-001031,377,05-01-2025,-121.51, PayPal,refund
Q1-TX-001032,818,2025-02-11,USD 94.93,DEBIT CARD, Subscription
Q1-TX-001033,827,03/04/2025,200.66 USD,BANK TRANSFER,subscription
Q1-TX-001034,1220,"Feb 02, 2025",USD -131.36, Bank Transfer ,Refund 
Q1-TX-001035,996,2025-01-02,$301,Credit Card , Add-on
Q1-TX-001036,991,08-03-2025,$135.36, Debit Card,subscription
Q1-TX-001037,428,24-01-2025,230.34 USD,paypal,UPGRADE
Q1-TX-001038,320,15 Jan 2025,,BANK TRANSFER,ADD-ON
Q1-TX-001039,376,03/30/2025,$32.63,debit card,upgrade
Q1-TX-001040,204,08-03-2025,$390, PayPal , Upgrade
Q1-TX-001041,970,2025-03-12,$473, Debit Card , Upgrade 
Q1-TX-001042,1495,16/02/2025,$131.78, PayPal,Subscription
Q1-TX-001043,900006,2025-03-06,$163, PayPal ,Subscription
Q1-TX-001044,1304,02 Mar 2025,180.20 USD,DEBIT CARD,ADD-ON
Q1-TX-001045,781,09 Mar 2025,USD 303.47, PayPal ,SUBSCRIPTION
Q1-TX-001046,346,06-03-2025,424.50 USD, Bank Transfer ,Add-on
Q1-TX-001047,256,"Feb 07, 2025",265.97, Bank Transfer,SUBSCRIPTION
Q1-TX-001048,208,2025-03-03,$-358,PayPal ,Refund 
Q1-TX-001049,878,"Jan 31, 2025",$94.87, Credit Card,Add-on 
Q1-TX-001050,515,02/14/2025,USD 206.49, Debit Card ,add-on
Q1-TX-001051,314,01/25/2025,182.36 USD,Debit Card,ADD-ON
Q1-TX-001052,781,"Mar 15, 2025",$107.54,CREDIT CARD, Upgrade 
Q1-TX-001053,698,2025-02-24,357.96,Debit Card ,Upgrade
Q1-TX-001054,106,25/01/2025,-623.57,Bank Transfer, Refund 
Q1-TX-001055,650,18 Feb 2025,318.98 USD,debit card, Upgrade 
Q1-TX-001056,600,17/01/2025,$274,Credit Card,Upgrade
Q1-TX-001057,1010,30-03-2025,158.98,BANK TRANSFER,Add-on 
Q1-TX-001058,1032,2025-01-21,$-66,debit card,Refund
Q1-TX-001059,1175,15 Mar 2025,173.20,paypal,subscription
Q1-TX-001060,237,02/18/2025,41.41, Bank Transfer , Upgrade
Q1-TX-001061,370,11/01/2025,USD 513.02,BANK TRANSFER,ADD-ON
Q1-TX-001062,1019,01/14/2025,-136.55, Debit Card,Refund
Q1-TX-001063,1483,"Feb 25, 2025",$72.72,bank transfer, Add-on 
Q1-TX-001064,39,15 Jan 2025,$75.75,debit card,Subscription
Q1-TX-001065,432,03/31/2025,$217,debit card, Upgrade
Q1-TX-001066,1132,"Jan 31, 2025",-248.59 USD, Credit Card ,REFUND
Q1-TX-001067,619,03/08/2025,$138,bank transfer, Subscription
Q1-TX-001068,567,02/18/2025,-190.48, Credit Card ,refund
Q1-TX-001069,1349,"Mar 30, 2025",$-352.98,Bank Transfer , Refund 
Q1-TX-001070,90,01/02/2025,160.56,credit card, Add-on
Q1-TX-001071,588,01/29/2025,$116.92, Bank Transfer, Upgrade 
Q1-TX-001072,445,25 Jan 2025,$81, Bank Transfer, Add-on
Q1-TX-001073,802,23/01/2025,46.42 USD, PayPal ,Upgrade 
Q1-TX-001074,951,2025-02-18,215.45 USD, Bank Transfer,Subscription 
Q1-TX-001075,838,"Mar 26, 2025",USD -164.44,bank transfer,REFUND
Q1-TX-001076,1413,20 Feb 2025,$221.14,PayPal ,ADD-ON
Q1-TX-001077,1218,03/01/2025,90.49 USD,Bank Transfer , Add-on
Q1-TX-001078,1151,27-02-2025,, PayPal,Refund
Q1-TX-001079,376,27 Mar 2025,211.99,paypal,Add-on
Q1-TX-001080,877,25/03/2025,214.98,debit card, Subscription 
Q1-TX-001081,131,28 Feb 2025,166.92 USD, Bank Transfer , Subscription
Q1-TX-001082,996,17 Mar 2025,USD 57.73,credit card, Add-on
Q1-TX-001083,863,03/04/2025,$309.35, Debit Card ,upgrade
Q1-TX-001084,1387,02/01/2025,$433.05,DEBIT CARD,Subscription 
Q1-TX-001085,873,"Jan 02, 2025",261.62 USD, PayPal,subscription
Q1-TX-001086,1358,2025-01-06,USD 167.97,paypal,Upgrade
Q1-TX-001087,1084,16-03-2025,$133.52,PayPal,Subscription 
Q1-TX-001088,1150,11/03/2025,$406.65,DEBIT CARD, Add-on
Q1-TX-001089,472,27 Mar 2025,137.85, PayPal,Upgrade 
Q1-TX-001090,87,16 Feb 2025,220.53 USD,Bank Transfer, Upgrade 
Q1-TX-001091,646,31-03-2025,-414.25 USD, PayPal,REFUND
Q1-TX-001092,49,01 Jan 2025,440.43,DEBIT CARD,Upgrade
Q1-TX-001093,1154,21 Mar 2025,193.95,BANK TRANSFER,SUBSCRIPTION
Q1-TX-001094,1420,25 Mar 2025,$220,CREDIT CARD, Add-on
Q1-TX-001095,449,"Feb 19, 2025",$-220.22, Bank Transfer , Refund
Q1-TX-001096,1189,02/14/2025,144.48 USD,debit card,UPGRADE
Q1-TX-001097,570,18/03/2025,252.73,PayPal, Subscription
Q1-TX-001098,966,14-02-2025,-167.11,credit card,Refund
Q1-TX-001099,834,29 Jan 2025,$228.02,Credit Card ,SUBSCRIPTION
Q1-TX-001100,1008,19/02/2025,$-75.35,bank transfer,refund
Q1-TX-001101,1102,"Feb 04, 2025",-209.13 USD, Credit Card,Refund 
Q1-TX-001102,1262,2025-03-28,USD 713.21, Bank Transfer ,UPGRADE
Q1-TX-001103,1059,2025-02-07,148.01 USD, Bank Transfer ,Upgrade 
Q1-TX-001104,433,"Jan 24, 2025",$156.07,credit card,ADD-ON
Q1-TX-001105,829,13 Jan 2025,$591.09,PAYPAL,UPGRADE
Q1-TX-001106,900009,24 Jan 2025,USD 349.02, Bank Transfer ,Add-on 
Q1-TX-001107,146,10/02/2025,183.30 USD,DEBIT CARD,SUBSCRIPTION
Q1-TX-001108,1199,"Mar 04, 2025",19.62,Debit Card,Upgrade 
Q1-TX-001109,1084,02 Mar 2025,67.33,bank transfer,Add-on
Q1-TX-001110,766,23/01/2025,, PayPal, Add-on
Q1-TX-001111,620,"Jan 24, 2025",USD 419.11,Credit Card, Add-on 
Q1-TX-001112,466,30 Mar 2025,$83.42, Debit Card ,SUBSCRIPTION
Q1-TX-001113,60,03/25/2025,$-600.45, Debit Card , Refund
Q1-TX-001114,504,2025-03-11,-130.54,Credit Card ,Refund
Q1-TX-001115,1201,18-02-2025,136.05 USD, PayPal ,Add-on 
Q1-TX-001116,1353,12/01/2025,202.99,debit card, Add-on 
Q1-TX-001117,168,2025-01-27,57.26,bank transfer,ADD-ON
Q1-TX-001118,1494,12-01-2025,508.84, PayPal ,ADD-ON
Q1-TX-001119,443,2025-03-11,$322,paypal, Add-on
Q1-TX-001120,1313,"Feb 18, 2025",125.51 USD, PayPal ,Add-on 
Q1-TX-001121,584,"Jan 15, 2025",176.60 USD,PayPal ,Add-on 
Q1-TX-001122,923,"Feb 14, 2025",$307.71,CREDIT CARD,add-on
Q1-TX-001123,1495,"Jan 27, 2025",-306.32,credit card,refund
Q1-TX-001124,1301,"Jan 23, 2025",167.52 USD, Bank Transfer , Add-on
Q1-TX-001125,126,2025-02-04,-314.91,Debit Card,REFUND
Q1-TX-001126,547,"Jan 12, 2025",$90,Debit Card ,Subscription 
Q1-TX-001127,897,2025-02-21,USD 255.32, Bank Transfer,Add-on 
Q1-TX-001128,372,"Feb 05, 2025",$-426,debit card,Refund
Q1-TX-001129,264,11 Mar 2025,USD 81.60,Credit Card , Subscription
Q1-TX-001130,1291,"Feb 27, 2025",102.29,credit card, Upgrade 
Q1-TX-001131,984,18 Feb 2025,81.75, PayPal,upgrade
Q1-TX-001132,599,2025-01-02,$188,Bank Transfer, Subscription 
Q1-TX-001133,1052,03/05/2025,$159.74, Debit Card, Subscription
Q1-TX-001134,1345,13 Feb 2025,60.54,Credit Card,subscription
Q1-TX-001135,1186,"Mar 04, 2025",$-182,bank transfer,refund
Q1-TX-001136,186,"Mar 22, 2025",-104.76 USD,Credit Card, Refund
Q1-TX-001137,1050,12/03/2025,92.97,Debit Card , Upgrade
Q1-TX-001138,285,31 Mar 2025,$148.88,Debit Card ,SUBSCRIPTION
Q1-TX-001139,34,"Mar 14, 2025",-279.80 USD,PayPal,REFUND
Q1-TX-001140,1383,"Jan 15, 2025",87.34,PayPal , Subscription
Q1-TX-001141,193,30-03-2025,USD 253.82,Bank Transfer,subscription
Q1-TX-001142,378,21 Mar 2025,-90.85 USD,PAYPAL,refund
Q1-TX-001143,654,03/27/2025,42.12 USD,Credit Card, Subscription
Q1-TX-001144,430,17-01-2025,65.92,Debit Card ,Upgrade 
Q1-TX-001145,581,17-03-2025,$132, Bank Transfer, Subscription 
Q1-TX-001146,316,02-02-2025,$99.04,bank transfer,Upgrade
Q1-TX-001147,741,03 Mar 2025,474.26,Credit Card,UPGRADE
Q1-TX-001148,204,13/03/2025,-363.27,credit card, Refund 
Q1-TX-001149,680,18/03/2025,374.38, PayPal,Subscription
Q1-TX-001150,169,26 Feb 2025,-909.66 USD,bank transfer,Refund 
Q1-TX-001151,1163,25-03-2025,USD 171.17,Bank Transfer ,SUBSCRIPTION
Q1-TX-001152,1226,24-03-2025,-707.41 USD,PAYPAL,Refund
Q1-TX-001153,908,11/02/2025,467.26, Bank Transfer,Subscription
Q1-TX-001154,530,2025-01-11,USD -698.49, Debit Card ,REFUND
Q1-TX-001155,244,03/20/2025,96.41,PayPal ,Subscription
Q1-TX-001156,1182,"Jan 16, 2025",180.01, PayPal,ADD-ON
Q1-TX-001157,58,30 Jan 2025,232.60, Credit Card ,Add-on
Q1-TX-001158,1191,03/22/2025,$121.37,Bank Transfer,Upgrade 
Q1-TX-001159,162,2025-02-23,$-437, Credit Card , Refund 
Q1-TX-001160,78,02/25/2025,USD 434.15,PayPal , Add-on 
Q1-TX-001161,712,2025-03-31,218.16,bank transfer,Subscription
Q1-TX-001162,239,09/03/2025,, PayPal , Add-on
Q1-TX-001163,687,19/01/2025,-266.65 USD,DEBIT CARD, Refund
Q1-TX-001164,883,"Feb 07, 2025",328.68,PayPal, Upgrade
Q1-TX-001165,296,02/17/2025,340.40,paypal,ADD-ON
Q1-TX-001166,1454,30 Mar 2025,160.98 USD,Bank Transfer,UPGRADE
Q1-TX-001167,1032,"Mar 28, 2025",$-653.59,debit card,Refund 
Q1-TX-001168,16,2025-02-12,-256.48,PayPal ,Refund 
Q1-TX-001169,36,21 Mar 2025,USD 209.71,Credit Card ,Add-on
Q1-TX-001170,163,2025-03-27,200.67, Credit Card , Add-on 
Q1-TX-001171,174,11 Jan 2025,281.28,Bank Transfer,UPGRADE
Q1-TX-001172,1289,01/15/2025,$176,paypal,Subscription 
Q1-TX-001173,1034,01/19/2025,137.55,Debit Card,add-on
Q1-TX-001174,925,14 Mar 2025,$89.16, Bank Transfer,Subscription
Q1-TX-001175,1045,02/14/2025,USD 16.49,debit card,UPGRADE
Q1-TX-001176,1430,11/02/2025,USD 149.90, Debit Card, Subscription
Q1-TX-001177,106,"Jan 11, 2025",USD 208.94,debit card,SUBSCRIPTION
Q1-TX-001178,666,17/02/2025,$271.48,paypal,Add-on
Q1-TX-001179,830,12 Feb 2025,168.67 USD, Credit Card ,ADD-ON
Q1-TX-001180,1364,2025-03-26,132.64, Bank Transfer , Add-on
Q1-TX-001181,994,06-03-2025,348.36,debit card, Add-on
Q1-TX-001182,590,21/03/2025,USD 238.41, PayPal ,Subscription 
Q1-TX-001183,218,2025-01-19,-237.38, Debit Card, Refund
Q1-TX-001184,1285,"Feb 10, 2025",243.80 USD,Credit Card,Add-on
Q1-TX-001185,340,10/03/2025,597.70,paypal,subscription
Q1-TX-001186,1307,02/19/2025,$331.57,Credit Card , Add-on
Q1-TX-001187,957,11 Feb 2025,228.56,Credit Card , Subscription 
Q1-TX-001188,971,"Mar 27, 2025",303.81, Debit Card, Subscription 
Q1-TX-001189,125,15/01/2025,$294.75,PAYPAL, Upgrade
Q1-TX-001190,176,19/01/2025,339.02, Credit Card,UPGRADE
Q1-TX-001191,1381,2025-03-02,USD 465.39,Bank Transfer , Upgrade
Q1-TX-001192,1388,2025-02-21,USD 67.49, PayPal , Subscription 
Q1-TX-001193,1410,12/01/2025,$290.65, Bank Transfer, Upgrade 
Q1-TX-001194,219,"Jan 12, 2025",,paypal, Add-on
Q1-TX-001195,166,18/01/2025,109.44 USD,debit card,Add-on 
Q1-TX-001196,714,03/20/2025,-210.12, PayPal ,refund
Q1-TX-001197,971,06/03/2025,$58.85,PAYPAL, Add-on
Q1-TX-001198,557,2025-01-28,429.66,paypal,Upgrade 
Q1-TX-001199,1357,16/03/2025,241.25,Bank Transfer ,subscription
Q1-TX-001200,680,2025-02-25,$-211, PayPal,refund
Q1-TX-001201,203,06-01-2025,80.34 USD, Credit Card, Subscription
Q1-TX-001202,30,2025-01-17,$101.66,paypal,Upgrade 
Q1-TX-001203,169,2025-01-29,$482.00,PayPal , Subscription
Q1-TX-001204,315,07 Feb 2025,$-129, Bank Transfer, Refund 
Q1-TX-001205,1342,"Feb 06, 2025",USD -454.62, Bank Transfer, Refund 
Q1-TX-001206,1430,2025-01-10,333.29,PayPal, Upgrade
Q1-TX-001207,372,"Jan 14, 2025",80.29 USD,Bank Transfer , Subscription
Q1-TX-001208,828,23 Mar 2025,USD 105.66, Credit Card, Subscription 
Q1-TX-001209,236,05/02/2025,, Credit Card,Upgrade 
Q1-TX-001210,654,10 Jan 2025,$241,Debit Card ,Upgrade
Q1-TX-001211,1380,2025-03-24,275.65 USD,bank transfer, Subscription
Q1-TX-001212,1308,2025-01-06,-398.86 USD, PayPal,Refund
Q1-TX-001213,1419,2025-03-28,-123.39,PAYPAL,REFUND
Q1-TX-001214,558,2025-03-12,-130.18, Bank Transfer ,Refund 
Q1-TX-001215,129,24/01/2025,USD 242.55,bank transfer,Upgrade 
Q1-TX-001216,471,01/03/2025,$129.78, Debit Card,upgrade
Q1-TX-001217,437,03/01/2025,175.30, Bank Transfer,ADD-ON
Q1-TX-001218,24,18/02/2025,112.95 USD,CREDIT CARD,ADD-ON
Q1-TX-001219,1422,2025-03-24,170.51 USD,credit card,ADD-ON
Q1-TX-001220,683,19 Jan 2025,$178, Bank Transfer,Upgrade
Q1-TX-001221,27,08 Jan 2025,$-263.38,Bank Transfer,refund
Q1-TX-001222,1016,30-01-2025,$-623,credit card,refund
Q1-TX-001223,1175,2025-02-14,$-200.10, Credit Card ,refund
Q1-TX-001224,814,26-01-2025,USD 294.46, Bank Transfer , Subscription 
Q1-TX-001225,809,20/03/2025,$124.12,Debit Card,Subscription 
Q1-TX-001226,921,09 Mar 2025,$-175,Bank Transfer,REFUND
Q1-TX-001227,824,01/26/2025,USD 217.16,BANK TRANSFER, Subscription 
Q1-TX-001228,719,03/05/2025,-576.79, Credit Card , Refund 
Q1-TX-001229,1373,18-02-2025,$383.77,debit card, Subscription 
Q1-TX-001230,836,11-01-2025,426.46 USD,debit card, Add-on
Q1-TX-001231,556,18 Mar 2025,$189,PayPal,ADD-ON
Q1-TX-001232,586,"Jan 07, 2025",-473.19,Credit Card,refund
Q1-TX-001233,552,"Mar 02, 2025",177.42 USD, Debit Card ,SUBSCRIPTION
Q1-TX-001234,966,14-01-2025,USD 622.65,BANK TRANSFER,Subscription 
Q1-TX-001235,252,05/02/2025,185.10, Credit Card,Subscription
Q1-TX-001236,1155,"Feb 28, 2025",$178.12,Credit Card,Add-on
Q1-TX-001237,295,03 Jan 2025,$116, PayPal , Subscription
Q1-TX-001238,716,05 Jan 2025,253.74,PayPal,upgrade
Q1-TX-001239,746,31-03-2025,307.39 USD,CREDIT CARD,upgrade
Q1-TX-001240,109,2025-03-06,141.59,Bank Transfer,add-on
Q1-TX-001241,651,"Jan 09, 2025",,Debit Card,refund
Q1-TX-001242,110,2025-01-06,232.93 USD, PayPal ,add-on
Q1-TX-001243,900018,18 Jan 2025,-429.04 USD,PayPal,Refund 
Q1-TX-001244,786,08-01-2025,USD 326.54,credit card,Add-on 
Q1-TX-001245,153,2025-02-21,136.91,Debit Card , Upgrade
Q1-TX-001246,1428,2025-01-13,-117.75, PayPal, Refund
Q1-TX-001247,161,03/13/2025,308.31, Debit Card, Upgrade 
Q1-TX-001248,900003,2025-02-06,-149.33 USD,Debit Card, Refund 
Q1-TX-001249,222,"Feb 15, 2025",USD -345.95,Debit Card, Refund 
Q1-TX-001250,920,2025-01-31,617.61, Debit Card ,Add-on
Q1-TX-001251,928,"Mar 26, 2025",$399, Debit Card,UPGRADE
Q1-TX-001252,1228,02-02-2025,131.18 USD,Debit Card , Add-on
Q1-TX-001253,831,03/26/2025,USD 155.79,Credit Card, Upgrade
Q1-TX-001254,400,"Mar 19, 2025",$-328.62, Credit Card,Refund 
Q1-TX-001255,1450,"Jan 23, 2025",$530,PAYPAL,Upgrade
Q1-TX-001256,1352,27 Mar 2025,224.90,debit card, Upgrade
Q1-TX-001257,1058,28-01-2025,$129, PayPal,subscription
Q1-TX-001258,30,17 Jan 2025,$577,debit card, Subscription
Q1-TX-001259,355,27 Feb 2025,175.77,bank transfer,ADD-ON
Q1-TX-001260,1056,2025-02-24,210.50,Bank Transfer, Add-on
Q1-TX-001261,1177,17/01/2025,$-283.80, Bank Transfer,Refund 
Q1-TX-001262,477,"Feb 19, 2025",$149,debit card,add-on
Q1-TX-001263,330,06/02/2025,-131.52,DEBIT CARD,REFUND
Q1-TX-001264,337,17/01/2025,-79.52 USD, Credit Card , Refund 
Q1-TX-001265,565,2025-01-25,$84.54,Bank Transfer,subscription
Q1-TX-001266,1083,20-03-2025,$91,PAYPAL,Add-on
Q1-TX-001267,402,08-02-2025,USD 179.47,Bank Transfer,add-on
Q1-TX-001268,900,2025-02-15,185.99 USD,PayPal,upgrade
Q1-TX-001269,461,23-02-2025,538.28 USD,debit card,Subscription 
Q1-TX-001270,1030,03/11/2025,USD 142.31,PAYPAL,Upgrade 
Q1-TX-001271,124,2025-01-11,$86,BANK TRANSFER,Upgrade
Q1-TX-001272,289,29-01-2025,399.03 USD,PayPal ,Add-on 
Q1-TX-001273,36,"Mar 07, 2025",296.87,Credit Card,Subscription
Q1-TX-001274,1491,"Mar 18, 2025",128.58,DEBIT CARD, Subscription
Q1-TX-001275,241,2025-03-18,185.08,credit card,Add-on
Q1-TX-001276,170,2025-03-17,$-51.15, Debit Card ,Refund
Q1-TX-001277,1149,10 Mar 2025,-588.53 USD,paypal,Refund 
Q1-TX-001278,608,12-02-2025,866.43, Bank Transfer, Add-on
Q1-TX-001279,68,03 Mar 2025,USD 479.57,debit card,ADD-ON
Q1-TX-001280,17,"Feb 02, 2025",-180.06,BANK TRANSFER,refund
Q1-TX-001281,107,05-03-2025,633.01,DEBIT CARD,ADD-ON
Q1-TX-001282,101,06-02-2025,$201.53,PayPal,Subscription 
Q1-TX-001283,141,23 Mar 2025,219.18 USD,paypal,Add-on
Q1-TX-001284,1403,31-01-2025,-60.34, PayPal ,Refund 
Q1-TX-001285,1198,08 Feb 2025,$204.02, Bank Transfer,Upgrade
Q1-TX-001286,497,"Jan 19, 2025",$214.69,PAYPAL, Upgrade 
Q1-TX-001287,585,16 Feb 2025,$201.82,DEBIT CARD,subscription
Q1-TX-001288,339,"Feb 07, 2025",795.71 USD, Debit Card, Subscription
Q1-TX-001289,217,28-03-2025,468.90,Bank Transfer,UPGRADE
Q1-TX-001290,542,01/25/2025,-329.84 USD, Credit Card ,Refund 
Q1-TX-001291,531,27/02/2025,180.00 USD,debit card,Add-on 
Q1-TX-001292,1466,02 Jan 2025,$146,Debit Card,SUBSCRIPTION
Q1-TX-001293,725,23/01/2025,USD 246.99,Credit Card,ADD-ON
Q1-TX-001294,88,09-03-2025,$-441, Credit Card , Refund 
Q1-TX-001295,1422,03 Feb 2025,333.38 USD,PayPal ,Subscription 
Q1-TX-001296,1498,"Jan 10, 2025",140.02,CREDIT CARD,SUBSCRIPTION
Q1-TX-001297,709,"Mar 22, 2025",351.39 USD,Bank Transfer,Subscription 
Q1-TX-001298,1072,2025-03-10,65.26, Debit Card ,Subscription 
Q1-TX-001299,1320,02/23/2025,407.63 USD, PayPal , Add-on
Q1-TX-001300,1205,13-01-2025,USD 157.59,bank transfer,add-on
Q1-TX-001301,426,01/25/2025,, Credit Card ,Add-on 
Q1-TX-001302,1320,2025-01-23,, Debit Card , Add-on 
Q1-TX-001303,293,02/02/2025,$341, Bank Transfer ,Subscription 
Q1-TX-001304,1417,31/01/2025,USD 177.64,PayPal, Subscription 
Q1-TX-001305,348,"Feb 08, 2025",-340.29, Bank Transfer ,refund
Q1-TX-001306,389,25 Mar 2025,96.75,debit card,Add-on
Q1-TX-001307,1093,31 Jan 2025,226.81, Credit Card ,Subscription 
Q1-TX-001308,240,06 Jan 2025,-214.84,Credit Card ,Refund 
Q1-TX-001309,767,"Mar 10, 2025",$-145,BANK TRANSFER,Refund
Q1-TX-001310,365,05/03/2025,230.18,PAYPAL,Upgrade
Q1-TX-001311,241,26-01-2025,-152.74, Bank Transfer,REFUND
Q1-TX-001312,419,09 Jan 2025,USD -374.56,bank transfer, Refund
Q1-TX-001313,1321,20 Jan 2025,USD 216.57,Debit Card,Subscription 
Q1-TX-001314,540,"Feb 07, 2025",91.24,PayPal,UPGRADE
Q1-TX-001315,933,09 Mar 2025,USD 382.18,Credit Card ,ADD-ON
Q1-TX-001316,1406,06/02/2025,217.98, Bank Transfer,Subscription 
Q1-TX-001317,433,2025-03-13,$111.14, Bank Transfer ,Add-on
Q1-TX-001318,668,01/03/2025,432.36,paypal,UPGRADE
Q1-TX-001319,1253,09/02/2025,$165, Bank Transfer , Add-on
Q1-TX-001320,1122,18-03-2025,USD -112.33,credit card,Refund 
Q1-TX-001321,114,21/02/2025,125.59, PayPal ,subscription
Q1-TX-001322,756,25-03-2025,122.24 USD, Bank Transfer, Upgrade 
Q1-TX-001323,661,2025-03-05,-156.52, Debit Card , Refund
Q1-TX-001324,498,2025-01-30,361.28,PayPal,Subscription
Q1-TX-001325,1409,02/24/2025,USD 261.04,bank transfer,Upgrade
Q1-TX-001326,138,23 Feb 2025,-407.31,Debit Card,Refund
Q1-TX-001327,117,01 Jan 2025,$224,PayPal ,add-on
Q1-TX-001328,1392,25-02-2025,-115.01,debit card, Refund
Q1-TX-001329,1421,01/05/2025,$33, PayPal , Add-on
Q1-TX-001330,425,01/16/2025,USD 271.84,Bank Transfer ,SUBSCRIPTION
Q1-TX-001331,1024,15-02-2025,USD 299.89,debit card,UPGRADE
Q1-TX-001332,635,2025-01-16,-164.43,Debit Card,REFUND
Q1-TX-001333,1165,2025-03-18,77.07 USD,credit card, Upgrade 
Q1-TX-001334,57,02/14/2025,-146.00 USD,PayPal,Refund 
Q1-TX-001335,862,"Jan 03, 2025",USD 341.33,Credit Card,Add-on 
Q1-TX-001336,667,06-03-2025,,paypal, Refund 
Q1-TX-001337,1202,"Feb 04, 2025",USD 526.96,Bank Transfer, Add-on 
Q1-TX-001338,221,31 Mar 2025,-496.21, Bank Transfer ,refund
Q1-TX-001339,1476,07-02-2025,$-86,PayPal ,Refund 
Q1-TX-001340,310,2025-02-12,$334.73,bank transfer,Subscription 
Q1-TX-001341,568,13/02/2025,-219.15,PAYPAL, Refund 
Q1-TX-001342,240,13/02/2025,-346.11, Debit Card,Refund
Q1-TX-001343,14,2025-02-10,$34.91,PayPal ,Add-on 
Q1-TX-001344,596,01/01/2025,126.06,Credit Card , Subscription 
Q1-TX-001345,734,23/01/2025,$128, Credit Card, Add-on
Q1-TX-001346,324,03/03/2025,141.20 USD,PayPal ,Upgrade
Q1-TX-001347,625,20 Feb 2025,196.04 USD,paypal,Add-on
Q1-TX-001348,357,03 Jan 2025,284.02,credit card,Subscription 
Q1-TX-001349,974,2025-01-29,USD 173.88,Debit Card ,Upgrade
Q1-TX-001350,126,05/01/2025,318.55 USD, Bank Transfer ,upgrade
Q1-TX-001351,199,01-03-2025,539.68, PayPal , Upgrade 
Q1-TX-001352,175,"Jan 19, 2025",$91.72,CREDIT CARD, Add-on
Q1-TX-001353,132,03/28/2025,267.74 USD,PAYPAL,Add-on 
Q1-TX-001354,1485,"Mar 12, 2025",$326.38,PayPal,upgrade
Q1-TX-001355,1084,02-02-2025,$180.31, Credit Card, Upgrade
Q1-TX-001356,225,03/19/2025,$216.59, PayPal,Upgrade 
Q1-TX-001357,1243,02/02/2025,$186,paypal, Subscription
Q1-TX-001358,616,01/22/2025,USD -257.97,PAYPAL,REFUND
Q1-TX-001359,302,"Jan 03, 2025",-207.22, PayPal ,Refund
Q1-TX-001360,844,04/02/2025,-306.71 USD,Credit Card,Refund
Q1-TX-001361,649,2025-01-22,147.89, Bank Transfer , Subscription 
Q1-TX-001362,270,23-03-2025,255.41, Bank Transfer,Add-on
Q1-TX-001363,262,04-01-2025,118.31 USD,Debit Card , Subscription
Q1-TX-001364,248,03-02-2025,405.45, Bank Transfer ,Add-on
Q1-TX-001365,1072,2025-02-17,$529,Debit Card,Subscription
Q1-TX-001366,762,2025-01-29,USD 142.23, Credit Card,subscription
Q1-TX-001367,1176,27-02-2025,1003.17,credit card, Upgrade
Q1-TX-001368,381,31/03/2025,656.46 USD,bank transfer,upgrade
Q1-TX-001369,1422,22/01/2025,$264.48, Debit Card ,Upgrade
Q1-TX-001370,1451,31/03/2025,137.64,PayPal,subscription
Q1-TX-001371,263,26/01/2025,338.94, Bank Transfer ,add-on
Q1-TX-001372,279,23/02/2025,$445, PayPal,Upgrade
Q1-TX-001373,872,03/01/2025,$-378,bank transfer,Refund 
Q1-TX-001374,544,03/03/2025,406.42 USD,Debit Card ,upgrade
Q1-TX-001375,323,07 Feb 2025,$-382, Credit Card,REFUND
Q1-TX-001376,902,20-01-2025,161.43,Debit Card,UPGRADE
Q1-TX-001377,691,30/01/2025,USD -340.29,PAYPAL, Refund
Q1-TX-001378,110,19/03/2025,-417.19 USD, Bank Transfer ,Refund
Q1-TX-001379,881,02/04/2025,188.14,Bank Transfer , Add-on 
Q1-TX-001380,799,09 Feb 2025,,PayPal,Upgrade 
Q1-TX-001381,736,21-03-2025,$70.12, PayPal ,Add-on
Q1-TX-001382,685,03-01-2025,$-125, Credit Card ,Refund 
Q1-TX-001383,869,11-03-2025,USD 249.44, Credit Card,Upgrade
Q1-TX-001384,861,12/01/2025,376.23,PayPal,Upgrade
Q1-TX-001385,730,03 Feb 2025,-370.94 USD,PayPal , Refund
Q1-TX-001386,1143,2025-03-08,98.78,bank transfer,UPGRADE
Q1-TX-001387,1045,27/03/2025,113.25, Credit Card , Add-on
Q1-TX-001388,130,13/03/2025,161.35 USD,Bank Transfer, Upgrade
Q1-TX-001389,228,"Feb 25, 2025",365.11,PAYPAL,Upgrade
Q1-TX-001390,759,25-01-2025,$356.56, Credit Card, Add-on
Q1-TX-001391,597,10/02/2025,30.06 USD,DEBIT CARD, Upgrade
Q1-TX-001392,653,03/21/2025,70.06 USD,Credit Card ,ADD-ON
Q1-TX-001393,854,2025-01-19,USD -290.43,PayPal ,Refund
Q1-TX-001394,838,08/01/2025,270.12,DEBIT CARD, Add-on 
Q1-TX-001395,1098,31/03/2025,$342,PAYPAL,Upgrade 
Q1-TX-001396,1104,03/19/2025,-105.87,BANK TRANSFER,REFUND
Q1-TX-001397,224,01/03/2025,$115, Debit Card ,Add-on 
Q1-TX-001398,1035,2025-01-04,148.01, Credit Card, Add-on
Q1-TX-001399,574,26 Mar 2025,69.81,PayPal ,upgrade
Q1-TX-001400,1137,25/01/2025,$192.26,Bank Transfer ,Subscription
Q1-TX-001401,1117,08 Feb 2025,-81.18,Credit Card , Refund 
Q1-TX-001402,5,"Mar 15, 2025",120.73,PAYPAL, Add-on
Q1-TX-001403,1276,04 Feb 2025,-300.57,Debit Card ,refund
Q1-TX-001404,319,02/23/2025,-221.46,PayPal, Refund 
Q1-TX-001405,1183,2025-02-07,USD 232.97,Debit Card,SUBSCRIPTION
Q1-TX-001406,902,2025-03-03,157.66 USD,PayPal ,UPGRADE
Q1-TX-001407,657,04/02/2025,425.11 USD,debit card,upgrade
Q1-TX-001408,1004,21-03-2025,-167.62, Credit Card,refund
Q1-TX-001409,357,03 Mar 2025,USD 774.53,BANK TRANSFER,UPGRADE
Q1-TX-001410,526,2025-03-15,USD 98.35,BANK TRANSFER,Subscription 
Q1-TX-001411,410,"Feb 21, 2025",$82.26,PayPal , Upgrade
Q1-TX-001412,630,05/03/2025,-182.57, Credit Card ,REFUND
Q1-TX-001413,147,18-02-2025,USD -247.05,Credit Card, Refund
Q1-TX-001414,348,08 Feb 2025,90.13,PAYPAL,add-on
Q1-TX-001415,138,22/03/2025,119.05 USD, Bank Transfer , Subscription 
Q1-TX-001416,1202,01/30/2025,-268.16,BANK TRANSFER,Refund 
Q1-TX-001417,746,2025-02-06,$265.52,Bank Transfer,Add-on
Q1-TX-001418,1418,27-02-2025,-196.52,bank transfer,Refund
Q1-TX-001419,630,"Jan 01, 2025",$234, Bank Transfer ,Upgrade
Q1-TX-001420,262,"Jan 15, 2025",$121, PayPal,ADD-ON
Q1-TX-001421,1141,09 Feb 2025,81.40,Credit Card, Subscription 
Q1-TX-001422,968,11/03/2025,-211.01, Credit Card ,refund
Q1-TX-001423,1416,03 Jan 2025,USD 149.04, Bank Transfer,ADD-ON
Q1-TX-001424,1077,12-03-2025,-596.50, Debit Card,Refund 
Q1-TX-001425,1157,10/02/2025,USD 205.85,PayPal ,Subscription 
Q1-TX-001426,382,25-02-2025,49.72 USD,Credit Card, Upgrade 
Q1-TX-001427,1317,"Jan 21, 2025",$316,PayPal ,Upgrade
Q1-TX-001428,226,31-03-2025,$197, PayPal, Add-on
Q1-TX-001429,10,"Mar 20, 2025",-180.47,paypal,Refund 
Q1-TX-001430,1017,02/15/2025,$-177,Bank Transfer ,refund
Q1-TX-001431,1444,01/16/2025,-254.76 USD,debit card, Refund
Q1-TX-001432,248,13 Jan 2025,USD 141.14,debit card,add-on
Q1-TX-001433,40,01/20/2025,$335, Debit Card,Upgrade 
Q1-TX-001434,428,19-01-2025,USD 336.90,PayPal , Add-on 
Q1-TX-001435,1192,14 Jan 2025,253.89,paypal, Add-on 
Q1-TX-001436,1341,07 Feb 2025,, Credit Card,SUBSCRIPTION
Q1-TX-001437,1325,23-02-2025,$-581.87,PAYPAL, Refund 
Q1-TX-001438,259,01/20/2025,$-83,PayPal , Refund 
Q1-TX-001439,1164,01/24/2025,336.61 USD,paypal, Upgrade 
Q1-TX-001440,159,03/01/2025,507.56 USD, PayPal ,SUBSCRIPTION
Q1-TX-001441,584,"Mar 04, 2025",$136.27,credit card,Subscription
Q1-TX-001442,26,02/17/2025,$47, PayPal, Add-on 
Q1-TX-001443,575,2025-03-20,321.15, Credit Card ,Subscription 
Q1-TX-001444,1422,"Mar 29, 2025",$-107.09, Bank Transfer,refund
Q1-TX-001445,608,2025-03-06,$268.39,BANK TRANSFER,SUBSCRIPTION
Q1-TX-001446,306,24-01-2025,232.76, Bank Transfer,Add-on
Q1-TX-001447,1238,21/02/2025,-513.11,paypal,REFUND
Q1-TX-001448,1079,2025-03-31,$580, Debit Card ,Add-on 
Q1-TX-001449,1,"Feb 22, 2025",602.06, Debit Card,UPGRADE
Q1-TX-001450,1344,11/02/2025,191.77, Debit Card ,SUBSCRIPTION
Q1-TX-001451,468,04/03/2025,$134,Credit Card, Subscription
Q1-TX-001452,333,"Feb 08, 2025",-159.36,Credit Card,Refund
Q1-TX-001453,853,12 Feb 2025,USD 177.18,PAYPAL,Subscription 
Q1-TX-001454,1013,30-03-2025,-106.12,PayPal, Refund
Q1-TX-001455,516,10 Jan 2025,$-240.51,bank transfer, Refund
Q1-TX-001456,69,23 Feb 2025,-215.63,CREDIT CARD,Refund
Q1-TX-001457,183,02/01/2025,USD -181.22,bank transfer,Refund
Q1-TX-001458,641,21-02-2025,$161,PAYPAL, Subscription 
Q1-TX-001459,131,16 Jan 2025,118.53,Bank Transfer,UPGRADE
Q1-TX-001460,1431,"Feb 13, 2025",-304.51,Debit Card,REFUND
Q1-TX-001461,983,23/02/2025,199.50,Debit Card,Subscription
Q1-TX-001462,1324,03/06/2025,58.42 USD,CREDIT CARD,Upgrade
Q1-TX-001463,900008,24/01/2025,694.50 USD,PayPal, Add-on
Q1-TX-001464,1183,03/23/2025,USD 315.09, Credit Card,subscription
Q1-TX-001465,587,02 Mar 2025,324.75,PayPal,SUBSCRIPTION
Q1-TX-001466,86,"Jan 03, 2025",373.58 USD, Credit Card ,Upgrade
Q1-TX-001467,1464,01/17/2025,$295,debit card, Upgrade 
Q1-TX-001468,651,29-03-2025,USD 500.92, Debit Card ,ADD-ON
Q1-TX-001469,1284,03-02-2025,227.83 USD,BANK TRANSFER,Upgrade
Q1-TX-001470,663,26 Mar 2025,221.12 USD, Credit Card ,Upgrade
Q1-TX-001471,1194,16-01-2025,USD -82.70, PayPal, Refund
Q1-TX-001472,8,17 Feb 2025,USD 523.17,Credit Card,ADD-ON
Q1-TX-001473,677,26/01/2025,-119.55,Bank Transfer,Refund 
Q1-TX-001474,649,25/02/2025,$452,Credit Card,Subscription 
Q1-TX-001475,1152,01/01/2025,$301,credit card, Add-on
Q1-TX-001476,857,03/29/2025,356.22, Bank Transfer, Add-on
Q1-TX-001477,407,2025-02-20,USD 288.28,credit card,UPGRADE
Q1-TX-001478,960,02/02/2025,$321.95, Debit Card, Upgrade
Q1-TX-001479,643,2025-03-20,USD -454.33, Bank Transfer , Refund
Q1-TX-001480,48,03 Feb 2025,-257.32,PAYPAL, Refund 
Q1-TX-001481,65,03/27/2025,$780,PayPal ,Subscription
Q1-TX-001482,588,01/10/2025,-237.53,Debit Card , Refund
Q1-TX-001483,870,02/21/2025,$692,debit card, Upgrade 
Q1-TX-001484,379,01/01/2025,$103.07, Bank Transfer , Subscription
Q1-TX-001485,815,"Feb 19, 2025",132.05,BANK TRANSFER,upgrade
Q1-TX-001486,43,31-03-2025,-126.28, Debit Card ,refund
Q1-TX-001487,881,01/16/2025,USD -386.66, Debit Card ,Refund
Q1-TX-001488,1477,12/03/2025,250.66, Credit Card , Subscription 
Q1-TX-001489,467,"Jan 11, 2025",$272, Debit Card,upgrade
Q1-TX-001490,1176,03/05/2025,$389.10,Debit Card ,SUBSCRIPTION
Q1-TX-001491,1388,2025-01-08,-332.94, Debit Card ,refund
Q1-TX-001492,736,24-02-2025,$362.22, Credit Card,upgrade
Q1-TX-001493,792,2025-03-24,$138.03,DEBIT CARD,Upgrade
Q1-TX-001494,1034,2025-01-14,USD -393.36,PayPal,REFUND
Q1-TX-001495,1324,12-01-2025,114.93, PayPal,Upgrade
Q1-TX-001496,873,03/24/2025,$130.17,Bank Transfer, Upgrade
Q1-TX-001497,1348,2025-03-16,USD 275.55,debit card,upgrade
Q1-TX-001498,1360,2025-01-13,93.65,Debit Card ,add-on
Q1-TX-001499,347,2025-02-23,USD 424.44,Debit Card,add-on
Q1-TX-001500,402,10 Jan 2025,,Debit Card,subscription
Q1-TX-001501,1070,27/02/2025,$123, Debit Card ,Subscription
Q1-TX-001502,403,23 Mar 2025,240.68,Debit Card,add-on
Q1-TX-001503,1412,"Feb 09, 2025",553.69 USD,DEBIT CARD, Subscription 
Q1-TX-001504,432,28 Feb 2025,204.50,BANK TRANSFER,subscription
Q1-TX-001505,1020,20-01-2025,USD 139.53,Bank Transfer,Add-on
Q1-TX-001506,570,"Mar 01, 2025",$115.02,bank transfer,add-on
Q1-TX-001507,946,2025-01-30,$540,CREDIT CARD, Add-on
Q1-TX-001508,914,"Feb 02, 2025",218.14 USD,PayPal, Subscription 
Q1-TX-001509,617,2025-02-14,$295,DEBIT CARD,Add-on
Q1-TX-001510,835,2025-03-07,$215,CREDIT CARD,upgrade
Q1-TX-001511,588,"Feb 22, 2025",$328,Debit Card,Subscription
Q1-TX-001512,1454,22-02-2025,191.12 USD,Bank Transfer,ADD-ON
Q1-TX-001513,1086,"Feb 20, 2025",USD 275.14, PayPal , Add-on
Q1-TX-001514,487,2025-03-21,-534.65, Debit Card, Refund 
Q1-TX-001515,477,2025-01-16,USD 170.00,Debit Card,subscription
Q1-TX-001516,841,"Jan 12, 2025",222.79 USD,bank transfer,upgrade
Q1-TX-001517,1179,31-03-2025,278.29,Credit Card,SUBSCRIPTION
Q1-TX-001518,1375,03/27/2025,USD -422.49,BANK TRANSFER,refund
Q1-TX-001519,59,13/01/2025,$78,credit card, Subscription
Q1-TX-001520,13,20-02-2025,450.16,Credit Card , Add-on 
Q1-TX-001521,1046,26-03-2025,221.70,PayPal,Upgrade 
Q1-TX-001522,1102,2025-03-03,$-460.92,credit card,refund
Q1-TX-001523,1286,"Feb 26, 2025",USD 448.70,PayPal,Add-on
Q1-TX-001524,835,2025-02-24,503.37 USD,debit card,UPGRADE
Q1-TX-001525,1396,03-01-2025,$346.71, PayPal , Upgrade
Q1-TX-001526,603,"Mar 28, 2025",USD 574.75,debit card,UPGRADE
Q1-TX-001527,1032,2025-03-17,327.04,bank transfer,Add-on
Q1-TX-001528,1311,19/01/2025,485.93 USD, Credit Card ,SUBSCRIPTION
Q1-TX-001529,475,"Feb 08, 2025",115.33 USD,Bank Transfer,subscription
Q1-TX-001530,22,28/02/2025,-124.75,Bank Transfer ,Refund
Q1-TX-001531,660,2025-02-16,-233.27,CREDIT CARD,REFUND
Q1-TX-001532,1306,08/02/2025,121.96,Debit Card, Add-on 
Q1-TX-001533,971,08-01-2025,-427.65 USD,PayPal, Refund
Q1-TX-001534,705,21-02-2025,258.53 USD,credit card, Add-on
Q1-TX-001535,955,2025-01-13,97.25,Bank Transfer,upgrade
Q1-TX-001536,1152,20-01-2025,USD 320.14,PAYPAL, Add-on
Q1-TX-001537,76,04-01-2025,$160.49, Credit Card, Subscription 
Q1-TX-001538,925,03/15/2025,$231.96,Debit Card , Subscription
Q1-TX-001539,1131,12-01-2025,USD 381.52,PayPal,ADD-ON
Q1-TX-001540,12,2025-03-26,$-224.06, Bank Transfer,REFUND
Q1-TX-001541,398,2025-03-04,102.52,PayPal, Add-on 
Q1-TX-001542,131,2025-01-11,$-173.07,DEBIT CARD,Refund 
Q1-TX-001543,286,25-01-2025,148.09,PayPal ,add-on
Q1-TX-001544,697,"Mar 07, 2025",USD -247.74,BANK TRANSFER,Refund
Q1-TX-001545,1474,01/18/2025,210.05,Bank Transfer , Upgrade 
Q1-TX-001546,120,06 Mar 2025,USD -198.20,PAYPAL, Refund
Q1-TX-001547,1311,27 Feb 2025,495.20, Bank Transfer , Add-on 
Q1-TX-001548,1220,25/02/2025,USD 122.99, Debit Card ,subscription
Q1-TX-001549,354,2025-02-19,-486.36, Debit Card , Refund 
Q1-TX-001550,342,03-01-2025,, Debit Card,Add-on
Q1-TX-001551,947,"Jan 09, 2025",$264.88,Debit Card,upgrade
Q1-TX-001552,1029,"Jan 14, 2025",USD -319.49,credit card,Refund 
Q1-TX-001553,236,14 Mar 2025,167.43,BANK TRANSFER, Subscription
Q1-TX-001554,934,19/02/2025,$289.48, Credit Card, Add-on 
Q1-TX-001555,95,"Jan 12, 2025",$70.50,paypal, Upgrade 
Q1-TX-001556,234,23/01/2025,247.61,Bank Transfer , Add-on
Q1-TX-001557,1482,01/01/2025,197.28 USD,Bank Transfer ,SUBSCRIPTION
Q1-TX-001558,801,"Mar 28, 2025",$169.31,Credit Card ,Upgrade 
Q1-TX-001559,874,04-03-2025,-166.25, Debit Card,Refund
Q1-TX-001560,1018,2025-03-14,213.48 USD,Bank Transfer, Add-on 
Q1-TX-001561,968,2025-03-15,$319.29,Credit Card,Upgrade
Q1-TX-001562,405,22-02-2025,103.97,BANK TRANSFER, Add-on
Q1-TX-001563,81,23-01-2025,$197.67, Debit Card ,add-on
Q1-TX-001564,1178,24-01-2025,92.16,DEBIT CARD, Upgrade 
Q1-TX-001565,1246,"Mar 05, 2025",217.66,Bank Transfer, Upgrade
Q1-TX-001566,611,"Mar 26, 2025",USD 97.47,Credit Card ,Subscription 
Q1-TX-001567,890,28/03/2025,$214.40,bank transfer,Subscription 
Q1-TX-001568,462,31 Jan 2025,$458.64,Bank Transfer, Upgrade 
Q1-TX-001569,1323,01-01-2025,$263,Debit Card,ADD-ON
Q1-TX-001570,294,23/02/2025,$351.59, Debit Card, Subscription 
Q1-TX-001571,658,02/27/2025,USD 75.74, Bank Transfer,SUBSCRIPTION
Q1-TX-001572,1362,02-01-2025,148.44,DEBIT CARD,ADD-ON
Q1-TX-001573,896,2025-01-05,242.41,debit card,add-on
Q1-TX-001574,980,02/18/2025,$216,PayPal,Add-on 
Q1-TX-001575,985,17-01-2025,164.89, Credit Card ,SUBSCRIPTION
Q1-TX-001576,324,31/03/2025,-302.73,Credit Card, Refund 
Q1-TX-001577,1344,07 Mar 2025,794.63 USD,PAYPAL,Upgrade 
Q1-TX-001578,701,"Mar 12, 2025",$213.78, Bank Transfer ,add-on
Q1-TX-001579,230,2025-02-26,-134.79 USD,CREDIT CARD,Refund
Q1-TX-001580,988,"Feb 27, 2025",$-143,paypal,REFUND
Q1-TX-001581,451,02/16/2025,167.13 USD, PayPal,SUBSCRIPTION
Q1-TX-001582,456,03/17/2025,$264.66,Bank Transfer,upgrade
Q1-TX-001583,1251,06 Mar 2025,USD 171.92,Debit Card , Subscription
Q1-TX-001584,129,07 Mar 2025,18.41,bank transfer, Add-on 
Q1-TX-001585,367,"Mar 06, 2025",114.51 USD, Debit Card,ADD-ON
Q1-TX-001586,44,24 Mar 2025,$-146,debit card, Refund
Q1-TX-001587,447,01/03/2025,$62, Bank Transfer ,Add-on 
Q1-TX-001588,564,13/02/2025,-327.51 USD,PayPal,REFUND
Q1-TX-001589,1092,2025-02-07,677.33,paypal,SUBSCRIPTION
Q1-TX-001590,389,08 Mar 2025,$399,debit card, Subscription
Q1-TX-001591,1250,06-03-2025,536.80 USD, PayPal , Subscription
Q1-TX-001592,796,"Feb 07, 2025",USD 454.10, Credit Card,ADD-ON
Q1-TX-001593,1431,2025-03-03,$107.08, PayPal , Add-on
Q1-TX-001594,307,2025-02-24,525.54,paypal, Upgrade
Q1-TX-001595,831,2025-01-04,-371.72 USD,DEBIT CARD,Refund 
Q1-TX-001596,543,05/02/2025,188.06, PayPal ,add-on
Q1-TX-001597,1189,"Mar 23, 2025",$-348.97,bank transfer,Refund
Q1-TX-001598,892,"Mar 22, 2025",242.74, Debit Card ,Subscription 
Q1-TX-001599,431,2025-02-27,280.65,BANK TRANSFER,UPGRADE
Q1-TX-001600,98,26 Mar 2025,384.48, Credit Card ,upgrade
Q1-TX-001601,822,24/01/2025,$220,Debit Card, Subscription
Q1-TX-001602,711,"Mar 26, 2025",283.29 USD,Credit Card ,Subscription
Q1-TX-001603,988,02/18/2025,-99.76 USD, Bank Transfer , Refund
Q1-TX-001604,544,2025-02-06,-328.54,DEBIT CARD,Refund 
Q1-TX-001605,785,02/01/2025,$-59.22, Debit Card ,REFUND
Q1-TX-001606,1251,09/03/2025,377.47, PayPal,Add-on
Q1-TX-001607,1090,08-01-2025,46.74,Debit Card, Upgrade
Q1-TX-001608,712,02-02-2025,USD 386.77,credit card,Add-on
Q1-TX-001609,426,06/01/2025,$290.52,DEBIT CARD,Add-on
Q1-TX-001610,958,"Mar 30, 2025",USD 215.25,DEBIT CARD,Subscription 
Q1-TX-001611,596,"Mar 14, 2025","1,176.39",DEBIT CARD, Subscription 
Q1-TX-001612,1463,2025-01-11,341.56,Bank Transfer ,Subscription 
Q1-TX-001613,1057,23/03/2025,537.60,Debit Card ,UPGRADE
Q1-TX-001614,1025,03/02/2025,150.47, Credit Card,Subscription 
Q1-TX-001615,1469,2025-02-27,$-288.12,bank transfer,REFUND
Q1-TX-001616,951,27 Mar 2025,155.55,Bank Transfer , Upgrade 
Q1-TX-001617,597,11 Feb 2025,USD 248.38,Credit Card, Upgrade
Q1-TX-001618,460,2025-02-06,310.05 USD,PayPal,Add-on 
Q1-TX-001619,64,2025-01-15,$326,Bank Transfer,Add-on 
Q1-TX-001620,383,21/02/2025,58.88 USD,Bank Transfer , Add-on
Q1-TX-001621,423,04 Jan 2025,USD 160.03, Debit Card ,add-on
Q1-TX-001622,662,02/08/2025,$-248,PayPal ,REFUND
Q1-TX-001623,232,08/03/2025,-198.19,PAYPAL,refund
Q1-TX-001624,304,02/23/2025,-338.47 USD,Debit Card, Refund 
Q1-TX-001625,1045,07/02/2025,$84, Debit Card,subscription
Q1-TX-001626,1131,"Mar 29, 2025",313.33 USD,Credit Card,SUBSCRIPTION
Q1-TX-001627,62,2025-02-02,USD 132.14,Bank Transfer,Add-on
Q1-TX-001628,1412,12 Feb 2025,159.25,credit card,Upgrade
Q1-TX-001629,1488,28-03-2025,USD 393.85, Bank Transfer,SUBSCRIPTION
Q1-TX-001630,1020,31/03/2025,$591.98,PAYPAL,Subscription 
Q1-TX-001631,1448,05 Jan 2025,246.44, Debit Card, Add-on 
Q1-TX-001632,1083,2025-01-21,$-474.25,Credit Card,REFUND
Q1-TX-001633,700,10 Jan 2025,$159.71,DEBIT CARD,Add-on 
Q1-TX-001634,538,08 Jan 2025,-479.68,PAYPAL, Refund 
Q1-TX-001635,586,11 Jan 2025,USD 240.49,Credit Card,Subscription 
Q1-TX-001636,1151,01/07/2025,105.28 USD,PayPal,add-on
Q1-TX-001637,764,24-03-2025,$81.16, Debit Card ,Add-on 
Q1-TX-001638,486,31-03-2025,719.24,bank transfer,add-on
Q1-TX-001639,909,01/02/2025,,Debit Card ,Upgrade
Q1-TX-001640,373,03/09/2025,$148.55, PayPal , Subscription 
Q1-TX-001641,811,01/20/2025,-471.60 USD, PayPal,REFUND
Q1-TX-001642,511,11 Mar 2025,$85.55,paypal,SUBSCRIPTION
Q1-TX-001643,1292,01/28/2025,$146,Debit Card ,SUBSCRIPTION
Q1-TX-001644,1289,02/25/2025,USD 125.31, Credit Card ,add-on
Q1-TX-001645,1487,2025-01-17,154.70,Credit Card,Upgrade 
Q1-TX-001646,722,02-02-2025,503.76,PayPal ,UPGRADE
Q1-TX-001647,724,"Mar 06, 2025",$349.91, Debit Card ,Subscription
Q1-TX-001648,1196,16 Mar 2025,202.93 USD,PayPal,UPGRADE
Q1-TX-001649,630,"Jan 22, 2025",-397.24, Debit Card , Refund
Q1-TX-001650,954,03/02/2025,$26.44,Bank Transfer,Subscription
Q1-TX-001651,900002,06/03/2025,-214.13,Debit Card,Refund 
Q1-TX-001652,719,07/03/2025,510.24,PAYPAL, Add-on 
Q1-TX-001653,295,03/28/2025,135.01 USD,Debit Card ,Add-on
Q1-TX-001654,113,"Jan 11, 2025",-350.80 USD,Debit Card , Refund
Q1-TX-001655,559,02 Jan 2025,$191.72,bank transfer,subscription
Q1-TX-001656,728,15-01-2025,-307.98,CREDIT CARD, Refund 
Q1-TX-001657,567,21-02-2025,$249.88, Debit Card, Add-on 
Q1-TX-001658,402,2025-03-10,USD 262.80,BANK TRANSFER, Upgrade
Q1-TX-001659,231,2025-02-25,92.69 USD,PAYPAL,Subscription
Q1-TX-001660,829,02/07/2025,$228,Bank Transfer,add-on
Q1-TX-001661,1237,22-01-2025,USD -202.04, Credit Card, Refund 
Q1-TX-001662,354,"Mar 27, 2025",40.89,DEBIT CARD,upgrade
Q1-TX-001663,1329,03/04/2025,137.82,Credit Card, Subscription
Q1-TX-001664,1239,03/25/2025,120.11 USD, Debit Card,UPGRADE
Q1-TX-001665,260,14 Jan 2025,328.93 USD,DEBIT CARD, Subscription
Q1-TX-001666,1237,"Jan 27, 2025",337.65,Bank Transfer, Subscription
Q1-TX-001667,716,18/01/2025,USD 115.90,debit card, Subscription 
Q1-TX-001668,1109,03/11/2025,183.91,Debit Card ,SUBSCRIPTION
Q1-TX-001669,921,09 Feb 2025,$59.16,DEBIT CARD,add-on
Q1-TX-001670,558,21/02/2025,115.46 USD, Credit Card,Subscription 
Q1-TX-001671,1005,06/03/2025,$233.43,debit card,upgrade
Q1-TX-001672,40,01/05/2025,-628.02 USD,bank transfer,Refund
Q1-TX-001673,879,30/03/2025,424.70,Debit Card, Upgrade
Q1-TX-001674,203,"Jan 03, 2025",447.84,credit card,Add-on
Q1-TX-001675,251,01/05/2025,109.69,PayPal ,upgrade
Q1-TX-001676,242,01/15/2025,-147.37 USD,Credit Card ,refund
Q1-TX-001677,330,07/01/2025,150.34,Debit Card , Upgrade
Q1-TX-001678,415,"Feb 09, 2025",USD 355.60,credit card,Add-on
Q1-TX-001679,465,17 Mar 2025,164.86, Credit Card,Upgrade
Q1-TX-001680,578,"Jan 29, 2025",$346.48,Debit Card,Add-on 
Q1-TX-001681,250,"Mar 21, 2025",219.27,Bank Transfer, Upgrade
Q1-TX-001682,154,02/19/2025,USD 368.89,Credit Card,SUBSCRIPTION
Q1-TX-001683,1074,03/25/2025,USD 471.71,PayPal , Upgrade
Q1-TX-001684,544,2025-03-16,154.03 USD, PayPal , Subscription 
Q1-TX-001685,623,03/03/2025,$303, Credit Card,Subscription 
Q1-TX-001686,80,12/03/2025,68.82 USD,PayPal,Upgrade
Q1-TX-001687,1044,07-01-2025,,credit card, Upgrade 
Q1-TX-001688,798,03/15/2025,USD 275.79,debit card,ADD-ON
Q1-TX-001689,311,"Mar 16, 2025",-629.49 USD,credit card, Refund 
Q1-TX-001690,1039,"Jan 25, 2025",-204.68 USD, Debit Card ,REFUND
Q1-TX-001691,583,25-02-2025,USD -517.48, Credit Card ,REFUND
Q1-TX-001692,1240,24-03-2025,430.31,Debit Card , Add-on 
Q1-TX-001693,938,22-01-2025,$136.68, Credit Card,Upgrade 
Q1-TX-001694,539,09/02/2025,242.43 USD,Debit Card , Upgrade 
Q1-TX-001695,1096,"Jan 02, 2025",$82.49, Debit Card ,add-on
Q1-TX-001696,221,18 Mar 2025,"1,028.93 USD",PayPal , Upgrade
Q1-TX-001697,645,2025-03-13,183.92 USD, Credit Card ,UPGRADE
Q1-TX-001698,757,28-03-2025,355.53 USD,BANK TRANSFER,upgrade
Q1-TX-001699,246,09 Jan 2025,352.63,Credit Card ,Upgrade
Q1-TX-001700,1190,01 Mar 2025,162.66, Credit Card, Upgrade 
Q1-TX-001701,1124,23-03-2025,$117.91, Credit Card , Upgrade
Q1-TX-001702,681,"Feb 20, 2025",$229,debit card,Upgrade
Q1-TX-001703,790,2025-02-05,USD 461.62,bank transfer,UPGRADE
Q1-TX-001704,1332,"Jan 09, 2025",150.16,DEBIT CARD, Add-on
Q1-TX-001705,814,28/03/2025,513.59 USD,PayPal,Upgrade 
Q1-TX-001706,413,31/03/2025,$286, PayPal ,UPGRADE
Q1-TX-001707,58,"Feb 18, 2025",USD -99.54, PayPal,refund
Q1-TX-001708,122,18 Jan 2025,$74.45,BANK TRANSFER, Upgrade 
Q1-TX-001709,1022,01/07/2025,USD -290.27,PayPal,Refund
Q1-TX-001710,80,09/03/2025,USD -153.62,PayPal,REFUND
Q1-TX-001711,654,02/09/2025,-510.50,Debit Card ,Refund
Q1-TX-001712,700,30/03/2025,-328.99 USD,debit card,Refund
Q1-TX-001713,1076,08 Feb 2025,$238.93,Bank Transfer,upgrade
Q1-TX-001714,745,01/09/2025,133.64,DEBIT CARD,ADD-ON
Q1-TX-001715,1374,16-02-2025,-627.03 USD,Credit Card,Refund 
Q1-TX-001716,37,03 Jan 2025,$92,CREDIT CARD,ADD-ON
Q1-TX-001717,568,10/03/2025,$221,bank transfer,add-on
Q1-TX-001718,1104,"Jan 12, 2025",$199, PayPal ,add-on
Q1-TX-001719,335,"Jan 19, 2025",249.59,debit card,Add-on 
Q1-TX-001720,814,2025-02-19,-61.95,Credit Card,Refund
Q1-TX-001721,1387,01 Mar 2025,57.13,Credit Card , Add-on 
Q1-TX-001722,531,"Mar 11, 2025",$126,CREDIT CARD, Add-on
Q1-TX-001723,831,2025-03-20,$150, Bank Transfer,add-on
Q1-TX-001724,1064,"Jan 14, 2025",-167.87,credit card, Refund 
Q1-TX-001725,1358,18-02-2025,USD -131.12,DEBIT CARD,REFUND
Q1-TX-001726,389,"Jan 29, 2025",$280.11,bank transfer,add-on
Q1-TX-001727,315,03-02-2025,71.25, PayPal, Upgrade
Q1-TX-001728,719,2025-03-06,USD 244.29,Bank Transfer,Subscription
Q1-TX-001729,994,22-01-2025,101.60,Bank Transfer ,subscription
Q1-TX-001730,1313,10-03-2025,USD 83.23, PayPal,subscription
Q1-TX-001731,906,02/17/2025,-168.92 USD, Credit Card ,REFUND
Q1-TX-001732,1162,2025-03-08,-203.89,credit card,Refund
Q1-TX-001733,1284,14/03/2025,295.83, Credit Card ,subscription
Q1-TX-001734,1010,"Mar 10, 2025",$60.94,Credit Card,upgrade
Q1-TX-001735,1483,04-03-2025,418.78 USD, Debit Card ,Upgrade 
Q1-TX-001736,1409,"Jan 29, 2025",$148,BANK TRANSFER, Add-on 
Q1-TX-001737,492,12-01-2025,241.56 USD,Bank Transfer ,Add-on 
Q1-TX-001738,1423,2025-02-02,$442,paypal,Add-on 
Q1-TX-001739,1118,14 Mar 2025,198.43,credit card, Upgrade
Q1-TX-001740,106,05-02-2025,USD 218.92, Credit Card, Add-on
Q1-TX-001741,949,2025-03-08,65.50 USD,PayPal , Upgrade
Q1-TX-001742,1484,13-03-2025,-217.95,credit card,refund
Q1-TX-001743,464,"Jan 25, 2025",-647.48 USD,PayPal,refund
Q1-TX-001744,956,03/23/2025,$93.63, Bank Transfer , Subscription
Q1-TX-001745,867,08-01-2025,$508.38,Debit Card ,Upgrade
Q1-TX-001746,944,"Jan 23, 2025",$273.66, PayPal , Subscription 
Q1-TX-001747,52,01/11/2025,USD -71.23,Credit Card,Refund 
Q1-TX-001748,857,03/25/2025,$49.03,credit card,Upgrade 
Q1-TX-001749,742,14-03-2025,$127,PAYPAL,subscription
Q1-TX-001750,206,05 Feb 2025,$-277.65,PAYPAL, Refund 
Q1-TX-001751,1209,01/14/2025,USD 401.43, PayPal, Upgrade 
Q1-TX-001752,1123,2025-02-03,-379.82,PayPal,refund
Q1-TX-001753,910,2025-02-25,373.60,Debit Card,UPGRADE
Q1-TX-001754,1240,03/01/2025,,Debit Card,Refund
Q1-TX-001755,693,2025-01-19,278.39,PAYPAL,Upgrade 
Q1-TX-001756,317,02/12/2025,-125.61, PayPal, Refund
Q1-TX-001757,137,24 Mar 2025,374.77 USD,Credit Card,Upgrade 
Q1-TX-001758,884,2025-02-17,788.42, Credit Card, Add-on
Q1-TX-001759,1353,14 Feb 2025,$54,Bank Transfer, Add-on
Q1-TX-001760,757,"Mar 02, 2025",-109.65 USD,PayPal, Refund
Q1-TX-001761,553,12-02-2025,$-414.69, PayPal,Refund
Q1-TX-001762,1122,2025-01-11,-296.09,DEBIT CARD,refund
Q1-TX-001763,1424,22-02-2025,$341,CREDIT CARD,ADD-ON
Q1-TX-001764,470,03/24/2025,USD -58.79,Bank Transfer,REFUND
Q1-TX-001765,641,01/02/2025,USD 396.68,debit card, Subscription
Q1-TX-001766,768,01/03/2025,USD 279.19, PayPal ,Upgrade 
Q1-TX-001767,891,"Jan 09, 2025",66.26,Bank Transfer,add-on
Q1-TX-001768,464,"Feb 21, 2025",$-269.89,Debit Card , Refund 
Q1-TX-001769,1332,"Feb 02, 2025",234.80 USD,DEBIT CARD,Upgrade
Q1-TX-001770,1410,01/21/2025,99.48 USD, Bank Transfer ,Add-on
Q1-TX-001771,454,26 Mar 2025,142.74,paypal,SUBSCRIPTION
Q1-TX-001772,899,06-02-2025,$353,paypal,ADD-ON
Q1-TX-001773,813,2025-01-12,-202.85,debit card,Refund 
Q1-TX-001774,931,24/02/2025,-439.29, Debit Card , Refund 
Q1-TX-001775,925,2025-03-11,$-120,Debit Card, Refund 
Q1-TX-001776,25,"Jan 25, 2025",USD 235.85,paypal,upgrade
Q1-TX-001777,970,22/02/2025,-86.52 USD, Debit Card , Refund
Q1-TX-001778,457,05/03/2025,127.29 USD,PayPal , Upgrade 
Q1-TX-001779,691,01 Jan 2025,USD -462.68,Debit Card ,Refund
Q1-TX-001780,1166,03/13/2025,276.09, Debit Card,SUBSCRIPTION
Q1-TX-001781,789,03 Feb 2025,$-322,Debit Card, Refund 
Q1-TX-001782,212,21-03-2025,$181,PayPal,Subscription
Q1-TX-001783,1483,2025-03-20,$42,PAYPAL,UPGRADE
Q1-TX-001784,631,"Jan 06, 2025",407.61, Debit Card , Subscription 
Q1-TX-001785,891,07 Jan 2025,$216.85,debit card,upgrade
Q1-TX-001786,1311,2025-01-22,$-155.04, PayPal,Refund
Q1-TX-001787,1170,02/25/2025,-87.82 USD,bank transfer,refund
Q1-TX-001788,126,21 Mar 2025,77.34, Bank Transfer,Add-on
Q1-TX-001789,758,01/04/2025,$302.20, Debit Card,Subscription
Q1-TX-001790,1104,"Mar 02, 2025",USD 196.25,DEBIT CARD,Upgrade 
Q1-TX-001791,1208,"Jan 30, 2025",316.41 USD, Debit Card, Subscription 
Q1-TX-001792,851,02/08/2025,$459.47, Debit Card , Subscription
Q1-TX-001793,985,16/02/2025,$-257, Bank Transfer,REFUND
Q1-TX-001794,183,01/09/2025,-177.26,paypal,REFUND
Q1-TX-001795,1366,"Jan 09, 2025",$105.21,Credit Card ,Add-on
Q1-TX-001796,436,"Mar 22, 2025",$45.62,Bank Transfer,Add-on
Q1-TX-001797,534,2025-02-04,$199, Credit Card, Add-on
Q1-TX-001798,704,2025-03-14,, PayPal , Upgrade
Q1-TX-001799,100,23-03-2025,193.17, Debit Card ,Subscription 
Q1-TX-001800,432,29 Mar 2025,595.92 USD,Debit Card ,upgrade
Q1-TX-001801,411,"Jan 03, 2025",$-221.32, Debit Card,Refund 
Q1-TX-001802,319,"Feb 22, 2025",$-168.98, Credit Card,REFUND
Q1-TX-001803,318,"Jan 31, 2025",218.93 USD,PayPal , Add-on
Q1-TX-001804,828,30 Jan 2025,141.79 USD,Debit Card,SUBSCRIPTION
Q1-TX-001805,816,"Jan 17, 2025",-71.53 USD, Debit Card ,refund
Q1-TX-001806,1060,12 Feb 2025,310.23,Debit Card ,Add-on
Q1-TX-001807,643,02/06/2025,211.79,PAYPAL, Upgrade 
Q1-TX-001808,1387,"Feb 11, 2025",$62, PayPal ,Add-on 
Q1-TX-001809,410,13 Feb 2025,$268, Debit Card,UPGRADE
Q1-TX-001810,765,"Mar 23, 2025",-228.04 USD,Bank Transfer,Refund 
Q1-TX-001811,199,01/30/2025,$298,Bank Transfer ,add-on
Q1-TX-001812,800,16-03-2025,$83.92,BANK TRANSFER, Upgrade 
Q1-TX-001813,904,23 Mar 2025,$102,PayPal ,Upgrade
Q1-TX-001814,34,11-02-2025,USD 192.27, Credit Card,add-on
Q1-TX-001815,593,28-02-2025,202.50,PayPal ,Add-on
Q1-TX-001816,1075,"Feb 17, 2025",-197.92,bank transfer,Refund 
Q1-TX-001817,582,"Feb 12, 2025",216.62,debit card, Upgrade
Q1-TX-001818,183,"Mar 16, 2025",USD -137.77,credit card,refund
Q1-TX-001819,682,2025-03-11,$414,paypal,SUBSCRIPTION
Q1-TX-001820,341,01/03/2025,$284, Bank Transfer ,add-on
Q1-TX-001821,1033,22/03/2025,-235.61,Credit Card,Refund 
Q1-TX-001822,1344,01/08/2025,$163, PayPal, Upgrade 
Q1-TX-001823,486,"Feb 16, 2025",$-304, Bank Transfer,Refund 
Q1-TX-001824,1392,2025-02-14,USD 345.05,PAYPAL,UPGRADE
Q1-TX-001825,1342,03/25/2025,USD -353.92,PayPal ,refund
Q1-TX-001826,1094,02/03/2025,-88.31 USD,Debit Card ,Refund
Q1-TX-001827,557,31/01/2025,284.26,PayPal,SUBSCRIPTION
Q1-TX-001828,1263,22/01/2025,USD 61.88, Debit Card,Add-on 
Q1-TX-001829,1251,2025-02-03,$295.79, Credit Card, Add-on 
Q1-TX-001830,303,06 Jan 2025,276.29 USD,Debit Card ,Upgrade 
Q1-TX-001831,236,20 Mar 2025,USD 278.49,BANK TRANSFER, Upgrade
Q1-TX-001832,320,03/31/2025,-223.75 USD, PayPal ,REFUND
Q1-TX-001833,620,14 Jan 2025,-198.10,bank transfer, Refund 
Q1-TX-001834,1258,01/01/2025,$198, Bank Transfer ,SUBSCRIPTION
Q1-TX-001835,913,04 Jan 2025,USD 209.75, Debit Card ,ADD-ON
Q1-TX-001836,347,12 Jan 2025,242.63, Debit Card,add-on
Q1-TX-001837,314,03/12/2025,141.87 USD,credit card,Add-on
Q1-TX-001838,399,"Feb 22, 2025",$-206.78, Bank Transfer, Refund
Q1-TX-001839,1109,27 Feb 2025,-236.57 USD,Credit Card,Refund 
Q1-TX-001840,574,2025-01-27,486.61 USD,Credit Card,Add-on
Q1-TX-001841,1259,2025-01-26,445.47 USD,PAYPAL,ADD-ON
Q1-TX-001842,832,2025-03-18,$126,debit card,subscription
Q1-TX-001843,1340,28/01/2025,USD 211.87,credit card,add-on
Q1-TX-001844,1188,"Feb 22, 2025",-304.80 USD,PayPal , Refund 
Q1-TX-001845,795,14-03-2025,$35.12, PayPal, Subscription 
Q1-TX-001846,225,08 Mar 2025,USD 328.26, PayPal ,SUBSCRIPTION
Q1-TX-001847,1483,15/03/2025,$108,paypal,UPGRADE
Q1-TX-001848,1335,02/11/2025,-351.77,BANK TRANSFER, Refund 
Q1-TX-001849,760,"Feb 23, 2025",378.90 USD,BANK TRANSFER,Upgrade
Q1-TX-001850,340,08 Jan 2025,152.21,Debit Card ,Upgrade 
Q1-TX-001851,1441,28-02-2025,$-190.52,credit card,Refund
Q1-TX-001852,582,01/13/2025,431.81,Credit Card,ADD-ON
Q1-TX-001853,1088,"Mar 13, 2025",$-80.02,debit card, Refund
Q1-TX-001854,143,20 Feb 2025,-503.99, Bank Transfer ,Refund 
Q1-TX-001855,799,03/17/2025,$380, PayPal,Subscription 
Q1-TX-001856,130,29/01/2025,USD 263.15,Credit Card,SUBSCRIPTION
Q1-TX-001857,883,"Feb 28, 2025",USD 85.62,bank transfer,Subscription 
Q1-TX-001858,798,"Jan 12, 2025",94.51,DEBIT CARD, Add-on 
Q1-TX-001859,920,03/11/2025,$297, Debit Card ,add-on
Q1-TX-001860,677,01/12/2025,USD -204.29, Credit Card , Refund
Q1-TX-001861,14,10 Feb 2025,-245.15 USD,PAYPAL,REFUND
Q1-TX-001862,315,13-03-2025,219.22,credit card,Add-on
Q1-TX-001863,1253,25-03-2025,240.64,Credit Card , Add-on 
Q1-TX-001864,751,05 Jan 2025,653.92,credit card,subscription
Q1-TX-001865,348,07/02/2025,USD 50.30,CREDIT CARD,Subscription
Q1-TX-001866,508,28-03-2025,USD 230.58, Debit Card, Upgrade 
Q1-TX-001867,1499,29-03-2025,38.37, Debit Card,add-on
Q1-TX-001868,1483,2025-03-08,$-251.37,credit card,refund
Q1-TX-001869,811,05/01/2025,$-293.81, Debit Card , Refund
Q1-TX-001870,313,"Jan 15, 2025",$263.32, Bank Transfer ,UPGRADE
Q1-TX-001871,243,17-01-2025,207.51, Credit Card,add-on
Q1-TX-001872,696,18/03/2025,24.47, Bank Transfer,ADD-ON
Q1-TX-001873,606,"Feb 20, 2025",475.74 USD, PayPal, Upgrade
Q1-TX-001874,530,"Mar 09, 2025",24.25,paypal,upgrade
Q1-TX-001875,298,01/25/2025,$-446,Credit Card,Refund
Q1-TX-001876,1181,13/01/2025,$318, Debit Card , Subscription
Q1-TX-001877,1287,28 Mar 2025,199.89,debit card,subscription
Q1-TX-001878,126,24 Jan 2025,279.09, PayPal ,upgrade
Q1-TX-001879,1352,15/03/2025,263.13,Credit Card,add-on
Q1-TX-001880,716,03 Feb 2025,USD 64.14,Bank Transfer,Add-on
Q1-TX-001881,419,2025-02-03,USD 66.11, Debit Card , Add-on 
Q1-TX-001882,106,2025-03-22,607.35 USD,PayPal ,Upgrade
Q1-TX-001883,903,07/01/2025,-213.68,DEBIT CARD,REFUND
Q1-TX-001884,591,02/17/2025,USD 31.97,debit card,subscription
Q1-TX-001885,819,"Jan 02, 2025",$99, Bank Transfer, Upgrade 
Q1-TX-001886,1058,2025-02-14,USD 383.20,PayPal ,Upgrade 
Q1-TX-001887,1477,17 Mar 2025,73.52 USD,credit card,Subscription 
Q1-TX-001888,146,07/01/2025,289.46 USD,DEBIT CARD, Upgrade 
Q1-TX-001889,1486,2025-01-01,220.15,debit card,Subscription 
Q1-TX-001890,906,"Mar 21, 2025",, PayPal ,Upgrade
Q1-TX-001891,1388,03/11/2025,208.47,Bank Transfer, Subscription
Q1-TX-001892,197,13 Mar 2025,-236.15 USD,Credit Card ,REFUND
Q1-TX-001893,42,07 Mar 2025,$108.12, Credit Card , Add-on
Q1-TX-001894,68,24 Feb 2025,$621, Credit Card,upgrade
Q1-TX-001895,1280,28 Feb 2025,$34.41,bank transfer,SUBSCRIPTION
Q1-TX-001896,841,14/03/2025,$123.43,DEBIT CARD, Add-on
Q1-TX-001897,378,03/15/2025,-147.16 USD,Bank Transfer,refund
Q1-TX-001898,688,02/03/2025,253.82,Bank Transfer ,UPGRADE
Q1-TX-001899,188,23-01-2025,USD 334.23,debit card,upgrade
Q1-TX-001900,623,2025-03-31,379.96 USD,Debit Card , Upgrade 
Q1-TX-001901,390,16-02-2025,-428.30 USD,DEBIT CARD,Refund 
Q1-TX-001902,452,14/03/2025,195.90, Debit Card,Add-on 
Q1-TX-001903,1012,17-03-2025,USD -275.02,credit card, Refund
Q1-TX-001904,465,11-01-2025,$-148,DEBIT CARD,REFUND
Q1-TX-001905,659,08-01-2025,$528,DEBIT CARD, Upgrade 
Q1-TX-001906,286,"Jan 18, 2025",USD 257.26,PayPal,SUBSCRIPTION
Q1-TX-001907,167,26 Jan 2025,USD 141.13,PayPal,Subscription
Q1-TX-001908,729,01/19/2025,$152.37,Credit Card, Subscription
Q1-TX-001909,283,03/22/2025,USD 369.39, Debit Card, Upgrade 
Q1-TX-001910,1079,04-02-2025,341.17,PayPal ,SUBSCRIPTION
Q1-TX-001911,778,03/12/2025,USD 228.74, Credit Card,Subscription 
Q1-TX-001912,1357,11 Feb 2025,148.08,bank transfer,SUBSCRIPTION
Q1-TX-001913,1234,23-03-2025,$142,Bank Transfer ,add-on
Q1-TX-001914,308,03/28/2025,204.79,Credit Card,UPGRADE
Q1-TX-001915,1293,25-02-2025,157.62,PayPal,Upgrade 
Q1-TX-001916,938,28 Mar 2025,$363,Bank Transfer ,subscription
Q1-TX-001917,396,"Feb 10, 2025",$134.50, Credit Card, Add-on
Q1-TX-001918,364,"Feb 20, 2025",$257.76,DEBIT CARD,Subscription
Q1-TX-001919,1423,2025-01-29,$14,debit card, Upgrade 
Q1-TX-001920,1177,10/02/2025,$-110.61,PayPal ,REFUND
Q1-TX-001921,871,2025-03-20,295.97 USD,CREDIT CARD, Subscription 
Q1-TX-001922,693,22/01/2025,215.91,DEBIT CARD,Subscription
Q1-TX-001923,309,"Mar 20, 2025",$143.38,bank transfer,UPGRADE
Q1-TX-001924,174,"Mar 22, 2025",$-232.19,Debit Card , Refund
Q1-TX-001925,914,12/02/2025,212.87,debit card,upgrade
Q1-TX-001926,230,2025-01-23,$-66.94, PayPal,Refund
Q1-TX-001927,1415,01/26/2025,,PAYPAL, Subscription 
Q1-TX-001928,225,15 Jan 2025,$565.46,Credit Card ,Subscription
Q1-TX-001929,424,01 Jan 2025,282.02, Credit Card , Add-on 
Q1-TX-001930,1384,14 Mar 2025,$-386.13,debit card, Refund 
Q1-TX-001931,1116,"Mar 19, 2025",314.82 USD,paypal, Upgrade 
Q1-TX-001932,1001,03/16/2025,305.32,credit card,upgrade
Q1-TX-001933,110,04-01-2025,-320.80 USD,Credit Card , Refund
Q1-TX-001934,663,09 Jan 2025,-598.88,debit card,Refund 
Q1-TX-001935,1238,28-01-2025,-41.14, Bank Transfer, Refund
Q1-TX-001936,809,29/01/2025,USD -133.36,debit card,refund
Q1-TX-001937,953,12/02/2025,USD 82.86,Bank Transfer,Add-on
Q1-TX-001938,740,"Mar 09, 2025",,Credit Card,Subscription 
Q1-TX-001939,852,29 Mar 2025,USD 330.36,Debit Card,ADD-ON
Q1-TX-001940,396,02/17/2025,$191.33,PAYPAL, Add-on 
Q1-TX-001941,123,15-03-2025,132.82, Debit Card,Upgrade 
Q1-TX-001942,1041,03/08/2025,-173.10 USD,DEBIT CARD, Refund 
Q1-TX-001943,1384,13 Mar 2025,401.17, Debit Card ,add-on
Q1-TX-001944,546,"Jan 26, 2025",220.16,paypal, Add-on
Q1-TX-001945,794,2025-03-11,$-69,Debit Card,REFUND
Q1-TX-001946,1075,2025-03-03,$260.70,credit card,SUBSCRIPTION
Q1-TX-001947,294,"Jan 26, 2025",372.36,DEBIT CARD,add-on
Q1-TX-001948,240,"Jan 13, 2025",USD 271.79,Bank Transfer,Upgrade 
Q1-TX-001949,1345,20-01-2025,321.90,PayPal,Subscription
Q1-TX-001950,1205,"Jan 07, 2025",231.79,Debit Card , Subscription
Q1-TX-001951,1250,"Jan 21, 2025",100.68,Debit Card , Subscription 
Q1-TX-001952,204,2025-01-15,221.52 USD,bank transfer,Subscription
Q1-TX-001953,984,03-02-2025,$89, Debit Card ,add-on
Q1-TX-001954,255,18-03-2025,-361.97,Debit Card , Refund 
Q1-TX-001955,1276,20-03-2025,265.54, PayPal , Subscription 
Q1-TX-001956,740,2025-01-19,324.47 USD,credit card, Upgrade 
Q1-TX-001957,1337,21 Mar 2025,$661.37,paypal,Upgrade 
Q1-TX-001958,609,"Jan 21, 2025",308.66,debit card,subscription
Q1-TX-001959,825,2025-01-12,$182.69,debit card,Subscription
Q1-TX-001960,1107,2025-02-16,349.21, Debit Card , Add-on 
Q1-TX-001961,900016,"Mar 17, 2025",525.33,debit card,Subscription 
Q1-TX-001962,700,2025-01-26,-121.69,CREDIT CARD,Refund 
Q1-TX-001963,1184,2025-03-22,-566.87 USD, Credit Card,REFUND
Q1-TX-001964,1109,31/03/2025,$141.79,credit card,UPGRADE
Q1-TX-001965,1290,21-03-2025,$147.48, PayPal,SUBSCRIPTION
Q1-TX-001966,662,"Mar 04, 2025",543.02, PayPal ,Subscription 
Q1-TX-001967,929,"Jan 22, 2025",273.83 USD,Bank Transfer,Add-on
Q1-TX-001968,1236,22 Feb 2025,458.74 USD, PayPal , Upgrade
Q1-TX-001969,1158,2025-01-13,249.36, PayPal, Add-on
Q1-TX-001970,144,24-03-2025,-183.27 USD, Bank Transfer,refund
Q1-TX-001971,730,18-02-2025,$-168, Credit Card,REFUND
Q1-TX-001972,768,"Feb 28, 2025",$185.53,PayPal , Add-on 
Q1-TX-001973,95,17 Jan 2025,USD 211.23, PayPal , Add-on 
Q1-TX-001974,169,"Jan 13, 2025",USD 534.15,paypal, Subscription 
Q1-TX-001975,309,01-03-2025,616.90,Credit Card ,Subscription
Q1-TX-001976,347,16-02-2025,-155.29, PayPal , Refund 
Q1-TX-001977,892,01/13/2025,USD 289.14, PayPal ,UPGRADE
Q1-TX-001978,420,01/27/2025,204.25, Bank Transfer ,Add-on
Q1-TX-001979,1446,01/05/2025,USD -77.68,Debit Card,REFUND
Q1-TX-001980,472,03/06/2025,$396,CREDIT CARD,Add-on 
Q1-TX-001981,603,09/01/2025,591.81,DEBIT CARD, Upgrade 
Q1-TX-001982,90,28-03-2025,181.84,paypal, Subscription
Q1-TX-001983,1414,05/03/2025,$105.16,credit card,Subscription
Q1-TX-001984,624,24/03/2025,USD -268.44,PayPal,Refund
Q1-TX-001985,1257,13 Feb 2025,$-115.74, Credit Card,Refund
Q1-TX-001986,758,02/21/2025,89.61,Credit Card, Add-on 
Q1-TX-001987,145,23-01-2025,75.75 USD,Bank Transfer, Add-on 
Q1-TX-001988,61,04 Mar 2025,461.56 USD, PayPal,Add-on 
Q1-TX-001989,249,29-01-2025,$209,bank transfer,subscription
Q1-TX-001990,1154,16/02/2025,USD 284.50,PayPal,Upgrade 
Q1-TX-001991,332,01/08/2025,$284.18, Credit Card,upgrade
Q1-TX-001992,273,2025-03-29,$215,Debit Card , Subscription 
Q1-TX-001993,1323,11/02/2025,277.13,credit card,Add-on
Q1-TX-001994,665,03/17/2025,218.37, Bank Transfer , Add-on
Q1-TX-001995,597,26/01/2025,USD 158.18,PayPal, Subscription 
Q1-TX-001996,58,24-02-2025,69.54,bank transfer, Upgrade
Q1-TX-001997,275,12 Feb 2025,$490.13, Debit Card ,Upgrade
Q1-TX-001998,247,"Jan 25, 2025",102.16 USD,Debit Card,add-on
Q1-TX-001999,1356,01/29/2025,-252.43,credit card,Refund
Q1-TX-002000,485,2025-02-07,$109.94,Bank Transfer , Add-on
Q1-TX-002001,1138,08 Feb 2025,-151.60,DEBIT CARD,refund
Q1-TX-002002,438,20/03/2025,348.69,CREDIT CARD,SUBSCRIPTION
Q1-TX-002003,1229,13/02/2025,66.81,Bank Transfer,Subscription 
Q1-TX-002004,714,2025-01-30,91.43 USD, Credit Card ,Add-on 
Q1-TX-002005,96,"Feb 11, 2025",-287.74, PayPal,refund
Q1-TX-002006,908,02/18/2025,107.05 USD,PAYPAL,Upgrade 
Q1-TX-002007,1181,10-02-2025,115.51 USD,Bank Transfer,upgrade
Q1-TX-002008,1395,16 Mar 2025,86.78, Bank Transfer,Upgrade
Q1-TX-002009,539,22-03-2025,,bank transfer,Refund 
Q1-TX-002010,1402,"Feb 21, 2025",248.82,paypal,UPGRADE
Q1-TX-002011,186,2025-03-03,-248.00,PAYPAL,refund
Q1-TX-002012,488,03/07/2025,$212.07,Debit Card ,Upgrade 
Q1-TX-002013,605,03 Mar 2025,259.38,Debit Card , Add-on 
Q1-TX-002014,919,02/28/2025,$410,Credit Card , Subscription 
Q1-TX-002015,325,"Feb 11, 2025",$92, Credit Card,Add-on
Q1-TX-002016,1444,03/04/2025,-307.73 USD,PayPal, Refund
Q1-TX-002017,1208,2025-03-23,$260.81, Debit Card, Subscription 
Q1-TX-002018,1374,03/11/2025,$-63,DEBIT CARD, Refund 
Q1-TX-002019,1070,18 Feb 2025,$226,Bank Transfer ,add-on
Q1-TX-002020,1014,01/10/2025,$574, Bank Transfer,Add-on
Q1-TX-002021,1180,"Feb 02, 2025",USD 209.30, PayPal,SUBSCRIPTION
Q1-TX-002022,816,"Mar 23, 2025",USD 226.54,credit card, Upgrade 
Q1-TX-002023,674,17/02/2025,55.61, Credit Card,Add-on
Q1-TX-002024,579,2025-01-19,$109.80,Debit Card , Add-on 
Q1-TX-002025,1162,"Feb 17, 2025",USD 158.07,PAYPAL,add-on
Q1-TX-002026,350,03/03/2025,$533.39,CREDIT CARD,subscription
Q1-TX-002027,747,"Mar 06, 2025",121.84,paypal,Upgrade
Q1-TX-002028,903,01/07/2025,$142.71,debit card, Upgrade
Q1-TX-002029,986,10-01-2025,$119,Credit Card , Add-on
Q1-TX-002030,1430,2025-01-02,$110.91,Bank Transfer ,Upgrade
Q1-TX-002031,107,01/24/2025,-167.49,paypal,Refund
Q1-TX-002032,270,30 Mar 2025,273.63, PayPal, Subscription 
Q1-TX-002033,809,31/03/2025,210.16 USD,Debit Card,Upgrade 
Q1-TX-002034,894,05 Feb 2025,$-91.57,Debit Card , Refund 
Q1-TX-002035,210,31 Jan 2025,USD -605.36,PayPal,Refund 
Q1-TX-002036,1490,29 Jan 2025,304.40 USD,Bank Transfer,add-on
Q1-TX-002037,250,2025-02-26,522.47,PayPal ,Upgrade
Q1-TX-002038,1061,2025-02-12,USD 210.35,Bank Transfer , Subscription 
Q1-TX-002039,969,25-02-2025,$179.75, PayPal,Upgrade
Q1-TX-002040,241,2025-01-04,$290.52,Bank Transfer ,Upgrade
Q1-TX-002041,797,16 Mar 2025,534.22 USD, Debit Card,UPGRADE
Q1-TX-002042,584,23/02/2025,$729,Bank Transfer,subscription
Q1-TX-002043,461,10-03-2025,164.14, Credit Card, Add-on
Q1-TX-002044,557,10-02-2025,402.76 USD,PAYPAL,upgrade
Q1-TX-002045,606,25 Mar 2025,$371.75, Credit Card ,SUBSCRIPTION
Q1-TX-002046,218,"Mar 30, 2025",$-251,PayPal,refund
Q1-TX-002047,69,2025-03-30,"$1,103.78", PayPal,SUBSCRIPTION
Q1-TX-002048,1354,03/05/2025,184.71, Credit Card ,Subscription 
Q1-TX-002049,1296,09 Mar 2025,168.17,Debit Card, Add-on
Q1-TX-002050,763,01/24/2025,333.80, Debit Card ,SUBSCRIPTION
Q1-TX-002051,819,2025-03-03,$-115, Bank Transfer, Refund 
Q1-TX-002052,1034,07-02-2025,365.98,PAYPAL,Upgrade
Q1-TX-002053,662,2025-01-22,$154,Credit Card ,ADD-ON
Q1-TX-002054,1339,31/01/2025,105.68,PayPal , Subscription 
Q1-TX-002055,214,01/26/2025,$284.45,Credit Card,Subscription 
Q1-TX-002056,954,"Mar 30, 2025",189.45 USD, Bank Transfer , Add-on 
Q1-TX-002057,831,01/12/2025,USD -515.75,PayPal, Refund 
Q1-TX-002058,931,03 Feb 2025,187.31 USD,CREDIT CARD,UPGRADE
Q1-TX-002059,1209,06 Jan 2025,192.49,Credit Card,Upgrade
Q1-TX-002060,156,"Feb 22, 2025",,Bank Transfer, Upgrade
Q1-TX-002061,1485,02/02/2025,$333.59,debit card,UPGRADE
Q1-TX-002062,805,26/03/2025,$265.65, PayPal , Add-on 
Q1-TX-002063,1181,01/17/2025,155.71,credit card, Add-on 
Q1-TX-002064,1362,10 Jan 2025,USD 67.33, Bank Transfer, Add-on 
Q1-TX-002065,1448,31-03-2025,$268.92,debit card,Subscription
Q1-TX-002066,176,03/27/2025,75.61,Credit Card,upgrade
Q1-TX-002067,968,17-03-2025,151.16,BANK TRANSFER, Add-on
Q1-TX-002068,139,21 Feb 2025,USD 100.70, Credit Card ,UPGRADE
Q1-TX-002069,887,"Jan 21, 2025",$67.29, Credit Card , Subscription
Q1-TX-002070,212,17/03/2025,$-317,debit card, Refund 
Q1-TX-002071,461,03/25/2025,194.94, Credit Card ,Add-on
Q1-TX-002072,469,01/03/2025,61.51, Debit Card ,Upgrade
Q1-TX-002073,1479,05/02/2025,USD -152.23,credit card,refund
Q1-TX-002074,1329,08/03/2025,$326, PayPal,subscription
Q1-TX-002075,1143,14-03-2025,13.76,paypal,subscription
Q1-TX-002076,103,"Mar 25, 2025",USD 232.81, Credit Card ,SUBSCRIPTION
Q1-TX-002077,1219,03/02/2025,$23.73,Debit Card , Subscription 
Q1-TX-002078,989,04/02/2025,USD 169.33,CREDIT CARD,Upgrade 
Q1-TX-002079,493,02/06/2025,-256.56, PayPal, Refund
Q1-TX-002080,321,01/12/2025,344.34, Debit Card ,add-on
Q1-TX-002081,1013,30/01/2025,351.62,PayPal,subscription
Q1-TX-002082,1165,13-02-2025,-364.16, Credit Card ,REFUND
Q1-TX-002083,801,2025-02-20,287.24, PayPal , Add-on
Q1-TX-002084,644,23/02/2025,518.30 USD, PayPal ,Subscription
Q1-TX-002085,1476,2025-01-27,$296.17,PayPal , Upgrade
Q1-TX-002086,995,01/15/2025,94.83, PayPal ,ADD-ON
Q1-TX-002087,1322,2025-01-17,$127, Bank Transfer, Subscription 
Q1-TX-002088,1199,"Mar 29, 2025",USD 91.84,PayPal,Upgrade
Q1-TX-002089,258,07/01/2025,USD -193.36,Debit Card, Refund 
Q1-TX-002090,586,"Jan 11, 2025",$-163,Debit Card , Refund 
Q1-TX-002091,463,19 Mar 2025,90.44,paypal,Upgrade
Q1-TX-002092,431,01/24/2025,177.73 USD,DEBIT CARD, Add-on 
Q1-TX-002093,356,06 Feb 2025,222.87,DEBIT CARD, Subscription 
Q1-TX-002094,1012,02/23/2025,$182.36,Debit Card ,Subscription 
Q1-TX-002095,471,01/11/2025,580.69,Bank Transfer,Subscription 
Q1-TX-002096,754,12/03/2025,$38,PayPal, Add-on 
Q1-TX-002097,702,25 Mar 2025,$-167.88, Credit Card ,Refund 
Q1-TX-002098,1295,2025-02-12,-324.88, Credit Card ,Refund
Q1-TX-002099,1279,03/17/2025,215.15 USD,Bank Transfer ,upgrade
Q1-TX-002100,164,09/03/2025,-186.06,bank transfer,Refund 
Q1-TX-002101,1356,"Jan 15, 2025",78.00 USD, Debit Card,ADD-ON
Q1-TX-002102,1270,01/30/2025,408.39,BANK TRANSFER, Add-on
Q1-TX-002103,1441,15-02-2025,USD 74.89,PayPal, Upgrade 
Q1-TX-002104,433,"Mar 22, 2025",USD 279.06,Debit Card , Upgrade
Q1-TX-002105,23,01/01/2025,$221.78,BANK TRANSFER, Upgrade 
Q1-TX-002106,107,2025-03-09,USD 461.74, Credit Card , Upgrade
Q1-TX-002107,461,2025-02-07,-116.68 USD, Credit Card ,refund
Q1-TX-002108,1342,10/03/2025,USD 237.82,Credit Card, Upgrade 
Q1-TX-002109,1325,20-03-2025,$125,PayPal ,SUBSCRIPTION
Q1-TX-002110,1307,01/15/2025,USD 259.30,Credit Card ,upgrade
Q1-TX-002111,1071,"Mar 23, 2025",$149.90, Credit Card ,Subscription
Q1-TX-002112,502,16/03/2025,265.24,PayPal,Subscription
Q1-TX-002113,1420,01/20/2025,220.93, PayPal, Subscription 
Q1-TX-002114,489,02 Jan 2025,USD 110.46,Credit Card ,SUBSCRIPTION
Q1-TX-002115,351,01/10/2025,USD 110.37,CREDIT CARD,upgrade
Q1-TX-002116,529,04-01-2025,182.02,BANK TRANSFER,UPGRADE
Q1-TX-002117,579,04/01/2025,USD 504.72,Debit Card,UPGRADE
Q1-TX-002118,69,14/01/2025,290.65,Bank Transfer,Subscription 
Q1-TX-002119,100,02/24/2025,USD 145.81,Bank Transfer,subscription
Q1-TX-002120,549,"Feb 19, 2025",-384.82,BANK TRANSFER, Refund 
Q1-TX-002121,1485,29-01-2025,$-264.29,Credit Card ,refund
Q1-TX-002122,586,02/16/2025,336.20 USD,Debit Card , Add-on 
Q1-TX-002123,551,"Mar 23, 2025",$171, Credit Card , Subscription 
Q1-TX-002124,193,01/27/2025,318.20,Credit Card ,add-on
Q1-TX-002125,359,17-03-2025,$306, Bank Transfer, Subscription 
Q1-TX-002126,1293,15-01-2025,$-217.06,Credit Card,Refund
Q1-TX-002127,158,"Feb 27, 2025",126.60 USD,Credit Card ,Add-on
Q1-TX-002128,1189,"Feb 04, 2025",257.78, PayPal , Upgrade
Q1-TX-002129,893,"Jan 16, 2025",-284.99 USD,bank transfer,Refund
Q1-TX-002130,292,03/03/2025,$36.79, PayPal ,ADD-ON
Q1-TX-002131,853,27 Mar 2025,$270.27,PAYPAL,Upgrade 
Q1-TX-002132,833,25/02/2025,USD -397.26, Bank Transfer,refund
Q1-TX-002133,293,09/02/2025,-345.26 USD, Credit Card,Refund 
Q1-TX-002134,201,"Jan 22, 2025",114.99,bank transfer,add-on
Q1-TX-002135,68,"Jan 18, 2025",188.87 USD,bank transfer,add-on
Q1-TX-002136,431,16/02/2025,65.03 USD,DEBIT CARD, Subscription
Q1-TX-002137,1108,2025-02-05,288.51,paypal,Subscription
Q1-TX-002138,926,2025-03-18,,Debit Card ,Upgrade 
Q1-TX-002139,1400,2025-01-11,$481,debit card,Subscription 
Q1-TX-002140,274,"Jan 24, 2025",$285, Credit Card,add-on
Q1-TX-002141,1002,15-03-2025,-113.29 USD, PayPal ,refund
Q1-TX-002142,1312,03/25/2025,$253.40,credit card, Upgrade
Q1-TX-002143,493,2025-03-06,94.62,bank transfer,Upgrade
Q1-TX-002144,150,"Jan 12, 2025",$-121,Credit Card, Refund
Q1-TX-002145,1430,11-02-2025,USD 313.73,BANK TRANSFER,Subscription 
Q1-TX-002146,615,2025-01-06,-79.88, Bank Transfer ,Refund 
Q1-TX-002147,465,2025-01-23,-372.04,Bank Transfer ,refund
Q1-TX-002148,259,15-01-2025,$175.59,PayPal,Add-on 
Q1-TX-002149,1208,"Jan 13, 2025",158.28,Debit Card ,UPGRADE
Q1-TX-002150,74,12 Mar 2025,$260.16, Debit Card,Subscription 
Q1-TX-002151,420,"Jan 03, 2025",-55.50, Debit Card ,refund
Q1-TX-002152,342,29-01-2025,USD 150.28,Debit Card ,SUBSCRIPTION
Q1-TX-002153,816,07 Jan 2025,$144,debit card, Subscription 
Q1-TX-002154,1102,02/27/2025,147.10,credit card, Add-on
Q1-TX-002155,844,19/02/2025,$530,debit card,UPGRADE
Q1-TX-002156,804,06/02/2025,$-422.28,PayPal,Refund
Q1-TX-002157,205,28-03-2025,$219,Bank Transfer , Upgrade 
Q1-TX-002158,274,02-01-2025,USD 479.72,credit card,SUBSCRIPTION
Q1-TX-002159,551,"Jan 28, 2025",97.33,CREDIT CARD,Upgrade 
Q1-TX-002160,523,17-03-2025,$117.44, PayPal , Subscription
Q1-TX-002161,774,02/17/2025,$110,paypal, Subscription 
Q1-TX-002162,194,05 Mar 2025,-462.77 USD, Bank Transfer,Refund 
Q1-TX-002163,176,24 Jan 2025,$-303,paypal,Refund 
Q1-TX-002164,153,2025-02-06,USD 214.52,Debit Card , Subscription
Q1-TX-002165,1158,02/19/2025,$111, Bank Transfer ,Subscription
Q1-TX-002166,613,2025-02-25,181.81, Credit Card ,Subscription 
Q1-TX-002167,1004,22-01-2025,197.25 USD, Debit Card,upgrade
Q1-TX-002168,1309,06/02/2025,$185.62,CREDIT CARD, Add-on
Q1-TX-002169,252,06 Jan 2025,$367, Bank Transfer ,Upgrade
Q1-TX-002170,1484,18 Feb 2025,429.27,bank transfer,add-on
Q1-TX-002171,382,02/11/2025,106.95, Debit Card ,Add-on
Q1-TX-002172,1443,03/12/2025,$267.24,bank transfer, Add-on
Q1-TX-002173,142,26 Jan 2025,-399.28 USD, Bank Transfer,Refund 
Q1-TX-002174,202,2025-03-11,USD 70.89, Bank Transfer, Subscription 
Q1-TX-002175,486,2025-02-07,$96,PAYPAL, Add-on 
Q1-TX-002176,124,2025-02-23,-105.58,credit card,REFUND
Q1-TX-002177,446,22/03/2025,$164.66,credit card, Add-on
Q1-TX-002178,712,2025-02-07,, Bank Transfer, Subscription
Q1-TX-002179,876,"Feb 16, 2025",$-126.13,PayPal,Refund
Q1-TX-002180,1042,29/01/2025,180.09,paypal,Add-on 
Q1-TX-002181,783,07 Mar 2025,$367,Debit Card,Upgrade 
Q1-TX-002182,1283,25/03/2025,396.31,BANK TRANSFER,Add-on 
Q1-TX-002183,1040,2025-02-26,339.39 USD,debit card,upgrade
Q1-TX-002184,956,"Feb 26, 2025",-119.73 USD, Debit Card ,Refund 
Q1-TX-002185,527,2025-01-06,282.03 USD,PayPal, Add-on
Q1-TX-002186,880,17/03/2025,170.15 USD, PayPal , Add-on
Q1-TX-002187,839,"Mar 22, 2025",$75.11,Bank Transfer, Upgrade
Q1-TX-002188,635,01/29/2025,USD 128.13,credit card,Subscription
Q1-TX-002189,611,07-02-2025,-306.44 USD,bank transfer,REFUND
Q1-TX-002190,392,21 Feb 2025,-296.96 USD, Credit Card,Refund
Q1-TX-002191,1061,2025-01-27,40.40, PayPal, Subscription 
Q1-TX-002192,204,2025-03-26,190.59 USD,paypal, Add-on
Q1-TX-002193,1240,04-02-2025,USD 217.70,Bank Transfer,Add-on
Q1-TX-002194,187,09 Feb 2025,$198, Credit Card ,Upgrade 
Q1-TX-002195,1301,2025-02-26,637.74, PayPal,subscription
Q1-TX-002196,552,2025-02-16,$-112.56,credit card,refund
Q1-TX-002197,477,24 Feb 2025,$230.79,Credit Card,Upgrade 
Q1-TX-002198,1277,22/01/2025,$398,PayPal,Subscription
Q1-TX-002199,50,"Feb 15, 2025",89.29,Debit Card ,Add-on
Q1-TX-002200,1440,06 Mar 2025,-199.48, Bank Transfer,refund
Q1-TX-002201,441,23/02/2025,367.43 USD, Credit Card,Subscription 
Q1-TX-002202,1384,"Jan 24, 2025",$166.88,debit card,Subscription
Q1-TX-002203,1475,2025-03-02,$234.98, PayPal,Upgrade
Q1-TX-002204,896,31/01/2025,USD 144.91,bank transfer,Add-on 
Q1-TX-002205,452,05-02-2025,249.92,bank transfer, Add-on 
Q1-TX-002206,218,2025-01-08,195.80 USD,Debit Card ,Add-on
Q1-TX-002207,67,29 Jan 2025,125.02, Debit Card ,Upgrade 
Q1-TX-002208,37,"Feb 15, 2025",141.52, PayPal ,subscription
Q1-TX-002209,214,27-01-2025,$154, Credit Card ,Add-on
Q1-TX-002210,158,03/02/2025,USD 333.68,paypal,Upgrade 
Q1-TX-002211,1234,"Mar 06, 2025",242.24 USD,DEBIT CARD, Subscription 
Q1-TX-002212,1073,17/01/2025,277.50,PAYPAL,ADD-ON
Q1-TX-002213,391,"Mar 26, 2025",USD -162.08, Debit Card, Refund 
Q1-TX-002214,772,01/13/2025,$35.57,Credit Card,Add-on
Q1-TX-002215,1490,08/03/2025,246.39, Debit Card, Subscription 
Q1-TX-002216,679,20/01/2025,334.91,Credit Card ,subscription
Q1-TX-002217,731,10/03/2025,261.52, Bank Transfer,Upgrade
Q1-TX-002218,1350,27/02/2025,$124, Debit Card ,Subscription 
Q1-TX-002219,1002,30/03/2025,-142.15,Debit Card,REFUND
Q1-TX-002220,660,11-01-2025,,Bank Transfer , Upgrade
Q1-TX-002221,1218,"Mar 08, 2025",142.66 USD, Bank Transfer,subscription
Q1-TX-002222,1353,15/02/2025,,Credit Card,Refund 
Q1-TX-002223,243,20/01/2025,151.91 USD, Credit Card ,Add-on 
Q1-TX-002224,872,20 Feb 2025,129.10 USD, PayPal,UPGRADE
Q1-TX-002225,994,28-01-2025,170.52,paypal, Add-on 
Q1-TX-002226,425,02/19/2025,186.51 USD, Bank Transfer ,upgrade
Q1-TX-002227,870,10 Mar 2025,$-272.59,DEBIT CARD, Refund
Q1-TX-002228,319,02/13/2025,USD 216.43, Bank Transfer,upgrade
Q1-TX-002229,590,2025-03-13,91.19, PayPal,UPGRADE
Q1-TX-002230,1312,01/24/2025,$170.05,Bank Transfer ,add-on
Q1-TX-002231,811,29 Mar 2025,61.51 USD, PayPal,Subscription
Q1-TX-002232,1265,2025-02-19,$-261.36,bank transfer,Refund 
Q1-TX-002233,996,"Feb 11, 2025",$360,debit card, Add-on 
Q1-TX-002234,1461,20-01-2025,218.46 USD,paypal,Subscription
Q1-TX-002235,1453,10/03/2025,204.27,Bank Transfer ,Subscription 
Q1-TX-002236,179,03/13/2025,-501.40 USD,Credit Card ,refund
Q1-TX-002237,536,30-01-2025,-402.86,Debit Card,REFUND
Q1-TX-002238,1134,"Mar 30, 2025",294.27,bank transfer,add-on
Q1-TX-002239,1479,11 Mar 2025,175.04 USD, Bank Transfer,Add-on 
Q1-TX-002240,931,31 Mar 2025,$70.53, Bank Transfer ,ADD-ON
Q1-TX-002241,1245,15-01-2025,$370.92,BANK TRANSFER,Add-on
Q1-TX-002242,719,29/01/2025,$298.31, Bank Transfer ,ADD-ON
Q1-TX-002243,490,24 Mar 2025,649.33, Debit Card, Upgrade 
Q1-TX-002244,302,17-02-2025,USD -336.31,PAYPAL, Refund
Q1-TX-002245,736,"Jan 22, 2025",-110.71,debit card, Refund 
Q1-TX-002246,1350,2025-02-12,$-212,Credit Card,Refund 
Q1-TX-002247,1135,"Feb 11, 2025",$-215.60,CREDIT CARD,REFUND
Q1-TX-002248,564,2025-03-17,$125,Debit Card, Upgrade
Q1-TX-002249,591,03/27/2025,-365.11 USD,PayPal ,Refund
Q1-TX-002250,663,"Mar 02, 2025",-286.49 USD, Bank Transfer ,REFUND
Q1-TX-002251,959,10 Mar 2025,-206.60,BANK TRANSFER, Refund 
Q1-TX-002252,118,10-03-2025,262.14,CREDIT CARD,ADD-ON
Q1-TX-002253,1390,"Feb 25, 2025",287.13,Bank Transfer ,Add-on 
Q1-TX-002254,1122,20 Jan 2025,932.49,Credit Card, Add-on
Q1-TX-002255,1357,11/01/2025,142.76,paypal, Add-on
Q1-TX-002256,213,19 Feb 2025,-101.66 USD,Credit Card, Refund 
Q1-TX-002257,40,"Feb 26, 2025",58.84,PAYPAL,Subscription
Q1-TX-002258,769,05 Mar 2025,107.02,paypal,ADD-ON
Q1-TX-002259,340,"Feb 19, 2025",-54.05, PayPal ,refund
Q1-TX-002260,451,2025-01-01,524.87,credit card,add-on
Q1-TX-002261,1026,05-03-2025,299.40 USD, Bank Transfer , Subscription 
Q1-TX-002262,814,08/02/2025,-326.35 USD,PayPal,Refund 
Q1-TX-002263,237,03/07/2025,$-444,PAYPAL,Refund
Q1-TX-002264,387,02/03/2025,283.63 USD,Bank Transfer , Subscription 
Q1-TX-002265,263,01/03/2025,539.38,Debit Card , Add-on
Q1-TX-002266,167,02/17/2025,$468, Credit Card , Upgrade
Q1-TX-002267,972,01/07/2025,USD -320.51, Debit Card ,REFUND
Q1-TX-002268,795,05 Jan 2025,$605.28,PAYPAL,upgrade
Q1-TX-002269,179,"Jan 05, 2025",356.01,credit card,SUBSCRIPTION
Q1-TX-002270,446,19-02-2025,229.81, Credit Card, Upgrade 
Q1-TX-002271,423,27-01-2025,$-405.47, Bank Transfer,REFUND
Q1-TX-002272,902,02-03-2025,223.01,credit card,Subscription
Q1-TX-002273,1439,01/06/2025,$253.93,Credit Card, Subscription 
Q1-TX-002274,1473,22-01-2025,-195.64,credit card,Refund 
Q1-TX-002275,294,"Feb 21, 2025",-264.76 USD, PayPal , Refund 
Q1-TX-002276,702,02/15/2025,$-321,credit card,Refund 
Q1-TX-002277,1467,02/04/2025,$74.00, Bank Transfer,add-on
Q1-TX-002278,10,17 Feb 2025,315.10,Debit Card , Upgrade
Q1-TX-002279,150,2025-01-29,$333.88,debit card, Add-on 
Q1-TX-002280,1215,02/09/2025,167.27,Bank Transfer, Upgrade 
Q1-TX-002281,234,12/01/2025,$-204,PayPal , Refund
Q1-TX-002282,1031,28 Jan 2025,198.34, PayPal ,SUBSCRIPTION
Q1-TX-002283,1271,"Mar 15, 2025",367.42 USD,credit card,upgrade
Q1-TX-002284,880,08 Mar 2025,$362.78, PayPal ,subscription
Q1-TX-002285,1164,01/27/2025,USD 265.40,Credit Card ,UPGRADE
Q1-TX-002286,1436,2025-02-19,758.02,Bank Transfer,Subscription 
Q1-TX-002287,1471,14-01-2025,USD 84.51,DEBIT CARD,Add-on
Q1-TX-002288,223,"Feb 04, 2025",$130.37,Bank Transfer, Subscription
Q1-TX-002289,240,08/03/2025,297.87,paypal, Upgrade 
Q1-TX-002290,839,"Jan 26, 2025",-75.11,PayPal ,refund
Q1-TX-002291,255,22 Feb 2025,494.85,Debit Card ,Upgrade
Q1-TX-002292,1332,12/03/2025,$182, Credit Card ,Upgrade
Q1-TX-002293,321,15/02/2025,$523,PAYPAL,Upgrade
Q1-TX-002294,859,21/01/2025,333.48, Bank Transfer, Add-on
Q1-TX-002295,857,2025-01-19,$-426, Bank Transfer ,Refund
Q1-TX-002296,1431,2025-03-23,, Debit Card ,refund
Q1-TX-002297,198,28-02-2025,$424.27,DEBIT CARD,Subscription
Q1-TX-002298,1417,01 Feb 2025,496.90 USD,Debit Card,Add-on
Q1-TX-002299,1042,2025-03-09,,PAYPAL,Refund
Q1-TX-002300,224,29-03-2025,-265.34 USD,PAYPAL, Refund
Q1-TX-002301,1094,2025-02-13,$266.81,PayPal ,Add-on
Q1-TX-002302,1018,04/02/2025,-146.49,Credit Card ,Refund 
Q1-TX-002303,159,23-02-2025,$254.06,debit card,subscription
Q1-TX-002304,76,"Jan 27, 2025",$-242,bank transfer, Refund 
Q1-TX-002305,237,06 Jan 2025,382.38, Credit Card ,Subscription
Q1-TX-002306,182,2025-01-12,$-252,credit card, Refund 
Q1-TX-002307,816,2025-02-23,$-411,Credit Card ,refund
Q1-TX-002308,1361,2025-03-09,$616.15,PayPal,Upgrade 
Q1-TX-002309,29,27 Jan 2025,186.22 USD, Bank Transfer,SUBSCRIPTION
Q1-TX-002310,439,2025-01-15,254.43, Debit Card,Upgrade
Q1-TX-002311,480,2025-03-04,$163.57,PayPal , Upgrade
Q1-TX-002312,1257,2025-03-22,138.07 USD, Credit Card ,Upgrade
Q1-TX-002313,786,29/01/2025,$204.43, Bank Transfer ,Subscription
Q1-TX-002314,421,2025-03-06,, PayPal,REFUND
Q1-TX-002315,1152,"Mar 27, 2025",341.01,Debit Card ,add-on
Q1-TX-002316,77,05-02-2025,$351,Bank Transfer , Add-on
Q1-TX-002317,1426,27 Mar 2025,$321,PayPal,Subscription 
Q1-TX-002318,161,"Jan 20, 2025",USD 145.01, PayPal, Upgrade 
Q1-TX-002319,387,01/27/2025,$134, Bank Transfer ,Subscription
Q1-TX-002320,318,29/03/2025,148.53, Credit Card, Subscription
Q1-TX-002321,452,05/01/2025,$34, Debit Card ,Upgrade 
Q1-TX-002322,1432,03/29/2025,USD 357.27,Debit Card,SUBSCRIPTION
Q1-TX-002323,409,23 Feb 2025,$456.20,paypal,ADD-ON
Q1-TX-002324,996,10-01-2025,478.68,Credit Card,ADD-ON
Q1-TX-002325,253,28-03-2025,$183,PayPal, Add-on
Q1-TX-002326,338,05/03/2025,308.57 USD,credit card, Subscription
Q1-TX-002327,1176,16 Feb 2025,303.15 USD,BANK TRANSFER,Subscription 
Q1-TX-002328,991,05/03/2025,181.84 USD, Debit Card, Upgrade 
Q1-TX-002329,666,01/06/2025,$201,Credit Card, Subscription 
Q1-TX-002330,1007,11-02-2025,USD 188.16,credit card,Upgrade
Q1-TX-002331,893,31-03-2025,421.08, PayPal , Subscription 
Q1-TX-002332,1271,04-01-2025,67.08, PayPal , Subscription
Q1-TX-002333,952,13/01/2025,USD -24.89,Debit Card ,Refund
Q1-TX-002334,100,"Jan 29, 2025",-371.83,PayPal ,refund
Q1-TX-002335,437,2025-02-04,296.14,Debit Card ,UPGRADE
Q1-TX-002336,437,23/02/2025,$-258.49, Debit Card,Refund
Q1-TX-002337,808,23-03-2025,$739.21,paypal, Add-on 
Q1-TX-002338,857,15/03/2025,$299, Credit Card , Upgrade 
Q1-TX-002339,979,"Mar 08, 2025",USD 232.61,bank transfer, Upgrade
Q1-TX-002340,1322,05 Feb 2025,USD 421.11, Bank Transfer ,UPGRADE
Q1-TX-002341,1439,02/17/2025,140.07 USD,Bank Transfer, Upgrade
Q1-TX-002342,793,10/01/2025,$-286,debit card,refund
Q1-TX-002343,176,14-03-2025,USD 223.70,BANK TRANSFER, Add-on 
Q1-TX-002344,1084,2025-01-09,390.28 USD, PayPal , Add-on 
Q1-TX-002345,1325,25/02/2025,-44.74 USD,BANK TRANSFER,Refund
Q1-TX-002346,909,"Feb 23, 2025",USD 408.67, PayPal,UPGRADE
Q1-TX-002347,326,06-02-2025,$45,Debit Card, Add-on 
Q1-TX-002348,356,2025-03-23,USD 516.44,PayPal,upgrade
Q1-TX-002349,1,30/01/2025,190.54 USD,debit card, Subscription 
Q1-TX-002350,183,"Jan 30, 2025",$-178.00,PAYPAL, Refund 
Q1-TX-002351,882,"Jan 30, 2025",$240.68,debit card,subscription
Q1-TX-002352,341,03/16/2025,215.89,Credit Card,Upgrade
Q1-TX-002353,316,"Mar 12, 2025",218.10, Debit Card, Add-on 
Q1-TX-002354,677,31/01/2025,$601.82, Debit Card, Upgrade 
Q1-TX-002355,201,24/02/2025,361.54 USD, Debit Card ,Subscription 
Q1-TX-002356,218,2025-02-04,USD 90.18,Bank Transfer ,Upgrade
Q1-TX-002357,551,23-02-2025,137.94,paypal,subscription
Q1-TX-002358,41,02/22/2025,-202.81 USD, Debit Card , Refund 
Q1-TX-002359,688,2025-01-14,USD 419.10,Bank Transfer, Subscription 
Q1-TX-002360,1263,2025-01-26,123.80,PayPal ,add-on
Q1-TX-002361,1388,2025-02-15,161.79, Debit Card ,Add-on 
Q1-TX-002362,192,01/06/2025,USD -237.02,paypal, Refund 
Q1-TX-002363,233,21/03/2025,-72.29 USD, Credit Card,refund
Q1-TX-002364,417,"Feb 12, 2025",77.71,Credit Card ,Upgrade
Q1-TX-002365,1335,20/01/2025,164.94 USD,PAYPAL,Upgrade 
Q1-TX-002366,39,2025-02-03,-476.70,credit card,Refund
Q1-TX-002367,460,"Jan 02, 2025",-84.88,Bank Transfer , Refund 
Q1-TX-002368,1019,"Mar 20, 2025",73.59 USD,bank transfer, Upgrade 
Q1-TX-002369,1025,03/09/2025,USD 354.80,Debit Card,Subscription 
Q1-TX-002370,535,14/01/2025,$424.79,Debit Card ,add-on
Q1-TX-002371,787,03/23/2025,191.61 USD,Credit Card ,add-on
Q1-TX-002372,1429,01-01-2025,259.71,Bank Transfer,ADD-ON
Q1-TX-002373,872,28 Feb 2025,108.30,CREDIT CARD,UPGRADE
Q1-TX-002374,32,"Jan 22, 2025",299.06,Debit Card ,Upgrade 
Q1-TX-002375,1198,02 Feb 2025,$55.80,paypal,Subscription
Q1-TX-002376,1058,01 Mar 2025,$251.76, PayPal ,SUBSCRIPTION
Q1-TX-002377,536,01/14/2025,-182.92,DEBIT CARD,refund
Q1-TX-002378,814,2025-01-29,, Debit Card , Subscription 
Q1-TX-002379,29,27/01/2025,279.92,Credit Card, Subscription 
Q1-TX-002380,652,27/02/2025,372.78, Debit Card, Upgrade 
Q1-TX-002381,633,"Jan 11, 2025",91.09 USD, Credit Card ,Upgrade 
Q1-TX-002382,697,02/11/2025,163.58,Bank Transfer,ADD-ON
Q1-TX-002383,91,11 Jan 2025,USD 286.69,DEBIT CARD,SUBSCRIPTION
Q1-TX-002384,1414,2025-02-01,$-185, PayPal,Refund 
Q1-TX-002385,182,"Jan 28, 2025",$121,Credit Card,Upgrade 
Q1-TX-002386,459,"Jan 29, 2025",USD -458.67,credit card,refund
Q1-TX-002387,974,2025-03-13,349.39 USD, PayPal,Upgrade 
Q1-TX-002388,1427,06 Jan 2025,242.69 USD,paypal,UPGRADE
Q1-TX-002389,1292,2025-03-29,240.28,Credit Card,Upgrade
Q1-TX-002390,592,10 Mar 2025,339.71,paypal,Subscription
Q1-TX-002391,41,27-03-2025,-107.01, PayPal, Refund
Q1-TX-002392,1182,01/19/2025,815.77,PayPal,ADD-ON
Q1-TX-002393,1008,2025-01-14,152.39 USD,PayPal , Upgrade 
Q1-TX-002394,1325,14/02/2025,$-380,DEBIT CARD,REFUND
Q1-TX-002395,349,20-03-2025,USD 354.36, Debit Card,Subscription
Q1-TX-002396,1036,03/25/2025,$-82,Credit Card ,REFUND
Q1-TX-002397,963,30/03/2025,$140,DEBIT CARD,SUBSCRIPTION
Q1-TX-002398,1041,"Feb 14, 2025",$222.12, Bank Transfer ,subscription
Q1-TX-002399,403,30/03/2025,159.87 USD,PayPal ,Subscription
Q1-TX-002400,1284,31-03-2025,$392.59, Credit Card,subscription
Q1-TX-002401,700,08 Jan 2025,226.51,Bank Transfer, Add-on 
Q1-TX-002402,1008,2025-02-01,164.29,DEBIT CARD,subscription
Q1-TX-002403,1248,12-01-2025,196.71,PAYPAL,UPGRADE
Q1-TX-002404,264,06-03-2025,USD 287.85, Credit Card , Upgrade 
Q1-TX-002405,530,05/03/2025,374.69 USD, PayPal, Upgrade 
Q1-TX-002406,259,2025-01-20,283.54 USD, Credit Card ,Upgrade 
Q1-TX-002407,1345,01-03-2025,-369.34 USD,BANK TRANSFER, Refund 
Q1-TX-002408,902,"Feb 09, 2025",262.35 USD,PayPal ,Subscription
Q1-TX-002409,219,01/28/2025,263.97,debit card,ADD-ON
Q1-TX-002410,942,02/28/2025,$126.82,Debit Card, Add-on
Q1-TX-002411,383,06 Mar 2025,-363.36,DEBIT CARD, Refund 
Q1-TX-002412,488,02/24/2025,46.51,PayPal, Add-on
Q1-TX-002413,179,2025-01-21,173.71,PAYPAL, Add-on 
Q1-TX-002414,734,25-02-2025,$95,Debit Card, Add-on 
Q1-TX-002415,611,27/03/2025,304.20,Bank Transfer ,Subscription 
Q1-TX-002416,186,13/03/2025,USD -258.39, PayPal,Refund
Q1-TX-002417,534,07 Mar 2025,$214.32,BANK TRANSFER,Subscription
Q1-TX-002418,469,21-02-2025,-522.97 USD, PayPal , Refund 
Q1-TX-002419,29,09/02/2025,188.39, Debit Card,Upgrade
Q1-TX-002420,66,2025-02-03,USD 184.59, Debit Card ,UPGRADE
Q1-TX-002421,368,"Mar 03, 2025",USD -131.91, Bank Transfer, Refund 
Q1-TX-002422,1444,05/03/2025,$-388, Credit Card ,refund
Q1-TX-002423,845,02/06/2025,302.18 USD,Debit Card, Subscription
Q1-TX-002424,148,"Feb 14, 2025",-363.04 USD,PayPal , Refund 
Q1-TX-002425,601,31/03/2025,$401, PayPal,Add-on 
Q1-TX-002426,1055,16/02/2025,$-425.89,DEBIT CARD,Refund 
Q1-TX-002427,774,21 Jan 2025,$-689,Credit Card,Refund
Q1-TX-002428,11,07/02/2025,594.17 USD, Bank Transfer ,Upgrade
Q1-TX-002429,835,02/26/2025,$333.97,Bank Transfer, Add-on
Q1-TX-002430,518,18 Feb 2025,126.88 USD,BANK TRANSFER,UPGRADE
Q1-TX-002431,148,25-01-2025,$314.07,bank transfer,Add-on 
Q1-TX-002432,36,2025-03-05,249.35,Debit Card ,upgrade
Q1-TX-002433,579,09 Jan 2025,USD 34.15, PayPal , Upgrade 
Q1-TX-002434,1205,20/01/2025,$370.07,debit card,Subscription 
Q1-TX-002435,277,12 Mar 2025,239.17 USD, PayPal,Subscription 
Q1-TX-002436,305,"Feb 21, 2025",239.68 USD, PayPal ,Upgrade
Q1-TX-002437,1404,06 Jan 2025,$120.70,Credit Card,upgrade
Q1-TX-002438,583,24/02/2025,$383.97, Bank Transfer, Add-on
Q1-TX-002439,785,24 Feb 2025,106.00,debit card,Subscription 
Q1-TX-002440,1274,13/02/2025,$201,bank transfer, Upgrade
Q1-TX-002441,79,"Feb 06, 2025",$141, Debit Card ,Subscription 
Q1-TX-002442,616,11/01/2025,$-143.87,DEBIT CARD,refund
Q1-TX-002443,1474,11/02/2025,-374.08, PayPal ,Refund 
Q1-TX-002444,396,2025-03-27,$198.00,debit card,Subscription
Q1-TX-002445,1163,"Jan 29, 2025",USD 214.58, Debit Card,subscription
Q1-TX-002446,851,22/01/2025,USD 498.74, Bank Transfer, Subscription 
Q1-TX-002447,1360,01 Jan 2025,485.33 USD,debit card,SUBSCRIPTION
Q1-TX-002448,1366,21-01-2025,-197.38,bank transfer, Refund
Q1-TX-002449,1168,2025-02-05,USD 309.89,Debit Card,upgrade
Q1-TX-002450,693,17 Jan 2025,-357.46 USD,PAYPAL, Refund
Q1-TX-002451,245,2025-01-27,-145.15,Credit Card ,REFUND
Q1-TX-002452,97,31-03-2025,$58,BANK TRANSFER,add-on
Q1-TX-002453,78,"Feb 14, 2025",, PayPal ,Subscription 
Q1-TX-002454,206,14/02/2025,USD 176.59, Credit Card,ADD-ON
Q1-TX-002455,183,01/06/2025,USD 228.49,Bank Transfer ,Subscription 
Q1-TX-002456,892,22 Jan 2025,$-140.79, Bank Transfer,refund
Q1-TX-002457,1342,02/15/2025,USD 429.09, Bank Transfer, Upgrade
Q1-TX-002458,985,22/02/2025,273.20,PayPal ,Upgrade
Q1-TX-002459,1320,11/02/2025,205.03, Debit Card,SUBSCRIPTION
Q1-TX-002460,990,"Mar 23, 2025",225.01 USD,bank transfer,SUBSCRIPTION
Q1-TX-002461,1069,13 Mar 2025,509.80 USD, Bank Transfer , Upgrade 
Q1-TX-002462,2,09/03/2025,216.75,credit card,UPGRADE
Q1-TX-002463,1419,03/30/2025,USD 363.63, Bank Transfer ,add-on
Q1-TX-002464,1000,01/10/2025,58.35 USD,credit card, Upgrade 
Q1-TX-002465,1049,2025-03-24,USD 274.88,Credit Card , Upgrade 
Q1-TX-002466,486,"Mar 12, 2025",218.26 USD, PayPal , Add-on 
Q1-TX-002467,1441,22/03/2025,111.25 USD,credit card, Subscription 
Q1-TX-002468,47,12 Jan 2025,763.95,bank transfer, Subscription 
Q1-TX-002469,303,"Mar 03, 2025",$-93, Bank Transfer,Refund 
Q1-TX-002470,1431,03/29/2025,$165,Debit Card ,SUBSCRIPTION
Q1-TX-002471,320,2025-03-19,172.13, PayPal, Add-on 
Q1-TX-002472,1049,22/03/2025,$485.37, PayPal ,SUBSCRIPTION
Q1-TX-002473,351,"Mar 19, 2025",USD 172.86, PayPal ,subscription
Q1-TX-002474,942,"Jan 16, 2025",237.29, Debit Card, Subscription 
Q1-TX-002475,779,19 Mar 2025,$183.67, Debit Card ,Add-on
Q1-TX-002476,443,10/03/2025,265.39,PayPal ,Upgrade 
Q1-TX-002477,1447,"Jan 17, 2025",-291.72,Bank Transfer,refund
Q1-TX-002478,471,2025-03-14,USD -291.70, Debit Card,Refund
Q1-TX-002479,668,18-02-2025,$-193.65,Bank Transfer , Refund 
Q1-TX-002480,1383,"Jan 05, 2025",386.29,BANK TRANSFER, Add-on 
Q1-TX-002481,144,18/01/2025,$170,BANK TRANSFER,subscription
Q1-TX-002482,53,2025-02-14,162.46, PayPal ,Add-on
Q1-TX-002483,571,"Mar 23, 2025",$-235,Credit Card ,Refund
Q1-TX-002484,57,20-03-2025,-278.95, Credit Card ,REFUND
Q1-TX-002485,857,03/25/2025,$190.66, Credit Card,add-on
Q1-TX-002486,967,12/03/2025,$219.49,Debit Card ,ADD-ON
Q1-TX-002487,1129,2025-02-28,264.39,Bank Transfer,Subscription 
Q1-TX-002488,915,18 Jan 2025,$16,PayPal ,UPGRADE
Q1-TX-002489,418,22 Jan 2025,-188.66,paypal,REFUND
Q1-TX-002490,1112,"Feb 25, 2025",$355, PayPal ,Add-on
Q1-TX-002491,900011,"Feb 26, 2025",$440.75, Credit Card ,Upgrade 
Q1-TX-002492,619,10-01-2025,$90,Credit Card, Upgrade 
Q1-TX-002493,1278,2025-01-30,-207.97,BANK TRANSFER,refund
Q1-TX-002494,323,24-02-2025,239.12, Debit Card , Subscription 
Q1-TX-002495,178,"Jan 09, 2025",USD 224.72,Credit Card ,add-on
Q1-TX-002496,1362,2025-02-01,50.39,PAYPAL, Subscription
Q1-TX-002497,672,"Feb 05, 2025",$-290.45,PayPal, Refund
Q1-TX-002498,365,"Jan 25, 2025",USD 219.11,Debit Card,SUBSCRIPTION
Q1-TX-002499,1197,17/03/2025,533.77,BANK TRANSFER,SUBSCRIPTION
Q1-TX-002500,1173,"Mar 05, 2025",$55, Bank Transfer, Add-on 
Q1-TX-002501,1357,31/01/2025,256.75,BANK TRANSFER,SUBSCRIPTION
Q1-TX-002502,1273,"Jan 03, 2025",$-160.10, Debit Card, Refund 
Q1-TX-002503,1365,02/14/2025,195.51, Debit Card,Add-on 
Q1-TX-002504,64,02/02/2025,$156,Credit Card ,Upgrade
Q1-TX-002505,1177,03/21/2025,USD 539.86,BANK TRANSFER,ADD-ON
Q1-TX-002506,885,01/08/2025,244.28,Bank Transfer,Add-on 
Q1-TX-002507,1007,2025-03-05,$771,paypal, Subscription 
Q1-TX-002508,1372,2025-01-16,$84.64,Debit Card ,Upgrade
Q1-TX-002509,999,16-02-2025,USD 99.62,Debit Card,upgrade
Q1-TX-002510,1318,17 Jan 2025,USD -145.40,BANK TRANSFER,Refund
Q1-TX-002511,966,17/01/2025,-236.83 USD,Bank Transfer , Refund 
Q1-TX-002512,1438,20/03/2025,76.29,PayPal,Subscription 
Q1-TX-002513,614,2025-01-10,USD 78.13, Debit Card,Upgrade 
Q1-TX-002514,1379,24/02/2025,$246, Debit Card ,add-on
Q1-TX-002515,642,"Feb 23, 2025",USD 121.50,BANK TRANSFER,Add-on 
Q1-TX-002516,229,24-02-2025,$-485.65, Credit Card,REFUND
Q1-TX-002517,618,02 Mar 2025,300.32 USD, PayPal , Upgrade 
Q1-TX-002518,256,11 Jan 2025,316.32,Bank Transfer, Upgrade 
Q1-TX-002519,336,14/03/2025,$544.66, Debit Card ,SUBSCRIPTION
Q1-TX-002520,1414,"Jan 01, 2025",$52.93,Debit Card ,ADD-ON
Q1-TX-002521,106,01/19/2025,$-128.65,DEBIT CARD,refund
Q1-TX-002522,707,"Jan 31, 2025",$-87,DEBIT CARD, Refund 
Q1-TX-002523,337,02/01/2025,$284,Credit Card, Upgrade
Q1-TX-002524,772,16/03/2025,408.17, Bank Transfer,Upgrade
Q1-TX-002525,1071,2025-02-07,251.22,PayPal ,subscription
Q1-TX-002526,495,"Mar 26, 2025",554.14 USD, Debit Card,UPGRADE
Q1-TX-002527,162,21/02/2025,$356,BANK TRANSFER,UPGRADE
Q1-TX-002528,1141,01/07/2025,USD -216.98,credit card, Refund 
Q1-TX-002529,744,"Mar 21, 2025",$-609.73, Debit Card,Refund
Q1-TX-002530,613,17/01/2025,$311.73,credit card,Subscription 
Q1-TX-002531,787,28 Jan 2025,292.77, Debit Card ,subscription
Q1-TX-002532,1040,2025-03-30,441.37 USD, Debit Card,UPGRADE
Q1-TX-002533,443,2025-03-10,USD 180.29,PAYPAL,Add-on
Q1-TX-002534,470,05-02-2025,,Debit Card ,Subscription
Q1-TX-002535,742,26 Mar 2025,252.09,DEBIT CARD,add-on
Q1-TX-002536,1083,05 Mar 2025,USD 278.66, Credit Card, Upgrade
Q1-TX-002537,1282,02/06/2025,-257.54 USD, Debit Card,Refund 
Q1-TX-002538,171,02/17/2025,436.79,credit card, Add-on 
Q1-TX-002539,810,02/07/2025,,Credit Card , Add-on
Q1-TX-002540,226,12-03-2025,USD 40.38,credit card,UPGRADE
Q1-TX-002541,631,21/01/2025,-142.76,CREDIT CARD, Refund 
Q1-TX-002542,411,26/03/2025,$256,DEBIT CARD,Add-on 
Q1-TX-002543,1102,31 Mar 2025,USD 292.62, Debit Card,Subscription
Q1-TX-002544,828,"Mar 30, 2025",$304.10,bank transfer,SUBSCRIPTION
Q1-TX-002545,1007,"Feb 13, 2025",USD 223.95,PayPal , Subscription
Q1-TX-002546,910,10 Mar 2025,-404.18 USD,Credit Card , Refund 
Q1-TX-002547,531,09/03/2025,208.01, Debit Card,add-on
Q1-TX-002548,298,"Mar 01, 2025",-109.13, Bank Transfer ,Refund
Q1-TX-002549,301,23/03/2025,287.98 USD,Bank Transfer ,upgrade
Q1-TX-002550,447,24/02/2025,54.07 USD,Bank Transfer,Subscription
Q1-TX-002551,292,03/13/2025,90.21, PayPal , Upgrade
Q1-TX-002552,336,"Feb 13, 2025",-366.54,Credit Card ,Refund 
Q1-TX-002553,1376,02/28/2025,-87.02,Bank Transfer ,REFUND
Q1-TX-002554,1222,02/24/2025,$159,PayPal,Add-on
Q1-TX-002555,1148,25 Feb 2025,$309,Debit Card,add-on
Q1-TX-002556,224,2025-03-08,$271,BANK TRANSFER,Subscription 
Q1-TX-002557,404,30/03/2025,171.98,BANK TRANSFER, Upgrade 
Q1-TX-002558,759,05/01/2025,374.85,credit card,Subscription
Q1-TX-002559,907,14/01/2025,-64.17, Credit Card,refund
Q1-TX-002560,150,23 Mar 2025,$162, PayPal,UPGRADE
Q1-TX-002561,1492,13-01-2025,132.49 USD,PayPal , Add-on
Q1-TX-002562,1369,2025-01-07,-405.74 USD, PayPal,Refund 
Q1-TX-002563,1384,01/21/2025,USD 222.25, Bank Transfer, Upgrade 
Q1-TX-002564,749,2025-01-20,$-345.92,Bank Transfer,REFUND
Q1-TX-002565,551,02/01/2025,269.14 USD,BANK TRANSFER,add-on
Q1-TX-002566,1441,21/02/2025,$135,Credit Card ,upgrade
Q1-TX-002567,170,02/28/2025,$405.37,CREDIT CARD, Add-on 
Q1-TX-002568,333,03/09/2025,-301.07,PayPal ,Refund
Q1-TX-002569,488,01/03/2025,USD 442.21, PayPal,ADD-ON
Q1-TX-002570,353,24/03/2025,$-111.84,PayPal ,Refund 
Q1-TX-002571,137,01/20/2025,USD 248.19, Credit Card , Subscription 
Q1-TX-002572,279,03 Feb 2025,$452.92,Bank Transfer, Subscription
Q1-TX-002573,1179,"Mar 11, 2025",353.23 USD,CREDIT CARD,Add-on 
Q1-TX-002574,384,"Feb 17, 2025",674.12,paypal, Subscription
Q1-TX-002575,1187,"Feb 23, 2025",335.85, PayPal,SUBSCRIPTION
Q1-TX-002576,1340,02 Jan 2025,$625,PayPal ,add-on
Q1-TX-002577,642,22 Feb 2025,$617.85,PAYPAL,Add-on 
Q1-TX-002578,981,2025-03-09,$152, Bank Transfer, Upgrade 
Q1-TX-002579,1013,05 Mar 2025,64.36 USD,debit card,Subscription 
Q1-TX-002580,1337,03/04/2025,$302.81,credit card, Add-on 
Q1-TX-002581,130,2025-01-09,-157.11, Credit Card , Refund
Q1-TX-002582,1098,"Feb 13, 2025",USD 328.78,Bank Transfer, Add-on 
Q1-TX-002583,319,19 Feb 2025,138.29 USD,Credit Card ,Add-on
Q1-TX-002584,131,2025-01-29,532.22,Debit Card,Add-on 
Q1-TX-002585,351,09/03/2025,USD 235.57,debit card, Subscription 
Q1-TX-002586,266,07-02-2025,USD 706.30,Debit Card,Add-on
Q1-TX-002587,61,20 Feb 2025,$284,debit card,Add-on 
Q1-TX-002588,1150,"Jan 08, 2025",USD 424.10,PayPal , Subscription 
Q1-TX-002589,602,21 Mar 2025,USD 264.92, Bank Transfer , Upgrade
Q1-TX-002590,407,24/01/2025,204.04, PayPal,UPGRADE
Q1-TX-002591,179,2025-01-31,USD -68.85,paypal,refund
Q1-TX-002592,606,"Feb 11, 2025",USD -13.40, PayPal,Refund 
Q1-TX-002593,982,2025-02-05,USD 140.25,DEBIT CARD,Upgrade
Q1-TX-002594,259,"Feb 20, 2025",265.25,Bank Transfer,Subscription
Q1-TX-002595,204,15-02-2025,USD 300.59, Debit Card ,ADD-ON
Q1-TX-002596,292,04 Mar 2025,199.32,CREDIT CARD, Add-on
Q1-TX-002597,133,"Feb 17, 2025",-94.61 USD,paypal, Refund 
Q1-TX-002598,17,11-03-2025,95.86 USD, PayPal, Subscription
Q1-TX-002599,387,"Jan 25, 2025",$189.41,paypal, Upgrade 
Q1-TX-002600,783,23/01/2025,398.34,Credit Card ,Add-on
Q1-TX-002601,117,14 Jan 2025,203.13, Credit Card , Subscription
Q1-TX-002602,941,2025-03-17,370.05, Bank Transfer , Subscription 
Q1-TX-002603,1456,31-03-2025,$118,Debit Card,upgrade
Q1-TX-002604,951,09-03-2025,$-561, Debit Card , Refund
Q1-TX-002605,102,02 Mar 2025,85.75, Debit Card,ADD-ON
Q1-TX-002606,1308,"Mar 31, 2025",242.44, PayPal,UPGRADE
Q1-TX-002607,397,13-02-2025,125.35 USD,bank transfer,subscription
Q1-TX-002608,1147,02/07/2025,37.54,Debit Card,Upgrade
Q1-TX-002609,966,19 Feb 2025,$272.99,PayPal ,UPGRADE
Q1-TX-002610,363,02 Feb 2025,172.42,paypal, Upgrade
Q1-TX-002611,1089,27/02/2025,$288.77,credit card, Subscription
Q1-TX-002612,1171,01/20/2025,$205.50, Bank Transfer,upgrade
Q1-TX-002613,91,27/02/2025,$-188, Credit Card ,REFUND
Q1-TX-002614,808,26 Jan 2025,216.14,PayPal ,Subscription
Q1-TX-002615,1112,2025-03-05,-96.36,credit card, Refund 
Q1-TX-002616,742,2025-01-12,$68, Credit Card,Add-on 
Q1-TX-002617,1401,"Feb 23, 2025",-516.64,Debit Card, Refund 
Q1-TX-002618,1435,01/30/2025,155.63,PayPal ,upgrade
Q1-TX-002619,492,30 Mar 2025,193.85, Credit Card ,Upgrade
Q1-TX-002620,449,"Feb 20, 2025",USD 628.71,Bank Transfer ,subscription
Q1-TX-002621,1182,2025-02-10,$198, Credit Card,upgrade
Q1-TX-002622,1232,"Jan 18, 2025",$160, Credit Card , Subscription 
Q1-TX-002623,513,"Mar 01, 2025",$546, Bank Transfer , Subscription 
Q1-TX-002624,45,22-02-2025,$-308.26,PAYPAL, Refund 
Q1-TX-002625,832,"Jan 04, 2025",218.97,Debit Card,Add-on 
Q1-TX-002626,632,02/02/2025,-52.09 USD, Credit Card,REFUND
Q1-TX-002627,449,02 Feb 2025,$-104,Debit Card, Refund 
Q1-TX-002628,1184,03/21/2025,-44.03 USD,BANK TRANSFER,refund
Q1-TX-002629,337,10 Jan 2025,110.21,Bank Transfer,add-on
Q1-TX-002630,88,10 Feb 2025,189.34,Credit Card,Subscription 
Q1-TX-002631,329,"Mar 23, 2025",-545.07, Credit Card,refund
Q1-TX-002632,1031,2025-02-19,131.92, PayPal , Upgrade 
Q1-TX-002633,395,"Jan 19, 2025",$185.29,CREDIT CARD, Add-on
Q1-TX-002634,979,03/22/2025,USD 211.65,Debit Card,Subscription 
Q1-TX-002635,226,20-02-2025,-117.83,Debit Card,REFUND
Q1-TX-002636,900019,30/01/2025,255.08, Debit Card, Subscription
Q1-TX-002637,954,"Feb 11, 2025",$211,Bank Transfer ,Subscription 
Q1-TX-002638,530,03/21/2025,USD 218.56,Bank Transfer , Add-on
Q1-TX-002639,1481,03/20/2025,196.46 USD,CREDIT CARD,Upgrade
Q1-TX-002640,284,03/29/2025,128.71,DEBIT CARD,Subscription 
Q1-TX-002641,902,16/02/2025,USD -143.51, PayPal,Refund 
Q1-TX-002642,588,2025-01-10,USD 102.05,Credit Card,SUBSCRIPTION
Q1-TX-002643,109,16-01-2025,149.58 USD, Bank Transfer ,Add-on
Q1-TX-002644,1141,22 Mar 2025,-221.78,Debit Card , Refund 
Q1-TX-002645,455,25 Feb 2025,144.59,BANK TRANSFER, Add-on
Q1-TX-002646,1227,03/01/2025,242.73 USD,PayPal,Add-on 
Q1-TX-002647,934,25-01-2025,$-363.63,Debit Card ,refund
Q1-TX-002648,1262,02/25/2025,$65.24, PayPal, Upgrade 
Q1-TX-002649,613,12-03-2025,USD 315.23, Credit Card,upgrade
Q1-TX-002650,1385,2025-02-27,$53, PayPal ,Upgrade
Q1-TX-002651,1271,21-01-2025,195.97,CREDIT CARD,SUBSCRIPTION
Q1-TX-002652,467,17/01/2025,USD -236.42,Debit Card,Refund 
Q1-TX-002653,161,05 Feb 2025,88.12 USD, PayPal,subscription
Q1-TX-002654,587,02/02/2025,66.37 USD,Debit Card, Upgrade 
Q1-TX-002655,539,23 Feb 2025,USD 144.95, PayPal ,upgrade
Q1-TX-002656,484,21/02/2025,226.10 USD, Credit Card , Add-on 
Q1-TX-002657,753,21 Jan 2025,$-231.67, Bank Transfer,refund
Q1-TX-002658,1231,16/01/2025,375.24,PayPal, Upgrade
Q1-TX-002659,1072,03/14/2025,566.69,debit card,Add-on 
Q1-TX-002660,1309,02/01/2025,USD 92.80,Bank Transfer ,upgrade
Q1-TX-002661,684,22/02/2025,129.09,Credit Card,ADD-ON
Q1-TX-002662,1435,03/03/2025,13.33, PayPal , Upgrade 
Q1-TX-002663,264,03-03-2025,$174.49,Debit Card ,ADD-ON
Q1-TX-002664,341,09 Jan 2025,46.33, Credit Card ,Add-on 
Q1-TX-002665,1290,07/03/2025,$171, Credit Card, Upgrade
Q1-TX-002666,1137,01/25/2025,USD 127.12, Debit Card , Add-on
Q1-TX-002667,960,03-03-2025,$132.07,Credit Card ,Add-on 
Q1-TX-002668,1139,22/02/2025,USD -342.41,DEBIT CARD,Refund
Q1-TX-002669,1335,02/17/2025,$142,PAYPAL,Subscription
Q1-TX-002670,1259,16-03-2025,$241.31,CREDIT CARD, Upgrade
Q1-TX-002671,1310,01-03-2025,$-124,BANK TRANSFER,REFUND
Q1-TX-002672,1012,27-03-2025,227.13 USD,PayPal,UPGRADE
Q1-TX-002673,1400,04/02/2025,$53,DEBIT CARD, Add-on
Q1-TX-002674,800,13/02/2025,662.62, Bank Transfer, Subscription 
Q1-TX-002675,1190,"Jan 14, 2025",344.18 USD,PayPal ,Upgrade 
Q1-TX-002676,900013,"Mar 14, 2025",192.62,PayPal ,subscription
Q1-TX-002677,208,"Feb 05, 2025",-160.83, Credit Card ,REFUND
Q1-TX-002678,862,"Jan 16, 2025",USD -73.41,Bank Transfer,REFUND
Q1-TX-002679,84,2025-01-09,$-690.12,Debit Card , Refund
Q1-TX-002680,876,"Mar 30, 2025",187.83,Bank Transfer,Upgrade 
Q1-TX-002681,130,2025-02-09,$100.29, Debit Card,add-on
Q1-TX-002682,189,21-01-2025,232.69,BANK TRANSFER,Upgrade 
Q1-TX-002683,1393,03/01/2025,USD -187.91,DEBIT CARD,Refund 
Q1-TX-002684,1260,11-01-2025,385.42,Bank Transfer ,add-on
Q1-TX-002685,1500,02/28/2025,501.54,paypal,SUBSCRIPTION
Q1-TX-002686,76,08-02-2025,USD -197.08,Bank Transfer , Refund 
Q1-TX-002687,661,31/03/2025,109.11,Debit Card ,Upgrade 
Q1-TX-002688,861,02 Jan 2025,-153.70 USD,Bank Transfer , Refund 
Q1-TX-002689,1336,2025-02-12,412.35,PayPal,Upgrade 
Q1-TX-002690,1162,25/02/2025,-252.39, Credit Card,REFUND
Q1-TX-002691,1173,19-01-2025,$-63,PAYPAL,Refund
Q1-TX-002692,1446,20/03/2025,-301.88,debit card,Refund 
Q1-TX-002693,1105,2025-01-12,66.74,DEBIT CARD,ADD-ON
Q1-TX-002694,990,02/28/2025,285.83, PayPal,UPGRADE
Q1-TX-002695,222,2025-01-10,$210.48, Credit Card ,Upgrade
Q1-TX-002696,969,2025-01-08,138.32,PayPal,subscription
Q1-TX-002697,404,01/10/2025,212.06, Debit Card, Subscription
Q1-TX-002698,1469,09/01/2025,110.14 USD,PayPal,SUBSCRIPTION
Q1-TX-002699,19,20/01/2025,$-183, Debit Card , Refund
Q1-TX-002700,312,01-02-2025,314.06,PayPal,UPGRADE
Q1-TX-002701,778,19/01/2025,218.72 USD,DEBIT CARD,Add-on
Q1-TX-002702,1335,"Feb 13, 2025",337.18,PayPal ,Upgrade
Q1-TX-002703,722,"Feb 23, 2025",USD 437.90, Credit Card,Subscription 
Q1-TX-002704,234,24 Feb 2025,, Bank Transfer ,REFUND
Q1-TX-002705,330,"Mar 29, 2025",286.30, Credit Card,subscription
Q1-TX-002706,543,2025-03-22,349.54,PAYPAL, Upgrade 
Q1-TX-002707,1242,14-01-2025,20.66,debit card,ADD-ON
Q1-TX-002708,642,15/03/2025,-114.93, PayPal,REFUND
Q1-TX-002709,258,03/14/2025,197.96 USD, Bank Transfer,Add-on
Q1-TX-002710,1001,07 Mar 2025,, Credit Card, Add-on 
Q1-TX-002711,950,12-01-2025,322.76 USD, PayPal, Subscription 
Q1-TX-002712,1133,18 Feb 2025,USD 342.47,CREDIT CARD,Subscription
Q1-TX-002713,980,13/02/2025,$528,Bank Transfer,add-on
Q1-TX-002714,1058,03/14/2025,353.33,PayPal,Add-on
Q1-TX-002715,824,10/01/2025,87.10,Debit Card,Upgrade
Q1-TX-002716,753,02/13/2025,$513.57,Debit Card,Add-on 
Q1-TX-002717,950,09 Jan 2025,$196,Bank Transfer , Subscription 
Q1-TX-002718,395,27/01/2025,USD 545.04,Debit Card,UPGRADE
Q1-TX-002719,726,03/19/2025,192.05, Credit Card,ADD-ON
Q1-TX-002720,1347,10-03-2025,$398.60,Credit Card , Add-on
Q1-TX-002721,190,2025-03-09,$240, Credit Card ,Subscription 
Q1-TX-002722,412,02/01/2025,168.52, Credit Card,Add-on
Q1-TX-002723,1111,20-03-2025,-72.16 USD, PayPal ,Refund
Q1-TX-002724,994,28-02-2025,$358, PayPal ,add-on
Q1-TX-002725,882,2025-02-20,$-221.67,Debit Card , Refund 
Q1-TX-002726,835,23 Feb 2025,USD 75.30, Debit Card, Subscription
Q1-TX-002727,732,02-03-2025,$119.18,Debit Card,Subscription 
Q1-TX-002728,249,19-01-2025,$130, PayPal,SUBSCRIPTION
Q1-TX-002729,670,03/12/2025,-158.35,Debit Card, Refund 
Q1-TX-002730,324,14/03/2025,266.70,PAYPAL, Subscription 
Q1-TX-002731,620,"Feb 24, 2025",USD -199.60,Bank Transfer,Refund 
Q1-TX-002732,180,07/03/2025,136.47, PayPal,add-on
Q1-TX-002733,1007,"Jan 10, 2025",403.00,PayPal,Upgrade
Q1-TX-002734,407,03/04/2025,-223.19, Bank Transfer,refund
Q1-TX-002735,526,18-02-2025,,BANK TRANSFER,Upgrade
Q1-TX-002736,421,31/03/2025,156.13,Debit Card,upgrade
Q1-TX-002737,1433,19/02/2025,170.48,Debit Card,Subscription
Q1-TX-002738,374,29/01/2025,USD 55.36,PayPal,Add-on 
Q1-TX-002739,1436,02/01/2025,$-232,Debit Card,Refund
Q1-TX-002740,1361,05/01/2025,$119,Bank Transfer ,Upgrade
Q1-TX-002741,402,31-01-2025,$-155.92,Credit Card,Refund 
Q1-TX-002742,1241,07 Jan 2025,350.02,paypal, Subscription
Q1-TX-002743,1438,"Jan 02, 2025",231.42,Bank Transfer,Subscription 
Q1-TX-002744,796,25-02-2025,-60.60,Bank Transfer , Refund 
Q1-TX-002745,441,02/12/2025,USD 59.08,Bank Transfer ,Subscription 
Q1-TX-002746,1297,18/01/2025,-236.45 USD, PayPal, Refund
Q1-TX-002747,338,23 Feb 2025,613.12,debit card,Upgrade
Q1-TX-002748,789,2025-03-15,USD 198.19,Credit Card, Add-on
Q1-TX-002749,1327,13 Feb 2025,$284,PAYPAL, Subscription 
Q1-TX-002750,1388,28-02-2025,$235, Debit Card, Upgrade
Q1-TX-002751,860,02/06/2025,USD 507.95,Debit Card,add-on
Q1-TX-002752,711,25-03-2025,323.63 USD,Bank Transfer ,upgrade
Q1-TX-002753,342,26/02/2025,236.15 USD,Debit Card , Add-on 
Q1-TX-002754,191,19-03-2025,-426.11,Bank Transfer,refund
Q1-TX-002755,1008,29 Jan 2025,$243.03, Debit Card,add-on
Q1-TX-002756,1259,2025-02-22,-88.36, Bank Transfer,refund
Q1-TX-002757,698,24 Jan 2025,346.68,CREDIT CARD,Subscription 
Q1-TX-002758,1314,17/03/2025,468.31,bank transfer,subscription
Q1-TX-002759,1291,08 Jan 2025,$403,PayPal,Upgrade
Q1-TX-002760,785,04 Jan 2025,310.84,PayPal, Upgrade
Q1-TX-002761,1405,"Mar 19, 2025",79.81 USD,bank transfer,add-on
Q1-TX-002762,233,21 Jan 2025,$101,Bank Transfer,Subscription
Q1-TX-002763,302,2025-01-18,332.50,bank transfer, Add-on 
Q1-TX-002764,557,"Feb 06, 2025",USD -179.76,Credit Card , Refund
Q1-TX-002765,263,03/09/2025,62.96, PayPal, Add-on 
Q1-TX-002766,483,"Mar 16, 2025",$-435,CREDIT CARD,refund
Q1-TX-002767,12,"Mar 12, 2025",USD 170.80,DEBIT CARD, Add-on
Q1-TX-002768,648,2025-03-11,$-545,credit card, Refund 
Q1-TX-002769,905,30/03/2025,282.38 USD,paypal,Add-on 
Q1-TX-002770,917,10-03-2025,$-155,PayPal ,Refund 
Q1-TX-002771,806,"Mar 08, 2025",276.98 USD,credit card,subscription
Q1-TX-002772,154,16-02-2025,$191.46,CREDIT CARD,Add-on 
Q1-TX-002773,136,27-03-2025,215.49, PayPal , Upgrade
Q1-TX-002774,1088,03/11/2025,$205.12,Debit Card ,Subscription
Q1-TX-002775,1086,25 Mar 2025,$374, Bank Transfer ,Subscription
Q1-TX-002776,378,11/02/2025,$-461.38,Debit Card ,refund
Q1-TX-002777,1376,2025-03-13,269.09 USD,Credit Card,subscription
Q1-TX-002778,1069,02/14/2025,$144, PayPal ,subscription
Q1-TX-002779,1132,03/02/2025,$241, Bank Transfer, Subscription
Q1-TX-002780,369,08-03-2025,497.49 USD, Credit Card , Add-on
Q1-TX-002781,701,2025-03-23,213.35,bank transfer,upgrade
Q1-TX-002782,642,"Jan 02, 2025",377.11 USD,debit card,SUBSCRIPTION
Q1-TX-002783,1348,07/01/2025,USD 259.20,PAYPAL, Subscription
Q1-TX-002784,675,06/02/2025,-165.98,bank transfer, Refund 
Q1-TX-002785,504,"Jan 07, 2025",$130.25,Bank Transfer,ADD-ON
Q1-TX-002786,1037,2025-03-27,335.85,Debit Card,Add-on 
Q1-TX-002787,99,01/21/2025,$266,DEBIT CARD,UPGRADE
Q1-TX-002788,1286,2025-03-17,100.91 USD,credit card,Add-on 
Q1-TX-002789,1494,2025-02-21,367.81 USD,BANK TRANSFER,upgrade
Q1-TX-002790,459,2025-01-06,245.25, Credit Card,Subscription 
Q1-TX-002791,701,05-01-2025,$519.04, Debit Card ,SUBSCRIPTION
Q1-TX-002792,422,2025-03-26,USD 60.42,Bank Transfer , Subscription 
Q1-TX-002793,266,"Jan 05, 2025",297.18 USD, Credit Card ,UPGRADE
Q1-TX-002794,993,"Jan 17, 2025",$-259.05,Credit Card ,REFUND
Q1-TX-002795,1362,24/02/2025,285.47, Credit Card,Add-on 
Q1-TX-002796,39,"Jan 28, 2025",134.47,DEBIT CARD, Subscription
Q1-TX-002797,1288,28 Mar 2025,39.93 USD,paypal,ADD-ON
Q1-TX-002798,663,02/17/2025,$122.95,credit card,ADD-ON
Q1-TX-002799,1476,02/07/2025,243.81 USD, PayPal,add-on
Q1-TX-002800,1123,21/02/2025,, Bank Transfer ,Subscription 
Q1-TX-002801,726,"Mar 14, 2025",$361,Bank Transfer,Upgrade
Q1-TX-002802,961,2025-01-12,$-202.37, Bank Transfer, Refund
Q1-TX-002803,645,19 Jan 2025,-765.67, PayPal,refund
Q1-TX-002804,994,14 Jan 2025,-166.28 USD,Bank Transfer ,REFUND
Q1-TX-002805,1039,03/29/2025,USD 639.73, PayPal,SUBSCRIPTION
Q1-TX-002806,1252,25-02-2025,$-343.00, Credit Card,REFUND
Q1-TX-002807,772,01-01-2025,-351.99 USD,paypal,REFUND
Q1-TX-002808,1176,23 Feb 2025,USD 154.92,Debit Card ,Upgrade
Q1-TX-002809,1456,12 Feb 2025,583.43,PayPal,Subscription 
Q1-TX-002810,917,10 Jan 2025,$-427, Debit Card ,Refund
Q1-TX-002811,1246,2025-01-01,USD 412.93,Debit Card, Upgrade
Q1-TX-002812,216,2025-03-11,-180.35,Bank Transfer ,REFUND
Q1-TX-002813,170,08-02-2025,$349,paypal, Add-on 
Q1-TX-002814,275,"Mar 08, 2025",USD 279.74,CREDIT CARD,subscription
Q1-TX-002815,1463,2025-01-13,$69,Credit Card, Add-on
Q1-TX-002816,1076,09/02/2025,194.59,credit card, Upgrade 
Q1-TX-002817,450,08/03/2025,183.22, Bank Transfer , Subscription 
Q1-TX-002818,1015,08/03/2025,USD 334.39,CREDIT CARD, Subscription
Q1-TX-002819,629,29-01-2025,,PAYPAL, Refund 
Q1-TX-002820,1022,26-01-2025,$206.72,BANK TRANSFER,Add-on
Q1-TX-002821,44,12/01/2025,307.94,PayPal ,ADD-ON
Q1-TX-002822,397,"Mar 30, 2025",USD 47.62,Bank Transfer,Upgrade 
Q1-TX-002823,845,08/02/2025,231.06, Credit Card,ADD-ON
Q1-TX-002824,706,16 Feb 2025,$181, Debit Card ,SUBSCRIPTION
Q1-TX-002825,474,2025-03-26,-216.29,Bank Transfer,REFUND
Q1-TX-002826,301,2025-02-26,-371.89 USD,PayPal , Refund
Q1-TX-002827,153,21-02-2025,$440.85, Debit Card,Add-on
Q1-TX-002828,125,12 Jan 2025,125.89, PayPal,Upgrade
Q1-TX-002829,567,"Jan 25, 2025",,Credit Card,subscription
Q1-TX-002830,1088,29 Jan 2025,$-471,Credit Card ,Refund 
Q1-TX-002831,1400,22-01-2025,-53.32,Debit Card ,Refund
Q1-TX-002832,14,25/03/2025,USD -276.47,PayPal,Refund 
Q1-TX-002833,692,19/03/2025,$268.93,Bank Transfer ,SUBSCRIPTION
Q1-TX-002834,778,2025-02-18,USD 601.64,paypal,Add-on 
Q1-TX-002835,394,10/02/2025,$447,paypal,Add-on 
Q1-TX-002836,541,18 Feb 2025,USD 201.83,CREDIT CARD,Add-on
Q1-TX-002837,1164,12 Mar 2025,200.21, Debit Card,Upgrade 
Q1-TX-002838,1038,02/12/2025,$391.80, Bank Transfer ,subscription
Q1-TX-002839,777,02/19/2025,241.16 USD,Credit Card ,subscription
Q1-TX-002840,640,17/01/2025,-199.50,Credit Card ,refund
Q1-TX-002841,18,07/02/2025,$130.60,PayPal,Subscription
Q1-TX-002842,1235,"Feb 07, 2025",$274, Bank Transfer,subscription
Q1-TX-002843,544,02/12/2025,USD 177.82,BANK TRANSFER,add-on
Q1-TX-002844,757,01/12/2025,$653,Credit Card ,Subscription 
Q1-TX-002845,1466,02/15/2025,80.69,Bank Transfer ,UPGRADE
Q1-TX-002846,54,19-03-2025,71.46 USD, Debit Card ,SUBSCRIPTION
Q1-TX-002847,1164,2025-03-15,281.02,Debit Card, Add-on 
Q1-TX-002848,207,2025-03-06,$341.24,BANK TRANSFER, Add-on 
Q1-TX-002849,637,2025-01-07,-170.49,paypal,REFUND
Q1-TX-002850,734,"Feb 26, 2025",$297.57,PayPal,Upgrade
Q1-TX-002851,1348,03 Jan 2025,230.58,bank transfer, Upgrade 
Q1-TX-002852,660,03/15/2025,$313, PayPal,ADD-ON
Q1-TX-002853,875,30/01/2025,224.08 USD, Debit Card ,Upgrade
Q1-TX-002854,1479,01/24/2025,$-248.59, PayPal,Refund 
Q1-TX-002855,205,15-02-2025,269.40 USD,Bank Transfer , Add-on
Q1-TX-002856,827,2025-03-03,857.25,Credit Card,Add-on 
Q1-TX-002857,76,02/01/2025,162.30 USD,Bank Transfer , Subscription
Q1-TX-002858,50,20-03-2025,189.17, PayPal, Upgrade 
Q1-TX-002859,1123,2025-02-28,$-172.78,paypal,REFUND
Q1-TX-002860,925,03/03/2025,80.68,DEBIT CARD,Subscription 
Q1-TX-002861,1061,23 Feb 2025,$346,paypal,subscription
Q1-TX-002862,833,12-02-2025,$200.64,PAYPAL, Subscription 
Q1-TX-002863,472,02/26/2025,-170.02,Bank Transfer ,Refund 
Q1-TX-002864,256,12 Jan 2025,$-167,debit card,refund
Q1-TX-002865,163,"Mar 24, 2025",-558.23 USD,PAYPAL,refund
Q1-TX-002866,1168,"Mar 09, 2025",528.53,Debit Card ,Subscription
Q1-TX-002867,1231,26-02-2025,$595.28,DEBIT CARD,add-on
Q1-TX-002868,216,26/02/2025,-182.35,paypal, Refund 
Q1-TX-002869,1460,"Jan 02, 2025",49.79 USD,Credit Card,Upgrade
Q1-TX-002870,179,03/27/2025,$-201,Credit Card, Refund
Q1-TX-002871,646,21 Feb 2025,207.15 USD, Debit Card, Add-on 
Q1-TX-002872,1252,26-01-2025,301.72,Credit Card,SUBSCRIPTION
Q1-TX-002873,175,05-01-2025,140.66,Bank Transfer ,Subscription
Q1-TX-002874,1065,27/02/2025,-192.59 USD, Bank Transfer ,Refund
Q1-TX-002875,868,2025-02-05,190.50 USD, PayPal ,Subscription
Q1-TX-002876,530,2025-02-04,USD 363.82,PayPal,upgrade
Q1-TX-002877,910,08/03/2025,$-313.93, PayPal,REFUND
Q1-TX-002878,927,04 Jan 2025,302.21,Bank Transfer, Subscription
Q1-TX-002879,264,30/01/2025,114.99, Bank Transfer ,SUBSCRIPTION
Q1-TX-002880,1177,13-01-2025,661.88 USD,debit card,Subscription
Q1-TX-002881,1425,26-02-2025,525.99 USD, Credit Card,UPGRADE
Q1-TX-002882,247,24 Mar 2025,$448,Bank Transfer , Add-on
Q1-TX-002883,400,27-01-2025,-46.94 USD,credit card, Refund
Q1-TX-002884,1141,13-01-2025,96.17,PAYPAL,upgrade
Q1-TX-002885,229,26 Mar 2025,$267, Debit Card ,Upgrade
Q1-TX-002886,117,06 Feb 2025,195.65 USD, Debit Card ,ADD-ON
Q1-TX-002887,520,07-01-2025,105.95,paypal, Upgrade 
Q1-TX-002888,720,08 Feb 2025,$-164, Bank Transfer ,Refund 
Q1-TX-002889,454,2025-01-27,590.60,DEBIT CARD,Upgrade
Q1-TX-002890,1353,2025-01-30,130.16, PayPal,Upgrade
Q1-TX-002891,1110,02-01-2025,512.64, Debit Card ,SUBSCRIPTION
Q1-TX-002892,1274,31 Jan 2025,USD -218.37, Bank Transfer , Refund 
Q1-TX-002893,642,"Mar 27, 2025",120.66,Credit Card ,Upgrade
Q1-TX-002894,32,29-03-2025,$109,Credit Card,Subscription
Q1-TX-002895,1174,28/03/2025,$214.71,Debit Card ,add-on
Q1-TX-002896,223,31-03-2025,, Bank Transfer , Subscription
Q1-TX-002897,622,"Mar 03, 2025",USD 259.34,PayPal, Add-on 
Q1-TX-002898,1409,03/01/2025,$69, Bank Transfer ,Add-on 
Q1-TX-002899,1493,13/02/2025,$467.59,PayPal , Upgrade
Q1-TX-002900,1302,03/01/2025,172.53, Credit Card ,ADD-ON
Q1-TX-002901,74,10 Mar 2025,$-440,Debit Card , Refund
Q1-TX-002902,439,01/17/2025,$98,CREDIT CARD, Upgrade 
Q1-TX-002903,1484,06 Jan 2025,347.46,Bank Transfer,Upgrade
Q1-TX-002904,52,03/20/2025,63.81,PayPal,UPGRADE
Q1-TX-002905,390,01/03/2025,$248,Credit Card,SUBSCRIPTION
Q1-TX-002906,689,21-02-2025,496.20,DEBIT CARD,ADD-ON
Q1-TX-002907,24,20/02/2025,USD 434.06,credit card, Add-on
Q1-TX-002908,846,23-01-2025,-275.59 USD,DEBIT CARD,Refund 
Q1-TX-002909,501,16/03/2025,USD 296.04, Credit Card,Add-on 
Q1-TX-002910,922,"Mar 15, 2025",$251.10,Bank Transfer,ADD-ON
Q1-TX-002911,948,10/03/2025,-244.83, Bank Transfer , Refund 
Q1-TX-002912,359,2025-02-12,USD 35.84,PayPal,Subscription
Q1-TX-002913,570,"Mar 16, 2025",$346.02, Debit Card , Subscription 
Q1-TX-002914,660,11 Mar 2025,USD -121.15,DEBIT CARD, Refund 
Q1-TX-002915,306,16/03/2025,$190.02, Credit Card ,Upgrade 
Q1-TX-002916,200,03-02-2025,$286,DEBIT CARD,ADD-ON
Q1-TX-002917,1343,01-03-2025,383.15,debit card,Add-on 
Q1-TX-002918,743,01/09/2025,$97,debit card, Add-on 
Q1-TX-002919,602,09 Mar 2025,125.70,debit card, Upgrade 
Q1-TX-002920,835,27-02-2025,, Bank Transfer, Add-on 
Q1-TX-002921,1027,"Feb 12, 2025",355.91 USD, Bank Transfer,subscription
Q1-TX-002922,684,15 Jan 2025,-431.07,Credit Card, Refund 
Q1-TX-002923,199,2025-03-10,$310,paypal, Upgrade
Q1-TX-002924,496,2025-01-22,USD 212.81,DEBIT CARD,UPGRADE
Q1-TX-002925,464,03/24/2025,$376, PayPal, Subscription
Q1-TX-002926,1180,26 Feb 2025,$-78,Bank Transfer, Refund
Q1-TX-002927,105,"Jan 02, 2025",-245.30,PayPal , Refund
Q1-TX-002928,18,23-02-2025,$383, PayPal ,Add-on 
Q1-TX-002929,803,17-03-2025,232.31,credit card, Upgrade 
Q1-TX-002930,1274,02/09/2025,$120.55, PayPal,SUBSCRIPTION
Q1-TX-002931,1108,29-03-2025,133.63 USD,PayPal ,Subscription 
Q1-TX-002932,1372,"Feb 18, 2025",-234.08,CREDIT CARD,Refund 
Q1-TX-002933,847,22 Jan 2025,242.37,paypal,subscription
Q1-TX-002934,1129,2025-01-16,USD 31.29, Credit Card, Subscription
Q1-TX-002935,1257,10-03-2025,USD 404.67, Bank Transfer ,Subscription 
Q1-TX-002936,496,"Feb 21, 2025",USD 148.24,paypal,subscription
Q1-TX-002937,1172,25-01-2025,USD 91.53, PayPal,Add-on 
Q1-TX-002938,518,02 Jan 2025,241.50,Credit Card ,Upgrade
Q1-TX-002939,1252,"Feb 06, 2025",127.36,credit card,Upgrade
Q1-TX-002940,1230,01/02/2025,172.94,paypal, Add-on 
Q1-TX-002941,660,28 Jan 2025,315.63,PayPal, Subscription 
Q1-TX-002942,374,16/01/2025,$257.83,credit card, Subscription 
Q1-TX-002943,1026,11 Mar 2025,192.03,Credit Card ,subscription
Q1-TX-002944,1198,2025-02-24,160.45 USD, PayPal , Add-on
Q1-TX-002945,1410,08/02/2025,211.60 USD,Credit Card ,subscription
Q1-TX-002946,1256,2025-02-13,$-175.47, Credit Card ,refund
Q1-TX-002947,1485,23/02/2025,$88.22, PayPal, Upgrade
Q1-TX-002948,1309,31/03/2025,234.01,PAYPAL,Add-on 
Q1-TX-002949,1027,03/29/2025,$-608, Bank Transfer,Refund
Q1-TX-002950,605,"Jan 21, 2025",$-77, Credit Card, Refund
Q1-TX-002951,884,06/01/2025,-497.80,BANK TRANSFER,refund
Q1-TX-002952,233,04-01-2025,USD 160.48,PayPal ,Subscription 
Q1-TX-002953,187,03/19/2025,169.05,Credit Card,Upgrade 
Q1-TX-002954,1172,2025-01-16,53.86 USD,bank transfer, Upgrade 
Q1-TX-002955,670,30/01/2025,$647.09,Debit Card,Subscription
Q1-TX-002956,1286,09 Mar 2025,151.36 USD,paypal, Add-on 
Q1-TX-002957,1369,26/03/2025,$72.72,CREDIT CARD,Subscription 
Q1-TX-002958,720,03/01/2025,108.60,debit card,UPGRADE
Q1-TX-002959,1362,03/20/2025,$-139.02, Credit Card ,REFUND
Q1-TX-002960,1300,2025-01-14,-201.83,PAYPAL, Refund
Q1-TX-002961,709,2025-01-20,212.34,Bank Transfer,Upgrade 
Q1-TX-002962,888,31/01/2025,$253.73,CREDIT CARD, Add-on 
Q1-TX-002963,209,23-03-2025,210.31, Debit Card, Add-on
Q1-TX-002964,1047,02/04/2025,-288.99, Credit Card,refund
Q1-TX-002965,597,02/17/2025,$162, PayPal ,Subscription
Q1-TX-002966,1043,03/21/2025,USD 423.56,PAYPAL,subscription
Q1-TX-002967,47,09-01-2025,$364.25,PayPal ,Subscription 
Q1-TX-002968,252,31 Jan 2025,$-231, Bank Transfer,refund
Q1-TX-002969,546,01/29/2025,USD -129.90,Bank Transfer ,REFUND
Q1-TX-002970,593,03/01/2025,$51.94, Bank Transfer ,Upgrade 
Q1-TX-002971,531,01/11/2025,USD -263.02, Credit Card , Refund
Q1-TX-002972,136,2025-01-24,579.87,credit card,add-on
Q1-TX-002973,634,2025-03-01,-194.95,Bank Transfer,refund
Q1-TX-002974,210,22 Jan 2025,$227.45,Credit Card,Subscription
Q1-TX-002975,1409,2025-03-16,531.63,PayPal,Upgrade
Q1-TX-002976,1157,02-01-2025,206.13, Debit Card ,Subscription 
Q1-TX-002977,777,11 Feb 2025,$216,PAYPAL,ADD-ON
Q1-TX-002978,249,02/03/2025,-283.09, Debit Card , Refund
Q1-TX-002979,978,2025-03-01,USD 286.34, Credit Card , Upgrade
Q1-TX-002980,407,27-02-2025,200.22, PayPal,Add-on
Q1-TX-002981,826,19/02/2025,167.57 USD, Credit Card, Add-on 
Q1-TX-002982,1475,22-02-2025,219.51,BANK TRANSFER,UPGRADE
Q1-TX-002983,1214,"Jan 19, 2025",USD 97.43,debit card,subscription
Q1-TX-002984,648,"Mar 27, 2025",-355.39, Bank Transfer, Refund
Q1-TX-002985,1477,"Mar 10, 2025",$-410.45,PAYPAL,Refund
Q1-TX-002986,299,03/11/2025,$391.44,Credit Card ,Upgrade
Q1-TX-002987,160,18/01/2025,206.50,Credit Card,SUBSCRIPTION
Q1-TX-002988,1470,27 Feb 2025,$609,Bank Transfer,upgrade
Q1-TX-002989,1354,2025-02-26,$309,Bank Transfer,Add-on 
Q1-TX-002990,120,03/04/2025,177.75, Debit Card , Upgrade 
Q1-TX-002991,1143,"Feb 16, 2025",USD 124.67,PAYPAL,Subscription
Q1-TX-002992,94,"Feb 25, 2025",-200.07, Bank Transfer, Refund
Q1-TX-002993,817,"Mar 11, 2025",$268.50, PayPal , Upgrade
Q1-TX-002994,208,17-03-2025,286.76,BANK TRANSFER,add-on
Q1-TX-002995,1412,03/14/2025,323.80,CREDIT CARD,upgrade
Q1-TX-002996,568,2025-01-28,-599.98,debit card,Refund 
Q1-TX-002997,290,14-01-2025,348.81,Debit Card , Upgrade
Q1-TX-002998,772,09/02/2025,-124.11 USD,bank transfer, Refund 
Q1-TX-002999,622,"Feb 05, 2025",-343.32 USD, PayPal,Refund 
Q1-TX-003000,138,2025-02-24,$223.36,paypal,UPGRADE
Q1-TX-001527,1032,2025-03-17,327.04,bank transfer,Add-on
Q1-TX-001635,586,11 Jan 2025,USD 240.49,Credit Card,Subscription 
Q1-TX-001086,1358,2025-01-06,USD 167.97,paypal,Upgrade
Q1-TX-000528,431,2025-03-18,496.03 USD,PayPal, Upgrade 
Q1-TX-001241,651,"Jan 09, 2025",,Debit Card,refund
Q1-TX-001789,758,01/04/2025,$302.20, Debit Card,Subscription
Q1-TX-001726,389,"Jan 29, 2025",$280.11,bank transfer,add-on
Q1-TX-002723,1111,20-03-2025,-72.16 USD, PayPal ,Refund
Q1-TX-002583,319,19 Feb 2025,138.29 USD,Credit Card ,Add-on
Q1-TX-001671,1005,06/03/2025,$233.43,debit card,upgrade
Q1-TX-001766,768,01/03/2025,USD 279.19, PayPal ,Upgrade 
Q1-TX-000174,509,"Mar 17, 2025",-178.55,Debit Card ,Refund
Q1-TX-000597,1002,25/03/2025,160.01,Credit Card,SUBSCRIPTION
Q1-TX-000791,470,"Feb 08, 2025",-175.31,Bank Transfer,Refund 
Q1-TX-000688,752,03/17/2025,USD 284.87, PayPal, Upgrade
Q1-TX-001570,294,23/02/2025,$351.59, Debit Card, Subscription 
Q1-TX-001509,617,2025-02-14,$295,DEBIT CARD,Add-on
Q1-TX-001581,451,02/16/2025,167.13 USD, PayPal,SUBSCRIPTION
Q1-TX-000680,887,10 Jan 2025,113.26 USD,Credit Card, Subscription
Q1-TX-001834,1258,01/01/2025,$198, Bank Transfer ,SUBSCRIPTION
Q1-TX-002204,896,31/01/2025,USD 144.91,bank transfer,Add-on 
Q1-TX-001308,240,06 Jan 2025,-214.84,Credit Card ,Refund 
Q1-TX-002737,1433,19/02/2025,170.48,Debit Card,Subscription
Q1-TX-001281,107,05-03-2025,633.01,DEBIT CARD,ADD-ON
Q1-TX-001990,1154,16/02/2025,USD 284.50,PayPal,Upgrade 
