transaction_id,user_id,transaction_date,amount,payment_type,transaction_type,source_system
Q3-TX-000001,918,2025-07-16,USD 209.38,Bank Transfer, Subscription ,Legacy Billing
Q3-TX-000002,338,09/25/2025,212.29, Credit Card ,add-on,Legacy Billing
Q3-TX-000003,1039,03-08-2025,USD 341.01, Credit Card ,ADD-ON,Legacy Billing
Q3-TX-000004,361,2025-08-25,665.58 USD,Credit Card ,Add-on,Legacy Billing
Q3-TX-000005,1098,09/23/2025,USD -152.49,debit card,refund,Legacy Billing
Q3-TX-000006,997,"Aug 02, 2025",343.45, Credit Card , Upgrade,Legacy Billing
Q3-TX-000007,790,07/30/2025,503.47, PayPal,Upgrade ,Legacy Billing
Q3-TX-000008,500,27-09-2025,496.54,debit card,Upgrade,Legacy Billing
Q3-TX-000009,220,18-09-2025,369.48, PayPal,Upgrade,Legacy Billing
Q3-TX-000010,1340,2025-09-19,$447, Debit Card,UPGRADE,Legacy Billing
Q3-TX-000011,1295,20-09-2025,185.01, Bank Transfer,Upgrade,Legacy Billing
Q3-TX-000012,704,07 Jul 2025,155.90 USD,DEBIT CARD, Subscription,Legacy Billing
Q3-TX-000013,590,"Aug 13, 2025",$28,Bank Transfer,subscription,Legacy Billing
Q3-TX-000014,1138,"Jul 27, 2025",160.22,CREDIT CARD,Add-on,Legacy Billing
Q3-TX-000015,353,"Aug 02, 2025",$174,Debit Card,add-on,Legacy Billing
Q3-TX-000016,1365,02-07-2025,USD -44.86,credit card,Refund,Legacy Billing
Q3-TX-000017,223,12/09/2025,USD 108.17,BANK TRANSFER, Upgrade,Legacy Billing
Q3-TX-000018,773,2025-07-29,625.67,Bank Transfer,Subscription ,Legacy Billing
Q3-TX-000019,865,04 Jul 2025,USD 209.55,Bank Transfer , Upgrade,Legacy Billing
Q3-TX-000020,784,07/01/2025,110.32, Debit Card,add-on,Legacy Billing
Q3-TX-000021,1133,2025-09-04,$-192.38,Bank Transfer,Refund ,Legacy Billing
Q3-TX-000022,579,09/28/2025,-256.48 USD, Credit Card ,Refund,Legacy Billing
Q3-TX-000023,287,"Jul 20, 2025",$-216,DEBIT CARD,refund,Legacy Billing
Q3-TX-000024,354,"Aug 20, 2025",$134, Debit Card, Upgrade,Legacy Billing
Q3-TX-000025,1218,2025-08-26,USD 349.68, PayPal , Add-on,Legacy Billing
Q3-TX-000026,383,"Jul 07, 2025",$769,Debit Card,upgrade,Legacy Billing
Q3-TX-000027,199,16/09/2025,$-422.13, Credit Card, Refund ,Legacy Billing
Q3-TX-000028,1118,09 Aug 2025,$190.55,Credit Card,UPGRADE,Legacy Billing
Q3-TX-000029,492,"Aug 05, 2025",-202.77,paypal, Refund ,Legacy Billing
Q3-TX-000030,1251,22/07/2025,USD -309.70,PayPal,REFUND,Legacy Billing
Q3-TX-000031,1284,2025-07-09,245.88,Bank Transfer ,Add-on ,Legacy Billing
Q3-TX-000032,892,2025-08-04,411.16,BANK TRANSFER,SUBSCRIPTION,Legacy Billing
Q3-TX-000033,1394,"Jul 03, 2025",455.33, Bank Transfer, Add-on,Legacy Billing
Q3-TX-000034,274,03/09/2025,$63.20,Credit Card,upgrade,Legacy Billing
Q3-TX-000035,1380,28/08/2025,$296,BANK TRANSFER,subscription,Legacy Billing
Q3-TX-000036,168,2025-08-28,,Debit Card , Refund,Legacy Billing
Q3-TX-000037,691,02-08-2025,558.09, Bank Transfer , Subscription ,Legacy Billing
Q3-TX-000038,427,30-09-2025,177.67,PayPal ,subscription,Legacy Billing
Q3-TX-000039,206,"Aug 15, 2025",USD 65.90,debit card,add-on,Legacy Billing
Q3-TX-000040,446,30/08/2025,261.70,Credit Card ,ADD-ON,Legacy Billing
Q3-TX-000041,827,30/09/2025,489.83,BANK TRANSFER, Upgrade,Legacy Billing
Q3-TX-000042,1062,19/08/2025,$481.95,Debit Card,Subscription ,Legacy Billing
Q3-TX-000043,1023,09/26/2025,$293, Debit Card ,Subscription ,Legacy Billing
Q3-TX-000044,285,31 Aug 2025,155.18, Debit Card ,subscription,Legacy Billing
Q3-TX-000045,774,2025-07-10,$186, Credit Card, Add-on ,Legacy Billing
Q3-TX-000046,1081,07/11/2025,98.74,Debit Card ,Subscription ,Legacy Billing
Q3-TX-000047,94,01-07-2025,236.51, Credit Card , Add-on,Legacy Billing
Q3-TX-000048,779,"Sep 01, 2025",247.14, PayPal,ADD-ON,Legacy Billing
Q3-TX-000049,1179,09/27/2025,$80,CREDIT CARD,Subscription ,Legacy Billing
Q3-TX-000050,1482,"Sep 18, 2025",397.26 USD,paypal,UPGRADE,Legacy Billing
Q3-TX-000051,436,17-09-2025,-15.90, PayPal ,refund,Legacy Billing
Q3-TX-000052,781,25-09-2025,-311.54, Debit Card, Refund,Legacy Billing
Q3-TX-000053,1239,24/09/2025,$-373.67,PayPal ,REFUND,Legacy Billing
Q3-TX-000054,680,"Jul 28, 2025",$415.75, PayPal ,Upgrade ,Legacy Billing
Q3-TX-000055,1290,2025-08-06,$227.91, Credit Card,Add-on,Legacy Billing
Q3-TX-000056,647,2025-08-04,244.56,Debit Card,Subscription ,Legacy Billing
Q3-TX-000057,156,19 Sep 2025,$387, PayPal,Subscription ,Legacy Billing
Q3-TX-000058,102,"Sep 19, 2025",259.32,Debit Card ,add-on,Legacy Billing
Q3-TX-000059,177,18/07/2025,$-133.78,PayPal,refund,Legacy Billing
Q3-TX-000060,426,09/30/2025,USD 258.74, Credit Card , Upgrade,Legacy Billing
Q3-TX-000061,743,"Aug 26, 2025",-589.28,Bank Transfer, Refund ,Legacy Billing
Q3-TX-000062,427,2025-07-09,160.10, Debit Card , Upgrade,Legacy Billing
Q3-TX-000063,894,09-09-2025,-138.60,paypal,Refund ,Legacy Billing
Q3-TX-000064,80,14-08-2025,$191,PayPal ,add-on,Legacy Billing
Q3-TX-000065,164,07/07/2025,$274.13,debit card,ADD-ON,Legacy Billing
Q3-TX-000066,1034,2025-08-10,119.25 USD,Debit Card ,UPGRADE,Legacy Billing
Q3-TX-000067,180,09/13/2025,61.28 USD, Credit Card, Upgrade,Legacy Billing
Q3-TX-000068,1163,12/09/2025,$257,bank transfer,Add-on,Legacy Billing
Q3-TX-000069,154,"Aug 10, 2025",$237.17,PayPal , Add-on ,Legacy Billing
Q3-TX-000070,867,17/08/2025,$-62, PayPal,REFUND,Legacy Billing
Q3-TX-000071,860,07/05/2025,$85.15, Debit Card ,Subscription ,Legacy Billing
Q3-TX-000072,804,16-09-2025,$224,credit card,SUBSCRIPTION,Legacy Billing
Q3-TX-000073,341,"Jul 23, 2025",$161.61,PayPal , Add-on ,Legacy Billing
Q3-TX-000074,892,21 Aug 2025,119.13,Debit Card,Subscription,Legacy Billing
Q3-TX-000075,1261,2025-07-15,-164.35,BANK TRANSFER, Refund ,Legacy Billing
Q3-TX-000076,939,2025-09-07,-125.66 USD, Debit Card,Refund ,Legacy Billing
Q3-TX-000077,1301,2025-07-22,-194.18,PayPal , Refund,Legacy Billing
Q3-TX-000078,343,13/07/2025,-348.64,debit card,Refund,Legacy Billing
Q3-TX-000079,489,06 Jul 2025,USD 385.12, PayPal ,SUBSCRIPTION,Legacy Billing
Q3-TX-000080,342,2025-07-20,$130, Debit Card ,add-on,Legacy Billing
Q3-TX-000081,983,2025-07-19,-241.68,DEBIT CARD,Refund ,Legacy Billing
Q3-TX-000082,776,"Jul 05, 2025",240.21, Bank Transfer , Upgrade,Legacy Billing
Q3-TX-000083,187,"Jul 04, 2025",71.08,PayPal ,add-on,Legacy Billing
Q3-TX-000084,1197,"Jul 19, 2025",38.32, PayPal , Add-on,Legacy Billing
Q3-TX-000085,1110,25-07-2025,$456,PayPal ,UPGRADE,Legacy Billing
Q3-TX-000086,248,07 Aug 2025,307.75 USD,Debit Card ,subscription,Legacy Billing
Q3-TX-000087,616,07/02/2025,$448.15,paypal, Add-on,Legacy Billing
Q3-TX-000088,977,14-07-2025,379.14 USD,BANK TRANSFER,ADD-ON,Legacy Billing
Q3-TX-000089,655,28/08/2025,$308,BANK TRANSFER,Subscription ,Legacy Billing
Q3-TX-000090,304,"Jul 19, 2025",$382.38,debit card,Subscription,Legacy Billing
Q3-TX-000091,263,"Aug 30, 2025",$193.96, Bank Transfer,Upgrade ,Legacy Billing
Q3-TX-000092,1314,19/07/2025,$324.68, Credit Card ,upgrade,Legacy Billing
Q3-TX-000093,714,08/17/2025,$374.27,paypal, Add-on ,Legacy Billing
Q3-TX-000094,830,07/05/2025,$314.85,Credit Card ,Subscription,Legacy Billing
Q3-TX-000095,414,11/07/2025,,PayPal ,subscription,Legacy Billing
Q3-TX-000096,1459,23-07-2025,94.58,paypal,UPGRADE,Legacy Billing
Q3-TX-000097,395,31 Jul 2025,299.09 USD, Credit Card,subscription,Legacy Billing
Q3-TX-000098,808,14 Sep 2025,123.27 USD,BANK TRANSFER,Upgrade ,Legacy Billing
Q3-TX-000099,1310,2025-09-03,$127.17, PayPal, Subscription ,Legacy Billing
Q3-TX-000100,1375,2025-07-10,162.62, Bank Transfer, Add-on ,Legacy Billing
Q3-TX-000101,789,2025-08-15,$180, PayPal, Subscription ,Legacy Billing
Q3-TX-000102,1012,09/09/2025,167.59 USD,Bank Transfer ,Add-on ,Legacy Billing
Q3-TX-000103,703,16 Aug 2025,USD 158.65, PayPal ,Add-on ,Legacy Billing
Q3-TX-000104,1423,16 Jul 2025,$194.92, Bank Transfer ,Upgrade ,Legacy Billing
Q3-TX-000105,801,07/02/2025,$82.59,credit card, Subscription ,Legacy Billing
Q3-TX-000106,26,06/07/2025,$-60.82,Credit Card ,Refund ,Legacy Billing
Q3-TX-000107,24,2025-09-06,526.42, PayPal ,SUBSCRIPTION,Legacy Billing
Q3-TX-000108,521,08/13/2025,USD 108.55,PAYPAL,Subscription ,Legacy Billing
Q3-TX-000109,300,07/22/2025,USD 13.48,BANK TRANSFER, Upgrade,Legacy Billing
Q3-TX-000110,577,09/23/2025,$141.34,DEBIT CARD,Upgrade ,Legacy Billing
Q3-TX-000111,1021,"Aug 07, 2025",43.57 USD, Credit Card ,add-on,Legacy Billing
Q3-TX-000112,470,"Sep 02, 2025",66.91 USD,credit card, Subscription ,Legacy Billing
Q3-TX-000113,175,2025-08-05,$205, Credit Card,Upgrade,Legacy Billing
Q3-TX-000114,625,28-09-2025,USD 73.47,CREDIT CARD,Subscription ,Legacy Billing
Q3-TX-000115,860,"Aug 18, 2025",452.34,CREDIT CARD,Upgrade,Legacy Billing
Q3-TX-000116,1358,09/14/2025,$329.49, Bank Transfer,Subscription ,Legacy Billing
Q3-TX-000117,1436,29-09-2025,26.75, Bank Transfer ,upgrade,Legacy Billing
Q3-TX-000118,908,08 Aug 2025,383.96 USD,debit card,Add-on ,Legacy Billing
Q3-TX-000119,666,11/07/2025,215.06,Bank Transfer , Subscription,Legacy Billing
Q3-TX-000120,1027,29 Jul 2025,$-85.94,DEBIT CARD, Refund,Legacy Billing
Q3-TX-000121,1297,20/07/2025,USD -158.05,Credit Card,REFUND,Legacy Billing
Q3-TX-000122,879,09/14/2025,$247, Debit Card,Upgrade ,Legacy Billing
Q3-TX-000123,911,05/08/2025,USD -412.63, Bank Transfer,Refund,Legacy Billing
Q3-TX-000124,1069,09/26/2025,$90,Credit Card,upgrade,Legacy Billing
Q3-TX-000125,514,02 Sep 2025,$209.14, Credit Card,upgrade,Legacy Billing
Q3-TX-000126,540,14 Aug 2025,USD 372.76,PayPal,Subscription ,Legacy Billing
Q3-TX-000127,635,"Jul 02, 2025",-252.75 USD, PayPal, Refund,Legacy Billing
Q3-TX-000128,779,07/14/2025,$526.44, Debit Card ,UPGRADE,Legacy Billing
Q3-TX-000129,413,29/09/2025,$150.37,PayPal, Add-on,Legacy Billing
Q3-TX-000130,532,09/13/2025,154.41,DEBIT CARD,Upgrade ,Legacy Billing
Q3-TX-000131,901,23/08/2025,-32.56 USD, Debit Card , Refund ,Legacy Billing
Q3-TX-000132,290,30 Sep 2025,-197.12,BANK TRANSFER, Refund ,Legacy Billing
Q3-TX-000133,1174,"Jul 20, 2025",USD 290.61,Debit Card,Upgrade,Legacy Billing
Q3-TX-000134,658,21 Jul 2025,$400,PayPal , Add-on,Legacy Billing
Q3-TX-000135,1415,13-07-2025,214.09,paypal,upgrade,Legacy Billing
Q3-TX-000136,1223,"Sep 25, 2025",-416.86,Credit Card ,Refund ,Legacy Billing
Q3-TX-000137,459,09/08/2025,305.00 USD,Debit Card ,Upgrade,Legacy Billing
Q3-TX-000138,179,"Aug 02, 2025",610.90 USD, Debit Card ,Subscription ,Legacy Billing
Q3-TX-000139,881,07/08/2025,$-258,Bank Transfer ,Refund ,Legacy Billing
Q3-TX-000140,93,29/07/2025,325.46 USD, PayPal, Add-on ,Legacy Billing
Q3-TX-000141,910,05/07/2025,-294.43,PayPal , Refund,Legacy Billing
Q3-TX-000142,710,31 Jul 2025,, PayPal ,refund,Legacy Billing
Q3-TX-000143,594,02-09-2025,266.26 USD, Credit Card,ADD-ON,Legacy Billing
Q3-TX-000144,348,20/07/2025,$10, Bank Transfer, Add-on,Legacy Billing
Q3-TX-000145,1250,2025-09-07,170.59 USD,PAYPAL,Add-on,Legacy Billing
Q3-TX-000146,279,07/25/2025,$82.91,Bank Transfer,Add-on,Legacy Billing
Q3-TX-000147,584,02/08/2025,$144.56,Credit Card,SUBSCRIPTION,Legacy Billing
Q3-TX-000148,1198,14/07/2025,USD -163.14,bank transfer,Refund,Legacy Billing
Q3-TX-000149,1421,15/07/2025,USD 429.01, Debit Card,Upgrade ,Legacy Billing
Q3-TX-000150,1047,"Aug 13, 2025",USD 354.93,bank transfer,Add-on ,Legacy Billing
Q3-TX-000151,1373,23/08/2025,$742.68,PAYPAL, Upgrade ,Legacy Billing
Q3-TX-000152,33,2025-07-03,209.67,paypal,add-on,Legacy Billing
Q3-TX-000153,188,20-08-2025,-101.04,PayPal,Refund ,Legacy Billing
Q3-TX-000154,753,"Jul 12, 2025",USD 113.32,DEBIT CARD,Upgrade,Legacy Billing
Q3-TX-000155,511,06 Sep 2025,384.75, PayPal,Upgrade ,Legacy Billing
Q3-TX-000156,1190,20-09-2025,137.71,Credit Card, Upgrade,Legacy Billing
Q3-TX-000157,1089,2025-09-10,59.18,paypal,Upgrade ,Legacy Billing
Q3-TX-000158,867,2025-08-05,$-297,bank transfer, Refund,Legacy Billing
Q3-TX-000159,328,07/10/2025,369.87 USD,Credit Card ,upgrade,Legacy Billing
Q3-TX-000160,527,26 Aug 2025,53.67, PayPal,Subscription,Legacy Billing
Q3-TX-000161,1429,24 Aug 2025,148.40 USD,paypal, Subscription ,Legacy Billing
Q3-TX-000162,24,2025-07-06,137.93,Credit Card ,ADD-ON,Legacy Billing
Q3-TX-000163,150,09/04/2025,$-220,debit card, Refund,Legacy Billing
Q3-TX-000164,870,03/07/2025,-137.04 USD,PayPal , Refund,Legacy Billing
Q3-TX-000165,757,15/07/2025,199.12, Credit Card,Subscription,Legacy Billing
Q3-TX-000166,964,06 Jul 2025,250.60 USD,Debit Card ,ADD-ON,Legacy Billing
Q3-TX-000167,250,29/07/2025,53.93 USD, PayPal, Add-on,Legacy Billing
Q3-TX-000168,1409,07 Jul 2025,USD 181.35, Debit Card, Add-on ,Legacy Billing
Q3-TX-000169,982,19 Jul 2025,USD -157.61,CREDIT CARD,Refund ,Legacy Billing
Q3-TX-000170,590,31 Aug 2025,181.74 USD,CREDIT CARD, Add-on ,Legacy Billing
Q3-TX-000171,1429,20/08/2025,USD -181.56, PayPal, Refund ,Legacy Billing
Q3-TX-000172,96,"Aug 24, 2025",46.74,PayPal, Upgrade,Legacy Billing
Q3-TX-000173,1225,18/09/2025,USD -583.91, PayPal ,Refund,Legacy Billing
Q3-TX-000174,181,11-08-2025,USD 228.47,Bank Transfer ,Add-on,Legacy Billing
Q3-TX-000175,1161,"Sep 05, 2025",$391, Credit Card , Add-on,Legacy Billing
Q3-TX-000176,1085,11-09-2025,$111.93,Debit Card,ADD-ON,Legacy Billing
Q3-TX-000177,1315,"Sep 15, 2025",USD 454.44,PayPal,SUBSCRIPTION,Legacy Billing
Q3-TX-000178,103,25 Jul 2025,USD 225.02,Debit Card ,upgrade,Legacy Billing
Q3-TX-000179,1311,"Sep 02, 2025",-316.56,Debit Card ,REFUND,Legacy Billing
Q3-TX-000180,255,13-08-2025,$67.31, Debit Card , Subscription,Legacy Billing
Q3-TX-000181,127,16-09-2025,-163.29 USD, Credit Card, Refund ,Legacy Billing
Q3-TX-000182,1462,08/01/2025,-236.82, PayPal,REFUND,Legacy Billing
Q3-TX-000183,972,07/04/2025,$586, Credit Card,ADD-ON,Legacy Billing
Q3-TX-000184,1045,01 Aug 2025,$291.68,credit card,subscription,Legacy Billing
Q3-TX-000185,1373,08/01/2025,USD -90.91,paypal, Refund ,Legacy Billing
Q3-TX-000186,154,08/27/2025,USD 100.13,debit card,subscription,Legacy Billing
Q3-TX-000187,777,08/22/2025,USD 59.61, Credit Card, Upgrade ,Legacy Billing
Q3-TX-000188,1474,"Jul 21, 2025",119.57,bank transfer,Add-on,Legacy Billing
Q3-TX-000189,749,2025-08-21,$458.91,paypal, Add-on,Legacy Billing
Q3-TX-000190,94,09/28/2025,278.91 USD, Debit Card , Subscription,Legacy Billing
Q3-TX-000191,1282,09/19/2025,USD 318.24,DEBIT CARD,subscription,Legacy Billing
Q3-TX-000192,1377,23 Sep 2025,-460.25, PayPal,Refund ,Legacy Billing
Q3-TX-000193,996,11 Sep 2025,$322.89,Bank Transfer ,add-on,Legacy Billing
Q3-TX-000194,281,17-09-2025,$74, Credit Card ,add-on,Legacy Billing
Q3-TX-000195,10,"Jul 07, 2025",368.48,BANK TRANSFER,SUBSCRIPTION,Legacy Billing
Q3-TX-000196,304,09/26/2025,$663.86,bank transfer,Upgrade ,Legacy Billing
Q3-TX-000197,1297,2025-08-11,75.60, Bank Transfer,Add-on,Legacy Billing
Q3-TX-000198,741,"Aug 31, 2025",252.74 USD, Credit Card ,add-on,Legacy Billing
Q3-TX-000199,1169,07/27/2025,$449.67, Bank Transfer,UPGRADE,Legacy Billing
Q3-TX-000200,149,2025-07-30,$383.54, Debit Card ,Subscription ,Legacy Billing
Q3-TX-000201,1305,31 Jul 2025,$668,CREDIT CARD, Subscription ,Legacy Billing
Q3-TX-000202,964,20 Jul 2025,460.96,paypal,upgrade,Legacy Billing
Q3-TX-000203,65,"Jul 25, 2025",USD 132.58,debit card,UPGRADE,Legacy Billing
Q3-TX-000204,240,08/27/2025,414.36, Credit Card, Upgrade ,Legacy Billing
Q3-TX-000205,1382,07/13/2025,-213.58,DEBIT CARD,refund,Legacy Billing
Q3-TX-000206,1090,"Jul 26, 2025",USD 177.24,PayPal ,subscription,Legacy Billing
Q3-TX-000207,495,09-07-2025,136.62,credit card, Subscription ,Legacy Billing
Q3-TX-000208,1057,20-08-2025,$420, PayPal,Upgrade ,Legacy Billing
Q3-TX-000209,1030,13 Sep 2025,USD 83.28, PayPal , Add-on,Legacy Billing
Q3-TX-000210,1245,09/09/2025,$245.14,PAYPAL,subscription,Legacy Billing
Q3-TX-000211,752,2025-07-22,$139, Bank Transfer,Subscription,Legacy Billing
Q3-TX-000212,838,10/07/2025,-222.12, Debit Card,REFUND,Legacy Billing
Q3-TX-000213,48,28 Sep 2025,-191.69 USD,bank transfer,Refund,Legacy Billing
Q3-TX-000214,1277,04/07/2025,227.37 USD,PayPal,UPGRADE,Legacy Billing
Q3-TX-000215,409,"Aug 11, 2025",USD 280.28,BANK TRANSFER,Upgrade,Legacy Billing
Q3-TX-000216,1258,"Sep 18, 2025",, Bank Transfer,add-on,Legacy Billing
Q3-TX-000217,933,23-09-2025,-83.97 USD, Bank Transfer,Refund,Legacy Billing
Q3-TX-000218,1483,21 Aug 2025,USD -122.49, Credit Card ,refund,Legacy Billing
Q3-TX-000219,358,08-07-2025,$245.88, Debit Card ,add-on,Legacy Billing
Q3-TX-000220,1122,16 Aug 2025,223.13, Credit Card,upgrade,Legacy Billing
Q3-TX-000221,556,13/09/2025,123.51,Credit Card ,add-on,Legacy Billing
Q3-TX-000222,1303,30/08/2025,$243.65, Credit Card, Add-on ,Legacy Billing
Q3-TX-000223,83,"Jul 30, 2025",$-435.77,Bank Transfer, Refund,Legacy Billing
Q3-TX-000224,288,2025-09-24,$225,CREDIT CARD, Subscription ,Legacy Billing
Q3-TX-000225,1012,14/07/2025,USD 117.22,PAYPAL,ADD-ON,Legacy Billing
Q3-TX-000226,1091,2025-08-03,$69, PayPal, Subscription ,Legacy Billing
Q3-TX-000227,821,19-08-2025,$-222,DEBIT CARD,Refund,Legacy Billing
Q3-TX-000228,169,06 Sep 2025,USD 108.93, Credit Card, Add-on ,Legacy Billing
Q3-TX-000229,347,14 Jul 2025,$-172,Bank Transfer,REFUND,Legacy Billing
Q3-TX-000230,1281,"Jul 26, 2025",$285, Debit Card, Upgrade,Legacy Billing
Q3-TX-000231,768,08-08-2025,$-267.39,credit card, Refund,Legacy Billing
Q3-TX-000232,219,09-08-2025,$446.84,debit card,SUBSCRIPTION,Legacy Billing
Q3-TX-000233,214,02-07-2025,49.26,Debit Card,Upgrade,Legacy Billing
Q3-TX-000234,97,2025-09-14,,Debit Card, Upgrade,Legacy Billing
Q3-TX-000235,1072,2025-08-13,192.50,Credit Card,ADD-ON,Legacy Billing
Q3-TX-000236,1390,"Jul 01, 2025",247.57, Bank Transfer,Upgrade ,Legacy Billing
Q3-TX-000237,1138,2025-08-03,$92.01,Credit Card,UPGRADE,Legacy Billing
Q3-TX-000238,224,2025-07-28,$131.62,DEBIT CARD, Add-on,Legacy Billing
Q3-TX-000239,907,09/30/2025,$-85, Debit Card, Refund ,Legacy Billing
Q3-TX-000240,1069,"Sep 13, 2025",260.38,PayPal,Add-on ,Legacy Billing
Q3-TX-000241,103,"Aug 22, 2025",127.05,paypal, Upgrade,Legacy Billing
Q3-TX-000242,297,2025-07-07,379.60, PayPal,Add-on,Legacy Billing
Q3-TX-000243,1070,2025-08-05,346.31,Credit Card ,Upgrade,Legacy Billing
Q3-TX-000244,896,02/08/2025,$409.78,PAYPAL,Upgrade ,Legacy Billing
Q3-TX-000245,1061,08/09/2025,-159.71 USD, Credit Card , Refund,Legacy Billing
Q3-TX-000246,710,25 Aug 2025,USD 160.55,Credit Card , Upgrade ,Legacy Billing
Q3-TX-000247,339,26 Sep 2025,-168.92,PAYPAL, Refund ,Legacy Billing
Q3-TX-000248,316,06-08-2025,$118.21, Debit Card ,Add-on ,Legacy Billing
Q3-TX-000249,1363,17 Sep 2025,$-79,paypal,refund,Legacy Billing
Q3-TX-000250,183,02/09/2025,104.64,CREDIT CARD, Upgrade,Legacy Billing
Q3-TX-000251,1225,23/08/2025,507.20,PayPal, Upgrade ,Legacy Billing
Q3-TX-000252,846,2025-09-14,147.97 USD, PayPal,subscription,Legacy Billing
Q3-TX-000253,68,08/24/2025,588.48, PayPal,Add-on,Legacy Billing
Q3-TX-000254,258,"Sep 20, 2025",, PayPal,Upgrade ,Legacy Billing
Q3-TX-000255,661,08/06/2025,$241, Debit Card, Upgrade ,Legacy Billing
Q3-TX-000256,408,"Jul 19, 2025",-266.22,Debit Card , Refund ,Legacy Billing
Q3-TX-000257,1269,2025-07-12,USD -217.56,Bank Transfer,REFUND,Legacy Billing
Q3-TX-000258,994,01 Sep 2025,$142.46,debit card,Upgrade,Legacy Billing
Q3-TX-000259,287,09/07/2025,$-41,Debit Card ,Refund ,Legacy Billing
Q3-TX-000260,477,22 Sep 2025,203.50 USD,DEBIT CARD, Upgrade ,Legacy Billing
Q3-TX-000261,1243,07/07/2025,116.78, Debit Card,Subscription,Legacy Billing
Q3-TX-000262,1390,30/07/2025,147.50, Bank Transfer, Upgrade ,Legacy Billing
Q3-TX-000263,327,11-07-2025,140.34, Credit Card,Subscription,Legacy Billing
Q3-TX-000264,913,10 Aug 2025,$506.71,Bank Transfer , Add-on ,Legacy Billing
Q3-TX-000265,756,28/08/2025,-100.24,Debit Card , Refund,Legacy Billing
Q3-TX-000266,144,2025-08-29,580.00, PayPal,ADD-ON,Legacy Billing
Q3-TX-000267,765,07/09/2025,657.57 USD,DEBIT CARD,SUBSCRIPTION,Legacy Billing
Q3-TX-000268,1342,08/07/2025,371.63 USD,Debit Card , Add-on,Legacy Billing
Q3-TX-000269,1192,"Sep 18, 2025",$22,Bank Transfer ,Add-on,Legacy Billing
Q3-TX-000270,3,2025-07-04,76.53 USD, Credit Card,UPGRADE,Legacy Billing
Q3-TX-000271,718,02/07/2025,$420.95,credit card, Upgrade ,Legacy Billing
Q3-TX-000272,1350,18/07/2025,$94.53,CREDIT CARD,Add-on ,Legacy Billing
Q3-TX-000273,760,27-08-2025,230.52 USD,DEBIT CARD,Add-on,Legacy Billing
Q3-TX-000274,1058,01/08/2025,USD 140.53,Debit Card,add-on,Legacy Billing
Q3-TX-000275,920,09/05/2025,$442.90,PAYPAL, Add-on,Legacy Billing
Q3-TX-000276,98,"Jul 25, 2025",USD 220.28,Debit Card,add-on,Legacy Billing
Q3-TX-000277,638,07-07-2025,USD -242.79, PayPal,Refund,Legacy Billing
Q3-TX-000278,9,07/24/2025,823.53 USD,PayPal,ADD-ON,Legacy Billing
Q3-TX-000279,1275,08/06/2025,USD -586.11, PayPal,REFUND,Legacy Billing
Q3-TX-000280,392,13-07-2025,219.49,PAYPAL, Upgrade ,Legacy Billing
Q3-TX-000281,783,07/17/2025,31.70,Debit Card , Upgrade ,Legacy Billing
Q3-TX-000282,382,08/14/2025,333.28,PayPal,Add-on ,Legacy Billing
Q3-TX-000283,263,02 Sep 2025,711.48,Bank Transfer ,upgrade,Legacy Billing
Q3-TX-000284,575,12 Aug 2025,41.22 USD, Bank Transfer ,Subscription,Legacy Billing
Q3-TX-000285,455,08/18/2025,$359.13,Credit Card ,Upgrade ,Legacy Billing
Q3-TX-000286,32,25 Jul 2025,-457.73,CREDIT CARD, Refund ,Legacy Billing
Q3-TX-000287,937,31/07/2025,USD 219.16,Debit Card , Add-on ,Legacy Billing
Q3-TX-000288,1445,22/08/2025,-235.39, Bank Transfer,REFUND,Legacy Billing
Q3-TX-000289,1031,09-09-2025,USD 222.85,Debit Card,Add-on,Legacy Billing
Q3-TX-000290,900019,07/20/2025,-87.28 USD,PAYPAL,REFUND,Legacy Billing
Q3-TX-000291,637,2025-09-08,863.90, PayPal,Add-on,Legacy Billing
Q3-TX-000292,560,"Jul 28, 2025",63.81 USD,Debit Card, Add-on,Legacy Billing
Q3-TX-000293,303,24-08-2025,$362, PayPal ,SUBSCRIPTION,Legacy Billing
Q3-TX-000294,555,2025-07-14,-346.64 USD, Credit Card, Refund ,Legacy Billing
Q3-TX-000295,184,"Jul 10, 2025",95.39, Bank Transfer ,Subscription,Legacy Billing
Q3-TX-000296,474,07/08/2025,$-233,CREDIT CARD, Refund,Legacy Billing
Q3-TX-000297,284,2025-07-28,-80.49 USD,CREDIT CARD,REFUND,Legacy Billing
Q3-TX-000298,1044,23/09/2025,-300.35,PayPal , Refund,Legacy Billing
Q3-TX-000299,1163,10-08-2025,$-473.80,PayPal,REFUND,Legacy Billing
Q3-TX-000300,200,08/22/2025,$239,DEBIT CARD, Upgrade,Legacy Billing
Q3-TX-000301,725,07-08-2025,$348.00, PayPal,UPGRADE,Legacy Billing
Q3-TX-000302,334,2025-07-16,$104, Bank Transfer ,Add-on ,Legacy Billing
Q3-TX-000303,441,"Aug 24, 2025",$-103,bank transfer, Refund,Legacy Billing
Q3-TX-000304,421,2025-08-23,USD 225.77, Bank Transfer,Add-on ,Legacy Billing
Q3-TX-000305,473,06-09-2025,74.44,BANK TRANSFER,Subscription ,Legacy Billing
Q3-TX-000306,721,"Aug 02, 2025",$96,Bank Transfer ,Upgrade ,Legacy Billing
Q3-TX-000307,245,08/07/2025,-137.01 USD,Debit Card,Refund ,Legacy Billing
Q3-TX-000308,1043,2025-09-06,301.29 USD,paypal, Add-on ,Legacy Billing
Q3-TX-000309,1160,30 Sep 2025,102.40 USD,paypal,Add-on ,Legacy Billing
Q3-TX-000310,39,"Jul 06, 2025",$-213.37,Credit Card , Refund,Legacy Billing
Q3-TX-000311,1488,08/09/2025,359.26,PayPal ,add-on,Legacy Billing
Q3-TX-000312,1320,22 Jul 2025,150.47 USD,Debit Card,Subscription,Legacy Billing
Q3-TX-000313,111,11 Sep 2025,153.49,CREDIT CARD,Subscription ,Legacy Billing
Q3-TX-000314,985,12-09-2025,USD 302.84,Debit Card,subscription,Legacy Billing
Q3-TX-000315,387,12-09-2025,245.37,credit card, Upgrade,Legacy Billing
Q3-TX-000316,672,2025-08-30,$164,paypal,Subscription,Legacy Billing
Q3-TX-000317,1450,2025-08-06,USD 114.58, Credit Card,UPGRADE,Legacy Billing
Q3-TX-000318,968,29 Jul 2025,USD 134.36,DEBIT CARD,Add-on ,Legacy Billing
Q3-TX-000319,680,26 Aug 2025,$364,Bank Transfer ,add-on,Legacy Billing
Q3-TX-000320,439,15 Aug 2025,150.51,debit card,Upgrade,Legacy Billing
Q3-TX-000321,310,2025-08-05,921.06 USD,PayPal ,Subscription ,Legacy Billing
Q3-TX-000322,1386,2025-09-15,-123.10 USD,bank transfer,Refund,Legacy Billing
Q3-TX-000323,737,2025-08-23,$321.52, Debit Card ,add-on,Legacy Billing
Q3-TX-000324,93,"Sep 07, 2025",USD 330.99, Bank Transfer, Subscription,Legacy Billing
Q3-TX-000325,1351,08/09/2025,276.33 USD,BANK TRANSFER, Subscription ,Legacy Billing
Q3-TX-000326,501,07/25/2025,69.07, Bank Transfer ,SUBSCRIPTION,Legacy Billing
Q3-TX-000327,1320,2025-07-14,409.41 USD,Credit Card,Upgrade,Legacy Billing
Q3-TX-000328,21,04-07-2025,209.00,Bank Transfer, Upgrade,Legacy Billing
Q3-TX-000329,270,2025-08-30,-490.69,DEBIT CARD,Refund,Legacy Billing
Q3-TX-000330,954,"Sep 01, 2025",USD 174.32, Bank Transfer,ADD-ON,Legacy Billing
Q3-TX-000331,977,12/07/2025,, PayPal ,refund,Legacy Billing
Q3-TX-000332,1484,"Aug 12, 2025",$286,credit card,UPGRADE,Legacy Billing
Q3-TX-000333,433,10 Jul 2025,$209.26,CREDIT CARD,UPGRADE,Legacy Billing
Q3-TX-000334,546,2025-07-10,-73.47 USD,debit card,refund,Legacy Billing
Q3-TX-000335,779,"Jul 27, 2025",$365,credit card, Add-on ,Legacy Billing
Q3-TX-000336,1170,19/08/2025,$63, Credit Card,UPGRADE,Legacy Billing
Q3-TX-000337,1289,10 Aug 2025,USD -402.65,Credit Card, Refund,Legacy Billing
Q3-TX-000338,711,08/25/2025,$109,PayPal, Subscription,Legacy Billing
Q3-TX-000339,1075,06 Aug 2025,-677.54, Credit Card ,REFUND,Legacy Billing
Q3-TX-000340,535,2025-07-21,$-71.64, Bank Transfer ,REFUND,Legacy Billing
Q3-TX-000341,126,22 Jul 2025,,Credit Card,Add-on ,Legacy Billing
Q3-TX-000342,149,25 Aug 2025,105.01,PAYPAL, Add-on ,Legacy Billing
Q3-TX-000343,1140,28/08/2025,USD 394.05, Debit Card ,Upgrade ,Legacy Billing
Q3-TX-000344,1346,04-08-2025,-307.74,PAYPAL, Refund ,Legacy Billing
Q3-TX-000345,474,09/29/2025,USD 414.83,debit card, Subscription,Legacy Billing
Q3-TX-000346,817,"Aug 10, 2025",325.00 USD,debit card,Upgrade,Legacy Billing
Q3-TX-000347,747,2025-08-16,$207.37,PayPal , Upgrade ,Legacy Billing
Q3-TX-000348,1288,"Sep 28, 2025",$469.54,CREDIT CARD, Subscription,Legacy Billing
Q3-TX-000349,152,"Jul 20, 2025",582.32, Debit Card ,Add-on ,Legacy Billing
Q3-TX-000350,523,09 Aug 2025,USD -97.57,Credit Card,Refund ,Legacy Billing
Q3-TX-000351,181,31/08/2025,-452.65,Bank Transfer , Refund ,Legacy Billing
Q3-TX-000352,228,28 Jul 2025,$448,PAYPAL, Add-on,Legacy Billing
Q3-TX-000353,1280,2025-07-17,$110.76,PayPal ,subscription,Legacy Billing
Q3-TX-000354,48,07/21/2025,$136.78,DEBIT CARD,Add-on ,Legacy Billing
Q3-TX-000355,582,28/08/2025,USD -378.69,credit card, Refund,Legacy Billing
Q3-TX-000356,730,07/21/2025,$151.24,Debit Card ,UPGRADE,Legacy Billing
Q3-TX-000357,1470,2025-08-10,-243.26, Bank Transfer,Refund ,Legacy Billing
Q3-TX-000358,1004,"Aug 27, 2025",,credit card,Refund ,Legacy Billing
Q3-TX-000359,241,08/05/2025,$104,PAYPAL,subscription,Legacy Billing
Q3-TX-000360,324,29/09/2025,$104,DEBIT CARD,Subscription,Legacy Billing
Q3-TX-000361,429,2025-08-12,90.59,PayPal , Subscription,Legacy Billing
Q3-TX-000362,1228,17 Sep 2025,312.65,Bank Transfer ,upgrade,Legacy Billing
Q3-TX-000363,910,27 Jul 2025,71.53, Bank Transfer,upgrade,Legacy Billing
Q3-TX-000364,846,2025-09-24,399.82, Credit Card,add-on,Legacy Billing
Q3-TX-000365,222,01/09/2025,145.94,BANK TRANSFER,SUBSCRIPTION,Legacy Billing
Q3-TX-000366,1018,06/09/2025,$241.51,Credit Card,SUBSCRIPTION,Legacy Billing
Q3-TX-000367,821,09/06/2025,-87.22,CREDIT CARD,refund,Legacy Billing
Q3-TX-000368,496,15 Aug 2025,-686.07 USD,bank transfer,REFUND,Legacy Billing
Q3-TX-000369,1043,13-07-2025,$329.13,DEBIT CARD,Subscription,Legacy Billing
Q3-TX-000370,908,07/16/2025,320.56,Credit Card, Upgrade,Legacy Billing
Q3-TX-000371,455,2025-08-05,341.02 USD,credit card, Upgrade,Legacy Billing
Q3-TX-000372,1033,"Sep 11, 2025",$302.99,Bank Transfer ,SUBSCRIPTION,Legacy Billing
Q3-TX-000373,366,"Sep 07, 2025",97.55,Bank Transfer , Subscription,Legacy Billing
Q3-TX-000374,1179,12-09-2025,$118.32,BANK TRANSFER,add-on,Legacy Billing
Q3-TX-000375,969,08/19/2025,$204.48,Bank Transfer ,Subscription,Legacy Billing
Q3-TX-000376,273,"Jul 15, 2025",310.56 USD,PayPal,Add-on,Legacy Billing
Q3-TX-000377,12,"Sep 22, 2025",$-364.15, Credit Card,refund,Legacy Billing
Q3-TX-000378,1452,2025-09-23,USD 126.20, Credit Card ,Add-on,Legacy Billing
Q3-TX-000379,584,02 Jul 2025,-191.96,BANK TRANSFER, Refund,Legacy Billing
Q3-TX-000380,283,04-09-2025,547.85, Credit Card ,Upgrade,Legacy Billing
Q3-TX-000381,714,18-09-2025,-607.57,Credit Card , Refund,Legacy Billing
Q3-TX-000382,900001,14-09-2025,$169, Bank Transfer,SUBSCRIPTION,Legacy Billing
Q3-TX-000383,440,18-07-2025,410.79, Bank Transfer,Add-on ,Legacy Billing
Q3-TX-000384,1231,12-08-2025,USD 63.41,Credit Card, Subscription,Legacy Billing
Q3-TX-000385,939,22/07/2025,172.55, PayPal ,subscription,Legacy Billing
Q3-TX-000386,743,"Aug 26, 2025",$454.40, Credit Card ,upgrade,Legacy Billing
Q3-TX-000387,75,"Aug 18, 2025",-517.73 USD, Debit Card , Refund,Legacy Billing
Q3-TX-000388,1327,17-07-2025,285.57, Credit Card ,Add-on ,Legacy Billing
Q3-TX-000389,1364,21/09/2025,$37, Debit Card, Subscription ,Legacy Billing
Q3-TX-000390,278,23 Aug 2025,USD 34.12,debit card,UPGRADE,Legacy Billing
Q3-TX-000391,1495,01/09/2025,-270.84, Bank Transfer ,Refund,Legacy Billing
Q3-TX-000392,724,14 Jul 2025,$-288,DEBIT CARD,Refund,Legacy Billing
Q3-TX-000393,618,07/05/2025,724.86,Credit Card ,Upgrade,Legacy Billing
Q3-TX-000394,189,"Aug 14, 2025",129.02,Bank Transfer , Upgrade ,Legacy Billing
Q3-TX-000395,350,"Aug 19, 2025",84.89, Bank Transfer,SUBSCRIPTION,Legacy Billing
Q3-TX-000396,32,20/08/2025,-197.07 USD, PayPal , Refund ,Legacy Billing
Q3-TX-000397,42,21-09-2025,161.89, Bank Transfer , Add-on,Legacy Billing
Q3-TX-000398,172,09/19/2025,$-334.07,debit card,REFUND,Legacy Billing
Q3-TX-000399,703,"Aug 11, 2025",$-372,PayPal ,Refund ,Legacy Billing
Q3-TX-000400,575,07/04/2025,$193,PayPal ,Subscription ,Legacy Billing
Q3-TX-000401,807,10/07/2025,-359.97,PAYPAL,Refund,Legacy Billing
Q3-TX-000402,971,09-07-2025,$103.02,PAYPAL,ADD-ON,Legacy Billing
Q3-TX-000403,1012,01 Jul 2025,, Debit Card,add-on,Legacy Billing
Q3-TX-000404,1336,08/01/2025,$-21.18, Credit Card,refund,Legacy Billing
Q3-TX-000405,1247,27 Aug 2025,$-127.17, Bank Transfer,Refund,Legacy Billing
Q3-TX-000406,699,07/07/2025,314.81, Debit Card,UPGRADE,Legacy Billing
Q3-TX-000407,1192,"Jul 11, 2025",$590.21,CREDIT CARD,Upgrade,Legacy Billing
Q3-TX-000408,1106,07/31/2025,$114.32,Credit Card , Subscription,Legacy Billing
Q3-TX-000409,928,"Sep 18, 2025",$263.63,PayPal, Subscription ,Legacy Billing
Q3-TX-000410,1066,"Jul 16, 2025",-110.74,DEBIT CARD,Refund,Legacy Billing
Q3-TX-000411,428,02 Sep 2025,$165.56, Debit Card , Upgrade,Legacy Billing
Q3-TX-000412,217,08/22/2025,USD 297.19,Debit Card, Add-on ,Legacy Billing
Q3-TX-000413,57,15-09-2025,95.16,Debit Card ,UPGRADE,Legacy Billing
Q3-TX-000414,1013,2025-08-11,$-165,PayPal ,Refund,Legacy Billing
Q3-TX-000415,1299,"Aug 24, 2025",244.47, Debit Card , Upgrade ,Legacy Billing
Q3-TX-000416,1400,26-09-2025,256.49 USD, Bank Transfer ,UPGRADE,Legacy Billing
Q3-TX-000417,1375,"Aug 28, 2025",227.28 USD, PayPal, Upgrade,Legacy Billing
Q3-TX-000418,751,07/05/2025,244.46,bank transfer, Add-on ,Legacy Billing
Q3-TX-000419,691,07/19/2025,USD 132.72, Debit Card,Subscription,Legacy Billing
Q3-TX-000420,7,27-07-2025,$-118,PayPal ,Refund ,Legacy Billing
Q3-TX-000421,794,08/15/2025,USD -97.63,Bank Transfer,refund,Legacy Billing
Q3-TX-000422,850,13/07/2025,USD 108.43, Debit Card,Add-on,Legacy Billing
Q3-TX-000423,1302,15-09-2025,101.26 USD, Credit Card , Upgrade,Legacy Billing
Q3-TX-000424,338,09/19/2025,$230.02,Debit Card,add-on,Legacy Billing
Q3-TX-000425,1388,16-09-2025,USD 110.70, Debit Card , Upgrade,Legacy Billing
Q3-TX-000426,993,2025-07-25,244.96, Bank Transfer ,Upgrade ,Legacy Billing
Q3-TX-000427,162,07/05/2025,$195,PAYPAL, Subscription,Legacy Billing
Q3-TX-000428,31,"Aug 23, 2025",274.34,Credit Card, Upgrade,Legacy Billing
Q3-TX-000429,1067,"Jul 29, 2025",219.41,paypal, Upgrade,Legacy Billing
Q3-TX-000430,900014,"Sep 26, 2025",205.07,Bank Transfer, Subscription,Legacy Billing
Q3-TX-000431,135,"Jul 22, 2025",-398.73, Credit Card,Refund ,Legacy Billing
Q3-TX-000432,1300,13 Sep 2025,375.63,PAYPAL,Subscription ,Legacy Billing
Q3-TX-000433,655,28 Aug 2025,262.12, PayPal,ADD-ON,Legacy Billing
Q3-TX-000434,948,22 Aug 2025,USD -371.06,debit card, Refund ,Legacy Billing
Q3-TX-000435,51,13 Jul 2025,USD 108.99,Bank Transfer ,Upgrade ,Legacy Billing
Q3-TX-000436,1037,30-08-2025,-168.66, Bank Transfer,refund,Legacy Billing
Q3-TX-000437,408,31-07-2025,USD 172.52,BANK TRANSFER,Subscription,Legacy Billing
Q3-TX-000438,245,2025-07-14,-251.06 USD, Credit Card, Refund,Legacy Billing
Q3-TX-000439,292,2025-08-10,,bank transfer,Subscription ,Legacy Billing
Q3-TX-000440,1210,21-09-2025,$260.05,PAYPAL, Add-on,Legacy Billing
Q3-TX-000441,444,07/05/2025,312.16 USD, Bank Transfer ,SUBSCRIPTION,Legacy Billing
Q3-TX-000442,1238,09/25/2025,$305,DEBIT CARD,Upgrade ,Legacy Billing
Q3-TX-000443,60,29/07/2025,USD 62.36,debit card,Subscription ,Legacy Billing
Q3-TX-000444,1182,05/07/2025,USD 72.70, Debit Card, Upgrade,Legacy Billing
Q3-TX-000445,117,09/07/2025,130.26, Credit Card ,SUBSCRIPTION,Legacy Billing
Q3-TX-000446,783,"Sep 16, 2025",-601.51, Bank Transfer,REFUND,Legacy Billing
Q3-TX-000447,503,18-08-2025,$264.06,Credit Card , Add-on,Legacy Billing
Q3-TX-000448,621,08/05/2025,75.59 USD, Bank Transfer ,UPGRADE,Legacy Billing
Q3-TX-000449,913,2025-09-28,275.11,BANK TRANSFER,add-on,Legacy Billing
Q3-TX-000450,1452,2025-09-03,$227.81,bank transfer,Upgrade ,Legacy Billing
Q3-TX-000451,1483,01-08-2025,298.97,Credit Card,Subscription,Legacy Billing
Q3-TX-000452,419,"Jul 14, 2025",202.99 USD,PAYPAL, Subscription ,Legacy Billing
Q3-TX-000453,715,2025-09-03,-209.53,Credit Card,refund,Legacy Billing
Q3-TX-000454,686,14 Sep 2025,USD 128.89,Credit Card,Subscription,Legacy Billing
Q3-TX-000455,920,07/07/2025,$696, Bank Transfer,subscription,Legacy Billing
Q3-TX-000456,1177,22-08-2025,$163.71,PAYPAL,UPGRADE,Legacy Billing
Q3-TX-000457,693,"Sep 07, 2025",$-188, Bank Transfer, Refund,Legacy Billing
Q3-TX-000458,903,2025-09-19,$147,BANK TRANSFER,UPGRADE,Legacy Billing
Q3-TX-000459,231,"Jul 08, 2025",,Debit Card, Subscription ,Legacy Billing
Q3-TX-000460,633,"Jul 12, 2025",-68.73,CREDIT CARD,Refund,Legacy Billing
Q3-TX-000461,196,27 Aug 2025,USD -233.13,debit card,Refund ,Legacy Billing
Q3-TX-000462,1265,15/08/2025,159.07, Credit Card ,UPGRADE,Legacy Billing
Q3-TX-000463,38,"Aug 22, 2025",55.30, Bank Transfer ,subscription,Legacy Billing
Q3-TX-000464,1216,16/09/2025,325.23 USD,DEBIT CARD,SUBSCRIPTION,Legacy Billing
Q3-TX-000465,191,01/07/2025,-319.03,Credit Card, Refund,Legacy Billing
Q3-TX-000466,934,25 Aug 2025,$287.66, Credit Card,subscription,Legacy Billing
Q3-TX-000467,243,08 Sep 2025,$222, Debit Card,upgrade,Legacy Billing
Q3-TX-000468,654,2025-09-12,$532, PayPal, Add-on ,Legacy Billing
Q3-TX-000469,662,12/09/2025,$151, PayPal,upgrade,Legacy Billing
Q3-TX-000470,449,07/16/2025,$221,debit card,UPGRADE,Legacy Billing
Q3-TX-000471,1120,2025-07-18,$88.43,Credit Card ,Add-on,Legacy Billing
Q3-TX-000472,956,"Aug 04, 2025",-61.46, PayPal ,Refund ,Legacy Billing
Q3-TX-000473,1122,2025-09-18,USD 486.96,bank transfer,Upgrade,Legacy Billing
Q3-TX-000474,261,"Sep 03, 2025",287.16,bank transfer,Upgrade,Legacy Billing
Q3-TX-000475,1500,02-08-2025,USD 264.29,PayPal ,UPGRADE,Legacy Billing
Q3-TX-000476,692,16 Jul 2025,-674.81, PayPal ,Refund,Legacy Billing
Q3-TX-000477,259,07/19/2025,50.77 USD, Bank Transfer,Upgrade,Legacy Billing
Q3-TX-000478,322,"Sep 22, 2025",-75.14,PayPal , Refund ,Legacy Billing
Q3-TX-000479,581,2025-08-15,USD 603.36,Bank Transfer,Subscription,Legacy Billing
Q3-TX-000480,848,28/09/2025,$226,Credit Card, Upgrade,Legacy Billing
Q3-TX-000481,98,02 Sep 2025,USD 222.99,Debit Card , Subscription,Legacy Billing
Q3-TX-000482,147,09/08/2025,164.79 USD,Debit Card ,ADD-ON,Legacy Billing
Q3-TX-000483,44,07-08-2025,$216.20,CREDIT CARD,ADD-ON,Legacy Billing
Q3-TX-000484,4,"Aug 25, 2025",276.32 USD,BANK TRANSFER, Subscription ,Legacy Billing
Q3-TX-000485,867,2025-07-11,$461,PayPal ,Add-on ,Legacy Billing
Q3-TX-000486,786,01 Jul 2025,$551.25,BANK TRANSFER,subscription,Legacy Billing
Q3-TX-000487,1039,03/08/2025,349.61, Debit Card,SUBSCRIPTION,Legacy Billing
Q3-TX-000488,1194,03/07/2025,-672.93,Debit Card ,REFUND,Legacy Billing
Q3-TX-000489,463,04 Sep 2025,128.19,Bank Transfer , Subscription,Legacy Billing
Q3-TX-000490,683,19 Jul 2025,-402.54 USD,PAYPAL,refund,Legacy Billing
Q3-TX-000491,1294,09/18/2025,274.21,Bank Transfer , Upgrade ,Legacy Billing
Q3-TX-000492,974,07/28/2025,$257.08,PayPal,subscription,Legacy Billing
Q3-TX-000493,344,29/09/2025,$-137.84, Debit Card,Refund,Legacy Billing
Q3-TX-000494,527,20/08/2025,203.29,Credit Card ,upgrade,Legacy Billing
Q3-TX-000495,220,09/24/2025,USD 154.60, Bank Transfer ,Add-on ,Legacy Billing
Q3-TX-000496,1077,2025-09-20,31.58,BANK TRANSFER, Upgrade,Legacy Billing
Q3-TX-000497,786,17 Jul 2025,252.58 USD, Credit Card,subscription,Legacy Billing
Q3-TX-000498,292,2025-09-04,-613.98,PAYPAL, Refund,Legacy Billing
Q3-TX-000499,1057,09/26/2025,$134.44,PayPal , Upgrade ,Legacy Billing
Q3-TX-000500,90,2025-09-30,$260.84, Bank Transfer, Add-on,Legacy Billing
Q3-TX-000501,621,11 Jul 2025,101.25 USD,bank transfer,ADD-ON,Legacy Billing
Q3-TX-000502,130,22 Aug 2025,376.09,PayPal , Subscription,Legacy Billing
Q3-TX-000503,1095,2025-09-13,$-471,paypal,refund,Legacy Billing
Q3-TX-000504,496,20 Sep 2025,$-40.23,Credit Card,Refund,Legacy Billing
Q3-TX-000505,1262,09/03/2025,$-189.34,Credit Card ,REFUND,Legacy Billing
Q3-TX-000506,720,20/08/2025,160.18,Bank Transfer ,Upgrade ,Legacy Billing
Q3-TX-000507,790,08/09/2025,-185.04 USD,CREDIT CARD, Refund ,Legacy Billing
Q3-TX-000508,848,"Sep 20, 2025",361.37, PayPal, Upgrade,Legacy Billing
Q3-TX-000509,486,2025-09-12,$182, Bank Transfer,SUBSCRIPTION,Legacy Billing
Q3-TX-000510,686,12-09-2025,-420.71,Credit Card, Refund,Legacy Billing
Q3-TX-000511,744,15/08/2025,$31,paypal,Subscription,Legacy Billing
Q3-TX-000512,650,"Aug 08, 2025",USD 241.95, Credit Card, Subscription ,Legacy Billing
Q3-TX-000513,846,2025-09-23,$257,Credit Card ,Add-on ,Legacy Billing
Q3-TX-000514,871,06-08-2025,-81.89 USD,credit card,Refund ,Legacy Billing
Q3-TX-000515,801,17 Aug 2025,566.58 USD,bank transfer,Subscription ,Legacy Billing
Q3-TX-000516,1168,19-07-2025,USD 167.62,PAYPAL,upgrade,Legacy Billing
Q3-TX-000517,837,07/22/2025,-325.11,CREDIT CARD, Refund ,Legacy Billing
Q3-TX-000518,519,09/04/2025,USD 125.71, PayPal ,ADD-ON,Legacy Billing
Q3-TX-000519,690,07/28/2025,$106.95,Debit Card, Add-on ,Legacy Billing
Q3-TX-000520,114,"Jul 28, 2025",,Credit Card, Upgrade,Legacy Billing
Q3-TX-000521,400,19/08/2025,$116.26,Credit Card , Upgrade ,Legacy Billing
Q3-TX-000522,1013,09/02/2025,$186,CREDIT CARD, Subscription,Legacy Billing
Q3-TX-000523,893,23 Sep 2025,$-135.19,bank transfer,Refund,Legacy Billing
Q3-TX-000524,814,2025-07-01,340.82, Debit Card, Add-on,Legacy Billing
Q3-TX-000525,1094,09/04/2025,157.36 USD,BANK TRANSFER, Add-on ,Legacy Billing
Q3-TX-000526,234,11/07/2025,$90.18,Bank Transfer, Upgrade ,Legacy Billing
Q3-TX-000527,440,28 Aug 2025,276.91, Credit Card, Upgrade,Legacy Billing
Q3-TX-000528,699,07/16/2025,$529.87,paypal,Subscription,Legacy Billing
Q3-TX-000529,1418,"Sep 09, 2025",$373.63,Bank Transfer ,UPGRADE,Legacy Billing
Q3-TX-000530,27,"Aug 08, 2025",USD -380.21,credit card,Refund ,Legacy Billing
Q3-TX-000531,1049,02-08-2025,-138.67,Bank Transfer , Refund ,Legacy Billing
Q3-TX-000532,1134,2025-07-12,$244.75, PayPal,UPGRADE,Legacy Billing
Q3-TX-000533,915,2025-07-27,-166.56,Bank Transfer, Refund ,Legacy Billing
Q3-TX-000534,714,"Jul 09, 2025",97.57 USD, Debit Card, Subscription ,Legacy Billing
Q3-TX-000535,1227,2025-08-30,USD 280.68, PayPal,upgrade,Legacy Billing
Q3-TX-000536,1461,26/09/2025,-261.09 USD,bank transfer, Refund,Legacy Billing
Q3-TX-000537,1430,08/22/2025,$-196.86, PayPal ,refund,Legacy Billing
Q3-TX-000538,1150,12/09/2025,-446.91 USD, Debit Card,Refund,Legacy Billing
Q3-TX-000539,1245,21/09/2025,63.22,BANK TRANSFER,Subscription ,Legacy Billing
Q3-TX-000540,829,27-09-2025,314.63 USD, Debit Card , Add-on,Legacy Billing
Q3-TX-000541,1477,"Aug 29, 2025",284.82,Debit Card, Subscription,Legacy Billing
Q3-TX-000542,1136,02 Aug 2025,$-47.91, Debit Card,refund,Legacy Billing
Q3-TX-000543,572,09/13/2025,279.09 USD,Bank Transfer,Add-on ,Legacy Billing
Q3-TX-000544,785,09/18/2025,$60,Bank Transfer,Subscription ,Legacy Billing
Q3-TX-000545,591,14/07/2025,USD -159.69,bank transfer,refund,Legacy Billing
Q3-TX-000546,597,09/19/2025,173.74 USD,PAYPAL,add-on,Legacy Billing
Q3-TX-000547,152,"Sep 07, 2025",-130.54,CREDIT CARD,refund,Legacy Billing
Q3-TX-000548,729,2025-09-08,$125,Credit Card, Upgrade ,Legacy Billing
Q3-TX-000549,149,06 Jul 2025,USD -133.49,Debit Card, Refund ,Legacy Billing
Q3-TX-000550,710,29/07/2025,USD -232.59,Bank Transfer, Refund ,Legacy Billing
Q3-TX-000551,1348,07/19/2025,-411.41 USD, Credit Card,Refund ,Legacy Billing
Q3-TX-000552,305,08/16/2025,297.80 USD,PayPal,Add-on ,Legacy Billing
Q3-TX-000553,39,2025-07-18,337.95 USD,Debit Card , Upgrade ,Legacy Billing
Q3-TX-000554,1046,"Sep 24, 2025",509.86,Bank Transfer, Upgrade ,Legacy Billing
Q3-TX-000555,467,31-07-2025,451.93,credit card, Add-on,Legacy Billing
Q3-TX-000556,914,22 Aug 2025,USD 331.66,Debit Card , Subscription ,Legacy Billing
Q3-TX-000557,399,"Aug 31, 2025",76.27,Debit Card,upgrade,Legacy Billing
Q3-TX-000558,63,2025-07-21,156.57,Credit Card,Add-on ,Legacy Billing
Q3-TX-000559,772,16 Sep 2025,USD 43.36, PayPal ,Subscription,Legacy Billing
Q3-TX-000560,153,"Sep 15, 2025",$-72, PayPal ,Refund ,Legacy Billing
Q3-TX-000561,1153,"Aug 01, 2025",169.87 USD,DEBIT CARD,upgrade,Legacy Billing
Q3-TX-000562,1487,30 Jul 2025,225.39 USD, Credit Card,Upgrade,Legacy Billing
Q3-TX-000563,380,2025-07-01,, Debit Card, Add-on,Legacy Billing
Q3-TX-000564,894,"Jul 21, 2025",343.47 USD,Credit Card,subscription,Legacy Billing
Q3-TX-000565,992,04/09/2025,USD 484.87, Debit Card ,ADD-ON,Legacy Billing
Q3-TX-000566,1472,30 Jul 2025,98.90, Credit Card ,Subscription ,Legacy Billing
Q3-TX-000567,498,2025-07-27,-473.93,paypal,Refund,Legacy Billing
Q3-TX-000568,1437,"Jul 27, 2025",$292, Debit Card , Upgrade ,Legacy Billing
Q3-TX-000569,905,"Jul 29, 2025",$376.94,bank transfer,UPGRADE,Legacy Billing
Q3-TX-000570,1177,25/08/2025,USD -249.41, Bank Transfer,Refund ,Legacy Billing
Q3-TX-000571,626,"Sep 28, 2025",$-289.34,Bank Transfer , Refund ,Legacy Billing
Q3-TX-000572,1198,2025-09-15,221.29,PayPal, Upgrade,Legacy Billing
Q3-TX-000573,21,07 Jul 2025,179.83, Bank Transfer ,Subscription ,Legacy Billing
Q3-TX-000574,635,27-07-2025,$231, PayPal,add-on,Legacy Billing
Q3-TX-000575,1330,2025-09-20,$-281,Debit Card , Refund ,Legacy Billing
Q3-TX-000576,1025,24/09/2025,USD 582.92,debit card,Subscription,Legacy Billing
Q3-TX-000577,13,"Sep 23, 2025",-133.42,credit card,REFUND,Legacy Billing
Q3-TX-000578,716,15 Aug 2025,-136.07,BANK TRANSFER,REFUND,Legacy Billing
Q3-TX-000579,1083,11/09/2025,161.22,CREDIT CARD,Add-on ,Legacy Billing
Q3-TX-000580,1184,2025-08-28,-501.00 USD,Credit Card ,refund,Legacy Billing
Q3-TX-000581,625,30 Jul 2025,,bank transfer, Upgrade,Legacy Billing
Q3-TX-000582,803,22 Jul 2025,$255, Bank Transfer,Subscription,Legacy Billing
Q3-TX-000583,151,14 Jul 2025,USD 202.23, Credit Card,SUBSCRIPTION,Legacy Billing
Q3-TX-000584,83,28 Sep 2025,103.37,BANK TRANSFER, Add-on,Legacy Billing
Q3-TX-000585,886,31/07/2025,64.42, Debit Card ,subscription,Legacy Billing
Q3-TX-000586,785,21-07-2025,$182.46, Bank Transfer,Add-on ,Legacy Billing
Q3-TX-000587,306,08 Sep 2025,$95.96, Debit Card, Subscription,Legacy Billing
Q3-TX-000588,723,13-08-2025,401.63 USD, Credit Card,ADD-ON,Legacy Billing
Q3-TX-000589,1273,23-09-2025,$243, PayPal,Subscription,Legacy Billing
Q3-TX-000590,1307,29-09-2025,212.32, Debit Card ,Add-on ,Legacy Billing
Q3-TX-000591,345,01-09-2025,85.14, Bank Transfer,Subscription ,Legacy Billing
Q3-TX-000592,1264,2025-08-17,USD 162.35, Debit Card , Subscription,Legacy Billing
Q3-TX-000593,1278,30-08-2025,$-216.04,Debit Card ,Refund,Legacy Billing
Q3-TX-000594,405,08/08/2025,504.46, PayPal ,subscription,Legacy Billing
Q3-TX-000595,310,09/29/2025,$-225,Debit Card , Refund ,Legacy Billing
Q3-TX-000596,1284,01-09-2025,304.06 USD, Bank Transfer, Subscription,Legacy Billing
Q3-TX-000597,1203,09/09/2025,$-125,PayPal ,Refund,Legacy Billing
Q3-TX-000598,911,06/07/2025,$-194.49,CREDIT CARD,Refund ,Legacy Billing
Q3-TX-000599,797,18-08-2025,USD 73.77,Credit Card ,subscription,Legacy Billing
Q3-TX-000600,119,2025-08-04,USD 451.84,CREDIT CARD, Add-on,Legacy Billing
Q3-TX-000601,922,13/09/2025,391.29 USD, Bank Transfer, Upgrade ,Legacy Billing
Q3-TX-000602,458,02/09/2025,-571.73 USD, Credit Card,Refund,Legacy Billing
Q3-TX-000603,1225,2025-08-05,215.22 USD, Debit Card,Subscription,Legacy Billing
Q3-TX-000604,265,"Aug 19, 2025",44.37 USD,BANK TRANSFER,subscription,Legacy Billing
Q3-TX-000605,680,2025-07-27,200.50,PayPal, Upgrade ,Legacy Billing
Q3-TX-000606,741,01 Aug 2025,$-127.24,BANK TRANSFER,Refund,Legacy Billing
Q3-TX-000607,698,2025-09-16,241.92,PayPal , Subscription,Legacy Billing
Q3-TX-000608,1494,2025-08-06,$-222,CREDIT CARD,Refund,Legacy Billing
Q3-TX-000609,207,2025-09-30,$182.13,Credit Card , Upgrade ,Legacy Billing
Q3-TX-000610,304,28 Sep 2025,$-122.01,credit card,Refund ,Legacy Billing
Q3-TX-000611,1438,18/09/2025,-394.83 USD, Credit Card, Refund,Legacy Billing
Q3-TX-000612,777,2025-09-16,USD 107.16,BANK TRANSFER,Add-on,Legacy Billing
Q3-TX-000613,1195,09/04/2025,$248,Bank Transfer ,add-on,Legacy Billing
Q3-TX-000614,327,29-09-2025,$542,credit card,add-on,Legacy Billing
Q3-TX-000615,766,08/13/2025,USD 378.63,Bank Transfer,add-on,Legacy Billing
Q3-TX-000616,493,2025-08-18,115.59, Credit Card, Subscription ,Legacy Billing
Q3-TX-000617,2,"Aug 12, 2025",$257.47,bank transfer, Upgrade ,Legacy Billing
Q3-TX-000618,323,"Aug 07, 2025",70.64,PayPal,ADD-ON,Legacy Billing
Q3-TX-000619,391,"Jul 30, 2025",103.29,paypal, Upgrade,Legacy Billing
Q3-TX-000620,1082,26-09-2025,175.91,Bank Transfer ,Add-on,Legacy Billing
Q3-TX-000621,1085,08-09-2025,189.91,bank transfer, Add-on,Legacy Billing
Q3-TX-000622,1287,07 Jul 2025,$364.02,credit card,Subscription ,Legacy Billing
Q3-TX-000623,614,15 Sep 2025,USD 186.71,Debit Card , Add-on ,Legacy Billing
Q3-TX-000624,802,09/08/2025,217.11, Bank Transfer , Upgrade,Legacy Billing
Q3-TX-000625,680,04-08-2025,-354.41,DEBIT CARD, Refund,Legacy Billing
Q3-TX-000626,1216,17/07/2025,$120, Bank Transfer , Add-on ,Legacy Billing
Q3-TX-000627,1274,"Aug 23, 2025",-531.76,CREDIT CARD,Refund,Legacy Billing
Q3-TX-000628,1080,05-07-2025,467.98, Credit Card ,upgrade,Legacy Billing
Q3-TX-000629,898,28/09/2025,233.82 USD,Bank Transfer , Add-on,Legacy Billing
Q3-TX-000630,627,08/24/2025,334.18, PayPal ,Subscription ,Legacy Billing
Q3-TX-000631,969,2025-07-09,233.31,PAYPAL,Add-on ,Legacy Billing
Q3-TX-000632,503,09/08/2025,202.84 USD,Credit Card ,ADD-ON,Legacy Billing
Q3-TX-000633,673,26-08-2025,USD 261.00,Bank Transfer ,upgrade,Legacy Billing
Q3-TX-000634,149,"Jul 19, 2025",USD 398.56, Debit Card , Upgrade ,Legacy Billing
Q3-TX-000635,287,"Sep 06, 2025",374.20 USD,credit card, Upgrade ,Legacy Billing
Q3-TX-000636,1434,"Aug 05, 2025",$132.29, Credit Card ,UPGRADE,Legacy Billing
Q3-TX-000637,1089,2025-09-27,210.50,PayPal ,upgrade,Legacy Billing
Q3-TX-000638,828,2025-08-09,USD -89.43,PayPal,Refund ,Legacy Billing
Q3-TX-000639,672,05-08-2025,USD -306.50,Debit Card , Refund ,Legacy Billing
Q3-TX-000640,423,2025-08-13,$336.69,PayPal , Subscription ,Legacy Billing
Q3-TX-000641,38,09/04/2025,USD 290.41,Credit Card,Add-on ,Legacy Billing
Q3-TX-000642,210,30-08-2025,$-882,Credit Card, Refund,Legacy Billing
Q3-TX-000643,306,2025-09-25,246.46 USD,Credit Card,add-on,Legacy Billing
Q3-TX-000644,752,08/02/2025,$40.94,Debit Card,Subscription,Legacy Billing
Q3-TX-000645,660,21-09-2025,USD -221.20,credit card, Refund,Legacy Billing
Q3-TX-000646,1449,"Jul 07, 2025",112.73,CREDIT CARD, Add-on ,Legacy Billing
Q3-TX-000647,1300,"Aug 13, 2025",USD 357.43,PayPal ,Add-on ,Legacy Billing
Q3-TX-000648,365,09/25/2025,406.16,Debit Card ,Upgrade ,Legacy Billing
Q3-TX-000649,900007,2025-08-04,183.38,Debit Card ,SUBSCRIPTION,Legacy Billing
Q3-TX-000650,649,08 Aug 2025,USD 220.66,debit card, Upgrade ,Legacy Billing
Q3-TX-000651,798,19-09-2025,USD 267.64, Credit Card,Add-on ,Legacy Billing
Q3-TX-000652,786,12-09-2025,261.42,Credit Card ,add-on,Legacy Billing
Q3-TX-000653,438,2025-09-07,407.09,CREDIT CARD, Upgrade,Legacy Billing
Q3-TX-000654,1496,27 Jul 2025,$-254.48, Bank Transfer ,Refund ,Legacy Billing
Q3-TX-000655,650,03-09-2025,-212.59 USD, Debit Card, Refund,Legacy Billing
Q3-TX-000656,660,02/07/2025,USD 184.31,Credit Card,SUBSCRIPTION,Legacy Billing
Q3-TX-000657,488,02/07/2025,-79.34,DEBIT CARD,REFUND,Legacy Billing
Q3-TX-000658,738,07/07/2025,USD 106.72,DEBIT CARD,Add-on ,Legacy Billing
Q3-TX-000659,1211,2025-07-07,101.61 USD, PayPal ,upgrade,Legacy Billing
Q3-TX-000660,940,08/21/2025,$771,Bank Transfer , Add-on,Legacy Billing
Q3-TX-000661,634,07/06/2025,$208.46,PAYPAL,add-on,Legacy Billing
Q3-TX-000662,1118,"Sep 18, 2025",USD 334.62, Debit Card,ADD-ON,Legacy Billing
Q3-TX-000663,51,"Aug 12, 2025",-306.97,paypal,Refund,Legacy Billing
Q3-TX-000664,1134,07/16/2025,USD 46.06,Bank Transfer , Upgrade,Legacy Billing
Q3-TX-000665,1196,"Sep 03, 2025",192.02,debit card,add-on,Legacy Billing
Q3-TX-000666,1178,05 Jul 2025,$287, Debit Card , Subscription ,Legacy Billing
Q3-TX-000667,1049,31 Aug 2025,-32.30,Credit Card,refund,Legacy Billing
Q3-TX-000668,624,2025-08-30,191.86,Bank Transfer,add-on,Legacy Billing
Q3-TX-000669,994,08/01/2025,$352.25,BANK TRANSFER,upgrade,Legacy Billing
Q3-TX-000670,502,22-09-2025,$170.30,BANK TRANSFER,subscription,Legacy Billing
Q3-TX-000671,12,20/08/2025,321.21,Debit Card ,Add-on,Legacy Billing
Q3-TX-000672,524,"Jul 19, 2025",$-115.37, Debit Card,Refund,Legacy Billing
Q3-TX-000673,1430,01-08-2025,162.12,paypal, Subscription ,Legacy Billing
Q3-TX-000674,328,28-09-2025,334.87, Debit Card ,add-on,Legacy Billing
Q3-TX-000675,1160,28/07/2025,-197.57 USD,paypal,REFUND,Legacy Billing
Q3-TX-000676,1093,07/11/2025,89.26,Bank Transfer , Upgrade ,Legacy Billing
Q3-TX-000677,340,2025-09-28,$354, PayPal , Add-on,Legacy Billing
Q3-TX-000678,1311,2025-07-23,260.10,paypal,Subscription,Legacy Billing
Q3-TX-000679,1271,09/17/2025,$119,Debit Card , Add-on ,Legacy Billing
Q3-TX-000680,117,2025-07-01,USD 330.97,paypal, Upgrade ,Legacy Billing
Q3-TX-000681,1287,"Sep 30, 2025",USD 178.34,Debit Card ,SUBSCRIPTION,Legacy Billing
Q3-TX-000682,80,2025-09-12,471.32,Bank Transfer ,subscription,Legacy Billing
Q3-TX-000683,633,07/02/2025,405.01 USD, PayPal,upgrade,Legacy Billing
Q3-TX-000684,599,21 Jul 2025,222.22,Credit Card, Upgrade,Legacy Billing
Q3-TX-000685,435,05 Jul 2025,296.12 USD,CREDIT CARD, Subscription,Legacy Billing
Q3-TX-000686,229,2025-07-15,USD -453.89, Debit Card ,refund,Legacy Billing
Q3-TX-000687,1368,"Aug 06, 2025",220.59, Credit Card, Upgrade ,Legacy Billing
Q3-TX-000688,792,"Jul 12, 2025",$43,debit card,upgrade,Legacy Billing
Q3-TX-000689,880,"Aug 29, 2025",-293.90,paypal, Refund,Legacy Billing
Q3-TX-000690,1480,18/09/2025,362.70, Credit Card, Add-on,Legacy Billing
Q3-TX-000691,786,09/09/2025,$371,Bank Transfer ,Subscription,Legacy Billing
Q3-TX-000692,132,09/02/2025,$114,bank transfer,UPGRADE,Legacy Billing
Q3-TX-000693,1140,22-07-2025,USD 475.58, Bank Transfer ,Subscription ,Legacy Billing
Q3-TX-000694,102,25/07/2025,USD 793.18,credit card,Subscription,Legacy Billing
Q3-TX-000695,1278,07/25/2025,$-366.89, Bank Transfer, Refund,Legacy Billing
Q3-TX-000696,35,"Jul 21, 2025",176.51,DEBIT CARD, Subscription,Legacy Billing
Q3-TX-000697,330,31/08/2025,USD 271.84, Bank Transfer,SUBSCRIPTION,Legacy Billing
Q3-TX-000698,278,2025-08-09,USD -321.09,debit card,REFUND,Legacy Billing
Q3-TX-000699,667,"Aug 04, 2025",$343.00, Bank Transfer ,Upgrade,Legacy Billing
Q3-TX-000700,630,"Aug 05, 2025",USD 247.27,credit card,add-on,Legacy Billing
Q3-TX-000701,1233,29 Jul 2025,-98.89,credit card,Refund,Legacy Billing
Q3-TX-000702,1322,02 Jul 2025,338.22, Debit Card, Add-on,Legacy Billing
Q3-TX-000703,1478,08/21/2025,$138,Debit Card, Subscription,Legacy Billing
Q3-TX-000704,850,10/08/2025,$175.30,CREDIT CARD, Subscription ,Legacy Billing
Q3-TX-000705,484,2025-08-10,$120, Bank Transfer,Add-on ,Legacy Billing
Q3-TX-000706,590,2025-07-08,USD 91.53,CREDIT CARD,subscription,Legacy Billing
Q3-TX-000707,1347,02/08/2025,$170.54, Credit Card, Subscription ,Legacy Billing
Q3-TX-000708,723,09/06/2025,$-262.59,PAYPAL,REFUND,Legacy Billing
Q3-TX-000709,823,08/11/2025,149.99, Credit Card, Upgrade,Legacy Billing
Q3-TX-000710,819,10/08/2025,116.04,CREDIT CARD,ADD-ON,Legacy Billing
Q3-TX-000711,917,24-09-2025,-216.38, PayPal,Refund ,Legacy Billing
Q3-TX-000712,38,08/14/2025,$51,Bank Transfer , Add-on ,Legacy Billing
Q3-TX-000713,547,14/09/2025,USD 24.38,CREDIT CARD, Subscription,Legacy Billing
Q3-TX-000714,255,2025-09-27,USD 380.41, Credit Card , Add-on,Legacy Billing
Q3-TX-000715,713,2025-08-29,USD 77.62,BANK TRANSFER,Upgrade ,Legacy Billing
Q3-TX-000716,1312,08 Sep 2025,-230.03 USD,Bank Transfer ,Refund,Legacy Billing
Q3-TX-000717,1332,12 Jul 2025,383.38,Credit Card,Add-on,Legacy Billing
Q3-TX-000718,369,25-07-2025,$-233.32,PayPal,Refund ,Legacy Billing
Q3-TX-000719,1479,28 Sep 2025,124.55, Bank Transfer , Upgrade ,Legacy Billing
Q3-TX-000720,120,10 Jul 2025,220.08,PayPal,Add-on,Legacy Billing
Q3-TX-000721,763,2025-07-22,$-136,CREDIT CARD, Refund,Legacy Billing
Q3-TX-000722,23,07-08-2025,$-165.18, Credit Card,refund,Legacy Billing
Q3-TX-000723,221,27 Aug 2025,-62.59,PAYPAL,refund,Legacy Billing
Q3-TX-000724,1186,09/09/2025,USD 25.34, Bank Transfer,Subscription ,Legacy Billing
Q3-TX-000725,776,2025-08-02,$157,credit card,Subscription,Legacy Billing
Q3-TX-000726,955,08/09/2025,86.13, Credit Card ,upgrade,Legacy Billing
Q3-TX-000727,913,"Sep 30, 2025",291.66,PayPal, Upgrade ,Legacy Billing
Q3-TX-000728,121,29 Aug 2025,$213, Debit Card , Subscription ,Legacy Billing
Q3-TX-000729,1045,19-09-2025,165.60, Bank Transfer,Upgrade,Legacy Billing
Q3-TX-000730,528,07-07-2025,USD -563.82,bank transfer, Refund ,Legacy Billing
Q3-TX-000731,992,"Jul 29, 2025",-259.34, Debit Card, Refund,Legacy Billing
Q3-TX-000732,900018,31/08/2025,238.51 USD, Debit Card,upgrade,Legacy Billing
Q3-TX-000733,347,18-07-2025,463.98,PAYPAL, Subscription,Legacy Billing
Q3-TX-000734,200,17/08/2025,107.06,paypal, Add-on,Legacy Billing
Q3-TX-000735,984,24 Aug 2025,$147.08, Credit Card,SUBSCRIPTION,Legacy Billing
Q3-TX-000736,968,09/23/2025,$-97,BANK TRANSFER,Refund,Legacy Billing
Q3-TX-000737,129,06/07/2025,-210.28, Debit Card,Refund ,Legacy Billing
Q3-TX-000738,527,05 Jul 2025,$-663,Credit Card,Refund,Legacy Billing
Q3-TX-000739,830,"Jul 18, 2025",$148.30,Debit Card , Upgrade,Legacy Billing
Q3-TX-000740,827,2025-07-17,-194.73,DEBIT CARD, Refund ,Legacy Billing
Q3-TX-000741,664,27-09-2025,76.96 USD,Bank Transfer, Upgrade ,Legacy Billing
Q3-TX-000742,27,17 Sep 2025,385.21,PayPal,Subscription,Legacy Billing
Q3-TX-000743,1414,09/23/2025,$517.25, Debit Card, Add-on ,Legacy Billing
Q3-TX-000744,686,"Sep 28, 2025",150.53 USD,DEBIT CARD,add-on,Legacy Billing
Q3-TX-000745,741,17-09-2025,787.44 USD, PayPal,ADD-ON,Legacy Billing
Q3-TX-000746,8,05/09/2025,47.22,Credit Card,Upgrade,Legacy Billing
Q3-TX-000747,498,09/24/2025,USD -182.25,PAYPAL,REFUND,Legacy Billing
Q3-TX-000748,1486,04 Sep 2025,USD 147.82,debit card, Upgrade,Legacy Billing
Q3-TX-000749,736,16 Jul 2025,221.28 USD, PayPal,SUBSCRIPTION,Legacy Billing
Q3-TX-000750,243,29-08-2025,USD 345.00, Debit Card ,Add-on ,Legacy Billing
Q3-TX-000751,955,2025-08-08,498.03 USD, Credit Card , Subscription ,Legacy Billing
Q3-TX-000752,680,18 Aug 2025,131.78,debit card,ADD-ON,Legacy Billing
Q3-TX-000753,1459,15/08/2025,$264, Bank Transfer ,add-on,Legacy Billing
Q3-TX-000754,1210,28/07/2025,USD -241.41, Bank Transfer ,Refund,Legacy Billing
Q3-TX-000755,974,2025-09-04,374.15,debit card,ADD-ON,Legacy Billing
Q3-TX-000756,1103,09/13/2025,$162.16,debit card,Add-on ,Legacy Billing
Q3-TX-000757,52,03-07-2025,USD 126.31, Credit Card, Add-on ,Legacy Billing
Q3-TX-000758,852,"Sep 19, 2025",139.39,PAYPAL,upgrade,Legacy Billing
Q3-TX-000759,1472,2025-08-09,316.86 USD, Credit Card, Subscription ,Legacy Billing
Q3-TX-000760,375,"Jul 09, 2025",$59, PayPal,add-on,Legacy Billing
Q3-TX-000761,847,13-08-2025,143.39,BANK TRANSFER,Subscription,Legacy Billing
Q3-TX-000762,577,27-07-2025,USD 197.63,Bank Transfer ,Upgrade,Legacy Billing
Q3-TX-000763,1446,10 Sep 2025,258.96, PayPal, Upgrade ,Legacy Billing
Q3-TX-000764,1424,2025-09-02,252.06 USD, Credit Card,Subscription,Legacy Billing
Q3-TX-000765,192,07/18/2025,,PayPal , Subscription ,Legacy Billing
Q3-TX-000766,1009,07/02/2025,$75,Bank Transfer, Upgrade ,Legacy Billing
Q3-TX-000767,191,07/08/2025,$275.01, PayPal,upgrade,Legacy Billing
Q3-TX-000768,714,17/08/2025,133.70, Debit Card,upgrade,Legacy Billing
Q3-TX-000769,1138,09/30/2025,194.84,Bank Transfer ,Upgrade,Legacy Billing
Q3-TX-000770,1179,10/08/2025,110.56, Credit Card , Upgrade,Legacy Billing
Q3-TX-000771,548,25/08/2025,USD 109.08,BANK TRANSFER,ADD-ON,Legacy Billing
Q3-TX-000772,28,14/08/2025,296.42,debit card,Subscription,Legacy Billing
Q3-TX-000773,794,17/08/2025,228.39, Debit Card, Subscription ,Legacy Billing
Q3-TX-000774,1469,27-07-2025,$175.64, Credit Card, Upgrade ,Legacy Billing
Q3-TX-000775,134,17-07-2025,$207, Debit Card ,upgrade,Legacy Billing
Q3-TX-000776,479,15 Jul 2025,USD 148.40,Credit Card,Subscription,Legacy Billing
Q3-TX-000777,102,18/07/2025,-215.05 USD,PayPal, Refund,Legacy Billing
Q3-TX-000778,1349,26 Jul 2025,USD -171.35, PayPal,refund,Legacy Billing
Q3-TX-000779,852,07 Jul 2025,503.83,DEBIT CARD,Add-on ,Legacy Billing
Q3-TX-000780,1474,2025-07-23,$143,Debit Card,Upgrade,Legacy Billing
Q3-TX-000781,859,"Sep 20, 2025",$-117.34,credit card,refund,Legacy Billing
Q3-TX-000782,1239,13/08/2025,404.20,CREDIT CARD,Add-on,Legacy Billing
Q3-TX-000783,978,15/07/2025,$178.47, Debit Card,Upgrade,Legacy Billing
Q3-TX-000784,950,09-07-2025,424.54 USD, PayPal,add-on,Legacy Billing
Q3-TX-000785,1499,07/13/2025,$301,PayPal,Subscription ,Legacy Billing
Q3-TX-000786,147,09/17/2025,$-107,Bank Transfer, Refund,Legacy Billing
Q3-TX-000787,1470,10-07-2025,$-219.72, Credit Card , Refund,Legacy Billing
Q3-TX-000788,689,"Aug 08, 2025",$86,Credit Card, Upgrade,Legacy Billing
Q3-TX-000789,373,10-08-2025,480.96, Bank Transfer,Subscription ,Legacy Billing
Q3-TX-000790,77,08 Sep 2025,116.58, Credit Card,Upgrade ,Legacy Billing
Q3-TX-000791,1295,"Jul 27, 2025",$22,bank transfer,UPGRADE,Legacy Billing
Q3-TX-000792,1464,09/18/2025,$-96.99,Bank Transfer ,refund,Legacy Billing
Q3-TX-000793,288,27-07-2025,$-543.75,paypal, Refund ,Legacy Billing
Q3-TX-000794,524,26-08-2025,267.01, Debit Card,Subscription,Legacy Billing
Q3-TX-000795,954,07/08/2025,USD 218.97, Credit Card , Upgrade ,Legacy Billing
Q3-TX-000796,1356,23 Aug 2025,$-52.87, PayPal ,Refund ,Legacy Billing
Q3-TX-000797,1126,07/07/2025,-569.12,Bank Transfer , Refund,Legacy Billing
Q3-TX-000798,364,"Sep 20, 2025",$442.58,Debit Card ,SUBSCRIPTION,Legacy Billing
Q3-TX-000799,722,09/11/2025,USD -96.28,PAYPAL,Refund ,Legacy Billing
Q3-TX-000800,1272,27/09/2025,$50, Credit Card ,Subscription ,Legacy Billing
Q3-TX-000801,742,22-08-2025,334.41,bank transfer,ADD-ON,Legacy Billing
Q3-TX-000802,1026,19 Jul 2025,-382.02 USD,credit card,Refund,Legacy Billing
Q3-TX-000803,491,10 Sep 2025,$-274.94, Credit Card,REFUND,Legacy Billing
Q3-TX-000804,783,27 Sep 2025,-438.63 USD,PAYPAL,refund,Legacy Billing
Q3-TX-000805,947,09-07-2025,247.38,Debit Card,Add-on ,Legacy Billing
Q3-TX-000806,1301,"Aug 21, 2025",133.65,Bank Transfer ,add-on,Legacy Billing
Q3-TX-000807,1006,14-08-2025,-461.40 USD,debit card, Refund ,Legacy Billing
Q3-TX-000808,594,07/01/2025,$-130, Credit Card,Refund,Legacy Billing
Q3-TX-000809,146,"Aug 02, 2025",-208.45, Bank Transfer ,Refund,Legacy Billing
Q3-TX-000810,607,27-09-2025,$270,Credit Card, Add-on ,Legacy Billing
Q3-TX-000811,1387,29/09/2025,USD 196.88, PayPal , Upgrade,Legacy Billing
Q3-TX-000812,608,"Aug 12, 2025",493.29, Credit Card ,ADD-ON,Legacy Billing
Q3-TX-000813,658,09/05/2025,USD -415.34,DEBIT CARD,refund,Legacy Billing
Q3-TX-000814,258,07/23/2025,$-135,Debit Card ,REFUND,Legacy Billing
Q3-TX-000815,53,08/30/2025,491.32,paypal,upgrade,Legacy Billing
Q3-TX-000816,1272,08/30/2025,$-50,DEBIT CARD,Refund ,Legacy Billing
Q3-TX-000817,624,03/09/2025,USD 48.14, Debit Card, Add-on ,Legacy Billing
Q3-TX-000818,670,05/08/2025,$896.53,BANK TRANSFER, Upgrade ,Legacy Billing
Q3-TX-000819,431,"Aug 05, 2025",USD 415.11,Bank Transfer ,Subscription ,Legacy Billing
Q3-TX-000820,1268,19 Aug 2025,90.93, PayPal,Upgrade,Legacy Billing
Q3-TX-000821,512,07-07-2025,USD -177.21, Bank Transfer ,Refund ,Legacy Billing
Q3-TX-000822,1118,01-09-2025,177.30 USD,PAYPAL,Upgrade ,Legacy Billing
Q3-TX-000823,215,24 Jul 2025,$-373,Debit Card , Refund,Legacy Billing
Q3-TX-000824,1059,"Sep 19, 2025",316.63, Bank Transfer , Add-on,Legacy Billing
Q3-TX-000825,268,31/07/2025,472.53 USD, Bank Transfer , Subscription ,Legacy Billing
Q3-TX-000826,1017,08/01/2025,$-126,Bank Transfer ,Refund,Legacy Billing
Q3-TX-000827,1228,19/08/2025,$389.49,Credit Card, Add-on ,Legacy Billing
Q3-TX-000828,849,17/08/2025,$-116,paypal, Refund,Legacy Billing
Q3-TX-000829,470,07/23/2025,273.10,Debit Card ,Add-on ,Legacy Billing
Q3-TX-000830,711,"Jul 24, 2025",274.01,CREDIT CARD, Add-on,Legacy Billing
Q3-TX-000831,68,31 Aug 2025,196.63, Debit Card ,Upgrade,Legacy Billing
Q3-TX-000832,1156,09/23/2025,$115, PayPal , Upgrade,Legacy Billing
Q3-TX-000833,293,2025-08-13,USD 292.78, Credit Card , Subscription,Legacy Billing
Q3-TX-000834,796,"Jul 10, 2025",$383.70,Debit Card,SUBSCRIPTION,Legacy Billing
Q3-TX-000835,633,13 Sep 2025,$734.34,PayPal ,Add-on ,Legacy Billing
Q3-TX-000836,837,16-08-2025,-203.34,debit card, Refund ,Legacy Billing
Q3-TX-000837,342,28/09/2025,181.30,Bank Transfer ,Subscription ,Legacy Billing
Q3-TX-000838,1289,2025-08-22,$-478.09, Debit Card , Refund ,Legacy Billing
Q3-TX-000839,414,17-07-2025,USD 459.61,Debit Card,ADD-ON,Legacy Billing
Q3-TX-000840,1397,07/05/2025,65.68,Debit Card ,upgrade,Legacy Billing
Q3-TX-000841,809,"Jul 31, 2025",-393.04,BANK TRANSFER, Refund ,Legacy Billing
Q3-TX-000842,634,30/08/2025,362.16,CREDIT CARD,Add-on,Legacy Billing
Q3-TX-000843,983,24/08/2025,190.54,Bank Transfer, Upgrade ,Legacy Billing
Q3-TX-000844,657,12 Jul 2025,247.88, PayPal,Upgrade,Legacy Billing
Q3-TX-000845,219,"Jul 19, 2025",70.19 USD, Debit Card ,upgrade,Legacy Billing
Q3-TX-000846,1106,24/08/2025,-384.11, PayPal ,Refund ,Legacy Billing
Q3-TX-000847,50,01-08-2025,$-337,bank transfer,refund,Legacy Billing
Q3-TX-000848,1139,"Aug 07, 2025",$500.65, Bank Transfer,Add-on ,Legacy Billing
Q3-TX-000849,1462,23 Sep 2025,USD -125.76,CREDIT CARD,Refund ,Legacy Billing
Q3-TX-000850,515,18-08-2025,USD 142.03,Credit Card, Add-on ,Legacy Billing
Q3-TX-000851,1250,29-08-2025,-198.42 USD,Debit Card,refund,Legacy Billing
Q3-TX-000852,1224,05 Jul 2025,USD 57.66,Bank Transfer,Add-on,Legacy Billing
Q3-TX-000853,55,"Aug 07, 2025",$165,debit card,Upgrade ,Legacy Billing
Q3-TX-000854,1298,2025-07-22,$-468, Credit Card ,Refund ,Legacy Billing
Q3-TX-000855,707,2025-08-17,USD 287.59,PayPal , Upgrade,Legacy Billing
Q3-TX-000856,1468,08/07/2025,$59.87, Debit Card, Subscription ,Legacy Billing
Q3-TX-000857,898,28 Sep 2025,$131,debit card, Upgrade ,Legacy Billing
Q3-TX-000858,223,"Jul 28, 2025",$124, PayPal, Upgrade,Legacy Billing
Q3-TX-000859,769,11 Sep 2025,567.59 USD,PAYPAL,add-on,Legacy Billing
Q3-TX-000860,559,12/08/2025,$314.64, PayPal,Add-on ,Legacy Billing
Q3-TX-000861,488,04 Aug 2025,$-469.02,DEBIT CARD, Refund ,Legacy Billing
Q3-TX-000862,327,09/23/2025,$44,Debit Card ,upgrade,Legacy Billing
Q3-TX-000863,1455,23/07/2025,USD -206.92,Debit Card,refund,Legacy Billing
Q3-TX-000864,769,07/26/2025,$123, PayPal,ADD-ON,Legacy Billing
Q3-TX-000865,1380,2025-09-12,$140,PAYPAL,ADD-ON,Legacy Billing
Q3-TX-000866,854,2025-08-16,172.86 USD,PayPal ,ADD-ON,Legacy Billing
Q3-TX-000867,406,"Aug 07, 2025",USD 185.79, Bank Transfer ,Subscription,Legacy Billing
Q3-TX-000868,1479,22 Aug 2025,165.81,PayPal, Subscription ,Legacy Billing
Q3-TX-000869,929,07/13/2025,$73.64,BANK TRANSFER, Upgrade,Legacy Billing
Q3-TX-000870,447,"Sep 05, 2025",575.28,bank transfer,subscription,Legacy Billing
Q3-TX-000871,934,2025-09-16,232.39,CREDIT CARD,ADD-ON,Legacy Billing
Q3-TX-000872,831,"Jul 02, 2025",$686.84,PayPal,Add-on ,Legacy Billing
Q3-TX-000873,689,2025-07-12,448.87 USD,bank transfer,Subscription,Legacy Billing
Q3-TX-000874,596,17-09-2025,143.82, PayPal , Subscription ,Legacy Billing
Q3-TX-000875,513,21-09-2025,447.32 USD,Credit Card , Subscription ,Legacy Billing
Q3-TX-000876,668,22-08-2025,$83.10, Bank Transfer ,ADD-ON,Legacy Billing
Q3-TX-000877,418,23-09-2025,-144.96,PayPal,REFUND,Legacy Billing
Q3-TX-000878,474,08/18/2025,178.65 USD, Debit Card , Upgrade,Legacy Billing
Q3-TX-000879,1490,2025-08-22,$-218,bank transfer,Refund ,Legacy Billing
Q3-TX-000880,581,01 Jul 2025,150.81,credit card,UPGRADE,Legacy Billing
Q3-TX-000881,780,27 Sep 2025,199.22, Credit Card ,ADD-ON,Legacy Billing
Q3-TX-000882,1221,21 Sep 2025,$-265,BANK TRANSFER,REFUND,Legacy Billing
Q3-TX-000883,722,"Jul 22, 2025",USD 206.06,bank transfer, Upgrade,Legacy Billing
Q3-TX-000884,1350,"Sep 28, 2025",-183.40,BANK TRANSFER,Refund,Legacy Billing
Q3-TX-000885,180,09/06/2025,409.33, Bank Transfer,ADD-ON,Legacy Billing
Q3-TX-000886,1367,2025-07-21,$442, Bank Transfer,Subscription ,Legacy Billing
Q3-TX-000887,1005,2025-09-05,USD -297.52,PayPal ,Refund,Legacy Billing
Q3-TX-000888,1067,03/09/2025,113.66 USD, PayPal , Subscription ,Legacy Billing
Q3-TX-000889,1033,06 Aug 2025,USD 84.01, Debit Card, Subscription ,Legacy Billing
Q3-TX-000890,613,07/11/2025,215.02 USD,PayPal,upgrade,Legacy Billing
Q3-TX-000891,1229,"Sep 30, 2025",133.23 USD, Debit Card , Subscription,Legacy Billing
Q3-TX-000892,536,09/07/2025,-266.74,CREDIT CARD, Refund,Legacy Billing
Q3-TX-000893,707,02 Sep 2025,99.65,PayPal , Add-on ,Legacy Billing
Q3-TX-000894,1215,"Sep 26, 2025",448.02, Bank Transfer , Subscription,Legacy Billing
Q3-TX-000895,1498,2025-08-20,$591.96, Bank Transfer,Subscription ,Legacy Billing
Q3-TX-000896,312,25/09/2025,-221.50,Credit Card,refund,Legacy Billing
Q3-TX-000897,476,"Sep 07, 2025",$178.38,Debit Card , Subscription,Legacy Billing
Q3-TX-000898,1374,07/23/2025,$633,PayPal ,ADD-ON,Legacy Billing
Q3-TX-000899,1282,26 Aug 2025,$339.34,PAYPAL, Upgrade ,Legacy Billing
Q3-TX-000900,779,2025-09-20,553.75, Credit Card,Add-on ,Legacy Billing
Q3-TX-000901,1379,22/08/2025,-214.85,Debit Card, Refund ,Legacy Billing
Q3-TX-000902,762,09/21/2025,$-115.92,Credit Card,REFUND,Legacy Billing
Q3-TX-000903,1339,2025-08-08,USD 222.50,CREDIT CARD,Subscription ,Legacy Billing
Q3-TX-000904,423,"Sep 22, 2025",USD 410.31, Bank Transfer, Subscription ,Legacy Billing
Q3-TX-000905,985,06/07/2025,USD 334.50,Bank Transfer,Add-on,Legacy Billing
Q3-TX-000906,687,07/14/2025,193.46 USD,DEBIT CARD,UPGRADE,Legacy Billing
Q3-TX-000907,708,2025-07-01,$-88, Debit Card,REFUND,Legacy Billing
Q3-TX-000908,877,07/26/2025,USD 181.29,Debit Card ,Upgrade ,Legacy Billing
Q3-TX-000909,938,08/04/2025,88.77 USD, Credit Card ,Upgrade,Legacy Billing
Q3-TX-000910,820,17-08-2025,628.73 USD,DEBIT CARD, Add-on,Legacy Billing
Q3-TX-000911,194,18/07/2025,32.43,PayPal,ADD-ON,Legacy Billing
Q3-TX-000912,889,2025-09-16,-125.75 USD,credit card, Refund ,Legacy Billing
Q3-TX-000913,954,29 Aug 2025,178.43,PayPal,Add-on,Legacy Billing
Q3-TX-000914,337,"Jul 07, 2025",$322,PAYPAL, Subscription ,Legacy Billing
Q3-TX-000915,1261,07/08/2025,$259,DEBIT CARD,subscription,Legacy Billing
Q3-TX-000916,1330,19-09-2025,$-49.55,paypal,refund,Legacy Billing
Q3-TX-000917,807,02-08-2025,$-138, Credit Card,Refund,Legacy Billing
Q3-TX-000918,571,04 Jul 2025,$-163.21, Debit Card,REFUND,Legacy Billing
Q3-TX-000919,513,23-08-2025,$164.23, Debit Card , Upgrade,Legacy Billing
Q3-TX-000920,1454,08/24/2025,$249.04,Debit Card , Upgrade,Legacy Billing
Q3-TX-000921,290,"Sep 20, 2025",USD 486.53,PayPal, Upgrade ,Legacy Billing
Q3-TX-000922,1343,31/08/2025,-68.99,Bank Transfer,refund,Legacy Billing
Q3-TX-000923,817,2025-07-11,-241.69,Bank Transfer ,Refund ,Legacy Billing
Q3-TX-000924,513,16/09/2025,,Credit Card, Add-on,Legacy Billing
Q3-TX-000925,1463,"Aug 22, 2025",$380.13,bank transfer,Subscription ,Legacy Billing
Q3-TX-000926,991,2025-08-10,USD 289.43,PayPal, Add-on ,Legacy Billing
Q3-TX-000927,92,2025-07-16,USD 51.27,DEBIT CARD,Subscription ,Legacy Billing
Q3-TX-000928,176,"Jul 29, 2025",$363.17, Debit Card ,Upgrade ,Legacy Billing
Q3-TX-000929,1073,"Aug 19, 2025",236.64,Bank Transfer ,subscription,Legacy Billing
Q3-TX-000930,140,2025-07-16,56.84, Bank Transfer, Subscription ,Legacy Billing
Q3-TX-000931,315,2025-09-04,-199.57,PAYPAL,REFUND,Legacy Billing
Q3-TX-000932,744,18/07/2025,$288, Credit Card, Add-on ,Legacy Billing
Q3-TX-000933,875,2025-09-18,967.37 USD, PayPal,Upgrade,Legacy Billing
Q3-TX-000934,1230,2025-08-03,96.35 USD,debit card, Upgrade ,Legacy Billing
Q3-TX-000935,603,2025-09-17,44.78,Credit Card , Add-on ,Legacy Billing
Q3-TX-000936,12,08/07/2025,$138.31, Credit Card , Upgrade,Legacy Billing
Q3-TX-000937,351,09/11/2025,$259,DEBIT CARD,ADD-ON,Legacy Billing
Q3-TX-000938,1071,07/15/2025,-260.31,CREDIT CARD,Refund ,Legacy Billing
Q3-TX-000939,1070,13-08-2025,218.68,PayPal , Add-on ,Legacy Billing
Q3-TX-000940,1052,07/10/2025,$213,PayPal,UPGRADE,Legacy Billing
Q3-TX-000941,1061,09/24/2025,191.19 USD,Credit Card , Upgrade,Legacy Billing
Q3-TX-000942,401,08/07/2025,$-180,Bank Transfer , Refund ,Legacy Billing
Q3-TX-000943,873,07/14/2025,-505.63 USD,PayPal , Refund ,Legacy Billing
Q3-TX-000944,497,2025-07-25,108.12 USD,PayPal, Add-on ,Legacy Billing
Q3-TX-000945,1302,"Jul 02, 2025",$-150,Credit Card,Refund,Legacy Billing
Q3-TX-000946,1485,2025-09-14,68.02,CREDIT CARD,Subscription,Legacy Billing
Q3-TX-000947,1246,26 Jul 2025,269.86, Debit Card,Add-on ,Legacy Billing
Q3-TX-000948,84,29-09-2025,$402.08,bank transfer, Subscription,Legacy Billing
Q3-TX-000949,826,2025-08-19,-224.32,Credit Card ,refund,Legacy Billing
Q3-TX-000950,45,08/08/2025,USD 522.44,paypal,SUBSCRIPTION,Legacy Billing
Q3-TX-000951,1394,17 Jul 2025,USD 198.43,paypal,add-on,Legacy Billing
Q3-TX-000952,1119,02/08/2025,$66, Debit Card,Add-on,Legacy Billing
Q3-TX-000953,745,23-08-2025,$304.13,CREDIT CARD,Add-on ,Legacy Billing
Q3-TX-000954,648,05 Sep 2025,$44,PayPal,Upgrade ,Legacy Billing
Q3-TX-000955,261,24-09-2025,-118.17,Debit Card,REFUND,Legacy Billing
Q3-TX-000956,558,24-07-2025,184.23, Bank Transfer, Upgrade ,Legacy Billing
Q3-TX-000957,408,2025-09-29,$111.56,Credit Card , Subscription,Legacy Billing
Q3-TX-000958,739,2025-08-28,-793.00,DEBIT CARD, Refund ,Legacy Billing
Q3-TX-000959,361,"Aug 16, 2025",USD 219.98,PayPal,Subscription ,Legacy Billing
Q3-TX-000960,719,2025-07-14,214.14 USD, PayPal , Subscription,Legacy Billing
Q3-TX-000961,1335,"Sep 15, 2025",292.16,Bank Transfer, Add-on,Legacy Billing
Q3-TX-000962,562,2025-08-27,$107, Debit Card, Upgrade ,Legacy Billing
Q3-TX-000963,850,2025-09-02,$-316,CREDIT CARD, Refund,Legacy Billing
Q3-TX-000964,996,31-07-2025,$362,PayPal, Add-on ,Legacy Billing
Q3-TX-000965,1330,08/20/2025,296.76, Credit Card ,Upgrade ,Legacy Billing
Q3-TX-000966,1344,02/09/2025,USD 819.82,CREDIT CARD,add-on,Legacy Billing
Q3-TX-000967,263,21-08-2025,141.12,bank transfer,Add-on,Legacy Billing
Q3-TX-000968,1423,2025-08-17,$197,Debit Card ,subscription,Legacy Billing
Q3-TX-000969,963,"Sep 30, 2025",$-66,credit card, Refund,Legacy Billing
Q3-TX-000970,1328,08/18/2025,181.53 USD, Credit Card,ADD-ON,Legacy Billing
Q3-TX-000971,864,2025-07-29,206.93 USD, Credit Card ,UPGRADE,Legacy Billing
Q3-TX-000972,868,23-09-2025,-273.33,Debit Card,Refund,Legacy Billing
Q3-TX-000973,198,2025-09-03,-209.93,PayPal ,refund,Legacy Billing
Q3-TX-000974,952,07/08/2025,107.26 USD, Debit Card ,Upgrade,Legacy Billing
Q3-TX-000975,923,2025-08-29,USD 293.23,Bank Transfer, Upgrade ,Legacy Billing
Q3-TX-000976,165,17 Jul 2025,$265.31,Bank Transfer,Add-on ,Legacy Billing
Q3-TX-000977,941,08/27/2025,$186,Credit Card , Subscription,Legacy Billing
Q3-TX-000978,1364,04/07/2025,-147.40 USD,CREDIT CARD, Refund ,Legacy Billing
Q3-TX-000979,350,"Sep 13, 2025",117.63 USD,Bank Transfer ,UPGRADE,Legacy Billing
Q3-TX-000980,273,"Sep 15, 2025",-473.34, Credit Card ,REFUND,Legacy Billing
Q3-TX-000981,701,04-07-2025,$350, Credit Card, Upgrade ,Legacy Billing
Q3-TX-000982,109,30-09-2025,340.94,Credit Card ,Upgrade ,Legacy Billing
Q3-TX-000983,351,24-07-2025,206.27,PAYPAL, Subscription ,Legacy Billing
Q3-TX-000984,308,06-09-2025,-394.08,CREDIT CARD, Refund ,Legacy Billing
Q3-TX-000985,1126,10-09-2025,USD -245.18,Credit Card, Refund,Legacy Billing
Q3-TX-000986,27,18/09/2025,201.11 USD,Credit Card ,Subscription ,Legacy Billing
Q3-TX-000987,1460,14-08-2025,$115, Credit Card,Upgrade ,Legacy Billing
Q3-TX-000988,1123,"Aug 23, 2025",-209.21 USD, Credit Card ,refund,Legacy Billing
Q3-TX-000989,627,07/11/2025,25.63,Bank Transfer,subscription,Legacy Billing
Q3-TX-000990,732,08/21/2025,385.46, PayPal,Upgrade,Legacy Billing
Q3-TX-000991,39,29-09-2025,USD 103.67,PayPal, Add-on ,Legacy Billing
Q3-TX-000992,1240,01/09/2025,$124.62,Debit Card,Add-on ,Legacy Billing
Q3-TX-000993,702,"Sep 10, 2025",-161.11,paypal, Refund,Legacy Billing
Q3-TX-000994,833,04-08-2025,-116.50 USD,PayPal,REFUND,Legacy Billing
Q3-TX-000995,754,19/08/2025,, Debit Card ,subscription,Legacy Billing
Q3-TX-000996,1229,29/09/2025,$422.79,PAYPAL,upgrade,Legacy Billing
Q3-TX-000997,234,31 Jul 2025,USD 438.95,Debit Card , Subscription ,Legacy Billing
Q3-TX-000998,565,08/24/2025,181.37,CREDIT CARD, Add-on ,Legacy Billing
Q3-TX-000999,1263,2025-08-15,-130.59 USD,debit card,Refund,Legacy Billing
Q3-TX-001000,72,05-08-2025,USD 405.16,PAYPAL, Subscription,Legacy Billing
Q3-TX-001001,1073,31 Aug 2025,-87.44 USD,Bank Transfer ,Refund,Legacy Billing
Q3-TX-001002,729,"Aug 13, 2025",-370.18,PayPal,Refund ,Legacy Billing
Q3-TX-001003,931,26-09-2025,-289.28 USD, PayPal ,REFUND,Legacy Billing
Q3-TX-001004,735,2025-07-18,275.26,Debit Card ,Upgrade ,Legacy Billing
Q3-TX-001005,369,23 Aug 2025,-133.86,Debit Card , Refund ,Legacy Billing
Q3-TX-001006,592,07/25/2025,348.90, Bank Transfer,upgrade,Legacy Billing
Q3-TX-001007,1293,2025-09-17,219.12, Bank Transfer, Upgrade ,Legacy Billing
Q3-TX-001008,155,24-08-2025,USD 357.49, PayPal ,UPGRADE,Legacy Billing
Q3-TX-001009,715,2025-08-20,,bank transfer, Refund ,Legacy Billing
Q3-TX-001010,1299,"Aug 21, 2025",USD 34.61, Bank Transfer , Upgrade,Legacy Billing
Q3-TX-001011,1134,07/02/2025,,bank transfer,refund,Legacy Billing
Q3-TX-001012,767,07/09/2025,USD 56.34, Bank Transfer,Subscription,Legacy Billing
Q3-TX-001013,74,09/07/2025,468.58,CREDIT CARD,UPGRADE,Legacy Billing
Q3-TX-001014,329,23 Sep 2025,USD 328.04,Credit Card,add-on,Legacy Billing
Q3-TX-001015,1240,07/11/2025,USD -351.56, Debit Card,refund,Legacy Billing
Q3-TX-001016,994,"Aug 15, 2025",USD 41.91,debit card,Subscription ,Legacy Billing
Q3-TX-001017,1024,"Jul 08, 2025",$305,debit card,Upgrade ,Legacy Billing
Q3-TX-001018,1032,30 Sep 2025,-213.87 USD,PayPal , Refund ,Legacy Billing
Q3-TX-001019,144,"Aug 01, 2025",88.02, Debit Card, Upgrade,Legacy Billing
Q3-TX-001020,187,22-07-2025,140.75,paypal,Add-on ,Legacy Billing
Q3-TX-001021,38,26/09/2025,189.94, Bank Transfer,upgrade,Legacy Billing
Q3-TX-001022,389,21 Jul 2025,-175.22 USD,debit card, Refund,Legacy Billing
Q3-TX-001023,732,"Sep 15, 2025",579.90,BANK TRANSFER,Subscription,Legacy Billing
Q3-TX-001024,990,"Sep 20, 2025",USD -167.54,Bank Transfer ,Refund,Legacy Billing
Q3-TX-001025,864,22 Sep 2025,430.31 USD,CREDIT CARD, Subscription ,Legacy Billing
Q3-TX-001026,633,24 Aug 2025,$264,DEBIT CARD,Upgrade,Legacy Billing
Q3-TX-001027,179,2025-07-07,-54.50 USD,BANK TRANSFER,Refund,Legacy Billing
Q3-TX-001028,535,"Jul 19, 2025",USD 82.14, Bank Transfer,SUBSCRIPTION,Legacy Billing
Q3-TX-001029,117,09/21/2025,$62.51, Debit Card ,Subscription,Legacy Billing
Q3-TX-001030,347,17/07/2025,USD 262.18,bank transfer,SUBSCRIPTION,Legacy Billing
Q3-TX-001031,1122,28/07/2025,304.70,PayPal, Upgrade,Legacy Billing
Q3-TX-001032,208,"Jul 21, 2025",136.42,paypal,Add-on ,Legacy Billing
Q3-TX-001033,426,"Jul 09, 2025",$334,Bank Transfer ,Upgrade ,Legacy Billing
Q3-TX-001034,765,2025-09-23,260.76 USD,Credit Card ,Subscription,Legacy Billing
Q3-TX-001035,900008,"Aug 16, 2025",367.24, Credit Card , Subscription ,Legacy Billing
Q3-TX-001036,1206,09 Jul 2025,266.20 USD, Bank Transfer, Add-on,Legacy Billing
Q3-TX-001037,502,"Sep 16, 2025",317.88, Debit Card ,Add-on,Legacy Billing
Q3-TX-001038,884,2025-09-08,USD 149.73,debit card,subscription,Legacy Billing
Q3-TX-001039,314,2025-07-06,-222.13,Debit Card,Refund ,Legacy Billing
Q3-TX-001040,593,2025-08-28,124.03 USD,paypal,Add-on,Legacy Billing
Q3-TX-001041,883,25 Jul 2025,$590.11, Debit Card,add-on,Legacy Billing
Q3-TX-001042,1237,08/03/2025,324.64,debit card,Add-on,Legacy Billing
Q3-TX-001043,408,2025-07-09,255.92, PayPal ,SUBSCRIPTION,Legacy Billing
Q3-TX-001044,935,06 Aug 2025,63.06, Bank Transfer,Subscription ,Legacy Billing
Q3-TX-001045,777,12 Sep 2025,421.09 USD, Credit Card ,Upgrade,Legacy Billing
Q3-TX-001046,687,19-09-2025,471.52,Debit Card,ADD-ON,Legacy Billing
Q3-TX-001047,657,09/22/2025,$-89,BANK TRANSFER,Refund ,Legacy Billing
Q3-TX-001048,1290,"Sep 28, 2025",208.13,PayPal , Upgrade ,Legacy Billing
Q3-TX-001049,1061,22 Sep 2025,240.40,Bank Transfer ,Subscription ,Legacy Billing
Q3-TX-001050,42,"Aug 13, 2025",106.19 USD, Debit Card , Subscription,Legacy Billing
Q3-TX-001051,111,16-07-2025,$158.24, Debit Card ,Upgrade,Legacy Billing
Q3-TX-001052,508,10 Aug 2025,144.15,DEBIT CARD,upgrade,Legacy Billing
Q3-TX-001053,1063,"Aug 25, 2025",406.62,Bank Transfer, Upgrade ,Legacy Billing
Q3-TX-001054,390,09/19/2025,$544.56,paypal, Upgrade ,Legacy Billing
Q3-TX-001055,519,30/07/2025,187.84,BANK TRANSFER, Upgrade ,Legacy Billing
Q3-TX-001056,1296,19/08/2025,295.57,Debit Card , Subscription ,Legacy Billing
Q3-TX-001057,1491,15 Aug 2025,53.77 USD,Bank Transfer, Upgrade,Legacy Billing
Q3-TX-001058,759,07/02/2025,-460.71,bank transfer,Refund,Legacy Billing
Q3-TX-001059,1475,02/08/2025,$303.40, Bank Transfer, Upgrade,Legacy Billing
Q3-TX-001060,1265,18-09-2025,-239.62,Credit Card,refund,Legacy Billing
Q3-TX-001061,415,"Jul 14, 2025",$202.98,Bank Transfer ,Subscription ,Legacy Billing
Q3-TX-001062,193,08/26/2025,USD 123.86,Credit Card, Upgrade ,Legacy Billing
Q3-TX-001063,629,09/18/2025,406.90 USD,BANK TRANSFER, Subscription,Legacy Billing
Q3-TX-001064,1316,2025-07-20,316.32, PayPal,Add-on,Legacy Billing
Q3-TX-001065,1260,24-07-2025,366.61 USD,Debit Card ,Add-on,Legacy Billing
Q3-TX-001066,44,2025-08-09,$230.99,DEBIT CARD, Subscription ,Legacy Billing
Q3-TX-001067,809,2025-07-21,444.40, Credit Card ,SUBSCRIPTION,Legacy Billing
Q3-TX-001068,874,2025-08-14,$131.01,PAYPAL,subscription,Legacy Billing
Q3-TX-001069,1077,19/09/2025,514.40,debit card,Upgrade ,Legacy Billing
Q3-TX-001070,1472,15 Sep 2025,USD 427.51, Credit Card, Subscription ,Legacy Billing
Q3-TX-001071,133,08/30/2025,262.52,debit card,Upgrade ,Legacy Billing
Q3-TX-001072,1016,2025-08-27,USD 106.31, PayPal ,Subscription ,Legacy Billing
Q3-TX-001073,1301,18 Sep 2025,$416,Debit Card ,Upgrade,Legacy Billing
Q3-TX-001074,520,"Jul 26, 2025",126.31,Debit Card ,Add-on,Legacy Billing
Q3-TX-001075,916,08/17/2025,-181.01, PayPal ,refund,Legacy Billing
Q3-TX-001076,1373,14-09-2025,$78,Debit Card,Upgrade,Legacy Billing
Q3-TX-001077,1204,2025-08-25,$-107.96, PayPal ,Refund ,Legacy Billing
Q3-TX-001078,834,22-07-2025,-246.23 USD,PayPal ,refund,Legacy Billing
Q3-TX-001079,1238,"Aug 21, 2025",543.06,credit card,add-on,Legacy Billing
Q3-TX-001080,1348,"Aug 20, 2025",USD -287.28, Bank Transfer ,Refund ,Legacy Billing
Q3-TX-001081,515,11/08/2025,298.06 USD, Bank Transfer ,SUBSCRIPTION,Legacy Billing
Q3-TX-001082,392,2025-07-17,$282.07,credit card, Upgrade ,Legacy Billing
Q3-TX-001083,1245,2025-08-18,317.17, Bank Transfer,subscription,Legacy Billing
Q3-TX-001084,59,30/07/2025,-338.93,BANK TRANSFER,Refund,Legacy Billing
Q3-TX-001085,1125,"Jul 22, 2025",409.72 USD,Debit Card ,upgrade,Legacy Billing
Q3-TX-001086,1084,08/10/2025,USD 482.39,CREDIT CARD,Subscription,Legacy Billing
Q3-TX-001087,1033,20 Aug 2025,149.19 USD, PayPal , Add-on,Legacy Billing
Q3-TX-001088,896,2025-09-10,USD 393.29, Debit Card, Subscription,Legacy Billing
Q3-TX-001089,1258,"Jul 22, 2025",548.67 USD,PAYPAL,Add-on ,Legacy Billing
Q3-TX-001090,1436,2025-07-17,164.22,PayPal,Add-on,Legacy Billing
Q3-TX-001091,347,30 Jul 2025,$116,bank transfer,Subscription,Legacy Billing
Q3-TX-001092,572,08/02/2025,-424.10,PayPal , Refund,Legacy Billing
Q3-TX-001093,777,2025-07-28,524.36,Debit Card, Add-on,Legacy Billing
Q3-TX-001094,458,31 Aug 2025,$178, Bank Transfer , Add-on,Legacy Billing
Q3-TX-001095,1482,"Aug 07, 2025",-479.11,Bank Transfer , Refund ,Legacy Billing
Q3-TX-001096,632,15/09/2025,475.86 USD, Bank Transfer ,UPGRADE,Legacy Billing
Q3-TX-001097,213,09/12/2025,$194.98, PayPal ,Upgrade ,Legacy Billing
Q3-TX-001098,1174,2025-08-23,USD 140.50, Debit Card,Upgrade,Legacy Billing
Q3-TX-001099,433,"Sep 10, 2025",$153,debit card,subscription,Legacy Billing
Q3-TX-001100,1482,2025-07-16,$-249.84,Credit Card , Refund ,Legacy Billing
Q3-TX-001101,636,2025-07-27,$-130.34,CREDIT CARD,Refund,Legacy Billing
Q3-TX-001102,81,18/09/2025,$102.35,Debit Card, Upgrade,Legacy Billing
Q3-TX-001103,482,20/08/2025,USD 143.85, Debit Card,Subscription ,Legacy Billing
Q3-TX-001104,1114,"Jul 02, 2025",$399,Bank Transfer, Add-on ,Legacy Billing
Q3-TX-001105,477,27-07-2025,211.11, Debit Card, Subscription,Legacy Billing
Q3-TX-001106,16,2025-09-18,124.66,Bank Transfer,upgrade,Legacy Billing
Q3-TX-001107,371,"Sep 09, 2025",$254,PayPal, Add-on ,Legacy Billing
Q3-TX-001108,742,2025-09-26,-277.52,bank transfer, Refund,Legacy Billing
Q3-TX-001109,69,15 Aug 2025,$-91,BANK TRANSFER,Refund,Legacy Billing
Q3-TX-001110,184,18/09/2025,$-26.45, PayPal,refund,Legacy Billing
Q3-TX-001111,353,14-08-2025,55.04,PAYPAL, Subscription ,Legacy Billing
Q3-TX-001112,1425,"Sep 08, 2025",160.44,Debit Card,Subscription,Legacy Billing
Q3-TX-001113,451,2025-08-26,$472,BANK TRANSFER,Add-on ,Legacy Billing
Q3-TX-001114,1031,03/09/2025,$556, Bank Transfer,add-on,Legacy Billing
Q3-TX-001115,1363,08/28/2025,USD 48.32,BANK TRANSFER, Add-on,Legacy Billing
Q3-TX-001116,954,08/11/2025,USD 300.54,DEBIT CARD, Subscription ,Legacy Billing
Q3-TX-001117,1190,2025-07-11,USD 124.77,Credit Card,Add-on ,Legacy Billing
Q3-TX-001118,156,14-09-2025,138.34 USD, Credit Card,Upgrade,Legacy Billing
Q3-TX-001119,1490,2025-08-05,172.76 USD,bank transfer,Subscription,Legacy Billing
Q3-TX-001120,1312,2025-07-27,152.79, PayPal,Add-on,Legacy Billing
Q3-TX-001121,344,14 Sep 2025,USD 133.69, PayPal, Subscription ,Legacy Billing
Q3-TX-001122,1052,28/07/2025,363.69,PAYPAL, Add-on ,Legacy Billing
Q3-TX-001123,1283,09/24/2025,216.51, Bank Transfer, Add-on,Legacy Billing
Q3-TX-001124,1337,24 Sep 2025,-173.48,paypal,refund,Legacy Billing
Q3-TX-001125,1263,14 Jul 2025,$135.28,Bank Transfer,Upgrade,Legacy Billing
Q3-TX-001126,1333,27 Jul 2025,$-391, PayPal ,Refund ,Legacy Billing
Q3-TX-001127,1209,20/09/2025,$109.98, PayPal,add-on,Legacy Billing
Q3-TX-001128,1102,01/08/2025,$109.90,Debit Card ,UPGRADE,Legacy Billing
Q3-TX-001129,1367,08/24/2025,$182,Debit Card, Upgrade ,Legacy Billing
Q3-TX-001130,633,07/16/2025,USD 410.64,Bank Transfer,add-on,Legacy Billing
Q3-TX-001131,895,29 Aug 2025,525.84, Bank Transfer , Upgrade,Legacy Billing
Q3-TX-001132,704,06-08-2025,$-200, Credit Card,Refund ,Legacy Billing
Q3-TX-001133,1355,07/21/2025,116.34, PayPal,subscription,Legacy Billing
Q3-TX-001134,1078,"Jul 02, 2025",USD 562.24,Credit Card,Add-on ,Legacy Billing
Q3-TX-001135,1337,01/07/2025,$696,debit card,Subscription,Legacy Billing
Q3-TX-001136,641,2025-07-02,USD -281.00,PAYPAL, Refund,Legacy Billing
Q3-TX-001137,500,19 Sep 2025,472.07,PAYPAL,Add-on ,Legacy Billing
Q3-TX-001138,131,2025-07-18,$138.19, Debit Card ,Add-on,Legacy Billing
Q3-TX-001139,900011,05/07/2025,118.43, Credit Card,subscription,Legacy Billing
Q3-TX-001140,895,04-08-2025,$231.53, Debit Card,Subscription,Legacy Billing
Q3-TX-001141,237,09/10/2025,USD 213.74, Bank Transfer ,Upgrade ,Legacy Billing
Q3-TX-001142,549,"Sep 15, 2025",USD 589.31,PayPal ,SUBSCRIPTION,Legacy Billing
Q3-TX-001143,578,2025-08-05,170.28,paypal,add-on,Legacy Billing
Q3-TX-001144,995,24-07-2025,198.48,BANK TRANSFER,ADD-ON,Legacy Billing
Q3-TX-001145,933,04 Sep 2025,$334,debit card,Subscription ,Legacy Billing
Q3-TX-001146,488,02/09/2025,$-318,DEBIT CARD,refund,Legacy Billing
Q3-TX-001147,160,"Jul 28, 2025",USD 86.47,DEBIT CARD, Subscription,Legacy Billing
Q3-TX-001148,133,09/29/2025,396.23,Debit Card,subscription,Legacy Billing
Q3-TX-001149,162,09-07-2025,USD 133.66,debit card, Add-on ,Legacy Billing
Q3-TX-001150,440,"Aug 14, 2025",$520,Debit Card ,ADD-ON,Legacy Billing
Q3-TX-001151,1081,12-08-2025,USD -268.79, Credit Card , Refund,Legacy Billing
Q3-TX-001152,474,29/08/2025,218.51 USD,Credit Card,ADD-ON,Legacy Billing
Q3-TX-001153,637,08/28/2025,USD 607.46,credit card,subscription,Legacy Billing
Q3-TX-001154,1252,06/07/2025,$102.42,PAYPAL,Upgrade ,Legacy Billing
Q3-TX-001155,182,07/17/2025,-81.49,debit card,Refund,Legacy Billing
Q3-TX-001156,788,2025-09-21,$472, Debit Card ,Subscription,Legacy Billing
Q3-TX-001157,935,2025-09-18,$417,PayPal ,ADD-ON,Legacy Billing
Q3-TX-001158,970,30 Aug 2025,$647.09,Credit Card, Add-on ,Legacy Billing
Q3-TX-001159,626,12-08-2025,440.83,PAYPAL,Subscription,Legacy Billing
Q3-TX-001160,111,08/21/2025,$252,Credit Card,Subscription,Legacy Billing
Q3-TX-001161,129,07/07/2025,137.23 USD,CREDIT CARD, Subscription ,Legacy Billing
Q3-TX-001162,533,2025-09-10,$316.54,PayPal ,upgrade,Legacy Billing
Q3-TX-001163,1179,04/09/2025,$164, Credit Card, Upgrade ,Legacy Billing
Q3-TX-001164,1335,09/11/2025,USD 66.59, Debit Card ,UPGRADE,Legacy Billing
Q3-TX-001165,830,2025-09-26,USD -116.76,PAYPAL,refund,Legacy Billing
Q3-TX-001166,471,2025-09-04,129.48 USD,PAYPAL, Upgrade ,Legacy Billing
Q3-TX-001167,796,09/23/2025,-295.51 USD, PayPal,refund,Legacy Billing
Q3-TX-001168,212,01/08/2025,$62.34,debit card,upgrade,Legacy Billing
Q3-TX-001169,1114,2025-08-27,USD -72.38,Bank Transfer, Refund,Legacy Billing
Q3-TX-001170,1407,17 Jul 2025,148.97,CREDIT CARD,Add-on,Legacy Billing
Q3-TX-001171,901,13-09-2025,USD 121.42, Credit Card ,Add-on,Legacy Billing
Q3-TX-001172,297,"Jul 19, 2025",252.57, Bank Transfer ,Upgrade ,Legacy Billing
Q3-TX-001173,1156,2025-09-01,168.20,credit card, Upgrade ,Legacy Billing
Q3-TX-001174,1269,"Aug 16, 2025",$175.69, Bank Transfer ,Upgrade,Legacy Billing
Q3-TX-001175,1129,"Sep 28, 2025",USD -361.31, Debit Card, Refund,Legacy Billing
Q3-TX-001176,628,27 Sep 2025,$399,Bank Transfer,upgrade,Legacy Billing
Q3-TX-001177,216,07/27/2025,-132.69, Debit Card ,Refund,Legacy Billing
Q3-TX-001178,825,"Jul 28, 2025",298.71,bank transfer,Subscription ,Legacy Billing
Q3-TX-001179,654,20 Aug 2025,-109.99 USD,bank transfer,REFUND,Legacy Billing
Q3-TX-001180,479,19/09/2025,$354,CREDIT CARD, Upgrade,Legacy Billing
Q3-TX-001181,277,25/09/2025,98.36,PAYPAL,Upgrade,Legacy Billing
Q3-TX-001182,1486,"Sep 21, 2025",-420.28, Bank Transfer ,Refund ,Legacy Billing
Q3-TX-001183,125,"Sep 25, 2025",,BANK TRANSFER,REFUND,Legacy Billing
Q3-TX-001184,755,09/14/2025,-103.50,PayPal, Refund,Legacy Billing
Q3-TX-001185,953,10-08-2025,USD 147.07,Bank Transfer ,Upgrade,Legacy Billing
Q3-TX-001186,1079,17 Sep 2025,$171.21,CREDIT CARD,Subscription ,Legacy Billing
Q3-TX-001187,521,07/17/2025,USD 85.89,Bank Transfer,Subscription,Legacy Billing
Q3-TX-001188,1458,08/03/2025,$139,PAYPAL, Subscription,Legacy Billing
Q3-TX-001189,976,29 Jul 2025,184.19,Debit Card, Upgrade,Legacy Billing
Q3-TX-001190,900017,19 Jul 2025,$40,CREDIT CARD, Add-on ,Legacy Billing
Q3-TX-001191,1077,13/08/2025,262.88 USD,PAYPAL,Add-on,Legacy Billing
Q3-TX-001192,749,03/07/2025,266.22, Debit Card,Add-on,Legacy Billing
Q3-TX-001193,829,"Jul 14, 2025",-414.86 USD,CREDIT CARD, Refund ,Legacy Billing
Q3-TX-001194,1446,"Jul 05, 2025",USD 837.33,Bank Transfer ,add-on,Legacy Billing
Q3-TX-001195,1166,"Jul 29, 2025",102.88, Bank Transfer, Add-on ,Legacy Billing
Q3-TX-001196,1455,08/13/2025,-463.60, Credit Card,REFUND,Legacy Billing
Q3-TX-001197,1452,"Sep 19, 2025",74.04 USD,PayPal,Upgrade,Legacy Billing
Q3-TX-001198,447,23/07/2025,USD 175.27,debit card, Upgrade,Legacy Billing
Q3-TX-001199,78,08/23/2025,$-272, Bank Transfer ,Refund ,Legacy Billing
Q3-TX-001200,1026,07 Jul 2025,$-270.93,Bank Transfer , Refund ,Legacy Billing
Q3-TX-001201,158,2025-07-07,402.77,debit card,add-on,Legacy Billing
Q3-TX-001202,152,"Jul 07, 2025",USD 160.37,paypal, Subscription ,Legacy Billing
Q3-TX-001203,1462,"Jul 31, 2025",$229.16, Bank Transfer , Subscription ,Legacy Billing
Q3-TX-001204,715,08-09-2025,USD 243.84,credit card,Upgrade,Legacy Billing
Q3-TX-001205,1063,17/08/2025,512.70,paypal,SUBSCRIPTION,Legacy Billing
Q3-TX-001206,1154,31-08-2025,211.12,PAYPAL,Add-on,Legacy Billing
Q3-TX-001207,1372,22-09-2025,156.38, Bank Transfer,SUBSCRIPTION,Legacy Billing
Q3-TX-001208,999,26-07-2025,$367.50,DEBIT CARD, Upgrade,Legacy Billing
Q3-TX-001209,526,"Jul 30, 2025",,Bank Transfer , Add-on ,Legacy Billing
Q3-TX-001210,934,09/09/2025,USD -412.24, Bank Transfer ,REFUND,Legacy Billing
Q3-TX-001211,580,"Jul 20, 2025",411.79,credit card,Add-on,Legacy Billing
Q3-TX-001212,590,09/23/2025,$-49.40, Credit Card, Refund ,Legacy Billing
Q3-TX-001213,1229,09/06/2025,789.87,DEBIT CARD,Subscription,Legacy Billing
Q3-TX-001214,437,2025-07-20,USD 78.91,Credit Card ,UPGRADE,Legacy Billing
Q3-TX-001215,101,31/08/2025,$-242,Debit Card ,Refund ,Legacy Billing
Q3-TX-001216,1243,05-08-2025,134.57 USD, Debit Card ,SUBSCRIPTION,Legacy Billing
Q3-TX-001217,1002,30/08/2025,-127.79 USD, Debit Card,refund,Legacy Billing
Q3-TX-001218,733,"Jul 23, 2025",$96.55, Bank Transfer,Subscription,Legacy Billing
Q3-TX-001219,90,04/09/2025,379.63, Credit Card,add-on,Legacy Billing
Q3-TX-001220,520,"Jul 24, 2025",164.74 USD,BANK TRANSFER, Add-on ,Legacy Billing
Q3-TX-001221,635,25 Jul 2025,$453, PayPal,Upgrade,Legacy Billing
Q3-TX-001222,777,"Aug 04, 2025",USD 160.81,paypal, Upgrade,Legacy Billing
Q3-TX-001223,1413,07/09/2025,158.47,Bank Transfer,Subscription,Legacy Billing
Q3-TX-001224,269,2025-07-19,$-107, PayPal , Refund,Legacy Billing
Q3-TX-001225,873,07/06/2025,$194, PayPal ,Subscription,Legacy Billing
Q3-TX-001226,1250,11/07/2025,39.80,Bank Transfer, Subscription,Legacy Billing
Q3-TX-001227,746,2025-09-11,442.80 USD, Credit Card,Upgrade ,Legacy Billing
Q3-TX-001228,723,12 Aug 2025,$-272.93,Bank Transfer , Refund ,Legacy Billing
Q3-TX-001229,1421,"Aug 23, 2025",USD -215.04,Credit Card,refund,Legacy Billing
Q3-TX-001230,1431,2025-07-14,43.02 USD,Debit Card,Upgrade,Legacy Billing
Q3-TX-001231,1083,"Sep 28, 2025",,PayPal, Upgrade ,Legacy Billing
Q3-TX-001232,357,08/16/2025,USD -30.99, Bank Transfer,refund,Legacy Billing
Q3-TX-001233,679,2025-07-04,85.43, Bank Transfer ,UPGRADE,Legacy Billing
Q3-TX-001234,1303,2025-08-02,200.08, Bank Transfer ,SUBSCRIPTION,Legacy Billing
Q3-TX-001235,1487,"Sep 12, 2025",USD 282.70,paypal,Subscription ,Legacy Billing
Q3-TX-001236,115,2025-07-09,USD 111.51, Credit Card ,UPGRADE,Legacy Billing
Q3-TX-001237,814,07/21/2025,USD -99.79, Debit Card,refund,Legacy Billing
Q3-TX-001238,90,09/14/2025,$-336.11,BANK TRANSFER, Refund ,Legacy Billing
Q3-TX-001239,858,"Sep 10, 2025",USD 223.01, PayPal ,Add-on,Legacy Billing
Q3-TX-001240,1064,"Jul 31, 2025",USD 362.04,PAYPAL,Subscription ,Legacy Billing
Q3-TX-001241,572,"Sep 26, 2025",USD 503.59,debit card,SUBSCRIPTION,Legacy Billing
Q3-TX-001242,1036,06/09/2025,-257.44, Debit Card,REFUND,Legacy Billing
Q3-TX-001243,264,23 Jul 2025,145.76,BANK TRANSFER, Upgrade,Legacy Billing
Q3-TX-001244,524,"Aug 02, 2025",,Debit Card ,REFUND,Legacy Billing
Q3-TX-001245,1153,2025-07-05,,Debit Card ,add-on,Legacy Billing
Q3-TX-001246,1209,"Aug 13, 2025",USD 173.80, Credit Card ,subscription,Legacy Billing
Q3-TX-001247,1003,09/03/2025,-274.93, Credit Card,REFUND,Legacy Billing
Q3-TX-001248,1038,07/30/2025,$219, Credit Card ,SUBSCRIPTION,Legacy Billing
Q3-TX-001249,743,09-07-2025,102.50 USD,Debit Card , Add-on,Legacy Billing
Q3-TX-001250,179,10 Jul 2025,USD 75.93,Debit Card, Subscription ,Legacy Billing
Q3-TX-001251,208,24/09/2025,USD -199.13, Bank Transfer ,refund,Legacy Billing
Q3-TX-001252,923,03 Jul 2025,25.37,paypal,Add-on ,Legacy Billing
Q3-TX-001253,1415,30 Aug 2025,418.50,debit card,add-on,Legacy Billing
Q3-TX-001254,1357,08 Aug 2025,USD 130.55, Bank Transfer ,Add-on ,Legacy Billing
Q3-TX-001255,884,07/31/2025,$556.63,credit card,add-on,Legacy Billing
Q3-TX-001256,779,09/13/2025,466.48 USD,Debit Card , Upgrade,Legacy Billing
Q3-TX-001257,275,02/07/2025,USD 473.48,CREDIT CARD,add-on,Legacy Billing
Q3-TX-001258,1171,08/06/2025,148.76, Bank Transfer ,Subscription,Legacy Billing
Q3-TX-001259,675,12 Aug 2025,$-80,bank transfer,Refund ,Legacy Billing
Q3-TX-001260,145,2025-09-10,269.34,BANK TRANSFER, Add-on ,Legacy Billing
Q3-TX-001261,1489,05-07-2025,-312.51, Bank Transfer ,REFUND,Legacy Billing
Q3-TX-001262,330,12-09-2025,$77.02,PAYPAL, Subscription ,Legacy Billing
Q3-TX-001263,289,14/08/2025,USD -812.87,Bank Transfer , Refund ,Legacy Billing
Q3-TX-001264,1489,20 Jul 2025,USD -103.75,PAYPAL,Refund ,Legacy Billing
Q3-TX-001265,663,09/01/2025,USD 146.63,credit card,SUBSCRIPTION,Legacy Billing
Q3-TX-001266,1044,2025-08-11,328.16,Debit Card, Subscription,Legacy Billing
Q3-TX-001267,1037,01 Sep 2025,$-308.12,Credit Card,refund,Legacy Billing
Q3-TX-001268,257,13/08/2025,171.59,DEBIT CARD,Upgrade ,Legacy Billing
Q3-TX-001269,1479,09/01/2025,$-166,PAYPAL, Refund,Legacy Billing
Q3-TX-001270,586,08/11/2025,-161.30,Credit Card,Refund,Legacy Billing
Q3-TX-001271,1114,2025-08-10,416.43, Bank Transfer,Add-on,Legacy Billing
Q3-TX-001272,1210,2025-07-06,-260.90,Debit Card ,Refund ,Legacy Billing
Q3-TX-001273,1432,"Sep 29, 2025",-125.48, Debit Card ,Refund ,Legacy Billing
Q3-TX-001274,224,21/07/2025,203.36 USD,Bank Transfer ,Add-on,Legacy Billing
Q3-TX-001275,405,"Aug 22, 2025",$372,PayPal ,Add-on,Legacy Billing
Q3-TX-001276,199,09/04/2025,$147.38,Debit Card ,Upgrade ,Legacy Billing
Q3-TX-001277,1102,"Sep 21, 2025",287.36 USD, Debit Card,add-on,Legacy Billing
Q3-TX-001278,335,22 Aug 2025,-143.94 USD,bank transfer,Refund,Legacy Billing
Q3-TX-001279,154,01 Sep 2025,USD 85.58,PayPal,Upgrade,Legacy Billing
Q3-TX-001280,914,2025-07-02,$-164.09,PayPal ,Refund,Legacy Billing
Q3-TX-001281,504,07/08/2025,USD 254.98, PayPal ,SUBSCRIPTION,Legacy Billing
Q3-TX-001282,895,2025-09-06,801.91 USD,PayPal ,add-on,Legacy Billing
Q3-TX-001283,335,02 Aug 2025,214.08 USD, PayPal,Add-on ,Legacy Billing
Q3-TX-001284,1367,25 Aug 2025,USD 184.10,CREDIT CARD, Subscription ,Legacy Billing
Q3-TX-001285,765,15 Aug 2025,137.74 USD, Debit Card ,Add-on ,Legacy Billing
Q3-TX-001286,1029,25 Sep 2025,$247,Debit Card ,Add-on ,Legacy Billing
Q3-TX-001287,655,30-07-2025,$197,PayPal, Subscription,Legacy Billing
Q3-TX-001288,1096,2025-09-05,USD 166.90, Bank Transfer, Subscription ,Legacy Billing
Q3-TX-001289,9,2025-08-11,128.72,Debit Card ,subscription,Legacy Billing
Q3-TX-001290,1190,21-07-2025,30.83 USD,debit card, Upgrade,Legacy Billing
Q3-TX-001291,480,01 Sep 2025,282.82,DEBIT CARD,Add-on,Legacy Billing
Q3-TX-001292,758,2025-07-24,163.68,Debit Card , Upgrade ,Legacy Billing
Q3-TX-001293,755,06-08-2025,79.47 USD,BANK TRANSFER, Add-on ,Legacy Billing
Q3-TX-001294,340,2025-09-25,181.24 USD, Debit Card,Add-on,Legacy Billing
Q3-TX-001295,219,"Aug 31, 2025",USD 165.00, PayPal, Subscription,Legacy Billing
Q3-TX-001296,1312,2025-08-18,USD -27.25,Debit Card ,refund,Legacy Billing
Q3-TX-001297,195,09/14/2025,USD 61.79,Debit Card, Subscription,Legacy Billing
Q3-TX-001298,1241,2025-09-29,65.92 USD,PayPal, Upgrade ,Legacy Billing
Q3-TX-001299,523,25 Jul 2025,-594.29 USD,bank transfer,Refund ,Legacy Billing
Q3-TX-001300,1397,08/05/2025,270.84, Debit Card,Upgrade ,Legacy Billing
Q3-TX-001301,1313,02/09/2025,$129, Debit Card,UPGRADE,Legacy Billing
Q3-TX-001302,712,16/07/2025,171.48,bank transfer,Upgrade ,Legacy Billing
Q3-TX-001303,9,"Aug 10, 2025",USD -200.06,Credit Card, Refund ,Legacy Billing
Q3-TX-001304,1252,17-09-2025,$342.73,PayPal , Upgrade ,Legacy Billing
Q3-TX-001305,1262,22 Sep 2025,405.54,BANK TRANSFER,Subscription,Legacy Billing
Q3-TX-001306,507,09/02/2025,482.10 USD, Debit Card ,Upgrade,Legacy Billing
Q3-TX-001307,634,09/17/2025,71.93 USD,bank transfer, Add-on ,Legacy Billing
Q3-TX-001308,1074,09/29/2025,USD 176.25, Debit Card , Upgrade ,Legacy Billing
Q3-TX-001309,1207,"Sep 28, 2025",USD 144.12, Bank Transfer , Upgrade,Legacy Billing
Q3-TX-001310,1095,05/08/2025,83.59,bank transfer,UPGRADE,Legacy Billing
Q3-TX-001311,49,07/08/2025,$-502,Debit Card ,refund,Legacy Billing
Q3-TX-001312,1476,10/09/2025,USD 443.51,PayPal,SUBSCRIPTION,Legacy Billing
Q3-TX-001313,1354,10-08-2025,349.34 USD,Debit Card,Upgrade,Legacy Billing
Q3-TX-001314,854,"Sep 12, 2025",$460.25, Bank Transfer , Add-on ,Legacy Billing
Q3-TX-001315,1153,2025-09-12,$147, Bank Transfer ,Add-on,Legacy Billing
Q3-TX-001316,332,03 Sep 2025,249.78,CREDIT CARD,ADD-ON,Legacy Billing
Q3-TX-001317,1209,03/09/2025,$456,debit card, Add-on,Legacy Billing
Q3-TX-001318,439,2025-07-04,370.74,DEBIT CARD,Add-on ,Legacy Billing
Q3-TX-001319,612,01 Aug 2025,USD 402.87, Debit Card, Subscription ,Legacy Billing
Q3-TX-001320,140,18-07-2025,-304.14,Debit Card,refund,Legacy Billing
Q3-TX-001321,1003,07-09-2025,257.01,bank transfer,subscription,Legacy Billing
Q3-TX-001322,929,22-09-2025,$-152, PayPal, Refund,Legacy Billing
Q3-TX-001323,1326,15-07-2025,$416,paypal,add-on,Legacy Billing
Q3-TX-001324,574,11/08/2025,485.85, PayPal ,SUBSCRIPTION,Legacy Billing
Q3-TX-001325,1409,09/23/2025,,CREDIT CARD,Upgrade ,Legacy Billing
Q3-TX-001326,530,09/14/2025,$202,bank transfer,Add-on ,Legacy Billing
Q3-TX-001327,1232,30-07-2025,58.47,Bank Transfer ,ADD-ON,Legacy Billing
Q3-TX-001328,566,2025-07-06,131.31 USD,Bank Transfer,Subscription,Legacy Billing
Q3-TX-001329,233,"Sep 21, 2025",-346.85 USD, Debit Card,REFUND,Legacy Billing
Q3-TX-001330,1125,23 Sep 2025,$-545.33,DEBIT CARD, Refund ,Legacy Billing
Q3-TX-001331,884,14/07/2025,$272, Bank Transfer,SUBSCRIPTION,Legacy Billing
Q3-TX-001332,1260,08/28/2025,USD 264.80,CREDIT CARD,add-on,Legacy Billing
Q3-TX-001333,264,20-07-2025,$759.53,paypal,add-on,Legacy Billing
Q3-TX-001334,454,10-08-2025,259.39 USD, PayPal ,Upgrade,Legacy Billing
Q3-TX-001335,761,18/08/2025,USD -294.32, Bank Transfer ,REFUND,Legacy Billing
Q3-TX-001336,25,18/08/2025,462.06 USD, Credit Card ,Upgrade ,Legacy Billing
Q3-TX-001337,799,02-07-2025,234.91,Debit Card ,SUBSCRIPTION,Legacy Billing
Q3-TX-001338,533,"Aug 26, 2025",-403.56, Credit Card ,Refund,Legacy Billing
Q3-TX-001339,254,20 Jul 2025,$327.71, Bank Transfer,add-on,Legacy Billing
Q3-TX-001340,586,18 Jul 2025,USD 108.83,PayPal ,add-on,Legacy Billing
Q3-TX-001341,1196,07/24/2025,17.37,Bank Transfer,add-on,Legacy Billing
Q3-TX-001342,1480,11 Jul 2025,$75,BANK TRANSFER, Subscription,Legacy Billing
Q3-TX-001343,1183,27-07-2025,232.84 USD,Bank Transfer, Upgrade ,Legacy Billing
Q3-TX-001344,773,2025-07-06,-445.73 USD,credit card, Refund ,Legacy Billing
Q3-TX-001345,1162,21-09-2025,207.45,debit card,subscription,Legacy Billing
Q3-TX-001346,1475,07/28/2025,USD 206.26,Bank Transfer, Subscription ,Legacy Billing
Q3-TX-001347,1266,08-09-2025,-174.34, Bank Transfer, Refund ,Legacy Billing
Q3-TX-001348,1271,01-09-2025,$152.31, PayPal ,Subscription,Legacy Billing
Q3-TX-001349,1122,22 Aug 2025,970.66 USD, PayPal, Subscription,Legacy Billing
Q3-TX-001350,1323,09/11/2025,255.05,Bank Transfer , Add-on ,Legacy Billing
Q3-TX-001351,69,12/09/2025,-149.65 USD, Debit Card ,REFUND,Legacy Billing
Q3-TX-001352,271,31 Jul 2025,-250.16 USD,Credit Card ,REFUND,Legacy Billing
Q3-TX-001353,402,"Aug 11, 2025",-267.73,BANK TRANSFER,refund,Legacy Billing
Q3-TX-001354,718,"Sep 11, 2025",-111.70, Debit Card, Refund,Legacy Billing
Q3-TX-001355,1279,03-09-2025,-508.55,DEBIT CARD,REFUND,Legacy Billing
Q3-TX-001356,890,30 Sep 2025,-172.34, Bank Transfer ,Refund ,Legacy Billing
Q3-TX-001357,157,"Jul 14, 2025",USD 500.47,Debit Card,add-on,Legacy Billing
Q3-TX-001358,1306,21 Jul 2025,155.68 USD,bank transfer,ADD-ON,Legacy Billing
Q3-TX-001359,1384,07/05/2025,130.94,Bank Transfer , Subscription,Legacy Billing
Q3-TX-001360,900006,2025-09-20,593.06, Bank Transfer,Upgrade,Legacy Billing
Q3-TX-001361,813,16 Sep 2025,-518.00,PayPal,refund,Legacy Billing
Q3-TX-001362,394,08/14/2025,USD 169.99, Debit Card , Subscription,Legacy Billing
Q3-TX-001363,161,2025-07-16,USD 151.73,CREDIT CARD, Add-on,Legacy Billing
Q3-TX-001364,308,10 Sep 2025,330.43 USD,Credit Card, Upgrade ,Legacy Billing
Q3-TX-001365,870,04 Sep 2025,91.18 USD,bank transfer, Upgrade,Legacy Billing
Q3-TX-001366,846,07/25/2025,$291,CREDIT CARD,upgrade,Legacy Billing
Q3-TX-001367,773,26-08-2025,$468,Credit Card , Upgrade ,Legacy Billing
Q3-TX-001368,207,2025-09-28,$175.68, Credit Card ,SUBSCRIPTION,Legacy Billing
Q3-TX-001369,1435,"Sep 30, 2025",$479, Bank Transfer, Add-on,Legacy Billing
Q3-TX-001370,382,"Sep 13, 2025",-434.75, Credit Card,Refund ,Legacy Billing
Q3-TX-001371,1320,"Aug 13, 2025",-302.28,Credit Card , Refund ,Legacy Billing
Q3-TX-001372,703,09/26/2025,769.22, PayPal ,subscription,Legacy Billing
Q3-TX-001373,353,09/16/2025,$92, Bank Transfer, Upgrade,Legacy Billing
Q3-TX-001374,1167,05 Jul 2025,$-93, PayPal,REFUND,Legacy Billing
Q3-TX-001375,1399,08/17/2025,-473.23,paypal,refund,Legacy Billing
Q3-TX-001376,1032,08/19/2025,$91.04,Credit Card,Upgrade,Legacy Billing
Q3-TX-001377,568,11-08-2025,203.33,CREDIT CARD,Upgrade,Legacy Billing
Q3-TX-001378,175,06-09-2025,$248,paypal,Subscription ,Legacy Billing
Q3-TX-001379,861,07/08/2025,$459.56,paypal,SUBSCRIPTION,Legacy Billing
Q3-TX-001380,250,12-09-2025,$-234.04,bank transfer, Refund,Legacy Billing
Q3-TX-001381,1157,27/07/2025,78.69,paypal,Add-on,Legacy Billing
Q3-TX-001382,41,02-07-2025,$329,bank transfer,add-on,Legacy Billing
Q3-TX-001383,932,2025-07-03,USD -346.69,CREDIT CARD,Refund,Legacy Billing
Q3-TX-001384,264,03 Jul 2025,$228,Debit Card, Add-on ,Legacy Billing
Q3-TX-001385,1080,08/30/2025,,DEBIT CARD,refund,Legacy Billing
Q3-TX-001386,795,30 Jul 2025,416.64, Debit Card ,Add-on,Legacy Billing
Q3-TX-001387,1155,09 Aug 2025,$-290,Credit Card , Refund ,Legacy Billing
Q3-TX-001388,1359,06-09-2025,USD 212.72,PayPal, Upgrade ,Legacy Billing
Q3-TX-001389,508,2025-09-26,-457.72, Debit Card,REFUND,Legacy Billing
Q3-TX-001390,764,"Aug 28, 2025",$211.28,paypal,ADD-ON,Legacy Billing
Q3-TX-001391,468,15-08-2025,-225.69 USD, PayPal,REFUND,Legacy Billing
Q3-TX-001392,892,2025-08-27,129.70 USD,Credit Card,add-on,Legacy Billing
Q3-TX-001393,1233,07/21/2025,433.84, Debit Card,Subscription ,Legacy Billing
Q3-TX-001394,116,2025-09-17,206.17 USD,credit card,add-on,Legacy Billing
Q3-TX-001395,606,"Aug 02, 2025",$157.13,DEBIT CARD,add-on,Legacy Billing
Q3-TX-001396,1359,11-08-2025,-366.03 USD,Debit Card,Refund,Legacy Billing
Q3-TX-001397,1062,25/07/2025,121.91,PayPal, Add-on,Legacy Billing
Q3-TX-001398,534,2025-09-23,242.76,Credit Card,subscription,Legacy Billing
Q3-TX-001399,486,08/08/2025,$234.09, Bank Transfer, Subscription ,Legacy Billing
Q3-TX-001400,159,"Sep 17, 2025",$434.92, PayPal,Subscription,Legacy Billing
Q3-TX-001401,1346,03/09/2025,215.54, PayPal,subscription,Legacy Billing
Q3-TX-001402,181,19-09-2025,409.62,debit card,Subscription ,Legacy Billing
Q3-TX-001403,263,09/23/2025,USD 277.79,PayPal,UPGRADE,Legacy Billing
Q3-TX-001404,298,"Aug 16, 2025",184.87,CREDIT CARD, Add-on ,Legacy Billing
Q3-TX-001405,108,09/09/2025,817.54, PayPal,add-on,Legacy Billing
Q3-TX-001406,1328,10-07-2025,$-239.78, PayPal , Refund,Legacy Billing
Q3-TX-001407,248,2025-08-08,$421,credit card,Subscription,Legacy Billing
Q3-TX-001408,313,13/08/2025,$193,paypal,SUBSCRIPTION,Legacy Billing
Q3-TX-001409,34,30/09/2025,-23.25,Debit Card ,refund,Legacy Billing
Q3-TX-001410,1173,2025-08-17,USD 301.84,bank transfer,Add-on ,Legacy Billing
Q3-TX-001411,470,18/09/2025,USD 64.24, Debit Card,Upgrade,Legacy Billing
Q3-TX-001412,419,21 Aug 2025,204.37,Bank Transfer,add-on,Legacy Billing
Q3-TX-001413,163,2025-08-29,$210.07,PayPal ,UPGRADE,Legacy Billing
Q3-TX-001414,1038,01-08-2025,51.33,PayPal,add-on,Legacy Billing
Q3-TX-001415,1107,09/27/2025,229.96 USD,credit card,SUBSCRIPTION,Legacy Billing
Q3-TX-001416,743,2025-09-26,199.42, Credit Card , Upgrade,Legacy Billing
Q3-TX-001417,627,16/08/2025,183.33,Credit Card,Add-on ,Legacy Billing
Q3-TX-001418,1364,19-07-2025,157.26 USD, PayPal ,upgrade,Legacy Billing
Q3-TX-001419,125,16/07/2025,197.62, Debit Card ,Subscription ,Legacy Billing
Q3-TX-001420,1490,07/12/2025,-306.39 USD,Bank Transfer , Refund,Legacy Billing
Q3-TX-001421,397,28 Jul 2025,538.28 USD,debit card,UPGRADE,Legacy Billing
Q3-TX-001422,285,14/09/2025,281.49 USD,Bank Transfer ,Add-on ,Legacy Billing
Q3-TX-001423,970,29 Jul 2025,-347.77 USD,Bank Transfer , Refund,Legacy Billing
Q3-TX-001424,961,14 Sep 2025,113.39 USD,bank transfer, Add-on ,Legacy Billing
Q3-TX-001425,358,18 Sep 2025,597.49,Debit Card ,add-on,Legacy Billing
Q3-TX-001426,1072,04/08/2025,$80.04,Credit Card, Subscription ,Legacy Billing
Q3-TX-001427,1285,07/28/2025,$392,Debit Card,Subscription ,Legacy Billing
Q3-TX-001428,83,07/09/2025,87.75,PayPal,Upgrade ,Legacy Billing
Q3-TX-001429,500,2025-07-12,-32.05 USD,Bank Transfer ,Refund,Legacy Billing
Q3-TX-001430,1084,2025-09-05,$62.03, Bank Transfer,upgrade,Legacy Billing
Q3-TX-001431,483,2025-08-23,$-709.70,Debit Card ,refund,Legacy Billing
Q3-TX-001432,595,"Aug 29, 2025",171.09 USD,Credit Card,Upgrade,Legacy Billing
Q3-TX-001433,305,21-07-2025,$290.23,Bank Transfer, Subscription,Legacy Billing
Q3-TX-001434,265,"Aug 07, 2025",$188.44,PayPal,Upgrade ,Legacy Billing
Q3-TX-001435,1459,04-09-2025,98.03 USD,debit card, Subscription ,Legacy Billing
Q3-TX-001436,408,"Aug 02, 2025",-345.82,paypal,Refund,Legacy Billing
Q3-TX-001437,883,2025-08-25,-261.47 USD,Debit Card ,Refund,Legacy Billing
Q3-TX-001438,1372,27 Aug 2025,USD -176.49,debit card,refund,Legacy Billing
Q3-TX-001439,1314,29/08/2025,$198.66,PAYPAL,add-on,Legacy Billing
Q3-TX-001440,1219,18 Jul 2025,$107.98, PayPal ,ADD-ON,Legacy Billing
Q3-TX-001441,1062,09/17/2025,$-389,Debit Card ,Refund,Legacy Billing
Q3-TX-001442,345,08/09/2025,$-172,Debit Card ,REFUND,Legacy Billing
Q3-TX-001443,924,"Jul 08, 2025",$269.11,Debit Card ,add-on,Legacy Billing
Q3-TX-001444,359,06 Jul 2025,-123.35,PayPal , Refund,Legacy Billing
Q3-TX-001445,158,07-09-2025,USD 61.20,Debit Card, Add-on ,Legacy Billing
Q3-TX-001446,1139,"Sep 12, 2025",260.04 USD, Bank Transfer ,Subscription,Legacy Billing
Q3-TX-001447,801,10 Jul 2025,251.14 USD, Bank Transfer , Subscription ,Legacy Billing
Q3-TX-001448,556,"Jul 06, 2025",228.21 USD,CREDIT CARD,Upgrade ,Legacy Billing
Q3-TX-001449,420,10-07-2025,$308.66,Bank Transfer, Add-on ,Legacy Billing
Q3-TX-001450,269,10-09-2025,163.65,CREDIT CARD, Add-on ,Legacy Billing
Q3-TX-001451,1334,2025-07-08,$167.44, PayPal ,add-on,Legacy Billing
Q3-TX-001452,147,18 Sep 2025,$-579,PayPal , Refund,Legacy Billing
Q3-TX-001453,1439,07/28/2025,136.02,debit card, Subscription,Legacy Billing
Q3-TX-001454,650,01/07/2025,-183.84,PayPal ,Refund ,Legacy Billing
Q3-TX-001455,1326,2025-08-11,$390, Credit Card, Subscription,Legacy Billing
Q3-TX-001456,481,28-09-2025,328.38,Bank Transfer ,Add-on,Legacy Billing
Q3-TX-001457,1215,21/08/2025,208.40,PayPal, Upgrade ,Legacy Billing
Q3-TX-001458,709,2025-09-19,189.16 USD, Credit Card ,Add-on,Legacy Billing
Q3-TX-001459,1161,"Aug 06, 2025",-150.91, PayPal ,refund,Legacy Billing
Q3-TX-001460,722,25-07-2025,-314.49,bank transfer,refund,Legacy Billing
Q3-TX-001461,710,08/09/2025,$276,Debit Card ,subscription,Legacy Billing
Q3-TX-001462,507,14 Jul 2025,104.45 USD,Bank Transfer ,upgrade,Legacy Billing
Q3-TX-001463,1255,12/09/2025,-311.28 USD,DEBIT CARD,refund,Legacy Billing
Q3-TX-001464,1341,25-09-2025,315.92,credit card, Upgrade ,Legacy Billing
Q3-TX-001465,777,2025-09-07,-232.47,BANK TRANSFER,refund,Legacy Billing
Q3-TX-001466,573,2025-09-04,-210.28,PayPal, Refund,Legacy Billing
Q3-TX-001467,1367,04/09/2025,$659.05,PayPal ,SUBSCRIPTION,Legacy Billing
Q3-TX-001468,1474,"Sep 10, 2025",-206.83,Debit Card,Refund ,Legacy Billing
Q3-TX-001469,1461,14-08-2025,-178.49 USD,debit card, Refund ,Legacy Billing
Q3-TX-001470,414,08/26/2025,USD 287.66, Credit Card ,add-on,Legacy Billing
Q3-TX-001471,1470,17 Aug 2025,USD 153.90,PayPal, Add-on ,Legacy Billing
Q3-TX-001472,152,10-09-2025,235.33,Credit Card ,UPGRADE,Legacy Billing
Q3-TX-001473,1396,03 Jul 2025,-298.41,CREDIT CARD,Refund ,Legacy Billing
Q3-TX-001474,655,"Jul 10, 2025",584.21 USD,BANK TRANSFER, Upgrade,Legacy Billing
Q3-TX-001475,1306,08/08/2025,$239.59,CREDIT CARD,subscription,Legacy Billing
Q3-TX-001476,731,31-08-2025,311.60 USD,paypal,Add-on,Legacy Billing
Q3-TX-001477,249,23/09/2025,168.03, PayPal, Subscription,Legacy Billing
Q3-TX-001478,139,13-08-2025,-346.06, Debit Card ,Refund ,Legacy Billing
Q3-TX-001479,393,26/08/2025,USD 366.17, Bank Transfer ,Upgrade ,Legacy Billing
Q3-TX-001480,870,09/04/2025,-356.12 USD, Credit Card,Refund,Legacy Billing
Q3-TX-001481,147,23 Aug 2025,220.92,credit card, Subscription,Legacy Billing
Q3-TX-001482,1483,07/28/2025,238.74, Bank Transfer,SUBSCRIPTION,Legacy Billing
Q3-TX-001483,170,"Aug 09, 2025",233.74 USD,DEBIT CARD,UPGRADE,Legacy Billing
Q3-TX-001484,1234,30 Sep 2025,105.56, Bank Transfer,Upgrade,Legacy Billing
Q3-TX-001485,177,14/09/2025,$295.30, Debit Card ,UPGRADE,Legacy Billing
Q3-TX-001486,232,26-07-2025,$99.77,paypal, Subscription ,Legacy Billing
Q3-TX-001487,40,17-08-2025,246.72,Credit Card , Subscription,Legacy Billing
Q3-TX-001488,723,"Jul 08, 2025",USD 219.71, Debit Card ,Add-on,Legacy Billing
Q3-TX-001489,1197,"Jul 22, 2025",$415,Credit Card ,UPGRADE,Legacy Billing
Q3-TX-001490,262,09/09/2025,$211,PAYPAL,Subscription ,Legacy Billing
Q3-TX-001491,1164,2025-09-07,511.40 USD,CREDIT CARD, Add-on ,Legacy Billing
Q3-TX-001492,1449,07/05/2025,$194, Debit Card ,UPGRADE,Legacy Billing
Q3-TX-001493,128,07/01/2025,$102,BANK TRANSFER, Add-on ,Legacy Billing
Q3-TX-001494,1147,09/15/2025,47.90,Debit Card , Add-on ,Legacy Billing
Q3-TX-001495,938,"Jul 11, 2025",USD 533.28, Credit Card,SUBSCRIPTION,Legacy Billing
Q3-TX-001496,827,08/31/2025,USD 91.21, Debit Card , Subscription,Legacy Billing
Q3-TX-001497,1288,23/08/2025,USD -223.56, Credit Card ,Refund,Legacy Billing
Q3-TX-001498,1065,01/07/2025,$-116,PayPal,refund,Legacy Billing
Q3-TX-001499,715,15-08-2025,$359,PayPal , Add-on ,Legacy Billing
Q3-TX-001500,613,09/06/2025,200.04, Credit Card ,Add-on,Legacy Billing
Q3-TX-001501,1391,08/06/2025,USD 20.75,BANK TRANSFER,Upgrade ,Legacy Billing
Q3-TX-001502,1325,2025-07-17,$526.50,PAYPAL,UPGRADE,Legacy Billing
Q3-TX-001503,1366,"Aug 13, 2025",133.31, Bank Transfer, Add-on ,Legacy Billing
Q3-TX-001504,1107,09/05/2025,-228.08,debit card,Refund,Legacy Billing
Q3-TX-001505,1157,31-08-2025,$218.13, Debit Card,add-on,Legacy Billing
Q3-TX-001506,673,26-09-2025,$92,paypal,Subscription,Legacy Billing
Q3-TX-001507,1323,08/15/2025,380.94,Bank Transfer , Add-on,Legacy Billing
Q3-TX-001508,720,07/05/2025,$94.06,PayPal , Upgrade ,Legacy Billing
Q3-TX-001509,811,"Jul 01, 2025",530.10,PayPal ,Subscription ,Legacy Billing
Q3-TX-001510,1241,09/24/2025,237.82 USD, PayPal, Subscription ,Legacy Billing
Q3-TX-001511,1304,"Sep 09, 2025",-190.53 USD,PayPal,Refund,Legacy Billing
Q3-TX-001512,1405,30-08-2025,218.64,PayPal,UPGRADE,Legacy Billing
Q3-TX-001513,1426,25 Sep 2025,$-177.30,Credit Card, Refund ,Legacy Billing
Q3-TX-001514,912,01-09-2025,$-276, PayPal ,REFUND,Legacy Billing
Q3-TX-001515,1496,2025-07-21,USD -97.10, PayPal,REFUND,Legacy Billing
Q3-TX-001516,136,08 Aug 2025,$-556, PayPal , Refund,Legacy Billing
Q3-TX-001517,866,01-08-2025,-214.55,PAYPAL, Refund,Legacy Billing
Q3-TX-001518,230,27-07-2025,227.86, PayPal, Add-on ,Legacy Billing
Q3-TX-001519,494,18 Aug 2025,171.40,CREDIT CARD,Upgrade,Legacy Billing
Q3-TX-001520,1427,09/28/2025,USD -286.68, Debit Card ,Refund,Legacy Billing
Q3-TX-001521,406,25 Jul 2025,$294,Debit Card, Upgrade ,Legacy Billing
Q3-TX-001522,552,09/28/2025,USD 309.05, Credit Card , Add-on,Legacy Billing
Q3-TX-001523,924,16-08-2025,99.06, Credit Card, Subscription ,Legacy Billing
Q3-TX-001524,397,19-07-2025,76.60,DEBIT CARD,upgrade,Legacy Billing
Q3-TX-001525,267,"Aug 14, 2025",-407.85,debit card,REFUND,Legacy Billing
Q3-TX-001526,109,25-07-2025,478.37 USD,DEBIT CARD, Upgrade,Legacy Billing
Q3-TX-001527,1285,14/08/2025,107.29,paypal,UPGRADE,Legacy Billing
Q3-TX-001528,386,"Aug 21, 2025",$135,bank transfer,Upgrade ,Legacy Billing
Q3-TX-001529,1039,29 Aug 2025,USD -72.00,Bank Transfer ,Refund,Legacy Billing
Q3-TX-001530,299,07/02/2025,266.23 USD,Debit Card, Subscription,Legacy Billing
Q3-TX-001531,771,15/09/2025,$165.14, Debit Card , Upgrade,Legacy Billing
Q3-TX-001532,79,29/08/2025,USD 89.93, Credit Card ,Subscription,Legacy Billing
Q3-TX-001533,628,13 Jul 2025,$55, Credit Card, Upgrade ,Legacy Billing
Q3-TX-001534,1289,26-09-2025,USD 136.80,PayPal ,Subscription ,Legacy Billing
Q3-TX-001535,1015,08/12/2025,190.28 USD,debit card,Subscription ,Legacy Billing
Q3-TX-001536,69,01 Sep 2025,-70.66, PayPal,Refund,Legacy Billing
Q3-TX-001537,272,"Aug 22, 2025",104.54, Bank Transfer, Add-on,Legacy Billing
Q3-TX-001538,453,"Sep 03, 2025",508.58,credit card,Subscription ,Legacy Billing
Q3-TX-001539,1485,2025-09-14,$74, Credit Card , Subscription,Legacy Billing
Q3-TX-001540,546,2025-09-14,-147.00 USD, PayPal ,refund,Legacy Billing
Q3-TX-001541,455,08/10/2025,$142.98,Credit Card, Subscription,Legacy Billing
Q3-TX-001542,176,"Jul 27, 2025",$354,Debit Card, Subscription ,Legacy Billing
Q3-TX-001543,315,24 Sep 2025,32.21, Debit Card ,SUBSCRIPTION,Legacy Billing
Q3-TX-001544,724,09/04/2025,-336.83,Credit Card, Refund,Legacy Billing
Q3-TX-001545,366,29-07-2025,714.04,CREDIT CARD,Add-on,Legacy Billing
Q3-TX-001546,1413,19 Aug 2025,222.22, Credit Card,Add-on,Legacy Billing
Q3-TX-001547,240,19/07/2025,-350.66 USD,CREDIT CARD, Refund ,Legacy Billing
Q3-TX-001548,648,09/24/2025,416.70,Debit Card ,SUBSCRIPTION,Legacy Billing
Q3-TX-001549,1497,02-07-2025,211.48 USD,PayPal ,Subscription,Legacy Billing
Q3-TX-001550,266,01-09-2025,USD 128.81, Bank Transfer,SUBSCRIPTION,Legacy Billing
Q3-TX-001551,1342,"Aug 05, 2025",$198.16,DEBIT CARD,subscription,Legacy Billing
Q3-TX-001552,244,30-09-2025,298.70 USD,Credit Card ,add-on,Legacy Billing
Q3-TX-001553,1155,05 Sep 2025,142.43,CREDIT CARD, Add-on,Legacy Billing
Q3-TX-001554,495,2025-09-18,18.16 USD,PayPal,Subscription,Legacy Billing
Q3-TX-001555,111,25/07/2025,105.31 USD,PAYPAL, Upgrade,Legacy Billing
Q3-TX-001556,1406,30-09-2025,USD -242.92,CREDIT CARD,Refund,Legacy Billing
Q3-TX-001557,204,14-09-2025,$236, Credit Card,Subscription ,Legacy Billing
Q3-TX-001558,711,"Aug 04, 2025",100.34,credit card, Add-on ,Legacy Billing
Q3-TX-001559,1426,08/09/2025,146.84,Credit Card, Upgrade ,Legacy Billing
Q3-TX-001560,537,08/05/2025,$53.71, Debit Card, Upgrade ,Legacy Billing
Q3-TX-001561,469,10/09/2025,183.83,Credit Card , Upgrade ,Legacy Billing
Q3-TX-001562,690,19/08/2025,-152.57,Credit Card,REFUND,Legacy Billing
Q3-TX-001563,1320,2025-07-06,166.94,PayPal ,Upgrade,Legacy Billing
Q3-TX-001564,1069,21/07/2025,$-688,BANK TRANSFER, Refund ,Legacy Billing
Q3-TX-001565,163,"Jul 15, 2025",-223.27, Bank Transfer,REFUND,Legacy Billing
Q3-TX-001566,509,"Jul 29, 2025",75.90,paypal, Add-on ,Legacy Billing
Q3-TX-001567,1485,02 Jul 2025,-261.23 USD,Credit Card,Refund ,Legacy Billing
Q3-TX-001568,1127,"Aug 18, 2025",$168.92, Credit Card,ADD-ON,Legacy Billing
Q3-TX-001569,477,12-09-2025,120.02, Credit Card,add-on,Legacy Billing
Q3-TX-001570,75,18 Jul 2025,195.38 USD,credit card, Upgrade ,Legacy Billing
Q3-TX-001571,100,"Jul 31, 2025",$463, Credit Card , Upgrade ,Legacy Billing
Q3-TX-001572,1346,11/07/2025,$54,debit card,SUBSCRIPTION,Legacy Billing
Q3-TX-001573,72,29 Aug 2025,30.29,BANK TRANSFER,Subscription ,Legacy Billing
Q3-TX-001574,6,2025-07-26,$124.70, PayPal,Add-on,Legacy Billing
Q3-TX-001575,692,13/09/2025,-180.02,paypal,REFUND,Legacy Billing
Q3-TX-001576,1085,20/07/2025,$162.16,Credit Card , Upgrade ,Legacy Billing
Q3-TX-001577,53,02-08-2025,156.94,Debit Card,add-on,Legacy Billing
Q3-TX-001578,1030,30 Sep 2025,$127,Debit Card ,Add-on,Legacy Billing
Q3-TX-001579,540,08/06/2025,370.82,credit card, Add-on,Legacy Billing
Q3-TX-001580,918,"Aug 07, 2025",$239,Credit Card,Subscription,Legacy Billing
Q3-TX-001581,1310,09/18/2025,$416,PayPal,Upgrade,Legacy Billing
Q3-TX-001582,136,2025-08-01,USD -35.21,DEBIT CARD,REFUND,Legacy Billing
Q3-TX-001583,396,20/09/2025,-152.57 USD,Debit Card,Refund ,Legacy Billing
Q3-TX-001584,764,"Jul 07, 2025",225.36 USD,Credit Card,Subscription ,Legacy Billing
Q3-TX-001585,1071,01 Sep 2025,77.36 USD,credit card, Add-on ,Legacy Billing
Q3-TX-001586,53,03-07-2025,USD 162.77, Debit Card , Upgrade ,Legacy Billing
Q3-TX-001587,180,"Aug 06, 2025",$275.79,DEBIT CARD, Upgrade,Legacy Billing
Q3-TX-001588,80,"Aug 13, 2025",$488,PayPal ,Upgrade ,Legacy Billing
Q3-TX-001589,1458,12 Jul 2025,-480.45, PayPal, Refund,Legacy Billing
Q3-TX-001590,142,19 Aug 2025,441.86,PayPal , Upgrade ,Legacy Billing
Q3-TX-001591,1082,28-08-2025,528.21,PayPal,Add-on ,Legacy Billing
Q3-TX-001592,855,2025-07-21,USD 23.57,PayPal,upgrade,Legacy Billing
Q3-TX-001593,192,2025-07-25,48.82 USD,Bank Transfer , Add-on ,Legacy Billing
Q3-TX-001594,768,23-09-2025,USD 148.62,Bank Transfer, Add-on,Legacy Billing
Q3-TX-001595,1338,06/07/2025,-84.34 USD,Debit Card,refund,Legacy Billing
Q3-TX-001596,1293,13-07-2025,244.13, Debit Card, Upgrade,Legacy Billing
Q3-TX-001597,399,"Aug 04, 2025",$649.70, Bank Transfer ,UPGRADE,Legacy Billing
Q3-TX-001598,1420,15/07/2025,USD 41.26, Credit Card , Upgrade,Legacy Billing
Q3-TX-001599,389,2025-09-07,USD 131.49,bank transfer,Add-on ,Legacy Billing
Q3-TX-001600,691,19-09-2025,USD 183.25,Credit Card ,Add-on ,Legacy Billing
Q3-TX-001601,1441,09/29/2025,-53.57,BANK TRANSFER,Refund ,Legacy Billing
Q3-TX-001602,986,19/08/2025,$320.81,debit card,Upgrade,Legacy Billing
Q3-TX-001603,1481,21/07/2025,203.21,Credit Card , Upgrade,Legacy Billing
Q3-TX-001604,889,09-08-2025,USD 142.19, PayPal, Add-on ,Legacy Billing
Q3-TX-001605,245,11 Sep 2025,264.52, Bank Transfer ,ADD-ON,Legacy Billing
Q3-TX-001606,493,07-09-2025,USD 348.24,PAYPAL,SUBSCRIPTION,Legacy Billing
Q3-TX-001607,865,10/09/2025,$230, Bank Transfer,add-on,Legacy Billing
Q3-TX-001608,57,16 Jul 2025,USD 236.17, Bank Transfer,add-on,Legacy Billing
Q3-TX-001609,988,2025-07-27,,Bank Transfer ,subscription,Legacy Billing
Q3-TX-001610,998,"Aug 25, 2025",-245.23,bank transfer, Refund ,Legacy Billing
Q3-TX-001611,1186,"Jul 12, 2025",397.87, Bank Transfer , Add-on,Legacy Billing
Q3-TX-001612,1451,2025-08-04,$666.61, PayPal,subscription,Legacy Billing
Q3-TX-001613,388,13-07-2025,818.33, Credit Card,Subscription,Legacy Billing
Q3-TX-001614,715,15-08-2025,236.96,Bank Transfer ,upgrade,Legacy Billing
Q3-TX-001615,103,10 Jul 2025,238.84, PayPal ,Subscription,Legacy Billing
Q3-TX-001616,1401,09-08-2025,$418,PayPal ,ADD-ON,Legacy Billing
Q3-TX-001617,1184,"Sep 27, 2025",99.33 USD,Debit Card,add-on,Legacy Billing
Q3-TX-001618,953,"Sep 24, 2025",$-566, Credit Card,REFUND,Legacy Billing
Q3-TX-001619,909,23/07/2025,226.24, PayPal ,add-on,Legacy Billing
Q3-TX-001620,1445,17 Jul 2025,-72.52,Bank Transfer , Refund,Legacy Billing
Q3-TX-001621,106,30/08/2025,46.54 USD,Credit Card ,subscription,Legacy Billing
Q3-TX-001622,1389,2025-08-08,126.06 USD, PayPal , Upgrade ,Legacy Billing
Q3-TX-001623,1007,09/26/2025,$150.32, Debit Card ,Upgrade ,Legacy Billing
Q3-TX-001624,343,24/09/2025,$235.97,debit card,Upgrade,Legacy Billing
Q3-TX-001625,1074,2025-07-21,USD 440.48, Credit Card,Subscription,Legacy Billing
Q3-TX-001626,330,09/04/2025,USD 274.86,debit card,Add-on,Legacy Billing
Q3-TX-001627,1294,2025-09-09,USD 357.61,PayPal,UPGRADE,Legacy Billing
Q3-TX-001628,1052,"Jul 21, 2025",$-306.39,debit card,refund,Legacy Billing
Q3-TX-001629,503,09/30/2025,$-69,Debit Card,Refund ,Legacy Billing
Q3-TX-001630,1372,11 Jul 2025,-189.24,Debit Card ,Refund ,Legacy Billing
Q3-TX-001631,1395,03 Sep 2025,85.75 USD,bank transfer, Subscription ,Legacy Billing
Q3-TX-001632,1267,21 Jul 2025,USD 203.24,Bank Transfer, Upgrade,Legacy Billing
Q3-TX-001633,1483,2025-07-30,178.59 USD,DEBIT CARD,ADD-ON,Legacy Billing
Q3-TX-001634,1140,"Aug 27, 2025",164.93 USD,PAYPAL,Add-on,Legacy Billing
Q3-TX-001635,1355,2025-08-10,$430,PayPal ,UPGRADE,Legacy Billing
Q3-TX-001636,750,07/21/2025,260.88 USD, Bank Transfer ,ADD-ON,Legacy Billing
Q3-TX-001637,270,"Sep 14, 2025",525.66,Credit Card , Subscription,Legacy Billing
Q3-TX-001638,506,"Aug 03, 2025",155.59 USD, Debit Card,Upgrade ,Legacy Billing
Q3-TX-001639,1323,2025-07-27,113.59 USD,bank transfer, Upgrade,Legacy Billing
Q3-TX-001640,865,"Jul 12, 2025",85.19,paypal, Add-on ,Legacy Billing
Q3-TX-001641,862,04-07-2025,$372,Credit Card, Subscription ,Legacy Billing
Q3-TX-001642,677,2025-07-30,-141.43,PAYPAL, Refund,Legacy Billing
Q3-TX-001643,251,09/21/2025,198.68,debit card,UPGRADE,Legacy Billing
Q3-TX-001644,153,10/07/2025,$-35, PayPal , Refund,Legacy Billing
Q3-TX-001645,134,10 Sep 2025,$-492,debit card,Refund,Legacy Billing
Q3-TX-001646,1028,19 Sep 2025,$365,PayPal , Subscription,Legacy Billing
Q3-TX-001647,1141,03-09-2025,$72, Debit Card, Upgrade ,Legacy Billing
Q3-TX-001648,14,17 Sep 2025,301.21, Debit Card ,Upgrade,Legacy Billing
Q3-TX-001649,574,"Sep 13, 2025",,PayPal, Refund ,Legacy Billing
Q3-TX-001650,33,"Jul 05, 2025",506.46,debit card,Subscription ,Legacy Billing
Q3-TX-001651,541,30/09/2025,$159,debit card, Subscription,Legacy Billing
Q3-TX-001652,1313,07/08/2025,$223,Debit Card, Upgrade,Legacy Billing
Q3-TX-001653,940,20/08/2025,476.07,credit card,add-on,Legacy Billing
Q3-TX-001654,428,2025-08-27,$200,Bank Transfer,UPGRADE,Legacy Billing
Q3-TX-001655,1110,2025-07-16,$231,debit card,subscription,Legacy Billing
Q3-TX-001656,1487,"Sep 26, 2025",USD 241.19, PayPal ,ADD-ON,Legacy Billing
Q3-TX-001657,609,08/12/2025,USD 456.91,DEBIT CARD, Add-on,Legacy Billing
Q3-TX-001658,697,20-08-2025,$111.06, Credit Card , Add-on ,Legacy Billing
Q3-TX-001659,1460,02 Jul 2025,511.77 USD,CREDIT CARD, Add-on,Legacy Billing
Q3-TX-001660,1049,08/31/2025,234.98, Debit Card,upgrade,Legacy Billing
Q3-TX-001661,1149,23/08/2025,$-831,Bank Transfer, Refund,Legacy Billing
Q3-TX-001662,255,07/03/2025,579.46,Credit Card,add-on,Legacy Billing
Q3-TX-001663,1251,24-09-2025,243.17 USD, Credit Card ,ADD-ON,Legacy Billing
Q3-TX-001664,392,15 Aug 2025,$206,bank transfer,SUBSCRIPTION,Legacy Billing
Q3-TX-001665,1193,07/13/2025,138.44, PayPal,Upgrade,Legacy Billing
Q3-TX-001666,263,2025-09-05,177.70,Debit Card,Subscription ,Legacy Billing
Q3-TX-001667,1273,08/11/2025,74.34 USD,Bank Transfer,Subscription ,Legacy Billing
Q3-TX-001668,197,24-08-2025,-26.24,Credit Card,Refund ,Legacy Billing
Q3-TX-001669,806,01 Jul 2025,$534,PayPal,UPGRADE,Legacy Billing
Q3-TX-001670,415,14-08-2025,276.41, Debit Card ,upgrade,Legacy Billing
Q3-TX-001671,772,"Aug 26, 2025",317.62,Credit Card,Subscription,Legacy Billing
Q3-TX-001672,98,01 Aug 2025,199.33 USD,paypal,upgrade,Legacy Billing
Q3-TX-001673,667,"Aug 08, 2025",152.28,PayPal ,UPGRADE,Legacy Billing
Q3-TX-001674,342,26 Aug 2025,$297,Bank Transfer,UPGRADE,Legacy Billing
Q3-TX-001675,1030,"Aug 30, 2025",$93, Debit Card,add-on,Legacy Billing
Q3-TX-001676,429,27-07-2025,616.89,Bank Transfer ,Upgrade,Legacy Billing
Q3-TX-001677,37,"Jul 26, 2025",257.41,PayPal, Add-on ,Legacy Billing
Q3-TX-001678,837,09/17/2025,USD 255.74,PAYPAL, Upgrade ,Legacy Billing
Q3-TX-001679,1221,2025-08-21,355.23,Bank Transfer , Subscription,Legacy Billing
Q3-TX-001680,1240,07/29/2025,$420.89, Bank Transfer, Add-on,Legacy Billing
Q3-TX-001681,1095,28 Sep 2025,$168.47,Bank Transfer,Subscription ,Legacy Billing
Q3-TX-001682,1416,2025-08-31,USD 75.36, Credit Card , Add-on ,Legacy Billing
Q3-TX-001683,1081,"Jul 23, 2025",159.45,CREDIT CARD,Upgrade,Legacy Billing
Q3-TX-001684,11,06 Jul 2025,86.32,debit card,Add-on,Legacy Billing
Q3-TX-001685,5,19-07-2025,201.18 USD, Debit Card ,Subscription,Legacy Billing
Q3-TX-001686,1266,01/09/2025,USD -120.38, Debit Card, Refund ,Legacy Billing
Q3-TX-001687,1367,23/07/2025,292.79,PayPal , Subscription,Legacy Billing
Q3-TX-001688,1171,"Jul 18, 2025",$-77.18, Bank Transfer,Refund ,Legacy Billing
Q3-TX-001689,1106,04/07/2025,565.66, Debit Card, Subscription,Legacy Billing
Q3-TX-001690,107,26-08-2025,269.59,Credit Card,Add-on,Legacy Billing
Q3-TX-001691,339,04-07-2025,-282.18 USD, PayPal ,refund,Legacy Billing
Q3-TX-001692,1233,08/14/2025,USD 230.51,Bank Transfer,add-on,Legacy Billing
Q3-TX-001693,1170,17/08/2025,404.53 USD,Bank Transfer , Upgrade,Legacy Billing
Q3-TX-001694,361,2025-08-01,$220,credit card, Add-on,Legacy Billing
Q3-TX-001695,1076,2025-09-23,,BANK TRANSFER,add-on,Legacy Billing
Q3-TX-001696,957,05-07-2025,233.09, Bank Transfer ,Add-on ,Legacy Billing
Q3-TX-001697,1465,29-07-2025,$212,PayPal , Subscription,Legacy Billing
Q3-TX-001698,406,20 Sep 2025,-135.45,BANK TRANSFER,refund,Legacy Billing
Q3-TX-001699,310,27-08-2025,USD 504.42,Credit Card , Upgrade,Legacy Billing
Q3-TX-001700,870,01/09/2025,$249, Debit Card, Upgrade,Legacy Billing
Q3-TX-001701,564,15-08-2025,192.34,Debit Card ,Subscription ,Legacy Billing
Q3-TX-001702,685,2025-09-18,97.06,BANK TRANSFER,Add-on,Legacy Billing
Q3-TX-001703,1332,09/14/2025,32.96,Credit Card,upgrade,Legacy Billing
Q3-TX-001704,1052,"Jul 27, 2025",341.71,PayPal ,Subscription,Legacy Billing
Q3-TX-001705,1010,21/09/2025,USD 164.46, Debit Card , Upgrade,Legacy Billing
Q3-TX-001706,1301,10/08/2025,USD 146.35,PayPal,SUBSCRIPTION,Legacy Billing
Q3-TX-001707,1360,13 Aug 2025,375.34 USD,PayPal ,upgrade,Legacy Billing
Q3-TX-001708,1494,06 Sep 2025,$17, PayPal ,ADD-ON,Legacy Billing
Q3-TX-001709,534,2025-07-18,36.37,credit card,add-on,Legacy Billing
Q3-TX-001710,300,2025-08-20,-151.88, Debit Card,refund,Legacy Billing
Q3-TX-001711,23,08/14/2025,USD 224.23,credit card, Subscription ,Legacy Billing
Q3-TX-001712,707,08/11/2025,USD 129.35,PAYPAL, Subscription,Legacy Billing
Q3-TX-001713,1325,31/08/2025,USD -203.68,BANK TRANSFER, Refund ,Legacy Billing
Q3-TX-001714,433,08/27/2025,150.45 USD, Credit Card ,upgrade,Legacy Billing
Q3-TX-001715,1462,09/22/2025,$249.51,paypal,Subscription,Legacy Billing
Q3-TX-001716,925,13-09-2025,USD 111.34,Debit Card,Add-on,Legacy Billing
Q3-TX-001717,803,"Sep 15, 2025",USD 280.23, Debit Card,Subscription,Legacy Billing
Q3-TX-001718,796,07/09/2025,$61.61,BANK TRANSFER, Upgrade,Legacy Billing
Q3-TX-001719,169,19 Jul 2025,146.30,debit card, Add-on ,Legacy Billing
Q3-TX-001720,863,10/07/2025,-331.98, Bank Transfer, Refund ,Legacy Billing
Q3-TX-001721,222,"Sep 03, 2025",567.59,DEBIT CARD,upgrade,Legacy Billing
Q3-TX-001722,1195,2025-07-03,$455.04,Credit Card,Upgrade ,Legacy Billing
Q3-TX-001723,1213,09-07-2025,94.27, PayPal,subscription,Legacy Billing
Q3-TX-001724,1229,31 Jul 2025,USD 216.49,Credit Card,upgrade,Legacy Billing
Q3-TX-001725,1185,03/08/2025,-331.83, Credit Card , Refund,Legacy Billing
Q3-TX-001726,344,2025-09-06,$232.24, Bank Transfer,ADD-ON,Legacy Billing
Q3-TX-001727,772,17/08/2025,$100,credit card, Upgrade ,Legacy Billing
Q3-TX-001728,501,2025-07-18,$-81.77,BANK TRANSFER, Refund ,Legacy Billing
Q3-TX-001729,461,2025-09-15,-93.01 USD, Bank Transfer ,REFUND,Legacy Billing
Q3-TX-001730,547,2025-07-20,USD -526.31,Debit Card,refund,Legacy Billing
Q3-TX-001731,1012,09-08-2025,USD 277.65,Credit Card ,subscription,Legacy Billing
Q3-TX-001732,1292,19/07/2025,$216.93,paypal,Add-on ,Legacy Billing
Q3-TX-001733,361,27/09/2025,383.71,PayPal, Subscription ,Legacy Billing
Q3-TX-001734,180,15/08/2025,$230, Bank Transfer ,Upgrade,Legacy Billing
Q3-TX-001735,1407,08/09/2025,USD 245.43,debit card,SUBSCRIPTION,Legacy Billing
Q3-TX-001736,1295,2025-07-09,192.65 USD,PayPal,Add-on,Legacy Billing
Q3-TX-001737,978,2025-07-15,$47, PayPal,Subscription,Legacy Billing
Q3-TX-001738,259,07/21/2025,$110,Bank Transfer,Subscription,Legacy Billing
Q3-TX-001739,96,"Sep 27, 2025",153.50 USD,Bank Transfer ,Subscription ,Legacy Billing
Q3-TX-001740,100,30 Jul 2025,337.09,Credit Card,add-on,Legacy Billing
Q3-TX-001741,946,"Sep 10, 2025",USD 373.03,DEBIT CARD,upgrade,Legacy Billing
Q3-TX-001742,1018,24-08-2025,52.64,Bank Transfer ,SUBSCRIPTION,Legacy Billing
Q3-TX-001743,310,"Sep 08, 2025",$-129.52, Bank Transfer ,REFUND,Legacy Billing
Q3-TX-001744,1032,09/30/2025,$198,PayPal,Upgrade ,Legacy Billing
Q3-TX-001745,242,"Jul 10, 2025",$80,debit card,upgrade,Legacy Billing
Q3-TX-001746,485,09-09-2025,$-323,PayPal,refund,Legacy Billing
Q3-TX-001747,1146,"Jul 24, 2025",USD 410.37, PayPal , Upgrade ,Legacy Billing
Q3-TX-001748,1002,2025-08-06,$944.04, Credit Card, Subscription,Legacy Billing
Q3-TX-001749,1186,"Aug 01, 2025",189.95,Bank Transfer ,upgrade,Legacy Billing
Q3-TX-001750,4,29/07/2025,196.90 USD,Bank Transfer ,Upgrade ,Legacy Billing
Q3-TX-001751,1346,20/07/2025,$-465,BANK TRANSFER, Refund ,Legacy Billing
Q3-TX-001752,1215,2025-07-26,$428.31, Debit Card, Subscription,Legacy Billing
Q3-TX-001753,736,08/15/2025,307.13, Debit Card ,UPGRADE,Legacy Billing
Q3-TX-001754,576,09/08/2025,-141.02,Bank Transfer , Refund,Legacy Billing
Q3-TX-001755,997,08/09/2025,$-133,Bank Transfer,Refund,Legacy Billing
Q3-TX-001756,899,19-07-2025,$-177,PayPal ,Refund,Legacy Billing
Q3-TX-001757,904,2025-08-30,225.42 USD,credit card,Subscription,Legacy Billing
Q3-TX-001758,1225,10/08/2025,$274.72,Bank Transfer ,Subscription,Legacy Billing
Q3-TX-001759,366,02-07-2025,295.07,Debit Card, Subscription,Legacy Billing
Q3-TX-001760,1015,"Sep 12, 2025",USD 237.57, Debit Card,Upgrade,Legacy Billing
Q3-TX-001761,982,2025-09-03,156.52 USD, Credit Card ,Subscription,Legacy Billing
Q3-TX-001762,968,06 Aug 2025,USD 48.54, Debit Card,UPGRADE,Legacy Billing
Q3-TX-001763,1064,07-09-2025,-325.52,Debit Card ,REFUND,Legacy Billing
Q3-TX-001764,809,2025-07-25,$227,Credit Card,upgrade,Legacy Billing
Q3-TX-001765,1339,"Jul 19, 2025",$213, Bank Transfer, Upgrade ,Legacy Billing
Q3-TX-001766,842,2025-07-27,178.36,Debit Card ,upgrade,Legacy Billing
Q3-TX-001767,65,08 Sep 2025,USD 763.38, Debit Card, Subscription ,Legacy Billing
Q3-TX-001768,584,26 Aug 2025,USD 481.11, Debit Card,Add-on,Legacy Billing
Q3-TX-001769,757,29 Sep 2025,337.74,CREDIT CARD, Add-on ,Legacy Billing
Q3-TX-001770,1052,"Sep 08, 2025",285.17 USD,PAYPAL,Add-on ,Legacy Billing
Q3-TX-001771,785,09/11/2025,$-235,CREDIT CARD,REFUND,Legacy Billing
Q3-TX-001772,579,08/04/2025,-107.92,PayPal ,refund,Legacy Billing
Q3-TX-001773,523,03/09/2025,$163.06, PayPal,Add-on,Legacy Billing
Q3-TX-001774,1104,"Sep 10, 2025",-447.26, Bank Transfer , Refund,Legacy Billing
Q3-TX-001775,312,13/08/2025,-221.47,Credit Card , Refund ,Legacy Billing
Q3-TX-001776,1034,"Sep 18, 2025",488.49, Bank Transfer, Subscription,Legacy Billing
Q3-TX-001777,482,"Aug 09, 2025",USD -235.99, Credit Card ,REFUND,Legacy Billing
Q3-TX-001778,238,28-09-2025,38.77,bank transfer,subscription,Legacy Billing
Q3-TX-001779,1445,02/08/2025,$327.90, Debit Card, Upgrade ,Legacy Billing
Q3-TX-001780,1273,"Sep 24, 2025",229.28 USD,Bank Transfer ,Add-on ,Legacy Billing
Q3-TX-001781,1382,2025-09-15,803.72,credit card,Subscription,Legacy Billing
Q3-TX-001782,608,07/16/2025,-190.76, PayPal, Refund,Legacy Billing
Q3-TX-001783,1330,31-07-2025,$176.08,bank transfer, Subscription ,Legacy Billing
Q3-TX-001784,950,2025-08-09,$172.72,credit card, Subscription,Legacy Billing
Q3-TX-001785,521,29/07/2025,145.93 USD,PayPal ,Upgrade,Legacy Billing
Q3-TX-001786,864,"Aug 12, 2025",443.69 USD, Debit Card,ADD-ON,Legacy Billing
Q3-TX-001787,771,09/19/2025,"$1,153.49",bank transfer, Add-on ,Legacy Billing
Q3-TX-001788,645,"Sep 06, 2025",250.19,bank transfer,Add-on ,Legacy Billing
Q3-TX-001789,616,07/22/2025,-338.12, Debit Card, Refund,Legacy Billing
Q3-TX-001790,427,25 Aug 2025,183.61,DEBIT CARD,Subscription,Legacy Billing
Q3-TX-001791,875,09/30/2025,-632.90,credit card, Refund,Legacy Billing
Q3-TX-001792,1103,29-09-2025,$298.93,BANK TRANSFER,Upgrade ,Legacy Billing
Q3-TX-001793,864,2025-08-11,-180.35, PayPal ,REFUND,Legacy Billing
Q3-TX-001794,867,07/28/2025,USD 431.09, Credit Card , Add-on ,Legacy Billing
Q3-TX-001795,842,"Jul 20, 2025",231.74,PAYPAL,Add-on ,Legacy Billing
Q3-TX-001796,1001,12-09-2025,$49, Debit Card ,upgrade,Legacy Billing
Q3-TX-001797,1280,"Jul 22, 2025",$98.52, PayPal, Subscription,Legacy Billing
Q3-TX-001798,1097,"Aug 02, 2025",USD -80.35,BANK TRANSFER,Refund,Legacy Billing
Q3-TX-001799,919,"Sep 06, 2025",$470.28,debit card, Add-on ,Legacy Billing
Q3-TX-001800,329,"Jul 12, 2025",$-138.74,debit card,Refund ,Legacy Billing
Q3-TX-001801,53,17-08-2025,$86.61, Bank Transfer,Subscription,Legacy Billing
Q3-TX-001802,1080,"Aug 05, 2025",292.69,Bank Transfer,subscription,Legacy Billing
Q3-TX-001803,560,22/09/2025,,paypal,Subscription ,Legacy Billing
Q3-TX-001804,703,2025-09-07,$437,paypal, Subscription,Legacy Billing
Q3-TX-001805,329,2025-08-30,-511.96,Credit Card, Refund ,Legacy Billing
Q3-TX-001806,1345,2025-09-21,USD 192.34,Bank Transfer,SUBSCRIPTION,Legacy Billing
Q3-TX-001807,853,"Jul 30, 2025",$583, Credit Card , Upgrade ,Legacy Billing
Q3-TX-001808,938,08/15/2025,457.13,PayPal,Subscription,Legacy Billing
Q3-TX-001809,1011,2025-08-28,USD 47.49, PayPal ,Upgrade ,Legacy Billing
Q3-TX-001810,1424,09/01/2025,-325.40 USD,credit card,Refund,Legacy Billing
Q3-TX-001811,32,07-08-2025,USD -125.00,Debit Card , Refund,Legacy Billing
Q3-TX-001812,242,09/12/2025,$115,credit card,Subscription,Legacy Billing
Q3-TX-001813,758,28/07/2025,563.51 USD,Credit Card ,Add-on ,Legacy Billing
Q3-TX-001814,494,19 Sep 2025,442.36,paypal,SUBSCRIPTION,Legacy Billing
Q3-TX-001815,378,25-09-2025,$-473,Debit Card,Refund,Legacy Billing
Q3-TX-001816,1361,"Jul 13, 2025",224.14 USD,debit card, Add-on ,Legacy Billing
Q3-TX-001817,857,07/07/2025,USD 62.09, Credit Card,add-on,Legacy Billing
Q3-TX-001818,1012,07/04/2025,$66.16,Credit Card,UPGRADE,Legacy Billing
Q3-TX-001819,1328,05/08/2025,-110.80, Credit Card,REFUND,Legacy Billing
Q3-TX-001820,93,2025-08-21,-464.36 USD, PayPal,Refund,Legacy Billing
Q3-TX-001821,564,"Jul 25, 2025",-172.43 USD,paypal, Refund ,Legacy Billing
Q3-TX-001822,255,"Sep 07, 2025",558.60,PAYPAL, Upgrade ,Legacy Billing
Q3-TX-001823,832,22 Jul 2025,USD -141.62,Credit Card, Refund,Legacy Billing
Q3-TX-001824,388,08/20/2025,$643.46, PayPal,upgrade,Legacy Billing
Q3-TX-001825,579,09/10/2025,-414.68 USD,Credit Card , Refund,Legacy Billing
Q3-TX-001826,533,19 Jul 2025,118.83 USD, Bank Transfer,subscription,Legacy Billing
Q3-TX-001827,1321,07/08/2025,241.53,Credit Card,Upgrade,Legacy Billing
Q3-TX-001828,737,07/08/2025,438.68 USD, Credit Card ,Add-on,Legacy Billing
Q3-TX-001829,1332,06 Sep 2025,$-252,paypal,REFUND,Legacy Billing
Q3-TX-001830,450,07/23/2025,$-174,Credit Card, Refund,Legacy Billing
Q3-TX-001831,688,"Aug 30, 2025",USD 168.40,DEBIT CARD, Upgrade ,Legacy Billing
Q3-TX-001832,900009,23/07/2025,141.00, Bank Transfer ,UPGRADE,Legacy Billing
Q3-TX-001833,131,"Jul 04, 2025",136.83,Credit Card,Add-on,Legacy Billing
Q3-TX-001834,478,23-07-2025,205.72, Bank Transfer,ADD-ON,Legacy Billing
Q3-TX-001835,335,"Aug 06, 2025",USD 104.58,BANK TRANSFER,UPGRADE,Legacy Billing
Q3-TX-001836,1417,"Aug 11, 2025",-162.47,PAYPAL, Refund ,Legacy Billing
Q3-TX-001837,1103,2025-08-02,$-343.68,PAYPAL,refund,Legacy Billing
Q3-TX-001838,874,"Aug 26, 2025",116.55 USD, Bank Transfer,Subscription,Legacy Billing
Q3-TX-001839,427,18-07-2025,$93,bank transfer,subscription,Legacy Billing
Q3-TX-001840,1385,07-07-2025,91.23,debit card, Add-on ,Legacy Billing
Q3-TX-001841,641,23/07/2025,USD -170.97,Credit Card , Refund,Legacy Billing
Q3-TX-001842,1197,2025-08-14,$-99.91, Credit Card ,Refund ,Legacy Billing
Q3-TX-001843,437,07/24/2025,$198.86, Credit Card ,subscription,Legacy Billing
Q3-TX-001844,1008,05 Jul 2025,-289.68, PayPal ,REFUND,Legacy Billing
Q3-TX-001845,268,09/30/2025,USD -135.01, PayPal , Refund,Legacy Billing
Q3-TX-001846,351,09/07/2025,$66,debit card,UPGRADE,Legacy Billing
Q3-TX-001847,1481,05/09/2025,$-544.86,Credit Card, Refund,Legacy Billing
Q3-TX-001848,1219,01/07/2025,-193.78 USD, Credit Card ,REFUND,Legacy Billing
Q3-TX-001849,836,31/08/2025,$219.73,paypal,Upgrade ,Legacy Billing
Q3-TX-001850,177,18 Jul 2025,$356.24, Credit Card,UPGRADE,Legacy Billing
Q3-TX-001851,475,15/09/2025,USD 91.00,paypal,Add-on,Legacy Billing
Q3-TX-001852,709,08/31/2025,,DEBIT CARD,UPGRADE,Legacy Billing
Q3-TX-001853,928,"Sep 04, 2025",220.92 USD,Credit Card, Subscription,Legacy Billing
Q3-TX-001854,665,19 Sep 2025,285.19 USD,Debit Card,Subscription,Legacy Billing
Q3-TX-001855,1148,16-08-2025,206.05,Debit Card ,Upgrade,Legacy Billing
Q3-TX-001856,213,01/07/2025,-238.75,Credit Card,refund,Legacy Billing
Q3-TX-001857,1260,07/13/2025,$207, Credit Card , Upgrade,Legacy Billing
Q3-TX-001858,824,05/08/2025,194.88,CREDIT CARD, Upgrade,Legacy Billing
Q3-TX-001859,809,08/08/2025,26.58, Debit Card , Add-on,Legacy Billing
Q3-TX-001860,238,"Sep 06, 2025",$-306.16,bank transfer,Refund,Legacy Billing
Q3-TX-001861,622,"Sep 25, 2025",USD -68.87, Debit Card, Refund ,Legacy Billing
Q3-TX-001862,269,2025-07-15,$623,paypal, Add-on ,Legacy Billing
Q3-TX-001863,132,15/07/2025,-158.59 USD,DEBIT CARD, Refund ,Legacy Billing
Q3-TX-001864,1206,11/08/2025,180.71,credit card,Upgrade ,Legacy Billing
Q3-TX-001865,1320,13-07-2025,-243.14,PayPal ,Refund,Legacy Billing
Q3-TX-001866,22,08/13/2025,USD 476.13, Credit Card, Add-on,Legacy Billing
Q3-TX-001867,704,14 Aug 2025,$229.66,Bank Transfer, Subscription ,Legacy Billing
Q3-TX-001868,1268,09/11/2025,58.06,debit card,subscription,Legacy Billing
Q3-TX-001869,1306,2025-07-17,$200, Bank Transfer , Subscription,Legacy Billing
Q3-TX-001870,1035,14/07/2025,102.90 USD, Bank Transfer, Upgrade,Legacy Billing
Q3-TX-001871,1489,"Jul 25, 2025",105.63,Credit Card , Subscription,Legacy Billing
Q3-TX-001872,136,"Aug 31, 2025",$111.02, Credit Card,Upgrade ,Legacy Billing
Q3-TX-001873,1092,27 Aug 2025,$286.04,Credit Card ,Subscription,Legacy Billing
Q3-TX-001874,914,25-07-2025,300.99 USD,bank transfer,Add-on ,Legacy Billing
Q3-TX-001875,1384,07/04/2025,USD 343.80, Debit Card ,subscription,Legacy Billing
Q3-TX-001876,1148,2025-09-13,$143.16,CREDIT CARD,Upgrade,Legacy Billing
Q3-TX-001877,949,"Aug 17, 2025",$235,credit card, Subscription ,Legacy Billing
Q3-TX-001878,71,01/08/2025,, Bank Transfer, Subscription ,Legacy Billing
Q3-TX-001879,1033,07/03/2025,USD 568.21,Bank Transfer , Add-on ,Legacy Billing
Q3-TX-001880,1101,01-08-2025,62.16,Bank Transfer, Subscription,Legacy Billing
Q3-TX-001881,1312,24-07-2025,237.16,PAYPAL,subscription,Legacy Billing
Q3-TX-001882,1240,02 Jul 2025,99.77,bank transfer, Subscription,Legacy Billing
Q3-TX-001883,487,2025-07-13,279.21 USD,credit card,Add-on,Legacy Billing
Q3-TX-001884,997,12-09-2025,USD 74.34,PayPal , Add-on ,Legacy Billing
Q3-TX-001885,1107,"Jul 04, 2025",USD 241.61,Bank Transfer ,subscription,Legacy Billing
Q3-TX-001886,1017,2025-07-16,-147.58 USD,PAYPAL, Refund,Legacy Billing
Q3-TX-001887,1397,08-09-2025,58.29,Bank Transfer ,upgrade,Legacy Billing
Q3-TX-001888,718,09/26/2025,-159.00 USD,bank transfer, Refund,Legacy Billing
Q3-TX-001889,362,09/23/2025,$197,Credit Card,upgrade,Legacy Billing
Q3-TX-001890,1136,20/07/2025,$505,CREDIT CARD, Subscription,Legacy Billing
Q3-TX-001891,845,2025-08-18,USD 229.00,Credit Card, Subscription ,Legacy Billing
Q3-TX-001892,949,"Aug 28, 2025",$150,Bank Transfer ,Upgrade ,Legacy Billing
Q3-TX-001893,1446,"Sep 20, 2025",102.87 USD, Credit Card,Add-on ,Legacy Billing
Q3-TX-001894,731,2025-07-09,503.30,bank transfer, Subscription ,Legacy Billing
Q3-TX-001895,726,22-07-2025,USD 180.49,Debit Card,SUBSCRIPTION,Legacy Billing
Q3-TX-001896,821,"Jul 24, 2025",$-427,PayPal ,refund,Legacy Billing
Q3-TX-001897,1385,13/09/2025,$179,credit card,Subscription,Legacy Billing
Q3-TX-001898,80,09/06/2025,168.20,paypal,Subscription ,Legacy Billing
Q3-TX-001899,1090,"Jul 27, 2025",194.30,PAYPAL,Upgrade,Legacy Billing
Q3-TX-001900,1435,"Sep 28, 2025",$352, PayPal,subscription,Legacy Billing
Q3-TX-001901,685,03-08-2025,USD 177.20, Credit Card , Subscription ,Legacy Billing
Q3-TX-001902,1309,2025-07-02,$-268,Credit Card ,REFUND,Legacy Billing
Q3-TX-001903,279,05-09-2025,$644.02,paypal,SUBSCRIPTION,Legacy Billing
Q3-TX-001904,979,2025-09-28,132.55, PayPal , Add-on ,Legacy Billing
Q3-TX-001905,999,14-07-2025,$183,paypal,add-on,Legacy Billing
Q3-TX-001906,223,2025-09-03,398.91, Bank Transfer,UPGRADE,Legacy Billing
Q3-TX-001907,419,15-09-2025,$359.29, Bank Transfer ,subscription,Legacy Billing
Q3-TX-001908,311,08/19/2025,$187.96, PayPal , Upgrade,Legacy Billing
Q3-TX-001909,1215,02-09-2025,438.93 USD, Debit Card , Add-on,Legacy Billing
Q3-TX-001910,142,09/10/2025,$170,Credit Card , Subscription ,Legacy Billing
Q3-TX-001911,736,07/16/2025,247.84 USD,bank transfer,subscription,Legacy Billing
Q3-TX-001912,638,09/15/2025,USD 347.28,BANK TRANSFER,Add-on ,Legacy Billing
Q3-TX-001913,1103,2025-08-23,622.90,Debit Card, Upgrade,Legacy Billing
Q3-TX-001914,592,08/07/2025,$520,credit card, Upgrade,Legacy Billing
Q3-TX-001915,497,"Sep 04, 2025",180.10 USD, Debit Card , Add-on ,Legacy Billing
Q3-TX-001916,900005,03 Sep 2025,$386,Credit Card ,Upgrade ,Legacy Billing
Q3-TX-001917,1454,12 Jul 2025,450.38,bank transfer, Upgrade,Legacy Billing
Q3-TX-001918,829,09/27/2025,USD 109.22, PayPal, Add-on ,Legacy Billing
Q3-TX-001919,1085,30 Sep 2025,$300.79, Bank Transfer,Add-on ,Legacy Billing
Q3-TX-001920,1189,"Jul 25, 2025",$139.87,Bank Transfer,Add-on,Legacy Billing
Q3-TX-001921,1338,29/08/2025,$273, Credit Card,SUBSCRIPTION,Legacy Billing
Q3-TX-001922,340,09/08/2025,$427,PayPal ,Add-on ,Legacy Billing
Q3-TX-001923,1178,24-08-2025,$41,bank transfer,Add-on,Legacy Billing
Q3-TX-001924,1332,26/07/2025,551.42,CREDIT CARD, Upgrade,Legacy Billing
Q3-TX-001925,1443,09/21/2025,534.11,debit card,Subscription,Legacy Billing
Q3-TX-001926,820,26 Jul 2025,$394,DEBIT CARD, Subscription,Legacy Billing
Q3-TX-001927,625,"Jul 10, 2025",156.99, PayPal, Add-on,Legacy Billing
Q3-TX-001928,1030,"Sep 12, 2025",$501.84,Credit Card, Upgrade ,Legacy Billing
Q3-TX-001929,1022,2025-07-10,$352,PAYPAL,ADD-ON,Legacy Billing
Q3-TX-001930,144,"Aug 10, 2025",$629,debit card,add-on,Legacy Billing
Q3-TX-001931,1309,27-07-2025,USD 187.00, Bank Transfer,add-on,Legacy Billing
Q3-TX-001932,971,09 Jul 2025,67.43, Credit Card, Add-on ,Legacy Billing
Q3-TX-001933,1090,"Aug 20, 2025",$219.19,Debit Card, Subscription,Legacy Billing
Q3-TX-001934,541,"Sep 04, 2025",286.99 USD, Credit Card, Subscription ,Legacy Billing
Q3-TX-001935,180,18/08/2025,,PayPal,ADD-ON,Legacy Billing
Q3-TX-001936,414,"Jul 17, 2025",134.74 USD,bank transfer, Upgrade ,Legacy Billing
Q3-TX-001937,364,01-07-2025,-207.16 USD,PAYPAL,Refund,Legacy Billing
Q3-TX-001938,426,"Jul 16, 2025",USD 201.17,Bank Transfer ,Upgrade ,Legacy Billing
Q3-TX-001939,1186,16/08/2025,222.31, Credit Card ,Upgrade,Legacy Billing
Q3-TX-001940,1086,"Aug 21, 2025",$374,CREDIT CARD,Upgrade ,Legacy Billing
Q3-TX-001941,129,"Aug 11, 2025",35.59 USD, Credit Card ,add-on,Legacy Billing
Q3-TX-001942,1029,19 Jul 2025,-239.04, PayPal ,refund,Legacy Billing
Q3-TX-001943,183,30-07-2025,261.53 USD,BANK TRANSFER,ADD-ON,Legacy Billing
Q3-TX-001944,960,16/08/2025,, Credit Card ,Subscription,Legacy Billing
Q3-TX-001945,760,09/26/2025,318.63,Credit Card ,SUBSCRIPTION,Legacy Billing
Q3-TX-001946,984,"Aug 13, 2025",-263.83 USD, Debit Card ,REFUND,Legacy Billing
Q3-TX-001947,47,11 Sep 2025,-496.39,PayPal,Refund,Legacy Billing
Q3-TX-001948,1118,02-09-2025,108.87 USD, PayPal ,upgrade,Legacy Billing
Q3-TX-001949,118,02/09/2025,$83,CREDIT CARD,Add-on ,Legacy Billing
Q3-TX-001950,310,2025-07-17,$597.35, Credit Card ,ADD-ON,Legacy Billing
Q3-TX-001951,755,25 Aug 2025,-152.48 USD, Bank Transfer,REFUND,Legacy Billing
Q3-TX-001952,365,12 Jul 2025,USD 431.39,Credit Card ,ADD-ON,Legacy Billing
Q3-TX-001953,562,12 Sep 2025,219.85, Bank Transfer,Add-on,Legacy Billing
Q3-TX-001954,878,2025-09-09,229.35,PayPal , Subscription,Legacy Billing
Q3-TX-001955,768,09/03/2025,-146.60,Debit Card, Refund,Legacy Billing
Q3-TX-001956,1380,26/07/2025,$194.60,paypal,Add-on,Legacy Billing
Q3-TX-001957,418,"Jul 06, 2025",-88.61 USD, Debit Card , Refund ,Legacy Billing
Q3-TX-001958,696,2025-09-03,83.03, Debit Card , Subscription,Legacy Billing
Q3-TX-001959,916,2025-08-29,$108,BANK TRANSFER,Add-on,Legacy Billing
Q3-TX-001960,823,09/15/2025,269.17,BANK TRANSFER,upgrade,Legacy Billing
Q3-TX-001961,909,27 Jul 2025,285.46 USD,Debit Card , Subscription,Legacy Billing
Q3-TX-001962,1496,2025-09-30,275.92, Bank Transfer,Upgrade,Legacy Billing
Q3-TX-001963,226,2025-08-17,413.50 USD, Credit Card, Upgrade ,Legacy Billing
Q3-TX-001964,950,"Sep 04, 2025",$337.72, Credit Card ,Add-on ,Legacy Billing
Q3-TX-001965,844,09-09-2025,-88.11 USD, Credit Card, Refund,Legacy Billing
Q3-TX-001966,599,"Sep 21, 2025",58.71, Debit Card,Subscription,Legacy Billing
Q3-TX-001967,237,"Aug 23, 2025",-355.80,Bank Transfer , Refund ,Legacy Billing
Q3-TX-001968,426,08/08/2025,USD 89.73,paypal, Add-on ,Legacy Billing
Q3-TX-001969,397,25-09-2025,USD 256.14,debit card,Subscription ,Legacy Billing
Q3-TX-001970,1052,13-07-2025,122.60,PAYPAL,Subscription ,Legacy Billing
Q3-TX-001971,1112,2025-09-19,134.68,PayPal, Add-on,Legacy Billing
Q3-TX-001972,1363,2025-08-20,USD 213.59, PayPal,Subscription ,Legacy Billing
Q3-TX-001973,109,2025-09-10,118.80,DEBIT CARD,Upgrade,Legacy Billing
Q3-TX-001974,1205,17 Jul 2025,165.46 USD,Credit Card ,Upgrade,Legacy Billing
Q3-TX-001975,918,02-08-2025,USD -221.68, Bank Transfer, Refund,Legacy Billing
Q3-TX-001976,493,"Aug 12, 2025",392.06 USD,credit card,add-on,Legacy Billing
Q3-TX-001977,1054,08/16/2025,USD 413.02, Debit Card ,Add-on ,Legacy Billing
Q3-TX-001978,385,2025-08-16,394.77 USD, Debit Card , Upgrade ,Legacy Billing
Q3-TX-001979,587,24 Jul 2025,USD 138.12,CREDIT CARD,Subscription ,Legacy Billing
Q3-TX-001980,129,21-09-2025,106.69 USD,Credit Card ,Upgrade ,Legacy Billing
Q3-TX-001981,980,18-09-2025,$144.11,CREDIT CARD,Subscription ,Legacy Billing
Q3-TX-001982,354,09/05/2025,$-123,PayPal,Refund ,Legacy Billing
Q3-TX-001983,1236,09/23/2025,$-417,debit card,refund,Legacy Billing
Q3-TX-001984,34,09/27/2025,$249,CREDIT CARD,ADD-ON,Legacy Billing
Q3-TX-001985,881,2025-08-20,$364,credit card,UPGRADE,Legacy Billing
Q3-TX-001986,667,08-09-2025,80.81 USD, Credit Card ,upgrade,Legacy Billing
Q3-TX-001987,900016,09/09/2025,USD -412.88,Debit Card,Refund ,Legacy Billing
Q3-TX-001988,1126,09/19/2025,$101.61, Bank Transfer ,subscription,Legacy Billing
Q3-TX-001989,1126,01 Aug 2025,203.57, Bank Transfer , Add-on,Legacy Billing
Q3-TX-001990,579,23 Aug 2025,, Credit Card , Upgrade,Legacy Billing
Q3-TX-001991,860,09/30/2025,$348,Credit Card ,upgrade,Legacy Billing
Q3-TX-001992,364,"Jul 04, 2025",$261.40, Credit Card,subscription,Legacy Billing
Q3-TX-001993,1075,25 Jul 2025,251.26 USD,PayPal , Upgrade,Legacy Billing
Q3-TX-001994,1409,2025-09-15,-102.02,Bank Transfer ,REFUND,Legacy Billing
Q3-TX-001995,755,07/01/2025,$-131,paypal,REFUND,Legacy Billing
Q3-TX-001996,1443,30/08/2025,$171,debit card, Add-on ,Legacy Billing
Q3-TX-001997,320,2025-09-08,$-309,credit card, Refund,Legacy Billing
Q3-TX-001998,233,08/04/2025,132.19, PayPal,subscription,Legacy Billing
Q3-TX-001999,656,24-09-2025,353.24,CREDIT CARD, Upgrade,Legacy Billing
Q3-TX-002000,544,"Aug 17, 2025",USD 294.25,Debit Card ,UPGRADE,Legacy Billing
Q3-TX-002001,1181,2025-09-20,-252.48 USD,CREDIT CARD, Refund,Legacy Billing
Q3-TX-002002,1061,08/14/2025,140.51,Debit Card ,Upgrade ,Legacy Billing
Q3-TX-002003,579,21 Aug 2025,-227.88, Debit Card,REFUND,Legacy Billing
Q3-TX-002004,1490,31 Jul 2025,USD 53.24,Bank Transfer,Add-on,Legacy Billing
Q3-TX-002005,1338,16 Sep 2025,-199.06 USD,PAYPAL,Refund ,Legacy Billing
Q3-TX-002006,735,08/09/2025,-26.49 USD,Debit Card, Refund,Legacy Billing
Q3-TX-002007,1071,25/07/2025,USD 225.24,PAYPAL,Upgrade ,Legacy Billing
Q3-TX-002008,598,23/09/2025,250.06,PAYPAL,add-on,Legacy Billing
Q3-TX-002009,1091,2025-07-16,193.75,Bank Transfer,add-on,Legacy Billing
Q3-TX-002010,866,25-09-2025,USD 99.63,Bank Transfer ,Subscription,Legacy Billing
Q3-TX-002011,1301,07/22/2025,-403.67,bank transfer,REFUND,Legacy Billing
Q3-TX-002012,1447,21/09/2025,USD 232.87,CREDIT CARD, Add-on ,Legacy Billing
Q3-TX-002013,1101,2025-09-07,$193,Bank Transfer, Subscription ,Legacy Billing
Q3-TX-002014,1223,12/08/2025,161.95, Debit Card ,Add-on ,Legacy Billing
Q3-TX-002015,720,2025-07-03,$61,Credit Card, Upgrade,Legacy Billing
Q3-TX-002016,1454,17/09/2025,$-131, Bank Transfer,Refund ,Legacy Billing
Q3-TX-002017,381,09/24/2025,$231, Debit Card, Upgrade,Legacy Billing
Q3-TX-002018,1451,"Sep 08, 2025",351.56,Credit Card,ADD-ON,Legacy Billing
Q3-TX-002019,1440,09/11/2025,USD 140.14,credit card, Subscription ,Legacy Billing
Q3-TX-002020,1219,06 Sep 2025,$416.43, Debit Card ,Upgrade,Legacy Billing
Q3-TX-002021,183,24-07-2025,USD 223.91,Credit Card, Subscription,Legacy Billing
Q3-TX-002022,351,27/07/2025,$590.69, Debit Card,Add-on ,Legacy Billing
Q3-TX-002023,1301,"Aug 02, 2025",$363,Credit Card , Add-on,Legacy Billing
Q3-TX-002024,1351,09/07/2025,USD -563.81,BANK TRANSFER,Refund,Legacy Billing
Q3-TX-002025,179,2025-08-16,247.36, Debit Card,Add-on,Legacy Billing
Q3-TX-002026,287,24/08/2025,$139, Credit Card,subscription,Legacy Billing
Q3-TX-002027,6,29-08-2025,-184.82,DEBIT CARD, Refund,Legacy Billing
Q3-TX-002028,926,08/31/2025,$-161.85,debit card,REFUND,Legacy Billing
Q3-TX-002029,307,09-08-2025,$214.61, Debit Card, Subscription ,Legacy Billing
Q3-TX-002030,223,"Sep 04, 2025",-166.85 USD,Credit Card, Refund ,Legacy Billing
Q3-TX-002031,492,2025-08-04,479.23 USD, Credit Card , Upgrade,Legacy Billing
Q3-TX-002032,1394,2025-08-24,445.73 USD,PayPal ,subscription,Legacy Billing
Q3-TX-002033,1286,"Sep 09, 2025",$120,PayPal ,ADD-ON,Legacy Billing
Q3-TX-002034,608,20 Jul 2025,282.27 USD, Bank Transfer, Upgrade ,Legacy Billing
Q3-TX-002035,1107,"Jul 17, 2025",-476.99,PAYPAL, Refund,Legacy Billing
Q3-TX-002036,698,12/07/2025,USD 119.23,credit card,add-on,Legacy Billing
Q3-TX-002037,997,09-08-2025,89.45, Debit Card,ADD-ON,Legacy Billing
Q3-TX-002038,1407,07/23/2025,$169.51,Debit Card , Add-on,Legacy Billing
Q3-TX-002039,160,"Jul 10, 2025",$-72.13,paypal, Refund,Legacy Billing
Q3-TX-002040,1087,29-07-2025,$474.13,Credit Card, Subscription ,Legacy Billing
Q3-TX-002041,1083,15/08/2025,$255.86,paypal,Add-on ,Legacy Billing
Q3-TX-002042,1144,"Aug 27, 2025",$-48.34, Bank Transfer ,Refund ,Legacy Billing
Q3-TX-002043,1163,11-09-2025,244.10 USD, PayPal , Subscription ,Legacy Billing
Q3-TX-002044,1161,05 Sep 2025,481.45,PayPal ,add-on,Legacy Billing
Q3-TX-002045,135,2025-08-14,203.78 USD,Bank Transfer, Upgrade,Legacy Billing
Q3-TX-002046,41,"Aug 25, 2025",$207,bank transfer,Subscription ,Legacy Billing
Q3-TX-002047,1064,26-07-2025,312.68 USD, Credit Card, Upgrade ,Legacy Billing
Q3-TX-002048,1422,01 Aug 2025,338.36 USD,bank transfer,add-on,Legacy Billing
Q3-TX-002049,383,2025-09-25,183.80,Debit Card , Subscription,Legacy Billing
Q3-TX-002050,610,15 Jul 2025,-434.16,Bank Transfer,Refund ,Legacy Billing
Q3-TX-002051,857,09/07/2025,111.97,Bank Transfer , Subscription,Legacy Billing
Q3-TX-002052,1084,2025-07-17,USD 157.74,Bank Transfer,subscription,Legacy Billing
Q3-TX-002053,522,2025-07-29,$149,Debit Card, Add-on,Legacy Billing
Q3-TX-002054,1097,29-09-2025,302.99 USD, Debit Card , Add-on,Legacy Billing
Q3-TX-002055,89,18/07/2025,515.20,paypal,add-on,Legacy Billing
Q3-TX-002056,1381,23/07/2025,USD 408.58, PayPal , Add-on ,Legacy Billing
Q3-TX-002057,729,2025-07-02,127.69 USD,credit card, Upgrade,Legacy Billing
Q3-TX-002058,364,08/06/2025,$769.20,PayPal,Add-on,Legacy Billing
Q3-TX-002059,1390,"Jul 31, 2025",$95.05, Bank Transfer ,ADD-ON,Legacy Billing
Q3-TX-002060,763,08/13/2025,-98.80,paypal,refund,Legacy Billing
Q3-TX-002061,952,2025-09-13,-102.08 USD,BANK TRANSFER, Refund,Legacy Billing
Q3-TX-002062,1384,07-07-2025,140.05 USD,PAYPAL,subscription,Legacy Billing
Q3-TX-002063,743,2025-07-12,USD -362.86,debit card, Refund,Legacy Billing
Q3-TX-002064,24,"Sep 20, 2025",-358.47 USD, Bank Transfer,Refund ,Legacy Billing
Q3-TX-002065,577,"Sep 25, 2025",USD 101.03,Bank Transfer , Add-on,Legacy Billing
Q3-TX-002066,922,2025-07-11,$-113.67,bank transfer,Refund,Legacy Billing
Q3-TX-002067,1333,11/08/2025,312.65 USD,bank transfer,UPGRADE,Legacy Billing
Q3-TX-002068,476,08/20/2025,126.50, Credit Card, Subscription ,Legacy Billing
Q3-TX-002069,844,20/09/2025,$105, Credit Card ,Subscription,Legacy Billing
Q3-TX-002070,250,"Sep 06, 2025",USD 455.92, Debit Card ,ADD-ON,Legacy Billing
Q3-TX-002071,394,09/24/2025,$-10.12, PayPal,refund,Legacy Billing
Q3-TX-002072,820,12 Jul 2025,USD -302.62, Credit Card, Refund,Legacy Billing
Q3-TX-002073,122,2025-09-06,301.74,credit card, Add-on ,Legacy Billing
Q3-TX-002074,363,"Aug 04, 2025",$291,Debit Card ,ADD-ON,Legacy Billing
Q3-TX-002075,691,08/09/2025,$157.29, PayPal ,Upgrade,Legacy Billing
Q3-TX-002076,785,"Aug 08, 2025",USD -137.23,PayPal,refund,Legacy Billing
Q3-TX-002077,1324,"Aug 02, 2025",-443.50,BANK TRANSFER, Refund,Legacy Billing
Q3-TX-002078,742,"Aug 07, 2025",512.45, PayPal ,SUBSCRIPTION,Legacy Billing
Q3-TX-002079,390,2025-09-27,USD 150.07, Bank Transfer ,Subscription,Legacy Billing
Q3-TX-002080,510,07/04/2025,$121.48, Bank Transfer ,Upgrade,Legacy Billing
Q3-TX-002081,63,07/10/2025,$11.54, Bank Transfer, Upgrade ,Legacy Billing
Q3-TX-002082,922,28 Aug 2025,416.64,PayPal ,upgrade,Legacy Billing
Q3-TX-002083,1292,2025-07-11,$290.22, Credit Card,Subscription ,Legacy Billing
Q3-TX-002084,1055,2025-07-25,$-336,Credit Card,refund,Legacy Billing
Q3-TX-002085,795,"Jul 09, 2025",305.89,debit card,ADD-ON,Legacy Billing
Q3-TX-002086,1248,07/05/2025,185.45,DEBIT CARD,Upgrade ,Legacy Billing
Q3-TX-002087,1468,18/07/2025,$266.78,CREDIT CARD,add-on,Legacy Billing
Q3-TX-002088,1174,11 Jul 2025,274.41,debit card, Subscription,Legacy Billing
Q3-TX-002089,853,08/19/2025,USD 479.44,Credit Card , Upgrade,Legacy Billing
Q3-TX-002090,129,14 Jul 2025,,PayPal ,refund,Legacy Billing
Q3-TX-002091,1170,01-09-2025,$79, Credit Card ,Subscription,Legacy Billing
Q3-TX-002092,1337,15/08/2025,34.61, Bank Transfer ,upgrade,Legacy Billing
Q3-TX-002093,562,15 Sep 2025,-53.45,PAYPAL,Refund ,Legacy Billing
Q3-TX-002094,261,16/09/2025,$166,credit card, Add-on,Legacy Billing
Q3-TX-002095,515,02 Sep 2025,501.92, Debit Card , Subscription ,Legacy Billing
Q3-TX-002096,955,"Sep 26, 2025",$291.18,Bank Transfer ,Add-on ,Legacy Billing
Q3-TX-002097,470,28-07-2025,$-351.18,debit card, Refund ,Legacy Billing
Q3-TX-002098,985,25-09-2025,193.24 USD,paypal,Upgrade ,Legacy Billing
Q3-TX-002099,899,08/07/2025,-61.15, Credit Card ,Refund ,Legacy Billing
Q3-TX-002100,758,15 Sep 2025,494.77 USD, Credit Card,Subscription ,Legacy Billing
Q3-TX-002101,256,07/13/2025,530.98 USD, PayPal ,Subscription,Legacy Billing
Q3-TX-002102,866,25 Jul 2025,$162, PayPal , Add-on ,Legacy Billing
Q3-TX-002103,618,15 Jul 2025,92.04,PAYPAL, Add-on ,Legacy Billing
Q3-TX-002104,878,09/11/2025,$183.20, PayPal, Upgrade,Legacy Billing
Q3-TX-002105,1115,20 Sep 2025,422.12, Debit Card,upgrade,Legacy Billing
Q3-TX-002106,457,"Sep 14, 2025",$257,PayPal,Add-on ,Legacy Billing
Q3-TX-002107,1435,08/21/2025,197.22 USD, Bank Transfer,upgrade,Legacy Billing
Q3-TX-002108,422,03-07-2025,USD 395.88,Bank Transfer,UPGRADE,Legacy Billing
Q3-TX-002109,85,14-07-2025,$239.74,PAYPAL, Subscription ,Legacy Billing
Q3-TX-002110,1345,2025-07-19,$127.53,Bank Transfer,SUBSCRIPTION,Legacy Billing
Q3-TX-002111,1424,28-09-2025,$261, Debit Card , Add-on,Legacy Billing
Q3-TX-002112,110,15/08/2025,-39.16,bank transfer,refund,Legacy Billing
Q3-TX-002113,317,"Aug 14, 2025",692.39,CREDIT CARD, Subscription ,Legacy Billing
Q3-TX-002114,12,24/08/2025,USD 347.37,PayPal,Add-on ,Legacy Billing
Q3-TX-002115,612,26 Aug 2025,USD -45.93,PayPal,refund,Legacy Billing
Q3-TX-002116,135,2025-07-01,-162.01,bank transfer, Refund ,Legacy Billing
Q3-TX-002117,701,19/08/2025,$287.38,Credit Card ,UPGRADE,Legacy Billing
Q3-TX-002118,1415,19/08/2025,295.16,PayPal ,Add-on ,Legacy Billing
Q3-TX-002119,872,09/02/2025,USD 339.85,PAYPAL, Add-on,Legacy Billing
Q3-TX-002120,430,"Aug 18, 2025",188.88, Bank Transfer ,UPGRADE,Legacy Billing
Q3-TX-002121,1166,"Jul 18, 2025",USD 640.41, Debit Card,Upgrade ,Legacy Billing
Q3-TX-002122,267,08/02/2025,688.33 USD,PayPal,Upgrade ,Legacy Billing
Q3-TX-002123,277,08/06/2025,417.08 USD, PayPal,Add-on,Legacy Billing
Q3-TX-002124,1149,09/18/2025,259.32,Bank Transfer,Subscription,Legacy Billing
Q3-TX-002125,288,19-07-2025,-91.23 USD, Bank Transfer ,Refund ,Legacy Billing
Q3-TX-002126,1200,07-09-2025,246.03,PayPal ,UPGRADE,Legacy Billing
Q3-TX-002127,323,2025-07-24,763.12,DEBIT CARD, Upgrade,Legacy Billing
Q3-TX-002128,706,07/22/2025,$272,debit card, Upgrade,Legacy Billing
Q3-TX-002129,989,"Jul 04, 2025",-248.39, Debit Card ,refund,Legacy Billing
Q3-TX-002130,806,08/11/2025,217.43, Debit Card, Add-on,Legacy Billing
Q3-TX-002131,692,07/02/2025,$-137.16,PayPal , Refund,Legacy Billing
Q3-TX-002132,371,09/21/2025,$127.98, PayPal ,ADD-ON,Legacy Billing
Q3-TX-002133,640,07/01/2025,379.14,PAYPAL, Subscription,Legacy Billing
Q3-TX-002134,766,"Aug 20, 2025",334.96,CREDIT CARD,Add-on,Legacy Billing
Q3-TX-002135,1197,15 Sep 2025,$76,BANK TRANSFER,add-on,Legacy Billing
Q3-TX-002136,340,09-07-2025,549.46, Debit Card ,UPGRADE,Legacy Billing
Q3-TX-002137,983,04/08/2025,$-346,Bank Transfer,REFUND,Legacy Billing
Q3-TX-002138,674,10-08-2025,$-743,Credit Card,Refund ,Legacy Billing
Q3-TX-002139,954,"Jul 14, 2025",$137.74,Bank Transfer, Add-on ,Legacy Billing
Q3-TX-002140,1069,07/21/2025,$-397, Debit Card ,refund,Legacy Billing
Q3-TX-002141,1492,08/24/2025,-106.55,BANK TRANSFER, Refund ,Legacy Billing
Q3-TX-002142,714,18 Sep 2025,USD -39.27,PayPal ,Refund ,Legacy Billing
Q3-TX-002143,1027,"Sep 29, 2025",$400,bank transfer, Subscription,Legacy Billing
Q3-TX-002144,46,28 Jul 2025,$104.18,PAYPAL, Subscription ,Legacy Billing
Q3-TX-002145,1020,12/09/2025,-302.73,PayPal ,refund,Legacy Billing
Q3-TX-002146,166,2025-09-17,USD 272.62, PayPal,Subscription,Legacy Billing
Q3-TX-002147,513,08-08-2025,177.15,CREDIT CARD,SUBSCRIPTION,Legacy Billing
Q3-TX-002148,1230,"Sep 27, 2025",-105.86 USD, Credit Card, Refund ,Legacy Billing
Q3-TX-002149,213,01-07-2025,$-379,Bank Transfer,REFUND,Legacy Billing
Q3-TX-002150,81,13 Jul 2025,USD 217.81,Debit Card, Add-on ,Legacy Billing
Q3-TX-002151,515,27/08/2025,, Bank Transfer ,SUBSCRIPTION,Legacy Billing
Q3-TX-002152,302,28-09-2025,-244.59 USD, Debit Card ,refund,Legacy Billing
Q3-TX-002153,540,14 Aug 2025,61.44,PayPal ,Upgrade,Legacy Billing
Q3-TX-002154,441,20 Aug 2025,$-171,BANK TRANSFER,Refund,Legacy Billing
Q3-TX-002155,1414,2025-09-26,USD 238.56,Bank Transfer ,add-on,Legacy Billing
Q3-TX-002156,1290,27-09-2025,6.97 USD,DEBIT CARD,SUBSCRIPTION,Legacy Billing
Q3-TX-002157,875,2025-07-17,USD 134.34, PayPal,Add-on ,Legacy Billing
Q3-TX-002158,986,2025-08-09,-188.16,bank transfer,Refund ,Legacy Billing
Q3-TX-002159,1245,2025-07-01,354.83 USD,paypal,add-on,Legacy Billing
Q3-TX-002160,844,04/09/2025,USD 437.11,Credit Card ,Subscription ,Legacy Billing
Q3-TX-002161,918,22-09-2025,284.44 USD,DEBIT CARD,add-on,Legacy Billing
Q3-TX-002162,1011,14/07/2025,$487.34,PAYPAL, Add-on,Legacy Billing
Q3-TX-002163,1262,28/07/2025,USD 336.44, Debit Card ,Subscription,Legacy Billing
Q3-TX-002164,387,"Sep 08, 2025",55.12,Debit Card,UPGRADE,Legacy Billing
Q3-TX-002165,1169,16-09-2025,$377.70, PayPal ,upgrade,Legacy Billing
Q3-TX-002166,993,07/26/2025,75.27, Bank Transfer , Upgrade,Legacy Billing
Q3-TX-002167,1340,07/05/2025,$420.86, PayPal ,Subscription,Legacy Billing
Q3-TX-002168,885,09-08-2025,396.99,Bank Transfer, Add-on ,Legacy Billing
Q3-TX-002169,268,02/07/2025,$263, Debit Card ,UPGRADE,Legacy Billing
Q3-TX-002170,1303,12-07-2025,218.04 USD,BANK TRANSFER,Subscription ,Legacy Billing
Q3-TX-002171,315,22 Sep 2025,206.71 USD,Debit Card, Subscription,Legacy Billing
Q3-TX-002172,36,08/29/2025,$352,Credit Card,Upgrade,Legacy Billing
Q3-TX-002173,269,09/30/2025,150.11, Debit Card, Add-on ,Legacy Billing
Q3-TX-002174,11,2025-09-15,-159.46 USD,Debit Card,REFUND,Legacy Billing
Q3-TX-002175,30,22 Sep 2025,$220, Credit Card , Upgrade,Legacy Billing
Q3-TX-002176,1207,09/11/2025,117.27, Credit Card,Upgrade ,Legacy Billing
Q3-TX-002177,1293,07/02/2025,206.98, Bank Transfer, Upgrade ,Legacy Billing
Q3-TX-002178,609,2025-09-17,$457.59, PayPal, Upgrade ,Legacy Billing
Q3-TX-002179,474,27-08-2025,USD 90.48,Bank Transfer,add-on,Legacy Billing
Q3-TX-002180,582,01 Jul 2025,USD 26.20,PayPal,Subscription,Legacy Billing
Q3-TX-002181,1434,"Sep 20, 2025",115.21,Credit Card, Upgrade,Legacy Billing
Q3-TX-002182,641,18-08-2025,$344.78,PayPal , Upgrade,Legacy Billing
Q3-TX-002183,1282,"Jul 16, 2025",-257.84 USD, Credit Card , Refund,Legacy Billing
Q3-TX-002184,1304,15-09-2025,$-73,Debit Card,Refund ,Legacy Billing
Q3-TX-002185,1326,2025-07-02,$-299.00,CREDIT CARD, Refund,Legacy Billing
Q3-TX-002186,954,25-09-2025,-264.01, Credit Card,Refund,Legacy Billing
Q3-TX-002187,585,08/24/2025,444.96,PayPal ,Subscription,Legacy Billing
Q3-TX-002188,401,"Aug 18, 2025",$338.75,DEBIT CARD,Add-on,Legacy Billing
Q3-TX-002189,260,08-07-2025,,PayPal ,ADD-ON,Legacy Billing
Q3-TX-002190,1479,22/09/2025,$105.09,Debit Card ,Add-on ,Legacy Billing
Q3-TX-002191,1043,15/08/2025,USD 75.60,PayPal, Subscription ,Legacy Billing
Q3-TX-002192,1492,07/10/2025,$-141.58,debit card, Refund ,Legacy Billing
Q3-TX-002193,1056,07 Jul 2025,-145.52 USD,PayPal , Refund,Legacy Billing
Q3-TX-002194,1162,08/31/2025,186.90 USD,Bank Transfer,UPGRADE,Legacy Billing
Q3-TX-002195,1029,11 Sep 2025,-88.14, PayPal , Refund ,Legacy Billing
Q3-TX-002196,1,"Sep 17, 2025",$125.26,DEBIT CARD,add-on,Legacy Billing
Q3-TX-002197,472,26 Aug 2025,623.52,Debit Card, Add-on,Legacy Billing
Q3-TX-002198,1094,11 Aug 2025,USD 253.21,PayPal,SUBSCRIPTION,Legacy Billing
Q3-TX-002199,298,03 Sep 2025,-227.99,PayPal,REFUND,Legacy Billing
Q3-TX-002200,953,10-08-2025,-296.54, PayPal ,REFUND,Legacy Billing
Q3-TX-002201,16,12/09/2025,83.69 USD,debit card,subscription,Legacy Billing
Q3-TX-002202,104,"Jul 19, 2025",USD 63.51,debit card,ADD-ON,Legacy Billing
Q3-TX-002203,335,19-08-2025,$-224, PayPal,Refund,Legacy Billing
Q3-TX-002204,811,"Aug 27, 2025",55.52 USD, Credit Card , Subscription,Legacy Billing
Q3-TX-002205,240,09/08/2025,$103,Debit Card , Add-on,Legacy Billing
Q3-TX-002206,416,19 Jul 2025,-33.71 USD,DEBIT CARD, Refund,Legacy Billing
Q3-TX-002207,784,23-09-2025,390.49, PayPal , Add-on ,Legacy Billing
Q3-TX-002208,375,14 Sep 2025,$263, Credit Card,UPGRADE,Legacy Billing
Q3-TX-002209,1482,06-09-2025,$-140.50,Credit Card ,refund,Legacy Billing
Q3-TX-002210,348,08/17/2025,$-718,PayPal,Refund ,Legacy Billing
Q3-TX-002211,896,03 Aug 2025,$416,CREDIT CARD,upgrade,Legacy Billing
Q3-TX-002212,396,2025-07-30,$241.91, Bank Transfer, Subscription ,Legacy Billing
Q3-TX-002213,852,09/22/2025,-474.88,Credit Card ,Refund ,Legacy Billing
Q3-TX-002214,351,30/07/2025,$-197.45,Credit Card, Refund ,Legacy Billing
Q3-TX-002215,844,07/01/2025,$255.21, Credit Card ,Subscription ,Legacy Billing
Q3-TX-002216,80,"Jul 24, 2025",$233.59,Debit Card ,Add-on ,Legacy Billing
Q3-TX-002217,22,17-07-2025,USD -176.39,Bank Transfer, Refund,Legacy Billing
Q3-TX-002218,418,"Aug 05, 2025",184.16,Bank Transfer , Upgrade ,Legacy Billing
Q3-TX-002219,1486,02 Aug 2025,709.96,Credit Card ,Subscription,Legacy Billing
Q3-TX-002220,1158,21-08-2025,USD 305.94,BANK TRANSFER,SUBSCRIPTION,Legacy Billing
Q3-TX-002221,994,"Aug 31, 2025",-497.19 USD, Debit Card,refund,Legacy Billing
Q3-TX-002222,847,21 Sep 2025,$94, PayPal, Add-on,Legacy Billing
Q3-TX-002223,347,2025-07-16,-164.17,DEBIT CARD,Refund ,Legacy Billing
Q3-TX-002224,1268,2025-08-06,-91.21 USD,DEBIT CARD,Refund,Legacy Billing
Q3-TX-002225,900010,2025-08-20,USD 413.94,DEBIT CARD, Upgrade,Legacy Billing
Q3-TX-002226,1073,22 Sep 2025,442.21, Bank Transfer,Upgrade ,Legacy Billing
Q3-TX-002227,99,20 Jul 2025,$296, Debit Card, Upgrade ,Legacy Billing
Q3-TX-002228,1102,08-08-2025,876.20, Credit Card ,subscription,Legacy Billing
Q3-TX-002229,767,2025-08-12,434.61 USD, PayPal,upgrade,Legacy Billing
Q3-TX-002230,1154,07/19/2025,235.27 USD, PayPal,subscription,Legacy Billing
Q3-TX-002231,1174,19-08-2025,225.81, PayPal,UPGRADE,Legacy Billing
Q3-TX-002232,1318,08/08/2025,304.03,paypal,Upgrade,Legacy Billing
Q3-TX-002233,339,13/08/2025,450.44 USD,Bank Transfer ,Add-on,Legacy Billing
Q3-TX-002234,1359,2025-08-24,USD 321.63,BANK TRANSFER,add-on,Legacy Billing
Q3-TX-002235,165,15-09-2025,158.37,bank transfer,UPGRADE,Legacy Billing
Q3-TX-002236,1084,09 Sep 2025,USD 157.40, Bank Transfer, Add-on ,Legacy Billing
Q3-TX-002237,237,03/08/2025,$274,PayPal , Upgrade ,Legacy Billing
Q3-TX-002238,1042,04/08/2025,$-143.20, Credit Card,refund,Legacy Billing
Q3-TX-002239,624,"Jul 25, 2025",USD 529.56, PayPal,Upgrade,Legacy Billing
Q3-TX-002240,515,11 Sep 2025,$276.93,Debit Card, Add-on ,Legacy Billing
Q3-TX-002241,371,06/09/2025,76.77,Debit Card, Subscription ,Legacy Billing
Q3-TX-002242,475,2025-07-09,USD -214.22,DEBIT CARD,Refund,Legacy Billing
Q3-TX-002243,280,27/09/2025,$235.63,credit card,Add-on,Legacy Billing
Q3-TX-002244,82,01/09/2025,441.47 USD,PayPal ,upgrade,Legacy Billing
Q3-TX-002245,621,22 Aug 2025,USD 218.54, Credit Card,Subscription ,Legacy Billing
Q3-TX-002246,848,28 Sep 2025,USD 782.63,Bank Transfer ,Upgrade,Legacy Billing
Q3-TX-002247,1051,05/08/2025,,paypal,UPGRADE,Legacy Billing
Q3-TX-002248,1047,07/22/2025,$75,Credit Card,Upgrade ,Legacy Billing
Q3-TX-002249,91,08 Sep 2025,180.05, Bank Transfer,subscription,Legacy Billing
Q3-TX-002250,1370,27/07/2025,-151.20,Debit Card,Refund ,Legacy Billing
Q3-TX-002251,45,10/08/2025,$-236,debit card,refund,Legacy Billing
Q3-TX-002252,260,"Sep 28, 2025",$-647, Bank Transfer ,REFUND,Legacy Billing
Q3-TX-002253,729,21-07-2025,-124.07 USD,PAYPAL,refund,Legacy Billing
Q3-TX-002254,374,"Jul 16, 2025",$50.03, Bank Transfer ,SUBSCRIPTION,Legacy Billing
Q3-TX-002255,913,08/31/2025,,Credit Card, Subscription,Legacy Billing
Q3-TX-002256,1206,"Sep 14, 2025",143.18,credit card,Subscription,Legacy Billing
Q3-TX-002257,1315,08/11/2025,$297,Bank Transfer , Subscription,Legacy Billing
Q3-TX-002258,132,"Jul 14, 2025",-33.30 USD, Debit Card ,Refund ,Legacy Billing
Q3-TX-002259,448,"Jul 21, 2025",471.65, Debit Card ,subscription,Legacy Billing
Q3-TX-002260,488,09 Aug 2025,USD 273.03, Credit Card,add-on,Legacy Billing
Q3-TX-002261,1274,2025-07-24,275.35 USD,BANK TRANSFER,Subscription ,Legacy Billing
Q3-TX-002262,1448,07/09/2025,$227,DEBIT CARD,UPGRADE,Legacy Billing
Q3-TX-002263,484,08/12/2025,$65.24,Debit Card , Add-on ,Legacy Billing
Q3-TX-002264,1462,19 Jul 2025,-233.90, Debit Card ,Refund ,Legacy Billing
Q3-TX-002265,186,22-07-2025,$155, Bank Transfer ,Add-on ,Legacy Billing
Q3-TX-002266,1376,08/24/2025,USD 46.23,Bank Transfer ,Upgrade,Legacy Billing
Q3-TX-002267,218,09/26/2025,$136,Debit Card,Upgrade ,Legacy Billing
Q3-TX-002268,505,"Jul 16, 2025",$397,paypal,add-on,Legacy Billing
Q3-TX-002269,1438,"Sep 08, 2025",$367, PayPal,Upgrade,Legacy Billing
Q3-TX-002270,92,2025-09-28,346.80 USD,BANK TRANSFER,subscription,Legacy Billing
Q3-TX-002271,1239,08/26/2025,309.72, Credit Card,Subscription,Legacy Billing
Q3-TX-002272,372,07/02/2025,$308.72, Credit Card,Subscription,Legacy Billing
Q3-TX-002273,483,25/08/2025,$412,credit card, Subscription ,Legacy Billing
Q3-TX-002274,934,28 Jul 2025,USD 167.73, Credit Card ,Subscription,Legacy Billing
Q3-TX-002275,1354,29-09-2025,338.14, Credit Card, Upgrade ,Legacy Billing
Q3-TX-002276,1064,09/29/2025,365.38 USD, Bank Transfer, Add-on ,Legacy Billing
Q3-TX-002277,628,"Jul 03, 2025",$603.90,Bank Transfer, Add-on ,Legacy Billing
Q3-TX-002278,1298,10 Jul 2025,532.96,Bank Transfer , Subscription,Legacy Billing
Q3-TX-002279,198,12 Aug 2025,445.93,Debit Card, Upgrade ,Legacy Billing
Q3-TX-002280,1323,05 Sep 2025,$-537.24, PayPal,refund,Legacy Billing
Q3-TX-002281,970,2025-09-19,-287.77,Credit Card,Refund,Legacy Billing
Q3-TX-002282,853,08/24/2025,USD 523.48,credit card,UPGRADE,Legacy Billing
Q3-TX-002283,1364,25 Aug 2025,-194.19 USD, Bank Transfer ,REFUND,Legacy Billing
Q3-TX-002284,1468,29/07/2025,74.68,Credit Card, Subscription ,Legacy Billing
Q3-TX-002285,1102,2025-07-04,404.63,Bank Transfer , Add-on,Legacy Billing
Q3-TX-002286,1357,22/08/2025,USD -212.08,bank transfer,Refund ,Legacy Billing
Q3-TX-002287,684,28-08-2025,$-150,PAYPAL,REFUND,Legacy Billing
Q3-TX-002288,454,07/09/2025,$389,DEBIT CARD,add-on,Legacy Billing
Q3-TX-002289,939,15 Jul 2025,5.66 USD,Credit Card ,Add-on,Legacy Billing
Q3-TX-002290,681,24/07/2025,251.53,debit card,SUBSCRIPTION,Legacy Billing
Q3-TX-002291,210,15/07/2025,$129.33,PayPal , Upgrade,Legacy Billing
Q3-TX-002292,485,13/08/2025,USD 136.10, Bank Transfer , Subscription ,Legacy Billing
Q3-TX-002293,868,24/08/2025,195.06,PayPal , Upgrade ,Legacy Billing
Q3-TX-002294,770,2025-09-12,-310.36,paypal,REFUND,Legacy Billing
Q3-TX-002295,1067,24 Jul 2025,164.67,Credit Card,Add-on ,Legacy Billing
Q3-TX-002296,61,01 Aug 2025,$182,bank transfer,Add-on,Legacy Billing
Q3-TX-002297,1227,23-08-2025,USD 404.55, Credit Card , Subscription ,Legacy Billing
Q3-TX-002298,1316,23 Jul 2025,$298.70,CREDIT CARD,Upgrade ,Legacy Billing
Q3-TX-002299,93,09/01/2025,$84.76,credit card,Subscription ,Legacy Billing
Q3-TX-002300,739,27-07-2025,-136.36,Bank Transfer, Refund,Legacy Billing
Q3-TX-002301,552,09/06/2025,$147.02,Debit Card, Subscription ,Legacy Billing
Q3-TX-002302,925,17-08-2025,192.12,PayPal ,Add-on,Legacy Billing
Q3-TX-002303,1012,2025-07-10,USD 263.56,bank transfer,Add-on,Legacy Billing
Q3-TX-002304,84,14/09/2025,$281, Credit Card,Subscription ,Legacy Billing
Q3-TX-002305,373,08/29/2025,225.43, PayPal, Add-on,Legacy Billing
Q3-TX-002306,1337,08/14/2025,-386.30,bank transfer, Refund ,Legacy Billing
Q3-TX-002307,11,2025-07-11,172.69,Bank Transfer , Add-on,Legacy Billing
Q3-TX-002308,681,24 Jul 2025,$199.11, Bank Transfer , Subscription ,Legacy Billing
Q3-TX-002309,60,08/25/2025,147.44 USD, PayPal, Subscription ,Legacy Billing
Q3-TX-002310,628,"Aug 25, 2025",382.00,paypal, Add-on,Legacy Billing
Q3-TX-002311,762,2025-09-13,$102.83, Credit Card, Upgrade ,Legacy Billing
Q3-TX-002312,970,29/07/2025,$178.39,bank transfer,upgrade,Legacy Billing
Q3-TX-002313,64,09/09/2025,461.83, PayPal,Subscription,Legacy Billing
Q3-TX-002314,1459,2025-09-03,208.55, PayPal , Upgrade ,Legacy Billing
Q3-TX-002315,481,05 Jul 2025,USD 29.05, Debit Card , Add-on,Legacy Billing
Q3-TX-002316,1334,24-08-2025,USD 93.90, PayPal,Upgrade,Legacy Billing
Q3-TX-002317,913,25/07/2025,$341,bank transfer,SUBSCRIPTION,Legacy Billing
Q3-TX-002318,251,27 Jul 2025,329.09,PAYPAL,Upgrade,Legacy Billing
Q3-TX-002319,237,06-09-2025,-644.81 USD, Bank Transfer,Refund,Legacy Billing
Q3-TX-002320,783,30/07/2025,$72,Bank Transfer ,subscription,Legacy Billing
Q3-TX-002321,1339,2025-09-07,458.56,PayPal , Subscription ,Legacy Billing
Q3-TX-002322,1363,07 Jul 2025,$525,debit card,Add-on ,Legacy Billing
Q3-TX-002323,1400,07/23/2025,$-159,Debit Card ,REFUND,Legacy Billing
Q3-TX-002324,1219,2025-09-28,$156.03, Credit Card, Add-on ,Legacy Billing
Q3-TX-002325,46,19 Sep 2025,$251.97, PayPal,Upgrade,Legacy Billing
Q3-TX-002326,1312,31/08/2025,390.81,DEBIT CARD,Add-on ,Legacy Billing
Q3-TX-002327,198,18-09-2025,$-75,Credit Card,REFUND,Legacy Billing
Q3-TX-002328,1066,09/30/2025,317.94,PAYPAL, Upgrade ,Legacy Billing
Q3-TX-002329,197,16-09-2025,70.91,credit card,Upgrade ,Legacy Billing
Q3-TX-002330,301,08/09/2025,361.28, Debit Card ,ADD-ON,Legacy Billing
Q3-TX-002331,1188,"Aug 17, 2025",194.73 USD,DEBIT CARD,ADD-ON,Legacy Billing
Q3-TX-002332,845,28-08-2025,,DEBIT CARD,Refund,Legacy Billing
Q3-TX-002333,97,04-08-2025,$187,debit card,Upgrade ,Legacy Billing
Q3-TX-002334,1072,14-09-2025,54.77, Debit Card,Subscription,Legacy Billing
Q3-TX-002335,679,07/10/2025,$132, Bank Transfer,Subscription,Legacy Billing
Q3-TX-002336,759,07/20/2025,$270, PayPal ,Subscription ,Legacy Billing
Q3-TX-002337,1201,07/26/2025,USD -595.51,Bank Transfer ,REFUND,Legacy Billing
Q3-TX-002338,1388,2025-07-19,$178,CREDIT CARD,SUBSCRIPTION,Legacy Billing
Q3-TX-002339,855,29/07/2025,281.98 USD,PAYPAL, Subscription,Legacy Billing
Q3-TX-002340,316,"Sep 01, 2025",USD 290.99, Credit Card , Subscription,Legacy Billing
Q3-TX-002341,538,07/17/2025,$120,debit card, Upgrade ,Legacy Billing
Q3-TX-002342,1109,09/09/2025,-260.40 USD, Credit Card,Refund,Legacy Billing
Q3-TX-002343,721,2025-08-09,22.83 USD,Debit Card,add-on,Legacy Billing
Q3-TX-002344,297,09-07-2025,33.18,CREDIT CARD,Add-on,Legacy Billing
Q3-TX-002345,748,2025-07-05,$131.23, Bank Transfer, Subscription ,Legacy Billing
Q3-TX-002346,626,07/15/2025,$81, Credit Card,Upgrade,Legacy Billing
Q3-TX-002347,459,24 Aug 2025,-306.71 USD, Credit Card, Refund,Legacy Billing
Q3-TX-002348,261,06/09/2025,USD 337.54, PayPal , Upgrade,Legacy Billing
Q3-TX-002349,1123,2025-09-21,$44.93,CREDIT CARD, Upgrade,Legacy Billing
Q3-TX-002350,228,"Aug 28, 2025",USD -158.25, Bank Transfer , Refund,Legacy Billing
Q3-TX-002351,900003,05/08/2025,85.33,DEBIT CARD,SUBSCRIPTION,Legacy Billing
Q3-TX-002352,346,"Sep 16, 2025",$522, Bank Transfer,Add-on ,Legacy Billing
Q3-TX-002353,148,12 Jul 2025,$142,DEBIT CARD, Subscription ,Legacy Billing
Q3-TX-002354,379,29-09-2025,-129.29,Credit Card,REFUND,Legacy Billing
Q3-TX-002355,1369,20/07/2025,$110, Credit Card , Subscription ,Legacy Billing
Q3-TX-002356,815,23/08/2025,147.72 USD,Bank Transfer,Subscription,Legacy Billing
Q3-TX-002357,198,"Aug 27, 2025",603.36 USD,Debit Card ,UPGRADE,Legacy Billing
Q3-TX-002358,1271,2025-09-06,$-86, Debit Card,refund,Legacy Billing
Q3-TX-002359,913,09/20/2025,$-83,Debit Card ,refund,Legacy Billing
Q3-TX-002360,647,29 Aug 2025,$44.21,paypal,Subscription ,Legacy Billing
Q3-TX-002361,1489,20/08/2025,USD 575.66,Bank Transfer , Upgrade ,Legacy Billing
Q3-TX-002362,919,2025-08-24,118.25 USD, Bank Transfer , Subscription,Legacy Billing
Q3-TX-002363,91,29/08/2025,USD 146.63,Debit Card,Add-on ,Legacy Billing
Q3-TX-002364,1308,24/07/2025,-258.40 USD, Credit Card ,Refund,Legacy Billing
Q3-TX-002365,726,"Aug 11, 2025",$30,bank transfer, Add-on ,Legacy Billing
Q3-TX-002366,1132,09/08/2025,$204, Credit Card ,SUBSCRIPTION,Legacy Billing
Q3-TX-002367,430,18-09-2025,176.80,CREDIT CARD,Upgrade,Legacy Billing
Q3-TX-002368,297,2025-07-14,,Debit Card ,SUBSCRIPTION,Legacy Billing
Q3-TX-002369,65,07/10/2025,$185,bank transfer,SUBSCRIPTION,Legacy Billing
Q3-TX-002370,251,07/08/2025,300.20 USD, Bank Transfer, Add-on ,Legacy Billing
Q3-TX-002371,621,25 Aug 2025,$381.27, Credit Card ,Add-on ,Legacy Billing
Q3-TX-002372,782,30-08-2025,-113.99 USD,debit card, Refund,Legacy Billing
Q3-TX-002373,422,"Sep 17, 2025",465.63 USD,Bank Transfer ,UPGRADE,Legacy Billing
Q3-TX-002374,921,01-08-2025,-258.29,Debit Card,refund,Legacy Billing
Q3-TX-002375,1152,12-07-2025,$41.77,Credit Card ,SUBSCRIPTION,Legacy Billing
Q3-TX-002376,1042,2025-09-03,-567.41,Bank Transfer , Refund,Legacy Billing
Q3-TX-002377,613,"Jul 17, 2025",-189.68 USD,Credit Card,Refund,Legacy Billing
Q3-TX-002378,1074,19 Jul 2025,$363.30,PayPal,UPGRADE,Legacy Billing
Q3-TX-002379,1007,10-08-2025,USD -296.89,paypal,refund,Legacy Billing
Q3-TX-002380,785,14-07-2025,$78,Bank Transfer,SUBSCRIPTION,Legacy Billing
Q3-TX-002381,991,"Sep 02, 2025",123.15 USD,BANK TRANSFER, Upgrade ,Legacy Billing
Q3-TX-002382,634,01/08/2025,183.96,Bank Transfer,Upgrade,Legacy Billing
Q3-TX-002383,823,04 Jul 2025,USD 362.53,credit card,Add-on ,Legacy Billing
Q3-TX-002384,913,"Jul 03, 2025",USD 232.71,PayPal ,SUBSCRIPTION,Legacy Billing
Q3-TX-002385,1394,26 Sep 2025,-184.98,PayPal, Refund ,Legacy Billing
Q3-TX-002386,945,"Jul 27, 2025",$-231,Debit Card,Refund,Legacy Billing
Q3-TX-002387,670,2025-07-25,13.38,PayPal ,ADD-ON,Legacy Billing
Q3-TX-002388,701,07/07/2025,175.42 USD, Debit Card ,Add-on ,Legacy Billing
Q3-TX-002389,441,14 Sep 2025,181.36,Credit Card , Upgrade ,Legacy Billing
Q3-TX-002390,1246,2025-09-12,,credit card, Subscription ,Legacy Billing
Q3-TX-002391,617,07/17/2025,541.47,Debit Card , Add-on,Legacy Billing
Q3-TX-002392,312,08/23/2025,$801,BANK TRANSFER, Upgrade,Legacy Billing
Q3-TX-002393,1486,02 Aug 2025,74.36,bank transfer,ADD-ON,Legacy Billing
Q3-TX-002394,29,11-09-2025,$121,Credit Card ,upgrade,Legacy Billing
Q3-TX-002395,608,09/26/2025,453.82 USD, PayPal ,Upgrade,Legacy Billing
Q3-TX-002396,1023,09/13/2025,$292,paypal,Subscription ,Legacy Billing
Q3-TX-002397,575,09/08/2025,-332.26, Debit Card,Refund,Legacy Billing
Q3-TX-002398,1129,27-08-2025,USD -153.90,debit card,refund,Legacy Billing
Q3-TX-002399,900012,07/01/2025,-215.95 USD, PayPal ,Refund ,Legacy Billing
Q3-TX-002400,305,20 Aug 2025,270.31 USD, Debit Card , Add-on ,Legacy Billing
Q3-TX-002401,1450,2025-09-24,787.21,PayPal,Add-on,Legacy Billing
Q3-TX-002402,882,"Aug 16, 2025",USD -318.17, PayPal, Refund ,Legacy Billing
Q3-TX-002403,655,11/09/2025,$-412,paypal, Refund ,Legacy Billing
Q3-TX-002404,1384,09 Aug 2025,$191.87, Bank Transfer ,Upgrade ,Legacy Billing
Q3-TX-002405,1329,14/08/2025,$332.87,DEBIT CARD, Add-on,Legacy Billing
Q3-TX-002406,82,07-08-2025,$380.67,PayPal ,add-on,Legacy Billing
Q3-TX-002407,70,18/07/2025,285.81 USD, Bank Transfer ,UPGRADE,Legacy Billing
Q3-TX-002408,66,"Jul 26, 2025",56.73,DEBIT CARD,upgrade,Legacy Billing
Q3-TX-002409,678,08-08-2025,105.49,BANK TRANSFER,subscription,Legacy Billing
Q3-TX-002410,1285,2025-07-06,-199.99 USD,Credit Card,refund,Legacy Billing
Q3-TX-002411,943,01-08-2025,263.10, Bank Transfer,Subscription,Legacy Billing
Q3-TX-002412,1419,06/07/2025,-317.80 USD,Credit Card,Refund ,Legacy Billing
Q3-TX-002413,1289,"Sep 26, 2025",USD 82.46,Bank Transfer ,add-on,Legacy Billing
Q3-TX-002414,475,19 Aug 2025,$-171, Debit Card ,refund,Legacy Billing
Q3-TX-002415,1472,08/07/2025,$258,Debit Card ,Subscription,Legacy Billing
Q3-TX-002416,893,2025-09-17,USD 307.30, PayPal ,SUBSCRIPTION,Legacy Billing
Q3-TX-002417,1114,31 Jul 2025,257.72,Bank Transfer,upgrade,Legacy Billing
Q3-TX-002418,1075,22-09-2025,$124,Credit Card,upgrade,Legacy Billing
Q3-TX-002419,174,"Sep 18, 2025",$83,debit card,Subscription ,Legacy Billing
Q3-TX-002420,265,08/31/2025,228.18 USD,Bank Transfer , Add-on ,Legacy Billing
Q3-TX-002421,1071,07/07/2025,-697.51,Debit Card,refund,Legacy Billing
Q3-TX-002422,1065,2025-08-12,$155.92,PayPal ,Add-on,Legacy Billing
Q3-TX-002423,257,07-08-2025,$271.26, Debit Card ,UPGRADE,Legacy Billing
Q3-TX-002424,503,2025-08-24,94.70 USD,Credit Card , Add-on,Legacy Billing
Q3-TX-002425,121,03/07/2025,179.33, Debit Card ,upgrade,Legacy Billing
Q3-TX-002426,752,2025-07-16,USD 367.90,CREDIT CARD,Add-on,Legacy Billing
Q3-TX-002427,76,2025-08-19,, Debit Card,ADD-ON,Legacy Billing
Q3-TX-002428,917,02/09/2025,189.08 USD,Debit Card , Upgrade ,Legacy Billing
Q3-TX-002429,290,20-07-2025,$99,Debit Card , Upgrade,Legacy Billing
Q3-TX-002430,51,27/07/2025,387.96,PAYPAL,Upgrade,Legacy Billing
Q3-TX-002431,123,07/01/2025,281.36,Credit Card,ADD-ON,Legacy Billing
Q3-TX-002432,615,08-08-2025,$207,DEBIT CARD,Upgrade,Legacy Billing
Q3-TX-002433,905,"Sep 06, 2025",$93.30, Credit Card,Subscription ,Legacy Billing
Q3-TX-002434,898,08-09-2025,$105.82,credit card, Subscription ,Legacy Billing
Q3-TX-002435,1454,07/17/2025,76.10 USD, Bank Transfer,upgrade,Legacy Billing
Q3-TX-002436,346,13-08-2025,$171.11,BANK TRANSFER, Add-on,Legacy Billing
Q3-TX-002437,1359,"Aug 08, 2025",USD -75.52,CREDIT CARD, Refund,Legacy Billing
Q3-TX-002438,1130,17 Jul 2025,204.93, Debit Card, Add-on,Legacy Billing
Q3-TX-002439,417,22-09-2025,334.95 USD,PayPal ,add-on,Legacy Billing
Q3-TX-002440,1030,02-09-2025,186.33, Bank Transfer,UPGRADE,Legacy Billing
Q3-TX-002441,990,08 Jul 2025,USD -114.31, Credit Card ,refund,Legacy Billing
Q3-TX-002442,1191,2025-08-28,$241.69,CREDIT CARD,Subscription ,Legacy Billing
Q3-TX-002443,1257,"Aug 17, 2025",46.16,PayPal,add-on,Legacy Billing
Q3-TX-002444,813,10/07/2025,$105,Debit Card ,Upgrade,Legacy Billing
Q3-TX-002445,639,2025-08-18,$217.07,PayPal , Upgrade,Legacy Billing
Q3-TX-002446,323,08-07-2025,$96, PayPal , Subscription,Legacy Billing
Q3-TX-002447,344,14 Aug 2025,$230, Bank Transfer , Add-on,Legacy Billing
Q3-TX-002448,834,19/07/2025,$-201.05,debit card, Refund,Legacy Billing
Q3-TX-002449,1366,07/05/2025,548.71,PAYPAL,ADD-ON,Legacy Billing
Q3-TX-002450,1030,06-07-2025,$169,credit card,ADD-ON,Legacy Billing
Q3-TX-002451,704,2025-07-01,523.15,BANK TRANSFER, Add-on ,Legacy Billing
Q3-TX-002452,940,2025-07-12,$206,Credit Card,Subscription ,Legacy Billing
Q3-TX-002453,404,01/08/2025,$86.20,Bank Transfer, Add-on ,Legacy Billing
Q3-TX-002454,847,08/29/2025,USD -162.15, Debit Card,Refund ,Legacy Billing
Q3-TX-002455,400,12-09-2025,$356.72, PayPal ,ADD-ON,Legacy Billing
Q3-TX-002456,608,19 Aug 2025,$-317,DEBIT CARD,REFUND,Legacy Billing
Q3-TX-002457,529,2025-09-18,270.74,Debit Card, Add-on,Legacy Billing
Q3-TX-002458,604,2025-09-19,$607.71,PayPal,subscription,Legacy Billing
Q3-TX-002459,1415,09/25/2025,USD -321.60,Bank Transfer ,refund,Legacy Billing
Q3-TX-002460,36,08/07/2025,125.95,Debit Card,Add-on,Legacy Billing
Q3-TX-002461,1194,09/24/2025,-71.62 USD,bank transfer, Refund ,Legacy Billing
Q3-TX-002462,106,"Aug 04, 2025",$-287, Debit Card ,refund,Legacy Billing
Q3-TX-002463,900,03-07-2025,342.18 USD,Credit Card ,subscription,Legacy Billing
Q3-TX-002464,826,06 Aug 2025,$103,BANK TRANSFER,Subscription,Legacy Billing
Q3-TX-002465,172,18/07/2025,$-318,bank transfer,Refund ,Legacy Billing
Q3-TX-002466,551,08/25/2025,$298.46,Bank Transfer ,subscription,Legacy Billing
Q3-TX-002467,937,"Jul 08, 2025",141.64,Debit Card ,add-on,Legacy Billing
Q3-TX-002468,369,"Sep 14, 2025",USD 326.37, PayPal ,Add-on,Legacy Billing
Q3-TX-002469,240,26/07/2025,183.92,Bank Transfer,ADD-ON,Legacy Billing
Q3-TX-002470,659,09/09/2025,USD 171.82, Debit Card ,upgrade,Legacy Billing
Q3-TX-002471,991,05-07-2025,$-581,paypal,Refund,Legacy Billing
Q3-TX-002472,550,23 Sep 2025,$-131,Debit Card, Refund,Legacy Billing
Q3-TX-002473,1083,13/07/2025,USD -159.94,credit card, Refund,Legacy Billing
Q3-TX-002474,1103,08/26/2025,141.12,PAYPAL, Upgrade ,Legacy Billing
Q3-TX-002475,482,09/05/2025,$-471,bank transfer,refund,Legacy Billing
Q3-TX-002476,81,08/05/2025,$189,DEBIT CARD,Upgrade ,Legacy Billing
Q3-TX-002477,1110,30 Aug 2025,495.68 USD,DEBIT CARD, Add-on ,Legacy Billing
Q3-TX-002478,633,"Aug 04, 2025",268.13,Debit Card, Upgrade,Legacy Billing
Q3-TX-002479,65,12 Sep 2025,-90.85 USD,paypal, Refund ,Legacy Billing
Q3-TX-002480,155,"Aug 30, 2025",$205,bank transfer,subscription,Legacy Billing
Q3-TX-002481,998,09/08/2025,$-419, Credit Card ,Refund,Legacy Billing
Q3-TX-002482,900000,19/09/2025,222.09, Bank Transfer,Upgrade,Legacy Billing
Q3-TX-002483,505,23/07/2025,-46.61 USD,Bank Transfer, Refund ,Legacy Billing
Q3-TX-002484,242,"Aug 11, 2025",$-120,PAYPAL,Refund,Legacy Billing
Q3-TX-002485,339,08/22/2025,$472, PayPal ,Add-on ,Legacy Billing
Q3-TX-002486,546,2025-08-26,200.43 USD, PayPal, Upgrade ,Legacy Billing
Q3-TX-002487,1090,06 Aug 2025,-155.40 USD,credit card,refund,Legacy Billing
Q3-TX-002488,5,06/09/2025,$265,CREDIT CARD,ADD-ON,Legacy Billing
Q3-TX-002489,967,14/09/2025,USD 407.16,DEBIT CARD,ADD-ON,Legacy Billing
Q3-TX-002490,774,04 Jul 2025,$303.81,PayPal,ADD-ON,Legacy Billing
Q3-TX-002491,1058,12-08-2025,-266.55, PayPal,Refund,Legacy Billing
Q3-TX-002492,625,2025-08-19,357.71 USD,PAYPAL,SUBSCRIPTION,Legacy Billing
Q3-TX-002493,208,12 Aug 2025,95.47 USD, Credit Card , Subscription,Legacy Billing
Q3-TX-002494,1494,2025-08-09,$127.32, Credit Card ,Upgrade,Legacy Billing
Q3-TX-002495,210,"Jul 07, 2025",-595.59, Debit Card,Refund ,Legacy Billing
Q3-TX-002496,1077,08/14/2025,$201.69, PayPal , Add-on ,Legacy Billing
Q3-TX-002497,1027,17 Aug 2025,87.42 USD,PayPal ,subscription,Legacy Billing
Q3-TX-002498,221,"Jul 27, 2025",-98.89 USD,Bank Transfer ,Refund ,Legacy Billing
Q3-TX-002499,891,09/03/2025,$349,paypal,SUBSCRIPTION,Legacy Billing
Q3-TX-002500,870,2025-09-24,179.80,debit card,Upgrade ,Legacy Billing
Q3-TX-002501,102,20/08/2025,$217,Credit Card,SUBSCRIPTION,Legacy Billing
Q3-TX-002502,1144,13 Sep 2025,219.52, Credit Card , Upgrade,Legacy Billing
Q3-TX-002503,208,19/08/2025,-138.40, Bank Transfer ,REFUND,Legacy Billing
Q3-TX-002504,1265,2025-07-14,298.53 USD,Debit Card ,Upgrade,Legacy Billing
Q3-TX-002505,821,09/04/2025,$435,credit card, Subscription ,Legacy Billing
Q3-TX-002506,1169,06/08/2025,$18,Bank Transfer, Add-on ,Legacy Billing
Q3-TX-002507,646,09/27/2025,230.55,PayPal , Subscription ,Legacy Billing
Q3-TX-002508,1103,09-08-2025,469.17,PAYPAL, Add-on ,Legacy Billing
Q3-TX-002509,1129,"Jul 01, 2025",USD -51.15,DEBIT CARD,Refund ,Legacy Billing
Q3-TX-002510,669,2025-07-15,-193.54, Bank Transfer,Refund,Legacy Billing
Q3-TX-002511,1498,08/03/2025,198.61 USD,debit card, Add-on ,Legacy Billing
Q3-TX-002512,1442,10 Jul 2025,454.66 USD, PayPal ,ADD-ON,Legacy Billing
Q3-TX-002513,127,21-08-2025,$85,PayPal,Subscription ,Legacy Billing
Q3-TX-002514,660,08/05/2025,581.38 USD,Bank Transfer,SUBSCRIPTION,Legacy Billing
Q3-TX-002515,1266,01 Jul 2025,$385,Bank Transfer ,SUBSCRIPTION,Legacy Billing
Q3-TX-002516,322,08/23/2025,55.97 USD,credit card,ADD-ON,Legacy Billing
Q3-TX-002517,415,17-08-2025,726.75 USD,debit card,upgrade,Legacy Billing
Q3-TX-002518,1456,17-09-2025,USD 323.84,CREDIT CARD, Upgrade ,Legacy Billing
Q3-TX-002519,468,"Jul 20, 2025",USD 158.35, Credit Card,subscription,Legacy Billing
Q3-TX-002520,1202,25/07/2025,$81,BANK TRANSFER, Subscription,Legacy Billing
Q3-TX-002521,345,2025-07-22,-371.67,credit card,refund,Legacy Billing
Q3-TX-002522,992,2025-08-05,USD 406.29, PayPal,upgrade,Legacy Billing
Q3-TX-002523,612,18 Sep 2025,$127,bank transfer, Upgrade,Legacy Billing
Q3-TX-002524,159,07/07/2025,59.40 USD,Credit Card, Subscription ,Legacy Billing
Q3-TX-002525,38,19/07/2025,$404.85,PayPal , Upgrade ,Legacy Billing
Q3-TX-002526,629,"Aug 30, 2025",217.49, Credit Card ,UPGRADE,Legacy Billing
Q3-TX-002527,908,08/10/2025,$173.63,Debit Card , Add-on,Legacy Billing
Q3-TX-002528,98,16 Sep 2025,$419.37,Debit Card, Add-on ,Legacy Billing
Q3-TX-002529,166,09/28/2025,193.60,Credit Card, Add-on,Legacy Billing
Q3-TX-002530,1342,27 Jul 2025,159.48,PayPal,upgrade,Legacy Billing
Q3-TX-002531,1259,08/07/2025,211.31, Bank Transfer ,upgrade,Legacy Billing
Q3-TX-002532,25,2025-07-06,$24, Credit Card , Upgrade ,Legacy Billing
Q3-TX-002533,1281,25/07/2025,$-215.71,Credit Card, Refund ,Legacy Billing
Q3-TX-002534,1064,2025-08-29,$517,Debit Card, Add-on,Legacy Billing
Q3-TX-002535,265,14/09/2025,236.26,Debit Card ,Upgrade ,Legacy Billing
Q3-TX-002536,526,05-07-2025,USD 181.18,PayPal, Subscription ,Legacy Billing
Q3-TX-002537,848,"Jul 30, 2025",425.78,paypal,UPGRADE,Legacy Billing
Q3-TX-002538,1372,2025-07-14,, Bank Transfer, Subscription ,Legacy Billing
Q3-TX-002539,728,10/09/2025,$372.64, Debit Card,add-on,Legacy Billing
Q3-TX-002540,247,12-09-2025,$-203,debit card,Refund,Legacy Billing
Q3-TX-002541,33,31-08-2025,92.12, Bank Transfer,Add-on ,Legacy Billing
Q3-TX-002542,245,08/24/2025,-240.35,DEBIT CARD,Refund,Legacy Billing
Q3-TX-002543,64,"Aug 20, 2025",450.12,paypal,Subscription ,Legacy Billing
Q3-TX-002544,1005,09/08/2025,395.32, Credit Card,Subscription ,Legacy Billing
Q3-TX-002545,629,"Aug 06, 2025",$51.72,bank transfer,SUBSCRIPTION,Legacy Billing
Q3-TX-002546,1399,08/27/2025,340.39,Bank Transfer,Subscription,Legacy Billing
Q3-TX-002547,1227,05 Sep 2025,$266.42,BANK TRANSFER, Upgrade,Legacy Billing
Q3-TX-002548,1382,07/25/2025,198.14, Credit Card,add-on,Legacy Billing
Q3-TX-002549,1138,"Aug 29, 2025",76.24 USD,paypal, Upgrade,Legacy Billing
Q3-TX-002550,129,29 Aug 2025,USD 367.38,Debit Card ,Upgrade ,Legacy Billing
Q3-TX-002551,1469,30 Aug 2025,,Debit Card , Refund,Legacy Billing
Q3-TX-002552,593,20-09-2025,75.15,Bank Transfer,Add-on ,Legacy Billing
Q3-TX-002553,1152,29 Aug 2025,$211.51,credit card,subscription,Legacy Billing
Q3-TX-002554,873,16/07/2025,$-65.06,CREDIT CARD, Refund,Legacy Billing
Q3-TX-002555,395,"Jul 17, 2025",214.64,Bank Transfer ,subscription,Legacy Billing
Q3-TX-002556,1185,29-08-2025,-120.45, Bank Transfer,Refund,Legacy Billing
Q3-TX-002557,505,07/09/2025,$464.90,PAYPAL,ADD-ON,Legacy Billing
Q3-TX-002558,962,08-08-2025,USD 203.93, Credit Card,add-on,Legacy Billing
Q3-TX-002559,572,08-07-2025,USD -303.92,credit card, Refund ,Legacy Billing
Q3-TX-002560,1418,23 Sep 2025,USD 449.92,DEBIT CARD,Subscription ,Legacy Billing
Q3-TX-002561,112,11-08-2025,$249,bank transfer,UPGRADE,Legacy Billing
Q3-TX-002562,843,2025-07-20,$-312, Debit Card , Refund ,Legacy Billing
Q3-TX-002563,114,30-07-2025,USD 888.23,PayPal,add-on,Legacy Billing
Q3-TX-002564,168,23/07/2025,348.67,BANK TRANSFER,Upgrade,Legacy Billing
Q3-TX-002565,559,30/09/2025,$312, PayPal ,SUBSCRIPTION,Legacy Billing
Q3-TX-002566,208,"Aug 29, 2025",83.36 USD,Bank Transfer ,SUBSCRIPTION,Legacy Billing
Q3-TX-002567,411,"Sep 17, 2025",229.36,credit card,Upgrade ,Legacy Billing
Q3-TX-002568,780,"Sep 21, 2025",USD 738.61, Bank Transfer,upgrade,Legacy Billing
Q3-TX-002569,214,25-09-2025,$304, Credit Card,Subscription ,Legacy Billing
Q3-TX-002570,1038,22-08-2025,260.56 USD,Debit Card ,Add-on,Legacy Billing
Q3-TX-002571,327,08/06/2025,USD 196.98,DEBIT CARD, Upgrade,Legacy Billing
Q3-TX-002572,329,"Sep 12, 2025",-126.30,BANK TRANSFER,REFUND,Legacy Billing
Q3-TX-002573,1425,"Aug 21, 2025",111.07, Bank Transfer , Add-on,Legacy Billing
Q3-TX-002574,689,2025-09-01,$229,debit card, Add-on,Legacy Billing
Q3-TX-002575,91,07/14/2025,302.66, Bank Transfer ,Add-on,Legacy Billing
Q3-TX-002576,647,07/21/2025,117.80,credit card,Subscription,Legacy Billing
Q3-TX-002577,1493,10 Sep 2025,USD 114.51,paypal,Upgrade,Legacy Billing
Q3-TX-002578,207,2025-09-27,-58.69, Credit Card , Refund ,Legacy Billing
Q3-TX-002579,1282,02 Jul 2025,$-308.01,paypal,Refund,Legacy Billing
Q3-TX-002580,965,09/27/2025,$270,PayPal ,Add-on,Legacy Billing
Q3-TX-002581,1401,07/16/2025,342.19,BANK TRANSFER, Subscription ,Legacy Billing
Q3-TX-002582,194,02-08-2025,$-68.16, Bank Transfer,REFUND,Legacy Billing
Q3-TX-002583,1475,07/20/2025,USD -108.83, Debit Card ,Refund,Legacy Billing
Q3-TX-002584,101,"Sep 10, 2025",$4.29, PayPal , Subscription,Legacy Billing
Q3-TX-002585,844,22 Jul 2025,100.07,credit card, Add-on,Legacy Billing
Q3-TX-002586,840,2025-09-15,-113.10 USD,BANK TRANSFER, Refund ,Legacy Billing
Q3-TX-002587,35,09/23/2025,$-363.06, Credit Card ,Refund,Legacy Billing
Q3-TX-002588,1013,24 Jul 2025,USD -384.14, Debit Card , Refund,Legacy Billing
Q3-TX-002589,1402,24/07/2025,-166.32, Credit Card,refund,Legacy Billing
Q3-TX-002590,1236,12-09-2025,-798.08 USD, Bank Transfer,refund,Legacy Billing
Q3-TX-002591,1361,2025-09-19,$421,Bank Transfer, Add-on ,Legacy Billing
Q3-TX-002592,262,27-08-2025,-202.55,Credit Card,Refund ,Legacy Billing
Q3-TX-002593,110,08/04/2025,-177.46, Debit Card ,refund,Legacy Billing
Q3-TX-002594,572,"Aug 10, 2025",$-197.43, Credit Card,refund,Legacy Billing
Q3-TX-002595,744,"Aug 25, 2025",-20.55,credit card,refund,Legacy Billing
Q3-TX-002596,501,2025-09-11,$106.86,debit card,Add-on,Legacy Billing
Q3-TX-002597,1123,05-08-2025,570.77, Credit Card ,Add-on ,Legacy Billing
Q3-TX-002598,960,2025-09-21,207.24,PayPal,UPGRADE,Legacy Billing
Q3-TX-002599,219,11-07-2025,$221,CREDIT CARD,Add-on ,Legacy Billing
Q3-TX-002600,1170,"Aug 23, 2025",$308, Debit Card , Upgrade ,Legacy Billing
Q3-TX-002601,88,16-07-2025,315.25,debit card,subscription,Legacy Billing
Q3-TX-002602,787,2025-07-07,$502.07,BANK TRANSFER, Subscription,Legacy Billing
Q3-TX-002603,760,16-07-2025,$479.75,debit card,add-on,Legacy Billing
Q3-TX-002604,1490,"Jul 13, 2025",$-217.30, Credit Card ,Refund,Legacy Billing
Q3-TX-002605,1358,10 Sep 2025,501.06,Debit Card ,UPGRADE,Legacy Billing
Q3-TX-002606,453,"Aug 29, 2025",USD -291.52,Debit Card,Refund,Legacy Billing
Q3-TX-002607,352,11/07/2025,$185,credit card,Upgrade ,Legacy Billing
Q3-TX-002608,1355,22/09/2025,364.39, Bank Transfer,Subscription,Legacy Billing
Q3-TX-002609,436,2025-08-18,USD 391.25,paypal, Subscription,Legacy Billing
Q3-TX-002610,434,"Jul 30, 2025",, Bank Transfer , Subscription ,Legacy Billing
Q3-TX-002611,1277,"Sep 11, 2025",286.83,credit card,Add-on ,Legacy Billing
Q3-TX-002612,900015,"Jul 23, 2025",618.97 USD, PayPal,Add-on,Legacy Billing
Q3-TX-002613,1118,22-07-2025,276.00, Credit Card ,ADD-ON,Legacy Billing
Q3-TX-002614,1308,06 Jul 2025,184.66,Debit Card , Subscription,Legacy Billing
Q3-TX-002615,1038,"Jul 15, 2025",121.20 USD, PayPal ,ADD-ON,Legacy Billing
Q3-TX-002616,1101,"Jul 26, 2025",USD 200.38,Bank Transfer,SUBSCRIPTION,Legacy Billing
Q3-TX-002617,291,21-09-2025,-116.50,PayPal, Refund ,Legacy Billing
Q3-TX-002618,1106,21/07/2025,162.40,DEBIT CARD,ADD-ON,Legacy Billing
Q3-TX-002619,354,27-08-2025,127.79 USD,Bank Transfer ,Add-on,Legacy Billing
Q3-TX-002620,807,"Jul 04, 2025",226.67, Debit Card , Subscription,Legacy Billing
Q3-TX-002621,1284,05 Aug 2025,USD 293.05,bank transfer,Add-on ,Legacy Billing
Q3-TX-002622,1359,2025-08-13,$-231.83,bank transfer, Refund,Legacy Billing
Q3-TX-002623,990,22/07/2025,301.97,PayPal ,UPGRADE,Legacy Billing
Q3-TX-002624,576,2025-07-17,$103,bank transfer,Subscription ,Legacy Billing
Q3-TX-002625,141,27/08/2025,-116.38,Debit Card ,refund,Legacy Billing
Q3-TX-002626,368,13 Aug 2025,91.36 USD,bank transfer, Add-on ,Legacy Billing
Q3-TX-002627,1414,27/08/2025,USD -259.42, PayPal,REFUND,Legacy Billing
Q3-TX-002628,393,03 Jul 2025,455.32,Bank Transfer,Add-on,Legacy Billing
Q3-TX-002629,1324,2025-08-17,98.05,Credit Card, Upgrade ,Legacy Billing
Q3-TX-002630,240,09/17/2025,USD 297.66,PayPal , Add-on ,Legacy Billing
Q3-TX-002631,1259,07/11/2025,270.18,paypal,Subscription,Legacy Billing
Q3-TX-002632,900002,07/16/2025,586.59, PayPal ,Subscription,Legacy Billing
Q3-TX-002633,893,08/16/2025,-437.34 USD, Credit Card, Refund,Legacy Billing
Q3-TX-002634,900013,08/26/2025,-255.65,paypal,refund,Legacy Billing
Q3-TX-002635,800,17 Sep 2025,USD 893.16, PayPal,Upgrade ,Legacy Billing
Q3-TX-002636,1300,17-09-2025,USD 231.72, Bank Transfer , Upgrade ,Legacy Billing
Q3-TX-002637,501,15-08-2025,USD 270.69, Debit Card , Subscription ,Legacy Billing
Q3-TX-002638,707,2025-08-21,USD -477.37,PAYPAL,Refund,Legacy Billing
Q3-TX-002639,182,"Sep 10, 2025",247.60 USD,credit card, Add-on,Legacy Billing
Q3-TX-002640,753,06 Jul 2025,267.83 USD, PayPal,SUBSCRIPTION,Legacy Billing
Q3-TX-002641,1369,30 Aug 2025,154.47, Credit Card,Add-on ,Legacy Billing
Q3-TX-002642,566,"Aug 06, 2025",$191.98,debit card,add-on,Legacy Billing
Q3-TX-002643,257,2025-08-03,785.46,DEBIT CARD,upgrade,Legacy Billing
Q3-TX-002644,677,17 Sep 2025,USD -240.86,BANK TRANSFER, Refund ,Legacy Billing
Q3-TX-002645,549,"Aug 18, 2025",USD -233.65,Debit Card ,Refund,Legacy Billing
Q3-TX-002646,1476,07/28/2025,, Bank Transfer ,ADD-ON,Legacy Billing
Q3-TX-002647,411,19/09/2025,-76.63, Debit Card, Refund,Legacy Billing
Q3-TX-002648,1386,16/09/2025,-178.97 USD,Bank Transfer ,REFUND,Legacy Billing
Q3-TX-002649,1011,"Jul 24, 2025",45.22 USD,Debit Card,Subscription,Legacy Billing
Q3-TX-002650,308,13/08/2025,-85.70 USD,Credit Card,refund,Legacy Billing
Q3-TX-002651,145,2025-08-05,252.93,credit card,Subscription,Legacy Billing
Q3-TX-002652,835,09/24/2025,457.69,credit card,SUBSCRIPTION,Legacy Billing
Q3-TX-002653,1023,09 Aug 2025,$-242.80,Bank Transfer, Refund,Legacy Billing
Q3-TX-002654,923,08/05/2025,$345.29,BANK TRANSFER,SUBSCRIPTION,Legacy Billing
Q3-TX-002655,1156,08/06/2025,-126.37 USD, Bank Transfer , Refund ,Legacy Billing
Q3-TX-002656,131,10-07-2025,USD 93.42, Credit Card , Subscription ,Legacy Billing
Q3-TX-002657,311,03/07/2025,101.62,PAYPAL, Subscription ,Legacy Billing
Q3-TX-002658,851,11 Jul 2025,$158.52, Credit Card ,UPGRADE,Legacy Billing
Q3-TX-002659,888,"Sep 23, 2025",84.41 USD, Debit Card,ADD-ON,Legacy Billing
Q3-TX-002660,879,07/07/2025,123.62,CREDIT CARD,Subscription,Legacy Billing
Q3-TX-002661,970,22-09-2025,$11.57, Credit Card,ADD-ON,Legacy Billing
Q3-TX-002662,11,25-07-2025,$184,Debit Card,Add-on ,Legacy Billing
Q3-TX-002663,950,31/07/2025,$-182.61, PayPal ,refund,Legacy Billing
Q3-TX-002664,1427,07/27/2025,-143.30 USD,Bank Transfer ,REFUND,Legacy Billing
Q3-TX-002665,1425,12/09/2025,$290,PAYPAL,Upgrade ,Legacy Billing
Q3-TX-002666,84,07/07/2025,USD -586.61,PAYPAL,refund,Legacy Billing
Q3-TX-002667,578,25-07-2025,459.65,Bank Transfer,add-on,Legacy Billing
Q3-TX-002668,752,07/16/2025,-162.40 USD, PayPal , Refund,Legacy Billing
Q3-TX-002669,194,"Sep 13, 2025",$222,Bank Transfer,UPGRADE,Legacy Billing
Q3-TX-002670,900004,07/03/2025,177.04, Credit Card,ADD-ON,Legacy Billing
Q3-TX-002671,336,08/12/2025,415.79,bank transfer,SUBSCRIPTION,Legacy Billing
Q3-TX-002672,226,10-08-2025,$-273,Bank Transfer,Refund ,Legacy Billing
Q3-TX-002673,1211,"Aug 07, 2025",265.01, Credit Card ,Upgrade ,Legacy Billing
Q3-TX-002674,1223,20/08/2025,-184.48, Bank Transfer ,REFUND,Legacy Billing
Q3-TX-002675,395,28 Sep 2025,-408.05,Bank Transfer , Refund,Legacy Billing
Q3-TX-002676,988,15/08/2025,$145,DEBIT CARD,subscription,Legacy Billing
Q3-TX-002677,749,13 Aug 2025,74.81, Bank Transfer, Add-on ,Legacy Billing
Q3-TX-002678,397,08/12/2025,230.77,Debit Card , Subscription,Legacy Billing
Q3-TX-002679,178,12-07-2025,-293.28 USD, PayPal , Refund,Legacy Billing
Q3-TX-002680,957,08/31/2025,-344.15,bank transfer,refund,Legacy Billing
Q3-TX-002681,456,12/08/2025,260.45, Debit Card,ADD-ON,Legacy Billing
Q3-TX-002682,1197,16 Aug 2025,246.69,Debit Card , Upgrade,Legacy Billing
Q3-TX-002683,161,"Aug 09, 2025",$136.43,CREDIT CARD,Upgrade,Legacy Billing
Q3-TX-002684,1481,"Aug 01, 2025",292.14 USD,DEBIT CARD, Add-on,Legacy Billing
Q3-TX-002685,1488,"Sep 16, 2025",USD 166.78, Credit Card,Subscription,Legacy Billing
Q3-TX-002686,201,"Aug 11, 2025",-209.33, Bank Transfer,Refund ,Legacy Billing
Q3-TX-002687,112,14-08-2025,$476,CREDIT CARD,Subscription ,Legacy Billing
Q3-TX-002688,1437,07/02/2025,$320,bank transfer,Upgrade ,Legacy Billing
Q3-TX-002689,200,12/07/2025,USD -190.60, Debit Card , Refund,Legacy Billing
Q3-TX-002690,137,09/26/2025,110.24,DEBIT CARD,Upgrade ,Legacy Billing
Q3-TX-002691,2,"Sep 10, 2025",93.08, Debit Card ,Subscription ,Legacy Billing
Q3-TX-002692,24,"Sep 13, 2025",-340.57,PayPal , Refund ,Legacy Billing
Q3-TX-002693,505,17-09-2025,-180.13,DEBIT CARD,Refund,Legacy Billing
Q3-TX-002694,817,18/08/2025,259.38,BANK TRANSFER, Subscription ,Legacy Billing
Q3-TX-002695,811,04 Aug 2025,$74.05,Debit Card ,upgrade,Legacy Billing
Q3-TX-002696,1440,"Sep 02, 2025",$305, PayPal , Subscription,Legacy Billing
Q3-TX-002697,382,2025-08-14,43.33,bank transfer, Add-on,Legacy Billing
Q3-TX-002698,789,"Aug 10, 2025",$157.52, Credit Card,subscription,Legacy Billing
Q3-TX-002699,764,09/01/2025,USD 289.63,paypal,upgrade,Legacy Billing
Q3-TX-002700,392,09/21/2025,$-182.47,Debit Card,Refund,Legacy Billing
Q3-TX-002701,786,07/10/2025,-214.05,Debit Card,REFUND,Legacy Billing
Q3-TX-002702,17,04-07-2025,$213,CREDIT CARD,upgrade,Legacy Billing
Q3-TX-002703,115,07/11/2025,403.60,Debit Card,Upgrade,Legacy Billing
Q3-TX-002704,1227,09/19/2025,$-158.10,Credit Card ,REFUND,Legacy Billing
Q3-TX-002705,1367,21-07-2025,$-185,paypal,refund,Legacy Billing
Q3-TX-002706,9,2025-07-17,$-46,Debit Card ,Refund ,Legacy Billing
Q3-TX-002707,52,04 Sep 2025,44.57, Bank Transfer, Subscription ,Legacy Billing
Q3-TX-002708,789,21/09/2025,112.84 USD,BANK TRANSFER,UPGRADE,Legacy Billing
Q3-TX-002709,1083,09/17/2025,51.23 USD,PAYPAL, Subscription,Legacy Billing
Q3-TX-002710,1362,18/08/2025,565.08 USD,Credit Card ,UPGRADE,Legacy Billing
Q3-TX-002711,1065,25 Jul 2025,365.12, Debit Card,subscription,Legacy Billing
Q3-TX-002712,1320,07/14/2025,USD 689.78,Bank Transfer ,Add-on,Legacy Billing
Q3-TX-002713,530,19 Jul 2025,$284,debit card, Add-on ,Legacy Billing
Q3-TX-002714,1277,19-08-2025,121.30 USD,Bank Transfer ,Add-on ,Legacy Billing
Q3-TX-002715,1225,22-08-2025,USD 193.84, Bank Transfer, Upgrade,Legacy Billing
Q3-TX-002716,1121,23 Jul 2025,-210.08,bank transfer, Refund,Legacy Billing
Q3-TX-002717,253,2025-09-06,$392,BANK TRANSFER,Add-on ,Legacy Billing
Q3-TX-002718,78,06/09/2025,-248.60 USD,credit card,refund,Legacy Billing
Q3-TX-002719,695,"Sep 23, 2025",-123.70,credit card,Refund ,Legacy Billing
Q3-TX-002720,1465,09/08/2025,-185.34 USD,Credit Card,refund,Legacy Billing
Q3-TX-002721,737,21/08/2025,214.95,Debit Card,Upgrade,Legacy Billing
Q3-TX-002722,181,09/08/2025,155.04,Debit Card,Add-on,Legacy Billing
Q3-TX-002723,592,06/08/2025,USD -152.85,PayPal , Refund,Legacy Billing
Q3-TX-002724,1165,"Jul 17, 2025",$241.73,credit card,Add-on,Legacy Billing
Q3-TX-002725,238,2025-09-10,125.24 USD,CREDIT CARD,SUBSCRIPTION,Legacy Billing
Q3-TX-002726,565,30/08/2025,USD 116.77,bank transfer,Add-on,Legacy Billing
Q3-TX-002727,468,2025-09-20,$-241.36, Bank Transfer, Refund,Legacy Billing
Q3-TX-002728,776,"Aug 15, 2025",144.27,PayPal, Add-on,Legacy Billing
Q3-TX-002729,644,09/02/2025,USD 317.39,Credit Card ,Subscription ,Legacy Billing
Q3-TX-002730,501,09-08-2025,$200,Credit Card ,Subscription,Legacy Billing
Q3-TX-002731,172,07/31/2025,$257.72, Bank Transfer ,subscription,Legacy Billing
Q3-TX-002732,434,22 Sep 2025,$342,Credit Card , Upgrade,Legacy Billing
Q3-TX-002733,332,"Jul 22, 2025",$143.16,Debit Card , Add-on,Legacy Billing
Q3-TX-002734,968,24-09-2025,$-358.41,CREDIT CARD,REFUND,Legacy Billing
Q3-TX-002735,102,22 Sep 2025,505.26,Credit Card , Add-on ,Legacy Billing
Q3-TX-002736,1233,08/14/2025,438.41 USD,Credit Card,add-on,Legacy Billing
Q3-TX-002737,883,22-07-2025,181.48, Debit Card,Add-on ,Legacy Billing
Q3-TX-002738,677,28/07/2025,-229.62, Bank Transfer ,Refund ,Legacy Billing
Q3-TX-002739,1436,"Aug 08, 2025",$376.27,bank transfer, Add-on,Legacy Billing
Q3-TX-002740,1455,2025-07-19,194.61,DEBIT CARD,ADD-ON,Legacy Billing
Q3-TX-002741,93,13-09-2025,-398.73,CREDIT CARD, Refund ,Legacy Billing
Q3-TX-002742,398,2025-09-05,USD 554.96,PayPal , Add-on ,Legacy Billing
Q3-TX-002743,364,25-08-2025,USD 113.78, Bank Transfer , Subscription,Legacy Billing
Q3-TX-002744,321,"Jul 11, 2025",23.94 USD, Debit Card,Add-on ,Legacy Billing
Q3-TX-002745,489,07/09/2025,$143,credit card,Add-on ,Legacy Billing
Q3-TX-002746,208,08/20/2025,290.36, Credit Card,subscription,Legacy Billing
Q3-TX-002747,831,09/17/2025,120.08,bank transfer, Add-on,Legacy Billing
Q3-TX-002748,1280,2025-08-13,194.95,Credit Card ,Upgrade ,Legacy Billing
Q3-TX-002749,1157,2025-09-23,-160.61 USD,PAYPAL, Refund,Legacy Billing
Q3-TX-002750,84,"Aug 19, 2025",USD -88.74,Credit Card, Refund ,Legacy Billing
Q3-TX-002751,1153,2025-09-19,117.48,Bank Transfer, Subscription ,Legacy Billing
Q3-TX-002752,826,2025-07-21,USD 301.77, Bank Transfer , Subscription,Legacy Billing
Q3-TX-002753,874,02-07-2025,$939.00,PAYPAL, Upgrade ,Legacy Billing
Q3-TX-002754,889,23/07/2025,$269,PayPal ,upgrade,Legacy Billing
Q3-TX-002755,1343,22-09-2025,$177,Debit Card,Add-on ,Legacy Billing
Q3-TX-002756,148,2025-09-11,USD -504.95,bank transfer,REFUND,Legacy Billing
Q3-TX-002757,1030,"Aug 11, 2025",-11.30 USD,Bank Transfer, Refund ,Legacy Billing
Q3-TX-002758,808,06 Aug 2025,205.52, Bank Transfer, Upgrade ,Legacy Billing
Q3-TX-002759,433,27/08/2025,USD 157.65,Debit Card, Upgrade,Legacy Billing
Q3-TX-002760,741,15/09/2025,USD 158.57,bank transfer, Subscription ,Legacy Billing
Q3-TX-002761,355,29 Jul 2025,-222.44, Bank Transfer ,Refund,Legacy Billing
Q3-TX-002762,1093,09/13/2025,USD 162.38,DEBIT CARD, Add-on,Legacy Billing
Q3-TX-002763,482,07/16/2025,459.54, PayPal,subscription,Legacy Billing
Q3-TX-002764,1160,08/13/2025,199.87,debit card,add-on,Legacy Billing
Q3-TX-002765,1344,24 Sep 2025,$-360.81,Debit Card ,Refund ,Legacy Billing
Q3-TX-002766,440,09/11/2025,-306.22,BANK TRANSFER,Refund,Legacy Billing
Q3-TX-002767,362,07/28/2025,$469,PayPal ,ADD-ON,Legacy Billing
Q3-TX-002768,398,10/07/2025,134.95 USD,BANK TRANSFER,subscription,Legacy Billing
Q3-TX-002769,894,13 Aug 2025,$175.72, Bank Transfer,Add-on ,Legacy Billing
Q3-TX-002770,982,02 Sep 2025,$408.51,credit card,UPGRADE,Legacy Billing
Q3-TX-002771,1500,2025-08-30,113.80 USD,BANK TRANSFER,Add-on,Legacy Billing
Q3-TX-002772,70,09-09-2025,$233.69, PayPal , Upgrade,Legacy Billing
Q3-TX-002773,1242,"Jul 17, 2025",$243, Credit Card ,UPGRADE,Legacy Billing
Q3-TX-002774,471,2025-09-13,$-199,bank transfer,REFUND,Legacy Billing
Q3-TX-002775,842,2025-09-08,205.41, PayPal,Add-on ,Legacy Billing
Q3-TX-002776,557,12/09/2025,$-152.60, Debit Card ,Refund,Legacy Billing
Q3-TX-002777,1297,"Aug 12, 2025",$66, PayPal ,add-on,Legacy Billing
Q3-TX-002778,321,21/08/2025,,paypal, Subscription,Legacy Billing
Q3-TX-002779,1338,2025-08-18,$272, Debit Card,subscription,Legacy Billing
Q3-TX-002780,286,"Jul 03, 2025",386.73,PAYPAL,Subscription ,Legacy Billing
Q3-TX-002781,774,15-09-2025,USD 53.23,Credit Card,Add-on,Legacy Billing
Q3-TX-002782,405,2025-09-26,301.16,PayPal , Add-on ,Legacy Billing
Q3-TX-002783,1199,"Aug 13, 2025",USD 66.45,CREDIT CARD, Upgrade ,Legacy Billing
Q3-TX-002784,72,02/09/2025,USD 93.30, PayPal,upgrade,Legacy Billing
Q3-TX-002785,1040,"Jul 19, 2025",$885,credit card,Subscription ,Legacy Billing
Q3-TX-002786,748,09/01/2025,$-304.56, Bank Transfer,Refund,Legacy Billing
Q3-TX-002787,995,2025-08-21,228.76 USD, Debit Card,ADD-ON,Legacy Billing
Q3-TX-002788,1071,25-07-2025,242.37, Bank Transfer ,Upgrade ,Legacy Billing
Q3-TX-002789,124,12-07-2025,110.29 USD,Bank Transfer ,Upgrade ,Legacy Billing
Q3-TX-002790,934,04 Jul 2025,384.24 USD,Debit Card , Add-on ,Legacy Billing
Q3-TX-002791,1371,25-07-2025,$335.72,Bank Transfer, Add-on,Legacy Billing
Q3-TX-002792,987,2025-08-22,222.03, Debit Card, Upgrade ,Legacy Billing
Q3-TX-002793,339,2025-08-10,273.63 USD, Credit Card , Subscription,Legacy Billing
Q3-TX-002794,1072,11/07/2025,USD -62.50,Debit Card,REFUND,Legacy Billing
Q3-TX-002795,619,14/07/2025,-394.16 USD,Credit Card,Refund,Legacy Billing
Q3-TX-002796,1060,01-09-2025,$186.81, PayPal, Upgrade ,Legacy Billing
Q3-TX-002797,1226,2025-09-02,268.52, Credit Card , Add-on ,Legacy Billing
Q3-TX-002798,223,06 Aug 2025,-164.37, Debit Card,refund,Legacy Billing
Q3-TX-002799,520,08 Aug 2025,120.73,credit card,Upgrade,Legacy Billing
Q3-TX-002800,1091,"Jul 28, 2025",206.27,PayPal , Upgrade ,Legacy Billing
Q3-TX-002801,515,02 Aug 2025,$378.45,credit card,Subscription ,Legacy Billing
Q3-TX-002802,1096,21/09/2025,USD 134.00,credit card,add-on,Legacy Billing
Q3-TX-002803,924,09/07/2025,USD 146.95,Bank Transfer,SUBSCRIPTION,Legacy Billing
Q3-TX-002804,714,16-09-2025,$321,DEBIT CARD,Subscription ,Legacy Billing
Q3-TX-002805,325,02-07-2025,USD -536.42,Credit Card, Refund,Legacy Billing
Q3-TX-002806,772,08/28/2025,$-277.68,Bank Transfer , Refund,Legacy Billing
Q3-TX-002807,203,09/01/2025,61.96, Bank Transfer ,Add-on ,Legacy Billing
Q3-TX-002808,1499,2025-09-12,345.22, Debit Card ,Add-on,Legacy Billing
Q3-TX-002809,258,"Aug 22, 2025",,CREDIT CARD, Refund,Legacy Billing
Q3-TX-002810,920,16 Aug 2025,192.82,Debit Card,ADD-ON,Legacy Billing
Q3-TX-002811,1251,25 Aug 2025,-484.66 USD,Debit Card,REFUND,Legacy Billing
Q3-TX-002812,1327,"Sep 06, 2025",182.47,Credit Card ,Subscription ,Legacy Billing
Q3-TX-002813,93,2025-07-21,$-227.84, PayPal,Refund,Legacy Billing
Q3-TX-002814,361,07/20/2025,$463,Credit Card , Subscription,Legacy Billing
Q3-TX-002815,106,09/07/2025,$-167.03,Credit Card, Refund,Legacy Billing
Q3-TX-002816,1320,18/07/2025,$-7,Credit Card , Refund ,Legacy Billing
Q3-TX-002817,1196,10 Aug 2025,$543.78,credit card,Subscription,Legacy Billing
Q3-TX-002818,202,"Aug 08, 2025",127.42, Debit Card,Subscription,Legacy Billing
Q3-TX-002819,1253,01-08-2025,$-392,Bank Transfer ,refund,Legacy Billing
Q3-TX-002820,167,24/07/2025,$185.98,Credit Card, Upgrade,Legacy Billing
Q3-TX-002821,1024,08/03/2025,$-407,Debit Card ,REFUND,Legacy Billing
Q3-TX-002822,508,2025-07-17,$543, Debit Card ,Subscription,Legacy Billing
Q3-TX-002823,802,24/07/2025,$245, Debit Card,Subscription ,Legacy Billing
Q3-TX-002824,797,20/09/2025,133.29 USD,PAYPAL,SUBSCRIPTION,Legacy Billing
Q3-TX-002825,671,10 Jul 2025,122.12,PAYPAL, Upgrade,Legacy Billing
Q3-TX-002826,243,2025-07-25,117.46 USD,credit card,upgrade,Legacy Billing
Q3-TX-002827,489,07/31/2025,$-206,Debit Card ,REFUND,Legacy Billing
Q3-TX-002828,343,08/27/2025,$-60,Credit Card ,Refund ,Legacy Billing
Q3-TX-002829,114,2025-07-01,123.71, Credit Card ,Upgrade ,Legacy Billing
Q3-TX-002830,1092,"Sep 27, 2025",USD 199.98, PayPal ,subscription,Legacy Billing
Q3-TX-002831,788,2025-09-28,$-434.66,CREDIT CARD,Refund,Legacy Billing
Q3-TX-002832,855,"Aug 09, 2025",$327.06,Credit Card , Subscription ,Legacy Billing
Q3-TX-002833,895,"Sep 09, 2025",USD 655.04,PayPal,upgrade,Legacy Billing
Q3-TX-002834,621,07/10/2025,USD 129.05,PayPal, Subscription ,Legacy Billing
Q3-TX-002835,193,"Aug 02, 2025",$204,Credit Card, Upgrade ,Legacy Billing
Q3-TX-002836,562,07/29/2025,82.14 USD,debit card,add-on,Legacy Billing
Q3-TX-002837,738,23/08/2025,USD 165.41, Debit Card,Upgrade,Legacy Billing
Q3-TX-002838,1319,08-08-2025,,credit card,Upgrade ,Legacy Billing
Q3-TX-002839,452,22 Aug 2025,-293.69 USD, Bank Transfer,refund,Legacy Billing
Q3-TX-002840,395,27 Sep 2025,USD 228.88,BANK TRANSFER, Add-on ,Legacy Billing
Q3-TX-002841,405,09/05/2025,155.74 USD,Bank Transfer,SUBSCRIPTION,Legacy Billing
Q3-TX-002842,773,14 Jul 2025,237.19,bank transfer, Add-on,Legacy Billing
Q3-TX-002843,1110,11-07-2025,$258,debit card,UPGRADE,Legacy Billing
Q3-TX-002844,673,09/24/2025,USD 182.73,Bank Transfer,upgrade,Legacy Billing
Q3-TX-002845,677,16-09-2025,263.56 USD,Credit Card , Upgrade ,Legacy Billing
Q3-TX-002846,468,02 Jul 2025,-340.17,credit card,REFUND,Legacy Billing
Q3-TX-002847,60,10-08-2025,USD 122.64,Debit Card,Add-on,Legacy Billing
Q3-TX-002848,332,12 Sep 2025,$498.66,Credit Card, Subscription,Legacy Billing
Q3-TX-002849,1154,09/22/2025,226.82,debit card,Subscription ,Legacy Billing
Q3-TX-002850,1018,31/08/2025,86.28,CREDIT CARD,Upgrade,Legacy Billing
Q3-TX-002851,257,14-07-2025,USD 498.17,PAYPAL,UPGRADE,Legacy Billing
Q3-TX-002852,1237,2025-09-18,-68.35,CREDIT CARD,REFUND,Legacy Billing
Q3-TX-002853,1348,"Sep 13, 2025",264.01, PayPal,add-on,Legacy Billing
Q3-TX-002854,169,"Aug 10, 2025",USD -118.73,Bank Transfer ,refund,Legacy Billing
Q3-TX-002855,1005,02 Sep 2025,-99.47,Bank Transfer,REFUND,Legacy Billing
Q3-TX-002856,396,15/09/2025,$185.07,Bank Transfer ,Subscription ,Legacy Billing
Q3-TX-002857,480,03 Sep 2025,USD 164.47,debit card,Add-on,Legacy Billing
Q3-TX-002858,206,"Sep 19, 2025",$485.97,DEBIT CARD,ADD-ON,Legacy Billing
Q3-TX-002859,608,2025-09-16,$416.31,CREDIT CARD,subscription,Legacy Billing
Q3-TX-002860,1212,"Jul 13, 2025",71.79, Debit Card , Subscription,Legacy Billing
Q3-TX-002861,1224,2025-09-11,453.17,PayPal,subscription,Legacy Billing
Q3-TX-002862,222,29/09/2025,51.54,credit card,UPGRADE,Legacy Billing
Q3-TX-002863,111,2025-09-16,USD 528.20,credit card, Add-on ,Legacy Billing
Q3-TX-002864,1223,28 Sep 2025,351.13 USD,BANK TRANSFER,subscription,Legacy Billing
Q3-TX-002865,8,13/07/2025,260.85 USD,Debit Card ,Upgrade ,Legacy Billing
Q3-TX-002866,957,"Jul 01, 2025",$337, Credit Card, Upgrade ,Legacy Billing
Q3-TX-002867,1075,09/22/2025,28.46,paypal,ADD-ON,Legacy Billing
Q3-TX-002868,679,2025-07-09,USD 169.81,PayPal,upgrade,Legacy Billing
Q3-TX-002869,13,26 Sep 2025,$205.73,bank transfer,SUBSCRIPTION,Legacy Billing
Q3-TX-002870,1217,26 Jul 2025,-425.51, Bank Transfer,REFUND,Legacy Billing
Q3-TX-002871,537,28-08-2025,$382.95, PayPal ,SUBSCRIPTION,Legacy Billing
Q3-TX-002872,1,15/07/2025,$251,PAYPAL,subscription,Legacy Billing
Q3-TX-002873,52,01/08/2025,USD 79.08,paypal, Add-on ,Legacy Billing
Q3-TX-002874,1444,27/08/2025,-254.50,BANK TRANSFER,Refund,Legacy Billing
Q3-TX-002875,1445,19/07/2025,-240.44,DEBIT CARD,Refund ,Legacy Billing
Q3-TX-002876,527,2025-07-24,USD -385.44,Debit Card , Refund ,Legacy Billing
Q3-TX-002877,708,06-08-2025,$202,bank transfer, Upgrade,Legacy Billing
Q3-TX-002878,926,"Jul 24, 2025",390.89,Bank Transfer ,Add-on,Legacy Billing
Q3-TX-002879,1236,09/24/2025,216.29,DEBIT CARD, Subscription,Legacy Billing
Q3-TX-002880,65,2025-08-18,$185, Credit Card ,Add-on ,Legacy Billing
Q3-TX-002881,443,"Aug 06, 2025",-225.79, Credit Card ,Refund ,Legacy Billing
Q3-TX-002882,1074,09/09/2025,123.41,Bank Transfer,add-on,Legacy Billing
Q3-TX-002883,110,"Sep 09, 2025",$168,Credit Card , Add-on ,Legacy Billing
Q3-TX-002884,569,08/05/2025,333.80,paypal, Add-on ,Legacy Billing
Q3-TX-002885,525,"Jul 22, 2025",$-212, PayPal ,Refund,Legacy Billing
Q3-TX-002886,1153,10/07/2025,187.23,credit card,upgrade,Legacy Billing
Q3-TX-002887,406,27 Aug 2025,48.71,Credit Card ,add-on,Legacy Billing
Q3-TX-002888,135,07/04/2025,$162.87, Debit Card ,UPGRADE,Legacy Billing
Q3-TX-002889,1476,09/06/2025,254.98, Bank Transfer ,ADD-ON,Legacy Billing
Q3-TX-002890,1,14 Aug 2025,193.96 USD, Credit Card, Subscription ,Legacy Billing
Q3-TX-002891,11,25/07/2025,-410.65,debit card, Refund,Legacy Billing
Q3-TX-002892,1089,09/11/2025,USD 315.92, Bank Transfer, Add-on,Legacy Billing
Q3-TX-002893,844,"Aug 19, 2025",-528.49,paypal,refund,Legacy Billing
Q3-TX-002894,985,"Aug 02, 2025",$233,BANK TRANSFER, Add-on,Legacy Billing
Q3-TX-002895,998,11/09/2025,$-99.91,PayPal,refund,Legacy Billing
Q3-TX-002896,389,24 Sep 2025,$294.92,DEBIT CARD, Subscription ,Legacy Billing
Q3-TX-002897,269,01-08-2025,98.35 USD, PayPal ,add-on,Legacy Billing
Q3-TX-002898,1486,14-08-2025,USD 166.18, Bank Transfer,Add-on,Legacy Billing
Q3-TX-002899,112,"Aug 11, 2025",420.07,bank transfer, Subscription,Legacy Billing
Q3-TX-002900,724,23/08/2025,$139, PayPal,ADD-ON,Legacy Billing
Q3-TX-002901,734,29 Jul 2025,USD -108.76,CREDIT CARD,REFUND,Legacy Billing
Q3-TX-002902,1494,"Aug 20, 2025",USD 324.79,credit card, Upgrade ,Legacy Billing
Q3-TX-002903,1353,29/08/2025,424.46 USD,Credit Card,upgrade,Legacy Billing
Q3-TX-002904,986,30 Jul 2025,159.02,PayPal,Upgrade ,Legacy Billing
Q3-TX-002905,1235,2025-07-03,$124,CREDIT CARD,subscription,Legacy Billing
Q3-TX-002906,810,"Aug 10, 2025",176.91, PayPal ,subscription,Legacy Billing
Q3-TX-002907,1135,"Aug 31, 2025",$-198,Credit Card,Refund ,Legacy Billing
Q3-TX-002908,1186,"Aug 14, 2025",286.61 USD,paypal,subscription,Legacy Billing
Q3-TX-002909,124,03-09-2025,USD 90.91,BANK TRANSFER,upgrade,Legacy Billing
Q3-TX-002910,147,07/13/2025,$-80, Debit Card, Refund,Legacy Billing
Q3-TX-002911,391,2025-09-13,575.12,Credit Card,subscription,Legacy Billing
Q3-TX-002912,503,20-07-2025,-280.35 USD,PayPal , Refund,Legacy Billing
Q3-TX-002913,393,"Aug 21, 2025",USD -359.64,Bank Transfer , Refund ,Legacy Billing
Q3-TX-002914,1393,01/09/2025,$-404.51, PayPal,Refund ,Legacy Billing
Q3-TX-002915,965,09/01/2025,$342.20,paypal, Upgrade,Legacy Billing
Q3-TX-002916,168,15/07/2025,123.83 USD,Debit Card , Subscription ,Legacy Billing
Q3-TX-002917,265,"Aug 10, 2025",USD 274.20,credit card,add-on,Legacy Billing
Q3-TX-002918,1005,24 Aug 2025,$168, Bank Transfer,Upgrade ,Legacy Billing
Q3-TX-002919,487,07/18/2025,-33.59,Debit Card ,refund,Legacy Billing
Q3-TX-002920,458,2025-09-17,$65.69,Credit Card ,Add-on,Legacy Billing
Q3-TX-002921,946,"Jul 12, 2025",$-217, Bank Transfer ,REFUND,Legacy Billing
Q3-TX-002922,763,07/14/2025,438.36, Credit Card , Subscription,Legacy Billing
Q3-TX-002923,1454,2025-09-23,$150.19,PayPal, Subscription,Legacy Billing
Q3-TX-002924,337,04-09-2025,$124,PayPal,ADD-ON,Legacy Billing
Q3-TX-002925,737,14-09-2025,106.07,BANK TRANSFER,Subscription ,Legacy Billing
Q3-TX-002926,1276,"Sep 09, 2025",$215.90,PayPal ,subscription,Legacy Billing
Q3-TX-002927,667,2025-07-24,256.14,debit card,Subscription ,Legacy Billing
Q3-TX-002928,1093,20/07/2025,$-133.54,BANK TRANSFER,Refund ,Legacy Billing
Q3-TX-002929,506,10-09-2025,318.81,BANK TRANSFER, Subscription ,Legacy Billing
Q3-TX-002930,301,04/09/2025,353.50, Credit Card ,SUBSCRIPTION,Legacy Billing
Q3-TX-002931,924,"Jul 23, 2025",$198, Debit Card, Add-on,Legacy Billing
Q3-TX-002932,374,21-08-2025,USD 365.54,PayPal,Subscription ,Legacy Billing
Q3-TX-002933,816,09/17/2025,USD 140.07,BANK TRANSFER, Subscription,Legacy Billing
Q3-TX-002934,1411,20 Jul 2025,169.98,PayPal,add-on,Legacy Billing
Q3-TX-002935,326,2025-08-15,$439,PayPal,Subscription,Legacy Billing
Q3-TX-002936,332,29 Aug 2025,238.58 USD,Debit Card, Add-on ,Legacy Billing
Q3-TX-002937,79,"Aug 07, 2025",USD 260.11,PayPal, Subscription ,Legacy Billing
Q3-TX-002938,891,09/20/2025,$76,Debit Card, Upgrade ,Legacy Billing
Q3-TX-002939,1479,20 Sep 2025,349.86, Credit Card,upgrade,Legacy Billing
Q3-TX-002940,165,15 Jul 2025,-349.66 USD,Credit Card, Refund ,Legacy Billing
Q3-TX-002941,1196,03/08/2025,318.43 USD,Credit Card ,Subscription ,Legacy Billing
Q3-TX-002942,1368,"Aug 21, 2025",-52.38 USD,paypal, Refund ,Legacy Billing
Q3-TX-002943,1019,2025-08-06,USD 112.64,Credit Card ,Subscription,Legacy Billing
Q3-TX-002944,163,"Aug 25, 2025",177.48 USD, PayPal ,add-on,Legacy Billing
Q3-TX-002945,423,25 Sep 2025,, Bank Transfer,subscription,Legacy Billing
Q3-TX-002946,1148,05 Aug 2025,USD -109.99,PayPal ,Refund ,Legacy Billing
Q3-TX-002947,1078,30-09-2025,-275.28 USD,paypal, Refund,Legacy Billing
Q3-TX-002948,1014,03-08-2025,-333.34,Debit Card ,REFUND,Legacy Billing
Q3-TX-002949,335,"Aug 01, 2025",256.68,PayPal ,subscription,Legacy Billing
Q3-TX-002950,987,07/08/2025,USD 267.52, Bank Transfer, Upgrade,Legacy Billing
Q3-TX-002951,856,2025-07-04,USD 248.85, Debit Card,Add-on,Legacy Billing
Q3-TX-002952,5,03 Jul 2025,$72,PayPal,subscription,Legacy Billing
Q3-TX-002953,1021,"Jul 13, 2025",40.50,Bank Transfer, Subscription,Legacy Billing
Q3-TX-002954,510,09/09/2025,$-175,DEBIT CARD, Refund,Legacy Billing
Q3-TX-002955,1351,2025-07-28,235.38 USD, Debit Card , Upgrade,Legacy Billing
Q3-TX-002956,613,21 Jul 2025,USD 127.11, PayPal,SUBSCRIPTION,Legacy Billing
Q3-TX-002957,751,04/07/2025,$405.36,Credit Card,upgrade,Legacy Billing
Q3-TX-002958,508,"Jul 11, 2025",$259.07,paypal,upgrade,Legacy Billing
Q3-TX-002959,712,06 Aug 2025,$267.24, Debit Card,subscription,Legacy Billing
Q3-TX-002960,617,"Aug 10, 2025",$219,PayPal , Add-on,Legacy Billing
Q3-TX-002961,934,2025-07-07,66.80 USD,credit card, Upgrade,Legacy Billing
Q3-TX-002962,445,07/06/2025,319.04 USD,paypal,Subscription ,Legacy Billing
Q3-TX-002963,501,17 Jul 2025,-270.15,BANK TRANSFER,Refund ,Legacy Billing
Q3-TX-002964,514,2025-07-29,-108.45, Debit Card ,refund,Legacy Billing
Q3-TX-002965,332,2025-07-31,$124.69,Credit Card, Add-on ,Legacy Billing
Q3-TX-002966,1088,28 Jul 2025,$-286,CREDIT CARD, Refund,Legacy Billing
Q3-TX-002967,541,10-07-2025,159.66 USD,Debit Card ,Add-on,Legacy Billing
Q3-TX-002968,1284,"Jul 28, 2025",119.53,PAYPAL,Upgrade,Legacy Billing
Q3-TX-002969,354,2025-08-12,USD 117.61,credit card, Subscription,Legacy Billing
Q3-TX-002970,761,23 Sep 2025,$356,Debit Card , Upgrade ,Legacy Billing
Q3-TX-002971,849,08 Sep 2025,774.12, Debit Card,subscription,Legacy Billing
Q3-TX-002972,564,08/14/2025,-183.45 USD,CREDIT CARD,REFUND,Legacy Billing
Q3-TX-002973,835,2025-07-18,$200,PAYPAL, Add-on ,Legacy Billing
Q3-TX-002974,131,2025-07-31,USD -211.03, Debit Card, Refund ,Legacy Billing
Q3-TX-002975,1399,30-07-2025,318.76 USD,CREDIT CARD, Upgrade ,Legacy Billing
Q3-TX-002976,623,2025-07-04,$56,BANK TRANSFER,SUBSCRIPTION,Legacy Billing
Q3-TX-002977,23,06/08/2025,USD 181.26, Credit Card ,Upgrade ,Legacy Billing
Q3-TX-002978,839,"Jul 03, 2025",-43.34 USD,bank transfer, Refund,Legacy Billing
Q3-TX-002979,1471,30/07/2025,USD -136.35,paypal,REFUND,Legacy Billing
Q3-TX-002980,1492,16 Sep 2025,212.56 USD, Credit Card ,Upgrade ,Legacy Billing
Q3-TX-002981,1339,2025-09-10,$-677.68, Credit Card ,refund,Legacy Billing
Q3-TX-002982,200,"Sep 17, 2025",USD 208.96,Bank Transfer ,SUBSCRIPTION,Legacy Billing
Q3-TX-002983,634,08/15/2025,USD 115.53,credit card, Add-on,Legacy Billing
Q3-TX-002984,723,25 Sep 2025,USD 129.54,Bank Transfer ,Subscription,Legacy Billing
Q3-TX-002985,1469,09/16/2025,USD 145.53,Debit Card,SUBSCRIPTION,Legacy Billing
Q3-TX-002986,426,2025-07-11,319.14, Bank Transfer ,upgrade,Legacy Billing
Q3-TX-002987,1006,23/09/2025,-20.64, PayPal ,Refund,Legacy Billing
Q3-TX-002988,370,26-08-2025,206.40,Bank Transfer , Upgrade,Legacy Billing
Q3-TX-002989,728,11-07-2025,USD 653.83,PayPal ,Add-on ,Legacy Billing
Q3-TX-002990,1489,28/08/2025,-207.21, PayPal, Refund,Legacy Billing
Q3-TX-002991,751,"Jul 25, 2025",12.22,BANK TRANSFER,SUBSCRIPTION,Legacy Billing
Q3-TX-002992,35,12-09-2025,USD 82.17,Bank Transfer,ADD-ON,Legacy Billing
Q3-TX-002993,1329,12/07/2025,117.68,Credit Card,Add-on,Legacy Billing
Q3-TX-002994,1141,08/08/2025,$98.43, Debit Card,Subscription ,Legacy Billing
Q3-TX-002995,617,08/10/2025,$428.07,Bank Transfer,Add-on ,Legacy Billing
Q3-TX-002996,761,"Sep 15, 2025",$-136.73,paypal, Refund,Legacy Billing
Q3-TX-002997,1393,09/04/2025,USD 161.08,paypal,Add-on,Legacy Billing
Q3-TX-002998,1221,2025-09-30,145.21,credit card, Upgrade,Legacy Billing
Q3-TX-002999,1231,2025-09-24,USD 181.74,Debit Card, Add-on ,Legacy Billing
Q3-TX-003000,700,07 Aug 2025,, Debit Card,Refund ,Legacy Billing
Q3-TX-002034,608,20 Jul 2025,282.27 USD, Bank Transfer, Upgrade ,Legacy Billing
Q3-TX-000890,613,07/11/2025,215.02 USD,PayPal,upgrade,Legacy Billing
Q3-TX-001643,251,09/21/2025,198.68,debit card,UPGRADE,Legacy Billing
Q3-TX-001136,641,2025-07-02,USD -281.00,PAYPAL, Refund,Legacy Billing
Q3-TX-001174,1269,"Aug 16, 2025",$175.69, Bank Transfer ,Upgrade,Legacy Billing
Q3-TX-000590,1307,29-09-2025,212.32, Debit Card ,Add-on ,Legacy Billing
Q3-TX-001993,1075,25 Jul 2025,251.26 USD,PayPal , Upgrade,Legacy Billing
Q3-TX-000138,179,"Aug 02, 2025",610.90 USD, Debit Card ,Subscription ,Legacy Billing
Q3-TX-001142,549,"Sep 15, 2025",USD 589.31,PayPal ,SUBSCRIPTION,Legacy Billing
Q3-TX-000484,4,"Aug 25, 2025",276.32 USD,BANK TRANSFER, Subscription ,Legacy Billing
Q3-TX-001639,1323,2025-07-27,113.59 USD,bank transfer, Upgrade,Legacy Billing
Q3-TX-000789,373,10-08-2025,480.96, Bank Transfer,Subscription ,Legacy Billing
Q3-TX-000871,934,2025-09-16,232.39,CREDIT CARD,ADD-ON,Legacy Billing
Q3-TX-001383,932,2025-07-03,USD -346.69,CREDIT CARD,Refund,Legacy Billing
Q3-TX-002619,354,27-08-2025,127.79 USD,Bank Transfer ,Add-on,Legacy Billing
Q3-TX-001558,711,"Aug 04, 2025",100.34,credit card, Add-on ,Legacy Billing
Q3-TX-002624,576,2025-07-17,$103,bank transfer,Subscription ,Legacy Billing
Q3-TX-000453,715,2025-09-03,-209.53,Credit Card,refund,Legacy Billing
Q3-TX-001908,311,08/19/2025,$187.96, PayPal , Upgrade,Legacy Billing
Q3-TX-002176,1207,09/11/2025,117.27, Credit Card,Upgrade ,Legacy Billing
Q3-TX-001503,1366,"Aug 13, 2025",133.31, Bank Transfer, Add-on ,Legacy Billing
Q3-TX-000584,83,28 Sep 2025,103.37,BANK TRANSFER, Add-on,Legacy Billing
Q3-TX-001865,1320,13-07-2025,-243.14,PayPal ,Refund,Legacy Billing
Q3-TX-002310,628,"Aug 25, 2025",382.00,paypal, Add-on,Legacy Billing
Q3-TX-002789,124,12-07-2025,110.29 USD,Bank Transfer ,Upgrade ,Legacy Billing
