transaction_id,user_id,transaction_date,transaction_amount,payment_method,transaction_type
Q2-TX-000001,628,28/04/2025,163.69,BANK TRANSFER,Add-on 
Q2-TX-000002,1452,20 Apr 2025,$-161, Bank Transfer,Refund 
Q2-TX-000003,1119,04/05/2025,-99.48 USD, Debit Card ,Refund
Q2-TX-000004,130,26-04-2025,$176,credit card,SUBSCRIPTION
Q2-TX-000005,883,11-06-2025,42.00,Credit Card ,SUBSCRIPTION
Q2-TX-000006,1008,2025-05-29,$183.92,BANK TRANSFER,SUBSCRIPTION
Q2-TX-000007,1419,04 May 2025,118.07,bank transfer,SUBSCRIPTION
Q2-TX-000008,943,"Jun 08, 2025",$-114.09,PayPal , Refund
Q2-TX-000009,134,02-05-2025,280.41 USD, Debit Card , Add-on
Q2-TX-000010,794,24-04-2025,USD 289.81,Credit Card, Upgrade 
Q2-TX-000011,178,"May 21, 2025",USD -154.41, PayPal ,Refund
Q2-TX-000012,1308,04/12/2025,$-81.48, Credit Card , Refund 
Q2-TX-000013,404,"May 10, 2025",224.93 USD,Debit Card,Upgrade 
Q2-TX-000014,313,23-05-2025,USD 150.50,Debit Card ,Upgrade 
Q2-TX-000015,1159,2025-06-01,$335.38,Credit Card ,Subscription
Q2-TX-000016,879,2025-05-20,$277.86,bank transfer,UPGRADE
Q2-TX-000017,1140,20/06/2025,,Credit Card ,Upgrade
Q2-TX-000018,187,04/27/2025,$29,debit card, Upgrade 
Q2-TX-000019,124,2025-05-13,526.47 USD,PayPal, Subscription 
Q2-TX-000020,970,16 May 2025,231.04 USD, PayPal,Add-on 
Q2-TX-000021,111,06-04-2025,$-36.78,BANK TRANSFER, Refund 
Q2-TX-000022,364,21/06/2025,168.38 USD,Debit Card,upgrade
Q2-TX-000023,1230,06/15/2025,$200.89, Credit Card , Subscription
Q2-TX-000024,242,04/14/2025,$448,BANK TRANSFER,Subscription 
Q2-TX-000025,1160,13-04-2025,$292.99, PayPal,add-on
Q2-TX-000026,17,"Apr 16, 2025",251.57 USD, Bank Transfer ,Add-on 
Q2-TX-000027,28,07-05-2025,-204.32,Credit Card , Refund 
Q2-TX-000028,917,01 May 2025,179.25,bank transfer,Upgrade
Q2-TX-000029,116,17 May 2025,58.28 USD, Debit Card,Add-on
Q2-TX-000030,1253,25 Apr 2025,USD -236.85,Debit Card,Refund 
Q2-TX-000031,1243,06/04/2025,$99.99,PAYPAL,Add-on
Q2-TX-000032,893,29/04/2025,124.91 USD,Debit Card ,Subscription 
Q2-TX-000033,1213,26 Apr 2025,300.60,PayPal,UPGRADE
Q2-TX-000034,136,05/04/2025,-119.26,debit card, Refund
Q2-TX-000035,942,08-04-2025,$40.50,PAYPAL,upgrade
Q2-TX-000036,716,04/06/2025,$171, Debit Card,Subscription
Q2-TX-000037,975,06/06/2025,35.65, Credit Card ,add-on
Q2-TX-000038,15,05/27/2025,$214.58, PayPal,Add-on
Q2-TX-000039,794,2025-06-17,318.89 USD,PayPal,Upgrade
Q2-TX-000040,738,2025-06-02,$-181.15,PayPal , Refund 
Q2-TX-000041,1403,07 Apr 2025,-50.57,PayPal,refund
Q2-TX-000042,262,11-04-2025,344.99,bank transfer,UPGRADE
Q2-TX-000043,633,11/04/2025,467.59, Debit Card ,upgrade
Q2-TX-000044,1399,06/12/2025,$168.33, PayPal ,Subscription
Q2-TX-000045,1423,04/23/2025,124.83, Credit Card,UPGRADE
Q2-TX-000046,975,2025-05-22,-58.23,credit card, Refund 
Q2-TX-000047,1200,13-05-2025,-219.73, Credit Card ,REFUND
Q2-TX-000048,265,08/05/2025,$-416, Bank Transfer ,Refund
Q2-TX-000049,344,"May 10, 2025",USD 60.16, PayPal,SUBSCRIPTION
Q2-TX-000050,907,2025-05-19,$31.45,Bank Transfer , Add-on
Q2-TX-000051,168,25/06/2025,172.03 USD, Bank Transfer ,Subscription
Q2-TX-000052,1032,22 May 2025,-61.11, Bank Transfer , Refund 
Q2-TX-000053,719,"Apr 24, 2025",$199.03, PayPal ,UPGRADE
Q2-TX-000054,1131,22-05-2025,-243.27,CREDIT CARD,refund
Q2-TX-000055,453,2025-05-30,-252.03,CREDIT CARD, Refund
Q2-TX-000056,861,"May 05, 2025",USD 296.24,Debit Card ,upgrade
Q2-TX-000057,715,04 May 2025,524.42 USD, Debit Card ,Add-on
Q2-TX-000058,168,04/04/2025,$343,Credit Card,Add-on
Q2-TX-000059,229,13-05-2025,359.95 USD,Bank Transfer, Add-on 
Q2-TX-000060,677,2025-05-13,72.97 USD,PAYPAL,add-on
Q2-TX-000061,561,24/04/2025,$-212,PayPal, Refund
Q2-TX-000062,878,2025-05-13,433.24, Credit Card,SUBSCRIPTION
Q2-TX-000063,9,12-04-2025,135.11 USD,PayPal , Add-on 
Q2-TX-000064,598,23/06/2025,$334,DEBIT CARD, Add-on 
Q2-TX-000065,1168,04 Jun 2025,607.26 USD, Credit Card , Upgrade 
Q2-TX-000066,1320,2025-05-07,98.55,Credit Card,upgrade
Q2-TX-000067,315,2025-04-16,$59.62,DEBIT CARD,add-on
Q2-TX-000068,473,"Jun 19, 2025",$256.53,Bank Transfer ,SUBSCRIPTION
Q2-TX-000069,110,19 Jun 2025,-190.36 USD,BANK TRANSFER,REFUND
Q2-TX-000070,1449,06/02/2025,495.72, PayPal ,SUBSCRIPTION
Q2-TX-000071,947,04/10/2025,$-83.98,CREDIT CARD,REFUND
Q2-TX-000072,778,23-05-2025,421.74,debit card, Subscription 
Q2-TX-000073,900016,05 May 2025,184.40, PayPal ,upgrade
Q2-TX-000074,734,2025-06-09,USD 120.05, Credit Card ,Upgrade
Q2-TX-000075,838,02/04/2025,213.40,Debit Card, Add-on 
Q2-TX-000076,1336,05-05-2025,$155,debit card,add-on
Q2-TX-000077,937,07-04-2025,$-203.78,Bank Transfer,REFUND
Q2-TX-000078,1460,10/04/2025,-409.35,paypal,refund
Q2-TX-000079,386,"May 11, 2025",$640,PayPal, Add-on 
Q2-TX-000080,86,15-05-2025,USD 193.36, Debit Card , Subscription 
Q2-TX-000081,208,20/05/2025,$269.02,bank transfer, Upgrade
Q2-TX-000082,934,22/04/2025,372.59, Bank Transfer,Add-on 
Q2-TX-000083,840,"Jun 29, 2025",266.47,PAYPAL,Add-on
Q2-TX-000084,1068,24 Apr 2025,$126.43,PAYPAL,Subscription
Q2-TX-000085,865,11/05/2025,USD 242.42,bank transfer,subscription
Q2-TX-000086,1219,05/30/2025,$190,paypal,Subscription 
Q2-TX-000087,554,16-04-2025,36.26,credit card, Subscription 
Q2-TX-000088,1189,2025-06-04,-11.82 USD,PayPal,REFUND
Q2-TX-000089,198,13 Jun 2025,242.21,DEBIT CARD, Add-on 
Q2-TX-000090,970,20 May 2025,$108.41,paypal,Add-on
Q2-TX-000091,1107,21/05/2025,USD 377.51,PayPal ,Upgrade 
Q2-TX-000092,220,24 Jun 2025,122.52 USD,PAYPAL,Upgrade 
Q2-TX-000093,279,2025-06-27,$139,Credit Card,Add-on 
Q2-TX-000094,694,2025-05-30,-322.37,Bank Transfer ,Refund
Q2-TX-000095,1239,04 Jun 2025,$164,debit card,ADD-ON
Q2-TX-000096,1444,06/11/2025,USD 104.76, Bank Transfer ,Upgrade
Q2-TX-000097,272,"May 26, 2025",USD -285.12,credit card, Refund 
Q2-TX-000098,80,06/19/2025,788.55 USD, Bank Transfer,add-on
Q2-TX-000099,920,04/17/2025,120.26 USD, PayPal, Add-on
Q2-TX-000100,727,05/17/2025,348.15 USD, Credit Card , Subscription 
Q2-TX-000101,1192,03-05-2025,$311,DEBIT CARD, Subscription
Q2-TX-000102,227,2025-05-24,USD 695.85,Credit Card ,SUBSCRIPTION
Q2-TX-000103,1172,20 Apr 2025,432.44, Debit Card ,SUBSCRIPTION
Q2-TX-000104,12,16/06/2025,USD 203.20, Credit Card , Add-on
Q2-TX-000105,1281,10/04/2025,USD 280.82,Debit Card,Add-on 
Q2-TX-000106,759,13-04-2025,$49,bank transfer,UPGRADE
Q2-TX-000107,437,19 Jun 2025,$-495.58, Debit Card,Refund
Q2-TX-000108,633,2025-05-21,USD -73.03,Bank Transfer ,refund
Q2-TX-000109,943,"Apr 13, 2025",$278.75, Bank Transfer ,add-on
Q2-TX-000110,811,05/24/2025,277.72,Credit Card,subscription
Q2-TX-000111,86,10-06-2025,$310,BANK TRANSFER, Subscription
Q2-TX-000112,1423,"May 28, 2025",,CREDIT CARD, Add-on
Q2-TX-000113,1107,2025-06-20,USD -201.90, Bank Transfer, Refund 
Q2-TX-000114,317,13/06/2025,330.78 USD,CREDIT CARD,subscription
Q2-TX-000115,1153,04/11/2025,USD -311.37, PayPal ,refund
Q2-TX-000116,955,18 Apr 2025,667.27, Debit Card ,SUBSCRIPTION
Q2-TX-000117,147,05 Jun 2025,475.91 USD, Bank Transfer, Upgrade 
Q2-TX-000118,792,04/05/2025,$187, Credit Card , Upgrade 
Q2-TX-000119,636,14 Apr 2025,$-183,debit card,Refund 
Q2-TX-000120,386,"May 27, 2025",$116, Credit Card, Add-on
Q2-TX-000121,519,"Jun 13, 2025",$315.01, Debit Card,Upgrade 
Q2-TX-000122,1225,10/05/2025,49.89 USD,credit card,upgrade
Q2-TX-000123,832,25/04/2025,$57.82,DEBIT CARD, Add-on 
Q2-TX-000124,1216,2025-05-17,-294.92,PayPal , Refund 
Q2-TX-000125,154,06-04-2025,-401.38 USD,PayPal ,Refund
Q2-TX-000126,461,15/04/2025,129.02,paypal, Upgrade
Q2-TX-000127,141,10/06/2025,$334, PayPal , Upgrade 
Q2-TX-000128,1404,26/06/2025,$528.98,BANK TRANSFER,Upgrade
Q2-TX-000129,613,06/06/2025,383.68,BANK TRANSFER,Upgrade 
Q2-TX-000130,1134,26/05/2025,$-268,PayPal ,refund
Q2-TX-000131,247,20 May 2025,-290.63 USD,Bank Transfer ,Refund 
Q2-TX-000132,1069,14 Apr 2025,323.49,bank transfer,add-on
Q2-TX-000133,303,04 May 2025,230.77 USD, PayPal, Upgrade
Q2-TX-000134,400,08-04-2025,$158,CREDIT CARD, Subscription 
Q2-TX-000135,116,04/22/2025,$-238.80, Bank Transfer,refund
Q2-TX-000136,836,"May 13, 2025",152.05, Bank Transfer, Subscription 
Q2-TX-000137,513,02-05-2025,$390,PAYPAL, Subscription
Q2-TX-000138,880,06/27/2025,231.50,paypal,Subscription
Q2-TX-000139,930,04/04/2025,118.42,PayPal, Upgrade 
Q2-TX-000140,570,19-06-2025,$186,Credit Card ,Subscription
Q2-TX-000141,1155,15/05/2025,USD 123.60,Credit Card ,upgrade
Q2-TX-000142,167,21-04-2025,-540.80 USD,BANK TRANSFER,refund
Q2-TX-000143,263,18 Apr 2025,USD 377.04,PAYPAL, Upgrade 
Q2-TX-000144,917,"Jun 19, 2025",$166.29,Debit Card,Upgrade
Q2-TX-000145,391,2025-05-15,USD 145.75,CREDIT CARD,UPGRADE
Q2-TX-000146,480,24 Jun 2025,$-164.53,paypal,Refund 
Q2-TX-000147,1351,2025-06-29,$74,PayPal ,Add-on
Q2-TX-000148,1439,04/10/2025,$241, Debit Card , Subscription 
Q2-TX-000149,888,29/05/2025,86.38,PayPal ,Subscription
Q2-TX-000150,1428,04-06-2025,,bank transfer,refund
Q2-TX-000151,983,07-04-2025,$374.06,paypal,Upgrade 
Q2-TX-000152,975,2025-05-16,USD 515.81, Debit Card , Subscription
Q2-TX-000153,719,"May 27, 2025",, Debit Card,Refund
Q2-TX-000154,346,2025-05-10,143.83,debit card,upgrade
Q2-TX-000155,499,02 May 2025,$-68,credit card, Refund 
Q2-TX-000156,307,22-05-2025,USD -321.70, Credit Card,refund
Q2-TX-000157,237,2025-05-19,USD 216.79,Debit Card ,Upgrade
Q2-TX-000158,637,06/24/2025,USD 126.21, Bank Transfer ,ADD-ON
Q2-TX-000159,1350,05/05/2025,USD 138.07, PayPal, Add-on 
Q2-TX-000160,802,"May 25, 2025",420.40 USD,Credit Card ,Add-on 
Q2-TX-000161,290,06/03/2025,$28.12,DEBIT CARD, Subscription
Q2-TX-000162,620,15 May 2025,470.26,Bank Transfer,Upgrade 
Q2-TX-000163,23,2025-04-20,114.60 USD, PayPal , Upgrade 
Q2-TX-000164,1028,02 Jun 2025,$349,PayPal, Subscription 
Q2-TX-000165,166,04/06/2025,-90.97 USD,BANK TRANSFER, Refund 
Q2-TX-000166,201,29-05-2025,-276.75, Credit Card ,REFUND
Q2-TX-000167,758,"May 11, 2025",USD -189.48,PAYPAL, Refund 
Q2-TX-000168,111,03/05/2025,-464.24,Credit Card ,refund
Q2-TX-000169,1079,01/04/2025,$183.80,paypal,ADD-ON
Q2-TX-000170,1114,05/31/2025,495.05,Bank Transfer ,subscription
Q2-TX-000171,1043,"May 09, 2025",163.41, Bank Transfer , Subscription
Q2-TX-000172,545,"May 06, 2025",-336.54 USD, Debit Card , Refund
Q2-TX-000173,368,"Apr 15, 2025",$382.28,Bank Transfer,UPGRADE
Q2-TX-000174,1487,"Jun 01, 2025",180.25 USD,bank transfer,SUBSCRIPTION
Q2-TX-000175,93,04/12/2025,,PayPal ,Subscription 
Q2-TX-000176,531,"May 31, 2025",$71.88, Debit Card ,UPGRADE
Q2-TX-000177,999,21-05-2025,$-261, Bank Transfer ,Refund
Q2-TX-000178,1110,2025-06-12,$350.72, PayPal, Upgrade
Q2-TX-000179,1035,02/04/2025,525.41,Bank Transfer,Subscription 
Q2-TX-000180,727,2025-04-26,368.93, Bank Transfer , Upgrade 
Q2-TX-000181,117,"Apr 04, 2025",$243.98,BANK TRANSFER,upgrade
Q2-TX-000182,233,2025-05-03,174.23,Credit Card,UPGRADE
Q2-TX-000183,1334,15-04-2025,$207, Credit Card ,Upgrade 
Q2-TX-000184,1052,2025-06-01,$184.19, Credit Card,upgrade
Q2-TX-000185,322,01-04-2025,397.09 USD, Credit Card,upgrade
Q2-TX-000186,500,03-05-2025,469.85 USD,credit card, Add-on 
Q2-TX-000187,1109,2025-06-14,$182.24,credit card,Add-on 
Q2-TX-000188,519,2025-06-01,-301.64,PayPal, Refund 
Q2-TX-000189,679,"May 14, 2025",198.26,paypal,Subscription
Q2-TX-000190,588,2025-06-26,$58,BANK TRANSFER, Add-on
Q2-TX-000191,404,2025-06-10,$85.19,Credit Card,Subscription 
Q2-TX-000192,1084,29-04-2025,$121,credit card, Subscription
Q2-TX-000193,58,27/04/2025,USD -198.63,Debit Card, Refund
Q2-TX-000194,472,04/20/2025,$250, PayPal, Upgrade
Q2-TX-000195,1169,"Apr 20, 2025",USD 530.52,DEBIT CARD,Upgrade
Q2-TX-000196,264,21 Jun 2025,$224.99, Bank Transfer ,subscription
Q2-TX-000197,646,18-05-2025,$232, Bank Transfer,Add-on 
Q2-TX-000198,987,16/06/2025,349.82,credit card, Subscription 
Q2-TX-000199,517,2025-05-29,$91,DEBIT CARD, Upgrade
Q2-TX-000200,696,19-04-2025,252.96,PAYPAL,upgrade
Q2-TX-000201,319,11-04-2025,329.12,DEBIT CARD, Add-on 
Q2-TX-000202,211,2025-06-07,USD -164.23,CREDIT CARD, Refund
Q2-TX-000203,39,27 May 2025,$211,Bank Transfer ,upgrade
Q2-TX-000204,94,05/05/2025,178.60,Credit Card , Upgrade
Q2-TX-000205,766,04/25/2025,164.71 USD,DEBIT CARD,Upgrade 
Q2-TX-000206,230,2025-06-01,240.41, Bank Transfer,add-on
Q2-TX-000207,268,21-05-2025,$399,bank transfer,Upgrade
Q2-TX-000208,361,16 Jun 2025,$291.77, PayPal,Upgrade
Q2-TX-000209,1369,"May 14, 2025",-452.81, PayPal,Refund
Q2-TX-000210,1015,17 Apr 2025,163.35 USD,bank transfer,UPGRADE
Q2-TX-000211,900003,28 Apr 2025,$305.94, Bank Transfer, Upgrade
Q2-TX-000212,570,04/29/2025,261.77,PayPal ,add-on
Q2-TX-000213,1040,20-05-2025,395.22, Debit Card,Subscription 
Q2-TX-000214,265,04/22/2025,$-317,Bank Transfer ,Refund 
Q2-TX-000215,166,19-05-2025,440.04, Bank Transfer , Subscription 
Q2-TX-000216,308,17/05/2025,USD -140.26, Credit Card , Refund
Q2-TX-000217,870,10-04-2025,539.03,Credit Card ,Add-on 
Q2-TX-000218,61,04/03/2025,$164,PayPal ,Add-on 
Q2-TX-000219,830,16/04/2025,$151.05,Bank Transfer, Add-on
Q2-TX-000220,1021,06/12/2025,$298, Credit Card ,Add-on
Q2-TX-000221,455,10-06-2025,$-40, Credit Card, Refund
Q2-TX-000222,1365,23-05-2025,$211.36, Debit Card ,upgrade
Q2-TX-000223,208,04/19/2025,-128.66,PayPal ,Refund
Q2-TX-000224,476,09/06/2025,-103.72,CREDIT CARD,REFUND
Q2-TX-000225,37,07-05-2025,USD -127.14, Credit Card, Refund
Q2-TX-000226,454,04 May 2025,159.98,Credit Card ,Subscription 
Q2-TX-000227,1229,"May 10, 2025",127.42, Credit Card,Add-on
Q2-TX-000228,1449,05/10/2025,$98,PayPal,add-on
Q2-TX-000229,1405,"May 12, 2025",162.31,Bank Transfer , Add-on 
Q2-TX-000230,763,14/06/2025,$80,Bank Transfer , Upgrade
Q2-TX-000231,1308,11 Apr 2025,USD 303.86,BANK TRANSFER,UPGRADE
Q2-TX-000232,382,2025-06-24,USD 152.09, Bank Transfer,upgrade
Q2-TX-000233,1099,22-06-2025,$102,Credit Card, Upgrade
Q2-TX-000234,1304,"Apr 17, 2025",$334, PayPal ,Add-on 
Q2-TX-000235,714,2025-04-14,$305,paypal, Upgrade 
Q2-TX-000236,467,26 Apr 2025,117.14, Credit Card , Upgrade
Q2-TX-000237,1351,2025-06-21,$-627.81,DEBIT CARD, Refund
Q2-TX-000238,433,"May 08, 2025",$576,PayPal, Add-on
Q2-TX-000239,115,04/16/2025,USD 346.29,DEBIT CARD, Subscription
Q2-TX-000240,1270,08 Jun 2025,,Debit Card , Upgrade
Q2-TX-000241,669,2025-06-01,97.44,Credit Card ,Add-on
Q2-TX-000242,365,06/26/2025,284.90,Credit Card ,SUBSCRIPTION
Q2-TX-000243,406,04/30/2025,203.05,debit card, Upgrade
Q2-TX-000244,667,15-05-2025,289.38, Credit Card,Add-on
Q2-TX-000245,1459,15 Jun 2025,320.60, Credit Card,Subscription
Q2-TX-000246,892,2025-06-08,$324,BANK TRANSFER, Add-on
Q2-TX-000247,1140,2025-06-02,USD 124.59,Bank Transfer ,add-on
Q2-TX-000248,136,27/06/2025,803.32 USD,Bank Transfer ,Subscription
Q2-TX-000249,607,30 May 2025,USD 225.47,Credit Card,Add-on 
Q2-TX-000250,582,2025-04-25,$91.05,PAYPAL, Upgrade
Q2-TX-000251,775,08/05/2025,375.60, Credit Card ,SUBSCRIPTION
Q2-TX-000252,1477,09/04/2025,132.79,Credit Card,Subscription 
Q2-TX-000253,606,04/02/2025,$223.85, PayPal, Upgrade 
Q2-TX-000254,959,11/04/2025,-177.22, Debit Card,refund
Q2-TX-000255,1465,01 Apr 2025,$-291, PayPal ,refund
Q2-TX-000256,728,08-05-2025,$439.26, Credit Card, Upgrade 
Q2-TX-000257,922,28/06/2025,254.46 USD, Debit Card ,Subscription
Q2-TX-000258,1058,12/06/2025,$158,Debit Card ,subscription
Q2-TX-000259,894,"Apr 25, 2025",588.21,debit card, Upgrade
Q2-TX-000260,119,30-05-2025,$488.68, PayPal, Upgrade 
Q2-TX-000261,1153,16/04/2025,$-813,Debit Card, Refund 
Q2-TX-000262,956,10/05/2025,, Debit Card ,REFUND
Q2-TX-000263,22,"Apr 24, 2025",97.41,Credit Card , Upgrade
Q2-TX-000264,677,"May 10, 2025",$63.55,Debit Card, Subscription 
Q2-TX-000265,1229,2025-05-30,USD 79.09, Bank Transfer ,Subscription 
Q2-TX-000266,521,06/10/2025,179.46 USD,BANK TRANSFER,UPGRADE
Q2-TX-000267,1411,23-05-2025,-267.13,PayPal,Refund
Q2-TX-000268,212,"Jun 07, 2025",$125.74,bank transfer, Upgrade 
Q2-TX-000269,359,2025-06-09,$96, Debit Card,Subscription
Q2-TX-000270,1499,"Jun 19, 2025",$293.64,Debit Card,Subscription 
Q2-TX-000271,795,"Apr 15, 2025",$430,DEBIT CARD,upgrade
Q2-TX-000272,446,14/06/2025,34.03 USD,Debit Card, Add-on 
Q2-TX-000273,706,"Jun 10, 2025",,Debit Card, Refund 
Q2-TX-000274,848,27-04-2025,219.54,Bank Transfer,Upgrade 
Q2-TX-000275,1175,"May 09, 2025",$325, Debit Card ,SUBSCRIPTION
Q2-TX-000276,1256,2025-06-21,USD 106.98,Bank Transfer , Subscription
Q2-TX-000277,1484,06/03/2025,70.95,Bank Transfer ,Subscription 
Q2-TX-000278,934,05/29/2025,$405.60,Debit Card,Upgrade
Q2-TX-000279,1065,2025-06-01,$217,DEBIT CARD,Upgrade 
Q2-TX-000280,1300,14/06/2025,USD 115.56,CREDIT CARD, Upgrade
Q2-TX-000281,446,"May 14, 2025",-610.98 USD,credit card,REFUND
Q2-TX-000282,1358,2025-06-09,USD -338.75, Debit Card ,refund
Q2-TX-000283,1077,"Apr 05, 2025",USD -201.66, Credit Card ,REFUND
Q2-TX-000284,388,2025-05-30,USD 385.99, PayPal,ADD-ON
Q2-TX-000285,1141,01 Jun 2025,61.86,Credit Card ,Upgrade
Q2-TX-000286,1383,2025-04-17,$-162, Credit Card,Refund 
Q2-TX-000287,904,05-04-2025,138.57,Bank Transfer, Subscription 
Q2-TX-000288,928,05 Apr 2025,179.21, Credit Card, Subscription
Q2-TX-000289,602,20/05/2025,490.76,credit card,UPGRADE
Q2-TX-000290,156,2025-06-13,$548.70,Bank Transfer,SUBSCRIPTION
Q2-TX-000291,463,"Apr 22, 2025",$253,PayPal ,subscription
Q2-TX-000292,907,2025-05-23,143.99,PayPal,add-on
Q2-TX-000293,586,2025-04-02,88.27,DEBIT CARD, Add-on
Q2-TX-000294,201,2025-06-16,USD -508.36,Bank Transfer ,Refund 
Q2-TX-000295,499,09-04-2025,302.71, Debit Card,upgrade
Q2-TX-000296,667,03-06-2025,$128,DEBIT CARD,SUBSCRIPTION
Q2-TX-000297,9,06/28/2025,136.84, PayPal,UPGRADE
Q2-TX-000298,871,05/22/2025,245.88,DEBIT CARD,Subscription
Q2-TX-000299,1307,18 May 2025,59.78,Bank Transfer, Subscription 
Q2-TX-000300,387,10 Jun 2025,,Debit Card ,upgrade
Q2-TX-000301,1389,10/04/2025,122.55, Credit Card , Add-on
Q2-TX-000302,1375,2025-05-09,392.67,paypal,Add-on
Q2-TX-000303,769,"Apr 25, 2025",USD 239.41,bank transfer,Add-on 
Q2-TX-000304,516,25-06-2025,147.94, Credit Card , Add-on
Q2-TX-000305,1080,2025-04-05,111.72,debit card,ADD-ON
Q2-TX-000306,543,06/09/2025,592.08,credit card,ADD-ON
Q2-TX-000307,1375,05/22/2025,525.21,Credit Card ,Subscription 
Q2-TX-000308,270,"Apr 17, 2025",$-15.75,PayPal ,Refund
Q2-TX-000309,1125,"Apr 28, 2025",$552.19,PAYPAL,SUBSCRIPTION
Q2-TX-000310,42,09 Jun 2025,USD 103.00,PayPal ,Subscription
Q2-TX-000311,1465,13/06/2025,273.08 USD,BANK TRANSFER,subscription
Q2-TX-000312,614,04 Jun 2025,USD -247.30,BANK TRANSFER,Refund 
Q2-TX-000313,830,08 May 2025,USD -89.02, Debit Card ,Refund
Q2-TX-000314,680,"May 08, 2025",355.63,Debit Card ,upgrade
Q2-TX-000315,109,"May 09, 2025",-114.78,Bank Transfer,refund
Q2-TX-000316,1321,03-05-2025,$246,bank transfer,SUBSCRIPTION
Q2-TX-000317,1206,13/05/2025,$700.15,PayPal,Subscription
Q2-TX-000318,348,19/06/2025,$183,Bank Transfer, Add-on 
Q2-TX-000319,616,28-06-2025,$208.56,bank transfer, Upgrade
Q2-TX-000320,1452,19-05-2025,201.56,Debit Card,Upgrade 
Q2-TX-000321,585,06/10/2025,$128.46,PayPal ,SUBSCRIPTION
Q2-TX-000322,111,31-05-2025,46.84,bank transfer, Upgrade
Q2-TX-000323,382,09/06/2025,$184,Debit Card ,upgrade
Q2-TX-000324,1186,24-04-2025,, PayPal, Refund
Q2-TX-000325,436,05/16/2025,327.63 USD,Bank Transfer ,Subscription
Q2-TX-000326,729,"Jun 01, 2025",-185.77,Bank Transfer ,Refund
Q2-TX-000327,439,"Apr 08, 2025",USD 56.44, Bank Transfer ,Add-on 
Q2-TX-000328,606,01-06-2025,$527.52, PayPal ,SUBSCRIPTION
Q2-TX-000329,276,01 Apr 2025,$160,Bank Transfer,Add-on 
Q2-TX-000330,684,"Apr 15, 2025",$212,PayPal , Add-on
Q2-TX-000331,1317,04 Apr 2025,$218.73,Debit Card ,Upgrade
Q2-TX-000332,437,06-06-2025,-416.14, PayPal , Refund 
Q2-TX-000333,1447,2025-04-16,205.95 USD, Credit Card,Upgrade
Q2-TX-000334,333,2025-05-23,166.66, Debit Card ,Add-on
Q2-TX-000335,1186,"May 15, 2025",-147.10,PAYPAL, Refund 
Q2-TX-000336,1156,2025-04-18,$-134,Credit Card,REFUND
Q2-TX-000337,740,06/04/2025,$-76,Bank Transfer,Refund
Q2-TX-000338,1004,06/15/2025,157.35, PayPal ,add-on
Q2-TX-000339,1206,05/06/2025,-179.91 USD,paypal,REFUND
Q2-TX-000340,1500,2025-05-22,417.09,Credit Card, Subscription
Q2-TX-000341,518,04/20/2025,-406.93,PayPal ,refund
Q2-TX-000342,282,2025-04-13,$149.82,Debit Card ,UPGRADE
Q2-TX-000343,1256,27-04-2025,-71.28 USD,Debit Card,REFUND
Q2-TX-000344,1066,23-05-2025,$109, PayPal, Add-on 
Q2-TX-000345,474,06/05/2025,$-252,DEBIT CARD, Refund 
Q2-TX-000346,430,10 Jun 2025,122.19,PayPal, Upgrade
Q2-TX-000347,932,17-04-2025,USD -220.97,PayPal ,refund
Q2-TX-000348,315,"Jun 11, 2025",$42, Bank Transfer,subscription
Q2-TX-000349,1499,2025-05-01,453.35, Bank Transfer,Subscription 
Q2-TX-000350,262,18/05/2025,199.84,Debit Card , Subscription
Q2-TX-000351,922,"Jun 20, 2025",$177.06, Debit Card ,SUBSCRIPTION
Q2-TX-000352,1102,22-05-2025,$328.65,credit card,ADD-ON
Q2-TX-000353,484,22 May 2025,$-162,debit card, Refund
Q2-TX-000354,389,06/02/2025,49.31,DEBIT CARD,Add-on 
Q2-TX-000355,312,2025-04-29,$-189,PAYPAL,Refund 
Q2-TX-000356,1186,2025-04-19,200.96, Credit Card,Add-on
Q2-TX-000357,812,29-06-2025,$238,Credit Card ,upgrade
Q2-TX-000358,527,04/29/2025,618.76,DEBIT CARD,Upgrade 
Q2-TX-000359,1243,22/04/2025,$298.81, Debit Card,Upgrade 
Q2-TX-000360,1021,02/05/2025,223.46,Bank Transfer,ADD-ON
Q2-TX-000361,678,04/29/2025,-345.25,Credit Card, Refund
Q2-TX-000362,888,13/04/2025,$52, Bank Transfer ,SUBSCRIPTION
Q2-TX-000363,238,14/06/2025,USD 434.40,credit card,ADD-ON
Q2-TX-000364,945,17 Jun 2025,326.90 USD,Debit Card,upgrade
Q2-TX-000365,333,22-06-2025,454.44,paypal, Upgrade 
Q2-TX-000366,1447,25/06/2025,,credit card,Refund
Q2-TX-000367,1188,2025-05-12,USD -268.95, Debit Card,REFUND
Q2-TX-000368,1357,30-05-2025,-168.88 USD,PAYPAL,REFUND
Q2-TX-000369,813,09-05-2025,593.39 USD,Credit Card ,ADD-ON
Q2-TX-000370,80,04 Jun 2025,USD 176.58,credit card,upgrade
Q2-TX-000371,300,11 Apr 2025,97.16 USD,PAYPAL,ADD-ON
Q2-TX-000372,1428,25-06-2025,111.57,credit card, Upgrade 
Q2-TX-000373,481,13/04/2025,240.62,Bank Transfer,subscription
Q2-TX-000374,1296,30/04/2025,319.49, Bank Transfer, Upgrade
Q2-TX-000375,434,11-06-2025,$112, PayPal,Upgrade
Q2-TX-000376,406,"Jun 08, 2025",USD -305.48,PayPal ,Refund 
Q2-TX-000377,273,06/09/2025,USD 432.49, Debit Card, Add-on 
Q2-TX-000378,168,2025-04-23,398.59 USD,PayPal,Subscription 
Q2-TX-000379,518,14/04/2025,302.58,Bank Transfer,Add-on
Q2-TX-000380,1053,04/10/2025,-324.39,debit card, Refund
Q2-TX-000381,182,13-05-2025,$-283,CREDIT CARD, Refund 
Q2-TX-000382,1340,04/25/2025,-56.82,DEBIT CARD,Refund
Q2-TX-000383,100,04/16/2025,USD 361.13,PAYPAL,ADD-ON
Q2-TX-000384,807,29/04/2025,158.42,Credit Card ,upgrade
Q2-TX-000385,825,"May 26, 2025",$418.53, PayPal,Upgrade 
Q2-TX-000386,977,07-04-2025,-133.76 USD, Credit Card ,refund
Q2-TX-000387,241,"Apr 23, 2025",USD -171.95,bank transfer,Refund 
Q2-TX-000388,934,05/02/2025,USD 254.69, Credit Card , Upgrade
Q2-TX-000389,1126,23-06-2025,$720.91,BANK TRANSFER,subscription
Q2-TX-000390,825,2025-06-19,-262.44 USD, Bank Transfer,Refund
Q2-TX-000391,1024,24/06/2025,$262,debit card, Subscription 
Q2-TX-000392,1333,15-05-2025,100.74 USD,CREDIT CARD,ADD-ON
Q2-TX-000393,55,06/20/2025,$82.84,Debit Card,Upgrade
Q2-TX-000394,947,01/06/2025,$-154,Credit Card , Refund 
Q2-TX-000395,576,"May 13, 2025",318.01 USD,Debit Card,Subscription
Q2-TX-000396,1216,2025-06-26,USD 262.45,debit card,Upgrade
Q2-TX-000397,1160,2025-05-05,-213.51,PayPal ,REFUND
Q2-TX-000398,991,19-04-2025,USD 163.91,Bank Transfer,add-on
Q2-TX-000399,1381,06/06/2025,360.99,bank transfer,Upgrade 
Q2-TX-000400,665,04/30/2025,521.12, PayPal, Add-on 
Q2-TX-000401,961,05/23/2025,345.82,Credit Card, Add-on
Q2-TX-000402,1244,04/22/2025,458.45,credit card,Subscription
Q2-TX-000403,661,04/20/2025,$201,bank transfer,Subscription
Q2-TX-000404,22,10-05-2025,,bank transfer,subscription
Q2-TX-000405,456,2025-04-18,,Credit Card, Subscription 
Q2-TX-000406,317,21/05/2025,456.56 USD,Credit Card,add-on
Q2-TX-000407,29,04/21/2025,USD 570.00,PAYPAL,UPGRADE
Q2-TX-000408,1174,2025-04-10,463.78, Credit Card,Add-on 
Q2-TX-000409,494,24 Apr 2025,$535,PayPal ,Upgrade 
Q2-TX-000410,412,04/17/2025,$160, Credit Card,Add-on
Q2-TX-000411,33,15/06/2025,132.23,Bank Transfer ,UPGRADE
Q2-TX-000412,940,04/15/2025,194.65 USD, Credit Card , Subscription 
Q2-TX-000413,302,09-04-2025,$-172.80, Credit Card,Refund
Q2-TX-000414,287,25/06/2025,USD 146.41,paypal, Upgrade 
Q2-TX-000415,1030,"Apr 11, 2025",$-537,Bank Transfer, Refund 
Q2-TX-000416,413,16/04/2025,,CREDIT CARD,REFUND
Q2-TX-000417,978,26-06-2025,USD 459.42,Bank Transfer, Upgrade
Q2-TX-000418,732,2025-04-06,$335.83,Debit Card , Upgrade
Q2-TX-000419,892,10/05/2025,8.48,DEBIT CARD,add-on
Q2-TX-000420,448,"Apr 18, 2025",165.70, PayPal ,SUBSCRIPTION
Q2-TX-000421,1158,05-05-2025,150.69,PAYPAL,SUBSCRIPTION
Q2-TX-000422,1118,"Apr 12, 2025",USD -123.97,Credit Card, Refund
Q2-TX-000423,144,2025-04-09,122.40,CREDIT CARD,Upgrade 
Q2-TX-000424,1473,10/04/2025,$136, Debit Card ,Upgrade
Q2-TX-000425,1395,2025-05-04,$127.44,Credit Card, Upgrade
Q2-TX-000426,620,17-06-2025,165.26 USD,Bank Transfer, Add-on
Q2-TX-000427,617,"Apr 12, 2025",$-134.71,DEBIT CARD,refund
Q2-TX-000428,966,14-04-2025,USD 148.82,paypal,Add-on 
Q2-TX-000429,170,16/05/2025,688.23 USD,Credit Card, Upgrade
Q2-TX-000430,974,05/22/2025,$314, PayPal , Add-on
Q2-TX-000431,711,31-05-2025,-496.09 USD,CREDIT CARD,Refund 
Q2-TX-000432,155,20 May 2025,$88.20, Bank Transfer, Upgrade
Q2-TX-000433,1384,14-04-2025,-144.53 USD, Debit Card ,refund
Q2-TX-000434,615,"May 01, 2025",117.33 USD,debit card,Upgrade
Q2-TX-000435,1072,05-04-2025,$728,PayPal,Add-on 
Q2-TX-000436,1449,2025-04-17,$-389.75,BANK TRANSFER,REFUND
Q2-TX-000437,744,05 Apr 2025,202.56,PayPal ,SUBSCRIPTION
Q2-TX-000438,1285,"Apr 27, 2025",,Bank Transfer , Subscription
Q2-TX-000439,1469,24-06-2025,USD 197.59, Debit Card ,Add-on 
Q2-TX-000440,564,22 May 2025,$201.29,debit card,Upgrade
Q2-TX-000441,686,"Jun 17, 2025",133.50,PayPal,Subscription
Q2-TX-000442,1028,10-06-2025,-182.54 USD,DEBIT CARD,Refund
Q2-TX-000443,247,"Jun 16, 2025",213.28,bank transfer, Add-on
Q2-TX-000444,927,2025-06-24,112.79 USD,credit card, Upgrade
Q2-TX-000445,765,"Apr 14, 2025",USD 468.02,Credit Card ,add-on
Q2-TX-000446,940,"Apr 19, 2025",$446,Bank Transfer ,UPGRADE
Q2-TX-000447,825,10 Apr 2025,$-145.91,PayPal, Refund 
Q2-TX-000448,1203,2025-05-13,$-44.32,Bank Transfer, Refund 
Q2-TX-000449,867,11 Apr 2025,-195.08,Bank Transfer , Refund
Q2-TX-000450,170,"Jun 01, 2025",203.10,CREDIT CARD,Subscription
Q2-TX-000451,655,07-04-2025,$393,CREDIT CARD, Add-on
Q2-TX-000452,472,21 Jun 2025,238.26, Debit Card , Add-on 
Q2-TX-000453,278,"Apr 15, 2025",USD 55.33, PayPal ,add-on
Q2-TX-000454,1469,25/05/2025,191.17,paypal, Add-on
Q2-TX-000455,9,2025-05-24,$246,CREDIT CARD,Add-on
Q2-TX-000456,359,06/01/2025,-139.58,paypal,Refund
Q2-TX-000457,140,"Apr 12, 2025",$409.66,BANK TRANSFER,Subscription 
Q2-TX-000458,796,05/19/2025,$-409,PayPal , Refund
Q2-TX-000459,219,05/22/2025,USD -229.93,debit card,Refund 
Q2-TX-000460,1051,05/27/2025,-462.36,DEBIT CARD,Refund 
Q2-TX-000461,272,04 May 2025,32.94, Credit Card , Subscription
Q2-TX-000462,989,29 Apr 2025,$280.52,Debit Card , Subscription 
Q2-TX-000463,720,16 May 2025,291.50,paypal,Upgrade
Q2-TX-000464,29,17/06/2025,172.23,Bank Transfer,Subscription
Q2-TX-000465,900011,10 Jun 2025,$36,CREDIT CARD, Subscription 
Q2-TX-000466,1278,11 May 2025,182.96, PayPal ,ADD-ON
Q2-TX-000467,1077,16-05-2025,USD 152.74,PayPal,UPGRADE
Q2-TX-000468,35,2025-05-29,USD -514.94,PayPal , Refund 
Q2-TX-000469,1195,2025-05-23,$346.06,credit card, Upgrade
Q2-TX-000470,520,25-06-2025,-224.62,Debit Card ,refund
Q2-TX-000471,300,10-04-2025,USD 203.60, Debit Card,UPGRADE
Q2-TX-000472,81,2025-06-30,536.19,Debit Card,Upgrade
Q2-TX-000473,546,06/27/2025,USD 43.28,DEBIT CARD, Upgrade
Q2-TX-000474,1465,11/05/2025,45.17 USD,Credit Card ,Upgrade
Q2-TX-000475,890,2025-04-23,689.35 USD,paypal,add-on
Q2-TX-000476,987,20-05-2025,$181.47,CREDIT CARD,Add-on
Q2-TX-000477,1105,24-06-2025,$83.56, Bank Transfer ,Add-on
Q2-TX-000478,406,04/29/2025,$47.00,Debit Card , Upgrade
Q2-TX-000479,379,05/28/2025,547.03,CREDIT CARD, Add-on
Q2-TX-000480,130,20-06-2025,USD 108.08,Bank Transfer,ADD-ON
Q2-TX-000481,1329,05/27/2025,94.68 USD,DEBIT CARD,Subscription 
Q2-TX-000482,319,25 Apr 2025,273.17,BANK TRANSFER,upgrade
Q2-TX-000483,12,05-06-2025,$363, Bank Transfer, Subscription
Q2-TX-000484,1371,2025-05-22,-265.35,CREDIT CARD, Refund 
Q2-TX-000485,1140,"May 29, 2025",265.64,Debit Card ,Subscription 
Q2-TX-000486,705,"Apr 20, 2025",$-119,Bank Transfer, Refund
Q2-TX-000487,274,22 Apr 2025,$274.33,paypal, Add-on
Q2-TX-000488,1210,2025-05-25,USD 488.00,paypal,Subscription 
Q2-TX-000489,839,"Jun 22, 2025",$-288, PayPal,REFUND
Q2-TX-000490,1309,25/04/2025,,debit card,Subscription
Q2-TX-000491,354,31-05-2025,373.25 USD, PayPal,SUBSCRIPTION
Q2-TX-000492,308,30/05/2025,134.12,paypal, Upgrade 
Q2-TX-000493,1321,17 Jun 2025,$229,PayPal , Upgrade 
Q2-TX-000494,590,"Jun 08, 2025",236.82,PayPal , Upgrade
Q2-TX-000495,488,22/05/2025,$695,CREDIT CARD,Subscription 
Q2-TX-000496,302,16 Jun 2025,295.16, PayPal , Subscription 
Q2-TX-000497,379,"Apr 27, 2025",$105, Debit Card,Add-on 
Q2-TX-000498,759,"Jun 12, 2025",USD 97.48,credit card,add-on
Q2-TX-000499,468,05 May 2025,, Bank Transfer,Upgrade
Q2-TX-000500,436,2025-05-21,USD -527.38,paypal, Refund
Q2-TX-000501,176,30-04-2025,$35, Bank Transfer , Upgrade 
Q2-TX-000502,811,2025-04-11,238.67,Bank Transfer , Upgrade 
Q2-TX-000503,196,14/04/2025,$486.20,PayPal ,Upgrade 
Q2-TX-000504,676,06/16/2025,$-336, Debit Card, Refund
Q2-TX-000505,83,16-06-2025,605.23 USD,credit card, Subscription
Q2-TX-000506,68,2025-05-07,$-189, Debit Card, Refund
Q2-TX-000507,833,05/01/2025,98.25, Bank Transfer ,Add-on 
Q2-TX-000508,1028,28 May 2025,$187,Debit Card,add-on
Q2-TX-000509,1265,2025-06-13,-109.29, Bank Transfer ,REFUND
Q2-TX-000510,829,23-06-2025,$673.88,DEBIT CARD,Add-on 
Q2-TX-000511,572,05/03/2025,$-250.03, Bank Transfer, Refund
Q2-TX-000512,1209,08-04-2025,USD 286.10,DEBIT CARD, Subscription 
Q2-TX-000513,1319,25/04/2025,$-100,PAYPAL, Refund 
Q2-TX-000514,935,"Apr 08, 2025",144.95,Bank Transfer ,Add-on
Q2-TX-000515,426,04-04-2025,USD -403.75,debit card, Refund 
Q2-TX-000516,1208,2025-06-10,$-215.95,CREDIT CARD, Refund
Q2-TX-000517,604,"Jun 17, 2025",-168.39 USD, Bank Transfer ,REFUND
Q2-TX-000518,566,10/04/2025,243.21 USD, Debit Card, Subscription
Q2-TX-000519,878,25-05-2025,170.77 USD,PAYPAL,subscription
Q2-TX-000520,840,18/06/2025,USD -25.01,PayPal , Refund
Q2-TX-000521,166,11 Jun 2025,$75.99,CREDIT CARD,Upgrade
Q2-TX-000522,1068,2025-04-18,$233,BANK TRANSFER, Upgrade 
Q2-TX-000523,750,19/05/2025,-405.54 USD,Bank Transfer,REFUND
Q2-TX-000524,195,2025-05-06,154.82 USD,Bank Transfer, Subscription
Q2-TX-000525,900014,2025-06-12,-536.92, Debit Card,Refund
Q2-TX-000526,1353,"Jun 22, 2025",398.11 USD, Bank Transfer,Add-on
Q2-TX-000527,640,2025-06-02,435.35 USD, PayPal, Subscription 
Q2-TX-000528,230,06/10/2025,,BANK TRANSFER,SUBSCRIPTION
Q2-TX-000529,551,04/08/2025,385.92,Bank Transfer ,Add-on 
Q2-TX-000530,1344,05/13/2025,$148,DEBIT CARD, Upgrade 
Q2-TX-000531,570,06/14/2025,$557, PayPal ,Upgrade 
Q2-TX-000532,1194,17/04/2025,188.39, Bank Transfer, Upgrade
Q2-TX-000533,648,04 May 2025,$-142.88, PayPal ,refund
Q2-TX-000534,231,05/17/2025,$146.69, Bank Transfer,ADD-ON
Q2-TX-000535,1454,06/18/2025,$348,DEBIT CARD,Add-on
Q2-TX-000536,353,"Apr 25, 2025",$60.54, Credit Card ,SUBSCRIPTION
Q2-TX-000537,647,15/04/2025,$257,bank transfer, Subscription
Q2-TX-000538,1112,04/06/2025,208.22,DEBIT CARD, Upgrade 
Q2-TX-000539,1302,2025-05-28,$118,PAYPAL, Add-on
Q2-TX-000540,129,05/16/2025,$430.43,credit card,add-on
Q2-TX-000541,287,30 Jun 2025,$331,Credit Card ,UPGRADE
Q2-TX-000542,124,03/06/2025,124.01 USD,Debit Card,Add-on 
Q2-TX-000543,852,02 Jun 2025,$88.37,paypal, Add-on
Q2-TX-000544,357,"May 28, 2025",197.66, Bank Transfer,Upgrade 
Q2-TX-000545,356,"Jun 20, 2025",USD -336.27,Debit Card,refund
Q2-TX-000546,42,06/04/2025,292.32,BANK TRANSFER,add-on
Q2-TX-000547,1491,01 May 2025,,PayPal , Upgrade
Q2-TX-000548,967,"Apr 02, 2025",40.99,Bank Transfer ,Upgrade
Q2-TX-000549,238,30 Apr 2025,111.49, Credit Card ,UPGRADE
Q2-TX-000550,1473,16 May 2025,$276,DEBIT CARD, Upgrade
Q2-TX-000551,679,"Apr 15, 2025",$124,PAYPAL,ADD-ON
Q2-TX-000552,886,04/07/2025,USD 435.56, PayPal, Upgrade 
Q2-TX-000553,541,2025-04-12,-185.17,bank transfer, Refund
Q2-TX-000554,896,"Apr 25, 2025",91.44,credit card,Upgrade
Q2-TX-000555,2,28 Jun 2025,84.06 USD,Bank Transfer,add-on
Q2-TX-000556,953,05 May 2025,$246,DEBIT CARD,Add-on 
Q2-TX-000557,218,"Jun 05, 2025",$-100,Credit Card ,REFUND
Q2-TX-000558,64,15 Apr 2025,$44.61,BANK TRANSFER,Subscription
Q2-TX-000559,822,26 May 2025,USD 126.45,CREDIT CARD,Subscription
Q2-TX-000560,1451,"Jun 03, 2025",$684.71,Debit Card, Upgrade 
Q2-TX-000561,553,05/24/2025,$29, Bank Transfer ,Subscription 
Q2-TX-000562,27,18/04/2025,148.70,DEBIT CARD,UPGRADE
Q2-TX-000563,65,"May 05, 2025",$146,PAYPAL,Subscription 
Q2-TX-000564,269,17-05-2025,128.09, Credit Card,UPGRADE
Q2-TX-000565,1158,01 Jun 2025,$200,PayPal,subscription
Q2-TX-000566,1296,05 Jun 2025,$268, Bank Transfer,Subscription
Q2-TX-000567,153,2025-05-20,378.80 USD,Credit Card,Upgrade
Q2-TX-000568,1335,"Apr 28, 2025",USD 841.58,Debit Card,upgrade
Q2-TX-000569,765,05/13/2025,342.49,bank transfer, Subscription 
Q2-TX-000570,309,2025-05-22,USD 434.12, PayPal , Add-on
Q2-TX-000571,226,18 Jun 2025,152.97,Debit Card ,Subscription 
Q2-TX-000572,737,2025-05-28,$205,Bank Transfer, Subscription
Q2-TX-000573,1266,23-05-2025,$-189, Credit Card,Refund 
Q2-TX-000574,628,29-04-2025,USD -132.96,bank transfer,Refund 
Q2-TX-000575,443,25-06-2025,, Debit Card ,subscription
Q2-TX-000576,82,25-04-2025,$70,CREDIT CARD,SUBSCRIPTION
Q2-TX-000577,841,19 May 2025,$147.25,CREDIT CARD,SUBSCRIPTION
Q2-TX-000578,921,26/06/2025,473.75 USD,Credit Card, Upgrade
Q2-TX-000579,1434,"Jun 27, 2025",-246.65,Bank Transfer ,Refund 
Q2-TX-000580,118,21 Jun 2025,USD 478.49,DEBIT CARD, Subscription
Q2-TX-000581,371,"Jun 01, 2025",$249.87,DEBIT CARD,ADD-ON
Q2-TX-000582,209,24 Apr 2025,189.25,PayPal , Subscription
Q2-TX-000583,946,12 Jun 2025,$102,PayPal , Add-on 
Q2-TX-000584,255,29/04/2025,$215,credit card,Add-on 
Q2-TX-000585,54,04/15/2025,134.53, Bank Transfer,Add-on 
Q2-TX-000586,1474,04/13/2025,$81,Bank Transfer,Upgrade
Q2-TX-000587,765,09/06/2025,$110,PayPal , Subscription
Q2-TX-000588,847,2025-04-18,$301.60, Bank Transfer, Upgrade 
Q2-TX-000589,1212,06/03/2025,$-464.88, PayPal ,REFUND
Q2-TX-000590,1384,"Apr 12, 2025",USD -318.11,bank transfer,refund
Q2-TX-000591,208,24 Jun 2025,$105.52, Bank Transfer ,Upgrade
Q2-TX-000592,350,06/13/2025,USD 246.90,Bank Transfer, Upgrade 
Q2-TX-000593,522,06/27/2025,-176.04 USD, PayPal ,REFUND
Q2-TX-000594,1134,16-04-2025,$-275.45,PayPal ,Refund
Q2-TX-000595,999,04/10/2025,USD -147.06,credit card,refund
Q2-TX-000596,527,02-04-2025,$363.37, Debit Card,upgrade
Q2-TX-000597,320,25-05-2025,363.40, PayPal ,UPGRADE
Q2-TX-000598,345,"May 19, 2025",334.65,PayPal ,subscription
Q2-TX-000599,207,27/04/2025,237.47 USD,Credit Card,Subscription 
Q2-TX-000600,1467,04/17/2025,$370,Credit Card, Subscription 
Q2-TX-000601,769,"Jun 25, 2025",-68.30 USD, Credit Card ,refund
Q2-TX-000602,1322,19/05/2025,$169,Credit Card , Subscription
Q2-TX-000603,206,"Apr 15, 2025",, Debit Card,refund
Q2-TX-000604,311,09 May 2025,USD -105.14, Debit Card ,REFUND
Q2-TX-000605,1242,2025-06-25,$381,CREDIT CARD,SUBSCRIPTION
Q2-TX-000606,97,06 Jun 2025,$256.86,PayPal,Add-on
Q2-TX-000607,900,11 Jun 2025,202.57,PayPal, Upgrade
Q2-TX-000608,1195,07-05-2025,171.33, Bank Transfer,subscription
Q2-TX-000609,35,2025-05-09,105.50 USD,Bank Transfer,Subscription 
Q2-TX-000610,631,05 May 2025,$383, Bank Transfer , Add-on
Q2-TX-000611,1163,29-04-2025,$245,Debit Card ,SUBSCRIPTION
Q2-TX-000612,1156,04/27/2025,440.05,paypal, Upgrade
Q2-TX-000613,1367,10 Apr 2025,322.49, Bank Transfer , Subscription
Q2-TX-000614,1326,"May 21, 2025",223.09, PayPal ,upgrade
Q2-TX-000615,643,12 Apr 2025,USD 157.09,credit card,Subscription
Q2-TX-000616,624,19 Apr 2025,-97.97,DEBIT CARD,Refund 
Q2-TX-000617,1257,13 Jun 2025,80.71,debit card,Add-on 
Q2-TX-000618,132,05/29/2025,428.26 USD,bank transfer,Add-on 
Q2-TX-000619,129,"May 26, 2025",-183.21 USD,Credit Card,refund
Q2-TX-000620,1008,19/06/2025,302.97 USD,PAYPAL,ADD-ON
Q2-TX-000621,1446,26-04-2025,USD 104.71, Credit Card , Upgrade 
Q2-TX-000622,813,13 May 2025,$129, Bank Transfer,Upgrade
Q2-TX-000623,9,07 May 2025,172.48 USD,PayPal ,UPGRADE
Q2-TX-000624,136,05/09/2025,$205,Credit Card ,Add-on
Q2-TX-000625,1493,"May 07, 2025",-57.50 USD,PayPal, Refund
Q2-TX-000626,1160,2025-04-01,USD 63.81,Credit Card, Subscription 
Q2-TX-000627,1021,28/04/2025,USD -122.83,Credit Card , Refund
Q2-TX-000628,558,2025-04-09,246.83 USD, Bank Transfer ,subscription
Q2-TX-000629,1191,08 Jun 2025,290.55, Bank Transfer, Upgrade 
Q2-TX-000630,1223,13-06-2025,299.54 USD, PayPal,ADD-ON
Q2-TX-000631,337,2025-05-17,390.34,PAYPAL,upgrade
Q2-TX-000632,1127,19/05/2025,$70.64,PAYPAL,add-on
Q2-TX-000633,1178,17 Jun 2025,223.00 USD,CREDIT CARD, Subscription 
Q2-TX-000634,449,04/19/2025,-258.00,Credit Card ,Refund 
Q2-TX-000635,265,04/04/2025,USD 610.89,Bank Transfer ,upgrade
Q2-TX-000636,940,02 Jun 2025,408.35,BANK TRANSFER,subscription
Q2-TX-000637,1119,06/25/2025,188.84,BANK TRANSFER,Subscription
Q2-TX-000638,933,2025-06-24,$175.22, PayPal,Upgrade 
Q2-TX-000639,1287,23-06-2025,$95.00,PayPal ,add-on
Q2-TX-000640,421,04/09/2025,-145.33 USD, Bank Transfer ,REFUND
Q2-TX-000641,140,07-06-2025,288.45, Bank Transfer,Subscription 
Q2-TX-000642,101,"Apr 23, 2025",$-252.64, Credit Card,REFUND
Q2-TX-000643,1258,04/30/2025,$120.97, PayPal ,add-on
Q2-TX-000644,1422,23/05/2025,-100.58 USD,DEBIT CARD,Refund
Q2-TX-000645,823,"May 03, 2025",USD 322.84,BANK TRANSFER, Subscription
Q2-TX-000646,150,05/14/2025,USD -270.46, Debit Card,Refund
Q2-TX-000647,769,"Jun 21, 2025",128.66 USD,Bank Transfer, Subscription
Q2-TX-000648,368,03-05-2025,$327,PayPal,Subscription 
Q2-TX-000649,290,20/06/2025,USD 204.12,Bank Transfer,upgrade
Q2-TX-000650,728,08/06/2025,,BANK TRANSFER, Upgrade
Q2-TX-000651,148,27 May 2025,48.77, Bank Transfer,add-on
Q2-TX-000652,528,"Jun 04, 2025",233.96,PAYPAL,Upgrade 
Q2-TX-000653,1018,25/06/2025,128.54 USD, Credit Card , Subscription
Q2-TX-000654,520,2025-05-15,USD 195.66, Credit Card , Subscription 
Q2-TX-000655,1266,04/19/2025,274.18, PayPal , Subscription 
Q2-TX-000656,10,05/03/2025,$130.30, Debit Card,Upgrade 
Q2-TX-000657,787,11/05/2025,104.78,PayPal,upgrade
Q2-TX-000658,700,29/04/2025,90.72 USD,debit card,add-on
Q2-TX-000659,1024,2025-04-11,519.65 USD,Bank Transfer,ADD-ON
Q2-TX-000660,277,01-04-2025,$144.26,credit card,subscription
Q2-TX-000661,1188,"Jun 02, 2025",160.90 USD,Credit Card, Upgrade
Q2-TX-000662,525,2025-04-03,247.73,PayPal,SUBSCRIPTION
Q2-TX-000663,1404,03-05-2025,361.44,paypal, Add-on 
Q2-TX-000664,419,29/06/2025,268.50,Credit Card ,Upgrade
Q2-TX-000665,234,2025-05-27,$120,Credit Card ,UPGRADE
Q2-TX-000666,268,05/18/2025,113.97,PayPal , Subscription 
Q2-TX-000667,896,31 May 2025,$162.00,BANK TRANSFER, Add-on 
Q2-TX-000668,908,06/29/2025,$436.61,credit card,Upgrade
Q2-TX-000669,1356,16/04/2025,243.30,paypal, Subscription
Q2-TX-000670,762,"Jun 21, 2025",208.43, Debit Card , Subscription
Q2-TX-000671,413,17 Jun 2025,-165.48, Bank Transfer , Refund 
Q2-TX-000672,826,01/04/2025,292.94,Credit Card ,Upgrade 
Q2-TX-000673,470,2025-05-25,253.53 USD,Debit Card, Upgrade 
Q2-TX-000674,220,2025-05-06,$403.37,paypal,UPGRADE
Q2-TX-000675,353,16 May 2025,40.19,credit card,Subscription 
Q2-TX-000676,1457,06/06/2025,$-479,BANK TRANSFER,REFUND
Q2-TX-000677,1232,11/04/2025,$276.29, Bank Transfer,Add-on
Q2-TX-000678,201,20 May 2025,USD -233.77,PAYPAL,REFUND
Q2-TX-000679,458,"May 07, 2025",178.71 USD,BANK TRANSFER,UPGRADE
Q2-TX-000680,1350,10-06-2025,33.39 USD,Debit Card,UPGRADE
Q2-TX-000681,1399,"Jun 09, 2025",USD 235.16,Debit Card,Upgrade
Q2-TX-000682,50,06/06/2025,$234.23, Debit Card,Add-on
Q2-TX-000683,109,06/29/2025,637.38,BANK TRANSFER, Upgrade 
Q2-TX-000684,33,12-06-2025,98.07,Bank Transfer,add-on
Q2-TX-000685,1283,05/12/2025,148.39,BANK TRANSFER,subscription
Q2-TX-000686,507,04/23/2025,$261.74,Bank Transfer,Subscription
Q2-TX-000687,635,"Apr 09, 2025",$465, Debit Card,upgrade
Q2-TX-000688,715,18 Apr 2025,253.15,Debit Card , Add-on 
Q2-TX-000689,1346,28 Jun 2025,$192.37,BANK TRANSFER,Subscription
Q2-TX-000690,1027,"May 07, 2025",-81.86,PayPal ,refund
Q2-TX-000691,1248,04/06/2025,$228, Bank Transfer ,upgrade
Q2-TX-000692,15,07/06/2025,-114.46,Bank Transfer, Refund 
Q2-TX-000693,1315,29/05/2025,-27.08,Credit Card ,Refund 
Q2-TX-000694,29,"Jun 24, 2025",$128.19, Credit Card, Subscription
Q2-TX-000695,1316,17/04/2025,USD -238.01,Debit Card ,Refund 
Q2-TX-000696,82,2025-04-24,USD 192.31,Credit Card ,Subscription
Q2-TX-000697,38,"Jun 14, 2025",255.55 USD,Debit Card ,ADD-ON
Q2-TX-000698,576,"Apr 15, 2025",$160, PayPal,upgrade
Q2-TX-000699,1290,"May 05, 2025",USD 227.03,BANK TRANSFER, Upgrade
Q2-TX-000700,1405,24/06/2025,USD 108.29,BANK TRANSFER,Add-on 
Q2-TX-000701,1076,2025-06-17,-120.03,Credit Card,Refund 
Q2-TX-000702,869,04/07/2025,404.11,debit card, Add-on
Q2-TX-000703,1235,"May 03, 2025",USD 629.49, Debit Card, Subscription 
Q2-TX-000704,746,08 May 2025,582.72, PayPal, Add-on 
Q2-TX-000705,102,02-06-2025,137.42,Credit Card, Subscription
Q2-TX-000706,163,"May 28, 2025",$286.44,paypal,SUBSCRIPTION
Q2-TX-000707,1379,27-06-2025,154.48,Bank Transfer ,Add-on 
Q2-TX-000708,412,09 Apr 2025,$229,Debit Card,Upgrade 
Q2-TX-000709,930,29-05-2025,$230, Debit Card, Upgrade
Q2-TX-000710,226,06 Jun 2025,191.08 USD,PayPal,ADD-ON
Q2-TX-000711,140,"May 19, 2025",USD 184.80,paypal,SUBSCRIPTION
Q2-TX-000712,818,08/06/2025,37.66, Credit Card ,Add-on
Q2-TX-000713,1441,05-05-2025,146.07,Credit Card ,Add-on 
Q2-TX-000714,1084,2025-06-24,290.13,DEBIT CARD,subscription
Q2-TX-000715,200,2025-06-15,$362,PayPal,upgrade
Q2-TX-000716,1264,2025-04-29,$191, Credit Card, Subscription
Q2-TX-000717,772,"May 27, 2025",USD 504.07,credit card,Add-on 
Q2-TX-000718,1312,04/01/2025,-235.73,Credit Card,refund
Q2-TX-000719,1366,05 Jun 2025,449.96, Credit Card,subscription
Q2-TX-000720,620,"May 24, 2025",$-238.34,DEBIT CARD, Refund 
Q2-TX-000721,591,17-05-2025,$13,CREDIT CARD,Add-on 
Q2-TX-000722,813,"May 12, 2025",-461.76,PAYPAL,Refund 
Q2-TX-000723,1393,19-05-2025,-181.03 USD,CREDIT CARD, Refund 
Q2-TX-000724,1404,14-06-2025,USD -174.45,Credit Card , Refund 
Q2-TX-000725,308,2025-04-08,80.48, PayPal ,Upgrade
Q2-TX-000726,1158,2025-05-20,$373,Bank Transfer , Add-on 
Q2-TX-000727,187,05/29/2025,,Credit Card,Add-on 
Q2-TX-000728,299,28 Apr 2025,USD 87.40,Bank Transfer , Subscription 
Q2-TX-000729,862,06/08/2025,-458.70,Credit Card,refund
Q2-TX-000730,418,21/04/2025,177.69, Credit Card, Upgrade
Q2-TX-000731,42,15-06-2025,USD 360.53,Credit Card, Subscription 
Q2-TX-000732,1449,06/01/2025,$-105,credit card, Refund 
Q2-TX-000733,557,14/04/2025,USD 481.19,credit card,Upgrade 
Q2-TX-000734,1189,04/02/2025,$-313.22,PayPal,Refund 
Q2-TX-000735,181,28-06-2025,172.74,PayPal,Subscription
Q2-TX-000736,224,05 Apr 2025,$420.52,credit card, Upgrade
Q2-TX-000737,645,31 May 2025,235.90,Credit Card, Upgrade 
Q2-TX-000738,889,26 Jun 2025,-590.62 USD, Credit Card ,Refund 
Q2-TX-000739,148,31/05/2025,$-134, Debit Card ,Refund 
Q2-TX-000740,41,2025-04-08,-396.48,bank transfer,Refund 
Q2-TX-000741,266,"Apr 06, 2025",$-335,CREDIT CARD,REFUND
Q2-TX-000742,652,"Apr 12, 2025",63.09,PAYPAL,SUBSCRIPTION
Q2-TX-000743,1186,2025-06-24,$80,Debit Card ,Add-on
Q2-TX-000744,1029,"Apr 10, 2025",166.47,Credit Card,ADD-ON
Q2-TX-000745,1212,"Apr 07, 2025",$273.53, PayPal ,SUBSCRIPTION
Q2-TX-000746,954,04/02/2025,355.36,Bank Transfer,UPGRADE
Q2-TX-000747,1369,"Jun 10, 2025",$269.51,CREDIT CARD,SUBSCRIPTION
Q2-TX-000748,703,25 Jun 2025,$391.91,Bank Transfer ,Add-on
Q2-TX-000749,523,21-06-2025,$186, Bank Transfer, Upgrade
Q2-TX-000750,828,19/05/2025,362.07,debit card,add-on
Q2-TX-000751,654,2025-06-03,USD 233.24, Debit Card, Add-on
Q2-TX-000752,586,"May 01, 2025",166.20 USD,CREDIT CARD,subscription
Q2-TX-000753,520,2025-04-15,81.29 USD,paypal,Subscription
Q2-TX-000754,1094,31 May 2025,43.53 USD, Debit Card ,UPGRADE
Q2-TX-000755,659,2025-04-17,182.98, PayPal , Add-on 
Q2-TX-000756,394,08/04/2025,USD -243.97, Debit Card,refund
Q2-TX-000757,1171,14/04/2025,USD 130.35, PayPal ,subscription
Q2-TX-000758,1287,08/06/2025,$157,Bank Transfer,subscription
Q2-TX-000759,870,06/11/2025,16.50 USD, Bank Transfer ,Upgrade
Q2-TX-000760,1285,"Apr 12, 2025",$-168.73,DEBIT CARD, Refund
Q2-TX-000761,1308,30-05-2025,-98.49, Bank Transfer,refund
Q2-TX-000762,788,2025-06-23,USD 124.36,Credit Card,Subscription
Q2-TX-000763,1113,04/08/2025,$321.69, Credit Card ,Add-on
Q2-TX-000764,310,12 May 2025,197.62 USD, Debit Card, Upgrade 
Q2-TX-000765,428,06/24/2025,$269, Bank Transfer, Subscription 
Q2-TX-000766,25,06/07/2025,, PayPal , Subscription 
Q2-TX-000767,983,2025-05-03,438.12 USD, Debit Card, Add-on
Q2-TX-000768,912,22 Apr 2025,224.16 USD,Credit Card,Subscription 
Q2-TX-000769,712,04/07/2025,353.14, Debit Card ,Subscription 
Q2-TX-000770,1230,05-04-2025,$-87,bank transfer, Refund 
Q2-TX-000771,426,"May 17, 2025",USD 295.51,Debit Card,Add-on
Q2-TX-000772,903,22 May 2025,$169,CREDIT CARD,Add-on
Q2-TX-000773,372,05/16/2025,USD -670.14,Bank Transfer ,Refund 
Q2-TX-000774,196,"Jun 03, 2025",137.14,BANK TRANSFER,add-on
Q2-TX-000775,1000,31/05/2025,$231,bank transfer, Add-on
Q2-TX-000776,82,"May 19, 2025",$93,Bank Transfer ,subscription
Q2-TX-000777,11,06/27/2025,USD 228.90,PayPal ,Upgrade 
Q2-TX-000778,924,2025-04-12,207.40,Bank Transfer , Upgrade 
Q2-TX-000779,1390,13-06-2025,$413.01,CREDIT CARD, Upgrade
Q2-TX-000780,594,06/15/2025,238.62 USD, PayPal, Upgrade 
Q2-TX-000781,1455,23 May 2025,USD 172.63,bank transfer,add-on
Q2-TX-000782,786,2025-04-18,USD 204.75, Debit Card ,Upgrade 
Q2-TX-000783,1306,2025-06-19,-52.12,Credit Card ,REFUND
Q2-TX-000784,885,05/07/2025,-249.44,bank transfer, Refund 
Q2-TX-000785,1331,29-05-2025,376.67,paypal,Subscription
Q2-TX-000786,81,"Jun 08, 2025",234.33 USD,PayPal, Add-on
Q2-TX-000787,934,2025-05-13,USD -61.76, PayPal,refund
Q2-TX-000788,162,06/03/2025,$-269,credit card,Refund 
Q2-TX-000789,1240,"Apr 12, 2025",$-276, Credit Card ,Refund 
Q2-TX-000790,1361,05 Jun 2025,$292, Credit Card, Upgrade 
Q2-TX-000791,908,02/06/2025,-204.93, Credit Card,refund
Q2-TX-000792,1393,10 Apr 2025,$-245.84,Debit Card,Refund
Q2-TX-000793,134,04/17/2025,USD 275.29, Bank Transfer , Subscription 
Q2-TX-000794,177,02 Apr 2025,110.74,paypal, Add-on 
Q2-TX-000795,161,06/08/2025,$124.53,BANK TRANSFER,Upgrade 
Q2-TX-000796,727,09/05/2025,$295.56,DEBIT CARD, Subscription
Q2-TX-000797,1167,02 Apr 2025,$122.62, Bank Transfer,ADD-ON
Q2-TX-000798,706,2025-04-10,-196.40,DEBIT CARD,Refund 
Q2-TX-000799,657,2025-05-06,-292.60,paypal,Refund
Q2-TX-000800,361,18 Apr 2025,$392, Credit Card, Subscription 
Q2-TX-000801,206,11-05-2025,-140.81 USD,DEBIT CARD, Refund 
Q2-TX-000802,147,29/05/2025,-120.17 USD, Credit Card , Refund
Q2-TX-000803,120,23/06/2025,$293,BANK TRANSFER, Subscription 
Q2-TX-000804,510,04/06/2025,404.93 USD,Bank Transfer, Upgrade
Q2-TX-000805,1183,2025-04-08,60.81 USD,paypal, Subscription 
Q2-TX-000806,912,31-05-2025,218.07,DEBIT CARD,Subscription
Q2-TX-000807,616,25/05/2025,514.96 USD, Credit Card ,Upgrade 
Q2-TX-000808,237,"May 28, 2025",USD 113.15,BANK TRANSFER,SUBSCRIPTION
Q2-TX-000809,1049,"Jun 30, 2025",$300.30,debit card, Add-on 
Q2-TX-000810,372,20 May 2025,201.52,credit card, Subscription 
Q2-TX-000811,1177,"May 22, 2025",205.58 USD,PAYPAL,Upgrade
Q2-TX-000812,793,04-05-2025,186.90, Debit Card,upgrade
Q2-TX-000813,968,17/06/2025,255.73, PayPal,Add-on
Q2-TX-000814,142,05/18/2025,$-415.38,paypal,REFUND
Q2-TX-000815,181,"Apr 09, 2025",USD 116.66, Debit Card ,subscription
Q2-TX-000816,1087,12 Jun 2025,124.52,PAYPAL,Upgrade
Q2-TX-000817,857,06/06/2025,$-250, Debit Card ,Refund
Q2-TX-000818,68,18/06/2025,259.01 USD,PayPal ,Subscription
Q2-TX-000819,256,"Jun 03, 2025",185.57,Credit Card, Add-on 
Q2-TX-000820,1415,04/20/2025,$379.06, Credit Card,add-on
Q2-TX-000821,141,16-06-2025,$134, Debit Card , Upgrade 
Q2-TX-000822,1458,04/05/2025,-126.81, Debit Card, Refund 
Q2-TX-000823,1173,2025-06-18,USD 232.89,PAYPAL, Subscription 
Q2-TX-000824,791,13-06-2025,114.23,bank transfer,subscription
Q2-TX-000825,1476,22/05/2025,$784.21,Credit Card , Upgrade 
Q2-TX-000826,739,19-06-2025,-75.60 USD, Bank Transfer, Refund 
Q2-TX-000827,1354,30-05-2025,$482,Bank Transfer, Add-on 
Q2-TX-000828,365,13 Apr 2025,-129.31, Credit Card ,REFUND
Q2-TX-000829,642,05/06/2025,USD 73.84,credit card,Subscription 
Q2-TX-000830,363,04/07/2025,USD 247.25, Credit Card,UPGRADE
Q2-TX-000831,367,07/04/2025,$183.63,Bank Transfer,ADD-ON
Q2-TX-000832,550,06/03/2025,647.91, Credit Card ,Add-on
Q2-TX-000833,202,"Jun 19, 2025",$-270.35, Credit Card ,refund
Q2-TX-000834,48,05/11/2025,179.44, Debit Card, Add-on 
Q2-TX-000835,666,06/19/2025,202.84,Debit Card,Subscription
Q2-TX-000836,1192,"May 11, 2025",$36, PayPal,Add-on
Q2-TX-000837,538,16/05/2025,-28.84 USD,PAYPAL, Refund 
Q2-TX-000838,1392,05/24/2025,$59, Bank Transfer ,Add-on 
Q2-TX-000839,995,06/08/2025,186.75, Bank Transfer ,ADD-ON
Q2-TX-000840,1474,13 Apr 2025,213.96 USD,Debit Card,UPGRADE
Q2-TX-000841,468,06/16/2025,276.30 USD,paypal,Add-on
Q2-TX-000842,830,2025-06-23,USD 326.30,CREDIT CARD,add-on
Q2-TX-000843,900009,02-06-2025,37.54 USD,PayPal,upgrade
Q2-TX-000844,527,2025-06-30,-254.58,DEBIT CARD, Refund 
Q2-TX-000845,474,"May 15, 2025",$436, Bank Transfer ,Subscription 
Q2-TX-000846,342,28 Jun 2025,$-160.47,Credit Card,Refund
Q2-TX-000847,587,2025-04-24,754.86,paypal,upgrade
Q2-TX-000848,760,05/15/2025,USD 204.18,DEBIT CARD,UPGRADE
Q2-TX-000849,288,14 Apr 2025,$135.67,paypal,Add-on 
Q2-TX-000850,991,"May 01, 2025",$355.68, Bank Transfer,Upgrade
Q2-TX-000851,1491,14-06-2025,USD 275.96,DEBIT CARD, Upgrade 
Q2-TX-000852,656,05 Jun 2025,449.05,Debit Card ,ADD-ON
Q2-TX-000853,1122,11-04-2025,324.27,DEBIT CARD,Add-on
Q2-TX-000854,1298,13-04-2025,$215.10,Credit Card ,Subscription
Q2-TX-000855,141,23-04-2025,$-333,BANK TRANSFER,REFUND
Q2-TX-000856,1089,2025-05-17,54.68 USD,BANK TRANSFER,add-on
Q2-TX-000857,339,18 Apr 2025,USD 290.21, Credit Card , Upgrade 
Q2-TX-000858,925,23 Jun 2025,-198.11, Bank Transfer, Refund 
Q2-TX-000859,1193,29-06-2025,$80,PAYPAL, Upgrade
Q2-TX-000860,683,2025-04-23,$319,bank transfer,Subscription
Q2-TX-000861,147,2025-05-03,$411.02, Debit Card ,add-on
Q2-TX-000862,30,2025-05-12,$170.02,debit card,upgrade
Q2-TX-000863,17,2025-05-02,$-113.02,Debit Card ,Refund
Q2-TX-000864,238,"Apr 11, 2025",$376,Bank Transfer,UPGRADE
Q2-TX-000865,36,05/18/2025,USD 110.96,Debit Card,Upgrade 
Q2-TX-000866,187,"May 30, 2025",215.81,Credit Card , Add-on 
Q2-TX-000867,1024,05/16/2025,209.30, Bank Transfer,add-on
Q2-TX-000868,716,2025-05-02,$-107, Debit Card , Refund 
Q2-TX-000869,637,09/04/2025,$75,paypal,subscription
Q2-TX-000870,577,23-04-2025,USD -348.75, Debit Card ,refund
Q2-TX-000871,457,04/07/2025,$264,PayPal ,Upgrade 
Q2-TX-000872,199,19 Jun 2025,USD 154.69, PayPal, Subscription
Q2-TX-000873,358,19/06/2025,-158.77,Debit Card,Refund
Q2-TX-000874,46,"Jun 24, 2025",276.69, Bank Transfer , Upgrade
Q2-TX-000875,1182,06/29/2025,143.80,paypal,SUBSCRIPTION
Q2-TX-000876,235,30 Apr 2025,USD -183.57, Bank Transfer, Refund
Q2-TX-000877,337,"Jun 09, 2025",134.88 USD,PayPal,Add-on
Q2-TX-000878,492,18/05/2025,171.34,Debit Card,ADD-ON
Q2-TX-000879,454,04/18/2025,181.05, PayPal ,Add-on 
Q2-TX-000880,1149,22-04-2025,-283.90 USD,PayPal,Refund
Q2-TX-000881,144,05 Jun 2025,130.14 USD, PayPal ,Add-on 
Q2-TX-000882,533,28/04/2025,USD 389.79,Debit Card , Upgrade 
Q2-TX-000883,508,05-05-2025,279.05,PAYPAL,ADD-ON
Q2-TX-000884,594,06/04/2025,USD 199.46,Debit Card,Upgrade 
Q2-TX-000885,501,"May 10, 2025",173.83,PayPal, Subscription
Q2-TX-000886,101,20/04/2025,156.47,BANK TRANSFER,Subscription
Q2-TX-000887,761,05/19/2025,USD -347.77,CREDIT CARD, Refund
Q2-TX-000888,900018,05/25/2025,143.90,PAYPAL, Add-on
Q2-TX-000889,1130,"May 31, 2025",USD 39.10,credit card,add-on
Q2-TX-000890,1225,20-04-2025,USD 140.81,PAYPAL, Add-on
Q2-TX-000891,966,12-04-2025,USD 457.60, Debit Card ,add-on
Q2-TX-000892,858,03-05-2025,92.28,bank transfer,Upgrade 
Q2-TX-000893,30,26 Apr 2025,$529.73, PayPal ,UPGRADE
Q2-TX-000894,556,06-05-2025,$-150, Credit Card ,Refund
Q2-TX-000895,316,06/20/2025,USD 144.35,DEBIT CARD, Add-on
Q2-TX-000896,78,2025-06-20,USD 589.33,CREDIT CARD, Add-on
Q2-TX-000897,220,"Apr 13, 2025",-234.19,DEBIT CARD,Refund 
Q2-TX-000898,1376,27-05-2025,USD 332.73, Credit Card,Subscription 
Q2-TX-000899,90,"Jun 05, 2025",-105.78,paypal,refund
Q2-TX-000900,1336,17/04/2025,,PAYPAL, Refund 
Q2-TX-000901,26,04/08/2025,29.80,paypal,Subscription 
Q2-TX-000902,1499,2025-06-06,,Bank Transfer,Add-on 
Q2-TX-000903,136,2025-05-08,166.10,CREDIT CARD,Upgrade 
Q2-TX-000904,709,22-05-2025,155.75 USD,PAYPAL, Upgrade
Q2-TX-000905,592,13-06-2025,$-183,Credit Card,Refund 
Q2-TX-000906,1129,05/04/2025,$-162,Credit Card,refund
Q2-TX-000907,826,21/05/2025,-36.09,Credit Card ,refund
Q2-TX-000908,441,2025-06-22,131.31, PayPal,Upgrade
Q2-TX-000909,995,24-04-2025,$219,DEBIT CARD, Upgrade
Q2-TX-000910,287,11/04/2025,USD -251.47,Bank Transfer , Refund 
Q2-TX-000911,1137,05/27/2025,440.09 USD,PayPal , Add-on 
Q2-TX-000912,877,04/23/2025,30.39, Debit Card , Upgrade 
Q2-TX-000913,482,2025-05-12,$136.89, Bank Transfer ,add-on
Q2-TX-000914,526,05/19/2025,, PayPal ,Add-on 
Q2-TX-000915,922,30/06/2025,-209.68,PayPal,refund
Q2-TX-000916,1165,01-06-2025,140.33,bank transfer, Add-on 
Q2-TX-000917,300,2025-05-06,366.87 USD, PayPal ,Subscription 
Q2-TX-000918,94,11/04/2025,205.48,paypal,Add-on 
Q2-TX-000919,804,09-04-2025,$313.57, Bank Transfer,ADD-ON
Q2-TX-000920,707,05 Jun 2025,-189.19 USD, Bank Transfer,Refund 
Q2-TX-000921,1077,"May 02, 2025",$32,PayPal ,Upgrade
Q2-TX-000922,1033,30/04/2025,-447.09 USD,DEBIT CARD,refund
Q2-TX-000923,1064,06/05/2025,173.84,BANK TRANSFER, Subscription 
Q2-TX-000924,971,04/04/2025,58.69, PayPal,Subscription
Q2-TX-000925,960,29 Jun 2025,133.67 USD, Credit Card , Upgrade 
Q2-TX-000926,901,04/15/2025,$98,Bank Transfer , Upgrade
Q2-TX-000927,593,22/05/2025,21.23 USD,BANK TRANSFER, Upgrade 
Q2-TX-000928,1188,19-06-2025,158.58, Debit Card , Add-on 
Q2-TX-000929,1388,25-05-2025,$33.45,Bank Transfer,subscription
Q2-TX-000930,1452,15/04/2025,USD 157.73,Credit Card , Add-on
Q2-TX-000931,766,19-04-2025,232.23,Credit Card, Add-on
Q2-TX-000932,733,2025-06-27,$229, PayPal ,Subscription
Q2-TX-000933,906,2025-05-30,USD 120.49, Credit Card,Subscription
Q2-TX-000934,640,03-05-2025,74.32,Debit Card,Add-on
Q2-TX-000935,1088,10 Jun 2025,$332.61,Credit Card,upgrade
Q2-TX-000936,1348,26-05-2025,USD 258.79,Debit Card ,Upgrade 
Q2-TX-000937,53,19 Apr 2025,138.46 USD,PayPal,Add-on
Q2-TX-000938,604,24/04/2025,$50.48, PayPal ,add-on
Q2-TX-000939,959,06 Apr 2025,$88.42, PayPal ,add-on
Q2-TX-000940,1231,06/05/2025,USD 538.44,debit card, Upgrade
Q2-TX-000941,894,"May 09, 2025",-315.86 USD,Debit Card, Refund
Q2-TX-000942,277,07 Apr 2025,234.46,Debit Card,add-on
Q2-TX-000943,1016,2025-04-03,97.91,Debit Card , Add-on
Q2-TX-000944,453,"Apr 04, 2025",99.28,BANK TRANSFER,UPGRADE
Q2-TX-000945,430,06-04-2025,341.38 USD,PayPal , Upgrade
Q2-TX-000946,151,20 Apr 2025,$477,Credit Card,Upgrade 
Q2-TX-000947,1140,"May 03, 2025",344.60, PayPal,upgrade
Q2-TX-000948,1490,06/11/2025,154.72 USD, PayPal ,Subscription 
Q2-TX-000949,9,06/10/2025,USD 111.17, Debit Card, Upgrade
Q2-TX-000950,252,27/04/2025,91.08, Bank Transfer , Subscription
Q2-TX-000951,235,2025-05-18,145.67,paypal, Add-on
Q2-TX-000952,181,"May 20, 2025",USD 98.90,Credit Card,Add-on 
Q2-TX-000953,1071,2025-04-08,USD -205.00, PayPal, Refund 
Q2-TX-000954,31,"Apr 14, 2025",-50.48, PayPal ,Refund
Q2-TX-000955,152,05/18/2025,$188,Debit Card, Subscription
Q2-TX-000956,853,05 Jun 2025,$627.17,Bank Transfer ,UPGRADE
Q2-TX-000957,1465,"Jun 12, 2025",-345.51 USD,CREDIT CARD,Refund
Q2-TX-000958,636,"Apr 19, 2025",-207.19 USD, Bank Transfer , Refund
Q2-TX-000959,1096,16/04/2025,$623.63, Bank Transfer ,Add-on
Q2-TX-000960,708,05 May 2025,258.41, Debit Card,add-on
Q2-TX-000961,1332,2025-06-18,USD 94.27, Debit Card,Add-on
Q2-TX-000962,269,30-04-2025,330.38 USD,Debit Card,Subscription
Q2-TX-000963,1223,05/24/2025,$-75.17,Debit Card , Refund
Q2-TX-000964,726,"Apr 16, 2025",$38.37,Credit Card,Upgrade
Q2-TX-000965,610,05/29/2025,252.83, Debit Card, Subscription
Q2-TX-000966,741,05/06/2025,$283,Credit Card,ADD-ON
Q2-TX-000967,1400,14-06-2025,331.09,debit card,Add-on
Q2-TX-000968,210,"Apr 06, 2025",281.12,PayPal, Subscription 
Q2-TX-000969,27,"May 26, 2025",$246,Debit Card,add-on
Q2-TX-000970,1258,25-06-2025,124.93,CREDIT CARD,ADD-ON
Q2-TX-000971,721,2025-04-25,224.47, Bank Transfer , Subscription
Q2-TX-000972,994,08-05-2025,, Credit Card , Subscription
Q2-TX-000973,838,02/05/2025,245.22, Bank Transfer ,subscription
Q2-TX-000974,295,2025-04-20,$297.49,BANK TRANSFER, Upgrade 
Q2-TX-000975,543,04/27/2025,USD -529.73,credit card, Refund 
Q2-TX-000976,419,12-05-2025,USD 291.35,BANK TRANSFER, Add-on 
Q2-TX-000977,276,05/06/2025,360.27,bank transfer,Subscription
Q2-TX-000978,1182,18 Apr 2025,53.85 USD,DEBIT CARD,SUBSCRIPTION
Q2-TX-000979,794,2025-06-17,$-248.64,Credit Card,REFUND
Q2-TX-000980,999,25/05/2025,USD 607.50,credit card,Add-on
Q2-TX-000981,697,"Jun 01, 2025",$217.18,Bank Transfer ,Add-on 
Q2-TX-000982,363,29/05/2025,$219, Credit Card , Upgrade
Q2-TX-000983,120,2025-05-12,USD 162.89,CREDIT CARD, Upgrade 
Q2-TX-000984,933,17 Jun 2025,154.82, Debit Card,Subscription
Q2-TX-000985,793,05/03/2025,515.67,CREDIT CARD, Upgrade
Q2-TX-000986,800,05-06-2025,31.74,Credit Card,subscription
Q2-TX-000987,1500,23 Jun 2025,$238,DEBIT CARD,subscription
Q2-TX-000988,580,28 Apr 2025,-166.52, Bank Transfer,refund
Q2-TX-000989,280,16/05/2025,43.48, Bank Transfer ,Add-on
Q2-TX-000990,78,05/23/2025,330.68, Credit Card, Upgrade
Q2-TX-000991,1063,06/23/2025,$186,BANK TRANSFER,upgrade
Q2-TX-000992,1285,05/17/2025,234.73,Credit Card,upgrade
Q2-TX-000993,1449,19-05-2025,USD 145.93,PayPal ,Subscription 
Q2-TX-000994,73,27 May 2025,$262,DEBIT CARD, Add-on 
Q2-TX-000995,364,"Apr 06, 2025",$-285, Bank Transfer ,Refund 
Q2-TX-000996,1289,18/04/2025,USD 87.44,DEBIT CARD, Upgrade 
Q2-TX-000997,1209,02 Apr 2025,$87.14, Credit Card,Upgrade 
Q2-TX-000998,500,02-06-2025,145.54, Debit Card, Add-on
Q2-TX-000999,702,"Apr 27, 2025",474.10,paypal,SUBSCRIPTION
Q2-TX-001000,150,"Apr 05, 2025",$151.05,PayPal,UPGRADE
Q2-TX-001001,239,"Apr 12, 2025",148.11,DEBIT CARD, Add-on 
Q2-TX-001002,81,18 Apr 2025,$126.46,debit card,Subscription 
Q2-TX-001003,100,2025-04-30,537.38 USD, Debit Card, Upgrade
Q2-TX-001004,432,04/08/2025,220.42 USD,CREDIT CARD, Upgrade
Q2-TX-001005,711,14 May 2025,$381.17,credit card,ADD-ON
Q2-TX-001006,108,27 Apr 2025,USD -403.64,Debit Card, Refund
Q2-TX-001007,424,2025-05-31,94.33 USD,CREDIT CARD,subscription
Q2-TX-001008,439,31/05/2025,-115.27, Debit Card ,refund
Q2-TX-001009,289,29 Apr 2025,USD -233.03, Bank Transfer ,Refund 
Q2-TX-001010,876,23-04-2025,-91.50,credit card,Refund
Q2-TX-001011,24,12/05/2025,$112.86, Credit Card , Subscription
Q2-TX-001012,317,2025-05-23,$-155.91, Credit Card,refund
Q2-TX-001013,356,19/04/2025,USD -116.31,bank transfer, Refund 
Q2-TX-001014,21,"Apr 04, 2025",76.77,credit card,UPGRADE
Q2-TX-001015,179,30 May 2025,128.71 USD,DEBIT CARD, Add-on 
Q2-TX-001016,817,05/04/2025,USD 204.47,bank transfer, Upgrade
Q2-TX-001017,691,2025-06-15,$100, PayPal,add-on
Q2-TX-001018,869,"Jun 21, 2025",$-133, Bank Transfer,Refund
Q2-TX-001019,608,13-06-2025,165.56,Credit Card,Upgrade
Q2-TX-001020,372,08/04/2025,$546.92,PayPal,ADD-ON
Q2-TX-001021,494,05-06-2025,110.00,BANK TRANSFER,add-on
Q2-TX-001022,1254,13-05-2025,437.70,PayPal , Upgrade
Q2-TX-001023,290,24/05/2025,USD 31.06,PAYPAL,Add-on
Q2-TX-001024,530,26/06/2025,$-322,Debit Card,Refund
Q2-TX-001025,215,26 May 2025,USD 284.60,bank transfer,subscription
Q2-TX-001026,1340,2025-06-30,321.17,PAYPAL,upgrade
Q2-TX-001027,1284,"Jun 14, 2025",$297,bank transfer,UPGRADE
Q2-TX-001028,392,2025-04-20,$-362.29, Bank Transfer, Refund
Q2-TX-001029,62,"Jun 14, 2025",USD 152.80,CREDIT CARD, Add-on 
Q2-TX-001030,1222,2025-06-12,-442.77 USD,Debit Card,refund
Q2-TX-001031,966,14-06-2025,$114,PayPal ,SUBSCRIPTION
Q2-TX-001032,1418,13/04/2025,35.52, Credit Card ,Upgrade
Q2-TX-001033,880,"Apr 15, 2025",USD 43.41,Debit Card ,upgrade
Q2-TX-001034,806,11 Jun 2025,,Credit Card, Subscription 
Q2-TX-001035,276,05/18/2025,267.92,Bank Transfer ,Add-on 
Q2-TX-001036,979,05/31/2025,$-333,BANK TRANSFER,REFUND
Q2-TX-001037,409,2025-04-20,213.49,CREDIT CARD, Subscription 
Q2-TX-001038,453,06-06-2025,121.48,BANK TRANSFER, Add-on
Q2-TX-001039,319,28/05/2025,$-327.45,Bank Transfer,refund
Q2-TX-001040,229,2025-04-08,$197.90,Credit Card,Add-on
Q2-TX-001041,422,22/04/2025,117.03,credit card,Add-on 
Q2-TX-001042,1397,24/05/2025,$256.85, Debit Card, Upgrade
Q2-TX-001043,188,2025-04-29,USD 193.87, Debit Card ,Upgrade
Q2-TX-001044,809,"Jun 25, 2025",933.30 USD,Credit Card ,Add-on
Q2-TX-001045,592,04/18/2025,USD 756.26,PayPal, Add-on
Q2-TX-001046,945,23/04/2025,USD 109.48, PayPal ,subscription
Q2-TX-001047,887,04/30/2025,$41.24, Debit Card,Subscription 
Q2-TX-001048,198,2025-04-23,92.22, Credit Card , Add-on 
Q2-TX-001049,1107,29-04-2025,USD 48.59, Credit Card,ADD-ON
Q2-TX-001050,543,06/02/2025,283.06 USD,bank transfer,Subscription
Q2-TX-001051,203,"Jun 25, 2025",415.47 USD, Bank Transfer ,Upgrade
Q2-TX-001052,1060,2025-05-02,$93, Credit Card ,Add-on
Q2-TX-001053,544,29-05-2025,$-394.13,Debit Card , Refund 
Q2-TX-001054,532,2025-06-20,70.85,CREDIT CARD, Add-on 
Q2-TX-001055,417,06/16/2025,USD -385.91,BANK TRANSFER,refund
Q2-TX-001056,377,17-04-2025,105.41,PAYPAL,upgrade
Q2-TX-001057,296,22 Apr 2025,207.53 USD,paypal,Add-on
Q2-TX-001058,821,"May 23, 2025",333.73,Credit Card,Subscription 
Q2-TX-001059,91,"Jun 30, 2025",$153.41, PayPal ,Add-on
Q2-TX-001060,1324,14/04/2025,, PayPal ,Refund 
Q2-TX-001061,1097,05/08/2025,662.45,PayPal ,Subscription
Q2-TX-001062,283,12-04-2025,$-67, PayPal, Refund
Q2-TX-001063,321,27-06-2025,-543.50,Bank Transfer,Refund 
Q2-TX-001064,825,"Jun 08, 2025",278.93,debit card,upgrade
Q2-TX-001065,567,05/31/2025,$419.37, Credit Card ,Subscription 
Q2-TX-001066,866,06/12/2025,$299,PayPal, Add-on 
Q2-TX-001067,362,01 Apr 2025,USD 68.68,paypal,Add-on 
Q2-TX-001068,490,"May 08, 2025",$50,debit card, Add-on 
Q2-TX-001069,1095,2025-04-28,121.17, Credit Card, Add-on
Q2-TX-001070,732,2025-05-25,28.41,DEBIT CARD,Add-on
Q2-TX-001071,1007,17-06-2025,-213.73,DEBIT CARD, Refund
Q2-TX-001072,353,16/04/2025,221.84,PAYPAL,ADD-ON
Q2-TX-001073,161,"Jun 15, 2025",$168, PayPal,subscription
Q2-TX-001074,1034,2025-04-27,91.79 USD,DEBIT CARD,Subscription 
Q2-TX-001075,1438,09-05-2025,USD -242.61, Bank Transfer,refund
Q2-TX-001076,1381,06/17/2025,$105.58, PayPal,Add-on
Q2-TX-001077,543,2025-05-14,USD 201.66,Debit Card, Subscription
Q2-TX-001078,282,04/13/2025,$102, Credit Card,Upgrade 
Q2-TX-001079,125,07 Apr 2025,$-147.67,PAYPAL, Refund 
Q2-TX-001080,666,"Apr 22, 2025",$870, Bank Transfer,Add-on 
Q2-TX-001081,47,23 Jun 2025,353.62,PayPal, Add-on 
Q2-TX-001082,268,"May 15, 2025",-71.69,paypal, Refund 
Q2-TX-001083,171,"May 02, 2025",$551.65,DEBIT CARD, Upgrade 
Q2-TX-001084,986,05 May 2025,-296.57,Debit Card ,Refund 
Q2-TX-001085,514,2025-04-23,160.67, Bank Transfer ,UPGRADE
Q2-TX-001086,308,2025-04-22,180.03 USD,bank transfer,subscription
Q2-TX-001087,409,28 Apr 2025,$243,PAYPAL, Subscription 
Q2-TX-001088,702,05/09/2025,USD 545.95, Debit Card,upgrade
Q2-TX-001089,1059,"Jun 19, 2025",-276.44 USD, Credit Card, Refund
Q2-TX-001090,1492,20/06/2025,120.16,Bank Transfer , Upgrade 
Q2-TX-001091,553,"May 23, 2025",$160, Bank Transfer , Subscription
Q2-TX-001092,44,29 May 2025,USD 122.17,bank transfer,ADD-ON
Q2-TX-001093,91,"Apr 15, 2025",USD 248.05,PayPal ,SUBSCRIPTION
Q2-TX-001094,832,16-06-2025,USD 292.12,paypal, Add-on
Q2-TX-001095,1199,29 Jun 2025,$294.22, Debit Card,Subscription
Q2-TX-001096,1467,04/07/2025,$449.19,DEBIT CARD, Add-on
Q2-TX-001097,987,"May 25, 2025",283.63,Credit Card,upgrade
Q2-TX-001098,1204,09/06/2025,-87.54 USD,paypal,Refund
Q2-TX-001099,300,"Jun 03, 2025",464.45 USD, Bank Transfer, Add-on
Q2-TX-001100,1396,10-06-2025,181.97, Debit Card,Upgrade
Q2-TX-001101,85,28-05-2025,$199, Credit Card,ADD-ON
Q2-TX-001102,465,"Apr 04, 2025",-153.60,bank transfer,REFUND
Q2-TX-001103,622,2025-05-11,, Credit Card ,Upgrade
Q2-TX-001104,1393,30 May 2025,USD -117.23,CREDIT CARD,Refund 
Q2-TX-001105,1500,09-04-2025,$363.94, Bank Transfer, Upgrade 
Q2-TX-001106,191,"Apr 23, 2025",213.35,Credit Card,SUBSCRIPTION
Q2-TX-001107,240,21 Jun 2025,157.13,debit card, Add-on
Q2-TX-001108,851,06/28/2025,$455,Debit Card, Upgrade
Q2-TX-001109,107,26/04/2025,283.82 USD,paypal,Add-on
Q2-TX-001110,314,04/05/2025,170.40,Bank Transfer ,Upgrade
Q2-TX-001111,551,"Jun 22, 2025",489.36,Credit Card ,Subscription
Q2-TX-001112,518,27-06-2025,$426,bank transfer,Add-on 
Q2-TX-001113,1357,02-04-2025,$158,Bank Transfer, Add-on 
Q2-TX-001114,466,10/04/2025,$132,PAYPAL,Upgrade 
Q2-TX-001115,16,"May 07, 2025",309.26 USD,Debit Card,Subscription 
Q2-TX-001116,36,2025-05-10,$151, Bank Transfer,UPGRADE
Q2-TX-001117,440,05/03/2025,215.52 USD,debit card, Add-on 
Q2-TX-001118,1470,2025-05-18,USD -188.36, PayPal , Refund 
Q2-TX-001119,315,10 May 2025,$-220,PAYPAL,REFUND
Q2-TX-001120,1117,19/05/2025,$-516.03, PayPal ,Refund
Q2-TX-001121,819,"Apr 12, 2025",USD 217.48,PayPal,UPGRADE
Q2-TX-001122,1017,27-06-2025,334.34 USD,Bank Transfer ,Upgrade
Q2-TX-001123,506,04/01/2025,228.05 USD,credit card,add-on
Q2-TX-001124,273,13-06-2025,USD -213.72,Debit Card ,refund
Q2-TX-001125,1126,2025-05-07,-91.93,Bank Transfer ,refund
Q2-TX-001126,44,14/04/2025,49.12 USD, PayPal ,Subscription 
Q2-TX-001127,810,05/22/2025,USD 116.58,Credit Card ,Subscription
Q2-TX-001128,1057,02/05/2025,USD 37.36, PayPal ,UPGRADE
Q2-TX-001129,1465,05/06/2025,121.11,PAYPAL, Upgrade 
Q2-TX-001130,1159,"Jun 15, 2025",215.97,debit card, Subscription
Q2-TX-001131,1306,05/02/2025,-142.30, PayPal, Refund 
Q2-TX-001132,227,10/04/2025,43.62, PayPal ,Upgrade
Q2-TX-001133,1106,11-04-2025,-1001.25,PAYPAL,REFUND
Q2-TX-001134,310,"May 31, 2025",USD -193.99, Debit Card , Refund 
Q2-TX-001135,1284,12/06/2025,USD 190.42,PayPal , Add-on
Q2-TX-001136,402,29 Apr 2025,-431.73, PayPal ,refund
Q2-TX-001137,447,02-04-2025,389.89,Bank Transfer ,subscription
Q2-TX-001138,731,20/04/2025,190.48,paypal, Upgrade
Q2-TX-001139,857,2025-05-10,USD 204.19,Credit Card,add-on
Q2-TX-001140,510,06/20/2025,$604.16,PayPal,upgrade
Q2-TX-001141,280,05/15/2025,$193,Bank Transfer ,Subscription 
Q2-TX-001142,936,07 Apr 2025,374.95 USD, Debit Card, Upgrade
Q2-TX-001143,1098,03 Jun 2025,133.55,bank transfer,Subscription
Q2-TX-001144,284,20 May 2025,$101,PayPal , Subscription
Q2-TX-001145,671,12/04/2025,$286.77, PayPal ,Subscription
Q2-TX-001146,509,"May 20, 2025",371.34 USD,PayPal,add-on
Q2-TX-001147,1406,"Apr 12, 2025",$-76.73, PayPal ,Refund 
Q2-TX-001148,404,07/06/2025,$278.48,BANK TRANSFER, Add-on
Q2-TX-001149,1011,2025-06-19,137.54,Debit Card,ADD-ON
Q2-TX-001150,786,"Apr 01, 2025",24.14, PayPal,subscription
Q2-TX-001151,1382,03 Jun 2025,81.28 USD, Credit Card ,Add-on 
Q2-TX-001152,529,2025-04-07,-153.97 USD, Debit Card, Refund 
Q2-TX-001153,677,06/12/2025,$-369.50,bank transfer,Refund
Q2-TX-001154,77,"Jun 18, 2025",310.03,Debit Card ,ADD-ON
Q2-TX-001155,1210,17/06/2025,73.15,PAYPAL, Add-on 
Q2-TX-001156,392,2025-05-01,$290,credit card,Add-on
Q2-TX-001157,47,30 Jun 2025,$108,PAYPAL, Upgrade
Q2-TX-001158,1449,26/05/2025,$-271.61, Debit Card ,REFUND
Q2-TX-001159,1139,03 May 2025,115.11, Credit Card,upgrade
Q2-TX-001160,236,06-04-2025,575.74 USD,Bank Transfer ,Upgrade
Q2-TX-001161,178,"Apr 14, 2025",-123.79,paypal,refund
Q2-TX-001162,93,03-06-2025,$162,PayPal,Upgrade
Q2-TX-001163,729,26/05/2025,-107.68 USD, Bank Transfer, Refund 
Q2-TX-001164,324,05/31/2025,292.05 USD,PayPal ,Upgrade 
Q2-TX-001165,529,2025-06-11,$104,Credit Card,Upgrade
Q2-TX-001166,1266,2025-05-22,43.67,bank transfer,Subscription
Q2-TX-001167,717,06/19/2025,-259.12 USD, Credit Card , Refund
Q2-TX-001168,1439,2025-05-11,251.91, Debit Card, Upgrade
Q2-TX-001169,68,17 Jun 2025,USD 89.04, Credit Card ,Add-on
Q2-TX-001170,731,29 May 2025,,Credit Card, Upgrade
Q2-TX-001171,237,09 May 2025,173.35 USD, PayPal, Subscription
Q2-TX-001172,1191,19/05/2025,302.02,Bank Transfer ,add-on
Q2-TX-001173,498,06-04-2025,-669.15, Credit Card,Refund
Q2-TX-001174,1051,"Jun 04, 2025",-300.70,DEBIT CARD,refund
Q2-TX-001175,609,13/06/2025,324.41,Debit Card , Subscription 
Q2-TX-001176,812,2025-04-18,515.63, Bank Transfer, Subscription 
Q2-TX-001177,1073,13-06-2025,USD -336.04, PayPal, Refund
Q2-TX-001178,307,04/06/2025,$-561.21, PayPal ,refund
Q2-TX-001179,1329,05/09/2025,220.89 USD, Debit Card,Add-on
Q2-TX-001180,675,05/31/2025,-253.58,paypal,Refund 
Q2-TX-001181,975,04/23/2025,USD 108.91, PayPal, Upgrade
Q2-TX-001182,646,"Jun 18, 2025",$-92,Debit Card, Refund
Q2-TX-001183,1236,2025-05-07,USD 141.12,paypal,Add-on
Q2-TX-001184,1490,24/06/2025,343.84, Bank Transfer ,UPGRADE
Q2-TX-001185,804,07 Jun 2025,-355.82,Debit Card,Refund
Q2-TX-001186,1284,28 May 2025,USD 206.63,Credit Card ,Upgrade 
Q2-TX-001187,1166,"Apr 20, 2025",411.13 USD,debit card,Subscription
Q2-TX-001188,1460,26-05-2025,152.64, PayPal , Add-on 
Q2-TX-001189,735,29-04-2025,USD -83.89, Debit Card ,Refund
Q2-TX-001190,1284,2025-04-14,USD 302.43, Credit Card ,UPGRADE
Q2-TX-001191,1039,2025-06-18,-245.38,PayPal , Refund 
Q2-TX-001192,647,22/04/2025,250.37,Debit Card, Add-on 
Q2-TX-001193,68,2025-05-26,575.10,Bank Transfer,add-on
Q2-TX-001194,36,05/14/2025,249.32,Debit Card ,UPGRADE
Q2-TX-001195,1296,"May 29, 2025",$380.80,debit card, Add-on
Q2-TX-001196,310,"Apr 13, 2025",-10.23,Debit Card, Refund
Q2-TX-001197,717,09 Jun 2025,244.54,PayPal , Add-on 
Q2-TX-001198,588,06/28/2025,67.18,debit card,ADD-ON
Q2-TX-001199,699,05/01/2025,180.27,BANK TRANSFER,upgrade
Q2-TX-001200,1410,30/04/2025,$146,Debit Card ,Subscription 
Q2-TX-001201,849,16 May 2025,503.25, PayPal,Upgrade 
Q2-TX-001202,1250,06/10/2025,522.15 USD,Debit Card,upgrade
Q2-TX-001203,450,08/05/2025,552.47, Debit Card , Subscription 
Q2-TX-001204,1345,"Jun 09, 2025",$235,bank transfer, Upgrade
Q2-TX-001205,951,2025-05-17,$30,Bank Transfer , Add-on
Q2-TX-001206,326,"Apr 20, 2025",$279,PAYPAL,Subscription 
Q2-TX-001207,525,09-06-2025,$158,DEBIT CARD,Upgrade 
Q2-TX-001208,180,09 Jun 2025,227.16 USD,PayPal, Add-on 
Q2-TX-001209,944,20 Jun 2025,98.62 USD,Debit Card,upgrade
Q2-TX-001210,385,2025-05-30,-496.94, Bank Transfer, Refund 
Q2-TX-001211,868,2025-04-25,$339,CREDIT CARD,Subscription 
Q2-TX-001212,393,16/04/2025,179.60,DEBIT CARD,subscription
Q2-TX-001213,94,04/03/2025,116.64 USD,Credit Card , Subscription 
Q2-TX-001214,295,2025-06-17,USD 366.54,Credit Card ,Subscription
Q2-TX-001215,972,08 Jun 2025,412.79,Debit Card,upgrade
Q2-TX-001216,709,22 May 2025,157.25 USD,Debit Card, Upgrade
Q2-TX-001217,105,2025-05-30,120.08 USD,debit card, Add-on 
Q2-TX-001218,262,06/03/2025,$-236,DEBIT CARD,Refund
Q2-TX-001219,454,25-06-2025,-270.94 USD,Debit Card, Refund 
Q2-TX-001220,941,03/05/2025,85.84,PAYPAL, Subscription 
Q2-TX-001221,532,2025-04-04,388.25,Bank Transfer,UPGRADE
Q2-TX-001222,470,30/04/2025,USD 184.40,BANK TRANSFER, Add-on
Q2-TX-001223,502,10 May 2025,$449,Bank Transfer, Subscription
Q2-TX-001224,546,2025-06-23,$-454.05,bank transfer, Refund 
Q2-TX-001225,965,06/06/2025,$-430,PAYPAL,Refund 
Q2-TX-001226,659,27/05/2025,-63.75 USD,Credit Card ,Refund
Q2-TX-001227,227,"Apr 02, 2025",-79.62, Credit Card ,REFUND
Q2-TX-001228,1364,"Jun 01, 2025",USD 354.17,Bank Transfer, Subscription
Q2-TX-001229,632,"May 27, 2025",$353.47, PayPal ,UPGRADE
Q2-TX-001230,325,07-04-2025,USD -91.35, PayPal,Refund
Q2-TX-001231,586,2025-05-20,201.77,BANK TRANSFER, Add-on 
Q2-TX-001232,740,04/05/2025,402.27,PayPal,add-on
Q2-TX-001233,288,"Apr 26, 2025",$34,Bank Transfer,upgrade
Q2-TX-001234,844,06/18/2025,USD -299.34,PAYPAL,REFUND
Q2-TX-001235,1042,"Jun 03, 2025",348.88, Debit Card ,Add-on
Q2-TX-001236,187,24 Jun 2025,USD 269.32, Debit Card, Upgrade
Q2-TX-001237,1353,17-04-2025,USD 307.99,CREDIT CARD,Upgrade 
Q2-TX-001238,1330,2025-04-09,209.16 USD, Debit Card,Subscription
Q2-TX-001239,121,"Apr 04, 2025",-181.86, Debit Card ,Refund
Q2-TX-001240,364,"May 07, 2025",$-230.69,Credit Card,Refund 
Q2-TX-001241,1472,2025-05-28,$-389,PayPal,Refund 
Q2-TX-001242,40,2025-06-27,$146.06, PayPal , Add-on 
Q2-TX-001243,422,"May 23, 2025",$167.02, Bank Transfer, Add-on 
Q2-TX-001244,1045,15-05-2025,USD 86.16, Credit Card,Subscription 
Q2-TX-001245,632,02 Jun 2025,$-183,BANK TRANSFER,REFUND
Q2-TX-001246,935,2025-04-02,87.53,Bank Transfer ,subscription
Q2-TX-001247,1342,08-05-2025,USD 427.03, PayPal, Add-on
Q2-TX-001248,536,05/22/2025,USD 197.28,Credit Card ,add-on
Q2-TX-001249,1226,05/04/2025,-100.73,Bank Transfer,refund
Q2-TX-001250,1392,"Jun 28, 2025",USD -391.65,Bank Transfer ,REFUND
Q2-TX-001251,884,10 May 2025,103.00 USD,BANK TRANSFER, Add-on
Q2-TX-001252,708,24-06-2025,76.01,Bank Transfer ,upgrade
Q2-TX-001253,44,05/07/2025,40.53 USD,Credit Card , Upgrade 
Q2-TX-001254,499,21/05/2025,-48.94,paypal,Refund 
Q2-TX-001255,293,2025-06-06,$-193.26,CREDIT CARD,REFUND
Q2-TX-001256,704,24/05/2025,208.48,BANK TRANSFER,SUBSCRIPTION
Q2-TX-001257,1419,29/05/2025,310.06 USD,debit card,Subscription
Q2-TX-001258,328,12/05/2025,233.68,paypal,UPGRADE
Q2-TX-001259,488,06/11/2025,$225.21, Bank Transfer, Subscription 
Q2-TX-001260,837,11 Jun 2025,96.24 USD,PayPal ,upgrade
Q2-TX-001261,25,07-04-2025,-402.93,PayPal, Refund 
Q2-TX-001262,939,"Apr 08, 2025",$260.99, Debit Card ,Subscription
Q2-TX-001263,1248,11 Apr 2025,185.18, PayPal,Subscription
Q2-TX-001264,326,2025-04-19,241.80 USD, PayPal ,Add-on
Q2-TX-001265,166,05/16/2025,330.87,BANK TRANSFER,Upgrade 
Q2-TX-001266,848,24/04/2025,$-88, Bank Transfer,Refund
Q2-TX-001267,478,29/04/2025,$125, PayPal ,subscription
Q2-TX-001268,558,2025-06-16,$32, Bank Transfer ,Upgrade
Q2-TX-001269,185,03-05-2025,203.44,credit card, Upgrade 
Q2-TX-001270,28,05/08/2025,$285,debit card,ADD-ON
Q2-TX-001271,1205,15 Apr 2025,$-265, Debit Card, Refund
Q2-TX-001272,598,05/26/2025,,PayPal ,Upgrade
Q2-TX-001273,906,06/26/2025,$316.13,PAYPAL, Add-on
Q2-TX-001274,140,22 May 2025,-212.03 USD,CREDIT CARD,Refund 
Q2-TX-001275,786,05 Apr 2025,-301.02 USD, Bank Transfer,refund
Q2-TX-001276,967,26/05/2025,,paypal,Refund 
Q2-TX-001277,1395,04/23/2025,$-383,Debit Card ,refund
Q2-TX-001278,1469,2025-04-01,364.84,debit card, Add-on 
Q2-TX-001279,146,2025-04-05,$158,credit card, Subscription 
Q2-TX-001280,599,26/04/2025,$-170, PayPal ,REFUND
Q2-TX-001281,3,05/06/2025,USD 411.33,Credit Card,Upgrade 
Q2-TX-001282,4,05/28/2025,-84.32,BANK TRANSFER,Refund 
Q2-TX-001283,1364,30-06-2025,-225.05 USD, PayPal ,refund
Q2-TX-001284,558,08-06-2025,$-381, Credit Card ,Refund 
Q2-TX-001285,439,2025-04-25,228.55,bank transfer,SUBSCRIPTION
Q2-TX-001286,534,23/05/2025,$195,PayPal ,subscription
Q2-TX-001287,645,"Apr 15, 2025",USD 331.74,PAYPAL, Subscription
Q2-TX-001288,665,"Apr 05, 2025",$284, Credit Card , Subscription 
Q2-TX-001289,1075,05/28/2025,USD 362.56, Bank Transfer,Upgrade 
Q2-TX-001290,147,2025-06-17,, Debit Card,add-on
Q2-TX-001291,169,16/06/2025,$-178.76, Debit Card , Refund
Q2-TX-001292,1421,"May 24, 2025",$-312,credit card, Refund
Q2-TX-001293,1241,"May 31, 2025",$181, PayPal ,add-on
Q2-TX-001294,1285,2025-06-19,-87.16,Credit Card , Refund
Q2-TX-001295,1104,28-05-2025,-197.38,Bank Transfer , Refund
Q2-TX-001296,1248,"May 23, 2025",$67,Credit Card ,Upgrade
Q2-TX-001297,784,"May 13, 2025",99.96 USD,bank transfer,Upgrade 
Q2-TX-001298,643,"Jun 28, 2025",304.72,Credit Card,Upgrade 
Q2-TX-001299,1374,05 Apr 2025,286.11, Debit Card,UPGRADE
Q2-TX-001300,1184,"May 12, 2025",USD -462.70, PayPal ,Refund 
Q2-TX-001301,1041,26/06/2025,-413.50 USD, Credit Card , Refund 
Q2-TX-001302,455,06/15/2025,124.02 USD,PayPal , Upgrade 
Q2-TX-001303,126,"May 20, 2025",$334.78, Debit Card ,SUBSCRIPTION
Q2-TX-001304,425,25-06-2025,284.32 USD,PayPal, Upgrade 
Q2-TX-001305,1010,06-06-2025,154.19,credit card, Upgrade
Q2-TX-001306,1421,05/31/2025,USD 245.00, Debit Card ,SUBSCRIPTION
Q2-TX-001307,128,"Jun 15, 2025",$117, Bank Transfer ,upgrade
Q2-TX-001308,1010,"Apr 08, 2025",$439.70,paypal,upgrade
Q2-TX-001309,224,13/06/2025,-294.95,Credit Card,refund
Q2-TX-001310,938,2025-04-10,$-469,Debit Card, Refund 
Q2-TX-001311,976,06 Jun 2025,$72, Debit Card,Subscription
Q2-TX-001312,1107,"Jun 14, 2025",218.15,Debit Card,ADD-ON
Q2-TX-001313,726,2025-05-03,117.69,BANK TRANSFER,Add-on
Q2-TX-001314,885,04/12/2025,-46.88, Bank Transfer ,Refund 
Q2-TX-001315,1200,20 May 2025,-133.91 USD,Debit Card , Refund
Q2-TX-001316,1088,22 Apr 2025,$-132,DEBIT CARD, Refund
Q2-TX-001317,1362,2025-05-08,334.40, Credit Card ,Upgrade 
Q2-TX-001318,14,06/12/2025,252.46, Debit Card,ADD-ON
Q2-TX-001319,137,"Jun 01, 2025",-374.21,CREDIT CARD,Refund
Q2-TX-001320,746,"Apr 30, 2025",148.69, Debit Card,UPGRADE
Q2-TX-001321,732,05/22/2025,398.42 USD,DEBIT CARD,upgrade
Q2-TX-001322,1051,26-06-2025,-191.47,debit card,refund
Q2-TX-001323,416,05/19/2025,124.48 USD, Bank Transfer,Add-on
Q2-TX-001324,1405,"May 01, 2025",$-49.09,Bank Transfer, Refund 
Q2-TX-001325,630,13-04-2025,82.23 USD, Bank Transfer ,upgrade
Q2-TX-001326,1455,13 Apr 2025,137.12, Credit Card ,ADD-ON
Q2-TX-001327,1156,"Apr 24, 2025",241.17 USD, Credit Card,Add-on 
Q2-TX-001328,222,08/04/2025,120.17 USD,CREDIT CARD,Subscription 
Q2-TX-001329,870,10-04-2025,$695,BANK TRANSFER, Subscription 
Q2-TX-001330,243,08-06-2025,$323, Credit Card,subscription
Q2-TX-001331,1208,05/04/2025,96.29,Bank Transfer , Upgrade
Q2-TX-001332,587,04/06/2025,$154.35, PayPal ,Upgrade 
Q2-TX-001333,381,2025-06-17,169.48,credit card, Add-on
Q2-TX-001334,411,05/06/2025,263.82,CREDIT CARD,Upgrade
Q2-TX-001335,658,11 Jun 2025,51.03,paypal,Subscription
Q2-TX-001336,975,14 Jun 2025,558.67 USD, Credit Card,Upgrade
Q2-TX-001337,77,18 May 2025,$667.19, Debit Card ,SUBSCRIPTION
Q2-TX-001338,1415,"Apr 10, 2025",$285.71, PayPal , Add-on 
Q2-TX-001339,81,28/04/2025,460.62 USD,Debit Card , Upgrade
Q2-TX-001340,230,05/02/2025,248.12 USD, Credit Card ,Subscription
Q2-TX-001341,1444,01/06/2025,-172.57, Bank Transfer ,Refund 
Q2-TX-001342,37,"May 13, 2025",$100, Credit Card,Add-on
Q2-TX-001343,568,2025-05-14,$280.13,Bank Transfer,UPGRADE
Q2-TX-001344,601,27 May 2025,$218.53, Credit Card, Add-on 
Q2-TX-001345,1168,14 May 2025,571.95 USD, Credit Card,Subscription 
Q2-TX-001346,926,05/19/2025,341.72 USD, Debit Card, Subscription 
Q2-TX-001347,278,2025-06-20,$-110.84,Credit Card,refund
Q2-TX-001348,1107,20 May 2025,$-315.41, PayPal,REFUND
Q2-TX-001349,572,06/21/2025,$-148,Credit Card , Refund
Q2-TX-001350,949,05/25/2025,108.88, Credit Card , Upgrade 
Q2-TX-001351,1069,06/11/2025,139.35,debit card, Upgrade
Q2-TX-001352,1114,"May 24, 2025",-124.16,PayPal ,Refund
Q2-TX-001353,244,04/11/2025,USD 268.13, Bank Transfer, Upgrade
Q2-TX-001354,1345,2025-05-18,336.49, Debit Card ,UPGRADE
Q2-TX-001355,480,29/05/2025,68.28, PayPal,SUBSCRIPTION
Q2-TX-001356,1483,"Jun 26, 2025",132.73, Debit Card ,Add-on 
Q2-TX-001357,571,30-06-2025,-312.21, PayPal,refund
Q2-TX-001358,170,05/24/2025,$347.38,PAYPAL, Add-on
Q2-TX-001359,1378,05/28/2025,-252.85 USD,Bank Transfer ,Refund 
Q2-TX-001360,1446,27/04/2025,203.70,Bank Transfer,SUBSCRIPTION
Q2-TX-001361,1134,27 Apr 2025,$-114,bank transfer,Refund
Q2-TX-001362,88,05/27/2025,$-77,Debit Card , Refund 
Q2-TX-001363,296,26-04-2025,-171.35, Bank Transfer ,REFUND
Q2-TX-001364,796,17/05/2025,USD 174.25,Credit Card ,upgrade
Q2-TX-001365,276,06/26/2025,$200, Credit Card ,ADD-ON
Q2-TX-001366,876,13 May 2025,$271.91,CREDIT CARD,upgrade
Q2-TX-001367,344,04/29/2025,-261.50, PayPal ,Refund 
Q2-TX-001368,47,05-04-2025,$-305, Debit Card , Refund 
Q2-TX-001369,669,"Jun 28, 2025",211.00 USD,debit card,UPGRADE
Q2-TX-001370,1264,04/04/2025,111.61,CREDIT CARD,Subscription
Q2-TX-001371,448,2025-06-16,$583,PayPal,Subscription 
Q2-TX-001372,1093,10 Apr 2025,$88.07,BANK TRANSFER, Upgrade
Q2-TX-001373,296,14/05/2025,113.61, Bank Transfer,ADD-ON
Q2-TX-001374,983,05/26/2025,$259,DEBIT CARD,Add-on 
Q2-TX-001375,153,"May 11, 2025",146.60, PayPal ,Subscription 
Q2-TX-001376,988,01-06-2025,467.12 USD,Debit Card , Upgrade
Q2-TX-001377,417,12 May 2025,-212.57, PayPal,Refund 
Q2-TX-001378,1248,08 May 2025,301.34,Credit Card ,Subscription
Q2-TX-001379,773,09/06/2025,188.30,BANK TRANSFER,upgrade
Q2-TX-001380,510,"May 08, 2025",61.58, PayPal, Add-on
Q2-TX-001381,1118,"Jun 19, 2025",753.55 USD, PayPal , Add-on
Q2-TX-001382,187,"Apr 22, 2025",-249.91,Debit Card , Refund
Q2-TX-001383,605,10-06-2025,111.45 USD,Debit Card, Subscription
Q2-TX-001384,141,06/25/2025,$202.90,Debit Card,Upgrade 
Q2-TX-001385,1204,2025-04-18,$342,PAYPAL,subscription
Q2-TX-001386,949,"May 29, 2025",USD -49.81,Credit Card, Refund
Q2-TX-001387,146,25 Apr 2025,USD -213.43,paypal,Refund 
Q2-TX-001388,1185,2025-06-24,$170,Credit Card ,Upgrade
Q2-TX-001389,207,"May 05, 2025",USD -89.95,CREDIT CARD, Refund 
Q2-TX-001390,709,20/06/2025,USD 347.74, Debit Card,SUBSCRIPTION
Q2-TX-001391,1467,24-04-2025,-117.27,PayPal,REFUND
Q2-TX-001392,314,"Jun 21, 2025",$442, Bank Transfer,upgrade
Q2-TX-001393,104,2025-04-09,$-149,credit card,Refund
Q2-TX-001394,450,04/14/2025,314.14, PayPal ,subscription
Q2-TX-001395,98,23 May 2025,$255.93,DEBIT CARD,upgrade
Q2-TX-001396,1230,05/15/2025,237.80 USD, Debit Card,UPGRADE
Q2-TX-001397,1440,19-05-2025,204.98,Bank Transfer, Upgrade
Q2-TX-001398,576,06-06-2025,229.57 USD,BANK TRANSFER,UPGRADE
Q2-TX-001399,653,2025-05-11,-312.65,Debit Card ,refund
Q2-TX-001400,675,"Jun 17, 2025",-452.86,paypal, Refund 
Q2-TX-001401,1481,05 May 2025,$146.49,PAYPAL, Add-on
Q2-TX-001402,204,"May 29, 2025",USD 680.99, PayPal, Subscription 
Q2-TX-001403,543,03 Apr 2025,$-374.15, PayPal ,REFUND
Q2-TX-001404,972,2025-06-12,-283.88,Bank Transfer,Refund 
Q2-TX-001405,1401,"May 12, 2025",270.81,Credit Card ,Add-on
Q2-TX-001406,262,04-05-2025,35.05 USD,Credit Card ,add-on
Q2-TX-001407,398,"Jun 30, 2025",663.15 USD,BANK TRANSFER,ADD-ON
Q2-TX-001408,170,17-04-2025,327.44, Bank Transfer,Subscription 
Q2-TX-001409,359,13-04-2025,-107.36 USD,PayPal , Refund 
Q2-TX-001410,825,04/09/2025,65.40,bank transfer,UPGRADE
Q2-TX-001411,322,04/26/2025,$332.48,Credit Card,Subscription
Q2-TX-001412,580,"Jun 03, 2025",152.15,PayPal ,subscription
Q2-TX-001413,153,"May 27, 2025",$-200, PayPal, Refund
Q2-TX-001414,632,11/05/2025,-194.32 USD,PayPal,refund
Q2-TX-001415,844,18-06-2025,199.43, Debit Card ,Upgrade 
Q2-TX-001416,412,2025-06-30,-57.16, PayPal,Refund 
Q2-TX-001417,107,2025-04-14,414.36 USD,Debit Card ,ADD-ON
Q2-TX-001418,1454,04/14/2025,147.91, Debit Card , Subscription 
Q2-TX-001419,751,18-06-2025,176.99 USD,credit card,ADD-ON
Q2-TX-001420,472,09/04/2025,125.14 USD,DEBIT CARD,subscription
Q2-TX-001421,1332,07/04/2025,-354.55, Credit Card , Refund
Q2-TX-001422,828,05/04/2025,-123.16,debit card, Refund 
Q2-TX-001423,927,2025-04-16,97.53 USD,Bank Transfer, Subscription 
Q2-TX-001424,1368,2025-06-06,$318, Debit Card , Subscription
Q2-TX-001425,1113,09-06-2025,172.13 USD,bank transfer,Subscription
Q2-TX-001426,352,2025-04-25,-266.89, Debit Card,Refund
Q2-TX-001427,1430,2025-05-12,$141, PayPal ,Subscription
Q2-TX-001428,151,"Apr 09, 2025",99.83 USD,PayPal ,SUBSCRIPTION
Q2-TX-001429,384,22/06/2025,USD 159.59, Debit Card,Add-on
Q2-TX-001430,683,05/03/2025,375.57, Credit Card ,Upgrade 
Q2-TX-001431,787,2025-05-19,$-158,Debit Card ,Refund
Q2-TX-001432,45,14-04-2025,395.90 USD, Debit Card ,Subscription 
Q2-TX-001433,553,"Jun 18, 2025",$-150.98,PAYPAL,REFUND
Q2-TX-001434,1413,"Jun 19, 2025",$-283,PayPal , Refund
Q2-TX-001435,1210,04/21/2025,-192.56,paypal,Refund 
Q2-TX-001436,704,"May 02, 2025",$153,credit card,Subscription
Q2-TX-001437,599,"Jun 24, 2025",107.28 USD,PAYPAL,subscription
Q2-TX-001438,175,"Jun 19, 2025",USD 146.31,BANK TRANSFER,Subscription
Q2-TX-001439,948,22/04/2025,$224.36,debit card,Add-on
Q2-TX-001440,725,2025-05-07,USD 58.54,DEBIT CARD,UPGRADE
Q2-TX-001441,496,05-05-2025,$-101,PAYPAL, Refund 
Q2-TX-001442,324,10-05-2025,278.83,BANK TRANSFER,add-on
Q2-TX-001443,475,06/28/2025,78.71 USD,PAYPAL,upgrade
Q2-TX-001444,547,2025-04-23,210.08,Credit Card,SUBSCRIPTION
Q2-TX-001445,1181,2025-04-24,328.50, PayPal ,Add-on 
Q2-TX-001446,1229,"May 08, 2025",$-454,PayPal ,Refund 
Q2-TX-001447,720,19-05-2025,$47,DEBIT CARD,add-on
Q2-TX-001448,227,20 Jun 2025,216.97,credit card, Subscription
Q2-TX-001449,1422,20/04/2025,$565,Credit Card, Upgrade 
Q2-TX-001450,214,01/06/2025,469.31,Debit Card, Upgrade 
Q2-TX-001451,405,"Apr 25, 2025",USD 64.56, Credit Card, Subscription
Q2-TX-001452,502,04/29/2025,USD 245.72,Credit Card ,Add-on
Q2-TX-001453,1059,08-05-2025,131.33,Credit Card , Add-on
Q2-TX-001454,336,2025-06-27,$134,PAYPAL,Add-on 
Q2-TX-001455,269,11/04/2025,142.92,Credit Card ,UPGRADE
Q2-TX-001456,3,06/08/2025,323.90, Credit Card,Add-on 
Q2-TX-001457,366,20/05/2025,262.40,paypal,add-on
Q2-TX-001458,807,11 May 2025,-261.86,BANK TRANSFER,refund
Q2-TX-001459,154,"Apr 16, 2025",$253.50, Bank Transfer ,Add-on 
Q2-TX-001460,794,16-06-2025,-111.15, Debit Card , Refund
Q2-TX-001461,472,06-05-2025,100.83,debit card, Subscription
Q2-TX-001462,1166,29/06/2025,USD 85.80, PayPal,upgrade
Q2-TX-001463,1328,05 May 2025,195.14, Bank Transfer , Subscription 
Q2-TX-001464,1007,15/05/2025,-46.07,Debit Card ,Refund
Q2-TX-001465,262,"Jun 15, 2025",$258,BANK TRANSFER,upgrade
Q2-TX-001466,1215,"Jun 11, 2025",$506, PayPal,Subscription 
Q2-TX-001467,548,06/03/2025,USD 269.72,Bank Transfer,Add-on 
Q2-TX-001468,411,2025-04-21,USD 290.83,debit card, Upgrade
Q2-TX-001469,204,05 Apr 2025,126.06,Bank Transfer , Add-on 
Q2-TX-001470,71,04/22/2025,154.62 USD, Bank Transfer,subscription
Q2-TX-001471,1311,06/12/2025,190.53 USD, Debit Card , Upgrade 
Q2-TX-001472,324,"Apr 28, 2025",184.62,PayPal ,Upgrade 
Q2-TX-001473,457,05/12/2025,$259,Bank Transfer ,ADD-ON
Q2-TX-001474,647,12/04/2025,$475, Debit Card,UPGRADE
Q2-TX-001475,581,23-06-2025,187.48,Bank Transfer,Subscription
Q2-TX-001476,1391,06/09/2025,412.29,Debit Card,SUBSCRIPTION
Q2-TX-001477,630,24 Jun 2025,206.95, Credit Card , Upgrade 
Q2-TX-001478,1233,"May 09, 2025",75.51,PayPal ,upgrade
Q2-TX-001479,904,11-05-2025,$-223,Bank Transfer,refund
Q2-TX-001480,166,06/25/2025,$-234.16,Debit Card , Refund 
Q2-TX-001481,387,04/03/2025,$-78,debit card,refund
Q2-TX-001482,89,04/26/2025,$-444.68,Debit Card,Refund
Q2-TX-001483,1237,28 Jun 2025,$297,PayPal, Upgrade
Q2-TX-001484,1392,27-05-2025,$-368, Bank Transfer,REFUND
Q2-TX-001485,1362,"May 03, 2025",-380.36 USD,Debit Card, Refund
Q2-TX-001486,788,30 Apr 2025,USD 106.52,Debit Card, Add-on
Q2-TX-001487,100,06/23/2025,$381.19,bank transfer, Add-on
Q2-TX-001488,605,"May 16, 2025",$56.52,Debit Card , Subscription 
Q2-TX-001489,624,14/04/2025,213.71,Credit Card , Add-on 
Q2-TX-001490,234,06/16/2025,$-151, Debit Card, Refund 
Q2-TX-001491,1214,"Jun 01, 2025",78.54,credit card,Upgrade
Q2-TX-001492,170,2025-05-01,$-290,Credit Card, Refund
Q2-TX-001493,1302,12/05/2025,-315.36, PayPal,REFUND
Q2-TX-001494,597,"Apr 05, 2025",$104,Debit Card,upgrade
Q2-TX-001495,1084,01 Apr 2025,USD 206.20, PayPal,Add-on 
Q2-TX-001496,849,04/28/2025,USD 281.53,DEBIT CARD,Add-on
Q2-TX-001497,185,20-04-2025,30.64,paypal, Upgrade
Q2-TX-001498,1276,04/26/2025,309.22,BANK TRANSFER,Subscription
Q2-TX-001499,73,02/05/2025,$-91.72, Bank Transfer ,refund
Q2-TX-001500,474,"Jun 21, 2025",USD 95.60, Credit Card ,upgrade
Q2-TX-001501,600,"Apr 12, 2025",305.97,credit card,subscription
Q2-TX-001502,1117,22 Jun 2025,$90,Credit Card,ADD-ON
Q2-TX-001503,1365,05/21/2025,USD 383.85,Debit Card,upgrade
Q2-TX-001504,438,03/04/2025,-174.12 USD, Credit Card,REFUND
Q2-TX-001505,703,04-04-2025,-140.59,Debit Card, Refund
Q2-TX-001506,280,03/06/2025,340.39, Credit Card ,UPGRADE
Q2-TX-001507,235,2025-05-10,209.20 USD,credit card,add-on
Q2-TX-001508,1243,05/02/2025,$227, PayPal , Upgrade
Q2-TX-001509,1272,2025-06-11,$80.96,BANK TRANSFER,Subscription
Q2-TX-001510,708,2025-06-17,$627, Credit Card,Upgrade
Q2-TX-001511,906,"May 17, 2025",-525.15, Credit Card,refund
Q2-TX-001512,951,15/05/2025,215.51, Debit Card , Upgrade 
Q2-TX-001513,64,2025-04-28,$157,BANK TRANSFER, Subscription 
Q2-TX-001514,1420,04/05/2025,$270,credit card,Upgrade 
Q2-TX-001515,845,01-04-2025,60.06 USD,debit card, Add-on 
Q2-TX-001516,980,2025-05-25,USD 250.97,PayPal, Subscription 
Q2-TX-001517,867,13 May 2025,,Bank Transfer, Subscription
Q2-TX-001518,1386,03/05/2025,166.40 USD, Debit Card,Subscription 
Q2-TX-001519,375,25 Jun 2025,-84.76,bank transfer,REFUND
Q2-TX-001520,478,10 Apr 2025,USD 310.72,Credit Card ,Subscription
Q2-TX-001521,317,06/29/2025,-134.78,CREDIT CARD,refund
Q2-TX-001522,464,"Jun 22, 2025",$-75.05, Debit Card ,Refund 
Q2-TX-001523,376,02-05-2025,USD -388.62,CREDIT CARD,REFUND
Q2-TX-001524,1330,2025-06-03,"$1,172.72",CREDIT CARD,Upgrade 
Q2-TX-001525,52,"Apr 27, 2025",$192, Credit Card , Subscription 
Q2-TX-001526,2,20-05-2025,-266.78, Debit Card ,Refund
Q2-TX-001527,224,07 Jun 2025,,Debit Card,Add-on
Q2-TX-001528,294,"May 16, 2025",$139.65,PAYPAL,Subscription
Q2-TX-001529,250,04/13/2025,$479,Credit Card ,ADD-ON
Q2-TX-001530,1170,23-05-2025,-297.39, Credit Card,refund
Q2-TX-001531,1479,03/06/2025,301.19, PayPal, Add-on
Q2-TX-001532,322,2025-06-16,$-127.69, Debit Card ,REFUND
Q2-TX-001533,894,06/05/2025,101.83,debit card,UPGRADE
Q2-TX-001534,537,2025-05-13,$536.61,paypal,Subscription 
Q2-TX-001535,285,26 Apr 2025,192.87 USD,PAYPAL,ADD-ON
Q2-TX-001536,1158,25-06-2025,286.96,debit card, Subscription 
Q2-TX-001537,486,05/18/2025,$109,CREDIT CARD,SUBSCRIPTION
Q2-TX-001538,624,26 Apr 2025,44.06, Debit Card,Add-on
Q2-TX-001539,603,"Apr 08, 2025",166.02,Bank Transfer , Add-on 
Q2-TX-001540,718,18 Apr 2025,543.79,bank transfer,upgrade
Q2-TX-001541,1114,12 Jun 2025,$270, Debit Card,Subscription 
Q2-TX-001542,254,30/06/2025,267.87, Credit Card,Subscription
Q2-TX-001543,1306,05/12/2025,157.76,DEBIT CARD, Add-on
Q2-TX-001544,1500,"May 11, 2025",$196, Debit Card,Add-on 
Q2-TX-001545,1212,05/30/2025,$-220,PAYPAL,Refund 
Q2-TX-001546,92,"Jun 25, 2025",244.01,PAYPAL,Upgrade 
Q2-TX-001547,1425,08/04/2025,77.67,PAYPAL,Add-on
Q2-TX-001548,1103,2025-04-23,$429,DEBIT CARD,Upgrade
Q2-TX-001549,483,07-06-2025,-302.09, PayPal, Refund
Q2-TX-001550,717,06/13/2025,$227,PayPal, Upgrade
Q2-TX-001551,1295,2025-04-03,348.00,credit card,SUBSCRIPTION
Q2-TX-001552,1307,"Apr 15, 2025",$396.50,Bank Transfer , Upgrade 
Q2-TX-001553,960,"Jun 15, 2025",348.06 USD, Credit Card,Add-on 
Q2-TX-001554,346,30/05/2025,$360.19,DEBIT CARD,upgrade
Q2-TX-001555,1039,26/05/2025,USD 139.85, PayPal ,Add-on 
Q2-TX-001556,1447,04/06/2025,USD -201.03,PayPal,REFUND
Q2-TX-001557,889,25/04/2025,384.55 USD,CREDIT CARD,Upgrade 
Q2-TX-001558,888,"May 07, 2025",$175,PAYPAL,subscription
Q2-TX-001559,1403,02-04-2025,$334,Debit Card , Subscription
Q2-TX-001560,463,24/04/2025,$131.75,bank transfer, Subscription 
Q2-TX-001561,704,2025-05-17,$119,paypal,Add-on
Q2-TX-001562,1024,27/06/2025,-246.47, PayPal ,refund
Q2-TX-001563,385,12/05/2025,474.25, Credit Card,subscription
Q2-TX-001564,1079,2025-06-02,$304, Bank Transfer, Subscription 
Q2-TX-001565,1226,16/06/2025,$-232,PayPal , Refund 
Q2-TX-001566,674,06-04-2025,302.17 USD,debit card,upgrade
Q2-TX-001567,321,"May 27, 2025",USD -263.23,DEBIT CARD,REFUND
Q2-TX-001568,1020,06/07/2025,,PAYPAL, Subscription 
Q2-TX-001569,824,05/04/2025,$180,debit card, Subscription 
Q2-TX-001570,1477,10-05-2025,USD 78.81,paypal, Add-on
Q2-TX-001571,531,"Jun 25, 2025",$269,CREDIT CARD,UPGRADE
Q2-TX-001572,158,04/25/2025,398.23 USD, Debit Card,subscription
Q2-TX-001573,941,22-05-2025,436.11,PayPal ,Add-on
Q2-TX-001574,640,13 May 2025,USD -170.08,BANK TRANSFER,Refund 
Q2-TX-001575,392,21 Jun 2025,115.24 USD, PayPal, Upgrade 
Q2-TX-001576,1211,2025-05-03,$280, PayPal,Subscription
Q2-TX-001577,707,2025-05-02,$74.47, Credit Card,Subscription
Q2-TX-001578,1097,"Apr 13, 2025",60.12, Credit Card,Upgrade 
Q2-TX-001579,887,"May 29, 2025",317.58, Bank Transfer,subscription
Q2-TX-001580,940,06/04/2025,228.48 USD,paypal,Subscription
Q2-TX-001581,1060,17-05-2025,-288.77,paypal,refund
Q2-TX-001582,900004,"Jun 09, 2025",70.08 USD,Credit Card ,SUBSCRIPTION
Q2-TX-001583,781,"May 08, 2025",582.15,PAYPAL,Add-on 
Q2-TX-001584,1363,24-04-2025,67.40, Debit Card , Upgrade 
Q2-TX-001585,6,29 Jun 2025,468.32,CREDIT CARD,subscription
Q2-TX-001586,1303,2025-04-15,$-474,CREDIT CARD,refund
Q2-TX-001587,152,08 Apr 2025,$380,Credit Card ,ADD-ON
Q2-TX-001588,292,2025-05-29,$-303,credit card,REFUND
Q2-TX-001589,841,"Apr 26, 2025",275.01 USD, Bank Transfer,SUBSCRIPTION
Q2-TX-001590,894,04/29/2025,USD 90.82, Debit Card , Upgrade
Q2-TX-001591,229,"Jun 29, 2025",$116.39,Credit Card,UPGRADE
Q2-TX-001592,601,21-04-2025,$-161,debit card, Refund 
Q2-TX-001593,1463,2025-06-02,USD -224.82,PAYPAL,Refund 
Q2-TX-001594,1106,28/04/2025,$167,Credit Card ,UPGRADE
Q2-TX-001595,572,02/06/2025,$188.04,Bank Transfer ,Add-on
Q2-TX-001596,124,"May 17, 2025",-90.50,PAYPAL, Refund
Q2-TX-001597,60,05/18/2025,503.44, Credit Card ,Add-on
Q2-TX-001598,357,05/05/2025,253.78 USD,Debit Card ,ADD-ON
Q2-TX-001599,1160,11/06/2025,$578, Bank Transfer ,SUBSCRIPTION
Q2-TX-001600,466,07 May 2025,72.78,debit card,Add-on 
Q2-TX-001601,909,"Apr 18, 2025",$-78,BANK TRANSFER,refund
Q2-TX-001602,754,"Apr 05, 2025",390.79,BANK TRANSFER, Upgrade
Q2-TX-001603,324,04/21/2025,157.77, Credit Card ,Upgrade 
Q2-TX-001604,425,30/05/2025,428.14,PAYPAL, Add-on 
Q2-TX-001605,1497,20/06/2025,$359.01,debit card,ADD-ON
Q2-TX-001606,1294,30 May 2025,-196.54 USD,bank transfer,REFUND
Q2-TX-001607,1342,11 Apr 2025,$100.07,Bank Transfer ,Upgrade 
Q2-TX-001608,854,22-05-2025,-106.17,Debit Card ,Refund
Q2-TX-001609,815,12/06/2025,USD -132.24,debit card,refund
Q2-TX-001610,316,06/05/2025,$-219,bank transfer, Refund 
Q2-TX-001611,389,04/01/2025,306.07 USD,BANK TRANSFER,upgrade
Q2-TX-001612,935,21/04/2025,102.84,Bank Transfer,Subscription
Q2-TX-001613,308,05 May 2025,-114.32 USD,paypal, Refund 
Q2-TX-001614,1291,2025-05-09,107.42,Bank Transfer , Upgrade 
Q2-TX-001615,1098,2025-06-10,774.89, Credit Card ,SUBSCRIPTION
Q2-TX-001616,1345,"Jun 23, 2025",$-147.71,PAYPAL, Refund
Q2-TX-001617,1114,06/23/2025,265.85,PAYPAL,Subscription 
Q2-TX-001618,450,"May 27, 2025",$374, Bank Transfer, Upgrade 
Q2-TX-001619,346,2025-06-25,$115.58,debit card,Add-on
Q2-TX-001620,1450,2025-05-17,$292.14,DEBIT CARD,subscription
Q2-TX-001621,810,27-06-2025,USD 290.12,bank transfer,Subscription 
Q2-TX-001622,980,19-06-2025,$-103,BANK TRANSFER,Refund
Q2-TX-001623,936,04/02/2025,148.09, Credit Card,SUBSCRIPTION
Q2-TX-001624,393,05/27/2025,$292.10,bank transfer, Subscription 
Q2-TX-001625,1175,"May 10, 2025",USD -185.55, PayPal ,Refund 
Q2-TX-001626,249,"May 16, 2025",-402.04, Debit Card,REFUND
Q2-TX-001627,1201,05/16/2025,$77,paypal, Add-on 
Q2-TX-001628,1255,2025-06-13,427.19,paypal,Subscription
Q2-TX-001629,689,08/06/2025,-195.42,Debit Card,refund
Q2-TX-001630,897,"Apr 21, 2025",-170.31 USD, Bank Transfer ,REFUND
Q2-TX-001631,919,2025-04-25,USD 311.52, Debit Card,ADD-ON
Q2-TX-001632,891,"May 31, 2025",177.81, Debit Card ,Subscription 
Q2-TX-001633,197,24-05-2025,229.57,Bank Transfer, Subscription
Q2-TX-001634,265,2025-06-03,353.54, Debit Card,add-on
Q2-TX-001635,308,19-06-2025,$261.12,paypal,Add-on
Q2-TX-001636,964,06/28/2025,USD 381.96, Debit Card ,subscription
Q2-TX-001637,778,06/17/2025,$164.66,Debit Card,UPGRADE
Q2-TX-001638,306,2025-04-17,263.96, Debit Card,ADD-ON
Q2-TX-001639,1474,13/04/2025,USD 520.74,paypal, Upgrade
Q2-TX-001640,1312,10 Apr 2025,61.43,Debit Card , Add-on
Q2-TX-001641,1462,"Apr 04, 2025",USD 273.62,bank transfer,add-on
Q2-TX-001642,216,14-05-2025,USD 338.52,Credit Card , Add-on 
Q2-TX-001643,1147,05/08/2025,489.56 USD,paypal, Subscription 
Q2-TX-001644,383,01 Jun 2025,USD 268.99,PayPal,Add-on 
Q2-TX-001645,217,"May 14, 2025",USD 293.07,PayPal, Upgrade 
Q2-TX-001646,1151,04/05/2025,-135.06 USD,DEBIT CARD,Refund 
Q2-TX-001647,900015,10 Apr 2025,$-442, Debit Card,Refund 
Q2-TX-001648,750,09 Jun 2025,315.53 USD,CREDIT CARD,subscription
Q2-TX-001649,546,2025-04-04,$131.03, Bank Transfer,Subscription 
Q2-TX-001650,818,05/14/2025,119.51 USD, Debit Card,SUBSCRIPTION
Q2-TX-001651,782,2025-06-12,-179.86 USD,Bank Transfer, Refund 
Q2-TX-001652,1445,19-05-2025,-219.83 USD,Credit Card, Refund
Q2-TX-001653,834,03 Apr 2025,$-203.37, Credit Card , Refund
Q2-TX-001654,173,2025-04-17,209.93 USD, Bank Transfer,add-on
Q2-TX-001655,206,07/04/2025,-177.00,Debit Card ,refund
Q2-TX-001656,1319,2025-05-13,$209,Bank Transfer, Subscription
Q2-TX-001657,926,29-06-2025,-389.57 USD,CREDIT CARD, Refund 
Q2-TX-001658,1061,2025-06-15,312.45 USD, Credit Card, Upgrade
Q2-TX-001659,769,2025-04-12,$69.80, Debit Card,ADD-ON
Q2-TX-001660,427,2025-05-03,-414.48,Bank Transfer , Refund 
Q2-TX-001661,1020,2025-04-25,$268.42, Credit Card , Add-on 
Q2-TX-001662,1066,"May 14, 2025",$101.29,CREDIT CARD,ADD-ON
Q2-TX-001663,124,28/05/2025,229.51 USD,bank transfer,Subscription 
Q2-TX-001664,887,04/04/2025,USD 130.35,DEBIT CARD, Add-on 
Q2-TX-001665,128,04/03/2025,130.72 USD, PayPal ,add-on
Q2-TX-001666,1444,08/05/2025,$-177, Debit Card ,refund
Q2-TX-001667,813,12-05-2025,412.39,PAYPAL, Upgrade 
Q2-TX-001668,1474,"Jun 24, 2025",30.77,Credit Card,subscription
Q2-TX-001669,340,"Jun 02, 2025",147.27,Credit Card,Add-on
Q2-TX-001670,223,"Jun 07, 2025",$-323.60,Debit Card,Refund 
Q2-TX-001671,567,2025-05-26,$698,bank transfer, Subscription
Q2-TX-001672,658,2025-05-08,905.23, PayPal ,add-on
Q2-TX-001673,1034,19-06-2025,181.77, Credit Card,subscription
Q2-TX-001674,946,04/16/2025,89.49 USD,Credit Card, Upgrade 
Q2-TX-001675,128,04/07/2025,$281.15,debit card,Add-on
Q2-TX-001676,193,04/07/2025,$313,bank transfer,SUBSCRIPTION
Q2-TX-001677,156,20/05/2025,$396.47,PayPal ,subscription
Q2-TX-001678,1365,28/04/2025,280.94,credit card,Add-on
Q2-TX-001679,518,2025-06-25,$-81.94, PayPal ,refund
Q2-TX-001680,330,06 Jun 2025,USD 34.57,DEBIT CARD,add-on
Q2-TX-001681,1200,04/07/2025,434.24 USD,Debit Card ,subscription
Q2-TX-001682,1189,04/04/2025,-364.82,bank transfer,REFUND
Q2-TX-001683,429,11 Jun 2025,104.87,CREDIT CARD,Subscription 
Q2-TX-001684,749,05/12/2025,USD 100.68, Credit Card ,add-on
Q2-TX-001685,141,18-05-2025,USD -602.15, Debit Card , Refund 
Q2-TX-001686,569,04-04-2025,399.07 USD,CREDIT CARD,SUBSCRIPTION
Q2-TX-001687,1425,"May 17, 2025",-178.25,CREDIT CARD, Refund 
Q2-TX-001688,587,20 Jun 2025,$118.83,Bank Transfer , Subscription 
Q2-TX-001689,1310,24-04-2025,USD -174.38,Bank Transfer,Refund
Q2-TX-001690,727,05/19/2025,147.56,PAYPAL,upgrade
Q2-TX-001691,135,"Apr 09, 2025",314.36 USD,Credit Card ,Upgrade 
Q2-TX-001692,526,20/06/2025,-250.71 USD,Debit Card ,Refund 
Q2-TX-001693,1029,2025-04-11,135.55,CREDIT CARD,UPGRADE
Q2-TX-001694,1244,08 May 2025,331.50 USD,Credit Card ,Add-on 
Q2-TX-001695,780,16 Apr 2025,USD 124.35, Debit Card ,ADD-ON
Q2-TX-001696,1237,"May 10, 2025",138.95,Credit Card, Add-on
Q2-TX-001697,95,"May 21, 2025",$-189,Debit Card ,Refund
Q2-TX-001698,1368,20-05-2025,-403.35,paypal,Refund
Q2-TX-001699,645,"May 21, 2025",-127.67,Debit Card ,Refund
Q2-TX-001700,1360,19/05/2025,359.35,bank transfer,Add-on 
Q2-TX-001701,494,04/28/2025,-599.26, Credit Card, Refund 
Q2-TX-001702,1291,"May 20, 2025",-153.21 USD, Debit Card ,Refund
Q2-TX-001703,190,02-04-2025,$378.42,PAYPAL,Subscription
Q2-TX-001704,1457,2025-05-19,-430.28,PayPal , Refund
Q2-TX-001705,720,05/13/2025,USD -954.48, PayPal , Refund 
Q2-TX-001706,523,03/04/2025,$290,DEBIT CARD, Add-on 
Q2-TX-001707,154,11 Apr 2025,USD 194.95,bank transfer,ADD-ON
Q2-TX-001708,215,"May 21, 2025",$519.66,PAYPAL,UPGRADE
Q2-TX-001709,1394,2025-04-19,-335.69, Bank Transfer ,REFUND
Q2-TX-001710,1007,17-04-2025,USD 318.74,credit card,Upgrade
Q2-TX-001711,72,29 May 2025,$295,Credit Card , Add-on 
Q2-TX-001712,1295,02-04-2025,$617.48,CREDIT CARD,Subscription
Q2-TX-001713,1425,07-04-2025,$148,bank transfer,upgrade
Q2-TX-001714,380,12/04/2025,382.18, Bank Transfer,Upgrade
Q2-TX-001715,96,"May 20, 2025",USD 295.71, Bank Transfer ,Add-on
Q2-TX-001716,1329,"Jun 19, 2025",$451,BANK TRANSFER, Add-on
Q2-TX-001717,1341,17 Jun 2025,141.31,BANK TRANSFER, Upgrade 
Q2-TX-001718,1141,06/06/2025,$88.60,paypal, Upgrade
Q2-TX-001719,717,2025-04-12,$616, Credit Card,UPGRADE
Q2-TX-001720,1387,22/05/2025,USD 56.79, Credit Card,add-on
Q2-TX-001721,1068,18/06/2025,132.61 USD,PAYPAL,add-on
Q2-TX-001722,849,04/04/2025,$70,PAYPAL, Upgrade
Q2-TX-001723,501,"May 09, 2025",$410,PAYPAL,Upgrade 
Q2-TX-001724,1475,"Apr 21, 2025",$107, Debit Card , Add-on 
Q2-TX-001725,241,06/26/2025,$273.05,debit card,Subscription 
Q2-TX-001726,1050,29 Jun 2025,,Debit Card,refund
Q2-TX-001727,900002,06/28/2025,83.66,CREDIT CARD,Subscription 
Q2-TX-001728,71,2025-05-20,-588.56,Credit Card ,REFUND
Q2-TX-001729,912,23/05/2025,334.72 USD,Debit Card ,Subscription 
Q2-TX-001730,845,27 May 2025,USD -169.86,Bank Transfer ,Refund
Q2-TX-001731,783,27 Jun 2025,$234.40,BANK TRANSFER,upgrade
Q2-TX-001732,862,"Apr 24, 2025",USD 85.83,BANK TRANSFER, Add-on
Q2-TX-001733,1056,"Apr 03, 2025",693.44, Bank Transfer ,Upgrade 
Q2-TX-001734,204,04/01/2025,128.97, Debit Card,subscription
Q2-TX-001735,507,"Jun 20, 2025",$359.81, PayPal,Upgrade 
Q2-TX-001736,34,"May 20, 2025",72.05,Credit Card,Add-on 
Q2-TX-001737,1108,"Jun 06, 2025",253.18,Bank Transfer ,Add-on
Q2-TX-001738,1333,06/17/2025,$298,debit card,upgrade
Q2-TX-001739,595,2025-06-11,213.90,Debit Card ,add-on
Q2-TX-001740,913,20/05/2025,USD 352.93,bank transfer, Upgrade
Q2-TX-001741,412,30/04/2025,172.95, Debit Card , Add-on 
Q2-TX-001742,761,19-04-2025,USD 133.43, Credit Card ,add-on
Q2-TX-001743,5,"Apr 02, 2025",$221.50, Bank Transfer,Upgrade 
Q2-TX-001744,1077,04/05/2025,89.93 USD, Bank Transfer,Upgrade
Q2-TX-001745,626,05/28/2025,92.44,credit card, Add-on 
Q2-TX-001746,65,06/04/2025,$129.64, Debit Card ,Add-on
Q2-TX-001747,579,07-06-2025,$533.64, Debit Card ,Subscription 
Q2-TX-001748,735,21-05-2025,201.30 USD,BANK TRANSFER,subscription
Q2-TX-001749,51,11-05-2025,$739.55,bank transfer, Add-on 
Q2-TX-001750,1434,31/05/2025,$190.73, Debit Card ,Upgrade
Q2-TX-001751,240,"May 31, 2025",134.36 USD,CREDIT CARD,Upgrade 
Q2-TX-001752,910,04/02/2025,$-573,PAYPAL, Refund 
Q2-TX-001753,900,21/05/2025,-129.59,Credit Card , Refund 
Q2-TX-001754,569,07-04-2025,186.22, Bank Transfer , Subscription 
Q2-TX-001755,1359,"Apr 09, 2025",USD -82.96, Debit Card, Refund
Q2-TX-001756,971,29-05-2025,471.73,Bank Transfer , Subscription 
Q2-TX-001757,870,25-06-2025,USD -208.31, Debit Card,Refund 
Q2-TX-001758,1438,14/04/2025,457.85,debit card, Add-on
Q2-TX-001759,469,02/05/2025,302.66,Credit Card ,Upgrade 
Q2-TX-001760,1244,2025-04-24,204.33,Bank Transfer , Subscription 
Q2-TX-001761,765,"Jun 17, 2025",$-272,Debit Card,Refund
Q2-TX-001762,112,2025-06-05,$503.75, PayPal,ADD-ON
Q2-TX-001763,1357,"May 10, 2025",232.04,PayPal,Subscription 
Q2-TX-001764,1302,13 May 2025,$188, Bank Transfer , Add-on
Q2-TX-001765,344,"Jun 22, 2025",41.93,Bank Transfer,ADD-ON
Q2-TX-001766,249,11 Jun 2025,$294,BANK TRANSFER,Add-on
Q2-TX-001767,1453,2025-06-23,209.35,PayPal,Add-on
Q2-TX-001768,484,2025-04-26,$552, Credit Card , Add-on
Q2-TX-001769,211,13/04/2025,$81.46, Bank Transfer,Upgrade 
Q2-TX-001770,1240,22 Apr 2025,-299.98,PayPal,Refund
Q2-TX-001771,279,"Apr 17, 2025",61.81 USD,Bank Transfer,Subscription
Q2-TX-001772,641,05/14/2025,$178,Debit Card , Subscription
Q2-TX-001773,604,27/04/2025,$-526.83, Debit Card, Refund 
Q2-TX-001774,171,30/04/2025,USD 520.44, Debit Card, Add-on 
Q2-TX-001775,1034,12-04-2025,290.84 USD,Bank Transfer, Upgrade
Q2-TX-001776,1289,06/23/2025,USD 293.46,CREDIT CARD,SUBSCRIPTION
Q2-TX-001777,1475,23 May 2025,USD 386.54,PayPal , Add-on
Q2-TX-001778,655,04/24/2025,209.80,BANK TRANSFER,upgrade
Q2-TX-001779,408,"May 18, 2025",193.37, Debit Card,add-on
Q2-TX-001780,1426,02-05-2025,83.31,Credit Card , Upgrade 
Q2-TX-001781,550,10 Apr 2025,,Credit Card,upgrade
Q2-TX-001782,1203,05/12/2025,USD 90.17,Debit Card , Upgrade 
Q2-TX-001783,1338,"Jun 18, 2025",167.80, Credit Card , Add-on 
Q2-TX-001784,389,"Jun 08, 2025",403.33,debit card,add-on
Q2-TX-001785,1113,"May 10, 2025",USD 278.45,Bank Transfer, Upgrade
Q2-TX-001786,256,08-04-2025,123.83, Debit Card , Subscription
Q2-TX-001787,91,13-04-2025,161.11 USD,Bank Transfer ,Add-on 
Q2-TX-001788,607,03 Jun 2025,USD -243.44,CREDIT CARD, Refund 
Q2-TX-001789,1148,04/28/2025,USD -321.32,Debit Card,refund
Q2-TX-001790,1080,2025-04-12,112.33 USD,Credit Card , Subscription 
Q2-TX-001791,722,2025-04-14,481.70,PayPal, Add-on 
Q2-TX-001792,340,14 Jun 2025,$224,Debit Card ,subscription
Q2-TX-001793,799,06 Jun 2025,$-110.47,BANK TRANSFER,refund
Q2-TX-001794,738,13 May 2025,USD 132.24, Bank Transfer ,Subscription
Q2-TX-001795,572,06 May 2025,468.11, Credit Card,Upgrade 
Q2-TX-001796,830,27 Jun 2025,USD 327.50,Debit Card,upgrade
Q2-TX-001797,810,20/05/2025,-413.39, Debit Card,refund
Q2-TX-001798,538,26-04-2025,USD -283.95, Bank Transfer ,refund
Q2-TX-001799,291,18-04-2025,-23.25,Credit Card,REFUND
Q2-TX-001800,341,2025-06-19,USD 114.66,credit card, Subscription 
Q2-TX-001801,608,"May 23, 2025",$476, PayPal , Add-on 
Q2-TX-001802,1395,05/17/2025,$103,debit card,Subscription
Q2-TX-001803,897,07 Jun 2025,$238,Debit Card,add-on
Q2-TX-001804,1363,29 Jun 2025,$80.51,BANK TRANSFER,add-on
Q2-TX-001805,66,02/04/2025,$-166.14, Credit Card , Refund 
Q2-TX-001806,1122,15/05/2025,USD 175.33, Credit Card ,add-on
Q2-TX-001807,1415,06/29/2025,99.29 USD,paypal, Subscription
Q2-TX-001808,816,04/26/2025,128.15,paypal, Add-on
Q2-TX-001809,126,2025-06-02,$262, Bank Transfer ,Subscription
Q2-TX-001810,1119,05/08/2025,$154,credit card,SUBSCRIPTION
Q2-TX-001811,271,01-05-2025,1088.81, Bank Transfer , Subscription
Q2-TX-001812,1496,18-05-2025,USD -339.40, PayPal, Refund 
Q2-TX-001813,817,01 Jun 2025,357.67,Debit Card,subscription
Q2-TX-001814,1172,19 Jun 2025,$-418, Debit Card , Refund 
Q2-TX-001815,402,12/06/2025,$293,BANK TRANSFER,ADD-ON
Q2-TX-001816,670,13 Jun 2025,135.70,DEBIT CARD, Add-on 
Q2-TX-001817,1157,04/10/2025,USD 355.15,Debit Card ,Add-on
Q2-TX-001818,541,12-04-2025,183.37,BANK TRANSFER, Subscription
Q2-TX-001819,1234,2025-06-03,USD 86.81,paypal,Subscription 
Q2-TX-001820,1365,"Apr 26, 2025",310.31 USD,Bank Transfer ,Subscription 
Q2-TX-001821,796,08/05/2025,USD -288.28,CREDIT CARD,Refund
Q2-TX-001822,1106,04/27/2025,USD -359.72, Bank Transfer,refund
Q2-TX-001823,758,06/07/2025,208.97 USD,Credit Card,ADD-ON
Q2-TX-001824,842,25/05/2025,-388.41,paypal, Refund
Q2-TX-001825,1293,04-05-2025,105.51,PayPal,Subscription 
Q2-TX-001826,47,09 Apr 2025,61.80,Debit Card ,UPGRADE
Q2-TX-001827,350,10/05/2025,238.01,PAYPAL,Upgrade
Q2-TX-001828,625,"Apr 11, 2025",$155, Debit Card, Upgrade 
Q2-TX-001829,325,29/06/2025,$121,DEBIT CARD,upgrade
Q2-TX-001830,238,06/04/2025,USD 189.91, Debit Card,Add-on 
Q2-TX-001831,512,13 May 2025,$324.48, Bank Transfer , Subscription 
Q2-TX-001832,652,2025-04-16,$19, Bank Transfer ,Subscription 
Q2-TX-001833,317,06/01/2025,-170.93,credit card, Refund 
Q2-TX-001834,1264,15/06/2025,$564,paypal,upgrade
Q2-TX-001835,232,04/05/2025,77.96,Credit Card,add-on
Q2-TX-001836,1104,28 May 2025,USD 147.44,DEBIT CARD,add-on
Q2-TX-001837,860,2025-05-10,461.41, Debit Card,upgrade
Q2-TX-001838,835,"Jun 08, 2025",199.71,PayPal,subscription
Q2-TX-001839,1095,04-04-2025,-257.96 USD, Debit Card ,Refund 
Q2-TX-001840,129,17/04/2025,$173.68, Credit Card,upgrade
Q2-TX-001841,1321,28/04/2025,$-485,bank transfer,REFUND
Q2-TX-001842,212,20 Jun 2025,140.33 USD, Credit Card,upgrade
Q2-TX-001843,720,21/06/2025,$233,Credit Card,Add-on 
Q2-TX-001844,938,2025-04-24,USD 365.29,Credit Card , Upgrade 
Q2-TX-001845,692,03 Apr 2025,124.00, Bank Transfer ,Add-on 
Q2-TX-001846,900013,16/04/2025,USD 72.92,Debit Card ,Add-on 
Q2-TX-001847,631,29/04/2025,-34.98,CREDIT CARD,refund
Q2-TX-001848,504,2025-04-29,323.84 USD,PAYPAL,Add-on 
Q2-TX-001849,893,2025-06-14,USD -97.27,DEBIT CARD, Refund
Q2-TX-001850,685,05/20/2025,289.21,Credit Card ,Upgrade
Q2-TX-001851,663,"Apr 18, 2025",USD 279.52,PayPal ,Subscription
Q2-TX-001852,1220,05 May 2025,$92, PayPal , Add-on
Q2-TX-001853,1385,04 Jun 2025,USD 246.21,PayPal, Upgrade
Q2-TX-001854,1343,04/02/2025,USD 686.30,Bank Transfer , Upgrade
Q2-TX-001855,157,2025-05-06,334.54,Debit Card , Subscription 
Q2-TX-001856,345,21 May 2025,1007.69, PayPal ,add-on
Q2-TX-001857,546,19 May 2025,USD 153.86,PAYPAL, Add-on
Q2-TX-001858,60,2025-05-27,254.98 USD,bank transfer,Add-on 
Q2-TX-001859,1474,03/06/2025,$118.41,paypal, Upgrade
Q2-TX-001860,272,09/04/2025,$566, Bank Transfer , Subscription
Q2-TX-001861,163,24/05/2025,USD 182.06,DEBIT CARD, Subscription
Q2-TX-001862,355,06/14/2025,90.25 USD,bank transfer, Upgrade 
Q2-TX-001863,1354,06/28/2025,USD 253.07,debit card, Upgrade 
Q2-TX-001864,998,18/06/2025,USD -147.25, Bank Transfer,REFUND
Q2-TX-001865,1064,06/15/2025,$284.73,debit card, Upgrade
Q2-TX-001866,1075,02/04/2025,$-204,PayPal,REFUND
Q2-TX-001867,900019,28-04-2025,338.53, Debit Card, Upgrade
Q2-TX-001868,1163,02 Apr 2025,-40.68,Bank Transfer , Refund
Q2-TX-001869,620,"Apr 26, 2025",223.75 USD, Credit Card ,upgrade
Q2-TX-001870,160,"Jun 05, 2025",$116,bank transfer,Add-on 
Q2-TX-001871,61,07/06/2025,USD -422.27,Debit Card , Refund
Q2-TX-001872,738,23-06-2025,$534.58, Credit Card,ADD-ON
Q2-TX-001873,1311,"Jun 29, 2025",141.81,CREDIT CARD, Subscription 
Q2-TX-001874,741,2025-04-08,9.69 USD,debit card,ADD-ON
Q2-TX-001875,604,"May 29, 2025",$288, PayPal ,Add-on
Q2-TX-001876,312,20 May 2025,109.44,paypal,SUBSCRIPTION
Q2-TX-001877,639,07/04/2025,-271.07,CREDIT CARD,Refund 
Q2-TX-001878,870,05/08/2025,113.77, PayPal,Add-on
Q2-TX-001879,788,02 Jun 2025,280.52,Debit Card, Upgrade
Q2-TX-001880,1007,2025-05-29,74.53 USD,PayPal, Subscription
Q2-TX-001881,1444,25-05-2025,307.37, Debit Card,Upgrade 
Q2-TX-001882,601,2025-05-15,USD -597.68, Credit Card ,Refund
Q2-TX-001883,1137,21-04-2025,$72.71,PayPal ,subscription
Q2-TX-001884,1171,04/27/2025,295.50,PAYPAL,Upgrade
Q2-TX-001885,389,27 Apr 2025,USD 49.83, PayPal,subscription
Q2-TX-001886,1149,18 May 2025,-206.31,Credit Card ,Refund
Q2-TX-001887,460,"Apr 19, 2025",USD -199.91,Credit Card,Refund
Q2-TX-001888,486,26-06-2025,$198.04, Credit Card,Subscription 
Q2-TX-001889,1176,20 Jun 2025,$67.11,Credit Card,SUBSCRIPTION
Q2-TX-001890,509,2025-04-20,213.10,PAYPAL,Add-on
Q2-TX-001891,1271,11-06-2025,209.22,Bank Transfer , Subscription 
Q2-TX-001892,959,16 Apr 2025,34.73,Bank Transfer ,add-on
Q2-TX-001893,987,04/12/2025,USD 46.09,Bank Transfer,add-on
Q2-TX-001894,564,26/04/2025,USD 244.57,debit card,Subscription
Q2-TX-001895,1379,11 May 2025,$402, Credit Card ,SUBSCRIPTION
Q2-TX-001896,463,18-04-2025,$236.47,debit card, Upgrade
Q2-TX-001897,666,2025-05-06,256.35, PayPal, Upgrade 
Q2-TX-001898,375,2025-06-13,$129.13,bank transfer, Upgrade 
Q2-TX-001899,944,04/06/2025,$197,Credit Card,UPGRADE
Q2-TX-001900,1492,08 May 2025,$70.34, Bank Transfer,Upgrade 
Q2-TX-001901,155,"May 08, 2025",$299,BANK TRANSFER,add-on
Q2-TX-001902,290,13-05-2025,108.02, Credit Card ,ADD-ON
Q2-TX-001903,222,16-06-2025,USD 75.59,CREDIT CARD,Subscription 
Q2-TX-001904,1074,"Jun 20, 2025",$213,DEBIT CARD, Upgrade
Q2-TX-001905,874,21 May 2025,422.76,paypal,Upgrade 
Q2-TX-001906,1300,05/15/2025,$237.10,PayPal,Upgrade 
Q2-TX-001907,987,02-06-2025,421.75 USD,Bank Transfer, Upgrade 
Q2-TX-001908,913,2025-04-17,153.09,PayPal, Upgrade
Q2-TX-001909,426,07/05/2025,$253.97,BANK TRANSFER,add-on
Q2-TX-001910,733,"Apr 24, 2025",$180.86,CREDIT CARD,Subscription 
Q2-TX-001911,108,27/04/2025,$323,Debit Card , Upgrade
Q2-TX-001912,364,04-06-2025,$277.75, Credit Card,add-on
Q2-TX-001913,466,01/04/2025,USD 120.04, Bank Transfer, Subscription
Q2-TX-001914,1407,12 May 2025,$615.59,DEBIT CARD,Subscription 
Q2-TX-001915,1193,02/05/2025,$-79, PayPal,Refund 
Q2-TX-001916,415,05/13/2025,231.04 USD,Credit Card,Upgrade 
Q2-TX-001917,157,29 May 2025,109.06 USD, Credit Card,upgrade
Q2-TX-001918,886,"Jun 01, 2025",209.04 USD,Bank Transfer,subscription
Q2-TX-001919,135,19-06-2025,-103.20,CREDIT CARD, Refund 
Q2-TX-001920,1334,03 May 2025,207.88,Bank Transfer, Add-on 
Q2-TX-001921,249,18-05-2025,$-246.82, Bank Transfer , Refund 
Q2-TX-001922,523,2025-06-26,-320.01,PayPal , Refund 
Q2-TX-001923,69,2025-05-19,-51.82, PayPal, Refund 
Q2-TX-001924,792,2025-04-26,$149.08,PayPal,Add-on 
Q2-TX-001925,616,30-06-2025,-350.80,DEBIT CARD,refund
Q2-TX-001926,346,04/19/2025,268.45 USD,bank transfer,ADD-ON
Q2-TX-001927,866,05 Jun 2025,$-806,Debit Card ,Refund
Q2-TX-001928,722,2025-04-14,$-146, Credit Card , Refund
Q2-TX-001929,1219,31 May 2025,USD -19.58,Bank Transfer,refund
Q2-TX-001930,534,04/25/2025,625.27 USD,bank transfer,upgrade
Q2-TX-001931,185,29/06/2025,$341, Credit Card ,Upgrade 
Q2-TX-001932,507,"Jun 16, 2025",464.48,PAYPAL,SUBSCRIPTION
Q2-TX-001933,870,10 Apr 2025,USD 117.65, Credit Card, Subscription 
Q2-TX-001934,980,2025-05-23,271.27,paypal,add-on
Q2-TX-001935,1028,05/02/2025,$-243.05,Bank Transfer, Refund
Q2-TX-001936,5,2025-05-08,$155.19,Bank Transfer , Upgrade 
Q2-TX-001937,131,2025-04-15,419.66, Bank Transfer, Upgrade
Q2-TX-001938,1078,06/28/2025,,CREDIT CARD,Upgrade 
Q2-TX-001939,466,04/07/2025,335.63 USD,Debit Card,Upgrade
Q2-TX-001940,1209,2025-05-17,$74,Debit Card, Subscription
Q2-TX-001941,1352,04/09/2025,248.00, PayPal,UPGRADE
Q2-TX-001942,513,08 May 2025,363.34 USD, Credit Card,upgrade
Q2-TX-001943,535,19 Apr 2025,$136.44,bank transfer, Add-on 
Q2-TX-001944,203,2025-05-20,USD 195.05,paypal,Add-on 
Q2-TX-001945,143,05/29/2025,USD 207.70,credit card,SUBSCRIPTION
Q2-TX-001946,65,29-04-2025,207.54,Debit Card , Add-on 
Q2-TX-001947,538,09/04/2025,$100, Credit Card ,Add-on
Q2-TX-001948,900006,24-06-2025,368.45,PayPal, Add-on 
Q2-TX-001949,517,2025-06-15,USD 168.69,DEBIT CARD,subscription
Q2-TX-001950,1459,"Apr 25, 2025",-314.72,PayPal, Refund 
Q2-TX-001951,801,08/05/2025,USD -230.65,PayPal ,Refund 
Q2-TX-001952,1439,05/11/2025,$109.84,DEBIT CARD, Upgrade
Q2-TX-001953,479,20 May 2025,$264.99, PayPal,Subscription 
Q2-TX-001954,379,09-05-2025,$133.31,credit card,UPGRADE
Q2-TX-001955,1105,18-04-2025,$165.20,Bank Transfer ,upgrade
Q2-TX-001956,1323,14-06-2025,55.34,PayPal ,Subscription 
Q2-TX-001957,1203,14-06-2025,$-363.27, Bank Transfer , Refund 
Q2-TX-001958,1087,"Apr 08, 2025",71.25,credit card,upgrade
Q2-TX-001959,864,03/06/2025,367.66,bank transfer, Upgrade 
Q2-TX-001960,872,"May 16, 2025",201.21,credit card,add-on
Q2-TX-001961,99,"Apr 13, 2025",USD 233.98, Bank Transfer ,ADD-ON
Q2-TX-001962,783,05 Apr 2025,USD 152.09,Bank Transfer,Upgrade 
Q2-TX-001963,607,23/04/2025,$74, Bank Transfer, Upgrade 
Q2-TX-001964,1377,"Jun 21, 2025",$440.89,DEBIT CARD, Upgrade 
Q2-TX-001965,15,20 Apr 2025,117.91 USD, Debit Card, Add-on
Q2-TX-001966,1108,05/23/2025,$514.27,paypal, Add-on
Q2-TX-001967,646,25/05/2025,$-600,BANK TRANSFER,refund
Q2-TX-001968,1301,22 Jun 2025,USD -304.63, PayPal ,Refund
Q2-TX-001969,507,"May 14, 2025",188.47,PayPal,ADD-ON
Q2-TX-001970,157,2025-04-16,USD -78.87, Debit Card ,Refund
Q2-TX-001971,1497,23 Apr 2025,,PayPal,Upgrade 
Q2-TX-001972,966,15 May 2025,$444.79,PayPal, Upgrade
Q2-TX-001973,955,09/05/2025,USD 217.26,PayPal ,Upgrade 
Q2-TX-001974,1293,"Apr 03, 2025",USD -213.22, Credit Card,REFUND
Q2-TX-001975,1067,13/06/2025,$284, PayPal,upgrade
Q2-TX-001976,26,24 Apr 2025,128.85 USD,Debit Card , Add-on 
Q2-TX-001977,782,2025-04-18,$-55,PayPal ,Refund 
Q2-TX-001978,588,"Apr 02, 2025",$256,bank transfer,Upgrade
Q2-TX-001979,394,18-05-2025,-64.57, Debit Card,Refund
Q2-TX-001980,284,16-05-2025,195.11 USD,paypal,subscription
Q2-TX-001981,97,04 May 2025,$136,BANK TRANSFER,Upgrade 
Q2-TX-001982,1118,04/16/2025,$164,Bank Transfer ,subscription
Q2-TX-001983,1156,05/14/2025,174.16,Credit Card ,UPGRADE
Q2-TX-001984,1211,"May 29, 2025",291.06 USD,Debit Card , Add-on 
Q2-TX-001985,929,05-06-2025,146.22 USD,DEBIT CARD, Upgrade 
Q2-TX-001986,835,04/08/2025,$-226,PayPal , Refund
Q2-TX-001987,448,"Jun 29, 2025",$93.16, PayPal,Upgrade
Q2-TX-001988,1071,14 Jun 2025,USD 112.70,BANK TRANSFER, Add-on 
Q2-TX-001989,223,05/16/2025,$303,Credit Card, Add-on
Q2-TX-001990,882,"Jun 04, 2025",USD -146.87,PayPal,REFUND
Q2-TX-001991,1309,"Apr 01, 2025",98.77,Bank Transfer ,add-on
Q2-TX-001992,1166,16/04/2025,226.24,PayPal,upgrade
Q2-TX-001993,701,16-06-2025,$199,Bank Transfer ,add-on
Q2-TX-001994,330,2025-04-06,USD 478.84,DEBIT CARD,Add-on 
Q2-TX-001995,746,25 Apr 2025,275.88 USD,Credit Card,Subscription
Q2-TX-001996,216,20 Jun 2025,$101, Debit Card, Subscription
Q2-TX-001997,900,2025-05-15,USD 58.61,DEBIT CARD, Subscription
Q2-TX-001998,1214,06/22/2025,199.68 USD,PayPal, Upgrade
Q2-TX-001999,423,11 May 2025,$358,Credit Card,subscription
Q2-TX-002000,1313,2025-06-08,197.87 USD, Bank Transfer , Add-on 
Q2-TX-002001,1444,11 May 2025,203.71, PayPal ,upgrade
Q2-TX-002002,983,23-05-2025,76.24 USD,bank transfer,Upgrade
Q2-TX-002003,599,04/26/2025,133.24, PayPal, Add-on
Q2-TX-002004,579,14 May 2025,44.99 USD,Debit Card, Add-on
Q2-TX-002005,1301,06/13/2025,281.49,Bank Transfer , Add-on
Q2-TX-002006,542,04/09/2025,$247,Bank Transfer,Subscription
Q2-TX-002007,109,21 May 2025,$213.67,paypal,SUBSCRIPTION
Q2-TX-002008,788,10-06-2025,111.59,Debit Card,add-on
Q2-TX-002009,1005,2025-04-19,-90.32, Debit Card ,REFUND
Q2-TX-002010,283,"Jun 25, 2025",USD 246.86, Debit Card , Add-on
Q2-TX-002011,589,"Jun 07, 2025",$242, Bank Transfer ,upgrade
Q2-TX-002012,812,05/08/2025,323.91 USD, Credit Card, Subscription
Q2-TX-002013,659,02 May 2025,$240.67,PayPal,add-on
Q2-TX-002014,286,12-05-2025,$-307.12,PAYPAL,Refund 
Q2-TX-002015,531,2025-04-28,$244,debit card, Add-on
Q2-TX-002016,862,"Jun 15, 2025",USD 400.57,Bank Transfer ,ADD-ON
Q2-TX-002017,127,2025-05-02,156.44, Credit Card,Upgrade 
Q2-TX-002018,238,20-04-2025,-241.87 USD,Bank Transfer ,refund
Q2-TX-002019,1018,17-04-2025,USD 295.44, Debit Card,UPGRADE
Q2-TX-002020,454,30-05-2025,USD -209.02,Credit Card,Refund 
Q2-TX-002021,1415,"Jun 01, 2025",$32.40,PayPal , Upgrade
Q2-TX-002022,1423,04/14/2025,284.86,DEBIT CARD,Upgrade
Q2-TX-002023,819,23/06/2025,131.29 USD,BANK TRANSFER, Subscription
Q2-TX-002024,19,10/06/2025,$104,BANK TRANSFER, Add-on 
Q2-TX-002025,373,13-06-2025,$81.02,credit card,SUBSCRIPTION
Q2-TX-002026,954,05/06/2025,330.07 USD, PayPal,Add-on
Q2-TX-002027,234,08 Jun 2025,USD 217.74, Debit Card ,Add-on
Q2-TX-002028,1300,15 Jun 2025,87.16, Credit Card ,ADD-ON
Q2-TX-002029,953,"Apr 15, 2025",97.04,bank transfer,ADD-ON
Q2-TX-002030,266,30/04/2025,$202.02,paypal,Subscription
Q2-TX-002031,937,05/18/2025,$87.49,PAYPAL,Subscription 
Q2-TX-002032,829,"Apr 18, 2025",$219.07,PayPal,Add-on 
Q2-TX-002033,49,05/12/2025,$368, Credit Card , Upgrade
Q2-TX-002034,363,"Jun 04, 2025",$411,Bank Transfer , Add-on
Q2-TX-002035,648,06/14/2025,-331.16, Bank Transfer,Refund
Q2-TX-002036,797,2025-05-01,498.93 USD,Credit Card,UPGRADE
Q2-TX-002037,779,18/05/2025,$-227.97,DEBIT CARD, Refund
Q2-TX-002038,381,02 Apr 2025,USD 649.67,Debit Card,Upgrade 
Q2-TX-002039,813,04-06-2025,573.79 USD, Debit Card,Subscription 
Q2-TX-002040,843,"Apr 29, 2025",USD 236.42,PayPal ,Upgrade
Q2-TX-002041,351,03/06/2025,$155,credit card, Upgrade 
Q2-TX-002042,619,2025-05-07,165.09,PAYPAL,add-on
Q2-TX-002043,105,06/26/2025,USD -49.77,BANK TRANSFER, Refund
Q2-TX-002044,1227,06/02/2025,155.86 USD,DEBIT CARD, Upgrade 
Q2-TX-002045,542,2025-05-19,$67.57,paypal,Add-on 
Q2-TX-002046,893,"May 27, 2025",$353.41, Credit Card , Upgrade
Q2-TX-002047,756,20-06-2025,USD 58.48,bank transfer,Add-on
Q2-TX-002048,1298,2025-05-29,$280, Credit Card,Upgrade 
Q2-TX-002049,72,23/05/2025,153.06, Debit Card , Add-on 
Q2-TX-002050,1286,27-04-2025,349.67,PayPal ,subscription
Q2-TX-002051,831,05/10/2025,-167.45 USD,bank transfer,Refund 
Q2-TX-002052,36,25-05-2025,288.62 USD,CREDIT CARD,upgrade
Q2-TX-002053,1290,2025-06-20,$276.64,Credit Card ,Upgrade 
Q2-TX-002054,953,"May 29, 2025",$149.63, Bank Transfer , Upgrade
Q2-TX-002055,659,07 May 2025,$243, PayPal, Upgrade 
Q2-TX-002056,1152,2025-04-27,295.80,PAYPAL, Upgrade 
Q2-TX-002057,352,27/05/2025,$351,Bank Transfer,upgrade
Q2-TX-002058,1461,19/04/2025,39.05 USD,Debit Card , Add-on
Q2-TX-002059,947,17 Apr 2025,$-66.21, PayPal , Refund 
Q2-TX-002060,1406,01/06/2025,-309.60 USD, PayPal ,refund
Q2-TX-002061,782,23 Apr 2025,147.14, Debit Card, Subscription
Q2-TX-002062,342,2025-06-18,USD 215.83, Credit Card,SUBSCRIPTION
Q2-TX-002063,195,05/11/2025,45.00 USD, Bank Transfer ,Add-on
Q2-TX-002064,1419,06/29/2025,-652.46, PayPal , Refund
Q2-TX-002065,1216,17 Apr 2025,$98, PayPal , Subscription 
Q2-TX-002066,829,04/08/2025,$249, PayPal,Subscription
Q2-TX-002067,1411,02 Apr 2025,114.27,debit card,Add-on 
Q2-TX-002068,919,02/05/2025,417.28 USD, Bank Transfer, Subscription 
Q2-TX-002069,1287,18 May 2025,$352.93,Debit Card,Add-on 
Q2-TX-002070,286,"Apr 17, 2025",380.52 USD,PAYPAL,add-on
Q2-TX-002071,1288,2025-06-05,280.81,Credit Card ,upgrade
Q2-TX-002072,75,06/29/2025,328.80,paypal,Subscription 
Q2-TX-002073,215,05/16/2025,$143,Bank Transfer, Upgrade
Q2-TX-002074,414,13 May 2025,441.66, Bank Transfer, Subscription
Q2-TX-002075,1370,22/04/2025,187.41,Debit Card ,Subscription
Q2-TX-002076,211,04/13/2025,-101.07 USD,Bank Transfer , Refund
Q2-TX-002077,1049,10 Apr 2025,187.25, Bank Transfer , Add-on 
Q2-TX-002078,291,2025-05-08,162.48,PayPal,Subscription 
Q2-TX-002079,1194,"Jun 10, 2025",198.71 USD,DEBIT CARD, Subscription 
Q2-TX-002080,738,09/06/2025,99.50 USD, Debit Card ,add-on
Q2-TX-002081,1305,"May 21, 2025",$340.80, PayPal ,SUBSCRIPTION
Q2-TX-002082,440,18-04-2025,118.10 USD,paypal,Subscription
Q2-TX-002083,1370,2025-04-06,$242.45,PayPal ,Upgrade 
Q2-TX-002084,287,17 May 2025,274.72,bank transfer,ADD-ON
Q2-TX-002085,1063,12-05-2025,USD 267.37, PayPal,subscription
Q2-TX-002086,141,16-06-2025,$281,debit card,Add-on
Q2-TX-002087,341,17/04/2025,$98,paypal, Subscription 
Q2-TX-002088,1012,06/21/2025,308.37, Bank Transfer ,add-on
Q2-TX-002089,1185,15-04-2025,$83,PayPal ,ADD-ON
Q2-TX-002090,5,"May 11, 2025",60.55, PayPal, Add-on
Q2-TX-002091,1265,27 May 2025,-209.44,Credit Card,refund
Q2-TX-002092,1181,16/06/2025,$153, Credit Card ,upgrade
Q2-TX-002093,381,07/06/2025,$296.06, Debit Card ,SUBSCRIPTION
Q2-TX-002094,308,2025-06-13,$437.83,bank transfer, Upgrade 
Q2-TX-002095,617,"May 12, 2025",$308,bank transfer,subscription
Q2-TX-002096,239,08 Jun 2025,$104,credit card, Subscription 
Q2-TX-002097,987,"Apr 18, 2025",$114.40,Debit Card ,subscription
Q2-TX-002098,461,05-05-2025,-109.61,debit card,REFUND
Q2-TX-002099,803,"Jun 25, 2025",-316.53 USD,paypal,refund
Q2-TX-002100,901,06/09/2025,$194.39, PayPal ,subscription
Q2-TX-002101,714,06 May 2025,-255.21 USD,Debit Card ,Refund
Q2-TX-002102,539,27-04-2025,$86, Debit Card ,UPGRADE
Q2-TX-002103,1027,09 Jun 2025,USD -254.21,BANK TRANSFER,REFUND
Q2-TX-002104,1123,06/14/2025,$154,Debit Card,Upgrade
Q2-TX-002105,1193,18/04/2025,523.94,DEBIT CARD, Add-on 
Q2-TX-002106,160,29/05/2025,USD 85.28,PAYPAL,UPGRADE
Q2-TX-002107,900,2025-06-19,71.80,paypal, Upgrade 
Q2-TX-002108,864,2025-06-29,$176, PayPal,Upgrade 
Q2-TX-002109,655,04/10/2025,USD 166.88,credit card,add-on
Q2-TX-002110,502,05/06/2025,USD 425.83,Debit Card , Upgrade
Q2-TX-002111,900012,10-04-2025,USD 143.34,Bank Transfer,upgrade
Q2-TX-002112,427,06 May 2025,634.01,CREDIT CARD,Add-on 
Q2-TX-002113,770,2025-04-20,USD 189.71,BANK TRANSFER,Upgrade
Q2-TX-002114,811,13 Jun 2025,$-109.91, PayPal , Refund 
Q2-TX-002115,511,09-06-2025,151.12 USD,PayPal,ADD-ON
Q2-TX-002116,840,01/06/2025,$299.11,Debit Card ,Subscription 
Q2-TX-002117,484,28 Jun 2025,272.54,Credit Card ,UPGRADE
Q2-TX-002118,216,28-06-2025,USD 492.41,credit card,UPGRADE
Q2-TX-002119,656,20 May 2025,-66.91 USD,credit card,Refund 
Q2-TX-002120,966,"May 21, 2025",153.27 USD,debit card, Subscription
Q2-TX-002121,1416,13/04/2025,$821, Credit Card ,upgrade
Q2-TX-002122,499,2025-04-05,USD 123.05,credit card,add-on
Q2-TX-002123,1473,"Jun 21, 2025",392.01, Bank Transfer, Subscription 
Q2-TX-002124,904,06/08/2025,$27.67, Bank Transfer , Upgrade 
Q2-TX-002125,904,30-04-2025,$-120.88, PayPal ,Refund
Q2-TX-002126,76,21 May 2025,270.04,BANK TRANSFER, Add-on 
Q2-TX-002127,305,08 Jun 2025,USD -275.18,Debit Card,Refund
Q2-TX-002128,880,20 Jun 2025,USD 246.90, Credit Card,Upgrade
Q2-TX-002129,807,01 May 2025,265.32,Bank Transfer, Upgrade
Q2-TX-002130,1352,16-05-2025,USD 387.05,CREDIT CARD,subscription
Q2-TX-002131,648,20/05/2025,194.77 USD,paypal,UPGRADE
Q2-TX-002132,295,29/05/2025,USD 481.59,Debit Card , Subscription 
Q2-TX-002133,1122,04/22/2025,$211, Credit Card, Upgrade
Q2-TX-002134,941,20 Apr 2025,196.09,debit card,Add-on 
Q2-TX-002135,288,2025-04-19,$-49.62,credit card,Refund
Q2-TX-002136,1078,04 May 2025,$427.95, Bank Transfer ,add-on
Q2-TX-002137,563,"May 22, 2025",$62.64,bank transfer,Upgrade
Q2-TX-002138,558,"Apr 14, 2025",361.98 USD,PayPal ,UPGRADE
Q2-TX-002139,1329,"May 20, 2025",$303.91,PayPal , Subscription 
Q2-TX-002140,1351,18 Jun 2025,$472,DEBIT CARD, Subscription 
Q2-TX-002141,383,2025-06-25,$47.40,credit card,subscription
Q2-TX-002142,1396,09/06/2025,$540.67,Debit Card,Upgrade 
Q2-TX-002143,357,31/05/2025,150.51 USD,CREDIT CARD,Add-on
Q2-TX-002144,1180,2025-06-05,$127.89,CREDIT CARD, Upgrade
Q2-TX-002145,1410,06/24/2025,-87.28, Credit Card ,Refund 
Q2-TX-002146,1182,"Jun 02, 2025",179.02 USD, Bank Transfer , Add-on 
Q2-TX-002147,360,"Apr 13, 2025",-241.41,CREDIT CARD,Refund
Q2-TX-002148,1462,12 Apr 2025,279.96 USD,Bank Transfer,Upgrade
Q2-TX-002149,1122,13 May 2025,139.28,Debit Card ,add-on
Q2-TX-002150,329,"Apr 29, 2025",$124.32, Bank Transfer,ADD-ON
Q2-TX-002151,733,30/06/2025,$-566.40,debit card,Refund 
Q2-TX-002152,504,2025-05-05,$246,DEBIT CARD,subscription
Q2-TX-002153,887,19-06-2025,$285, Debit Card ,Subscription
Q2-TX-002154,1004,"Apr 15, 2025",$361,bank transfer,Subscription
Q2-TX-002155,621,03 Apr 2025,264.86, PayPal,SUBSCRIPTION
Q2-TX-002156,69,14 May 2025,134.29,PAYPAL, Add-on
Q2-TX-002157,511,"May 24, 2025",USD 86.56, PayPal,upgrade
Q2-TX-002158,640,04/30/2025,314.04 USD,BANK TRANSFER, Upgrade 
Q2-TX-002159,1151,"Jun 29, 2025",292.40 USD,BANK TRANSFER,Upgrade 
Q2-TX-002160,741,20-04-2025,274.33,debit card,UPGRADE
Q2-TX-002161,562,2025-05-10,, Credit Card,Upgrade 
Q2-TX-002162,1320,17 Apr 2025,$206.21,Bank Transfer ,Add-on
Q2-TX-002163,1488,24 Apr 2025,$93,Credit Card, Add-on
Q2-TX-002164,270,08-04-2025,USD -41.89, Bank Transfer , Refund 
Q2-TX-002165,517,24 Apr 2025,$375.38, Credit Card, Add-on 
Q2-TX-002166,1460,"Jun 12, 2025",$-514,credit card,Refund
Q2-TX-002167,585,18/05/2025,$298.90,Bank Transfer,Upgrade 
Q2-TX-002168,378,19 Jun 2025,-79.47, Bank Transfer,refund
Q2-TX-002169,1023,21-05-2025,USD 209.79,Bank Transfer ,UPGRADE
Q2-TX-002170,1,02 May 2025,$114,credit card, Add-on
Q2-TX-002171,1373,2025-04-14,$166.92,Debit Card ,Subscription
Q2-TX-002172,940,"Jun 25, 2025",-93.96 USD,PayPal ,Refund 
Q2-TX-002173,798,"Apr 09, 2025",USD 226.83, PayPal ,Upgrade
Q2-TX-002174,450,19-05-2025,349.81, PayPal , Subscription
Q2-TX-002175,1108,06/29/2025,USD -271.33,debit card,refund
Q2-TX-002176,1028,25 Jun 2025,153.90 USD,Credit Card ,Subscription 
Q2-TX-002177,931,"May 15, 2025",240.25,Debit Card ,Add-on 
Q2-TX-002178,4,06/26/2025,-56.78, Debit Card,refund
Q2-TX-002179,620,24 Apr 2025,$341,Debit Card ,Upgrade 
Q2-TX-002180,374,06/15/2025,$304,Credit Card,Add-on
Q2-TX-002181,698,2025-06-20,$267,credit card, Subscription 
Q2-TX-002182,799,27 Apr 2025,$-433.59,BANK TRANSFER,Refund
Q2-TX-002183,828,2025-04-07,$-260.81, PayPal ,Refund
Q2-TX-002184,1018,20 Apr 2025,$164,DEBIT CARD,add-on
Q2-TX-002185,1010,06/09/2025,$158,PayPal , Upgrade
Q2-TX-002186,23,21/06/2025,-168.63 USD,Bank Transfer,REFUND
Q2-TX-002187,344,2025-06-07,267.81,PayPal ,UPGRADE
Q2-TX-002188,622,06/24/2025,108.14, Debit Card ,ADD-ON
Q2-TX-002189,17,2025-04-12,124.00, PayPal ,upgrade
Q2-TX-002190,744,"Jun 26, 2025",$87,debit card, Upgrade 
Q2-TX-002191,1046,03 May 2025,USD 105.42,credit card, Add-on
Q2-TX-002192,938,24 Jun 2025,191.76,Credit Card, Subscription
Q2-TX-002193,49,2025-05-07,557.63, Credit Card , Add-on 
Q2-TX-002194,1229,2025-06-20,USD 83.83,Bank Transfer ,subscription
Q2-TX-002195,1420,10-06-2025,$416.38, Bank Transfer ,ADD-ON
Q2-TX-002196,938,2025-04-22,$130,Bank Transfer,Subscription 
Q2-TX-002197,75,03-05-2025,,bank transfer,Add-on
Q2-TX-002198,1423,07/04/2025,$167.07,CREDIT CARD, Subscription 
Q2-TX-002199,1363,12/05/2025,,BANK TRANSFER,Upgrade
Q2-TX-002200,689,10 May 2025,259.14,CREDIT CARD,upgrade
Q2-TX-002201,752,04-06-2025,$-183.17, PayPal,REFUND
Q2-TX-002202,797,25-05-2025,-179.33,Debit Card,Refund
Q2-TX-002203,900000,"May 17, 2025",$501,PayPal,Add-on 
Q2-TX-002204,1077,2025-05-09,-222.93,DEBIT CARD, Refund
Q2-TX-002205,1262,07-05-2025,$166.94, Debit Card,subscription
Q2-TX-002206,76,19-05-2025,USD 691.80,Bank Transfer, Upgrade 
Q2-TX-002207,10,04/24/2025,USD 727.20,PAYPAL,Upgrade 
Q2-TX-002208,1159,2025-05-29,-919.92, Credit Card ,Refund
Q2-TX-002209,97,19-06-2025,USD -68.75,PayPal,Refund
Q2-TX-002210,85,"Apr 24, 2025",$28,CREDIT CARD,Subscription 
Q2-TX-002211,1376,"Jun 28, 2025",$253,PayPal, Add-on
Q2-TX-002212,981,16 Apr 2025,519.14,BANK TRANSFER,upgrade
Q2-TX-002213,725,08/04/2025,$209.68,PayPal ,subscription
Q2-TX-002214,736,04/19/2025,USD -468.65,Credit Card, Refund
Q2-TX-002215,165,"May 19, 2025",489.98,paypal, Upgrade 
Q2-TX-002216,1111,11/04/2025,129.23,Debit Card,UPGRADE
Q2-TX-002217,1476,05/01/2025,185.81 USD,credit card, Add-on 
Q2-TX-002218,328,06/16/2025,, Credit Card ,REFUND
Q2-TX-002219,178,"Jun 26, 2025",88.68,PAYPAL,add-on
Q2-TX-002220,857,"Jun 09, 2025",107.73 USD,PayPal,UPGRADE
Q2-TX-002221,253,29/04/2025,$-68, PayPal ,REFUND
Q2-TX-002222,713,04/12/2025,USD 247.78,Bank Transfer,ADD-ON
Q2-TX-002223,1231,12/04/2025,USD 66.14,PayPal ,Upgrade
Q2-TX-002224,1134,2025-06-17,USD 407.07,Debit Card , Subscription 
Q2-TX-002225,1456,16/05/2025,$519.26,Debit Card, Subscription 
Q2-TX-002226,1439,06 May 2025,-472.05, Debit Card,Refund 
Q2-TX-002227,277,"May 11, 2025",-318.59, PayPal,Refund 
Q2-TX-002228,1,2025-04-23,$12, Debit Card ,Subscription
Q2-TX-002229,816,"May 26, 2025",369.82,PAYPAL,Upgrade
Q2-TX-002230,1286,01 Jun 2025,393.81,Credit Card , Upgrade 
Q2-TX-002231,962,2025-05-04,USD 104.32, Debit Card , Add-on 
Q2-TX-002232,944,2025-04-09,-334.89, Bank Transfer ,Refund 
Q2-TX-002233,271,2025-04-12,-270.88,Credit Card ,Refund
Q2-TX-002234,122,2025-04-19,165.60 USD, Credit Card ,subscription
Q2-TX-002235,1082,08-06-2025,270.71,Debit Card,add-on
Q2-TX-002236,41,2025-04-27,466.50 USD,Debit Card ,Add-on 
Q2-TX-002237,1225,27/06/2025,USD -131.76,Bank Transfer ,Refund 
Q2-TX-002238,550,28-05-2025,130.16 USD,Credit Card ,upgrade
Q2-TX-002239,429,17/06/2025,-267.46, PayPal, Refund 
Q2-TX-002240,196,06/24/2025,164.38,Bank Transfer,upgrade
Q2-TX-002241,1244,04 Apr 2025,-89.56, Debit Card,REFUND
Q2-TX-002242,853,04/21/2025,$398.88, Credit Card ,Add-on 
Q2-TX-002243,1287,2025-06-19,275.98 USD,PayPal, Upgrade 
Q2-TX-002244,660,"Apr 24, 2025",36.55, Debit Card ,ADD-ON
Q2-TX-002245,1376,04 Apr 2025,,BANK TRANSFER, Upgrade 
Q2-TX-002246,936,12/06/2025,-328.58, Debit Card,refund
Q2-TX-002247,1470,07-04-2025,-251.67, PayPal,REFUND
Q2-TX-002248,748,"May 15, 2025",179.71,PAYPAL, Add-on
Q2-TX-002249,303,"May 23, 2025",$169,credit card, Add-on 
Q2-TX-002250,985,20/06/2025,USD 319.68,credit card, Add-on
Q2-TX-002251,1160,04/20/2025,$73,Bank Transfer ,Upgrade
Q2-TX-002252,619,06/05/2025,284.79,paypal, Subscription
Q2-TX-002253,394,30/05/2025,326.17 USD,bank transfer, Add-on
Q2-TX-002254,84,01/04/2025,$389,Credit Card,Add-on
Q2-TX-002255,821,"May 05, 2025",127.63,PayPal,Upgrade
Q2-TX-002256,111,"May 16, 2025",$-148,Credit Card , Refund
Q2-TX-002257,797,28/05/2025,-313.76, PayPal, Refund 
Q2-TX-002258,1398,2025-04-19,USD 125.47, Debit Card,Add-on
Q2-TX-002259,879,06/28/2025,74.31 USD, PayPal,subscription
Q2-TX-002260,36,21-04-2025,190.20 USD,Debit Card , Upgrade 
Q2-TX-002261,45,03 May 2025,603.83,Debit Card ,UPGRADE
Q2-TX-002262,35,"Apr 22, 2025",$226.27,Credit Card ,subscription
Q2-TX-002263,519,08 May 2025,44.77, Debit Card, Upgrade
Q2-TX-002264,1387,"Jun 03, 2025",247.29, PayPal ,Upgrade 
Q2-TX-002265,979,2025-05-04,180.94,Bank Transfer ,add-on
Q2-TX-002266,1319,10-06-2025,95.21 USD,debit card,subscription
Q2-TX-002267,209,06/08/2025,148.87, Bank Transfer,SUBSCRIPTION
Q2-TX-002268,321,"Jun 29, 2025",$519,debit card,Upgrade
Q2-TX-002269,1068,21 Apr 2025,101.44 USD,credit card, Subscription
Q2-TX-002270,1283,03 Apr 2025,557.19, Debit Card , Subscription 
Q2-TX-002271,399,29/06/2025,215.80 USD, Bank Transfer ,add-on
Q2-TX-002272,141,21-04-2025,USD 167.08,PayPal ,Upgrade
Q2-TX-002273,632,2025-06-23,$175.09,paypal, Subscription 
Q2-TX-002274,1337,04/11/2025,183.01,Credit Card , Upgrade
Q2-TX-002275,701,30/04/2025,$542, PayPal ,Subscription 
Q2-TX-002276,359,08-04-2025,$34, Bank Transfer , Upgrade 
Q2-TX-002277,1287,26-05-2025,166.39,paypal, Upgrade 
Q2-TX-002278,662,"May 01, 2025",-181.42 USD, PayPal ,Refund 
Q2-TX-002279,1069,09/06/2025,USD 323.61, Credit Card ,Subscription 
Q2-TX-002280,611,2025-04-01,$-208.56, Credit Card ,refund
Q2-TX-002281,380,04/07/2025,$222,Bank Transfer , Add-on
Q2-TX-002282,693,19-04-2025,574.83 USD, Bank Transfer,Subscription
Q2-TX-002283,1000,10-06-2025,USD 225.51,debit card, Upgrade 
Q2-TX-002284,115,12/04/2025,USD 158.74,Credit Card ,Add-on
Q2-TX-002285,891,25/06/2025,USD -220.73,BANK TRANSFER,REFUND
Q2-TX-002286,1003,"Jun 04, 2025",231.02,DEBIT CARD,Add-on
Q2-TX-002287,1023,2025-05-08,$73.50, PayPal , Add-on
Q2-TX-002288,927,2025-04-07,-421.61 USD,Credit Card ,REFUND
Q2-TX-002289,422,01-04-2025,281.15,Debit Card ,Upgrade
Q2-TX-002290,984,2025-06-03,107.60,Credit Card, Subscription 
Q2-TX-002291,662,20-04-2025,274.25 USD, Credit Card ,subscription
Q2-TX-002292,900010,2025-06-11,$62,PayPal ,ADD-ON
Q2-TX-002293,280,2025-06-01,$298,DEBIT CARD,subscription
Q2-TX-002294,1412,10/05/2025,USD 337.54, Credit Card ,ADD-ON
Q2-TX-002295,288,30/05/2025,668.09, Bank Transfer,subscription
Q2-TX-002296,64,08/04/2025,$107,Bank Transfer,Subscription 
Q2-TX-002297,1038,"Apr 29, 2025",$-224.41,DEBIT CARD, Refund 
Q2-TX-002298,881,05/18/2025,198.82, PayPal ,SUBSCRIPTION
Q2-TX-002299,1164,05/28/2025,USD 138.47, Credit Card ,ADD-ON
Q2-TX-002300,510,"May 24, 2025",-111.52,bank transfer, Refund
Q2-TX-002301,497,31/05/2025,192.72,paypal,Upgrade
Q2-TX-002302,377,25 Apr 2025,USD -233.07,Bank Transfer ,Refund 
Q2-TX-002303,559,09-05-2025,$150, Bank Transfer,Subscription 
Q2-TX-002304,1416,04/18/2025,USD -272.23, PayPal, Refund 
Q2-TX-002305,459,"Apr 17, 2025",USD 212.00,PayPal,add-on
Q2-TX-002306,520,20/04/2025,103.76,PAYPAL,Upgrade 
Q2-TX-002307,670,13/04/2025,-361.98 USD,Bank Transfer ,refund
Q2-TX-002308,510,"May 28, 2025",$345, Debit Card,upgrade
Q2-TX-002309,817,2025-05-03,$192.76,Bank Transfer,ADD-ON
Q2-TX-002310,640,15-05-2025,$-25.80, Credit Card,Refund
Q2-TX-002311,565,"May 01, 2025",$-61.25, Credit Card ,REFUND
Q2-TX-002312,1417,05/04/2025,$-432.63,Debit Card,Refund
Q2-TX-002313,152,28-05-2025,USD 585.59,paypal,Add-on
Q2-TX-002314,594,31/05/2025,406.54 USD,bank transfer, Upgrade
Q2-TX-002315,1481,2025-05-03,123.33, PayPal,upgrade
Q2-TX-002316,867,05-06-2025,$349, Debit Card ,Add-on 
Q2-TX-002317,848,05/05/2025,$325.38,Credit Card,UPGRADE
Q2-TX-002318,1045,15-06-2025,$329,CREDIT CARD,Subscription 
Q2-TX-002319,1239,23-06-2025,$-204,debit card, Refund 
Q2-TX-002320,903,11/04/2025,USD 229.15,Bank Transfer,SUBSCRIPTION
Q2-TX-002321,623,31/05/2025,-65.33,BANK TRANSFER, Refund
Q2-TX-002322,58,21 May 2025,$794.29, Credit Card,add-on
Q2-TX-002323,1358,06/04/2025,61.47, Bank Transfer ,Upgrade
Q2-TX-002324,638,27/06/2025,$149.67,CREDIT CARD,Upgrade
Q2-TX-002325,1034,2025-04-04,$718, Credit Card , Subscription 
Q2-TX-002326,109,18-05-2025,$174.86,paypal, Subscription
Q2-TX-002327,537,06/07/2025,192.08 USD, Debit Card ,ADD-ON
Q2-TX-002328,195,2025-04-21,USD -212.68,Credit Card,refund
Q2-TX-002329,100,11 Jun 2025,234.85 USD,Credit Card , Subscription
Q2-TX-002330,1237,"Jun 02, 2025",$95, PayPal ,add-on
Q2-TX-002331,511,2025-06-23,,Credit Card ,subscription
Q2-TX-002332,1263,14-05-2025,307.36, Bank Transfer,UPGRADE
Q2-TX-002333,922,15-04-2025,$198,PayPal ,add-on
Q2-TX-002334,1466,"Apr 04, 2025",289.18 USD,CREDIT CARD, Add-on 
Q2-TX-002335,623,02/06/2025,115.92 USD, Bank Transfer,Subscription 
Q2-TX-002336,768,2025-06-09,519.43 USD,credit card, Subscription 
Q2-TX-002337,1490,14/04/2025,$-937.62, Credit Card,Refund 
Q2-TX-002338,679,20/05/2025,USD -155.11,BANK TRANSFER, Refund
Q2-TX-002339,223,"May 17, 2025",-222.87, PayPal ,Refund
Q2-TX-002340,462,03-06-2025,USD 93.85,CREDIT CARD, Upgrade
Q2-TX-002341,1088,"May 14, 2025",330.45 USD, Credit Card ,upgrade
Q2-TX-002342,1126,17 Jun 2025,156.58 USD,Debit Card ,Upgrade
Q2-TX-002343,567,05 May 2025,$157,Credit Card , Subscription
Q2-TX-002344,43,2025-04-27,320.02 USD, Bank Transfer , Upgrade
Q2-TX-002345,738,18/05/2025,-249.98,debit card, Refund 
Q2-TX-002346,921,07 May 2025,$-119,credit card,refund
Q2-TX-002347,997,06/01/2025,-34.43, Bank Transfer,REFUND
Q2-TX-002348,216,2025-04-19,USD -163.60,PayPal,refund
Q2-TX-002349,1299,06/02/2025,USD 61.45,bank transfer,Subscription 
Q2-TX-002350,681,"Apr 14, 2025",$365,Credit Card , Subscription
Q2-TX-002351,138,08-05-2025,$188.07,PAYPAL,SUBSCRIPTION
Q2-TX-002352,444,2025-05-20,148.42,credit card, Subscription
Q2-TX-002353,352,22/05/2025,$120.51, PayPal , Subscription 
Q2-TX-002354,705,06-05-2025,254.31,DEBIT CARD, Subscription 
Q2-TX-002355,509,26 Apr 2025,$177,Bank Transfer ,Upgrade 
Q2-TX-002356,414,18-05-2025,$361,PayPal,Add-on
Q2-TX-002357,131,23 Jun 2025,, Bank Transfer ,UPGRADE
Q2-TX-002358,742,14-04-2025,USD -354.33,PAYPAL, Refund 
Q2-TX-002359,597,18 Apr 2025,149.42,paypal,subscription
Q2-TX-002360,634,05/04/2025,-249.88 USD, Credit Card,REFUND
Q2-TX-002361,412,09-05-2025,79.33,Debit Card ,add-on
Q2-TX-002362,262,27 Jun 2025,-198.28 USD,BANK TRANSFER, Refund 
Q2-TX-002363,757,"May 17, 2025",-535.40,Credit Card , Refund
Q2-TX-002364,878,24 Jun 2025,USD 84.39,credit card,Add-on 
Q2-TX-002365,54,06-04-2025,USD 301.12,DEBIT CARD,Subscription 
Q2-TX-002366,1140,2025-04-01,USD 541.39,PAYPAL,UPGRADE
Q2-TX-002367,1109,15 Apr 2025,130.10 USD,paypal, Subscription
Q2-TX-002368,355,15/05/2025,,Bank Transfer, Upgrade 
Q2-TX-002369,863,22/06/2025,$126.23, Bank Transfer,ADD-ON
Q2-TX-002370,821,09-05-2025,$348.94,Credit Card, Upgrade
Q2-TX-002371,379,2025-05-26,366.46, Credit Card,Subscription
Q2-TX-002372,1076,"Jun 18, 2025",$460,DEBIT CARD,subscription
Q2-TX-002373,1464,"Jun 16, 2025",570.88,Credit Card ,ADD-ON
Q2-TX-002374,1040,2025-05-04,-74.19, Bank Transfer,Refund
Q2-TX-002375,213,08/04/2025,-361.64,PAYPAL, Refund 
Q2-TX-002376,1139,04/10/2025,-479.85,CREDIT CARD,refund
Q2-TX-002377,1223,2025-06-17,432.80,PayPal ,Add-on
Q2-TX-002378,1352,25/05/2025,-113.90 USD,BANK TRANSFER,REFUND
Q2-TX-002379,19,"Apr 21, 2025",352.40, Debit Card,Add-on
Q2-TX-002380,1151,05/25/2025,355.00,Debit Card,subscription
Q2-TX-002381,546,04 Jun 2025,169.70,Credit Card, Add-on
Q2-TX-002382,280,05-04-2025,251.54 USD, Credit Card,Add-on 
Q2-TX-002383,223,07/06/2025,USD 30.01, Bank Transfer,Add-on 
Q2-TX-002384,428,07-05-2025,$-295.72, Bank Transfer ,Refund 
Q2-TX-002385,399,2025-04-14,-199.15 USD,paypal, Refund
Q2-TX-002386,1032,26/06/2025,$227.68,Credit Card ,Subscription
Q2-TX-002387,27,"Apr 10, 2025",206.83,Bank Transfer, Upgrade
Q2-TX-002388,406,28 May 2025,$-193,credit card,Refund
Q2-TX-002389,85,2025-06-18,USD 83.54,Debit Card ,upgrade
Q2-TX-002390,916,"Jun 13, 2025",$-145.68,PayPal,refund
Q2-TX-002391,477,13 May 2025,USD -292.26,Debit Card , Refund 
Q2-TX-002392,289,"Apr 05, 2025",449.10, Debit Card,Add-on
Q2-TX-002393,1314,"Apr 16, 2025",USD -114.20,PayPal, Refund 
Q2-TX-002394,896,29 Jun 2025,USD 264.03,PayPal, Add-on
Q2-TX-002395,579,15 Apr 2025,-219.31,debit card, Refund 
Q2-TX-002396,1260,27-05-2025,430.94,debit card,UPGRADE
Q2-TX-002397,1413,30 Jun 2025,USD 199.54,Debit Card , Add-on 
Q2-TX-002398,466,"Apr 04, 2025",529.68 USD, Credit Card ,Upgrade 
Q2-TX-002399,578,01 Apr 2025,184.43 USD,Debit Card , Subscription
Q2-TX-002400,558,2025-05-13,$178.36, Debit Card,Add-on
Q2-TX-002401,1214,09-04-2025,-125.08,Bank Transfer , Refund 
Q2-TX-002402,725,15-05-2025,336.11,paypal,Upgrade 
Q2-TX-002403,1241,09-04-2025,497.37, Bank Transfer ,SUBSCRIPTION
Q2-TX-002404,1408,24-06-2025,-157.38 USD,bank transfer,Refund 
Q2-TX-002405,184,"Apr 20, 2025",181.59 USD,debit card, Subscription
Q2-TX-002406,898,21/04/2025,$122.89,Debit Card , Subscription 
Q2-TX-002407,618,17/05/2025,-65.29,Bank Transfer , Refund 
Q2-TX-002408,558,"Apr 02, 2025",133.16 USD,credit card,upgrade
Q2-TX-002409,652,30/04/2025,173.53,PayPal , Upgrade 
Q2-TX-002410,553,11 May 2025,418.63 USD, Bank Transfer , Upgrade 
Q2-TX-002411,755,2025-05-07,126.50 USD, Debit Card ,ADD-ON
Q2-TX-002412,199,06 Jun 2025,$-181, Credit Card, Refund 
Q2-TX-002413,1426,10-04-2025,237.36,Bank Transfer,Upgrade
Q2-TX-002414,1355,28 Apr 2025,$-97.26,credit card,Refund
Q2-TX-002415,1059,17 May 2025,USD 315.02,Bank Transfer,ADD-ON
Q2-TX-002416,1143,2025-05-11,$177, Bank Transfer,ADD-ON
Q2-TX-002417,912,15-05-2025,$149,Bank Transfer ,SUBSCRIPTION
Q2-TX-002418,1119,03-06-2025,$477.64,DEBIT CARD, Subscription
Q2-TX-002419,1019,2025-06-16,512.11 USD,Credit Card ,UPGRADE
Q2-TX-002420,1170,09-05-2025,110.61,Credit Card , Subscription 
Q2-TX-002421,1167,14/05/2025,USD 353.51, Debit Card ,subscription
Q2-TX-002422,1394,26 May 2025,-613.46 USD,PAYPAL, Refund
Q2-TX-002423,1476,"Jun 04, 2025",193.56 USD,BANK TRANSFER, Upgrade 
Q2-TX-002424,400,05/17/2025,257.55,BANK TRANSFER, Upgrade
Q2-TX-002425,1426,"May 16, 2025",-219.62,bank transfer, Refund 
Q2-TX-002426,397,"May 19, 2025",-358.97 USD,Debit Card , Refund
Q2-TX-002427,1104,"Jun 01, 2025",-131.36 USD,BANK TRANSFER,refund
Q2-TX-002428,732,12-06-2025,131.06,PAYPAL,Upgrade
Q2-TX-002429,818,04/02/2025,138.62,PAYPAL, Add-on
Q2-TX-002430,618,2025-04-29,USD 110.55,DEBIT CARD,Subscription 
Q2-TX-002431,455,31 May 2025,-110.29, Debit Card,Refund 
Q2-TX-002432,1119,2025-04-12,-198.46 USD,Debit Card , Refund
Q2-TX-002433,776,18/05/2025,USD 165.14,CREDIT CARD,Add-on
Q2-TX-002434,900007,2025-05-22,USD 273.10, Credit Card ,ADD-ON
Q2-TX-002435,582,06/08/2025,USD 134.17,PayPal,Add-on 
Q2-TX-002436,1109,14/06/2025,,PayPal,Refund 
Q2-TX-002437,863,15 Apr 2025,214.42, Debit Card, Add-on 
Q2-TX-002438,936,2025-05-28,610.09,Debit Card, Add-on
Q2-TX-002439,82,2025-04-04,$207,credit card,add-on
Q2-TX-002440,1192,17-04-2025,283.74 USD, Debit Card,Add-on 
Q2-TX-002441,700,31 May 2025,100.30, Debit Card,Add-on
Q2-TX-002442,918,05/04/2025,114.27 USD,Bank Transfer , Upgrade 
Q2-TX-002443,346,08 Apr 2025,547.24, Credit Card,add-on
Q2-TX-002444,1308,22/06/2025,312.12, Bank Transfer, Add-on 
Q2-TX-002445,821,27/05/2025,$284,Credit Card , Add-on 
Q2-TX-002446,1314,2025-04-14,205.40 USD,BANK TRANSFER,UPGRADE
Q2-TX-002447,1282,28-05-2025,226.86,credit card, Add-on 
Q2-TX-002448,1095,2025-04-21,$195,PayPal, Add-on 
Q2-TX-002449,512,04/27/2025,-309.79,Credit Card, Refund 
Q2-TX-002450,386,05/11/2025,217.91 USD, Debit Card ,Add-on 
Q2-TX-002451,742,2025-04-19,-349.86 USD,PAYPAL,REFUND
Q2-TX-002452,1418,2025-06-02,118.80,PayPal,Add-on 
Q2-TX-002453,1109,28/06/2025,$210,Debit Card ,SUBSCRIPTION
Q2-TX-002454,278,26/04/2025,88.66,bank transfer,upgrade
Q2-TX-002455,1042,2025-04-14,USD 412.31, PayPal ,Subscription 
Q2-TX-002456,121,29/04/2025,-296.09,Credit Card , Refund
Q2-TX-002457,407,2025-04-20,67.74,PayPal,SUBSCRIPTION
Q2-TX-002458,746,04/24/2025,$280.85,CREDIT CARD,Subscription 
Q2-TX-002459,1090,19-04-2025,$196,Credit Card, Add-on
Q2-TX-002460,271,"Jun 09, 2025",$419.29, Bank Transfer,Upgrade 
Q2-TX-002461,411,"Jun 13, 2025",$392,Debit Card ,Add-on 
Q2-TX-002462,1026,04/02/2025,USD 486.69, Bank Transfer,subscription
Q2-TX-002463,480,04/09/2025,356.00,credit card,Subscription
Q2-TX-002464,382,2025-05-17,USD 203.93,BANK TRANSFER,ADD-ON
Q2-TX-002465,1444,2025-04-02,255.24 USD,CREDIT CARD, Add-on
Q2-TX-002466,1462,06 Apr 2025,148.83 USD,Credit Card ,subscription
Q2-TX-002467,183,2025-05-11,$179.86,PAYPAL,Add-on 
Q2-TX-002468,239,"Jun 18, 2025",$325.69,PayPal, Add-on 
Q2-TX-002469,139,05-06-2025,$83.32,Debit Card ,Upgrade 
Q2-TX-002470,1040,2025-06-15,-280.56 USD,PAYPAL,REFUND
Q2-TX-002471,1260,"Apr 22, 2025",$-309, PayPal ,Refund
Q2-TX-002472,1289,17/05/2025,336.40 USD, Debit Card,add-on
Q2-TX-002473,549,2025-04-22,-141.79 USD, Bank Transfer,REFUND
Q2-TX-002474,574,25/04/2025,, PayPal,subscription
Q2-TX-002475,1112,"Apr 14, 2025",USD 306.87, Debit Card , Add-on 
Q2-TX-002476,1178,2025-06-22,400.10,bank transfer,subscription
Q2-TX-002477,757,23-06-2025,-83.18,Debit Card ,Refund
Q2-TX-002478,983,06/17/2025,60.71,debit card,add-on
Q2-TX-002479,459,05/24/2025,USD -81.52,debit card,Refund
Q2-TX-002480,560,"Jun 15, 2025",229.00,Credit Card , Add-on 
Q2-TX-002481,1377,07/05/2025,343.82, Credit Card, Upgrade 
Q2-TX-002482,129,14/04/2025,174.07,Debit Card , Subscription 
Q2-TX-002483,1217,2025-04-23,180.52 USD,Bank Transfer , Upgrade 
Q2-TX-002484,572,2025-04-05,$40.43,PayPal ,add-on
Q2-TX-002485,486,18/04/2025,$-181, Credit Card ,Refund 
Q2-TX-002486,653,05/17/2025,USD 176.09,Credit Card , Add-on
Q2-TX-002487,978,13 Apr 2025,-117.52 USD,BANK TRANSFER,Refund
Q2-TX-002488,778,28/05/2025,USD -152.34,PayPal ,REFUND
Q2-TX-002489,1000,29/06/2025,-485.78,BANK TRANSFER, Refund 
Q2-TX-002490,1148,04/25/2025,242.52,debit card,Upgrade 
Q2-TX-002491,1129,30 Apr 2025,$-220.30,PAYPAL,REFUND
Q2-TX-002492,1113,13-06-2025,$148, PayPal , Subscription 
Q2-TX-002493,1126,04/25/2025,-271.38,Debit Card,REFUND
Q2-TX-002494,663,22/04/2025,766.43 USD,Bank Transfer,Subscription 
Q2-TX-002495,1192,21/05/2025,USD 329.09,PayPal , Upgrade 
Q2-TX-002496,665,2025-06-11,USD 172.91, Bank Transfer ,UPGRADE
Q2-TX-002497,1287,2025-05-16,190.72 USD,paypal,Subscription
Q2-TX-002498,994,21/06/2025,USD 379.43,Bank Transfer , Upgrade
Q2-TX-002499,663,09 Jun 2025,699.04,credit card, Add-on 
Q2-TX-002500,452,2025-05-21,USD 77.52, Credit Card ,ADD-ON
Q2-TX-002501,1314,04 Apr 2025,206.93 USD,bank transfer,Upgrade
Q2-TX-002502,1241,10 May 2025,189.55,Debit Card,Upgrade 
Q2-TX-002503,415,05/17/2025,-377.95, PayPal,refund
Q2-TX-002504,85,24-04-2025,USD 212.75,PayPal, Subscription
Q2-TX-002505,1369,04/11/2025,407.38, Debit Card,add-on
Q2-TX-002506,1296,05/21/2025,USD 62.07, Debit Card,Add-on 
Q2-TX-002507,590,27-06-2025,-294.68, Debit Card,refund
Q2-TX-002508,1107,"May 23, 2025",$-378.12,CREDIT CARD,refund
Q2-TX-002509,513,"May 02, 2025",USD -54.51,debit card, Refund
Q2-TX-002510,633,2025-06-10,289.78 USD,credit card,Subscription
Q2-TX-002511,943,"Jun 30, 2025",-91.86,BANK TRANSFER, Refund
Q2-TX-002512,1213,2025-05-03,-191.35 USD,debit card, Refund
Q2-TX-002513,624,18 May 2025,-179.52,CREDIT CARD, Refund 
Q2-TX-002514,566,24-06-2025,,Debit Card, Subscription 
Q2-TX-002515,743,2025-05-07,230.59,CREDIT CARD,ADD-ON
Q2-TX-002516,247,2025-06-17,-178.67 USD,Debit Card , Refund
Q2-TX-002517,1149,31/05/2025,-150.08, Bank Transfer , Refund 
Q2-TX-002518,396,27/06/2025,USD 582.54,PayPal , Add-on
Q2-TX-002519,1015,2025-04-11,381.16 USD,bank transfer, Upgrade
Q2-TX-002520,801,04/26/2025,$273, PayPal ,Add-on
Q2-TX-002521,1015,2025-05-20,170.88,Bank Transfer ,UPGRADE
Q2-TX-002522,1466,06/08/2025,USD 66.32,Credit Card,UPGRADE
Q2-TX-002523,615,2025-05-15,129.15, PayPal ,Upgrade
Q2-TX-002524,900017,09 Apr 2025,-133.97,BANK TRANSFER,REFUND
Q2-TX-002525,380,04/04/2025,$543,CREDIT CARD, Add-on
Q2-TX-002526,563,03/05/2025,$59.87,PayPal ,Add-on
Q2-TX-002527,237,08/04/2025,165.97,Bank Transfer ,add-on
Q2-TX-002528,288,07 Jun 2025,294.69,debit card,ADD-ON
Q2-TX-002529,31,2025-04-20,$-236.14,Debit Card,refund
Q2-TX-002530,1111,15 May 2025,175.36,Debit Card,ADD-ON
Q2-TX-002531,620,"Apr 01, 2025",$-117, Bank Transfer , Refund 
Q2-TX-002532,519,06/04/2025,USD 287.31,Bank Transfer ,ADD-ON
Q2-TX-002533,1341,09 Apr 2025,187.02 USD,BANK TRANSFER,Subscription 
Q2-TX-002534,678,05/25/2025,545.61 USD, PayPal,upgrade
Q2-TX-002535,769,05/22/2025,$215,Debit Card , Subscription 
Q2-TX-002536,1323,14/05/2025,USD -592.84, Credit Card, Refund
Q2-TX-002537,271,24-05-2025,$-250.20,paypal, Refund
Q2-TX-002538,769,29-06-2025,157.90 USD,paypal,Subscription 
Q2-TX-002539,682,2025-04-10,147.97 USD,PAYPAL,ADD-ON
Q2-TX-002540,507,2025-04-17,$-209.64,PayPal ,refund
Q2-TX-002541,1146,2025-06-16,USD 120.87,PayPal, Add-on 
Q2-TX-002542,10,31 May 2025,110.47, Credit Card , Add-on
Q2-TX-002543,203,"Apr 26, 2025",370.15,PayPal, Subscription 
Q2-TX-002544,220,05/04/2025,$-279, PayPal , Refund
Q2-TX-002545,1400,"May 26, 2025",$106.87,Credit Card,subscription
Q2-TX-002546,415,01 May 2025,$-317, Bank Transfer,Refund 
Q2-TX-002547,351,25 Jun 2025,$181,Credit Card,subscription
Q2-TX-002548,375,06/10/2025,280.90,PayPal ,Subscription 
Q2-TX-002549,1096,29-06-2025,USD 295.91, PayPal,Add-on 
Q2-TX-002550,1015,"Apr 21, 2025",$136.98, Credit Card , Upgrade
Q2-TX-002551,840,15/04/2025,USD 633.65,Credit Card,Subscription
Q2-TX-002552,993,05/13/2025,USD -140.25,PayPal,REFUND
Q2-TX-002553,1485,2025-05-13,293.69,debit card, Subscription
Q2-TX-002554,165,"May 12, 2025",$127.79, Debit Card, Subscription 
Q2-TX-002555,582,2025-05-31,188.27 USD,DEBIT CARD,Subscription
Q2-TX-002556,580,19-05-2025,$197.73, PayPal, Upgrade 
Q2-TX-002557,3,24/05/2025,$367.30,Bank Transfer ,SUBSCRIPTION
Q2-TX-002558,1072,12-06-2025,-245.68, Debit Card,Refund
Q2-TX-002559,272,06/04/2025,330.34, PayPal, Add-on 
Q2-TX-002560,199,06/07/2025,233.51 USD,PayPal, Upgrade
Q2-TX-002561,26,06/10/2025,429.09, Debit Card,Upgrade 
Q2-TX-002562,497,17/04/2025,$300,paypal, Subscription
Q2-TX-002563,1218,26-04-2025,251.72,debit card,subscription
Q2-TX-002564,753,2025-04-20,$280.76, Bank Transfer,upgrade
Q2-TX-002565,1015,05/04/2025,$74,Debit Card , Add-on
Q2-TX-002566,68,12 Apr 2025,100.96 USD,Credit Card ,ADD-ON
Q2-TX-002567,1275,"May 27, 2025",USD 256.94, PayPal , Upgrade 
Q2-TX-002568,1083,"May 08, 2025",USD 223.79, PayPal,ADD-ON
Q2-TX-002569,906,11-04-2025,402.24, Debit Card , Add-on
Q2-TX-002570,234,05-05-2025,24.49 USD,Bank Transfer , Add-on
Q2-TX-002571,533,24-06-2025,215.62,Debit Card, Subscription 
Q2-TX-002572,1405,"Apr 17, 2025",81.67 USD,BANK TRANSFER,ADD-ON
Q2-TX-002573,190,"Apr 21, 2025",252.05,PAYPAL, Subscription
Q2-TX-002574,490,2025-06-24,$270, Credit Card,Subscription 
Q2-TX-002575,26,19-04-2025,323.44,BANK TRANSFER,UPGRADE
Q2-TX-002576,756,17 Apr 2025,106.39 USD,BANK TRANSFER,subscription
Q2-TX-002577,324,05/03/2025,$67,debit card,Add-on
Q2-TX-002578,791,14 May 2025,$304.75,credit card, Add-on
Q2-TX-002579,841,16/06/2025,$-134, Bank Transfer, Refund
Q2-TX-002580,1204,2025-04-13,125.79,PAYPAL,ADD-ON
Q2-TX-002581,294,"May 15, 2025",-216.38 USD,debit card,Refund 
Q2-TX-002582,514,"Apr 01, 2025",-86.00,credit card,refund
Q2-TX-002583,1440,05/16/2025,$299, Debit Card , Add-on 
Q2-TX-002584,492,08 Apr 2025,-96.52, Debit Card , Refund 
Q2-TX-002585,1105,25/04/2025,USD 116.33,Credit Card ,Subscription
Q2-TX-002586,1209,2025-05-18,161.85,PayPal,UPGRADE
Q2-TX-002587,670,27 Apr 2025,$-104.52,PAYPAL,Refund
Q2-TX-002588,1328,"May 07, 2025",-356.62 USD,bank transfer,Refund 
Q2-TX-002589,701,05/26/2025,$-339, Credit Card,refund
Q2-TX-002590,525,01-06-2025,228.86, Credit Card ,add-on
Q2-TX-002591,64,06/08/2025,131.43, Debit Card , Upgrade
Q2-TX-002592,397,21/06/2025,$110.42, Credit Card ,Add-on 
Q2-TX-002593,1211,11/04/2025,,bank transfer, Upgrade 
Q2-TX-002594,1148,2025-04-18,110.82 USD,credit card,Subscription
Q2-TX-002595,1242,16-05-2025,140.05,Credit Card ,Upgrade 
Q2-TX-002596,576,06/15/2025,$73.64,PayPal,Subscription
Q2-TX-002597,181,16-04-2025,216.23,Credit Card , Add-on 
Q2-TX-002598,756,06/24/2025,USD 111.72, Credit Card,Add-on 
Q2-TX-002599,1237,04-04-2025,189.68 USD,Debit Card ,Add-on
Q2-TX-002600,156,2025-04-21,USD 123.62,credit card, Upgrade 
Q2-TX-002601,503,17-06-2025,USD -346.40,Credit Card,REFUND
Q2-TX-002602,573,2025-06-21,258.01, Debit Card,UPGRADE
Q2-TX-002603,434,25-06-2025,82.54 USD, PayPal ,add-on
Q2-TX-002604,206,"Apr 29, 2025",-365.83, Debit Card,refund
Q2-TX-002605,68,05/20/2025,$-169.11,paypal,REFUND
Q2-TX-002606,1332,31/05/2025,-374.24 USD,PayPal ,REFUND
Q2-TX-002607,582,03/04/2025,$-233,Credit Card , Refund 
Q2-TX-002608,239,18-05-2025,$170,debit card,UPGRADE
Q2-TX-002609,499,15/06/2025,$68, Credit Card,Upgrade 
Q2-TX-002610,684,04/07/2025,USD 80.77, Debit Card ,Upgrade 
Q2-TX-002611,169,2025-04-07,426.05,PayPal ,UPGRADE
Q2-TX-002612,447,"Apr 18, 2025",116.62 USD,Bank Transfer, Subscription
Q2-TX-002613,1024,"Apr 27, 2025",357.91 USD,credit card, Add-on
Q2-TX-002614,1281,"Jun 09, 2025",381.05,paypal, Subscription 
Q2-TX-002615,1487,"Jun 12, 2025",-290.84, Bank Transfer , Refund
Q2-TX-002616,493,06/02/2025,$72.55, Bank Transfer, Upgrade
Q2-TX-002617,888,05/08/2025,$-133,Debit Card,Refund
Q2-TX-002618,790,01/06/2025,$562.38, PayPal,Subscription
Q2-TX-002619,180,08 May 2025,$-488.56, Credit Card ,refund
Q2-TX-002620,1499,04/12/2025,$-106,Bank Transfer , Refund 
Q2-TX-002621,1266,06/03/2025,USD 166.71,CREDIT CARD,Add-on
Q2-TX-002622,1,24/04/2025,351.25 USD, Bank Transfer ,upgrade
Q2-TX-002623,165,11 May 2025,56.82,BANK TRANSFER,Subscription
Q2-TX-002624,1208,"May 01, 2025",341.38,PAYPAL,UPGRADE
Q2-TX-002625,806,06/06/2025,$231.59,Credit Card,ADD-ON
Q2-TX-002626,1493,"Apr 16, 2025",917.72,CREDIT CARD, Add-on
Q2-TX-002627,247,02/04/2025,$392.04,PayPal,Subscription 
Q2-TX-002628,924,17/04/2025,-52.33 USD, PayPal , Refund 
Q2-TX-002629,501,01 May 2025,316.57,debit card,subscription
Q2-TX-002630,1201,07 May 2025,-450.68, Bank Transfer,REFUND
Q2-TX-002631,625,"Apr 27, 2025",$272.45,CREDIT CARD,Subscription
Q2-TX-002632,828,23 Jun 2025,262.33,Credit Card,Add-on
Q2-TX-002633,249,12-06-2025,$261.06,PAYPAL,Subscription
Q2-TX-002634,364,09-06-2025,$385,DEBIT CARD,Add-on
Q2-TX-002635,1227,2025-05-06,252.17, Bank Transfer, Upgrade
Q2-TX-002636,1281,21 Apr 2025,-210.87,Credit Card,refund
Q2-TX-002637,1273,19 Apr 2025,266.40,bank transfer,Subscription 
Q2-TX-002638,358,04/30/2025,-68.42 USD, Bank Transfer , Refund 
Q2-TX-002639,1087,05/24/2025,213.75 USD,Debit Card , Upgrade
Q2-TX-002640,1492,20-06-2025,154.27,BANK TRANSFER, Add-on
Q2-TX-002641,616,26-05-2025,$392.78,Debit Card,SUBSCRIPTION
Q2-TX-002642,616,10/06/2025,USD 113.00, Bank Transfer ,Add-on
Q2-TX-002643,1076,12-04-2025,$209, Credit Card , Add-on
Q2-TX-002644,647,17/04/2025,USD -122.86,CREDIT CARD,refund
Q2-TX-002645,1115,06/27/2025,260.27,PayPal, Add-on 
Q2-TX-002646,820,08-05-2025,USD -539.59, PayPal,refund
Q2-TX-002647,817,2025-06-26,$319,Debit Card,Upgrade
Q2-TX-002648,668,06/29/2025,$321.91, Debit Card ,upgrade
Q2-TX-002649,229,2025-05-30,92.87,credit card,UPGRADE
Q2-TX-002650,1129,04/05/2025,257.34,PayPal , Subscription
Q2-TX-002651,617,06/14/2025,143.30, Credit Card , Add-on
Q2-TX-002652,1109,"Jun 28, 2025",186.51 USD, Debit Card,add-on
Q2-TX-002653,1316,02 Apr 2025,$165.36, Credit Card , Add-on
Q2-TX-002654,521,16/06/2025,$115.23,BANK TRANSFER,SUBSCRIPTION
Q2-TX-002655,751,15 Jun 2025,238.54,Credit Card, Add-on
Q2-TX-002656,765,10-04-2025,$261,PayPal ,Upgrade 
Q2-TX-002657,1247,20-06-2025,$359.59,PayPal,add-on
Q2-TX-002658,391,28-05-2025,-410.85,credit card, Refund 
Q2-TX-002659,426,05/28/2025,-303.32, PayPal, Refund 
Q2-TX-002660,369,"May 30, 2025",91.63, Credit Card, Add-on
Q2-TX-002661,872,08-06-2025,143.71,Credit Card ,Subscription 
Q2-TX-002662,661,2025-04-04,218.47,bank transfer, Add-on
Q2-TX-002663,20,2025-06-27,USD 397.90, Debit Card, Add-on 
Q2-TX-002664,1149,22/06/2025,270.87,credit card, Add-on 
Q2-TX-002665,529,23 May 2025,USD 372.50,credit card,Upgrade
Q2-TX-002666,848,"Jun 12, 2025",USD -459.23,Bank Transfer,Refund 
Q2-TX-002667,653,20 Jun 2025,435.44,CREDIT CARD,Upgrade
Q2-TX-002668,1057,2025-05-15,$-122,CREDIT CARD,refund
Q2-TX-002669,1100,09 May 2025,101.11,Bank Transfer ,UPGRADE
Q2-TX-002670,1125,08-06-2025,-298.54 USD,PayPal,refund
Q2-TX-002671,324,2025-05-28,$383,PayPal,upgrade
Q2-TX-002672,409,21 Apr 2025,USD 74.34,Debit Card,UPGRADE
Q2-TX-002673,913,04/19/2025,$-196, Credit Card,refund
Q2-TX-002674,299,07 Apr 2025,375.92,PayPal ,Subscription 
Q2-TX-002675,1036,13 May 2025,111.23,Bank Transfer,add-on
Q2-TX-002676,95,2025-06-24,241.17, Credit Card,Subscription 
Q2-TX-002677,1493,22-06-2025,USD -276.96,bank transfer, Refund
Q2-TX-002678,1051,05/01/2025,$64,BANK TRANSFER, Subscription
Q2-TX-002679,926,11 Jun 2025,$336, Bank Transfer ,ADD-ON
Q2-TX-002680,253,"May 02, 2025",,Debit Card,UPGRADE
Q2-TX-002681,636,25 Apr 2025,230.18, PayPal , Upgrade
Q2-TX-002682,1088,2025-06-04,59.32, Bank Transfer ,add-on
Q2-TX-002683,676,2025-05-16,$152.86, Credit Card ,subscription
Q2-TX-002684,1295,"Apr 22, 2025",-394.66 USD,PAYPAL,Refund
Q2-TX-002685,177,23-04-2025,124.45 USD, PayPal ,add-on
Q2-TX-002686,1100,05/16/2025,-438.63 USD,Bank Transfer , Refund
Q2-TX-002687,1343,2025-04-14,, Credit Card,Add-on
Q2-TX-002688,1159,09-05-2025,,bank transfer,upgrade
Q2-TX-002689,653,09-06-2025,103.98 USD,debit card, Subscription
Q2-TX-002690,648,"May 12, 2025",539.85 USD,PayPal ,Add-on 
Q2-TX-002691,895,04/13/2025,$141,CREDIT CARD, Upgrade 
Q2-TX-002692,641,"Jun 07, 2025",USD 188.34,Debit Card ,Add-on 
Q2-TX-002693,666,16/06/2025,179.19 USD, Bank Transfer,Add-on
Q2-TX-002694,1306,08-06-2025,$31,debit card,SUBSCRIPTION
Q2-TX-002695,133,05/26/2025,196.39, Bank Transfer,add-on
Q2-TX-002696,1093,22 May 2025,120.07 USD,PayPal,Subscription
Q2-TX-002697,119,25/04/2025,USD -233.34, Debit Card,Refund 
Q2-TX-002698,890,2025-06-20,$267.19, PayPal,ADD-ON
Q2-TX-002699,67,05/28/2025,$126,paypal,Upgrade 
Q2-TX-002700,900001,"Jun 21, 2025",$-128.59, PayPal ,Refund
Q2-TX-002701,1189,2025-06-01,$-139,Bank Transfer,refund
Q2-TX-002702,831,2025-06-12,USD 241.06, Debit Card,ADD-ON
Q2-TX-002703,377,2025-04-27,$-173.70,Debit Card,REFUND
Q2-TX-002704,998,2025-05-24,USD 128.42,Debit Card ,Subscription
Q2-TX-002705,631,02 Jun 2025,167.32,debit card,upgrade
Q2-TX-002706,1412,"Jun 15, 2025",USD 390.40,Bank Transfer , Add-on 
Q2-TX-002707,115,04/25/2025,$231.41,Debit Card ,ADD-ON
Q2-TX-002708,1387,28-04-2025,USD 156.65, Debit Card,add-on
Q2-TX-002709,191,06/08/2025,$-448.32,debit card, Refund 
Q2-TX-002710,179,24-05-2025,$-289,DEBIT CARD,refund
Q2-TX-002711,705,04/05/2025,64.92 USD,paypal,subscription
Q2-TX-002712,723,19/05/2025,-334.02,Debit Card,REFUND
Q2-TX-002713,1306,30/04/2025,USD -566.40, Credit Card, Refund
Q2-TX-002714,720,26/04/2025,346.70 USD, Credit Card,Subscription 
Q2-TX-002715,1480,25/06/2025,145.89,Debit Card ,ADD-ON
Q2-TX-002716,652,05/20/2025,202.18,DEBIT CARD,Upgrade
Q2-TX-002717,398,03/05/2025,59.77 USD,Debit Card ,add-on
Q2-TX-002718,932,05/03/2025,$322,Bank Transfer ,add-on
Q2-TX-002719,1372,01 Apr 2025,188.08,CREDIT CARD,UPGRADE
Q2-TX-002720,745,2025-06-26,USD 137.60,credit card, Subscription 
Q2-TX-002721,527,26 May 2025,192.74 USD, Credit Card,ADD-ON
Q2-TX-002722,90,03 Jun 2025,66.19, Debit Card ,subscription
Q2-TX-002723,1253,05/05/2025,USD 72.39,Debit Card , Upgrade
Q2-TX-002724,1481,"Jun 21, 2025",-91.14 USD,credit card, Refund
Q2-TX-002725,462,18-04-2025,$33.37, Bank Transfer, Upgrade
Q2-TX-002726,1149,29-04-2025,$-149,Debit Card,REFUND
Q2-TX-002727,1268,2025-04-06,$109,PAYPAL, Subscription
Q2-TX-002728,1084,12/04/2025,$401,BANK TRANSFER,UPGRADE
Q2-TX-002729,217,09 Apr 2025,101.90, Credit Card , Upgrade
Q2-TX-002730,922,2025-05-30,$302,DEBIT CARD,UPGRADE
Q2-TX-002731,1263,18-05-2025,-123.11,Debit Card,Refund 
Q2-TX-002732,116,01 May 2025,237.33 USD, Credit Card , Upgrade
Q2-TX-002733,708,13/04/2025,460.69,Bank Transfer ,Upgrade 
Q2-TX-002734,1471,12-06-2025,USD 91.59,Debit Card , Add-on 
Q2-TX-002735,15,"Apr 26, 2025",-502.16 USD, Bank Transfer,Refund
Q2-TX-002736,1377,03/04/2025,$-334.65,Credit Card,REFUND
Q2-TX-002737,430,21-05-2025,$-268, Credit Card , Refund
Q2-TX-002738,31,06/29/2025,231.35, Credit Card,Add-on
Q2-TX-002739,180,2025-05-21,204.56 USD, PayPal,Add-on 
Q2-TX-002740,182,06/08/2025,$377.12,CREDIT CARD, Subscription
Q2-TX-002741,1150,22/05/2025,204.35 USD,credit card, Add-on
Q2-TX-002742,424,14-05-2025,177.24,Credit Card,Upgrade
Q2-TX-002743,1027,"Jun 12, 2025",-311.31,Bank Transfer , Refund 
Q2-TX-002744,1492,06/06/2025,$-122.35,PayPal,REFUND
Q2-TX-002745,398,21-06-2025,$-591,Credit Card ,Refund
Q2-TX-002746,254,"May 11, 2025",$-263.79, PayPal,Refund
Q2-TX-002747,864,06/29/2025,USD 187.79,PayPal , Add-on
Q2-TX-002748,534,30-04-2025,-185.41, Credit Card,Refund
Q2-TX-002749,666,05/23/2025,-172.01 USD,PAYPAL, Refund 
Q2-TX-002750,1140,2025-05-29,USD 287.80,CREDIT CARD, Upgrade 
Q2-TX-002751,4,2025-05-23,235.62 USD, Debit Card ,add-on
Q2-TX-002752,1464,27 May 2025,$-198,Credit Card, Refund 
Q2-TX-002753,1190,19 Jun 2025,429.85,Debit Card, Upgrade
Q2-TX-002754,877,11/05/2025,476.72,Bank Transfer,add-on
Q2-TX-002755,383,06 Jun 2025,97.07, Debit Card ,Add-on 
Q2-TX-002756,329,25 May 2025,183.44, Credit Card,Add-on 
Q2-TX-002757,341,"Apr 15, 2025",158.83, Debit Card ,UPGRADE
Q2-TX-002758,1222,28/05/2025,$-145.95, Bank Transfer, Refund
Q2-TX-002759,686,2025-04-06,$157, Debit Card ,ADD-ON
Q2-TX-002760,440,21 May 2025,USD -101.81, Debit Card , Refund 
Q2-TX-002761,708,2025-06-06,$-338, Debit Card ,refund
Q2-TX-002762,1027,04-06-2025,183.57 USD,Credit Card,subscription
Q2-TX-002763,76,05/06/2025,-223.59,BANK TRANSFER,refund
Q2-TX-002764,881,31/05/2025,-341.23, Debit Card, Refund 
Q2-TX-002765,1273,23-04-2025,99.34, Credit Card ,UPGRADE
Q2-TX-002766,1142,06-06-2025,$238, Debit Card,add-on
Q2-TX-002767,366,2025-05-09,79.71 USD,Bank Transfer,SUBSCRIPTION
Q2-TX-002768,609,05/16/2025,81.16, Bank Transfer,Add-on
Q2-TX-002769,1073,10 May 2025,209.55 USD,Debit Card ,SUBSCRIPTION
Q2-TX-002770,922,23/06/2025,202.07 USD,Credit Card, Upgrade
Q2-TX-002771,663,2025-05-03,99.86 USD,Bank Transfer,UPGRADE
Q2-TX-002772,446,30 May 2025,-399.39,Credit Card ,Refund
Q2-TX-002773,858,24 Jun 2025,$40,PayPal ,Upgrade
Q2-TX-002774,1239,15 May 2025,97.76 USD, Credit Card , Add-on
Q2-TX-002775,1395,"Apr 20, 2025",159.05 USD,CREDIT CARD,Add-on 
Q2-TX-002776,98,2025-06-25,USD 131.79,bank transfer, Subscription 
Q2-TX-002777,1121,28 Apr 2025,89.72,bank transfer,Upgrade
Q2-TX-002778,1074,"Jun 04, 2025",-665.69,Debit Card, Refund 
Q2-TX-002779,612,"Jun 28, 2025",$349.29,PAYPAL, Add-on
Q2-TX-002780,1423,21 Apr 2025,$179, Credit Card ,Subscription
Q2-TX-002781,681,2025-05-04,425.64,paypal,UPGRADE
Q2-TX-002782,1290,05/06/2025,389.32,PAYPAL, Upgrade
Q2-TX-002783,868,"Jun 16, 2025",USD 133.52,Debit Card,Upgrade
Q2-TX-002784,46,04/01/2025,$186,PayPal,Add-on 
Q2-TX-002785,1297,21 Jun 2025,$206.63,bank transfer,UPGRADE
Q2-TX-002786,1434,2025-06-24,339.87 USD, Bank Transfer,UPGRADE
Q2-TX-002787,954,04/25/2025,$-280, PayPal ,refund
Q2-TX-002788,1056,"Jun 18, 2025",-188.56 USD, Bank Transfer, Refund 
Q2-TX-002789,578,2025-05-19,USD 138.79, Credit Card,Subscription 
Q2-TX-002790,182,22/04/2025,200.16, Bank Transfer ,Add-on
Q2-TX-002791,1438,30 Apr 2025,$88.21, Bank Transfer , Add-on 
Q2-TX-002792,73,"Jun 01, 2025",111.60 USD,Credit Card , Add-on 
Q2-TX-002793,1395,2025-04-12,175.37 USD,PAYPAL, Subscription 
Q2-TX-002794,1249,04/16/2025,$193,Bank Transfer ,subscription
Q2-TX-002795,906,06/26/2025,555.17,bank transfer,Subscription
Q2-TX-002796,149,22 Jun 2025,USD 114.38, Credit Card,Add-on 
Q2-TX-002797,838,08/05/2025,$46.97,debit card, Subscription 
Q2-TX-002798,196,16 May 2025,$-146,Debit Card,Refund
Q2-TX-002799,914,"Jun 22, 2025",129.14,PayPal,Subscription
Q2-TX-002800,740,14 Jun 2025,USD 172.05,DEBIT CARD,SUBSCRIPTION
Q2-TX-002801,181,06 Apr 2025,$154, Bank Transfer, Upgrade
Q2-TX-002802,1277,"Jun 29, 2025",-190.21,Credit Card, Refund 
Q2-TX-002803,550,2025-05-14,,CREDIT CARD,Subscription
Q2-TX-002804,737,26 Apr 2025,-230.11, Bank Transfer ,refund
Q2-TX-002805,147,30 Apr 2025,$127.25, Bank Transfer ,upgrade
Q2-TX-002806,439,2025-04-22,,PAYPAL,add-on
Q2-TX-002807,134,06/10/2025,$282.18,bank transfer,Add-on
Q2-TX-002808,1395,25 Jun 2025,$-349,PayPal,Refund
Q2-TX-002809,767,29-04-2025,$153,Credit Card,subscription
Q2-TX-002810,145,06 Jun 2025,$-516,PAYPAL,refund
Q2-TX-002811,243,05/22/2025,USD -274.61,credit card,Refund
Q2-TX-002812,129,2025-05-15,-224.66,paypal,Refund 
Q2-TX-002813,790,"Apr 12, 2025",USD 183.33,Credit Card,ADD-ON
Q2-TX-002814,534,"Jun 24, 2025",USD -353.47,Bank Transfer, Refund
Q2-TX-002815,187,25-05-2025,495.97,Bank Transfer, Subscription
Q2-TX-002816,140,05/27/2025,-479.70,Bank Transfer ,refund
Q2-TX-002817,394,"Apr 30, 2025",204.11 USD,paypal, Subscription 
Q2-TX-002818,757,2025-04-12,-477.44,bank transfer,REFUND
Q2-TX-002819,97,2025-04-05,USD -124.31, PayPal, Refund
Q2-TX-002820,544,"Apr 02, 2025",$321.10, Credit Card,ADD-ON
Q2-TX-002821,1210,2025-06-28,-113.71 USD,PAYPAL,Refund
Q2-TX-002822,559,27-06-2025,$298.54,BANK TRANSFER,ADD-ON
Q2-TX-002823,329,04/18/2025,$-298, Credit Card ,Refund 
Q2-TX-002824,897,"May 13, 2025",-152.94 USD,Debit Card ,Refund 
Q2-TX-002825,199,02/06/2025,$127,Bank Transfer , Upgrade 
Q2-TX-002826,226,03/04/2025,$449,Bank Transfer ,Upgrade 
Q2-TX-002827,610,"Apr 07, 2025",95.19,DEBIT CARD,subscription
Q2-TX-002828,606,01 Apr 2025,USD 74.18, Debit Card ,UPGRADE
Q2-TX-002829,1366,11 May 2025,264.68,paypal,Subscription
Q2-TX-002830,241,01 May 2025,$200,credit card, Subscription
Q2-TX-002831,1046,26-05-2025,$262,Credit Card ,Subscription 
Q2-TX-002832,846,05/08/2025,-132.47, Debit Card,Refund 
Q2-TX-002833,414,"Jun 26, 2025",$140.67,Credit Card,SUBSCRIPTION
Q2-TX-002834,514,2025-06-06,$204, PayPal, Subscription 
Q2-TX-002835,984,"Apr 02, 2025",206.06 USD,DEBIT CARD, Upgrade 
Q2-TX-002836,1031,23/05/2025,$197, Credit Card,Subscription 
Q2-TX-002837,986,01-05-2025,491.36,PayPal ,upgrade
Q2-TX-002838,1220,16-05-2025,$517, Credit Card,Add-on
Q2-TX-002839,1424,29 Jun 2025,90.31,BANK TRANSFER,Subscription
Q2-TX-002840,31,06/23/2025,264.55,Debit Card, Upgrade
Q2-TX-002841,338,05/26/2025,$-103,paypal, Refund 
Q2-TX-002842,83,15/06/2025,,bank transfer,UPGRADE
Q2-TX-002843,672,05/15/2025,143.10,Bank Transfer,Upgrade 
Q2-TX-002844,1266,02 May 2025,-172.34 USD, Debit Card ,Refund 
Q2-TX-002845,20,"Jun 26, 2025",USD 348.23,credit card,ADD-ON
Q2-TX-002846,619,22 Jun 2025,110.93 USD,PayPal ,subscription
Q2-TX-002847,183,2025-04-10,$73,CREDIT CARD, Subscription 
Q2-TX-002848,66,02/06/2025,$109.56,Credit Card,Subscription
Q2-TX-002849,983,16-04-2025,387.05,PAYPAL,Subscription
Q2-TX-002850,662,07 Jun 2025,USD 162.02,credit card,Subscription
Q2-TX-002851,1188,2025-06-08,USD 369.28, Debit Card, Subscription
Q2-TX-002852,1044,04/07/2025,$210.13,BANK TRANSFER, Upgrade 
Q2-TX-002853,1193,2025-05-16,USD 60.85,debit card,subscription
Q2-TX-002854,1210,29 Apr 2025,130.69, Debit Card, Upgrade
Q2-TX-002855,618,"May 22, 2025",-245.45,CREDIT CARD,REFUND
Q2-TX-002856,1011,04/04/2025,36.56 USD,DEBIT CARD,Add-on 
Q2-TX-002857,134,15/05/2025,$273.74, Credit Card ,upgrade
Q2-TX-002858,1054,26 Apr 2025,73.66 USD, PayPal ,add-on
Q2-TX-002859,163,06-06-2025,136.61,credit card, Upgrade
Q2-TX-002860,1227,"Jun 18, 2025",$495.34, Credit Card , Add-on
Q2-TX-002861,334,01/05/2025,USD 502.12,PayPal , Add-on 
Q2-TX-002862,12,"May 05, 2025",$-291,credit card, Refund
Q2-TX-002863,97,2025-04-10,-228.73 USD,CREDIT CARD, Refund 
Q2-TX-002864,575,05/06/2025,USD -142.47,Credit Card ,refund
Q2-TX-002865,821,31-05-2025,58.79 USD,BANK TRANSFER,SUBSCRIPTION
Q2-TX-002866,621,"Jun 26, 2025",$53.50,Credit Card,Subscription
Q2-TX-002867,735,23 Apr 2025,$210,credit card,Subscription 
Q2-TX-002868,550,14/06/2025,$170,BANK TRANSFER, Subscription
Q2-TX-002869,900005,21 Apr 2025,150.09 USD, Debit Card,subscription
Q2-TX-002870,1400,05/07/2025,$427.18,BANK TRANSFER,Upgrade 
Q2-TX-002871,634,01-05-2025,USD 108.13,Credit Card,add-on
Q2-TX-002872,1035,"Jun 25, 2025",-830.62, Debit Card,REFUND
Q2-TX-002873,1168,2025-04-30,$775,credit card,Add-on 
Q2-TX-002874,887,2025-04-07,$343.24,PAYPAL, Subscription
Q2-TX-002875,584,"May 04, 2025",USD -169.05, PayPal ,Refund 
Q2-TX-002876,509,06/22/2025,$48.14,Bank Transfer , Subscription
Q2-TX-002877,1105,01 May 2025,$333.54, PayPal , Add-on 
Q2-TX-002878,854,23/04/2025,$693.81, Bank Transfer , Subscription 
Q2-TX-002879,654,"Jun 29, 2025",$-916.63, PayPal ,refund
Q2-TX-002880,519,04/04/2025,113.30 USD,Credit Card,Upgrade 
Q2-TX-002881,965,06/23/2025,USD 351.75, Debit Card ,Upgrade
Q2-TX-002882,1029,02 Apr 2025,86.88,Debit Card, Add-on 
Q2-TX-002883,794,22-05-2025,49.81,PayPal,Add-on 
Q2-TX-002884,1248,2025-06-08,420.08 USD, Debit Card ,subscription
Q2-TX-002885,538,04/17/2025,142.83 USD,BANK TRANSFER,subscription
Q2-TX-002886,553,04/19/2025,$171.24,Credit Card , Add-on 
Q2-TX-002887,857,05/21/2025,168.49,bank transfer,add-on
Q2-TX-002888,873,"Apr 16, 2025",$15.48, Credit Card,Subscription
Q2-TX-002889,1063,2025-05-09,170.23,Credit Card, Upgrade 
Q2-TX-002890,910,2025-06-05,$474.84,Debit Card,ADD-ON
Q2-TX-002891,461,10 May 2025,$155.04, PayPal , Upgrade
Q2-TX-002892,1440,27/06/2025,240.01 USD,DEBIT CARD,add-on
Q2-TX-002893,217,13-04-2025,USD -60.90,CREDIT CARD,refund
Q2-TX-002894,626,"May 28, 2025",,bank transfer, Subscription
Q2-TX-002895,690,04/04/2025,$-146.23, Credit Card ,Refund 
Q2-TX-002896,596,21-05-2025,USD 106.39,CREDIT CARD,add-on
Q2-TX-002897,308,23-06-2025,104.54, PayPal ,add-on
Q2-TX-002898,785,2025-04-12,-661.47,Bank Transfer,REFUND
Q2-TX-002899,611,18-06-2025,35.59,Debit Card,upgrade
Q2-TX-002900,430,13 Apr 2025,298.75 USD, Debit Card,upgrade
Q2-TX-002901,943,"Apr 05, 2025",$42.15,Credit Card ,Subscription
Q2-TX-002902,1299,17/06/2025,, Credit Card,Upgrade 
Q2-TX-002903,848,15/06/2025,-117.69,Bank Transfer ,refund
Q2-TX-002904,98,04/11/2025,297.69 USD, Credit Card,Upgrade 
Q2-TX-002905,27,26-05-2025,186.35, Credit Card , Upgrade 
Q2-TX-002906,1139,2025-04-22,$-248.55, PayPal, Refund
Q2-TX-002907,241,30 May 2025,224.94, PayPal ,upgrade
Q2-TX-002908,76,10/05/2025,,DEBIT CARD,ADD-ON
Q2-TX-002909,1151,05/28/2025,USD -48.40,Credit Card,REFUND
Q2-TX-002910,721,10/06/2025,$102.13, Debit Card,Add-on
Q2-TX-002911,435,17/04/2025,353.08,Debit Card , Upgrade
Q2-TX-002912,312,2025-06-27,138.23,CREDIT CARD,Upgrade
Q2-TX-002913,865,04/27/2025,183.47 USD,PayPal, Subscription
Q2-TX-002914,1005,2025-06-19,$93.86, Credit Card,subscription
Q2-TX-002915,5,06-04-2025,$112,debit card,Add-on 
Q2-TX-002916,1099,"May 12, 2025",$596,paypal,upgrade
Q2-TX-002917,1362,"May 08, 2025",494.07,Bank Transfer,SUBSCRIPTION
Q2-TX-002918,973,2025-04-28,300.26,Credit Card, Add-on
Q2-TX-002919,63,30-04-2025,319.28 USD,CREDIT CARD,Subscription
Q2-TX-002920,1238,09/05/2025,,PAYPAL,REFUND
Q2-TX-002921,193,30-06-2025,USD 206.39,DEBIT CARD,Subscription
Q2-TX-002922,554,23 Apr 2025,$619,DEBIT CARD,Upgrade
Q2-TX-002923,1209,06/17/2025,142.83 USD,Bank Transfer, Upgrade
Q2-TX-002924,324,2025-05-07,117.07, Debit Card,upgrade
Q2-TX-002925,664,06-05-2025,154.71 USD,DEBIT CARD,add-on
Q2-TX-002926,982,06/27/2025,$152.95,CREDIT CARD, Subscription 
Q2-TX-002927,820,24 May 2025,-360.29, PayPal , Refund 
Q2-TX-002928,1224,"Jun 28, 2025",$121.97,debit card,Add-on 
Q2-TX-002929,1184,02-05-2025,USD -202.42,BANK TRANSFER, Refund
Q2-TX-002930,148,23/06/2025,$268.51,paypal,Add-on 
Q2-TX-002931,32,"Jun 15, 2025",$-227,Debit Card,refund
Q2-TX-002932,1074,08 May 2025,83.61 USD,Debit Card,Add-on
Q2-TX-002933,1258,06/18/2025,$-267,Bank Transfer,refund
Q2-TX-002934,1485,17/04/2025,$-238.38,paypal, Refund
Q2-TX-002935,1339,10 Apr 2025,USD 297.91, Bank Transfer,Subscription 
Q2-TX-002936,1407,06/30/2025,$284,BANK TRANSFER, Add-on 
Q2-TX-002937,66,"Jun 16, 2025",293.66,Credit Card ,Add-on
Q2-TX-002938,2,03 Apr 2025,$-27.86,credit card,Refund
Q2-TX-002939,113,24-04-2025,-105.94 USD,BANK TRANSFER, Refund 
Q2-TX-002940,1425,01 May 2025,USD 384.59,PayPal,Subscription
Q2-TX-002941,1062,13-05-2025,$-120,PayPal ,REFUND
Q2-TX-002942,1221,2025-06-17,400.04, Credit Card,Subscription
Q2-TX-002943,900008,2025-05-25,152.26, Debit Card,upgrade
Q2-TX-002944,1127,28/06/2025,USD 132.24,PayPal, Add-on 
Q2-TX-002945,1419,10 May 2025,-155.95,CREDIT CARD,REFUND
Q2-TX-002946,536,2025-05-03,$1152,Bank Transfer ,ADD-ON
Q2-TX-002947,1322,29 May 2025,$-191, PayPal , Refund
Q2-TX-002948,474,2025-04-25,339.23, PayPal ,ADD-ON
Q2-TX-002949,486,04 Apr 2025,-836.85,Debit Card, Refund
Q2-TX-002950,1171,28-06-2025,276.16 USD,Bank Transfer , Add-on
Q2-TX-002951,1035,29/04/2025,-596.57, Bank Transfer ,REFUND
Q2-TX-002952,912,07/06/2025,$379.56,PAYPAL,upgrade
Q2-TX-002953,51,2025-06-02,-300.96 USD,Credit Card,Refund
Q2-TX-002954,1374,28/06/2025,-81.46 USD, Bank Transfer ,refund
Q2-TX-002955,78,13/05/2025,169.46,BANK TRANSFER, Upgrade 
Q2-TX-002956,1188,05/30/2025,USD 276.26,PAYPAL,add-on
Q2-TX-002957,1111,"Apr 21, 2025",133.82,paypal, Add-on
Q2-TX-002958,57,"May 11, 2025",289.93,Credit Card ,ADD-ON
Q2-TX-002959,698,2025-06-13,186.53, Credit Card,upgrade
Q2-TX-002960,1114,25/04/2025,$109.19,paypal,Add-on
Q2-TX-002961,1043,24/05/2025,338.45, Bank Transfer , Subscription
Q2-TX-002962,427,06/11/2025,$255.71, Credit Card,Subscription 
Q2-TX-002963,955,01-05-2025,$300, Credit Card ,SUBSCRIPTION
Q2-TX-002964,246,28/05/2025,USD 229.54,Debit Card,Subscription 
Q2-TX-002965,1011,"Jun 04, 2025",147.69,Bank Transfer,Subscription 
Q2-TX-002966,1118,04/17/2025,$199.25, Bank Transfer ,Subscription
Q2-TX-002967,189,05/27/2025,USD 136.77,credit card,Subscription 
Q2-TX-002968,1462,01-05-2025,$535.04,Credit Card,Add-on
Q2-TX-002969,307,28/05/2025,USD -259.95,debit card,Refund 
Q2-TX-002970,481,06/17/2025,USD -203.47,Credit Card ,Refund 
Q2-TX-002971,555,31-05-2025,-177.81 USD,Debit Card ,Refund
Q2-TX-002972,30,10 May 2025,103.47 USD,debit card,upgrade
Q2-TX-002973,502,"Apr 25, 2025",267.58, Debit Card ,upgrade
Q2-TX-002974,1097,27/06/2025,$88,Debit Card,SUBSCRIPTION
Q2-TX-002975,121,"Apr 21, 2025",USD 468.85, Credit Card , Subscription
Q2-TX-002976,1053,10-05-2025,$-327.17,BANK TRANSFER,REFUND
Q2-TX-002977,494,2025-04-28,118.10 USD,bank transfer,add-on
Q2-TX-002978,1197,05/05/2025,$476, Credit Card,UPGRADE
Q2-TX-002979,619,06/16/2025,-189.89,PayPal ,refund
Q2-TX-002980,1145,"May 02, 2025",313.19, Debit Card ,subscription
Q2-TX-002981,246,15/04/2025,187.54,CREDIT CARD,add-on
Q2-TX-002982,586,09/05/2025,USD -191.51, Credit Card, Refund
Q2-TX-002983,1096,23 Jun 2025,399.14,CREDIT CARD,SUBSCRIPTION
Q2-TX-002984,472,"Jun 17, 2025",206.73 USD, Bank Transfer ,Add-on 
Q2-TX-002985,111,"Jun 25, 2025",152.30,Credit Card, Subscription 
Q2-TX-002986,843,05/12/2025,132.20,PayPal,Subscription 
Q2-TX-002987,1162,25 Apr 2025,$178.67,Debit Card , Add-on 
Q2-TX-002988,1371,06 Jun 2025,$647.38,PayPal,Add-on
Q2-TX-002989,1176,"Apr 07, 2025",255.12 USD,paypal,SUBSCRIPTION
Q2-TX-002990,544,2025-05-21,$111.99, Credit Card , Upgrade
Q2-TX-002991,422,05-04-2025,250.81 USD,PAYPAL,add-on
Q2-TX-002992,1258,06/10/2025,USD 471.18,paypal, Subscription
Q2-TX-002993,1349,26/04/2025,479.76, Debit Card,add-on
Q2-TX-002994,1335,01-06-2025,276.30, Debit Card, Subscription 
Q2-TX-002995,894,"May 09, 2025",371.91,Debit Card,UPGRADE
Q2-TX-002996,47,10/06/2025,-205.92,bank transfer,refund
Q2-TX-002997,631,2025-05-06,USD 175.49, PayPal ,Subscription
Q2-TX-002998,740,30/04/2025,USD 119.91,CREDIT CARD, Add-on 
Q2-TX-002999,1343,27/05/2025,133.01, Debit Card, Upgrade
Q2-TX-003000,871,05-05-2025,-205.27 USD,debit card,REFUND
Q2-TX-000627,1021,28/04/2025,USD -122.83,Credit Card , Refund
Q2-TX-001270,28,05/08/2025,$285,debit card,ADD-ON
Q2-TX-001568,1020,06/07/2025,,PAYPAL, Subscription 
Q2-TX-000094,694,2025-05-30,-322.37,Bank Transfer ,Refund
Q2-TX-000567,153,2025-05-20,378.80 USD,Credit Card,Upgrade
Q2-TX-001458,807,11 May 2025,-261.86,BANK TRANSFER,refund
Q2-TX-001862,355,06/14/2025,90.25 USD,bank transfer, Upgrade 
Q2-TX-000160,802,"May 25, 2025",420.40 USD,Credit Card ,Add-on 
Q2-TX-000967,1400,14-06-2025,331.09,debit card,Add-on
Q2-TX-002839,1424,29 Jun 2025,90.31,BANK TRANSFER,Subscription
Q2-TX-000547,1491,01 May 2025,,PayPal , Upgrade
Q2-TX-001951,801,08/05/2025,USD -230.65,PayPal ,Refund 
Q2-TX-002931,32,"Jun 15, 2025",$-227,Debit Card,refund
Q2-TX-002141,383,2025-06-25,$47.40,credit card,subscription
Q2-TX-001336,975,14 Jun 2025,558.67 USD, Credit Card,Upgrade
Q2-TX-001807,1415,06/29/2025,99.29 USD,paypal, Subscription
Q2-TX-002288,927,2025-04-07,-421.61 USD,Credit Card ,REFUND
Q2-TX-002277,1287,26-05-2025,166.39,paypal, Upgrade 
Q2-TX-002952,912,07/06/2025,$379.56,PAYPAL,upgrade
Q2-TX-001274,140,22 May 2025,-212.03 USD,CREDIT CARD,Refund 
Q2-TX-001738,1333,06/17/2025,$298,debit card,upgrade
Q2-TX-001822,1106,04/27/2025,USD -359.72, Bank Transfer,refund
Q2-TX-001258,328,12/05/2025,233.68,paypal,UPGRADE
Q2-TX-000168,111,03/05/2025,-464.24,Credit Card ,refund
Q2-TX-002044,1227,06/02/2025,155.86 USD,DEBIT CARD, Upgrade 
